key,period_s,label,variant,window,start_s,end_s,complete_window,metrics__samples,metrics__observed_start_time,metrics__observed_end_time,metrics__position_rmse_xy,metrics__position_rmse_z,metrics__position_rmse_3d,metrics__max_xy_error_m,metrics__max_abs_z_error_m,metrics__velocity_reference_error_rms_xy,metrics__velocity_reference_error_rms_z,metrics__mean_error_xyz_m,metrics__mean_xy_offset_m,metrics__mean_z_error_m,metrics__roll_rms_deg,metrics__pitch_rms_deg,metrics__tilt_max_deg,metrics__yaw_max_abs_deg,metrics__omega_max_rad_s,metrics__radial_error_mean_m,metrics__radial_error_rms_m,metrics__tangential_error_mean_m,metrics__tangential_error_rms_m,metrics__clipping__duration_s_per_channel,metrics__clipping__longest_continuous_s_per_channel,metrics__clipping__duration_any_s,metrics__clipping__longest_continuous_any_s,metrics__esc_boundary__duration_s_per_channel,metrics__esc_boundary__longest_continuous_s_per_channel,metrics__esc_boundary__duration_any_s,metrics__esc_boundary__longest_continuous_any_s,metrics__action_boundary__duration_s_per_channel,metrics__action_boundary__longest_continuous_s_per_channel,metrics__action_boundary__duration_any_s,metrics__action_boundary__longest_continuous_any_s,metrics__integral_freeze__duration_s_per_channel,metrics__integral_freeze__longest_continuous_s_per_channel,metrics__integral_freeze__duration_any_s,metrics__integral_freeze__longest_continuous_any_s,metrics__physics_allocation_residual_xml_rms,metrics__physics_actuator_response_residual_xml_rms,partial_metrics
T10-PID-healthy,10.0,PID,healthy,hover,0.0,5.0,True,500,0.0,5.0,2.6001185138114213e-15,3.447312266962504e-05,3.447312266962504e-05,5.2640453142521694e-15,6.444915482717306e-05,3.7739762742809254e-15,4.1278406874625734e-05,"[0.0, -2.335101345432973e-15, -3.163829370502103e-05]",2.335101345432973e-15,-3.163829370502103e-05,9.884590095991682e-14,6.675736217504866e-14,0.0,1.1230285339963205e-14,7.898465832803913e-14,0.0,0.0,-2.335101345432973e-15,2.6001185138114213e-15,"[0.0, 0.0, 0.0, 0.0]","[0.0, 0.0, 0.0, 0.0]",0.0,0.0,"[0.0, 0.0, 0.0, 0.0]","[0.0, 0.0, 0.0, 0.0]",0.0,0.0,"[0.0, 0.0, 0.0, 0.0]","[0.0, 0.0, 0.0, 0.0]",0.0,0.0,[0.0],[0.0],0.0,0.0,"[6.574117219190228e-17, 1.1473427100606202e-18, 2.081863839928542e-19, 3.898448201162666e-17]","[8.767292991587444e-18, 1.748720986109652e-17, 7.584829195487814e-19, 2.009213304933977e-06]",
T10-PID-healthy,10.0,PID,healthy,entry_warmup,5.0,16.0,True,1100,5.0,16.0,0.144883950331412,1.5926608120947793e-05,0.14488395120679137,0.16239126278269092,5.7860696261125e-05,0.09931220561812709,4.6932114311231654e-05,"[0.0008548306899080063, 0.00015321086249251142, -6.258639114590439e-06]",0.0008684521154296863,-6.258639114590439e-06,1.786790706180658,1.5281493273956797,3.187842253599395,0.07219447418858789,0.11235300247039055,-0.001995354909294128,0.0026408185990211158,-0.13961275070903498,0.14485988106015454,"[0.0, 0.0, 0.0, 0.0]","[0.0, 0.0, 0.0, 0.0]",0.0,0.0,"[0.0, 0.0, 0.0, 0.0]","[0.0, 0.0, 0.0, 0.0]",0.0,0.0,"[0.0, 0.0, 0.0, 0.0]","[0.0, 0.0, 0.0, 0.0]",0.0,0.0,[0.0],[0.0],0.0,0.0,"[2.5999150954795915e-09, 2.6560221245657434e-09, 2.046957605652033e-19, 3.956508383408133e-17]","[1.7902693589425588e-05, 1.83629365120415e-05, 4.5529131567357045e-07, 2.0124539793535678e-05]",
T10-PID-healthy,10.0,PID,healthy,prefault_lap,16.0,26.0,True,1000,16.0,26.0,0.15295322119257038,4.3860948750633276e-07,0.15295322119319926,0.1530843721764285,9.895196350084845e-07,0.09647020162089505,1.0357758261987901e-07,"[0.00011229164329542063, 4.659151793144545e-05, -3.612884944612649e-07]",0.00012157377470960663,-3.612884944612649e-07,1.646022366567539,1.6450032423708276,2.3270690379867855,0.047194879628076045,0.02546965104660722,-0.0018275210912386505,0.0018312276180702492,-0.1529422385021519,0.15294225864225422,"[0.0, 0.0, 0.0, 0.0]","[0.0, 0.0, 0.0, 0.0]",0.0,0.0,"[0.0, 0.0, 0.0, 0.0]","[0.0, 0.0, 0.0, 0.0]",0.0,0.0,"[0.0, 0.0, 0.0, 0.0]","[0.0, 0.0, 0.0, 0.0]",0.0,0.0,[0.0],[0.0],0.0,0.0,"[2.781309162173332e-09, 2.782415893895181e-09, 2.010749140854904e-19, 3.952612263917331e-17]","[1.9268856695089742e-05, 1.927649716767895e-05, 5.047943626883299e-07, 7.3193778004711076e-06]",
T10-PID-healthy,10.0,PID,healthy,post_first_2s,26.0,28.0,True,200,26.0,28.0,0.15292470801821587,6.81530581767528e-08,0.15292470801823108,0.15293383541848704,8.996591538412702e-08,0.09647309425028056,1.5145874405616065e-08,"[0.08305988832602881, -0.1164799125400004, -6.642816085533632e-08]",0.14306122840958174,-6.642816085533632e-08,1.2379277948933136,1.9705374398868072,2.3270349903473977,0.0471913155182984,0.0254696310721945,-0.0018387352594408945,0.0018387406927381283,-0.15291365311394148,0.152913653265892,"[0.0, 0.0, 0.0, 0.0]","[0.0, 0.0, 0.0, 0.0]",0.0,0.0,"[0.0, 0.0, 0.0, 0.0]","[0.0, 0.0, 0.0, 0.0]",0.0,0.0,"[0.0, 0.0, 0.0, 0.0]","[0.0, 0.0, 0.0, 0.0]",0.0,0.0,[0.0],[0.0],0.0,0.0,"[3.0951011703001498e-09, 2.428560066833966e-09, 1.9854287323624282e-19, 3.873867076535441e-17]","[2.1445382662918468e-05, 1.6821649158666875e-05, 5.882440105621331e-07, 7.319636444233466e-06]",
T10-PID-healthy,10.0,PID,healthy,post_lap_1,26.0,36.0,True,1000,26.0,36.0,0.15292394723920294,3.734299134696608e-08,0.15292394723920752,0.15293484957524753,8.996591538412702e-08,0.09647738678698511,1.1657053321202396e-08,"[9.316564055328436e-06, 3.865552191607419e-06, -2.997354998157675e-08]",1.0086667415111829e-05,-2.997354998157675e-08,1.6460293381236495,1.6450130105127287,2.327042688205931,0.047194245766589586,0.0254696310721945,-0.0018560293797152104,0.001856054552470315,-0.1529126831176601,0.15291268325654606,"[0.0, 0.0, 0.0, 0.0]","[0.0, 0.0, 0.0, 0.0]",0.0,0.0,"[0.0, 0.0, 0.0, 0.0]","[0.0, 0.0, 0.0, 0.0]",0.0,0.0,"[0.0, 0.0, 0.0, 0.0]","[0.0, 0.0, 0.0, 0.0]",0.0,0.0,[0.0],[0.0],0.0,0.0,"[2.7813091243673044e-09, 2.782415869325859e-09, 2.0513641490952685e-19, 3.9071333623503546e-17]","[1.926885644274741e-05, 1.927649699784699e-05, 5.047969334061779e-07, 7.319598405516855e-06]",
T10-PID-healthy,10.0,PID,healthy,post_lap_2,36.0,46.0,True,1000,36.0,46.0,0.1529215235435449,6.302151985798307e-09,0.15292152354354505,0.1529224452517047,1.6256109680590214e-08,0.09647798340590193,1.2703636911694292e-08,"[7.729709055903645e-07, 3.2071490447985186e-07, -2.4835465279871017e-09]",8.368644279957827e-07,-2.4835465279871017e-09,1.6460299155827274,1.645013817108621,2.327040866710205,0.047194193186740126,0.025469616911507377,-0.0018583946610472007,0.0018583948366389794,-0.1529102309566235,0.15291023095761158,"[0.0, 0.0, 0.0, 0.0]","[0.0, 0.0, 0.0, 0.0]",0.0,0.0,"[0.0, 0.0, 0.0, 0.0]","[0.0, 0.0, 0.0, 0.0]",0.0,0.0,"[0.0, 0.0, 0.0, 0.0]","[0.0, 0.0, 0.0, 0.0]",0.0,0.0,[0.0],[0.0],0.0,0.0,"[2.7813091213260627e-09, 2.782415867245364e-09, 2.021346768496147e-19, 3.9197319709827244e-17]","[1.9268856421829808e-05, 1.927649698373576e-05, 5.047971451978534e-07, 7.31961667842824e-06]",
T10-PID-healthy,10.0,PID,healthy,post_lap_3,46.0,56.0,True,1000,46.0,56.0,0.15292132249110918,5.202729462515259e-09,0.15292132249110926,0.1529214570709756,1.0454120236147446e-08,0.09647803290928772,1.30267962308312e-08,"[6.413137044092299e-08, 2.660888907338177e-08, -2.0257851673921578e-10]",6.94324538839758e-08,-2.0257851673921578e-10,1.6460299634930748,1.6450138840301283,2.3270407198601633,0.04719418882434417,0.02546961573664297,-0.0018585909022941583,0.001858590904184904,-0.15291002750726893,0.15291002750729166,"[0.0, 0.0, 0.0, 0.0]","[0.0, 0.0, 0.0, 0.0]",0.0,0.0,"[0.0, 0.0, 0.0, 0.0]","[0.0, 0.0, 0.0, 0.0]",0.0,0.0,"[0.0, 0.0, 0.0, 0.0]","[0.0, 0.0, 0.0, 0.0]",0.0,0.0,[0.0],[0.0],0.0,0.0,"[2.781309121052667e-09, 2.7824158670809673e-09, 2.0467436626997327e-19, 3.952612263917326e-17]","[1.92688564200943e-05, 1.927649698256496e-05, 5.047971627697306e-07, 7.319618194501963e-06]",
T10-PID-healthy,10.0,PID,healthy,post_all,26.0,56.0,True,3000,26.0,56.0,0.15292226442927062,2.2070225163115193e-08,0.1529222644292722,0.15293484957524753,8.996591538412702e-08,0.09647780103450504,1.2476200048587383e-08,"[3.384555443793717e-06, 1.4042919950514783e-06, -1.0886558342101023e-08]",3.6643214323363263e-06,-1.0886558342101023e-08,1.6460297390665084,1.6450135705505406,2.327042688205931,0.047194245766589586,0.0254696310721945,-0.0018576716476855232,0.0018576804550936687,-0.15291098052718416,0.15291098057857888,"[0.0, 0.0, 0.0, 0.0]","[0.0, 0.0, 0.0, 0.0]",0.0,0.0,"[0.0, 0.0, 0.0, 0.0]","[0.0, 0.0, 0.0, 0.0]",0.0,0.0,"[0.0, 0.0, 0.0, 0.0]","[0.0, 0.0, 0.0, 0.0]",0.0,0.0,[0.0],[0.0],0.0,0.0,"[2.781309122248684e-09, 2.7824158678840575e-09, 2.0398608818172509e-19, 3.9265393390956675e-17]","[1.9268856428223843e-05, 1.927649698804921e-05, 5.047970804579329e-07, 7.319611092821215e-06]",
T10-PID-healthy,10.0,PID,healthy,last_lap,46.0,56.0,True,1000,46.0,56.0,0.15292132249110918,5.202729462515259e-09,0.15292132249110926,0.1529214570709756,1.0454120236147446e-08,0.09647803290928772,1.30267962308312e-08,"[6.413137044092299e-08, 2.660888907338177e-08, -2.0257851673921578e-10]",6.94324538839758e-08,-2.0257851673921578e-10,1.6460299634930748,1.6450138840301283,2.3270407198601633,0.04719418882434417,0.02546961573664297,-0.0018585909022941583,0.001858590904184904,-0.15291002750726893,0.15291002750729166,"[0.0, 0.0, 0.0, 0.0]","[0.0, 0.0, 0.0, 0.0]",0.0,0.0,"[0.0, 0.0, 0.0, 0.0]","[0.0, 0.0, 0.0, 0.0]",0.0,0.0,"[0.0, 0.0, 0.0, 0.0]","[0.0, 0.0, 0.0, 0.0]",0.0,0.0,[0.0],[0.0],0.0,0.0,"[2.781309121052667e-09, 2.7824158670809673e-09, 2.0467436626997327e-19, 3.952612263917326e-17]","[1.92688564200943e-05, 1.927649698256496e-05, 5.047971627697306e-07, 7.319618194501963e-06]",
T10-PID-blind_fault,10.0,PID,blind_fault,hover,0.0,5.0,True,500,0.0,5.0,2.6001185138114213e-15,3.447312266962504e-05,3.447312266962504e-05,5.2640453142521694e-15,6.444915482717306e-05,3.7739762742809254e-15,4.1278406874625734e-05,"[0.0, -2.335101345432973e-15, -3.163829370502103e-05]",2.335101345432973e-15,-3.163829370502103e-05,9.884590095991682e-14,6.675736217504866e-14,0.0,1.1230285339963205e-14,7.898465832803913e-14,0.0,0.0,-2.335101345432973e-15,2.6001185138114213e-15,"[0.0, 0.0, 0.0, 0.0]","[0.0, 0.0, 0.0, 0.0]",0.0,0.0,"[0.0, 0.0, 0.0, 0.0]","[0.0, 0.0, 0.0, 0.0]",0.0,0.0,"[0.0, 0.0, 0.0, 0.0]","[0.0, 0.0, 0.0, 0.0]",0.0,0.0,[0.0],[0.0],0.0,0.0,"[6.574117219190228e-17, 1.1473427100606202e-18, 2.081863839928542e-19, 3.898448201162666e-17]","[8.767292991587444e-18, 1.748720986109652e-17, 7.584829195487814e-19, 2.009213304933977e-06]",
T10-PID-blind_fault,10.0,PID,blind_fault,entry_warmup,5.0,16.0,True,1100,5.0,16.0,0.144883950331412,1.5926608120947793e-05,0.14488395120679137,0.16239126278269092,5.7860696261125e-05,0.09931220561812709,4.6932114311231654e-05,"[0.0008548306899080063, 0.00015321086249251142, -6.258639114590439e-06]",0.0008684521154296863,-6.258639114590439e-06,1.786790706180658,1.5281493273956797,3.187842253599395,0.07219447418858789,0.11235300247039055,-0.001995354909294128,0.0026408185990211158,-0.13961275070903498,0.14485988106015454,"[0.0, 0.0, 0.0, 0.0]","[0.0, 0.0, 0.0, 0.0]",0.0,0.0,"[0.0, 0.0, 0.0, 0.0]","[0.0, 0.0, 0.0, 0.0]",0.0,0.0,"[0.0, 0.0, 0.0, 0.0]","[0.0, 0.0, 0.0, 0.0]",0.0,0.0,[0.0],[0.0],0.0,0.0,"[2.5999150954795915e-09, 2.6560221245657434e-09, 2.046957605652033e-19, 3.956508383408133e-17]","[1.7902693589425588e-05, 1.83629365120415e-05, 4.5529131567357045e-07, 2.0124539793535678e-05]",
T10-PID-blind_fault,10.0,PID,blind_fault,prefault_lap,16.0,26.0,True,1000,16.0,26.0,0.15295322119257038,4.3860948750633276e-07,0.15295322119319926,0.1530843721764285,9.895196350084845e-07,0.09647020162089505,1.0357758261987901e-07,"[0.00011229164329542063, 4.659151793144545e-05, -3.612884944612649e-07]",0.00012157377470960663,-3.612884944612649e-07,1.646022366567539,1.6450032423708276,2.3270690379867855,0.047194879628076045,0.02546965104660722,-0.0018275210912386505,0.0018312276180702492,-0.1529422385021519,0.15294225864225422,"[0.0, 0.0, 0.0, 0.0]","[0.0, 0.0, 0.0, 0.0]",0.0,0.0,"[0.0, 0.0, 0.0, 0.0]","[0.0, 0.0, 0.0, 0.0]",0.0,0.0,"[0.0, 0.0, 0.0, 0.0]","[0.0, 0.0, 0.0, 0.0]",0.0,0.0,[0.0],[0.0],0.0,0.0,"[2.781309162173332e-09, 2.782415893895181e-09, 2.010749140854904e-19, 3.952612263917331e-17]","[1.9268856695089742e-05, 1.927649716767895e-05, 5.047943626883299e-07, 7.3193778004711076e-06]",
T10-PID-blind_fault,10.0,PID,blind_fault,post_first_2s,26.0,28.0,True,200,26.0,28.0,0.19798138588163292,0.05103952302668822,0.2044545476784605,0.2621681560476448,0.08817293941411308,0.304280873285003,0.1278044570400229,"[0.17210394013356467, -0.0356242613533931, -0.043374302083265655]",0.1757522523510651,-0.043374302083265655,4.969859012281973,4.74503555479785,15.69393691002069,6.049470573668145,3.1132860600938925,0.11370197037354753,0.13631682453435331,-0.13971367173963828,0.14357699155673362,"[0.0, 0.0, 0.0, 0.0]","[0.0, 0.0, 0.0, 0.0]",0.0,0.0,"[0.0, 0.0, 0.0, 0.0]","[0.0, 0.0, 0.0, 0.0]",0.0,0.0,"[0.0, 0.0, 0.0, 0.0]","[0.0, 0.0, 0.0, 0.0]",0.0,0.0,[0.0],[0.0],0.0,0.0,"[0.0016412584585386927, 0.0016412583935108778, 0.0002757491671599433, 0.04642241871379517]","[0.0003077709391634339, 0.00031149103531503015, 4.6456028974998525e-05, 0.008142751116818343]",
T10-PID-blind_fault,10.0,PID,blind_fault,post_lap_1,26.0,36.0,True,1000,26.0,36.0,0.1833967753519727,0.03139329504211997,0.18606427970758802,0.2706403913105048,0.08817293941411308,0.17317438491432335,0.06575025818743264,"[0.044561853627833416, 0.04121613451026895, -0.024652628776379394]",0.060700317484483006,-0.02465262877637937,2.972043609203838,2.7710472974433,15.69393691002069,6.049470573668145,3.1132860600938925,0.02083746594615731,0.06903212910772699,-0.16515074531779844,0.1699086294464059,"[0.0, 0.0, 0.0, 0.0]","[0.0, 0.0, 0.0, 0.0]",0.0,0.0,"[0.0, 0.0, 0.0, 0.0]","[0.0, 0.0, 0.0, 0.0]",0.0,0.0,"[0.0, 0.0, 0.0, 0.0]","[0.0, 0.0, 0.0, 0.0]",0.0,0.0,[0.0],[0.0],0.0,0.0,"[0.001619837681974128, 0.0016198376626273179, 0.00027214941791761356, 0.04581640032283058]","[0.00013833070837069065, 0.0001400316843134258, 2.0851916005267654e-05, 0.003843848060268476]",
T10-PID-blind_fault,10.0,PID,blind_fault,post_lap_2,36.0,46.0,True,1000,36.0,46.0,0.15396615607546382,0.004272587415557441,0.15402542718615542,0.1605979963055862,0.007654463605126227,0.09604187468014981,0.0030416452002376133,"[0.0042688349296448715, 0.0034911127974177375, -0.002062262575247396]",0.005514600640195991,-0.0020622625752473945,1.6498458880335645,1.6462843919510222,2.480791701053561,3.436320059842804,0.03418103355956017,0.002455527874819858,0.005421252963539903,-0.15382499789838683,0.15387068347466126,"[0.0, 0.0, 0.0, 0.0]","[0.0, 0.0, 0.0, 0.0]",0.0,0.0,"[0.0, 0.0, 0.0, 0.0]","[0.0, 0.0, 0.0, 0.0]",0.0,0.0,"[0.0, 0.0, 0.0, 0.0]","[0.0, 0.0, 0.0, 0.0]",0.0,0.0,[0.0],[0.0],0.0,0.0,"[0.0016134275555481675, 0.0016134275561728675, 0.00027107225879087796, 0.04563506040250461]","[1.5910616328213914e-05, 1.5637313814316245e-05, 1.7590790056217584e-06, 6.21601301709236e-05]",
T10-PID-blind_fault,10.0,PID,blind_fault,post_lap_3,46.0,56.0,True,1000,46.0,56.0,0.15398194304794816,0.004431435212144911,0.1540456958271181,0.15937638346993158,0.00646620917403018,0.09713043986418758,0.0028326545847132427,"[0.0034087867254571345, 0.0002932079999261169, -0.00017220110491505126]",0.0034213736818525754,-0.00017220110491505248,1.6501783030491095,1.6490302466314144,2.3870941605610114,3.4313888422422876,0.028449221077743624,0.0005489596540998439,0.0022057594644487462,-0.15393813735794498,0.15396614371350134,"[0.0, 0.0, 0.0, 0.0]","[0.0, 0.0, 0.0, 0.0]",0.0,0.0,"[0.0, 0.0, 0.0, 0.0]","[0.0, 0.0, 0.0, 0.0]",0.0,0.0,"[0.0, 0.0, 0.0, 0.0]","[0.0, 0.0, 0.0, 0.0]",0.0,0.0,[0.0],[0.0],0.0,0.0,"[0.0016135112434245901, 0.0016135112435048855, 0.0002710863184741763, 0.04563742735255494]","[1.59088434330736e-05, 1.563815815739892e-05, 1.7594740432240633e-06, 3.0779153054761584e-05]",
T10-PID-blind_fault,10.0,PID,blind_fault,post_all,26.0,56.0,True,3000,26.0,56.0,0.16436787318996535,0.01847008026389898,0.16540236274596382,0.2706403913105048,0.08817293941411308,0.12734170779277618,0.03803670152731648,"[0.01741315842764526, 0.015000151769204266, -0.008962364152180631]",0.022983094646401192,-0.008962364152180605,2.1815990390173803,2.090315460893772,15.69393691002069,6.049470573668145,3.1132860600938925,0.007947317825025672,0.03999870917773715,-0.15763796019137677,0.15942678884399364,"[0.0, 0.0, 0.0, 0.0]","[0.0, 0.0, 0.0, 0.0]",0.0,0.0,"[0.0, 0.0, 0.0, 0.0]","[0.0, 0.0, 0.0, 0.0]",0.0,0.0,"[0.0, 0.0, 0.0, 0.0]","[0.0, 0.0, 0.0, 0.0]",0.0,0.0,[0.0],[0.0],0.0,0.0,"[0.0016155949498149746, 0.001615594943583796, 0.0002714364672274573, 0.04569637495411745]","[8.09148191817762e-05, 8.184935386741128e-05, 1.2124252677279244e-05, 0.002219608009572514]",
T10-PID-blind_fault,10.0,PID,blind_fault,last_lap,46.0,56.0,True,1000,46.0,56.0,0.15398194304794816,0.004431435212144911,0.1540456958271181,0.15937638346993158,0.00646620917403018,0.09713043986418758,0.0028326545847132427,"[0.0034087867254571345, 0.0002932079999261169, -0.00017220110491505126]",0.0034213736818525754,-0.00017220110491505248,1.6501783030491095,1.6490302466314144,2.3870941605610114,3.4313888422422876,0.028449221077743624,0.0005489596540998439,0.0022057594644487462,-0.15393813735794498,0.15396614371350134,"[0.0, 0.0, 0.0, 0.0]","[0.0, 0.0, 0.0, 0.0]",0.0,0.0,"[0.0, 0.0, 0.0, 0.0]","[0.0, 0.0, 0.0, 0.0]",0.0,0.0,"[0.0, 0.0, 0.0, 0.0]","[0.0, 0.0, 0.0, 0.0]",0.0,0.0,[0.0],[0.0],0.0,0.0,"[0.0016135112434245901, 0.0016135112435048855, 0.0002710863184741763, 0.04563742735255494]","[1.59088434330736e-05, 1.563815815739892e-05, 1.7594740432240633e-06, 3.0779153054761584e-05]",
T10-A_best-healthy,10.0,A_best,healthy,hover,0.0,5.0,True,500,0.0,5.0,0.0012976891830366098,0.0008629220781272558,0.0015584067917875886,0.0018676853820880999,0.0011296484452798516,0.0013432961027830743,0.0005438946694887596,"[-0.0009142051921129551, -0.0008261562407595956, 0.0008292558693715723]",0.0012321953040944087,0.0008292558693715723,0.03517200974003587,0.023772455626335877,0.11736386950085255,0.13532120187245888,0.025341594124533934,-0.0009142051921129551,0.0009589430110675738,-0.0008261562407595964,0.0008743143126444166,"[0.0, 0.0, 0.0, 0.0]","[0.0, 0.0, 0.0, 0.0]",0.0,0.0,"[0.0, 0.0, 0.0, 0.0]","[0.0, 0.0, 0.0, 0.0]",0.0,0.0,"[0.0, 0.0, 0.0, 0.0]","[0.0, 0.0, 0.0, 0.0]",0.0,0.0,[0.0],[0.0],0.0,0.0,"[1.742782888556358e-09, 9.47154951259264e-10, 1.9793490109479793e-19, 4.7687923820737055e-17]","[1.1238297733353034e-05, 6.095868732615068e-06, 7.425427877381325e-07, 0.00020136968283304048]",
T10-A_best-healthy,10.0,A_best,healthy,entry_warmup,5.0,16.0,True,1100,5.0,16.0,0.33595427765780617,0.12085330322524782,0.35703052751414976,0.4169992369936093,0.21099701076702115,0.21967727153560238,0.08370614156281024,"[-0.04764111079614622, 0.003017048154052904, -0.026232652253121883]",0.04773654802616706,-0.026232652253121904,1.7300346486777451,1.5034296465751456,2.588623257387443,7.521294113272268,0.10328984098381457,-0.004197402853159475,0.028640182660846298,-0.3145938892046577,0.33473126028760997,"[0.0, 0.0, 0.0, 0.0]","[0.0, 0.0, 0.0, 0.0]",0.0,0.0,"[0.0, 0.0, 0.0, 0.0]","[0.0, 0.0, 0.0, 0.0]",0.0,0.0,"[0.0, 0.0, 0.0, 0.0]","[0.0, 0.0, 0.0, 0.0]",0.0,0.0,[0.0],[0.0],0.0,0.0,"[2.537566381108273e-10, 1.1941022367071026e-10, 1.7637788569120904e-19, 4.531436295257278e-17]","[6.54029586609069e-07, 3.383743892075293e-07, 5.7899744784230987e-08, 0.00015041361368781903]",
T10-A_best-healthy,10.0,A_best,healthy,prefault_lap,16.0,26.0,True,1000,16.0,26.0,0.38062256824713714,0.14352161354886991,0.4067824885792378,0.39768170970392186,0.20411799116639617,0.24106753368620487,0.09063690904300263,"[-0.006834547550221708, -0.0023141502988781788, -0.0011810500197868637]",0.007215700369474852,-0.001181050019786923,1.7434854502334447,1.7080530058991004,2.482831045549955,7.607553563957474,0.08985584599154772,-0.014157121730385929,0.019788947279796434,-0.3799166909251645,0.3801077965848688,"[0.0, 0.0, 0.0, 0.0]","[0.0, 0.0, 0.0, 0.0]",0.0,0.0,"[0.0, 0.0, 0.0, 0.0]","[0.0, 0.0, 0.0, 0.0]",0.0,0.0,"[0.0, 0.0, 0.0, 0.0]","[0.0, 0.0, 0.0, 0.0]",0.0,0.0,[0.0],[0.0],0.0,0.0,"[4.2106253015042304e-11, 3.981626874736703e-11, 1.8585792102074907e-19, 4.5335994933939463e-17]","[1.7277714690960422e-08, 1.5197805666168072e-08, 3.7654080417600326e-08, 7.676348837125794e-05]",
T10-A_best-healthy,10.0,A_best,healthy,post_first_2s,26.0,28.0,True,200,26.0,28.0,0.37205758878640594,0.17070571189942615,0.40934983748457043,0.3884889373371669,0.20615741993618886,0.24465362660105008,0.07237853991716241,"[0.1848193261807079, -0.2918226668578635, 0.1664944073064776]",0.3454253207596781,0.1664944073064777,1.1718273071426288,2.1208420418205782,2.457162873508024,7.152314850372902,0.08796778194752206,-0.021976213623191628,0.023241832048822984,-0.3712573816175568,0.3713309394819783,"[0.0, 0.0, 0.0, 0.0]","[0.0, 0.0, 0.0, 0.0]",0.0,0.0,"[0.0, 0.0, 0.0, 0.0]","[0.0, 0.0, 0.0, 0.0]",0.0,0.0,"[0.0, 0.0, 0.0, 0.0]","[0.0, 0.0, 0.0, 0.0]",0.0,0.0,[0.0],[0.0],0.0,0.0,"[3.101277036675088e-11, 5.6178475637453936e-11, 1.9679887776066951e-19, 4.8552427868541636e-17]","[1.3889364115980434e-08, 7.472328710594865e-09, 3.924764501254635e-08, 6.737027302122122e-05]",
T10-A_best-healthy,10.0,A_best,healthy,post_lap_1,26.0,36.0,True,1000,26.0,36.0,0.3822064028520724,0.1441835727573142,0.40849802574086497,0.3984397984513255,0.20615741993618886,0.24070640099231483,0.0906357985177156,"[-0.000662559808189754, -0.00021843581841098054, -5.327886236217294e-05]",0.0006976386644913816,-5.327886236220536e-05,1.7430295389593986,1.7076729674023607,2.482383315226121,7.625988008946349,0.08995056598150966,-0.012732480345138122,0.01688583273956482,-0.38168280038153407,0.38183321363366507,"[0.0, 0.0, 0.0, 0.0]","[0.0, 0.0, 0.0, 0.0]",0.0,0.0,"[0.0, 0.0, 0.0, 0.0]","[0.0, 0.0, 0.0, 0.0]",0.0,0.0,"[0.0, 0.0, 0.0, 0.0]","[0.0, 0.0, 0.0, 0.0]",0.0,0.0,[0.0],[0.0],0.0,0.0,"[4.1425080309770844e-11, 4.003287167089979e-11, 1.801796592486328e-19, 4.4857681682135436e-17]","[9.454086503699412e-09, 9.243531230036499e-09, 3.767072642490289e-08, 7.661279920380043e-05]",
T10-A_best-healthy,10.0,A_best,healthy,post_lap_2,36.0,46.0,True,1000,36.0,46.0,0.38236942251458217,0.14422168795990462,0.40866400692028065,0.3989434318190067,0.20626307222087847,0.24067216754719534,0.0906355025574568,"[-6.380015299612051e-05, -2.083004506139885e-05, 9.651193909423484e-07]",6.71144567108182e-05,9.651193909121502e-07,1.7429934322567928,1.707619079021658,2.4821874662955694,7.627492317536843,0.08995291381222682,-0.012595991899927505,0.016702324793338122,-0.38185550888889563,0.3820044602103919,"[0.0, 0.0, 0.0, 0.0]","[0.0, 0.0, 0.0, 0.0]",0.0,0.0,"[0.0, 0.0, 0.0, 0.0]","[0.0, 0.0, 0.0, 0.0]",0.0,0.0,"[0.0, 0.0, 0.0, 0.0]","[0.0, 0.0, 0.0, 0.0]",0.0,0.0,[0.0],[0.0],0.0,0.0,"[4.1431711383234334e-11, 4.001118086225971e-11, 1.8656183782206137e-19, 4.433947775098988e-17]","[9.424980292987714e-09, 9.222654714090234e-09, 3.767126498089846e-08, 7.66149908149786e-05]",
T10-A_best-healthy,10.0,A_best,healthy,post_lap_3,46.0,56.0,True,1000,46.0,56.0,0.3823852908335863,0.14422269235658897,0.4086792087156743,0.3989919633237297,0.2062640179377737,0.24066889516207704,0.09063542558029457,"[-6.098603557839088e-06, -2.0082986382806146e-06, 6.969744651432741e-07]",6.420765435382869e-06,6.969744651357246e-07,1.7429896301876848,1.7076148398412154,2.482184507728476,7.627604487043876,0.08995332009810802,-0.012582892511055573,0.016685680473908202,-0.38187224040344697,0.3820210710327495,"[0.0, 0.0, 0.0, 0.0]","[0.0, 0.0, 0.0, 0.0]",0.0,0.0,"[0.0, 0.0, 0.0, 0.0]","[0.0, 0.0, 0.0, 0.0]",0.0,0.0,"[0.0, 0.0, 0.0, 0.0]","[0.0, 0.0, 0.0, 0.0]",0.0,0.0,[0.0],[0.0],0.0,0.0,"[4.1431491996936415e-11, 4.001206952542024e-11, 1.8177519530749004e-19, 4.4857681682135996e-17]","[9.436317154723534e-09, 9.230777977024172e-09, 3.7670983234607015e-08, 7.661495391518809e-05]",
T10-A_best-healthy,10.0,A_best,healthy,post_all,26.0,56.0,True,3000,26.0,56.0,0.38232038061515117,0.14420931884087926,0.40861375536595,0.3989919633237297,0.2062640179377737,0.24068248849821014,0.09063557555196489,"[-0.00024415285491458783, -8.042472070355069e-05, -1.720558950202622e-05]",0.00025705787726344417,-1.7205589502050126e-05,1.743004200560738,1.707635628960064,2.482383315226121,7.627604487043876,0.08995332009810802,-0.012637121585373732,0.01675819136709048,-0.38180351655795886,0.3819529243975205,"[0.0, 0.0, 0.0, 0.0]","[0.0, 0.0, 0.0, 0.0]",0.0,0.0,"[0.0, 0.0, 0.0, 0.0]","[0.0, 0.0, 0.0, 0.0]",0.0,0.0,"[0.0, 0.0, 0.0, 0.0]","[0.0, 0.0, 0.0, 0.0]",0.0,0.0,[0.0],[0.0],0.0,0.0,"[4.142942801080255e-11, 4.00187086078426e-11, 1.828590081342944e-19, 4.468561475844796e-17]","[9.438468918688853e-09, 9.23232530545267e-09, 3.7670991547444905e-08, 7.661424798483969e-05]",
T10-A_best-healthy,10.0,A_best,healthy,last_lap,46.0,56.0,True,1000,46.0,56.0,0.3823852908335863,0.14422269235658897,0.4086792087156743,0.3989919633237297,0.2062640179377737,0.24066889516207704,0.09063542558029457,"[-6.098603557839088e-06, -2.0082986382806146e-06, 6.969744651432741e-07]",6.420765435382869e-06,6.969744651357246e-07,1.7429896301876848,1.7076148398412154,2.482184507728476,7.627604487043876,0.08995332009810802,-0.012582892511055573,0.016685680473908202,-0.38187224040344697,0.3820210710327495,"[0.0, 0.0, 0.0, 0.0]","[0.0, 0.0, 0.0, 0.0]",0.0,0.0,"[0.0, 0.0, 0.0, 0.0]","[0.0, 0.0, 0.0, 0.0]",0.0,0.0,"[0.0, 0.0, 0.0, 0.0]","[0.0, 0.0, 0.0, 0.0]",0.0,0.0,[0.0],[0.0],0.0,0.0,"[4.1431491996936415e-11, 4.001206952542024e-11, 1.8177519530749004e-19, 4.4857681682135996e-17]","[9.436317154723534e-09, 9.230777977024172e-09, 3.7670983234607015e-08, 7.661495391518809e-05]",
T10-A_best-blind_fault,10.0,A_best,blind_fault,hover,0.0,5.0,True,500,0.0,5.0,0.0012976891830366098,0.0008629220781272558,0.0015584067917875886,0.0018676853820880999,0.0011296484452798516,0.0013432961027830743,0.0005438946694887596,"[-0.0009142051921129551, -0.0008261562407595956, 0.0008292558693715723]",0.0012321953040944087,0.0008292558693715723,0.03517200974003587,0.023772455626335877,0.11736386950085255,0.13532120187245888,0.025341594124533934,-0.0009142051921129551,0.0009589430110675738,-0.0008261562407595964,0.0008743143126444166,"[0.0, 0.0, 0.0, 0.0]","[0.0, 0.0, 0.0, 0.0]",0.0,0.0,"[0.0, 0.0, 0.0, 0.0]","[0.0, 0.0, 0.0, 0.0]",0.0,0.0,"[0.0, 0.0, 0.0, 0.0]","[0.0, 0.0, 0.0, 0.0]",0.0,0.0,[0.0],[0.0],0.0,0.0,"[1.742782888556358e-09, 9.47154951259264e-10, 1.9793490109479793e-19, 4.7687923820737055e-17]","[1.1238297733353034e-05, 6.095868732615068e-06, 7.425427877381325e-07, 0.00020136968283304048]",
T10-A_best-blind_fault,10.0,A_best,blind_fault,entry_warmup,5.0,16.0,True,1100,5.0,16.0,0.33595427765780617,0.12085330322524782,0.35703052751414976,0.4169992369936093,0.21099701076702115,0.21967727153560238,0.08370614156281024,"[-0.04764111079614622, 0.003017048154052904, -0.026232652253121883]",0.04773654802616706,-0.026232652253121904,1.7300346486777451,1.5034296465751456,2.588623257387443,7.521294113272268,0.10328984098381457,-0.004197402853159475,0.028640182660846298,-0.3145938892046577,0.33473126028760997,"[0.0, 0.0, 0.0, 0.0]","[0.0, 0.0, 0.0, 0.0]",0.0,0.0,"[0.0, 0.0, 0.0, 0.0]","[0.0, 0.0, 0.0, 0.0]",0.0,0.0,"[0.0, 0.0, 0.0, 0.0]","[0.0, 0.0, 0.0, 0.0]",0.0,0.0,[0.0],[0.0],0.0,0.0,"[2.537566381108273e-10, 1.1941022367071026e-10, 1.7637788569120904e-19, 4.531436295257278e-17]","[6.54029586609069e-07, 3.383743892075293e-07, 5.7899744784230987e-08, 0.00015041361368781903]",
T10-A_best-blind_fault,10.0,A_best,blind_fault,prefault_lap,16.0,26.0,True,1000,16.0,26.0,0.38062256824713714,0.14352161354886991,0.4067824885792378,0.39768170970392186,0.20411799116639617,0.24106753368620487,0.09063690904300263,"[-0.006834547550221708, -0.0023141502988781788, -0.0011810500197868637]",0.007215700369474852,-0.001181050019786923,1.7434854502334447,1.7080530058991004,2.482831045549955,7.607553563957474,0.08985584599154772,-0.014157121730385929,0.019788947279796434,-0.3799166909251645,0.3801077965848688,"[0.0, 0.0, 0.0, 0.0]","[0.0, 0.0, 0.0, 0.0]",0.0,0.0,"[0.0, 0.0, 0.0, 0.0]","[0.0, 0.0, 0.0, 0.0]",0.0,0.0,"[0.0, 0.0, 0.0, 0.0]","[0.0, 0.0, 0.0, 0.0]",0.0,0.0,[0.0],[0.0],0.0,0.0,"[4.2106253015042304e-11, 3.981626874736703e-11, 1.8585792102074907e-19, 4.5335994933939463e-17]","[1.7277714690960422e-08, 1.5197805666168072e-08, 3.7654080417600326e-08, 7.676348837125794e-05]",
T10-A_best-blind_fault,10.0,A_best,blind_fault,post_first_2s,26.0,28.0,True,200,26.0,28.0,0.38517902186538416,0.12263409627758032,0.4042301330368543,0.43466396679609925,0.15818650154481806,0.3053966815657783,0.04801751323279743,"[0.2490537529115887, -0.2432507408381403, 0.1197401726930887]",0.34813602910019353,0.1197401726930887,3.9646992143375606,2.776180743778,8.538566095140245,12.928804071886754,1.901285500724375,0.053012626268489356,0.06449433370374148,-0.3788311598084904,0.37974117475628644,"[0.0, 0.0, 0.0, 0.0]","[0.0, 0.0, 0.0, 0.0]",0.0,0.0,"[0.0, 0.0, 0.0, 0.0]","[0.0, 0.0, 0.0, 0.0]",0.0,0.0,"[0.0, 0.0, 0.0, 0.0]","[0.0, 0.0, 0.0, 0.0]",0.0,0.0,[0.0],[0.0],0.0,0.0,"[0.0016208360191716227, 0.0016208351039149658, 0.00027231792047971144, 0.045844767757527036]","[0.0005137891855003946, 0.0005789790636644949, 2.9968260351173924e-05, 0.01802674450322339]",
T10-A_best-blind_fault,10.0,A_best,blind_fault,post_lap_1,26.0,36.0,True,1000,26.0,36.0,0.4024540648649749,0.13341056298340906,0.42399015630305803,0.4808092761412654,0.21636048654137163,0.26401311035122016,0.0854395211255463,"[0.043992221946592185, 0.02858502406294962, -0.02469357966350315]",0.05246350343312611,-0.02469357966350313,3.0956496738388815,2.3255068110440034,8.538566095140245,13.692063271783955,1.901285500724375,-0.0047410980227785265,0.04729121128445268,-0.397499910272734,0.39966588003179687,"[0.0, 0.0, 0.0, 0.0]","[0.0, 0.0, 0.0, 0.0]",0.0,0.0,"[0.0, 0.0, 0.0, 0.0]","[0.0, 0.0, 0.0, 0.0]",0.0,0.0,"[0.0, 0.0, 0.0, 0.0]","[0.0, 0.0, 0.0, 0.0]",0.0,0.0,[0.0],[0.0],0.0,0.0,"[0.0016188558417588818, 0.001618855818919983, 0.00027198445788416994, 0.04578862927342943]","[0.0002302367553142706, 0.00025915754429229563, 1.3468470285258407e-05, 0.008216538271679548]",
T10-A_best-blind_fault,10.0,A_best,blind_fault,post_lap_2,36.0,46.0,True,1000,36.0,46.0,0.3845172710178871,0.14154299854481867,0.40974132345676556,0.40574569768043284,0.20312240652950186,0.2407869228257553,0.08970063801484773,"[0.004880516626701888, 0.003127186289497093, -0.0025048821284390636]",0.005796441721671337,-0.0025048821284390146,1.7613045228142865,1.7091623540727896,2.9095376190720175,14.101690416313724,0.11270401736649267,-0.010249064277982296,0.016446335531900225,-0.3839505498006663,0.3841653937545851,"[0.0, 0.0, 0.0, 0.0]","[0.0, 0.0, 0.0, 0.0]",0.0,0.0,"[0.0, 0.0, 0.0, 0.0]","[0.0, 0.0, 0.0, 0.0]",0.0,0.0,"[0.0, 0.0, 0.0, 0.0]","[0.0, 0.0, 0.0, 0.0]",0.0,0.0,[0.0],[0.0],0.0,0.0,"[0.0016136345818018672, 0.001613634590712709, 0.0002711070432640128, 0.045640916374412886]","[1.560540444607029e-06, 1.0700371025832566e-06, 1.3887537050711656e-07, 0.0001832183178065267]",
T10-A_best-blind_fault,10.0,A_best,blind_fault,post_lap_3,46.0,56.0,True,1000,46.0,56.0,0.3833268551121622,0.14256049684003574,0.4089779616427497,0.40138722153893913,0.20195787766793383,0.2411478951343142,0.08966256136351576,"[0.0004441054916314728, 0.0003160350817868407, -0.00026472646078703723]",0.0005450760136139246,-0.0002647264607869886,1.7467960729619996,1.7071770431530813,2.523573442899905,14.087567852321191,0.09121169220958567,-0.01171024434865026,0.01697804501115914,-0.3827648556262624,0.3829506806858811,"[0.0, 0.0, 0.0, 0.0]","[0.0, 0.0, 0.0, 0.0]",0.0,0.0,"[0.0, 0.0, 0.0, 0.0]","[0.0, 0.0, 0.0, 0.0]",0.0,0.0,"[0.0, 0.0, 0.0, 0.0]","[0.0, 0.0, 0.0, 0.0]",0.0,0.0,[0.0],[0.0],0.0,0.0,"[0.0016136648144975407, 0.0016136648150504422, 0.0002711121196500666, 0.0456417709848597]","[1.5557799149798423e-07, 1.0690310086542029e-07, 3.976417008107028e-08, 7.760102263346116e-05]",
T10-A_best-blind_fault,10.0,A_best,blind_fault,post_all,26.0,56.0,True,3000,26.0,56.0,0.3901975072052465,0.13923157449837126,0.41429400908833325,0.4808092761412654,0.21636048654137163,0.24888656851996654,0.08829022433750267,"[0.01643894802164182, 0.010676081811411185, -0.009154396084243064]",0.019601472773804172,-0.009154396084243047,2.2903083522923504,1.9359469119322965,8.538566095140245,14.101690416313724,1.901285500724375,-0.008900135549803694,0.03052427793074192,-0.3880717718998876,0.38900175203460874,"[0.0, 0.0, 0.0, 0.0]","[0.0, 0.0, 0.0, 0.0]",0.0,0.0,"[0.0, 0.0, 0.0, 0.0]","[0.0, 0.0, 0.0, 0.0]",0.0,0.0,"[0.0, 0.0, 0.0, 0.0]","[0.0, 0.0, 0.0, 0.0]",0.0,0.0,[0.0],[0.0],0.0,0.0,"[0.0016153869436898705, 0.001615386939211713, 0.0002714015202972966, 0.04569049163254165]","[0.0001329303363779114, 0.00014962596607461675, 7.77647219465323e-06, 0.004745211341997612]",
T10-A_best-blind_fault,10.0,A_best,blind_fault,last_lap,46.0,56.0,True,1000,46.0,56.0,0.3833268551121622,0.14256049684003574,0.4089779616427497,0.40138722153893913,0.20195787766793383,0.2411478951343142,0.08966256136351576,"[0.0004441054916314728, 0.0003160350817868407, -0.00026472646078703723]",0.0005450760136139246,-0.0002647264607869886,1.7467960729619996,1.7071770431530813,2.523573442899905,14.087567852321191,0.09121169220958567,-0.01171024434865026,0.01697804501115914,-0.3827648556262624,0.3829506806858811,"[0.0, 0.0, 0.0, 0.0]","[0.0, 0.0, 0.0, 0.0]",0.0,0.0,"[0.0, 0.0, 0.0, 0.0]","[0.0, 0.0, 0.0, 0.0]",0.0,0.0,"[0.0, 0.0, 0.0, 0.0]","[0.0, 0.0, 0.0, 0.0]",0.0,0.0,[0.0],[0.0],0.0,0.0,"[0.0016136648144975407, 0.0016136648150504422, 0.0002711121196500666, 0.0456417709848597]","[1.5557799149798423e-07, 1.0690310086542029e-07, 3.976417008107028e-08, 7.760102263346116e-05]",
T10-A_best-oracle_fault,10.0,A_best,oracle_fault,hover,0.0,5.0,True,500,0.0,5.0,0.0012976891830366098,0.0008629220781272558,0.0015584067917875886,0.0018676853820880999,0.0011296484452798516,0.0013432961027830743,0.0005438946694887596,"[-0.0009142051921129551, -0.0008261562407595956, 0.0008292558693715723]",0.0012321953040944087,0.0008292558693715723,0.03517200974003587,0.023772455626335877,0.11736386950085255,0.13532120187245888,0.025341594124533934,-0.0009142051921129551,0.0009589430110675738,-0.0008261562407595964,0.0008743143126444166,"[0.0, 0.0, 0.0, 0.0]","[0.0, 0.0, 0.0, 0.0]",0.0,0.0,"[0.0, 0.0, 0.0, 0.0]","[0.0, 0.0, 0.0, 0.0]",0.0,0.0,"[0.0, 0.0, 0.0, 0.0]","[0.0, 0.0, 0.0, 0.0]",0.0,0.0,[0.0],[0.0],0.0,0.0,"[1.742782888556358e-09, 9.47154951259264e-10, 1.9793490109479793e-19, 4.7687923820737055e-17]","[1.1238297733353034e-05, 6.095868732615068e-06, 7.425427877381325e-07, 0.00020136968283304048]",
T10-A_best-oracle_fault,10.0,A_best,oracle_fault,entry_warmup,5.0,16.0,True,1100,5.0,16.0,0.33595427765780617,0.12085330322524782,0.35703052751414976,0.4169992369936093,0.21099701076702115,0.21967727153560238,0.08370614156281024,"[-0.04764111079614622, 0.003017048154052904, -0.026232652253121883]",0.04773654802616706,-0.026232652253121904,1.7300346486777451,1.5034296465751456,2.588623257387443,7.521294113272268,0.10328984098381457,-0.004197402853159475,0.028640182660846298,-0.3145938892046577,0.33473126028760997,"[0.0, 0.0, 0.0, 0.0]","[0.0, 0.0, 0.0, 0.0]",0.0,0.0,"[0.0, 0.0, 0.0, 0.0]","[0.0, 0.0, 0.0, 0.0]",0.0,0.0,"[0.0, 0.0, 0.0, 0.0]","[0.0, 0.0, 0.0, 0.0]",0.0,0.0,[0.0],[0.0],0.0,0.0,"[2.537566381108273e-10, 1.1941022367071026e-10, 1.7637788569120904e-19, 4.531436295257278e-17]","[6.54029586609069e-07, 3.383743892075293e-07, 5.7899744784230987e-08, 0.00015041361368781903]",
T10-A_best-oracle_fault,10.0,A_best,oracle_fault,prefault_lap,16.0,26.0,True,1000,16.0,26.0,0.38062256824713714,0.14352161354886991,0.4067824885792378,0.39768170970392186,0.20411799116639617,0.24106753368620487,0.09063690904300263,"[-0.006834547550221708, -0.0023141502988781788, -0.0011810500197868637]",0.007215700369474852,-0.001181050019786923,1.7434854502334447,1.7080530058991004,2.482831045549955,7.607553563957474,0.08985584599154772,-0.014157121730385929,0.019788947279796434,-0.3799166909251645,0.3801077965848688,"[0.0, 0.0, 0.0, 0.0]","[0.0, 0.0, 0.0, 0.0]",0.0,0.0,"[0.0, 0.0, 0.0, 0.0]","[0.0, 0.0, 0.0, 0.0]",0.0,0.0,"[0.0, 0.0, 0.0, 0.0]","[0.0, 0.0, 0.0, 0.0]",0.0,0.0,[0.0],[0.0],0.0,0.0,"[4.2106253015042304e-11, 3.981626874736703e-11, 1.8585792102074907e-19, 4.5335994933939463e-17]","[1.7277714690960422e-08, 1.5197805666168072e-08, 3.7654080417600326e-08, 7.676348837125794e-05]",
T10-A_best-oracle_fault,10.0,A_best,oracle_fault,post_first_2s,26.0,28.0,True,200,26.0,28.0,0.37193755983479404,0.16951256425515102,0.4087444896952345,0.38848921834450295,0.20659571766817053,0.2446975562911107,0.07194113791563443,"[0.18640665173794244, -0.29132328741684377, 0.16496832214570495]",0.34585646965686145,0.164968322145705,1.2858315476975544,2.17859584727636,4.007990115503903,7.203533567641836,1.3802347701323971,-0.020632143979980713,0.021605431236482408,-0.37125285036667366,0.3713095120744237,"[0.0, 0.0, 0.0, 0.0]","[0.0, 0.0, 0.0, 0.0]",0.0,0.0,"[0.0, 0.0, 0.0, 0.0]","[0.0, 0.0, 0.0, 0.0]",0.0,0.0,"[0.0, 0.0, 0.0, 0.0]","[0.0, 0.0, 0.0, 0.0]",0.0,0.0,[0.0],[0.0],0.0,0.0,"[1.1505396205949268e-07, 1.2705970753463428e-07, 3.0539317349633165e-18, 9.54242986721036e-17]","[0.0007550777042868611, 0.0008302594307333561, 4.5119157727343935e-05, 0.013854733239248544]",
T10-A_best-oracle_fault,10.0,A_best,oracle_fault,post_lap_1,26.0,36.0,True,1000,26.0,36.0,0.3821433060994056,0.1439125562137802,0.4083433974396653,0.39881091415945874,0.20659571766817053,0.2408148629125784,0.09059075589691223,"[-0.000601032979241112, -0.00019387401032993167, -0.0001040515870408385]",0.0006315281260695025,-0.00010405158704083562,1.7747147905824217,1.726078489433691,4.007990115503903,7.613084995704064,1.3802347701323971,-0.012333082184878535,0.016304660362528325,-0.38165062909716246,0.38179531747658535,"[0.0, 0.0, 0.0, 0.0]","[0.0, 0.0, 0.0, 0.0]",0.0,0.0,"[0.0, 0.0, 0.0, 0.0]","[0.0, 0.0, 0.0, 0.0]",0.0,0.0,"[0.0, 0.0, 0.0, 0.0]","[0.0, 0.0, 0.0, 0.0]",0.0,0.0,[0.0],[0.0],0.0,0.0,"[5.172761092935584e-08, 5.685616667640792e-08, 3.072235161358784e-18, 9.192083470038603e-17]","[0.0003393999153851527, 0.0003715197345913772, 2.0194154918905537e-05, 0.006221073671371299]",
T10-A_best-oracle_fault,10.0,A_best,oracle_fault,post_lap_2,36.0,46.0,True,1000,36.0,46.0,0.382356226698008,0.1442428636257161,0.40865913400006787,0.3988701205481622,0.2063343903963295,0.24066686976888585,0.09064094335689102,"[-0.00012002978015577414, -4.3113153904463906e-05, 4.627569931081599e-05]",0.0001275378068018792,4.627569931086839e-05,1.7432704543353943,1.7070310081697064,2.4934319373084253,7.628401903061651,0.08976535249632199,-0.012610935570946459,0.01672203158089681,-0.38184131406220617,0.3819903896101916,"[0.0, 0.0, 0.0, 0.0]","[0.0, 0.0, 0.0, 0.0]",0.0,0.0,"[0.0, 0.0, 0.0, 0.0]","[0.0, 0.0, 0.0, 0.0]",0.0,0.0,"[0.0, 0.0, 0.0, 0.0]","[0.0, 0.0, 0.0, 0.0]",0.0,0.0,[0.0],[0.0],0.0,0.0,"[5.193471369001902e-11, 4.4409296854435095e-11, 3.0743614174607485e-18, 9.27883463770576e-17]","[8.759271567471965e-08, 8.506910591564517e-08, 3.8138887417764176e-08, 7.745250560654374e-05]",
T10-A_best-oracle_fault,10.0,A_best,oracle_fault,post_lap_3,46.0,56.0,True,1000,46.0,56.0,0.3823838495901806,0.14422498436124145,0.40867866905602773,0.3989879851563253,0.20627213175887538,0.24066932997565238,0.09063535965624228,"[-1.0920631613141607e-05, -4.032959258010671e-06, 5.577252783835807e-06]",1.1641518595386165e-05,5.577252783801612e-06,1.742978647993698,1.7076435064566289,2.482692774895189,7.627617093609673,0.08995885067792837,-0.01258410969421054,0.016687115767907892,-0.38187072952973133,0.38201956572243034,"[0.0, 0.0, 0.0, 0.0]","[0.0, 0.0, 0.0, 0.0]",0.0,0.0,"[0.0, 0.0, 0.0, 0.0]","[0.0, 0.0, 0.0, 0.0]",0.0,0.0,"[0.0, 0.0, 0.0, 0.0]","[0.0, 0.0, 0.0, 0.0]",0.0,0.0,[0.0],[0.0],0.0,0.0,"[4.14151048507448e-11, 4.010900643699397e-11, 3.074590027938194e-18, 9.225545843057814e-17]","[9.730956273212726e-09, 9.47374775428069e-09, 3.766485290932359e-08, 7.660735093809074e-05]",
T10-A_best-oracle_fault,10.0,A_best,oracle_fault,post_all,26.0,56.0,True,3000,26.0,56.0,0.38229447590338367,0.14412688120418032,0.4085604290577915,0.3989879851563253,0.20659571766817053,0.2407170308300372,0.09062235575290359,"[-0.00024399446367000255, -8.03400411641296e-05, -1.7399544982050984e-05]",0.00025688094619077186,-1.7399544982052837e-05,1.7537178633057142,1.7136071272496183,4.007990115503903,7.628401903061651,1.3802347701323971,-0.01250937581667851,0.016572347674982287,-0.3817875575630333,0.3819351039100521,"[0.0, 0.0, 0.0, 0.0]","[0.0, 0.0, 0.0, 0.0]",0.0,0.0,"[0.0, 0.0, 0.0, 0.0]","[0.0, 0.0, 0.0, 0.0]",0.0,0.0,"[0.0, 0.0, 0.0, 0.0]","[0.0, 0.0, 0.0, 0.0]",0.0,0.0,[0.0],[0.0],0.0,0.0,"[2.986497471891462e-08, 3.282594131706167e-08, 3.0737290518064587e-18, 9.232223763470619e-17]","[0.00019595263911689208, 0.00021449702446836854, 1.1659141850991668e-05, 0.003592289205203819]",
T10-A_best-oracle_fault,10.0,A_best,oracle_fault,last_lap,46.0,56.0,True,1000,46.0,56.0,0.3823838495901806,0.14422498436124145,0.40867866905602773,0.3989879851563253,0.20627213175887538,0.24066932997565238,0.09063535965624228,"[-1.0920631613141607e-05, -4.032959258010671e-06, 5.577252783835807e-06]",1.1641518595386165e-05,5.577252783801612e-06,1.742978647993698,1.7076435064566289,2.482692774895189,7.627617093609673,0.08995885067792837,-0.01258410969421054,0.016687115767907892,-0.38187072952973133,0.38201956572243034,"[0.0, 0.0, 0.0, 0.0]","[0.0, 0.0, 0.0, 0.0]",0.0,0.0,"[0.0, 0.0, 0.0, 0.0]","[0.0, 0.0, 0.0, 0.0]",0.0,0.0,"[0.0, 0.0, 0.0, 0.0]","[0.0, 0.0, 0.0, 0.0]",0.0,0.0,[0.0],[0.0],0.0,0.0,"[4.14151048507448e-11, 4.010900643699397e-11, 3.074590027938194e-18, 9.225545843057814e-17]","[9.730956273212726e-09, 9.47374775428069e-09, 3.766485290932359e-08, 7.660735093809074e-05]",
T10-A_best-estimated_fault,10.0,A_best,estimated_fault,hover,0.0,5.0,True,500,0.0,5.0,0.0012976891830366098,0.0008629220781272558,0.0015584067917875886,0.0018676853820880999,0.0011296484452798516,0.0013432961027830743,0.0005438946694887596,"[-0.0009142051921129551, -0.0008261562407595956, 0.0008292558693715723]",0.0012321953040944087,0.0008292558693715723,0.03517200974003587,0.023772455626335877,0.11736386950085255,0.13532120187245888,0.025341594124533934,-0.0009142051921129551,0.0009589430110675738,-0.0008261562407595964,0.0008743143126444166,"[0.0, 0.0, 0.0, 0.0]","[0.0, 0.0, 0.0, 0.0]",0.0,0.0,"[0.0, 0.0, 0.0, 0.0]","[0.0, 0.0, 0.0, 0.0]",0.0,0.0,"[0.0, 0.0, 0.0, 0.0]","[0.0, 0.0, 0.0, 0.0]",0.0,0.0,[0.0],[0.0],0.0,0.0,"[1.742782888556358e-09, 9.47154951259264e-10, 1.9793490109479793e-19, 4.7687923820737055e-17]","[1.1238297733353034e-05, 6.095868732615068e-06, 7.425427877381325e-07, 0.00020136968283304048]",
T10-A_best-estimated_fault,10.0,A_best,estimated_fault,entry_warmup,5.0,16.0,True,1100,5.0,16.0,0.33595427765780617,0.12085330322524782,0.35703052751414976,0.4169992369936093,0.21099701076702115,0.21967727153560238,0.08370614156281024,"[-0.04764111079614622, 0.003017048154052904, -0.026232652253121883]",0.04773654802616706,-0.026232652253121904,1.7300346486777451,1.5034296465751456,2.588623257387443,7.521294113272268,0.10328984098381457,-0.004197402853159475,0.028640182660846298,-0.3145938892046577,0.33473126028760997,"[0.0, 0.0, 0.0, 0.0]","[0.0, 0.0, 0.0, 0.0]",0.0,0.0,"[0.0, 0.0, 0.0, 0.0]","[0.0, 0.0, 0.0, 0.0]",0.0,0.0,"[0.0, 0.0, 0.0, 0.0]","[0.0, 0.0, 0.0, 0.0]",0.0,0.0,[0.0],[0.0],0.0,0.0,"[2.537566381108273e-10, 1.1941022367071026e-10, 1.7637788569120904e-19, 4.531436295257278e-17]","[6.54029586609069e-07, 3.383743892075293e-07, 5.7899744784230987e-08, 0.00015041361368781903]",
T10-A_best-estimated_fault,10.0,A_best,estimated_fault,prefault_lap,16.0,26.0,True,1000,16.0,26.0,0.38062256824713714,0.14352161354886991,0.4067824885792378,0.39768170970392186,0.20411799116639617,0.24106753368620487,0.09063690904300263,"[-0.006834547550221708, -0.0023141502988781788, -0.0011810500197868637]",0.007215700369474852,-0.001181050019786923,1.7434854502334447,1.7080530058991004,2.482831045549955,7.607553563957474,0.08985584599154772,-0.014157121730385929,0.019788947279796434,-0.3799166909251645,0.3801077965848688,"[0.0, 0.0, 0.0, 0.0]","[0.0, 0.0, 0.0, 0.0]",0.0,0.0,"[0.0, 0.0, 0.0, 0.0]","[0.0, 0.0, 0.0, 0.0]",0.0,0.0,"[0.0, 0.0, 0.0, 0.0]","[0.0, 0.0, 0.0, 0.0]",0.0,0.0,[0.0],[0.0],0.0,0.0,"[4.2106253015042304e-11, 3.981626874736703e-11, 1.8585792102074907e-19, 4.5335994933939463e-17]","[1.7277714690960422e-08, 1.5197805666168072e-08, 3.7654080417600326e-08, 7.676348837125794e-05]",
T10-A_best-estimated_fault,10.0,A_best,estimated_fault,post_first_2s,26.0,28.0,True,200,26.0,28.0,0.3703842704253704,0.16723498369221443,0.40638903473035437,0.3884892539413685,0.2078324871982733,0.2503274826963022,0.0759794004526282,"[0.19044132907160546, -0.28862804481353166, 0.16188788256594566]",0.34579480631068127,0.16188788256594555,2.6246667600134517,2.6204202530409493,7.384694239873184,7.185890855566382,1.901285500724375,-0.016461309404303574,0.018910300896548854,-0.3698456374748821,0.3699012142431219,"[0.0, 0.0, 0.0, 0.0]","[0.0, 0.0, 0.0, 0.0]",0.0,0.0,"[0.0, 0.0, 0.0, 0.0]","[0.0, 0.0, 0.0, 0.0]",0.0,0.0,"[0.0, 0.0, 0.0, 0.0]","[0.0, 0.0, 0.0, 0.0]",0.0,0.0,[0.0],[0.0],0.0,0.0,"[0.00031910381972898456, 0.0003191028356370472, 5.361821219816958e-05, 0.009026635050196907]","[0.0006916291592628947, 0.0007742252489257392, 4.610218094964603e-05, 0.02460115599160417]",
T10-A_best-estimated_fault,10.0,A_best,estimated_fault,post_lap_1,26.0,36.0,True,1000,26.0,36.0,0.3816656594847543,0.14332481776497083,0.40768943942331215,0.4001633675190782,0.2078324871982733,0.2431287278853159,0.09129283431496177,"[-0.0004463103355697281, -7.655866385108995e-05, -0.0002216844903776236]",0.00045282904571927306,-0.00022168449037760496,2.163105595838569,1.8781542247999523,7.384694239873184,7.54009424301781,1.901285500724375,-0.011177166207226944,0.015368895647141065,-0.3812072542969434,0.3813560969442074,"[0.0, 0.0, 0.0, 0.0]","[0.0, 0.0, 0.0, 0.0]",0.0,0.0,"[0.0, 0.0, 0.0, 0.0]","[0.0, 0.0, 0.0, 0.0]",0.0,0.0,"[0.0, 0.0, 0.0, 0.0]","[0.0, 0.0, 0.0, 0.0]",0.0,0.0,[0.0],[0.0],0.0,0.0,"[0.0001427075666428765, 0.00014270712647534902, 2.3978793461429308e-05, 0.004036833916065532]","[0.0003106752622109019, 0.0003464426983010487, 2.0631568731419706e-05, 0.011018561067161176]",
T10-A_best-estimated_fault,10.0,A_best,estimated_fault,post_lap_2,36.0,46.0,True,1000,36.0,46.0,0.38232750095942236,0.1442935015444016,0.40865013468469735,0.3986032112503644,0.2064882385166258,0.2406391801115497,0.09066321243445533,"[-0.0002613094504376385, -0.0001491950121301, 0.00015195801798704322]",0.00030090161271173233,0.00015195801798707008,1.744303242168269,1.7061108332467998,2.5522842799105354,7.632604653576752,0.09097001119144187,-0.012663595368858867,0.01678283384242172,-0.3818100473421628,0.38195896962644404,"[0.0, 0.0, 0.0, 0.0]","[0.0, 0.0, 0.0, 0.0]",0.0,0.0,"[0.0, 0.0, 0.0, 0.0]","[0.0, 0.0, 0.0, 0.0]",0.0,0.0,"[0.0, 0.0, 0.0, 0.0]","[0.0, 0.0, 0.0, 0.0]",0.0,0.0,[0.0],[0.0],0.0,0.0,"[1.3301029448466827e-10, 9.905459553532118e-11, 1.2539086216694878e-12, 2.1109576244643214e-10]","[2.8639785276467976e-07, 2.4060399948211127e-07, 4.5561658488320666e-08, 8.575635574631074e-05]",
T10-A_best-estimated_fault,10.0,A_best,estimated_fault,post_lap_3,46.0,56.0,True,1000,46.0,56.0,0.3823807327086268,0.14423016196047023,0.4086775799648542,0.3989756881268855,0.20629069698459035,0.24067165600752682,0.09063481517439853,"[-2.316049548870236e-05, -1.4085922233898762e-05, 1.6333580712437624e-05]",2.7107595918148957e-05,1.6333580712412755e-05,1.7429498400832575,1.707722803048829,2.4846479973967153,7.627590300055867,0.08998402324847421,-0.01258881245745173,0.016691831326029884,-0.38186743454629707,0.3820162398560691,"[0.0, 0.0, 0.0, 0.0]","[0.0, 0.0, 0.0, 0.0]",0.0,0.0,"[0.0, 0.0, 0.0, 0.0]","[0.0, 0.0, 0.0, 0.0]",0.0,0.0,"[0.0, 0.0, 0.0, 0.0]","[0.0, 0.0, 0.0, 0.0]",0.0,0.0,[0.0],[0.0],0.0,0.0,"[4.244186871147412e-11, 3.98832437779292e-11, 9.595299250788574e-13, 1.615370180215791e-10]","[1.427981387254605e-08, 1.2880743616537938e-08, 3.768794411634379e-08, 7.655967189106486e-05]",
T10-A_best-estimated_fault,10.0,A_best,estimated_fault,post_all,26.0,56.0,True,3000,26.0,56.0,0.38212476948705115,0.14395017378066366,0.40833930987233547,0.4001633675190782,0.2078324871982733,0.24148266972552168,0.09086412824998949,"[-0.00024359342716534822, -7.994653273836481e-05, -1.7797630559377664e-05]",0.0002563770774758271,-1.779763055937167e-05,1.8938051434816905,1.7658420691470824,7.384694239873184,7.632604653576752,1.901285500724375,-0.012143191344512512,0.0162940039913632,-0.3816282453951344,0.38177721892415395,"[0.0, 0.0, 0.0, 0.0]","[0.0, 0.0, 0.0, 0.0]",0.0,0.0,"[0.0, 0.0, 0.0, 0.0]","[0.0, 0.0, 0.0, 0.0]",0.0,0.0,"[0.0, 0.0, 0.0, 0.0]","[0.0, 0.0, 0.0, 0.0]",0.0,0.0,[0.0],[0.0],0.0,0.0,"[8.239225201669459e-05, 8.239199788583862e-05, 1.384416285979865e-05, 0.002330667148114246]","[0.00017936852267278898, 0.0002000188334985066, 1.191169067996018e-05, 0.0063619154224355875]",
T10-A_best-estimated_fault,10.0,A_best,estimated_fault,last_lap,46.0,56.0,True,1000,46.0,56.0,0.3823807327086268,0.14423016196047023,0.4086775799648542,0.3989756881268855,0.20629069698459035,0.24067165600752682,0.09063481517439853,"[-2.316049548870236e-05, -1.4085922233898762e-05, 1.6333580712437624e-05]",2.7107595918148957e-05,1.6333580712412755e-05,1.7429498400832575,1.707722803048829,2.4846479973967153,7.627590300055867,0.08998402324847421,-0.01258881245745173,0.016691831326029884,-0.38186743454629707,0.3820162398560691,"[0.0, 0.0, 0.0, 0.0]","[0.0, 0.0, 0.0, 0.0]",0.0,0.0,"[0.0, 0.0, 0.0, 0.0]","[0.0, 0.0, 0.0, 0.0]",0.0,0.0,"[0.0, 0.0, 0.0, 0.0]","[0.0, 0.0, 0.0, 0.0]",0.0,0.0,[0.0],[0.0],0.0,0.0,"[4.244186871147412e-11, 3.98832437779292e-11, 9.595299250788574e-13, 1.615370180215791e-10]","[1.427981387254605e-08, 1.2880743616537938e-08, 3.768794411634379e-08, 7.655967189106486e-05]",
T10-B_best-healthy,10.0,B_best,healthy,hover,0.0,5.0,True,500,0.0,5.0,0.0013211050728680136,0.0012999002940392733,0.001853391320795743,0.002393829080652363,0.002029536658774589,0.0017899632306934692,0.001424650027607721,"[0.0011048136466595894, -0.00043479968184939984, 0.00123080960309682]",0.0011872927007194139,0.00123080960309682,0.0053197312601196015,0.05723092571154538,0.18121041310142516,0.9796232071065533,0.05286666959248214,0.0011048136466595894,0.0012350828574290808,-0.0004347996818493998,0.000468923180107805,"[0.0, 0.0, 0.0, 0.0]","[0.0, 0.0, 0.0, 0.0]",0.0,0.0,"[0.0, 0.0, 0.0, 0.0]","[0.0, 0.0, 0.0, 0.0]",0.0,0.0,"[0.0, 0.0, 0.0, 0.0]","[0.0, 0.0, 0.0, 0.0]",0.0,0.0,[0.0],[0.0],0.0,0.0,"[1.4148324049954347e-10, 2.705424732623034e-09, 1.9920470620920136e-19, 4.858415111783857e-17]","[8.889742434824457e-07, 1.7386809663504857e-05, 4.1324279303987364e-06, 0.0010025783881845007]",
T10-B_best-healthy,10.0,B_best,healthy,entry_warmup,5.0,16.0,True,1100,5.0,16.0,0.4169870911771972,0.08202278756643563,0.424977613396975,0.5967555552938243,0.14518439577167985,0.2801492888771688,0.0574628853155335,"[-0.05623684862132548, 0.03344774125948297, -0.01904537171867836]",0.0654319076461874,-0.019045371718678355,1.4533716386078372,1.4782424554664293,2.454200436848746,5.115188125582111,0.05725077053043573,-0.09577602997841371,0.12382210642024252,-0.37015106669153064,0.3981787540415413,"[0.0, 0.0, 0.0, 0.0]","[0.0, 0.0, 0.0, 0.0]",0.0,0.0,"[0.0, 0.0, 0.0, 0.0]","[0.0, 0.0, 0.0, 0.0]",0.0,0.0,"[0.0, 0.0, 0.0, 0.0]","[0.0, 0.0, 0.0, 0.0]",0.0,0.0,[0.0],[0.0],0.0,0.0,"[1.4051823196474014e-10, 1.3229622544849108e-10, 1.8603101030991567e-19, 4.4503441675802784e-17]","[2.0724520392308684e-07, 6.074207495287907e-07, 5.135968151375966e-08, 0.00010856763347150429]",
T10-B_best-healthy,10.0,B_best,healthy,prefault_lap,16.0,26.0,True,1000,16.0,26.0,0.480132964705332,0.09960697966798526,0.490356211539438,0.5716602279960015,0.14070818061245172,0.3036014414128081,0.0627842517187636,"[-0.007525746951363239, -0.0015260877943447599, -0.0003902592725445262]",0.007678919919624188,-0.00039025927254451176,1.4691824419611306,1.7337977477454274,2.458753622392828,5.250519954896917,0.05685018068395375,-0.13170287053938634,0.1469909388237402,-0.45228829303541673,0.4570791263013955,"[0.0, 0.0, 0.0, 0.0]","[0.0, 0.0, 0.0, 0.0]",0.0,0.0,"[0.0, 0.0, 0.0, 0.0]","[0.0, 0.0, 0.0, 0.0]",0.0,0.0,"[0.0, 0.0, 0.0, 0.0]","[0.0, 0.0, 0.0, 0.0]",0.0,0.0,[0.0],[0.0],0.0,0.0,"[3.466304543458904e-11, 4.087292301262443e-11, 1.876338084953076e-19, 4.577566798522373e-17]","[7.876237758229603e-09, 9.616091323680938e-09, 2.279466353900748e-08, 5.3528711371691506e-05]",
T10-B_best-healthy,10.0,B_best,healthy,post_first_2s,26.0,28.0,True,200,26.0,28.0,0.5341367641160116,0.11858311421777304,0.5471416980617628,0.5629288106835716,0.1403447935306812,0.261920909809739,0.047119370258515945,"[0.21859928930013228, -0.466338249923151, 0.1161738006652976]",0.5150310792796006,0.11617380066529766,0.7060875541917797,2.260815450132433,2.453450846455295,2.959732799384197,0.05676354756959022,-0.11206945095474215,0.12494578114272112,-0.5187498575807789,0.5193174699111894,"[0.0, 0.0, 0.0, 0.0]","[0.0, 0.0, 0.0, 0.0]",0.0,0.0,"[0.0, 0.0, 0.0, 0.0]","[0.0, 0.0, 0.0, 0.0]",0.0,0.0,"[0.0, 0.0, 0.0, 0.0]","[0.0, 0.0, 0.0, 0.0]",0.0,0.0,[0.0],[0.0],0.0,0.0,"[1.3753785737194183e-11, 4.6366330853059144e-11, 2.0256388105057275e-19, 4.710277376051332e-17]","[7.743490588484744e-09, 2.2780620215298343e-09, 3.0231622451362716e-08, 3.4624934914518855e-05]",
T10-B_best-healthy,10.0,B_best,healthy,post_lap_1,26.0,36.0,True,1000,26.0,36.0,0.4819572882120032,0.0998975589789858,0.4922015338767524,0.5700662470166412,0.14059105862498944,0.3033496482339743,0.0627790720613178,"[-0.0006785384026044744, -0.0002520526661778138, 9.251421504267387e-06]",0.0007238403900974138,9.251421504274048e-06,1.4692461973135382,1.732979915351671,2.453450846455295,5.264166066552295,0.05676354756959022,-0.13056303832161736,0.14604001028736127,-0.4545384301223381,0.4592985336966964,"[0.0, 0.0, 0.0, 0.0]","[0.0, 0.0, 0.0, 0.0]",0.0,0.0,"[0.0, 0.0, 0.0, 0.0]","[0.0, 0.0, 0.0, 0.0]",0.0,0.0,"[0.0, 0.0, 0.0, 0.0]","[0.0, 0.0, 0.0, 0.0]",0.0,0.0,[0.0],[0.0],0.0,0.0,"[3.466152938356532e-11, 4.088927833424124e-11, 1.933309146064459e-19, 4.601067479260097e-17]","[7.897424081650225e-09, 9.592239136530998e-09, 2.2792535331832206e-08, 5.354468489270114e-05]",
T10-B_best-healthy,10.0,B_best,healthy,post_lap_2,36.0,46.0,True,1000,36.0,46.0,0.48209834576785865,0.09990125042993266,0.49234040544075797,0.5699694853492063,0.14060005747113413,0.30332025509612326,0.06277830579981845,"[-6.065199847003933e-05, -3.157558695016399e-05, 3.854107152539088e-06]",6.837896320987193e-05,3.854107152513109e-06,1.4692383357375938,1.7329066455456867,2.453003918430966,5.265331968770367,0.05675539806191661,-0.13042280342314397,0.14592677048800787,-0.45472744877517496,0.45948252703127473,"[0.0, 0.0, 0.0, 0.0]","[0.0, 0.0, 0.0, 0.0]",0.0,0.0,"[0.0, 0.0, 0.0, 0.0]","[0.0, 0.0, 0.0, 0.0]",0.0,0.0,"[0.0, 0.0, 0.0, 0.0]","[0.0, 0.0, 0.0, 0.0]",0.0,0.0,[0.0],[0.0],0.0,0.0,"[3.4662043566021085e-11, 4.089110861082227e-11, 1.9047264866226994e-19, 4.5910104891379366e-17]","[7.892602684065245e-09, 9.582236634188072e-09, 2.2792038165036232e-08, 5.354562135227103e-05]",
T10-B_best-healthy,10.0,B_best,healthy,post_lap_3,46.0,56.0,True,1000,46.0,56.0,0.48210862499183627,0.09989999812113211,0.492350216732075,0.5699644369474807,0.14060216912110068,0.3033170602087412,0.06277821631619337,"[-5.384608627623799e-06, -3.520046710378144e-06, 5.320353781663733e-07]",6.433097148024786e-06,5.320353781357312e-07,1.4692365222965984,1.7329001401624167,2.452966614308007,5.265432007035303,0.056754565339272,-0.13040731361550592,0.14591352014087644,-0.45474324101181307,0.45949752004947436,"[0.0, 0.0, 0.0, 0.0]","[0.0, 0.0, 0.0, 0.0]",0.0,0.0,"[0.0, 0.0, 0.0, 0.0]","[0.0, 0.0, 0.0, 0.0]",0.0,0.0,"[0.0, 0.0, 0.0, 0.0]","[0.0, 0.0, 0.0, 0.0]",0.0,0.0,[0.0],[0.0],0.0,0.0,"[3.4662048928775665e-11, 4.0891069648538374e-11, 1.9005074358776505e-19, 4.53019971826751e-17]","[7.891945242123112e-09, 9.588054379452131e-09, 2.2792041231568693e-08, 5.3545877161684565e-05]",
T10-B_best-healthy,10.0,B_best,healthy,post_all,26.0,56.0,True,3000,26.0,56.0,0.48205475793533825,0.09989960252177561,0.49229739003178385,0.5700662470166412,0.14060216912110068,0.30332898820088966,0.06277853139361794,"[-0.0002481916699007134, -9.571609994611668e-05, 4.545854678324949e-06]",0.00026600879082654333,4.545854678309998e-06,1.4692403517885775,1.7329289007307456,2.453450846455295,5.265432007035303,0.05676354756959022,-0.1304643851200891,0.14596011134289882,-0.454669706636442,0.4594262025014096,"[0.0, 0.0, 0.0, 0.0]","[0.0, 0.0, 0.0, 0.0]",0.0,0.0,"[0.0, 0.0, 0.0, 0.0]","[0.0, 0.0, 0.0, 0.0]",0.0,0.0,"[0.0, 0.0, 0.0, 0.0]","[0.0, 0.0, 0.0, 0.0]",0.0,0.0,[0.0],[0.0],0.0,0.0,"[3.466187396031068e-11, 4.0890485540113484e-11, 1.9129031825060016e-19, 4.5741997022233717e-17]","[7.89399104717446e-09, 9.587510927404569e-09, 2.2792204910676576e-08, 5.354539447133817e-05]",
T10-B_best-healthy,10.0,B_best,healthy,last_lap,46.0,56.0,True,1000,46.0,56.0,0.48210862499183627,0.09989999812113211,0.492350216732075,0.5699644369474807,0.14060216912110068,0.3033170602087412,0.06277821631619337,"[-5.384608627623799e-06, -3.520046710378144e-06, 5.320353781663733e-07]",6.433097148024786e-06,5.320353781357312e-07,1.4692365222965984,1.7329001401624167,2.452966614308007,5.265432007035303,0.056754565339272,-0.13040731361550592,0.14591352014087644,-0.45474324101181307,0.45949752004947436,"[0.0, 0.0, 0.0, 0.0]","[0.0, 0.0, 0.0, 0.0]",0.0,0.0,"[0.0, 0.0, 0.0, 0.0]","[0.0, 0.0, 0.0, 0.0]",0.0,0.0,"[0.0, 0.0, 0.0, 0.0]","[0.0, 0.0, 0.0, 0.0]",0.0,0.0,[0.0],[0.0],0.0,0.0,"[3.4662048928775665e-11, 4.0891069648538374e-11, 1.9005074358776505e-19, 4.53019971826751e-17]","[7.891945242123112e-09, 9.588054379452131e-09, 2.2792041231568693e-08, 5.3545877161684565e-05]",
T10-B_best-blind_fault,10.0,B_best,blind_fault,hover,0.0,5.0,True,500,0.0,5.0,0.0013211050728680136,0.0012999002940392733,0.001853391320795743,0.002393829080652363,0.002029536658774589,0.0017899632306934692,0.001424650027607721,"[0.0011048136466595894, -0.00043479968184939984, 0.00123080960309682]",0.0011872927007194139,0.00123080960309682,0.0053197312601196015,0.05723092571154538,0.18121041310142516,0.9796232071065533,0.05286666959248214,0.0011048136466595894,0.0012350828574290808,-0.0004347996818493998,0.000468923180107805,"[0.0, 0.0, 0.0, 0.0]","[0.0, 0.0, 0.0, 0.0]",0.0,0.0,"[0.0, 0.0, 0.0, 0.0]","[0.0, 0.0, 0.0, 0.0]",0.0,0.0,"[0.0, 0.0, 0.0, 0.0]","[0.0, 0.0, 0.0, 0.0]",0.0,0.0,[0.0],[0.0],0.0,0.0,"[1.4148324049954347e-10, 2.705424732623034e-09, 1.9920470620920136e-19, 4.858415111783857e-17]","[8.889742434824457e-07, 1.7386809663504857e-05, 4.1324279303987364e-06, 0.0010025783881845007]",
T10-B_best-blind_fault,10.0,B_best,blind_fault,entry_warmup,5.0,16.0,True,1100,5.0,16.0,0.4169870911771972,0.08202278756643563,0.424977613396975,0.5967555552938243,0.14518439577167985,0.2801492888771688,0.0574628853155335,"[-0.05623684862132548, 0.03344774125948297, -0.01904537171867836]",0.0654319076461874,-0.019045371718678355,1.4533716386078372,1.4782424554664293,2.454200436848746,5.115188125582111,0.05725077053043573,-0.09577602997841371,0.12382210642024252,-0.37015106669153064,0.3981787540415413,"[0.0, 0.0, 0.0, 0.0]","[0.0, 0.0, 0.0, 0.0]",0.0,0.0,"[0.0, 0.0, 0.0, 0.0]","[0.0, 0.0, 0.0, 0.0]",0.0,0.0,"[0.0, 0.0, 0.0, 0.0]","[0.0, 0.0, 0.0, 0.0]",0.0,0.0,[0.0],[0.0],0.0,0.0,"[1.4051823196474014e-10, 1.3229622544849108e-10, 1.8603101030991567e-19, 4.4503441675802784e-17]","[2.0724520392308684e-07, 6.074207495287907e-07, 5.135968151375966e-08, 0.00010856763347150429]",
T10-B_best-blind_fault,10.0,B_best,blind_fault,prefault_lap,16.0,26.0,True,1000,16.0,26.0,0.480132964705332,0.09960697966798526,0.490356211539438,0.5716602279960015,0.14070818061245172,0.3036014414128081,0.0627842517187636,"[-0.007525746951363239, -0.0015260877943447599, -0.0003902592725445262]",0.007678919919624188,-0.00039025927254451176,1.4691824419611306,1.7337977477454274,2.458753622392828,5.250519954896917,0.05685018068395375,-0.13170287053938634,0.1469909388237402,-0.45228829303541673,0.4570791263013955,"[0.0, 0.0, 0.0, 0.0]","[0.0, 0.0, 0.0, 0.0]",0.0,0.0,"[0.0, 0.0, 0.0, 0.0]","[0.0, 0.0, 0.0, 0.0]",0.0,0.0,"[0.0, 0.0, 0.0, 0.0]","[0.0, 0.0, 0.0, 0.0]",0.0,0.0,[0.0],[0.0],0.0,0.0,"[3.466304543458904e-11, 4.087292301262443e-11, 1.876338084953076e-19, 4.577566798522373e-17]","[7.876237758229603e-09, 9.616091323680938e-09, 2.279466353900748e-08, 5.3528711371691506e-05]",
T10-B_best-blind_fault,10.0,B_best,blind_fault,post_first_2s,26.0,28.0,True,200,26.0,28.0,0.5121056632044307,0.10674642917059715,0.5231128085095251,0.569064730854441,0.13108329888398051,0.32583620411061354,0.04391441978248585,"[0.2878646314714781, -0.3875807130380192, 0.10464790316323469]",0.48278862369702674,0.10464790316323468,4.037521373320241,2.9151535199675256,9.229725826418465,8.315416707340464,2.1789025300022273,-0.013488656045508175,0.03814234895392224,-0.5086658501157219,0.5106832398878262,"[0.0, 0.0, 0.0, 0.0]","[0.0, 0.0, 0.0, 0.0]",0.0,0.0,"[0.0, 0.0, 0.0, 0.0]","[0.0, 0.0, 0.0, 0.0]",0.0,0.0,"[0.0, 0.0, 0.0, 0.0]","[0.0, 0.0, 0.0, 0.0]",0.0,0.0,[0.0],[0.0],0.0,0.0,"[0.0016231526804002978, 0.001623153760980781, 0.0002727072172721908, 0.04591030593807916]","[0.0004614968954812639, 0.00035367373363185615, 3.6244865024164224e-05, 0.007484256134881438]",
T10-B_best-blind_fault,10.0,B_best,blind_fault,post_lap_1,26.0,36.0,True,1000,26.0,36.0,0.4933286711001382,0.09566354811692356,0.5025183500806187,0.5740918233968095,0.1424963709036845,0.314682385764461,0.0614160348167737,"[0.05071637350083188, 0.046657304205478485, -0.005851206290695116]",0.06891338459833796,-0.0058512062906951314,2.315727881282727,1.9614587290038736,9.229725826418465,10.477934179445652,2.1789025300022273,-0.11525230478811137,0.1381270634818336,-0.46838138365808707,0.4735969721855428,"[0.0, 0.0, 0.0, 0.0]","[0.0, 0.0, 0.0, 0.0]",0.0,0.0,"[0.0, 0.0, 0.0, 0.0]","[0.0, 0.0, 0.0, 0.0]",0.0,0.0,"[0.0, 0.0, 0.0, 0.0]","[0.0, 0.0, 0.0, 0.0]",0.0,0.0,[0.0],[0.0],0.0,0.0,"[0.0016173829103613639, 0.0016173832166754807, 0.0002717370193669709, 0.0457469729574025]","[0.00020648591512929546, 0.00015835080505647583, 1.6212634258653028e-05, 0.0033815414484917048]",
T10-B_best-blind_fault,10.0,B_best,blind_fault,post_lap_2,36.0,46.0,True,1000,36.0,46.0,0.47934107058412384,0.0986733599906514,0.4893917591465744,0.5681693974045586,0.14008953304277538,0.3008038378613302,0.062145547049096965,"[0.0057515241228061715, 0.005116209089961414, -0.00039150825272436253]",0.007697767545686548,-0.00039150825272432144,1.4572658524265356,1.7449922048657236,2.464043314342526,10.514930197955742,0.05613551769532088,-0.12551729229960853,0.14148813199665802,-0.4533706500126787,0.4579835919034985,"[0.0, 0.0, 0.0, 0.0]","[0.0, 0.0, 0.0, 0.0]",0.0,0.0,"[0.0, 0.0, 0.0, 0.0]","[0.0, 0.0, 0.0, 0.0]",0.0,0.0,"[0.0, 0.0, 0.0, 0.0]","[0.0, 0.0, 0.0, 0.0]",0.0,0.0,[0.0],[0.0],0.0,0.0,"[0.0016134580192128628, 0.0016134580195698647, 0.0002710773763052819, 0.045635921936916214]","[1.1128492824778758e-08, 1.0926350870395744e-08, 2.264406369907439e-08, 5.278882070724642e-05]",
T10-B_best-blind_fault,10.0,B_best,blind_fault,post_lap_3,46.0,56.0,True,1000,46.0,56.0,0.47885826405338056,0.09887979033989885,0.4889605812229443,0.5677390358717588,0.1399227299865945,0.30122309411113846,0.062156022584999096,"[0.0005105231428446377, 0.0004923305559116102, -2.088000149360414e-05]",0.0007092413239964247,-2.0880001493573274e-05,1.4578882278334517,1.7453747362522447,2.463050026812173,10.518281186839467,0.0562841758810095,-0.12766686174485423,0.14338035098118287,-0.4521395146750054,0.4568887304418111,"[0.0, 0.0, 0.0, 0.0]","[0.0, 0.0, 0.0, 0.0]",0.0,0.0,"[0.0, 0.0, 0.0, 0.0]","[0.0, 0.0, 0.0, 0.0]",0.0,0.0,"[0.0, 0.0, 0.0, 0.0]","[0.0, 0.0, 0.0, 0.0]",0.0,0.0,[0.0],[0.0],0.0,0.0,"[0.0016134610774526472, 0.001613461077466532, 0.00027107789007599283, 0.04563600843030179]","[7.573413365911897e-09, 9.809590142785202e-09, 2.265290807997714e-08, 5.293967553408403e-05]",
T10-B_best-blind_fault,10.0,B_best,blind_fault,post_all,26.0,56.0,True,3000,26.0,56.0,0.4838892010678958,0.09774995199969151,0.4936636628576874,0.5740918233968095,0.1424963709036845,0.30563775138138405,0.061906837248222164,"[0.018992806922160977, 0.01742194795045048, -0.0020878648483043543]",0.02577306705013378,-0.002087864848304342,1.7899401730834459,1.8201328807329082,9.229725826418465,10.518281186839467,2.1789025300022273,-0.12281215294419139,0.14101525001396764,-0.45796384944859037,0.4628860099134825,"[0.0, 0.0, 0.0, 0.0]","[0.0, 0.0, 0.0, 0.0]",0.0,0.0,"[0.0, 0.0, 0.0, 0.0]","[0.0, 0.0, 0.0, 0.0]",0.0,0.0,"[0.0, 0.0, 0.0, 0.0]","[0.0, 0.0, 0.0, 0.0]",0.0,0.0,[0.0],[0.0],0.0,0.0,"[0.0016147683948424273, 0.0016147684972359867, 0.0002712976066530714, 0.04567299775304244]","[0.0001192146989370893, 9.142388031881567e-05, 9.360387020358978e-06, 0.0019528109514837576]",
T10-B_best-blind_fault,10.0,B_best,blind_fault,last_lap,46.0,56.0,True,1000,46.0,56.0,0.47885826405338056,0.09887979033989885,0.4889605812229443,0.5677390358717588,0.1399227299865945,0.30122309411113846,0.062156022584999096,"[0.0005105231428446377, 0.0004923305559116102, -2.088000149360414e-05]",0.0007092413239964247,-2.0880001493573274e-05,1.4578882278334517,1.7453747362522447,2.463050026812173,10.518281186839467,0.0562841758810095,-0.12766686174485423,0.14338035098118287,-0.4521395146750054,0.4568887304418111,"[0.0, 0.0, 0.0, 0.0]","[0.0, 0.0, 0.0, 0.0]",0.0,0.0,"[0.0, 0.0, 0.0, 0.0]","[0.0, 0.0, 0.0, 0.0]",0.0,0.0,"[0.0, 0.0, 0.0, 0.0]","[0.0, 0.0, 0.0, 0.0]",0.0,0.0,[0.0],[0.0],0.0,0.0,"[0.0016134610774526472, 0.001613461077466532, 0.00027107789007599283, 0.04563600843030179]","[7.573413365911897e-09, 9.809590142785202e-09, 2.265290807997714e-08, 5.293967553408403e-05]",
T10-B_best-oracle_fault,10.0,B_best,oracle_fault,hover,0.0,5.0,True,500,0.0,5.0,0.0013211050728680136,0.0012999002940392733,0.001853391320795743,0.002393829080652363,0.002029536658774589,0.0017899632306934692,0.001424650027607721,"[0.0011048136466595894, -0.00043479968184939984, 0.00123080960309682]",0.0011872927007194139,0.00123080960309682,0.0053197312601196015,0.05723092571154538,0.18121041310142516,0.9796232071065533,0.05286666959248214,0.0011048136466595894,0.0012350828574290808,-0.0004347996818493998,0.000468923180107805,"[0.0, 0.0, 0.0, 0.0]","[0.0, 0.0, 0.0, 0.0]",0.0,0.0,"[0.0, 0.0, 0.0, 0.0]","[0.0, 0.0, 0.0, 0.0]",0.0,0.0,"[0.0, 0.0, 0.0, 0.0]","[0.0, 0.0, 0.0, 0.0]",0.0,0.0,[0.0],[0.0],0.0,0.0,"[1.4148324049954347e-10, 2.705424732623034e-09, 1.9920470620920136e-19, 4.858415111783857e-17]","[8.889742434824457e-07, 1.7386809663504857e-05, 4.1324279303987364e-06, 0.0010025783881845007]",
T10-B_best-oracle_fault,10.0,B_best,oracle_fault,entry_warmup,5.0,16.0,True,1100,5.0,16.0,0.4169870911771972,0.08202278756643563,0.424977613396975,0.5967555552938243,0.14518439577167985,0.2801492888771688,0.0574628853155335,"[-0.05623684862132548, 0.03344774125948297, -0.01904537171867836]",0.0654319076461874,-0.019045371718678355,1.4533716386078372,1.4782424554664293,2.454200436848746,5.115188125582111,0.05725077053043573,-0.09577602997841371,0.12382210642024252,-0.37015106669153064,0.3981787540415413,"[0.0, 0.0, 0.0, 0.0]","[0.0, 0.0, 0.0, 0.0]",0.0,0.0,"[0.0, 0.0, 0.0, 0.0]","[0.0, 0.0, 0.0, 0.0]",0.0,0.0,"[0.0, 0.0, 0.0, 0.0]","[0.0, 0.0, 0.0, 0.0]",0.0,0.0,[0.0],[0.0],0.0,0.0,"[1.4051823196474014e-10, 1.3229622544849108e-10, 1.8603101030991567e-19, 4.4503441675802784e-17]","[2.0724520392308684e-07, 6.074207495287907e-07, 5.135968151375966e-08, 0.00010856763347150429]",
T10-B_best-oracle_fault,10.0,B_best,oracle_fault,prefault_lap,16.0,26.0,True,1000,16.0,26.0,0.480132964705332,0.09960697966798526,0.490356211539438,0.5716602279960015,0.14070818061245172,0.3036014414128081,0.0627842517187636,"[-0.007525746951363239, -0.0015260877943447599, -0.0003902592725445262]",0.007678919919624188,-0.00039025927254451176,1.4691824419611306,1.7337977477454274,2.458753622392828,5.250519954896917,0.05685018068395375,-0.13170287053938634,0.1469909388237402,-0.45228829303541673,0.4570791263013955,"[0.0, 0.0, 0.0, 0.0]","[0.0, 0.0, 0.0, 0.0]",0.0,0.0,"[0.0, 0.0, 0.0, 0.0]","[0.0, 0.0, 0.0, 0.0]",0.0,0.0,"[0.0, 0.0, 0.0, 0.0]","[0.0, 0.0, 0.0, 0.0]",0.0,0.0,[0.0],[0.0],0.0,0.0,"[3.466304543458904e-11, 4.087292301262443e-11, 1.876338084953076e-19, 4.577566798522373e-17]","[7.876237758229603e-09, 9.616091323680938e-09, 2.279466353900748e-08, 5.3528711371691506e-05]",
T10-B_best-oracle_fault,10.0,B_best,oracle_fault,post_first_2s,26.0,28.0,True,200,26.0,28.0,0.5329284785014532,0.11801278028056404,0.5458386020678846,0.5620826548333505,0.14058378652248726,0.26083993758570373,0.046796870702149204,"[0.2205206367555575, -0.4645283457066794, 0.11547318622900679]",0.5142139002400273,0.11547318622900679,1.0135729009029217,2.3333560131235176,3.9122975733999765,3.3767865029635438,1.368125420328975,-0.10980584984680836,0.12376898719434119,-0.5177203597115154,0.5183570207943179,"[0.0, 0.0, 0.0, 0.0]","[0.0, 0.0, 0.0, 0.0]",0.0,0.0,"[0.0, 0.0, 0.0, 0.0]","[0.0, 0.0, 0.0, 0.0]",0.0,0.0,"[0.0, 0.0, 0.0, 0.0]","[0.0, 0.0, 0.0, 0.0]",0.0,0.0,[0.0],[0.0],0.0,0.0,"[9.74502533063847e-08, 1.1264426846619363e-07, 3.070826221177957e-18, 1.0318207563609335e-16]","[0.0006366995569043609, 0.0007393742310562126, 4.895323004978416e-05, 0.006505566047850649]",
T10-B_best-oracle_fault,10.0,B_best,oracle_fault,post_lap_1,26.0,36.0,True,1000,26.0,36.0,0.48160425415893926,0.09974983116293072,0.4918258700404254,0.570078729822033,0.14058378652248726,0.3032579680959224,0.06272799166479881,"[-0.0006109962208036536, -0.00019648260537682494, -1.3885857254904765e-05]",0.000641811339921641,-1.3885857254855694e-05,1.504478258242577,1.7514435122815417,3.9122975733999765,5.275539505084294,1.368125420328975,-0.13004241196178823,0.1458433063545451,-0.45422309614945083,0.45899061822172627,"[0.0, 0.0, 0.0, 0.0]","[0.0, 0.0, 0.0, 0.0]",0.0,0.0,"[0.0, 0.0, 0.0, 0.0]","[0.0, 0.0, 0.0, 0.0]",0.0,0.0,"[0.0, 0.0, 0.0, 0.0]","[0.0, 0.0, 0.0, 0.0]",0.0,0.0,[0.0],[0.0],0.0,0.0,"[4.3638520404541053e-08, 5.062744641777395e-08, 3.074507268180145e-18, 9.603589598520738e-17]","[0.00028510318466686376, 0.00033224496869156136, 2.1932754193981467e-05, 0.0029122878725665615]",
T10-B_best-oracle_fault,10.0,B_best,oracle_fault,post_lap_2,36.0,46.0,True,1000,36.0,46.0,0.4820921783685942,0.09991131337268391,0.49233640834700726,0.5699669488027654,0.14058888582588214,0.30332535015504625,0.06277826977268812,"[-0.00012239248546516192, -8.161849653346348e-05, 2.4709046753430998e-05]",0.00014711050089889186,2.470904675341501e-05,1.4692486508095732,1.7329055585320727,2.4529726537328433,5.26523648495008,0.05675246050086271,-0.13044679512248705,0.14594889857777868,-0.45471223173342606,0.45946902773539555,"[0.0, 0.0, 0.0, 0.0]","[0.0, 0.0, 0.0, 0.0]",0.0,0.0,"[0.0, 0.0, 0.0, 0.0]","[0.0, 0.0, 0.0, 0.0]",0.0,0.0,"[0.0, 0.0, 0.0, 0.0]","[0.0, 0.0, 0.0, 0.0]",0.0,0.0,[0.0],[0.0],0.0,0.0,"[3.469043796389437e-11, 4.0891688373139597e-11, 3.0986723939388194e-18, 9.99509069870084e-17]","[8.001312023270667e-09, 1.0776910316299618e-08, 2.2792309599881312e-08, 5.35181694381451e-05]",
T10-B_best-oracle_fault,10.0,B_best,oracle_fault,post_lap_3,46.0,56.0,True,1000,46.0,56.0,0.4821082856321741,0.09990101154556544,0.4923500900609455,0.5699639201445011,0.14060107881988293,0.3033175255115429,0.06277824324724415,"[-1.0691524657143404e-05, -8.51330040846765e-06, 2.5982883549380277e-06]",1.366693028222215e-05,2.59828835500997e-06,1.4692369812488515,1.7329007608789413,2.452968978153893,5.265425761428007,0.05675475960781821,-0.13040961759235944,0.14591568836552532,-0.45474201902107375,0.4594964754641855,"[0.0, 0.0, 0.0, 0.0]","[0.0, 0.0, 0.0, 0.0]",0.0,0.0,"[0.0, 0.0, 0.0, 0.0]","[0.0, 0.0, 0.0, 0.0]",0.0,0.0,"[0.0, 0.0, 0.0, 0.0]","[0.0, 0.0, 0.0, 0.0]",0.0,0.0,[0.0],[0.0],0.0,0.0,"[3.466212227633323e-11, 4.089138909259707e-11, 3.096383684086026e-18, 9.891270958520568e-17]","[7.893912189833407e-09, 9.577583027149533e-09, 2.2791810140316244e-08, 5.354576049435998e-05]",
T10-B_best-oracle_fault,10.0,B_best,oracle_fault,post_all,26.0,56.0,True,3000,26.0,56.0,0.481934962812535,0.09985407931028663,0.4921708499454478,0.570078729822033,0.14060107881988293,0.3033002827467604,0.06276150603451564,"[-0.000248026743641981, -9.553813410625296e-05, 4.473825951158749e-06]",0.0002657908964395683,4.47382595119213e-06,1.4810811067707275,1.7391052391540573,3.9122975733999765,5.275539505084294,1.368125420328975,-0.13029960822554493,0.14590263775965753,-0.4545591156346503,0.45931876586516,"[0.0, 0.0, 0.0, 0.0]","[0.0, 0.0, 0.0, 0.0]",0.0,0.0,"[0.0, 0.0, 0.0, 0.0]","[0.0, 0.0, 0.0, 0.0]",0.0,0.0,"[0.0, 0.0, 0.0, 0.0]","[0.0, 0.0, 0.0, 0.0]",0.0,0.0,[0.0],[0.0],0.0,0.0,"[2.5194727411283982e-08, 2.9229788886342475e-08, 3.089873647153706e-18, 9.831378547401295e-17]","[0.00016460440054215006, 0.00019182172229158286, 1.2662895212517514e-05, 0.0016819781999801292]",
T10-B_best-oracle_fault,10.0,B_best,oracle_fault,last_lap,46.0,56.0,True,1000,46.0,56.0,0.4821082856321741,0.09990101154556544,0.4923500900609455,0.5699639201445011,0.14060107881988293,0.3033175255115429,0.06277824324724415,"[-1.0691524657143404e-05, -8.51330040846765e-06, 2.5982883549380277e-06]",1.366693028222215e-05,2.59828835500997e-06,1.4692369812488515,1.7329007608789413,2.452968978153893,5.265425761428007,0.05675475960781821,-0.13040961759235944,0.14591568836552532,-0.45474201902107375,0.4594964754641855,"[0.0, 0.0, 0.0, 0.0]","[0.0, 0.0, 0.0, 0.0]",0.0,0.0,"[0.0, 0.0, 0.0, 0.0]","[0.0, 0.0, 0.0, 0.0]",0.0,0.0,"[0.0, 0.0, 0.0, 0.0]","[0.0, 0.0, 0.0, 0.0]",0.0,0.0,[0.0],[0.0],0.0,0.0,"[3.466212227633323e-11, 4.089138909259707e-11, 3.096383684086026e-18, 9.891270958520568e-17]","[7.893912189833407e-09, 9.577583027149533e-09, 2.2791810140316244e-08, 5.354576049435998e-05]",
T10-B_best-estimated_fault,10.0,B_best,estimated_fault,hover,0.0,5.0,True,500,0.0,5.0,0.0013211050728680136,0.0012999002940392733,0.001853391320795743,0.002393829080652363,0.002029536658774589,0.0017899632306934692,0.001424650027607721,"[0.0011048136466595894, -0.00043479968184939984, 0.00123080960309682]",0.0011872927007194139,0.00123080960309682,0.0053197312601196015,0.05723092571154538,0.18121041310142516,0.9796232071065533,0.05286666959248214,0.0011048136466595894,0.0012350828574290808,-0.0004347996818493998,0.000468923180107805,"[0.0, 0.0, 0.0, 0.0]","[0.0, 0.0, 0.0, 0.0]",0.0,0.0,"[0.0, 0.0, 0.0, 0.0]","[0.0, 0.0, 0.0, 0.0]",0.0,0.0,"[0.0, 0.0, 0.0, 0.0]","[0.0, 0.0, 0.0, 0.0]",0.0,0.0,[0.0],[0.0],0.0,0.0,"[1.4148324049954347e-10, 2.705424732623034e-09, 1.9920470620920136e-19, 4.858415111783857e-17]","[8.889742434824457e-07, 1.7386809663504857e-05, 4.1324279303987364e-06, 0.0010025783881845007]",
T10-B_best-estimated_fault,10.0,B_best,estimated_fault,entry_warmup,5.0,16.0,True,1100,5.0,16.0,0.4169870911771972,0.08202278756643563,0.424977613396975,0.5967555552938243,0.14518439577167985,0.2801492888771688,0.0574628853155335,"[-0.05623684862132548, 0.03344774125948297, -0.01904537171867836]",0.0654319076461874,-0.019045371718678355,1.4533716386078372,1.4782424554664293,2.454200436848746,5.115188125582111,0.05725077053043573,-0.09577602997841371,0.12382210642024252,-0.37015106669153064,0.3981787540415413,"[0.0, 0.0, 0.0, 0.0]","[0.0, 0.0, 0.0, 0.0]",0.0,0.0,"[0.0, 0.0, 0.0, 0.0]","[0.0, 0.0, 0.0, 0.0]",0.0,0.0,"[0.0, 0.0, 0.0, 0.0]","[0.0, 0.0, 0.0, 0.0]",0.0,0.0,[0.0],[0.0],0.0,0.0,"[1.4051823196474014e-10, 1.3229622544849108e-10, 1.8603101030991567e-19, 4.4503441675802784e-17]","[2.0724520392308684e-07, 6.074207495287907e-07, 5.135968151375966e-08, 0.00010856763347150429]",
T10-B_best-estimated_fault,10.0,B_best,estimated_fault,prefault_lap,16.0,26.0,True,1000,16.0,26.0,0.480132964705332,0.09960697966798526,0.490356211539438,0.5716602279960015,0.14070818061245172,0.3036014414128081,0.0627842517187636,"[-0.007525746951363239, -0.0015260877943447599, -0.0003902592725445262]",0.007678919919624188,-0.00039025927254451176,1.4691824419611306,1.7337977477454274,2.458753622392828,5.250519954896917,0.05685018068395375,-0.13170287053938634,0.1469909388237402,-0.45228829303541673,0.4570791263013955,"[0.0, 0.0, 0.0, 0.0]","[0.0, 0.0, 0.0, 0.0]",0.0,0.0,"[0.0, 0.0, 0.0, 0.0]","[0.0, 0.0, 0.0, 0.0]",0.0,0.0,"[0.0, 0.0, 0.0, 0.0]","[0.0, 0.0, 0.0, 0.0]",0.0,0.0,[0.0],[0.0],0.0,0.0,"[3.466304543458904e-11, 4.087292301262443e-11, 1.876338084953076e-19, 4.577566798522373e-17]","[7.876237758229603e-09, 9.616091323680938e-09, 2.279466353900748e-08, 5.3528711371691506e-05]",
T10-B_best-estimated_fault,10.0,B_best,estimated_fault,post_first_2s,26.0,28.0,True,200,26.0,28.0,0.5296685721541537,0.11674607610139123,0.5423821923818035,0.5630133829601944,0.14143486632866353,0.2663333042960764,0.047848780692848765,"[0.2249139966147868, -0.45958617757377757, 0.11399614064542579]",0.5116695813609717,0.11399614064542579,2.7089613766004095,2.803358191982475,8.325737597300801,4.513092261092575,2.5071505158400407,-0.1043396149538768,0.12137240837256645,-0.5147006590961017,0.5155749555725752,"[0.0, 0.0, 0.0, 0.0]","[0.0, 0.0, 0.0, 0.0]",0.0,0.0,"[0.0, 0.0, 0.0, 0.0]","[0.0, 0.0, 0.0, 0.0]",0.0,0.0,"[0.0, 0.0, 0.0, 0.0]","[0.0, 0.0, 0.0, 0.0]",0.0,0.0,[0.0],[0.0],0.0,0.0,"[0.00032347683357150875, 0.0003234693962432017, 5.4351917296763425e-05, 0.009150154427064534]","[0.0008320348012811736, 0.0007616547893868046, 6.282038946938292e-05, 0.010322343968808398]",
T10-B_best-estimated_fault,10.0,B_best,estimated_fault,post_lap_1,26.0,36.0,True,1000,26.0,36.0,0.48065514965301165,0.09938973103984523,0.4908234830610001,0.5699994264476027,0.14143486632866353,0.3045919619699991,0.06287710570617379,"[-0.0004572876109166861, -4.6510318165114806e-05, -6.527144682302532e-05]",0.00045964678699378586,-6.527144682299025e-05,1.892127365773213,1.8853172469453388,8.325737597300801,5.311629337983407,2.5071505158400407,-0.1288195917545692,0.14549161417864,-0.4533187329809363,0.4581064975435874,"[0.0, 0.0, 0.0, 0.0]","[0.0, 0.0, 0.0, 0.0]",0.0,0.0,"[0.0, 0.0, 0.0, 0.0]","[0.0, 0.0, 0.0, 0.0]",0.0,0.0,"[0.0, 0.0, 0.0, 0.0]","[0.0, 0.0, 0.0, 0.0]",0.0,0.0,[0.0],[0.0],0.0,0.0,"[0.00014466323783108806, 0.0001446599118023406, 2.4306916356603537e-05, 0.004092073460707653]","[0.00037254833715815355, 0.0003419735681845432, 2.8121129055363273e-05, 0.0046214329616122785]",
T10-B_best-estimated_fault,10.0,B_best,estimated_fault,post_lap_2,36.0,46.0,True,1000,36.0,46.0,0.48208464155217723,0.09993447515516121,0.49233372923762675,0.5699520313281368,0.14056450022532352,0.30333861124180395,0.06277789273774424,"[-0.0002629117574020493, -0.0002172350279093837, 7.137672055383604e-05]",0.00034104786985264215,7.137672055380051e-05,1.4692816092062444,1.732895625103283,2.453028221089739,5.2650001312743315,0.05674286836562345,-0.13050906615717964,0.14600789418428042,-0.45468066627908565,0.45944237555580697,"[0.0, 0.0, 0.0, 0.0]","[0.0, 0.0, 0.0, 0.0]",0.0,0.0,"[0.0, 0.0, 0.0, 0.0]","[0.0, 0.0, 0.0, 0.0]",0.0,0.0,"[0.0, 0.0, 0.0, 0.0]","[0.0, 0.0, 0.0, 0.0]",0.0,0.0,[0.0],[0.0],0.0,0.0,"[3.4995239373279656e-11, 4.078856787874395e-11, 5.387577453773037e-13, 9.069997524831502e-11]","[9.665634516511492e-09, 1.1038597056598602e-08, 2.2799323793831395e-08, 5.344415521737804e-05]",
T10-B_best-estimated_fault,10.0,B_best,estimated_fault,post_lap_3,46.0,56.0,True,1000,46.0,56.0,0.48210800690958977,0.09990317580906644,0.49235025628415613,0.5699620559503854,0.14059886644500863,0.3033186965302159,0.06277829575344707,"[-2.27523758300191e-05, -2.1521508881407746e-05, 6.900389645199567e-06]",3.131846021826344e-05,6.9003896452173305e-06,1.4692382312187942,1.73290213949346,2.452974145613817,5.265409987848719,0.056755015757567126,-0.13041543821393264,0.14592126424035995,-0.4547394780548553,0.4594944123368989,"[0.0, 0.0, 0.0, 0.0]","[0.0, 0.0, 0.0, 0.0]",0.0,0.0,"[0.0, 0.0, 0.0, 0.0]","[0.0, 0.0, 0.0, 0.0]",0.0,0.0,"[0.0, 0.0, 0.0, 0.0]","[0.0, 0.0, 0.0, 0.0]",0.0,0.0,[0.0],[0.0],0.0,0.0,"[3.483611672340151e-11, 4.0832016893940825e-11, 5.382554772447482e-13, 9.061542228747845e-11]","[7.896714534451376e-09, 9.594019395818464e-09, 2.2791822607741017e-08, 5.354579474225103e-05]",
T10-B_best-estimated_fault,10.0,B_best,estimated_fault,post_all,26.0,56.0,True,3000,26.0,56.0,0.481616411969383,0.09974277333462567,0.4918363438286611,0.5699994264476027,0.14143486632866353,0.30375034048355615,0.06281111540771624,"[-0.0002476505813829068, -9.508895165195957e-05, 4.335221125341423e-06]",0.0002652785690280322,4.335221125340164e-06,1.622507873173964,1.785151552314505,8.325737597300801,5.311629337983407,2.5071505158400407,-0.1299146987085605,0.14580709895605132,-0.45424629243829245,0.459014877942189,"[0.0, 0.0, 0.0, 0.0]","[0.0, 0.0, 0.0, 0.0]",0.0,0.0,"[0.0, 0.0, 0.0, 0.0]","[0.0, 0.0, 0.0, 0.0]",0.0,0.0,"[0.0, 0.0, 0.0, 0.0]","[0.0, 0.0, 0.0, 0.0]",0.0,0.0,[0.0],[0.0],0.0,0.0,"[8.352135930362154e-05, 8.351943902002888e-05, 1.403360470165477e-05, 0.002362559714083287]","[0.0002150908828651184, 0.00019743853182764193, 1.6235752098632447e-05, 0.0026685430512133975]",
T10-B_best-estimated_fault,10.0,B_best,estimated_fault,last_lap,46.0,56.0,True,1000,46.0,56.0,0.48210800690958977,0.09990317580906644,0.49235025628415613,0.5699620559503854,0.14059886644500863,0.3033186965302159,0.06277829575344707,"[-2.27523758300191e-05, -2.1521508881407746e-05, 6.900389645199567e-06]",3.131846021826344e-05,6.9003896452173305e-06,1.4692382312187942,1.73290213949346,2.452974145613817,5.265409987848719,0.056755015757567126,-0.13041543821393264,0.14592126424035995,-0.4547394780548553,0.4594944123368989,"[0.0, 0.0, 0.0, 0.0]","[0.0, 0.0, 0.0, 0.0]",0.0,0.0,"[0.0, 0.0, 0.0, 0.0]","[0.0, 0.0, 0.0, 0.0]",0.0,0.0,"[0.0, 0.0, 0.0, 0.0]","[0.0, 0.0, 0.0, 0.0]",0.0,0.0,[0.0],[0.0],0.0,0.0,"[3.483611672340151e-11, 4.0832016893940825e-11, 5.382554772447482e-13, 9.061542228747845e-11]","[7.896714534451376e-09, 9.594019395818464e-09, 2.2791822607741017e-08, 5.354579474225103e-05]",
T5-PID-healthy,5.0,PID,healthy,hover,0.0,5.0,True,500,0.0,5.0,2.6001185138114213e-15,3.447312266962504e-05,3.447312266962504e-05,5.2640453142521694e-15,6.444915482717306e-05,3.7739762742809254e-15,4.1278406874625734e-05,"[0.0, -2.335101345432973e-15, -3.163829370502103e-05]",2.335101345432973e-15,-3.163829370502103e-05,9.884590095991682e-14,6.675736217504866e-14,0.0,1.1230285339963205e-14,7.898465832803913e-14,0.0,0.0,-2.335101345432973e-15,2.6001185138114213e-15,"[0.0, 0.0, 0.0, 0.0]","[0.0, 0.0, 0.0, 0.0]",0.0,0.0,"[0.0, 0.0, 0.0, 0.0]","[0.0, 0.0, 0.0, 0.0]",0.0,0.0,"[0.0, 0.0, 0.0, 0.0]","[0.0, 0.0, 0.0, 0.0]",0.0,0.0,[0.0],[0.0],0.0,0.0,"[6.574117219190228e-17, 1.1473427100606202e-18, 2.081863839928542e-19, 3.898448201162666e-17]","[8.767292991587444e-18, 1.748720986109652e-17, 7.584829195487814e-19, 2.009213304933977e-06]",
T5-PID-healthy,5.0,PID,healthy,entry_warmup,5.0,11.0,True,600,5.0,11.0,0.2864254314761692,0.0001309654201420419,0.2864254614175405,0.3420617220951429,0.00037920992003026566,0.3774280870984216,0.0003930393190970427,"[-0.0009272599748116835, -0.000561605506946534, -3.153091327242637e-05]",0.0010840718640018462,-3.153091327242637e-05,6.4340186763347065,5.80022147016882,11.09622894168273,0.9624714942003911,0.4106123089730436,-0.004035841683670133,0.010486969565357138,-0.26649609616585557,0.28623338600807036,"[0.0, 0.0, 0.0, 0.0]","[0.0, 0.0, 0.0, 0.0]",0.0,0.0,"[0.0, 0.0, 0.0, 0.0]","[0.0, 0.0, 0.0, 0.0]",0.0,0.0,"[0.0, 0.0, 0.0, 0.0]","[0.0, 0.0, 0.0, 0.0]",0.0,0.0,[0.0],[0.0],0.0,0.0,"[4.930131649555759e-09, 5.121859701442361e-09, 1.9339127729436514e-19, 3.70998373795456e-17]","[3.303286839118016e-05, 3.452044251809396e-05, 3.242406714668661e-06, 0.00019927817714128487]",
T5-PID-healthy,5.0,PID,healthy,prefault_lap,11.0,16.0,True,500,11.0,16.0,0.3203715351160024,1.8889665034477843e-05,0.32037153567288623,0.32109544051984523,3.025766508890637e-05,0.40400872375481867,6.651287949449156e-06,"[0.00067408565099547, 0.00015011020553106025, -1.77437108883447e-05]",0.0006905972333296476,-1.77437108883447e-05,6.8293492997826775,6.7575315459058345,9.607139385270916,0.8117142986497103,0.21300828331449184,0.0009474728210679258,0.0010943606173698624,-0.32036932365641746,0.3203696659913718,"[0.0, 0.0, 0.0, 0.0]","[0.0, 0.0, 0.0, 0.0]",0.0,0.0,"[0.0, 0.0, 0.0, 0.0]","[0.0, 0.0, 0.0, 0.0]",0.0,0.0,"[0.0, 0.0, 0.0, 0.0]","[0.0, 0.0, 0.0, 0.0]",0.0,0.0,[0.0],[0.0],0.0,0.0,"[5.5054233102772315e-09, 5.5403083177470626e-09, 2.012420646323995e-19, 3.931506500271124e-17]","[3.789505589885819e-05, 3.812862066669539e-05, 4.036826933470621e-06, 0.000121010405256292]",
T5-PID-healthy,5.0,PID,healthy,post_first_2s,16.0,18.0,True,200,16.0,18.0,0.3204099938532438,7.0428026612880504e-06,0.32040999393064634,0.32049164498248583,8.749059252632918e-06,0.4039779092161031,1.69091585905087e-06,"[0.2314447675009072, -0.07274384664013839, -6.977283391514932e-06]",0.24260739400841222,-6.977283391514932e-06,7.0786060435246005,6.493887015121472,9.601552653505552,0.811262148533881,0.21248781235347936,0.0010172264353877703,0.0010297097291359087,-0.32040832738604225,0.3204083392468265,"[0.0, 0.0, 0.0, 0.0]","[0.0, 0.0, 0.0, 0.0]",0.0,0.0,"[0.0, 0.0, 0.0, 0.0]","[0.0, 0.0, 0.0, 0.0]",0.0,0.0,"[0.0, 0.0, 0.0, 0.0]","[0.0, 0.0, 0.0, 0.0]",0.0,0.0,[0.0],[0.0],0.0,0.0,"[4.973860617292026e-09, 6.0213974699814765e-09, 2.027707354931755e-19, 3.7772065111694106e-17]","[3.4155050742933795e-05, 4.150998434942671e-05, 3.6064986378122133e-06, 0.00012099495866777089]",
T5-PID-healthy,5.0,PID,healthy,post_lap_1,16.0,21.0,True,500,16.0,21.0,0.3202795653897829,5.375061846761314e-06,0.32027956543488617,0.32049164498248583,8.749059252632918e-06,0.4040058526309504,1.4630698203381976e-06,"[0.0001935465219509145, 4.4020560818138655e-05, -5.0698246096103626e-06]",0.00019848946051123035,-5.0698246096103626e-06,6.8291594926737105,6.75698855206946,9.601676668254772,0.8116333085010261,0.2124880077741418,0.0009069887095521083,0.0009204404090946476,-0.32027821415830615,0.32027824277606115,"[0.0, 0.0, 0.0, 0.0]","[0.0, 0.0, 0.0, 0.0]",0.0,0.0,"[0.0, 0.0, 0.0, 0.0]","[0.0, 0.0, 0.0, 0.0]",0.0,0.0,"[0.0, 0.0, 0.0, 0.0]","[0.0, 0.0, 0.0, 0.0]",0.0,0.0,[0.0],[0.0],0.0,0.0,"[5.505440774378504e-09, 5.5402295483220756e-09, 2.0423248837173585e-19, 3.8507297786037934e-17]","[3.789522393254357e-05, 3.8128582208861984e-05, 4.036352869619654e-06, 0.00012099820996012373]",
T5-PID-healthy,5.0,PID,healthy,post_lap_2,21.0,26.0,True,500,21.0,26.0,0.3202543220799326,1.5555261102184371e-06,0.3202543220837103,0.32031485130759496,2.4470018048505793e-06,0.4040085863466185,9.110536536541572e-07,"[5.574988857222141e-05, 1.2679558969761584e-05, -1.4603781975381925e-06]",5.71736065985238e-05,-1.4603781975381925e-06,6.829162170826685,6.756995112064907,9.601644905072046,0.8116286713699662,0.21248809470069613,0.000895972192727519,0.000897123179729327,-0.320253063169324,0.32025306552924293,"[0.0, 0.0, 0.0, 0.0]","[0.0, 0.0, 0.0, 0.0]",0.0,0.0,"[0.0, 0.0, 0.0, 0.0]","[0.0, 0.0, 0.0, 0.0]",0.0,0.0,"[0.0, 0.0, 0.0, 0.0]","[0.0, 0.0, 0.0, 0.0]",0.0,0.0,[0.0],[0.0],0.0,0.0,"[5.5054405223961485e-09, 5.540229317370826e-09, 1.9976165331060097e-19, 3.9157992600787337e-17]","[3.7895222209749904e-05, 3.812858045263703e-05, 4.036355423949476e-06, 0.00012099857754408769]",
T5-PID-healthy,5.0,PID,healthy,post_lap_3,26.0,31.0,True,500,26.0,31.0,0.3202470631372709,4.846919065649581e-07,0.32024706313763773,0.32026411041869923,8.322665517868089e-07,0.4040093737122589,8.893605983170663e-07,"[1.6058241900828606e-05, 3.652281636406851e-06, -4.2062587207736257e-07]",1.646834217816603e-05,-4.2062587207736257e-07,6.829162911852588,6.75699689443093,9.601635827562095,0.8116273197373193,0.21248806892378244,0.0008927982467957692,0.0008928995120059799,-0.3202458181662614,0.32024581836225224,"[0.0, 0.0, 0.0, 0.0]","[0.0, 0.0, 0.0, 0.0]",0.0,0.0,"[0.0, 0.0, 0.0, 0.0]","[0.0, 0.0, 0.0, 0.0]",0.0,0.0,"[0.0, 0.0, 0.0, 0.0]","[0.0, 0.0, 0.0, 0.0]",0.0,0.0,[0.0],[0.0],0.0,0.0,"[5.505440455193923e-09, 5.5402292415739964e-09, 2.0790229319079176e-19, 3.898448201162673e-17]","[3.7895221747907026e-05, 3.812857993468322e-05, 4.036356062449035e-06, 0.00012099868337268134]",
T5-PID-healthy,5.0,PID,healthy,post_all,16.0,31.0,True,1500,16.0,31.0,0.3202603171719285,3.2427291787613116e-06,0.32026031718834524,0.32049164498248583,8.749059252632918e-06,0.4040079375660937,1.1197550822776565e-06,"[8.845155080799542e-05, 2.011746714143259e-05, -2.3169428930753057e-06]",9.071046976245913e-05,-2.3169428930753057e-06,6.8291615251178195,6.756993519522718,9.601676668254772,0.8116333085010261,0.21248809470069613,0.0008985863830251323,0.0009035688656364268,-0.32025903183129717,0.3202590425239688,"[0.0, 0.0, 0.0, 0.0]","[0.0, 0.0, 0.0, 0.0]",0.0,0.0,"[0.0, 0.0, 0.0, 0.0]","[0.0, 0.0, 0.0, 0.0]",0.0,0.0,"[0.0, 0.0, 0.0, 0.0]","[0.0, 0.0, 0.0, 0.0]",0.0,0.0,[0.0],[0.0],0.0,0.0,"[5.505440583989517e-09, 5.5402293690889775e-09, 2.0399263953542207e-19, 3.8884230758415446e-17]","[3.789522263006691e-05, 3.812858086539412e-05, 4.036354785339626e-06, 0.00012099849029246778]",
T5-PID-healthy,5.0,PID,healthy,last_lap,26.0,31.0,True,500,26.0,31.0,0.3202470631372709,4.846919065649581e-07,0.32024706313763773,0.32026411041869923,8.322665517868089e-07,0.4040093737122589,8.893605983170663e-07,"[1.6058241900828606e-05, 3.652281636406851e-06, -4.2062587207736257e-07]",1.646834217816603e-05,-4.2062587207736257e-07,6.829162911852588,6.75699689443093,9.601635827562095,0.8116273197373193,0.21248806892378244,0.0008927982467957692,0.0008928995120059799,-0.3202458181662614,0.32024581836225224,"[0.0, 0.0, 0.0, 0.0]","[0.0, 0.0, 0.0, 0.0]",0.0,0.0,"[0.0, 0.0, 0.0, 0.0]","[0.0, 0.0, 0.0, 0.0]",0.0,0.0,"[0.0, 0.0, 0.0, 0.0]","[0.0, 0.0, 0.0, 0.0]",0.0,0.0,[0.0],[0.0],0.0,0.0,"[5.505440455193923e-09, 5.5402292415739964e-09, 2.0790229319079176e-19, 3.898448201162673e-17]","[3.7895221747907026e-05, 3.812857993468322e-05, 4.036356062449035e-06, 0.00012099868337268134]",
T5-PID-blind_fault,5.0,PID,blind_fault,hover,0.0,5.0,True,500,0.0,5.0,2.6001185138114213e-15,3.447312266962504e-05,3.447312266962504e-05,5.2640453142521694e-15,6.444915482717306e-05,3.7739762742809254e-15,4.1278406874625734e-05,"[0.0, -2.335101345432973e-15, -3.163829370502103e-05]",2.335101345432973e-15,-3.163829370502103e-05,9.884590095991682e-14,6.675736217504866e-14,0.0,1.1230285339963205e-14,7.898465832803913e-14,0.0,0.0,-2.335101345432973e-15,2.6001185138114213e-15,"[0.0, 0.0, 0.0, 0.0]","[0.0, 0.0, 0.0, 0.0]",0.0,0.0,"[0.0, 0.0, 0.0, 0.0]","[0.0, 0.0, 0.0, 0.0]",0.0,0.0,"[0.0, 0.0, 0.0, 0.0]","[0.0, 0.0, 0.0, 0.0]",0.0,0.0,[0.0],[0.0],0.0,0.0,"[6.574117219190228e-17, 1.1473427100606202e-18, 2.081863839928542e-19, 3.898448201162666e-17]","[8.767292991587444e-18, 1.748720986109652e-17, 7.584829195487814e-19, 2.009213304933977e-06]",
T5-PID-blind_fault,5.0,PID,blind_fault,entry_warmup,5.0,11.0,True,600,5.0,11.0,0.2864254314761692,0.0001309654201420419,0.2864254614175405,0.3420617220951429,0.00037920992003026566,0.3774280870984216,0.0003930393190970427,"[-0.0009272599748116835, -0.000561605506946534, -3.153091327242637e-05]",0.0010840718640018462,-3.153091327242637e-05,6.4340186763347065,5.80022147016882,11.09622894168273,0.9624714942003911,0.4106123089730436,-0.004035841683670133,0.010486969565357138,-0.26649609616585557,0.28623338600807036,"[0.0, 0.0, 0.0, 0.0]","[0.0, 0.0, 0.0, 0.0]",0.0,0.0,"[0.0, 0.0, 0.0, 0.0]","[0.0, 0.0, 0.0, 0.0]",0.0,0.0,"[0.0, 0.0, 0.0, 0.0]","[0.0, 0.0, 0.0, 0.0]",0.0,0.0,[0.0],[0.0],0.0,0.0,"[4.930131649555759e-09, 5.121859701442361e-09, 1.9339127729436514e-19, 3.70998373795456e-17]","[3.303286839118016e-05, 3.452044251809396e-05, 3.242406714668661e-06, 0.00019927817714128487]",
T5-PID-blind_fault,5.0,PID,blind_fault,prefault_lap,11.0,16.0,True,500,11.0,16.0,0.3203715351160024,1.8889665034477843e-05,0.32037153567288623,0.32109544051984523,3.025766508890637e-05,0.40400872375481867,6.651287949449156e-06,"[0.00067408565099547, 0.00015011020553106025, -1.77437108883447e-05]",0.0006905972333296476,-1.77437108883447e-05,6.8293492997826775,6.7575315459058345,9.607139385270916,0.8117142986497103,0.21300828331449184,0.0009474728210679258,0.0010943606173698624,-0.32036932365641746,0.3203696659913718,"[0.0, 0.0, 0.0, 0.0]","[0.0, 0.0, 0.0, 0.0]",0.0,0.0,"[0.0, 0.0, 0.0, 0.0]","[0.0, 0.0, 0.0, 0.0]",0.0,0.0,"[0.0, 0.0, 0.0, 0.0]","[0.0, 0.0, 0.0, 0.0]",0.0,0.0,[0.0],[0.0],0.0,0.0,"[5.5054233102772315e-09, 5.5403083177470626e-09, 2.012420646323995e-19, 3.931506500271124e-17]","[3.789505589885819e-05, 3.812862066669539e-05, 4.036826933470621e-06, 0.000121010405256292]",
T5-PID-blind_fault,5.0,PID,blind_fault,post_first_2s,16.0,18.0,True,200,16.0,18.0,0.5006051104294447,0.04305057726587637,0.5024528125018325,0.6498562409367667,0.07157216413936496,0.5799413205276323,0.11053023112145594,"[0.41659057687340595, 0.030140801594586177, -0.036758576994691684]",0.41767951429353267,-0.036758576994691705,8.450109918604088,5.97439318350106,17.097821111777694,8.50880384071041,3.0051694427346725,0.07874783445842941,0.13834385396640367,-0.4643826436897197,0.48110960773798617,"[0.0, 0.0, 0.0, 0.0]","[0.0, 0.0, 0.0, 0.0]",0.0,0.0,"[0.0, 0.0, 0.0, 0.0]","[0.0, 0.0, 0.0, 0.0]",0.0,0.0,"[0.0, 0.0, 0.0, 0.0]","[0.0, 0.0, 0.0, 0.0]",0.0,0.0,[0.0],[0.0],0.0,0.0,"[0.0016518942918108234, 0.0016518942904189863, 0.0002775359954420575, 0.04672323155590193]","[0.0003126185044984165, 0.0003128201414364103, 4.100168147609344e-05, 0.008407999849920168]",
T5-PID-blind_fault,5.0,PID,blind_fault,post_lap_1,16.0,21.0,True,500,16.0,21.0,0.5216032235958231,0.06337788000142366,0.5254395098762835,0.7097312322423954,0.08863502896811071,0.6647835650101322,0.08402507504095241,"[0.12123317534633708, 0.1624418152388273, -0.05616367064538084]",0.20269392231303093,-0.0561636706453808,8.189653368997147,7.776315393887598,17.097821111777694,8.50880384071041,3.0051694427346725,-0.04832006976135422,0.17733503030249978,-0.46874980736671557,0.4905325778102467,"[0.0, 0.0, 0.0, 0.0]","[0.0, 0.0, 0.0, 0.0]",0.0,0.0,"[0.0, 0.0, 0.0, 0.0]","[0.0, 0.0, 0.0, 0.0]",0.0,0.0,"[0.0, 0.0, 0.0, 0.0]","[0.0, 0.0, 0.0, 0.0]",0.0,0.0,[0.0],[0.0],0.0,0.0,"[0.0016532703282041233, 0.0016532704598560925, 0.000277766621483864, 0.04676205748886597]","[0.00019879336061337806, 0.00019924290022967336, 2.644713022997852e-05, 0.005473657398329801]",
T5-PID-blind_fault,5.0,PID,blind_fault,post_lap_2,21.0,26.0,True,500,21.0,26.0,0.329508890339761,0.023062847421558185,0.3303150068406379,0.3786488037620558,0.041627325611694244,0.41080619765060006,0.040686468607957264,"[0.01847940584997221, 0.01921854699151385, -0.010916328631352185]",0.02666160139663432,-0.010916328631352187,6.948801492648011,6.60441086662543,12.247723209632944,5.680385029023117,0.42066234101534966,0.01394662215259957,0.02421661272542745,-0.3276872186522887,0.3286178091355478,"[0.0, 0.0, 0.0, 0.0]","[0.0, 0.0, 0.0, 0.0]",0.0,0.0,"[0.0, 0.0, 0.0, 0.0]","[0.0, 0.0, 0.0, 0.0]",0.0,0.0,"[0.0, 0.0, 0.0, 0.0]","[0.0, 0.0, 0.0, 0.0]",0.0,0.0,[0.0],[0.0],0.0,0.0,"[0.0016337154424213196, 0.0016337154174844875, 0.0002744808620548793, 0.0462088993358382]","[3.163397538554656e-05, 3.0372828892370574e-05, 4.60894940245935e-06, 0.0013588640424691783]",
T5-PID-blind_fault,5.0,PID,blind_fault,post_lap_3,26.0,31.0,True,500,26.0,31.0,0.32778536595725455,0.020498435510432667,0.3284256871715528,0.3451042513070249,0.03243795637709823,0.41391865950395734,0.026833862786534785,"[0.014978278863361354, 0.009084927609766806, -0.003520389554146213]",0.017518126252065908,-0.003520389554146222,6.886160140782099,6.831816122522276,9.942177796734743,5.454985952401834,0.2471750773064634,0.008687236801276536,0.014637104172620671,-0.32716909787534426,0.32745839631496876,"[0.0, 0.0, 0.0, 0.0]","[0.0, 0.0, 0.0, 0.0]",0.0,0.0,"[0.0, 0.0, 0.0, 0.0]","[0.0, 0.0, 0.0, 0.0]",0.0,0.0,"[0.0, 0.0, 0.0, 0.0]","[0.0, 0.0, 0.0, 0.0]",0.0,0.0,[0.0],[0.0],0.0,0.0,"[0.0016360784502277587, 0.00163607844883708, 0.00027487783739446153, 0.04627573020108777]","[3.137219378955555e-05, 3.092667607006667e-05, 4.793567087179613e-06, 0.00023801964634967386]",
T5-PID-blind_fault,5.0,PID,blind_fault,post_all,16.0,31.0,True,1500,16.0,31.0,0.4033564502249535,0.04069740558086513,0.40540437190426154,0.7097312322423954,0.08863502896811071,0.5105642555125579,0.05608225552843654,"[0.05156362001989022, 0.063581763280036, -0.023533462943626442]",0.08186236944624897,-0.023533462943626404,7.366036156419763,7.089029917940549,17.097821111777694,8.50880384071041,3.0051694427346725,-0.008562070269159379,0.1036796381855216,-0.3745353746314495,0.38980374365030757,"[0.0, 0.0, 0.0, 0.0]","[0.0, 0.0, 0.0, 0.0]",0.0,0.0,"[0.0, 0.0, 0.0, 0.0]","[0.0, 0.0, 0.0, 0.0]",0.0,0.0,"[0.0, 0.0, 0.0, 0.0]","[0.0, 0.0, 0.0, 0.0]",0.0,0.0,[0.0],[0.0],0.0,0.0,"[0.0016410445474580814, 0.0016410445829317048, 0.0002757123290288903, 0.04641621700823069]","[0.00011762046755819224, 0.00011772383123168632, 1.5744537649770964e-05, 0.003259043323444001]",
T5-PID-blind_fault,5.0,PID,blind_fault,last_lap,26.0,31.0,True,500,26.0,31.0,0.32778536595725455,0.020498435510432667,0.3284256871715528,0.3451042513070249,0.03243795637709823,0.41391865950395734,0.026833862786534785,"[0.014978278863361354, 0.009084927609766806, -0.003520389554146213]",0.017518126252065908,-0.003520389554146222,6.886160140782099,6.831816122522276,9.942177796734743,5.454985952401834,0.2471750773064634,0.008687236801276536,0.014637104172620671,-0.32716909787534426,0.32745839631496876,"[0.0, 0.0, 0.0, 0.0]","[0.0, 0.0, 0.0, 0.0]",0.0,0.0,"[0.0, 0.0, 0.0, 0.0]","[0.0, 0.0, 0.0, 0.0]",0.0,0.0,"[0.0, 0.0, 0.0, 0.0]","[0.0, 0.0, 0.0, 0.0]",0.0,0.0,[0.0],[0.0],0.0,0.0,"[0.0016360784502277587, 0.00163607844883708, 0.00027487783739446153, 0.04627573020108777]","[3.137219378955555e-05, 3.092667607006667e-05, 4.793567087179613e-06, 0.00023801964634967386]",
T5-A_best-healthy,5.0,A_best,healthy,hover,0.0,5.0,True,500,0.0,5.0,0.0012976891830366098,0.0008629220781272558,0.0015584067917875886,0.0018676853820880999,0.0011296484452798516,0.0013432961027830743,0.0005438946694887596,"[-0.0009142051921129551, -0.0008261562407595956, 0.0008292558693715723]",0.0012321953040944087,0.0008292558693715723,0.03517200974003587,0.023772455626335877,0.11736386950085255,0.13532120187245888,0.025341594124533934,-0.0009142051921129551,0.0009589430110675738,-0.0008261562407595964,0.0008743143126444166,"[0.0, 0.0, 0.0, 0.0]","[0.0, 0.0, 0.0, 0.0]",0.0,0.0,"[0.0, 0.0, 0.0, 0.0]","[0.0, 0.0, 0.0, 0.0]",0.0,0.0,"[0.0, 0.0, 0.0, 0.0]","[0.0, 0.0, 0.0, 0.0]",0.0,0.0,[0.0],[0.0],0.0,0.0,"[1.742782888556358e-09, 9.47154951259264e-10, 1.9793490109479793e-19, 4.7687923820737055e-17]","[1.1238297733353034e-05, 6.095868732615068e-06, 7.425427877381325e-07, 0.00020136968283304048]",
T5-A_best-healthy,5.0,A_best,healthy,entry_warmup,5.0,11.0,True,600,5.0,11.0,0.5744325452672173,0.1878880118983811,0.6043795612670071,0.741010706749067,0.33228610236517653,0.7052584737704465,0.19927017683698406,"[-0.035945384577249315, 0.05397572485370366, -0.025797368493818713]",0.06484943751405309,-0.025797368493818737,5.138643055974186,4.718492002827582,8.897501821930543,8.274950936621998,0.2750882398834804,-0.1944851444719464,0.2272125410050493,-0.47903921689904044,0.5275862112225854,"[0.0, 0.0, 0.0, 0.0]","[0.0, 0.0, 0.0, 0.0]",0.0,0.0,"[0.0, 0.0, 0.0, 0.0]","[0.0, 0.0, 0.0, 0.0]",0.0,0.0,"[0.0, 0.0, 0.0, 0.0]","[0.0, 0.0, 0.0, 0.0]",0.0,0.0,[0.0],[0.0],0.0,0.0,"[9.368687896343747e-10, 8.24933905181726e-10, 1.9233166578870707e-19, 4.6719595499520244e-17]","[1.5482975513905967e-06, 1.390530998485329e-06, 3.3183707709939987e-07, 0.0008571563593153747]",
T5-A_best-healthy,5.0,A_best,healthy,prefault_lap,11.0,16.0,True,500,11.0,16.0,0.6752493405516425,0.21218314362009874,0.7078017789974362,0.7207091972038331,0.3088333415239227,0.8550159256749388,0.2707802246480523,"[-0.03486781390134152, -0.0062577884549324695, -0.013298272399540099]",0.03542491161040873,-0.013298272399540054,5.94740496849415,5.930708103274908,8.94917961800676,8.051105682296933,0.27470817166536826,-0.313936269916719,0.3152720562721605,-0.5965037716627306,0.5971308084911979,"[0.0, 0.0, 0.0, 0.0]","[0.0, 0.0, 0.0, 0.0]",0.0,0.0,"[0.0, 0.0, 0.0, 0.0]","[0.0, 0.0, 0.0, 0.0]",0.0,0.0,"[0.0, 0.0, 0.0, 0.0]","[0.0, 0.0, 0.0, 0.0]",0.0,0.0,[0.0],[0.0],0.0,0.0,"[6.111524941794849e-10, 6.002963369238679e-10, 1.881281970472153e-19, 4.6177804564806824e-17]","[4.813817578964986e-07, 5.580384731868698e-07, 3.6627955530352875e-07, 0.0009225871871606988]",
T5-A_best-healthy,5.0,A_best,healthy,post_first_2s,16.0,18.0,True,200,16.0,18.0,0.6715826144073039,0.21563078791563134,0.7053508663574927,0.6957486046637962,0.3057410632494446,0.8550110123162334,0.27251006619124646,"[0.3415108229235553, -0.3709844427585318, 0.1630410141029895]",0.5042411119125277,0.16304101410298952,6.019723440573409,6.130381645558062,8.954742059112796,7.313787022724573,0.26297942713390665,-0.31915904909167997,0.3194887490801038,-0.5905765318278227,0.5907200243646563,"[0.0, 0.0, 0.0, 0.0]","[0.0, 0.0, 0.0, 0.0]",0.0,0.0,"[0.0, 0.0, 0.0, 0.0]","[0.0, 0.0, 0.0, 0.0]",0.0,0.0,"[0.0, 0.0, 0.0, 0.0]","[0.0, 0.0, 0.0, 0.0]",0.0,0.0,[0.0],[0.0],0.0,0.0,"[6.172490746143227e-10, 7.17436006967657e-10, 2.0016710177866204e-19, 4.660953740672381e-17]","[3.44873971771007e-07, 4.424226772259836e-07, 3.549027948943968e-07, 0.0009630896508057968]",
T5-A_best-healthy,5.0,A_best,healthy,post_lap_1,16.0,21.0,True,500,16.0,21.0,0.6771600512512076,0.21404061723702647,0.7101824560193989,0.6957486046637962,0.3057410632494446,0.8543172692779553,0.27026054744457595,"[-0.010973958182487621, -0.0018362048150742968, -0.0034912883942744277]",0.01112651815771174,-0.0034912883942744203,5.941428518113839,5.933041040197364,8.959197830639292,8.001188896089541,0.26297942713390665,-0.3124133141851173,0.3126492858040069,-0.6005416135003356,0.6006630994965335,"[0.0, 0.0, 0.0, 0.0]","[0.0, 0.0, 0.0, 0.0]",0.0,0.0,"[0.0, 0.0, 0.0, 0.0]","[0.0, 0.0, 0.0, 0.0]",0.0,0.0,"[0.0, 0.0, 0.0, 0.0]","[0.0, 0.0, 0.0, 0.0]",0.0,0.0,[0.0],[0.0],0.0,0.0,"[5.73434194081731e-10, 5.85658666048116e-10, 1.980245691802466e-19, 4.6971750492077894e-17]","[2.9696634191922345e-07, 3.5549213216499214e-07, 3.654432185895157e-07, 0.0009159674363803347]",
T5-A_best-healthy,5.0,A_best,healthy,post_lap_2,21.0,26.0,True,500,21.0,26.0,0.6779784724518789,0.21463476890535244,0.7111419641191463,0.6894328731311186,0.3088481923392161,0.8540573805181425,0.27016110726713005,"[-0.0034389920523047062, -0.0005403718181394259, -0.0008786577811404363]",0.003481187733756145,-0.0008786577811404755,5.941500161804522,5.932134988462185,8.958406488769326,7.987359706252335,0.2645328917608501,-0.31193679955316267,0.3120585393930534,-0.6018322953206766,0.6018922470841914,"[0.0, 0.0, 0.0, 0.0]","[0.0, 0.0, 0.0, 0.0]",0.0,0.0,"[0.0, 0.0, 0.0, 0.0]","[0.0, 0.0, 0.0, 0.0]",0.0,0.0,"[0.0, 0.0, 0.0, 0.0]","[0.0, 0.0, 0.0, 0.0]",0.0,0.0,[0.0],[0.0],0.0,0.0,"[5.770753716269041e-10, 5.849269112869634e-10, 1.9914214017879631e-19, 4.664258210240725e-17]","[3.1058343379686724e-07, 3.6164847241348514e-07, 3.651212944643824e-07, 0.0009167919597093653]",
T5-A_best-healthy,5.0,A_best,healthy,post_lap_3,26.0,31.0,True,500,26.0,31.0,0.6782578754520849,0.21479825522171536,0.7114576839553208,0.6892257541816681,0.3096519882110842,0.8539820784313092,0.2701315065966809,"[-0.0010755600168057345, -0.0001595064034562106, -0.00020653854736115673]",0.0010873231545840854,-0.0002065385473612764,5.941296077496066,5.932001237359629,8.958236960578635,7.983271926457645,0.2642071356252083,-0.31179191957190777,0.3119009175449898,-0.6022383584749018,0.6022886046135768,"[0.0, 0.0, 0.0, 0.0]","[0.0, 0.0, 0.0, 0.0]",0.0,0.0,"[0.0, 0.0, 0.0, 0.0]","[0.0, 0.0, 0.0, 0.0]",0.0,0.0,"[0.0, 0.0, 0.0, 0.0]","[0.0, 0.0, 0.0, 0.0]",0.0,0.0,[0.0],[0.0],0.0,0.0,"[5.76443261946301e-10, 5.848409129456338e-10, 1.9335601074026652e-19, 4.624448734981906e-17]","[3.0810691866931285e-07, 3.5968636151812767e-07, 3.6520956132910493e-07, 0.0009166823106830148]",
T5-A_best-healthy,5.0,A_best,healthy,post_all,16.0,31.0,True,1500,16.0,31.0,0.6777989598033468,0.21449146082191284,0.7109275748457203,0.6957486046637962,0.3096519882110842,0.8541189214791096,0.27018439274011635,"[-0.005162836750532668, -0.0008453610122233255, -0.001525494907592011]",0.005231588530612663,-0.0015254949075920714,5.941408253072939,5.932392439986857,8.959197830639292,8.001188896089541,0.2645328917608501,-0.31204734443672927,0.3122030804285826,-0.6015374224319714,0.6016150484166791,"[0.0, 0.0, 0.0, 0.0]","[0.0, 0.0, 0.0, 0.0]",0.0,0.0,"[0.0, 0.0, 0.0, 0.0]","[0.0, 0.0, 0.0, 0.0]",0.0,0.0,"[0.0, 0.0, 0.0, 0.0]","[0.0, 0.0, 0.0, 0.0]",0.0,0.0,[0.0],[0.0],0.0,0.0,"[5.756531344840066e-10, 5.85142278458852e-10, 1.968568590655007e-19, 4.6620554907743086e-17]","[3.052763507129439e-07, 3.589515066098155e-07, 3.6525805004617764e-07, 0.0009164806418424878]",
T5-A_best-healthy,5.0,A_best,healthy,last_lap,26.0,31.0,True,500,26.0,31.0,0.6782578754520849,0.21479825522171536,0.7114576839553208,0.6892257541816681,0.3096519882110842,0.8539820784313092,0.2701315065966809,"[-0.0010755600168057345, -0.0001595064034562106, -0.00020653854736115673]",0.0010873231545840854,-0.0002065385473612764,5.941296077496066,5.932001237359629,8.958236960578635,7.983271926457645,0.2642071356252083,-0.31179191957190777,0.3119009175449898,-0.6022383584749018,0.6022886046135768,"[0.0, 0.0, 0.0, 0.0]","[0.0, 0.0, 0.0, 0.0]",0.0,0.0,"[0.0, 0.0, 0.0, 0.0]","[0.0, 0.0, 0.0, 0.0]",0.0,0.0,"[0.0, 0.0, 0.0, 0.0]","[0.0, 0.0, 0.0, 0.0]",0.0,0.0,[0.0],[0.0],0.0,0.0,"[5.76443261946301e-10, 5.848409129456338e-10, 1.9335601074026652e-19, 4.624448734981906e-17]","[3.0810691866931285e-07, 3.5968636151812767e-07, 3.6520956132910493e-07, 0.0009166823106830148]",
T5-A_best-blind_fault,5.0,A_best,blind_fault,hover,0.0,5.0,True,500,0.0,5.0,0.0012976891830366098,0.0008629220781272558,0.0015584067917875886,0.0018676853820880999,0.0011296484452798516,0.0013432961027830743,0.0005438946694887596,"[-0.0009142051921129551, -0.0008261562407595956, 0.0008292558693715723]",0.0012321953040944087,0.0008292558693715723,0.03517200974003587,0.023772455626335877,0.11736386950085255,0.13532120187245888,0.025341594124533934,-0.0009142051921129551,0.0009589430110675738,-0.0008261562407595964,0.0008743143126444166,"[0.0, 0.0, 0.0, 0.0]","[0.0, 0.0, 0.0, 0.0]",0.0,0.0,"[0.0, 0.0, 0.0, 0.0]","[0.0, 0.0, 0.0, 0.0]",0.0,0.0,"[0.0, 0.0, 0.0, 0.0]","[0.0, 0.0, 0.0, 0.0]",0.0,0.0,[0.0],[0.0],0.0,0.0,"[1.742782888556358e-09, 9.47154951259264e-10, 1.9793490109479793e-19, 4.7687923820737055e-17]","[1.1238297733353034e-05, 6.095868732615068e-06, 7.425427877381325e-07, 0.00020136968283304048]",
T5-A_best-blind_fault,5.0,A_best,blind_fault,entry_warmup,5.0,11.0,True,600,5.0,11.0,0.5744325452672173,0.1878880118983811,0.6043795612670071,0.741010706749067,0.33228610236517653,0.7052584737704465,0.19927017683698406,"[-0.035945384577249315, 0.05397572485370366, -0.025797368493818713]",0.06484943751405309,-0.025797368493818737,5.138643055974186,4.718492002827582,8.897501821930543,8.274950936621998,0.2750882398834804,-0.1944851444719464,0.2272125410050493,-0.47903921689904044,0.5275862112225854,"[0.0, 0.0, 0.0, 0.0]","[0.0, 0.0, 0.0, 0.0]",0.0,0.0,"[0.0, 0.0, 0.0, 0.0]","[0.0, 0.0, 0.0, 0.0]",0.0,0.0,"[0.0, 0.0, 0.0, 0.0]","[0.0, 0.0, 0.0, 0.0]",0.0,0.0,[0.0],[0.0],0.0,0.0,"[9.368687896343747e-10, 8.24933905181726e-10, 1.9233166578870707e-19, 4.6719595499520244e-17]","[1.5482975513905967e-06, 1.390530998485329e-06, 3.3183707709939987e-07, 0.0008571563593153747]",
T5-A_best-blind_fault,5.0,A_best,blind_fault,prefault_lap,11.0,16.0,True,500,11.0,16.0,0.6752493405516425,0.21218314362009874,0.7078017789974362,0.7207091972038331,0.3088333415239227,0.8550159256749388,0.2707802246480523,"[-0.03486781390134152, -0.0062577884549324695, -0.013298272399540099]",0.03542491161040873,-0.013298272399540054,5.94740496849415,5.930708103274908,8.94917961800676,8.051105682296933,0.27470817166536826,-0.313936269916719,0.3152720562721605,-0.5965037716627306,0.5971308084911979,"[0.0, 0.0, 0.0, 0.0]","[0.0, 0.0, 0.0, 0.0]",0.0,0.0,"[0.0, 0.0, 0.0, 0.0]","[0.0, 0.0, 0.0, 0.0]",0.0,0.0,"[0.0, 0.0, 0.0, 0.0]","[0.0, 0.0, 0.0, 0.0]",0.0,0.0,[0.0],[0.0],0.0,0.0,"[6.111524941794849e-10, 6.002963369238679e-10, 1.881281970472153e-19, 4.6177804564806824e-17]","[4.813817578964986e-07, 5.580384731868698e-07, 3.6627955530352875e-07, 0.0009225871871606988]",
T5-A_best-blind_fault,5.0,A_best,blind_fault,post_first_2s,16.0,18.0,True,200,16.0,18.0,0.6982231706928379,0.16996179057119823,0.7186115823910213,0.7574807169816039,0.24885563314976844,0.8922788550141604,0.2321742003374374,"[0.4095506093465539, -0.31706841889705445, 0.11187959430054885]",0.5179421626765015,0.1118795943005488,7.499161047193462,6.352523591689972,14.238575953695758,13.328210341239958,1.832691566765723,-0.273032110962336,0.2750509094847629,-0.6406040412502666,0.6417652166360877,"[0.0, 0.0, 0.0, 0.0]","[0.0, 0.0, 0.0, 0.0]",0.0,0.0,"[0.0, 0.0, 0.0, 0.0]","[0.0, 0.0, 0.0, 0.0]",0.0,0.0,"[0.0, 0.0, 0.0, 0.0]","[0.0, 0.0, 0.0, 0.0]",0.0,0.0,[0.0],[0.0],0.0,0.0,"[0.0016057187785098231, 0.0016057166190706032, 0.0002697780017606784, 0.045417172013582204]","[0.0004233067065802565, 0.0006693244440646622, 3.7872707966586965e-05, 0.015679104531530062]",
T5-A_best-blind_fault,5.0,A_best,blind_fault,post_lap_1,16.0,21.0,True,500,16.0,21.0,0.6894877001024836,0.2071700639518117,0.7199393891088403,0.7787042508540639,0.33502136123869164,0.8756283211148239,0.2521688458187235,"[0.060737737954291535, 0.04441902274520517, -0.043945354858205846]",0.07524707564711894,-0.04394535485820587,6.7927187648745,6.123072512448111,14.238575953695758,13.849308399593253,1.832691566765723,-0.3158294355290409,0.3209317272934869,-0.6076028879300601,0.6102426689514847,"[0.0, 0.0, 0.0, 0.0]","[0.0, 0.0, 0.0, 0.0]",0.0,0.0,"[0.0, 0.0, 0.0, 0.0]","[0.0, 0.0, 0.0, 0.0]",0.0,0.0,"[0.0, 0.0, 0.0, 0.0]","[0.0, 0.0, 0.0, 0.0]",0.0,0.0,[0.0],[0.0],0.0,0.0,"[0.0016396082826504298, 0.001639607580373966, 0.0002754712568358383, 0.04637563246394579]","[0.0002680788239321766, 0.00042349144595193024, 2.4004751805032216e-05, 0.010055295132090728]",
T5-A_best-blind_fault,5.0,A_best,blind_fault,post_lap_2,21.0,26.0,True,500,21.0,26.0,0.6760938717890717,0.21252895510255548,0.7087111401888091,0.7088235618427152,0.3112750680675035,0.8469423932971207,0.2709990274716611,"[0.0263366208181375, 0.017650582134486507, -0.014328015909014266]",0.031704268573878314,-0.014328015909014297,5.933810572456264,6.010151852441884,10.080838998482124,13.920902021095747,0.3825591934656469,-0.3045282071683099,0.3057003033752022,-0.6026938696386244,0.6030342013410575,"[0.0, 0.0, 0.0, 0.0]","[0.0, 0.0, 0.0, 0.0]",0.0,0.0,"[0.0, 0.0, 0.0, 0.0]","[0.0, 0.0, 0.0, 0.0]",0.0,0.0,"[0.0, 0.0, 0.0, 0.0]","[0.0, 0.0, 0.0, 0.0]",0.0,0.0,[0.0],[0.0],0.0,0.0,"[0.001630952413831896, 0.0016309525241747556, 0.0002740166067349726, 0.046130741874574534]","[5.429732000795067e-06, 5.35819351250796e-06, 7.317203702096796e-07, 0.0012012361586423474]",
T5-A_best-blind_fault,5.0,A_best,blind_fault,post_lap_3,26.0,31.0,True,500,26.0,31.0,0.6742838951511296,0.2138708731672161,0.7073892292433402,0.6923343341464059,0.30540251440044386,0.8476174210558459,0.2699611801458828,"[0.007786367663951358, 0.005418960095090502, -0.004550949702481196]",0.009486445588860488,-0.004550949702481106,5.964648776734719,5.916572709611142,8.976405655427227,14.018040123047324,0.31097666803316715,-0.3073575997675593,0.3075793294281433,-0.5999779276955864,0.600044771136882,"[0.0, 0.0, 0.0, 0.0]","[0.0, 0.0, 0.0, 0.0]",0.0,0.0,"[0.0, 0.0, 0.0, 0.0]","[0.0, 0.0, 0.0, 0.0]",0.0,0.0,"[0.0, 0.0, 0.0, 0.0]","[0.0, 0.0, 0.0, 0.0]",0.0,0.0,[0.0],[0.0],0.0,0.0,"[0.0016303050281432669, 0.0016303050297214975, 0.00027390784898040366, 0.046112432488283346]","[1.7530974945580029e-06, 1.66145064100545e-06, 4.208810837674437e-07, 0.0009410592441886311]",
T5-A_best-blind_fault,5.0,A_best,blind_fault,post_all,16.0,31.0,True,1500,16.0,31.0,0.6799889664113503,0.21120980291650704,0.7120355154690012,0.7787042508540639,0.33502136123869164,0.8568336413368278,0.2645175724962276,"[0.03162024214546014, 0.022496188324927464, -0.020941440156567067]",0.038806161913904035,-0.020941440156567105,6.243080734121439,6.017191341210713,14.238575953695758,14.018040123047324,1.832691566765723,-0.30923841415497,0.3114776037741922,-0.6034248950880903,0.6044557029164865,"[0.0, 0.0, 0.0, 0.0]","[0.0, 0.0, 0.0, 0.0]",0.0,0.0,"[0.0, 0.0, 0.0, 0.0]","[0.0, 0.0, 0.0, 0.0]",0.0,0.0,"[0.0, 0.0, 0.0, 0.0]","[0.0, 0.0, 0.0, 0.0]",0.0,0.0,[0.0],[0.0],0.0,0.0,"[0.0016336274138155674, 0.0016336272161121528, 0.00027446616296751786, 0.04620642474200608]","[0.00015481043373675334, 0.0002445243515142589, 1.3867716284090053e-05, 0.005871896939472229]",
T5-A_best-blind_fault,5.0,A_best,blind_fault,last_lap,26.0,31.0,True,500,26.0,31.0,0.6742838951511296,0.2138708731672161,0.7073892292433402,0.6923343341464059,0.30540251440044386,0.8476174210558459,0.2699611801458828,"[0.007786367663951358, 0.005418960095090502, -0.004550949702481196]",0.009486445588860488,-0.004550949702481106,5.964648776734719,5.916572709611142,8.976405655427227,14.018040123047324,0.31097666803316715,-0.3073575997675593,0.3075793294281433,-0.5999779276955864,0.600044771136882,"[0.0, 0.0, 0.0, 0.0]","[0.0, 0.0, 0.0, 0.0]",0.0,0.0,"[0.0, 0.0, 0.0, 0.0]","[0.0, 0.0, 0.0, 0.0]",0.0,0.0,"[0.0, 0.0, 0.0, 0.0]","[0.0, 0.0, 0.0, 0.0]",0.0,0.0,[0.0],[0.0],0.0,0.0,"[0.0016303050281432669, 0.0016303050297214975, 0.00027390784898040366, 0.046112432488283346]","[1.7530974945580029e-06, 1.66145064100545e-06, 4.208810837674437e-07, 0.0009410592441886311]",
T5-A_best-oracle_fault,5.0,A_best,oracle_fault,hover,0.0,5.0,True,500,0.0,5.0,0.0012976891830366098,0.0008629220781272558,0.0015584067917875886,0.0018676853820880999,0.0011296484452798516,0.0013432961027830743,0.0005438946694887596,"[-0.0009142051921129551, -0.0008261562407595956, 0.0008292558693715723]",0.0012321953040944087,0.0008292558693715723,0.03517200974003587,0.023772455626335877,0.11736386950085255,0.13532120187245888,0.025341594124533934,-0.0009142051921129551,0.0009589430110675738,-0.0008261562407595964,0.0008743143126444166,"[0.0, 0.0, 0.0, 0.0]","[0.0, 0.0, 0.0, 0.0]",0.0,0.0,"[0.0, 0.0, 0.0, 0.0]","[0.0, 0.0, 0.0, 0.0]",0.0,0.0,"[0.0, 0.0, 0.0, 0.0]","[0.0, 0.0, 0.0, 0.0]",0.0,0.0,[0.0],[0.0],0.0,0.0,"[1.742782888556358e-09, 9.47154951259264e-10, 1.9793490109479793e-19, 4.7687923820737055e-17]","[1.1238297733353034e-05, 6.095868732615068e-06, 7.425427877381325e-07, 0.00020136968283304048]",
T5-A_best-oracle_fault,5.0,A_best,oracle_fault,entry_warmup,5.0,11.0,True,600,5.0,11.0,0.5744325452672173,0.1878880118983811,0.6043795612670071,0.741010706749067,0.33228610236517653,0.7052584737704465,0.19927017683698406,"[-0.035945384577249315, 0.05397572485370366, -0.025797368493818713]",0.06484943751405309,-0.025797368493818737,5.138643055974186,4.718492002827582,8.897501821930543,8.274950936621998,0.2750882398834804,-0.1944851444719464,0.2272125410050493,-0.47903921689904044,0.5275862112225854,"[0.0, 0.0, 0.0, 0.0]","[0.0, 0.0, 0.0, 0.0]",0.0,0.0,"[0.0, 0.0, 0.0, 0.0]","[0.0, 0.0, 0.0, 0.0]",0.0,0.0,"[0.0, 0.0, 0.0, 0.0]","[0.0, 0.0, 0.0, 0.0]",0.0,0.0,[0.0],[0.0],0.0,0.0,"[9.368687896343747e-10, 8.24933905181726e-10, 1.9233166578870707e-19, 4.6719595499520244e-17]","[1.5482975513905967e-06, 1.390530998485329e-06, 3.3183707709939987e-07, 0.0008571563593153747]",
T5-A_best-oracle_fault,5.0,A_best,oracle_fault,prefault_lap,11.0,16.0,True,500,11.0,16.0,0.6752493405516425,0.21218314362009874,0.7078017789974362,0.7207091972038331,0.3088333415239227,0.8550159256749388,0.2707802246480523,"[-0.03486781390134152, -0.0062577884549324695, -0.013298272399540099]",0.03542491161040873,-0.013298272399540054,5.94740496849415,5.930708103274908,8.94917961800676,8.051105682296933,0.27470817166536826,-0.313936269916719,0.3152720562721605,-0.5965037716627306,0.5971308084911979,"[0.0, 0.0, 0.0, 0.0]","[0.0, 0.0, 0.0, 0.0]",0.0,0.0,"[0.0, 0.0, 0.0, 0.0]","[0.0, 0.0, 0.0, 0.0]",0.0,0.0,"[0.0, 0.0, 0.0, 0.0]","[0.0, 0.0, 0.0, 0.0]",0.0,0.0,[0.0],[0.0],0.0,0.0,"[6.111524941794849e-10, 6.002963369238679e-10, 1.881281970472153e-19, 4.6177804564806824e-17]","[4.813817578964986e-07, 5.580384731868698e-07, 3.6627955530352875e-07, 0.0009225871871606988]",
T5-A_best-oracle_fault,5.0,A_best,oracle_fault,post_first_2s,16.0,18.0,True,200,16.0,18.0,0.6711387476288664,0.2155141019025201,0.7048925781193139,0.6957497798254539,0.30576478474715474,0.8548108995569818,0.272628135325281,"[0.3416112942259744, -0.37082646255095325, 0.16211179059598738]",0.5041929607509399,0.16211179059598735,6.0087100720043995,6.1473538337501505,9.554909211871529,7.394532960012692,1.6521642378078047,-0.3191353554627742,0.31945662862407126,-0.5900986708606982,0.5902327346030424,"[0.0, 0.0, 0.0, 0.0]","[0.0, 0.0, 0.0, 0.0]",0.0,0.0,"[0.0, 0.0, 0.0, 0.0]","[0.0, 0.0, 0.0, 0.0]",0.0,0.0,"[0.0, 0.0, 0.0, 0.0]","[0.0, 0.0, 0.0, 0.0]",0.0,0.0,[0.0],[0.0],0.0,0.0,"[7.255943185475925e-08, 1.254101769055128e-07, 3.026056417336769e-18, 9.646809571707623e-17]","[0.0004889762619864243, 0.0008149313781063853, 4.831491207566606e-05, 0.010395482282004853]",
T5-A_best-oracle_fault,5.0,A_best,oracle_fault,post_lap_1,16.0,21.0,True,500,16.0,21.0,0.6769710495901279,0.21390063871926326,0.7099600588960397,0.6957497798254539,0.30576478474715474,0.8542089541901127,0.27018870557582336,"[-0.010931051208088483, -0.0017644592877057571, -0.003695606714584682]",0.01107254248543774,-0.003695606714584656,5.951924770536328,5.9470901939978384,9.554909211871529,7.992678297318776,1.6521642378078047,-0.312346263413637,0.31258130648847315,-0.6003658260644705,0.6004854109944043,"[0.0, 0.0, 0.0, 0.0]","[0.0, 0.0, 0.0, 0.0]",0.0,0.0,"[0.0, 0.0, 0.0, 0.0]","[0.0, 0.0, 0.0, 0.0]",0.0,0.0,"[0.0, 0.0, 0.0, 0.0]","[0.0, 0.0, 0.0, 0.0]",0.0,0.0,[0.0],[0.0],0.0,0.0,"[4.5900020898473695e-08, 7.93229043928639e-08, 3.090926809136117e-18, 9.942541535518348e-17]","[0.00030928491996984423, 0.0005154372857930869, 3.05624081234186e-05, 0.006609061910293779]",
T5-A_best-oracle_fault,5.0,A_best,oracle_fault,post_lap_2,21.0,26.0,True,500,21.0,26.0,0.6779994395913893,0.21466128163449263,0.7111699557202913,0.6900399379407078,0.30898073903655376,0.8540123947626891,0.2702041313635154,"[-0.003474492900929608, -0.000594490139626894, -0.0007375202482688563]",0.003524985027588606,-0.0007375202482688934,5.946606417406173,5.928383260783551,8.950480111134338,7.988485167220154,0.27736631954224894,-0.3119571700598317,0.3120795152890991,-0.6018445876858918,0.6019049893655634,"[0.0, 0.0, 0.0, 0.0]","[0.0, 0.0, 0.0, 0.0]",0.0,0.0,"[0.0, 0.0, 0.0, 0.0]","[0.0, 0.0, 0.0, 0.0]",0.0,0.0,"[0.0, 0.0, 0.0, 0.0]","[0.0, 0.0, 0.0, 0.0]",0.0,0.0,[0.0],[0.0],0.0,0.0,"[6.289800677576753e-10, 6.128484332111836e-10, 3.087778817415725e-18, 9.563396948734385e-17]","[5.671404943581881e-07, 6.693824258801715e-07, 3.6840134032758304e-07, 0.0009264793052851762]",
T5-A_best-oracle_fault,5.0,A_best,oracle_fault,post_lap_3,26.0,31.0,True,500,26.0,31.0,0.6782551477092809,0.21480743506268124,0.711457855078111,0.6891754116241829,0.30970644124771085,0.8539917842796942,0.2701216319076743,"[-0.0010812001629402438, -0.00017029888246261748, -0.00016295814045189672]",0.0010945298085068428,-0.00016295814045180635,5.940613586599331,5.932496162771421,8.96052225001281,7.98283438437496,0.26219361503689553,-0.31179271206557824,0.31190170286166036,-0.6022348604012036,0.6022851261206231,"[0.0, 0.0, 0.0, 0.0]","[0.0, 0.0, 0.0, 0.0]",0.0,0.0,"[0.0, 0.0, 0.0, 0.0]","[0.0, 0.0, 0.0, 0.0]",0.0,0.0,"[0.0, 0.0, 0.0, 0.0]","[0.0, 0.0, 0.0, 0.0]",0.0,0.0,[0.0],[0.0],0.0,0.0,"[5.721554751753258e-10, 5.861245737192935e-10, 3.0950415315646266e-18, 9.757969893912621e-17]","[2.934246080963665e-07, 3.5638472285396035e-07, 3.6563885049483643e-07, 0.0009157785391059191]",
T5-A_best-oracle_fault,5.0,A_best,oracle_fault,post_all,16.0,31.0,True,1500,16.0,31.0,0.677742106178925,0.21445682023481227,0.7108629194388127,0.6957497798254539,0.30970644124771085,0.854071050019471,0.2701714919892647,"[-0.005162248090652815, -0.000843082769931743, -0.0015320283677684738]",0.005230639913662994,-0.001532028367768452,5.946383386646283,5.935995299402381,9.554909211871529,7.992678297318776,1.6521642378078047,-0.31203204851301564,0.31218764083860595,-0.601481758050522,0.6015590074094733,"[0.0, 0.0, 0.0, 0.0]","[0.0, 0.0, 0.0, 0.0]",0.0,0.0,"[0.0, 0.0, 0.0, 0.0]","[0.0, 0.0, 0.0, 0.0]",0.0,0.0,"[0.0, 0.0, 0.0, 0.0]","[0.0, 0.0, 0.0, 0.0]",0.0,0.0,[0.0],[0.0],0.0,0.0,"[2.6504935994978598e-08, 4.579971719904483e-08, 3.091250483047693e-18, 9.755864387384061e-17]","[0.00017856611237586776, 0.00029758817778301514, 1.7647759079827992e-05, 0.003889160730796342]",
T5-A_best-oracle_fault,5.0,A_best,oracle_fault,last_lap,26.0,31.0,True,500,26.0,31.0,0.6782551477092809,0.21480743506268124,0.711457855078111,0.6891754116241829,0.30970644124771085,0.8539917842796942,0.2701216319076743,"[-0.0010812001629402438, -0.00017029888246261748, -0.00016295814045189672]",0.0010945298085068428,-0.00016295814045180635,5.940613586599331,5.932496162771421,8.96052225001281,7.98283438437496,0.26219361503689553,-0.31179271206557824,0.31190170286166036,-0.6022348604012036,0.6022851261206231,"[0.0, 0.0, 0.0, 0.0]","[0.0, 0.0, 0.0, 0.0]",0.0,0.0,"[0.0, 0.0, 0.0, 0.0]","[0.0, 0.0, 0.0, 0.0]",0.0,0.0,"[0.0, 0.0, 0.0, 0.0]","[0.0, 0.0, 0.0, 0.0]",0.0,0.0,[0.0],[0.0],0.0,0.0,"[5.721554751753258e-10, 5.861245737192935e-10, 3.0950415315646266e-18, 9.757969893912621e-17]","[2.934246080963665e-07, 3.5638472285396035e-07, 3.6563885049483643e-07, 0.0009157785391059191]",
T5-A_best-estimated_fault,5.0,A_best,estimated_fault,hover,0.0,5.0,True,500,0.0,5.0,0.0012976891830366098,0.0008629220781272558,0.0015584067917875886,0.0018676853820880999,0.0011296484452798516,0.0013432961027830743,0.0005438946694887596,"[-0.0009142051921129551, -0.0008261562407595956, 0.0008292558693715723]",0.0012321953040944087,0.0008292558693715723,0.03517200974003587,0.023772455626335877,0.11736386950085255,0.13532120187245888,0.025341594124533934,-0.0009142051921129551,0.0009589430110675738,-0.0008261562407595964,0.0008743143126444166,"[0.0, 0.0, 0.0, 0.0]","[0.0, 0.0, 0.0, 0.0]",0.0,0.0,"[0.0, 0.0, 0.0, 0.0]","[0.0, 0.0, 0.0, 0.0]",0.0,0.0,"[0.0, 0.0, 0.0, 0.0]","[0.0, 0.0, 0.0, 0.0]",0.0,0.0,[0.0],[0.0],0.0,0.0,"[1.742782888556358e-09, 9.47154951259264e-10, 1.9793490109479793e-19, 4.7687923820737055e-17]","[1.1238297733353034e-05, 6.095868732615068e-06, 7.425427877381325e-07, 0.00020136968283304048]",
T5-A_best-estimated_fault,5.0,A_best,estimated_fault,entry_warmup,5.0,11.0,True,600,5.0,11.0,0.5744325452672173,0.1878880118983811,0.6043795612670071,0.741010706749067,0.33228610236517653,0.7052584737704465,0.19927017683698406,"[-0.035945384577249315, 0.05397572485370366, -0.025797368493818713]",0.06484943751405309,-0.025797368493818737,5.138643055974186,4.718492002827582,8.897501821930543,8.274950936621998,0.2750882398834804,-0.1944851444719464,0.2272125410050493,-0.47903921689904044,0.5275862112225854,"[0.0, 0.0, 0.0, 0.0]","[0.0, 0.0, 0.0, 0.0]",0.0,0.0,"[0.0, 0.0, 0.0, 0.0]","[0.0, 0.0, 0.0, 0.0]",0.0,0.0,"[0.0, 0.0, 0.0, 0.0]","[0.0, 0.0, 0.0, 0.0]",0.0,0.0,[0.0],[0.0],0.0,0.0,"[9.368687896343747e-10, 8.24933905181726e-10, 1.9233166578870707e-19, 4.6719595499520244e-17]","[1.5482975513905967e-06, 1.390530998485329e-06, 3.3183707709939987e-07, 0.0008571563593153747]",
T5-A_best-estimated_fault,5.0,A_best,estimated_fault,prefault_lap,11.0,16.0,True,500,11.0,16.0,0.6752493405516425,0.21218314362009874,0.7078017789974362,0.7207091972038331,0.3088333415239227,0.8550159256749388,0.2707802246480523,"[-0.03486781390134152, -0.0062577884549324695, -0.013298272399540099]",0.03542491161040873,-0.013298272399540054,5.94740496849415,5.930708103274908,8.94917961800676,8.051105682296933,0.27470817166536826,-0.313936269916719,0.3152720562721605,-0.5965037716627306,0.5971308084911979,"[0.0, 0.0, 0.0, 0.0]","[0.0, 0.0, 0.0, 0.0]",0.0,0.0,"[0.0, 0.0, 0.0, 0.0]","[0.0, 0.0, 0.0, 0.0]",0.0,0.0,"[0.0, 0.0, 0.0, 0.0]","[0.0, 0.0, 0.0, 0.0]",0.0,0.0,[0.0],[0.0],0.0,0.0,"[6.111524941794849e-10, 6.002963369238679e-10, 1.881281970472153e-19, 4.6177804564806824e-17]","[4.813817578964986e-07, 5.580384731868698e-07, 3.6627955530352875e-07, 0.0009225871871606988]",
T5-A_best-estimated_fault,5.0,A_best,estimated_fault,post_first_2s,16.0,18.0,True,200,16.0,18.0,0.6690725344178382,0.2155198335326117,0.7029273468561554,0.6957499006328879,0.3060288615005513,0.8525584958307146,0.27436315498095165,"[0.3450161899924388, -0.368750243937756, 0.159288273832942]",0.5049880332850009,0.15928827383294203,6.197643816683377,6.316251796594222,11.43334759006763,7.566695363917681,2.1697826809687832,-0.31576715702742,0.3160435465945284,-0.5896118924405839,0.5897241159798889,"[0.0, 0.0, 0.0, 0.0]","[0.0, 0.0, 0.0, 0.0]",0.0,0.0,"[0.0, 0.0, 0.0, 0.0]","[0.0, 0.0, 0.0, 0.0]",0.0,0.0,"[0.0, 0.0, 0.0, 0.0]","[0.0, 0.0, 0.0, 0.0]",0.0,0.0,[0.0],[0.0],0.0,0.0,"[0.00030752973981819706, 0.0003075267486272892, 5.167367161403688e-05, 0.008699271315494412]","[0.00047643996657470796, 0.0007772007234258186, 5.321241000445928e-05, 0.022787739371033476]",
T5-A_best-estimated_fault,5.0,A_best,estimated_fault,post_lap_1,16.0,21.0,True,500,16.0,21.0,0.6764244926198014,0.2136356361347692,0.7093590622827505,0.6957499006328879,0.3060288615005513,0.8544005261054769,0.2707158626312858,"[-0.010141554290126883, -0.0012055942642334142, -0.004290783839088125]",0.010212961419174337,-0.004290783839088121,6.107236563678758,6.020423418343933,11.43334759006763,7.958860633633956,2.1697826809687832,-0.3107404409205194,0.31093350629497346,-0.6006046461198905,0.6007249361222401,"[0.0, 0.0, 0.0, 0.0]","[0.0, 0.0, 0.0, 0.0]",0.0,0.0,"[0.0, 0.0, 0.0, 0.0]","[0.0, 0.0, 0.0, 0.0]",0.0,0.0,"[0.0, 0.0, 0.0, 0.0]","[0.0, 0.0, 0.0, 0.0]",0.0,0.0,[0.0],[0.0],0.0,0.0,"[0.0001944988852231038, 0.00019449699342546014, 3.268129947282375e-05, 0.005501902268152136]","[0.0003013739142278055, 0.0004915836357201724, 3.366066203949946e-05, 0.014433954921245298]",
T5-A_best-estimated_fault,5.0,A_best,estimated_fault,post_lap_2,21.0,26.0,True,500,21.0,26.0,0.6779411205563542,0.21474650447888757,0.7111400875545593,0.6912855968835759,0.30949883203828543,0.8539294524036332,0.27029959762053357,"[-0.004012311798692993, -0.0009677301232005999, -0.00034420394937543277]",0.0041273656927004725,-0.00034420394937542654,5.948634883261162,5.936849315273361,9.249661692890351,7.991903924025328,0.3056427897746809,-0.31202678004599727,0.31215775853661604,-0.6017355632477002,0.6017987177841119,"[0.0, 0.0, 0.0, 0.0]","[0.0, 0.0, 0.0, 0.0]",0.0,0.0,"[0.0, 0.0, 0.0, 0.0]","[0.0, 0.0, 0.0, 0.0]",0.0,0.0,"[0.0, 0.0, 0.0, 0.0]","[0.0, 0.0, 0.0, 0.0]",0.0,0.0,[0.0],[0.0],0.0,0.0,"[8.937971877263976e-10, 9.179107423578506e-10, 3.002683873531688e-11, 5.055023328093381e-09]","[1.3799967621043858e-06, 1.770388928417022e-06, 3.9999920833225907e-07, 0.0009677142068576607]",
T5-A_best-estimated_fault,5.0,A_best,estimated_fault,post_lap_3,26.0,31.0,True,500,26.0,31.0,0.6782495899129832,0.21483287960981473,0.7114602394923943,0.6889535847173145,0.309850327505784,0.8540194378006939,0.27010473001185076,"[-0.0012609219444714907, -0.00029797456300562807, -2.4913016266922437e-05]",0.0012956515697702682,-2.491301626687914e-05,5.941544451357567,5.931018418594001,8.938243138300107,7.981791040474355,0.2628803399567444,-0.3118248687757365,0.3119341653023721,-0.6022108595677066,0.6022620548683457,"[0.0, 0.0, 0.0, 0.0]","[0.0, 0.0, 0.0, 0.0]",0.0,0.0,"[0.0, 0.0, 0.0, 0.0]","[0.0, 0.0, 0.0, 0.0]",0.0,0.0,"[0.0, 0.0, 0.0, 0.0]","[0.0, 0.0, 0.0, 0.0]",0.0,0.0,[0.0],[0.0],0.0,0.0,"[6.152437765843738e-10, 5.721455109910103e-10, 2.5943553294582024e-11, 4.3676015842832956e-09]","[3.709239109406887e-07, 4.413730401989913e-07, 3.6885699865990013e-07, 0.0009166119128455121]",
T5-A_best-estimated_fault,5.0,A_best,estimated_fault,post_all,16.0,31.0,True,1500,16.0,31.0,0.6775388705637218,0.21440569984187574,0.7106537309051774,0.6957499006328879,0.309850327505784,0.8541164965103019,0.2703735169038062,"[-0.0051382626777637915, -0.0008237663168132167, -0.0015533002682434785]",0.005203876851964921,-0.001553300268243485,5.999626262986281,5.962903582710554,11.43334759006763,7.991903924025328,2.1697826809687832,-0.31153069658075105,0.31167559792963057,-0.6015170229784325,0.6015955807516965,"[0.0, 0.0, 0.0, 0.0]","[0.0, 0.0, 0.0, 0.0]",0.0,0.0,"[0.0, 0.0, 0.0, 0.0]","[0.0, 0.0, 0.0, 0.0]",0.0,0.0,"[0.0, 0.0, 0.0, 0.0]","[0.0, 0.0, 0.0, 0.0]",0.0,0.0,[0.0],[0.0],0.0,0.0,"[0.00011229398374238896, 0.00011229289151249923, 1.8868557048115236e-05, 0.003176524755574955]","[0.0001740002664294892, 0.0002838178993621217, 1.943653110159252e-05, 0.008368904803964607]",
T5-A_best-estimated_fault,5.0,A_best,estimated_fault,last_lap,26.0,31.0,True,500,26.0,31.0,0.6782495899129832,0.21483287960981473,0.7114602394923943,0.6889535847173145,0.309850327505784,0.8540194378006939,0.27010473001185076,"[-0.0012609219444714907, -0.00029797456300562807, -2.4913016266922437e-05]",0.0012956515697702682,-2.491301626687914e-05,5.941544451357567,5.931018418594001,8.938243138300107,7.981791040474355,0.2628803399567444,-0.3118248687757365,0.3119341653023721,-0.6022108595677066,0.6022620548683457,"[0.0, 0.0, 0.0, 0.0]","[0.0, 0.0, 0.0, 0.0]",0.0,0.0,"[0.0, 0.0, 0.0, 0.0]","[0.0, 0.0, 0.0, 0.0]",0.0,0.0,"[0.0, 0.0, 0.0, 0.0]","[0.0, 0.0, 0.0, 0.0]",0.0,0.0,[0.0],[0.0],0.0,0.0,"[6.152437765843738e-10, 5.721455109910103e-10, 2.5943553294582024e-11, 4.3676015842832956e-09]","[3.709239109406887e-07, 4.413730401989913e-07, 3.6885699865990013e-07, 0.0009166119128455121]",
T5-B_best-healthy,5.0,B_best,healthy,hover,0.0,5.0,True,500,0.0,5.0,0.0013211050728680136,0.0012999002940392733,0.001853391320795743,0.002393829080652363,0.002029536658774589,0.0017899632306934692,0.001424650027607721,"[0.0011048136466595894, -0.00043479968184939984, 0.00123080960309682]",0.0011872927007194139,0.00123080960309682,0.0053197312601196015,0.05723092571154538,0.18121041310142516,0.9796232071065533,0.05286666959248214,0.0011048136466595894,0.0012350828574290808,-0.0004347996818493998,0.000468923180107805,"[0.0, 0.0, 0.0, 0.0]","[0.0, 0.0, 0.0, 0.0]",0.0,0.0,"[0.0, 0.0, 0.0, 0.0]","[0.0, 0.0, 0.0, 0.0]",0.0,0.0,"[0.0, 0.0, 0.0, 0.0]","[0.0, 0.0, 0.0, 0.0]",0.0,0.0,[0.0],[0.0],0.0,0.0,"[1.4148324049954347e-10, 2.705424732623034e-09, 1.9920470620920136e-19, 4.858415111783857e-17]","[8.889742434824457e-07, 1.7386809663504857e-05, 4.1324279303987364e-06, 0.0010025783881845007]",
T5-B_best-healthy,5.0,B_best,healthy,entry_warmup,5.0,11.0,True,600,5.0,11.0,0.6498603216112856,0.11868723617604411,0.6606096408892559,0.9478474344728206,0.2108132885021602,0.7806823238282673,0.12535711945165903,"[-0.03251698150119437, 0.0660389332629647, -0.018644055797209406]",0.0736104258407688,-0.018644055797209423,3.7577625203974314,4.428277056393799,8.045236763255955,7.761558793133164,0.2490060985563661,-0.33284266179707483,0.3953108528527134,-0.4668169418674479,0.5157981845853898,"[0.0, 0.0, 0.0, 0.0]","[0.0, 0.0, 0.0, 0.0]",0.0,0.0,"[0.0, 0.0, 0.0, 0.0]","[0.0, 0.0, 0.0, 0.0]",0.0,0.0,"[0.0, 0.0, 0.0, 0.0]","[0.0, 0.0, 0.0, 0.0]",0.0,0.0,[0.0],[0.0],0.0,0.0,"[6.146871634101292e-10, 6.881985443087297e-10, 1.8469125579225434e-19, 4.400229051716788e-17]","[7.136352869695611e-07, 1.1052004063606855e-06, 2.6276189601857517e-07, 0.0005655387305544697]",
T5-B_best-healthy,5.0,B_best,healthy,prefault_lap,11.0,16.0,True,500,11.0,16.0,0.7355569163420678,0.13217998806715026,0.7473389635393592,0.8866913030393236,0.19346450399392257,0.9344817627315021,0.16939974920113196,"[-0.03979050778056301, 0.008803999976952574, -0.009400207907313636]",0.04075285174106502,-0.009400207907313643,4.205042698842287,5.708072713558623,8.01489563302424,7.3138620127618585,0.2404350642931123,-0.47657020605976025,0.48373979177186666,-0.5472115237162101,0.5541117134975246,"[0.0, 0.0, 0.0, 0.0]","[0.0, 0.0, 0.0, 0.0]",0.0,0.0,"[0.0, 0.0, 0.0, 0.0]","[0.0, 0.0, 0.0, 0.0]",0.0,0.0,"[0.0, 0.0, 0.0, 0.0]","[0.0, 0.0, 0.0, 0.0]",0.0,0.0,[0.0],[0.0],0.0,0.0,"[4.2713556904451773e-10, 5.745466395307767e-10, 1.8077986305229482e-19, 4.54378355600601e-17]","[3.0406005607956083e-07, 3.93421867159534e-07, 2.7697265133185783e-07, 0.0006135965107276057]",
T5-B_best-healthy,5.0,B_best,healthy,post_first_2s,16.0,18.0,True,200,16.0,18.0,0.7512120159038036,0.13345462122230947,0.7629741992779616,0.8378029535848981,0.1865581428579539,0.9006043341997032,0.16986613200622266,"[0.35989365730924333, -0.49633225471731407, 0.10248658623644985]",0.6130816843163689,0.10248658623644984,3.8403036909599946,6.20875351309908,7.994490943024612,5.311177269637603,0.22907038712463557,-0.4801552678989927,0.4876858523319473,-0.5675278012043088,0.5713860361205186,"[0.0, 0.0, 0.0, 0.0]","[0.0, 0.0, 0.0, 0.0]",0.0,0.0,"[0.0, 0.0, 0.0, 0.0]","[0.0, 0.0, 0.0, 0.0]",0.0,0.0,"[0.0, 0.0, 0.0, 0.0]","[0.0, 0.0, 0.0, 0.0]",0.0,0.0,[0.0],[0.0],0.0,0.0,"[2.919042126364344e-10, 5.390199450739436e-10, 1.7633117286919554e-19, 4.263892432392636e-17]","[2.704353125735302e-07, 2.8463931559523323e-07, 3.5768109102724635e-07, 0.0006003745558279743]",
T5-B_best-healthy,5.0,B_best,healthy,post_lap_1,16.0,21.0,True,500,16.0,21.0,0.7399949695334572,0.133586657980196,0.7519560825773937,0.8685077908802359,0.18922635404193566,0.9340214929499769,0.1688970094799279,"[-0.012184256546501213, 0.0013016631957672024, -0.002175424229482375]",0.012253588644400161,-0.0021754242294823884,4.204791821147063,5.706740684644036,7.994490943024612,7.3720628881292996,0.24077458107967925,-0.47764200627097525,0.4848955758713681,-0.5525810713595969,0.5589891192458012,"[0.0, 0.0, 0.0, 0.0]","[0.0, 0.0, 0.0, 0.0]",0.0,0.0,"[0.0, 0.0, 0.0, 0.0]","[0.0, 0.0, 0.0, 0.0]",0.0,0.0,"[0.0, 0.0, 0.0, 0.0]","[0.0, 0.0, 0.0, 0.0]",0.0,0.0,[0.0],[0.0],0.0,0.0,"[4.2519816258411566e-10, 5.755416883749543e-10, 1.8619410911783378e-19, 4.426992558620852e-17]","[2.979840169630468e-07, 3.840056230565197e-07, 2.756209126629224e-07, 0.0006153400997726244]",
T5-B_best-healthy,5.0,B_best,healthy,post_lap_2,21.0,26.0,True,500,21.0,26.0,0.7414484797921163,0.13399411089430888,0.7534588707689336,0.8633780671382235,0.18857573233910618,0.9338533656737835,0.16876613675964788,"[-0.0037126862706093684, -7.912620822995153e-07, -0.0004672004690821867]",0.0037126863549277874,-0.0004672004690821865,4.205000362383918,5.7057008114267,7.990931879763271,7.3895576073057825,0.240780392055555,-0.477775004159525,0.4852256228044059,-0.5542113061242073,0.5606263846449939,"[0.0, 0.0, 0.0, 0.0]","[0.0, 0.0, 0.0, 0.0]",0.0,0.0,"[0.0, 0.0, 0.0, 0.0]","[0.0, 0.0, 0.0, 0.0]",0.0,0.0,"[0.0, 0.0, 0.0, 0.0]","[0.0, 0.0, 0.0, 0.0]",0.0,0.0,[0.0],[0.0],0.0,0.0,"[4.2529552523564586e-10, 5.756985374828527e-10, 1.913823767887334e-19, 4.5097472448829373e-17]","[2.9845691564565586e-07, 3.846575719603208e-07, 2.756879140701451e-07, 0.0006150786032416643]",
T5-B_best-healthy,5.0,B_best,healthy,post_lap_3,26.0,31.0,True,500,26.0,31.0,0.7418670273108391,0.13409104999295351,0.753887986307803,0.8619333829165564,0.18902469546261313,0.9337961776866198,0.16873303441160453,"[-0.0011278439575487284, -0.00011168418551919268, -8.807403814133607e-05]",0.001133360203057379,-8.807403814135739e-05,4.205037195715249,5.705394549917151,7.99002393745434,7.394677774060603,0.24078299298091804,-0.4777598644167019,0.4852861567881014,-0.5546993823776488,0.5611274652348213,"[0.0, 0.0, 0.0, 0.0]","[0.0, 0.0, 0.0, 0.0]",0.0,0.0,"[0.0, 0.0, 0.0, 0.0]","[0.0, 0.0, 0.0, 0.0]",0.0,0.0,"[0.0, 0.0, 0.0, 0.0]","[0.0, 0.0, 0.0, 0.0]",0.0,0.0,[0.0],[0.0],0.0,0.0,"[4.253292692198208e-10, 5.756985549485302e-10, 1.909333330476848e-19, 4.651026245395471e-17]","[2.9854331680095365e-07, 3.846836971769898e-07, 2.756873430185184e-07, 0.0006150351598247447]",
T5-B_best-healthy,5.0,B_best,healthy,post_all,16.0,31.0,True,1500,16.0,31.0,0.7411039264349465,0.1338907846379366,0.7531014353911808,0.8685077908802359,0.18922635404193566,0.9338903503329318,0.16879874173088175,"[-0.005674928924886434, 0.00039639591605522475, -0.0009102329122353069]",0.005688756281014152,-0.0009102329122353131,4.204943127803391,5.705945377747411,7.994490943024612,7.394677774060603,0.24078299298091804,-0.47772562494906745,0.48513581551826457,-0.5538305866204843,0.5602484005142031,"[0.0, 0.0, 0.0, 0.0]","[0.0, 0.0, 0.0, 0.0]",0.0,0.0,"[0.0, 0.0, 0.0, 0.0]","[0.0, 0.0, 0.0, 0.0]",0.0,0.0,"[0.0, 0.0, 0.0, 0.0]","[0.0, 0.0, 0.0, 0.0]",0.0,0.0,[0.0],[0.0],0.0,0.0,"[4.2527432264576343e-10, 5.756462650179088e-10, 1.895178075047192e-19, 4.530199718267549e-17]","[2.983281844259586e-07, 3.844490920261497e-07, 2.756653917113406e-07, 0.0006151513023570015]",
T5-B_best-healthy,5.0,B_best,healthy,last_lap,26.0,31.0,True,500,26.0,31.0,0.7418670273108391,0.13409104999295351,0.753887986307803,0.8619333829165564,0.18902469546261313,0.9337961776866198,0.16873303441160453,"[-0.0011278439575487284, -0.00011168418551919268, -8.807403814133607e-05]",0.001133360203057379,-8.807403814135739e-05,4.205037195715249,5.705394549917151,7.99002393745434,7.394677774060603,0.24078299298091804,-0.4777598644167019,0.4852861567881014,-0.5546993823776488,0.5611274652348213,"[0.0, 0.0, 0.0, 0.0]","[0.0, 0.0, 0.0, 0.0]",0.0,0.0,"[0.0, 0.0, 0.0, 0.0]","[0.0, 0.0, 0.0, 0.0]",0.0,0.0,"[0.0, 0.0, 0.0, 0.0]","[0.0, 0.0, 0.0, 0.0]",0.0,0.0,[0.0],[0.0],0.0,0.0,"[4.253292692198208e-10, 5.756985549485302e-10, 1.909333330476848e-19, 4.651026245395471e-17]","[2.9854331680095365e-07, 3.846836971769898e-07, 2.756873430185184e-07, 0.0006150351598247447]",
T5-B_best-blind_fault,5.0,B_best,blind_fault,hover,0.0,5.0,True,500,0.0,5.0,0.0013211050728680136,0.0012999002940392733,0.001853391320795743,0.002393829080652363,0.002029536658774589,0.0017899632306934692,0.001424650027607721,"[0.0011048136466595894, -0.00043479968184939984, 0.00123080960309682]",0.0011872927007194139,0.00123080960309682,0.0053197312601196015,0.05723092571154538,0.18121041310142516,0.9796232071065533,0.05286666959248214,0.0011048136466595894,0.0012350828574290808,-0.0004347996818493998,0.000468923180107805,"[0.0, 0.0, 0.0, 0.0]","[0.0, 0.0, 0.0, 0.0]",0.0,0.0,"[0.0, 0.0, 0.0, 0.0]","[0.0, 0.0, 0.0, 0.0]",0.0,0.0,"[0.0, 0.0, 0.0, 0.0]","[0.0, 0.0, 0.0, 0.0]",0.0,0.0,[0.0],[0.0],0.0,0.0,"[1.4148324049954347e-10, 2.705424732623034e-09, 1.9920470620920136e-19, 4.858415111783857e-17]","[8.889742434824457e-07, 1.7386809663504857e-05, 4.1324279303987364e-06, 0.0010025783881845007]",
T5-B_best-blind_fault,5.0,B_best,blind_fault,entry_warmup,5.0,11.0,True,600,5.0,11.0,0.6498603216112856,0.11868723617604411,0.6606096408892559,0.9478474344728206,0.2108132885021602,0.7806823238282673,0.12535711945165903,"[-0.03251698150119437, 0.0660389332629647, -0.018644055797209406]",0.0736104258407688,-0.018644055797209423,3.7577625203974314,4.428277056393799,8.045236763255955,7.761558793133164,0.2490060985563661,-0.33284266179707483,0.3953108528527134,-0.4668169418674479,0.5157981845853898,"[0.0, 0.0, 0.0, 0.0]","[0.0, 0.0, 0.0, 0.0]",0.0,0.0,"[0.0, 0.0, 0.0, 0.0]","[0.0, 0.0, 0.0, 0.0]",0.0,0.0,"[0.0, 0.0, 0.0, 0.0]","[0.0, 0.0, 0.0, 0.0]",0.0,0.0,[0.0],[0.0],0.0,0.0,"[6.146871634101292e-10, 6.881985443087297e-10, 1.8469125579225434e-19, 4.400229051716788e-17]","[7.136352869695611e-07, 1.1052004063606855e-06, 2.6276189601857517e-07, 0.0005655387305544697]",
T5-B_best-blind_fault,5.0,B_best,blind_fault,prefault_lap,11.0,16.0,True,500,11.0,16.0,0.7355569163420678,0.13217998806715026,0.7473389635393592,0.8866913030393236,0.19346450399392257,0.9344817627315021,0.16939974920113196,"[-0.03979050778056301, 0.008803999976952574, -0.009400207907313636]",0.04075285174106502,-0.009400207907313643,4.205042698842287,5.708072713558623,8.01489563302424,7.3138620127618585,0.2404350642931123,-0.47657020605976025,0.48373979177186666,-0.5472115237162101,0.5541117134975246,"[0.0, 0.0, 0.0, 0.0]","[0.0, 0.0, 0.0, 0.0]",0.0,0.0,"[0.0, 0.0, 0.0, 0.0]","[0.0, 0.0, 0.0, 0.0]",0.0,0.0,"[0.0, 0.0, 0.0, 0.0]","[0.0, 0.0, 0.0, 0.0]",0.0,0.0,[0.0],[0.0],0.0,0.0,"[4.2713556904451773e-10, 5.745466395307767e-10, 1.8077986305229482e-19, 4.54378355600601e-17]","[3.0406005607956083e-07, 3.93421867159534e-07, 2.7697265133185783e-07, 0.0006135965107276057]",
T5-B_best-blind_fault,5.0,B_best,blind_fault,post_first_2s,16.0,18.0,True,200,16.0,18.0,0.7549313601464638,0.119577425622554,0.7643429330157422,0.8760423975733912,0.17325196861730374,0.9381011218789315,0.16186957174663447,"[0.43482395025802356, -0.40906757481205874, 0.08804130251796946]",0.596999286834257,0.08804130251796954,7.321109851655297,6.327705169646584,15.458410505819419,11.920511165984701,2.2828424664374287,-0.4057864088757224,0.4205744121668747,-0.6206103578246883,0.6269278446225511,"[0.0, 0.0, 0.0, 0.0]","[0.0, 0.0, 0.0, 0.0]",0.0,0.0,"[0.0, 0.0, 0.0, 0.0]","[0.0, 0.0, 0.0, 0.0]",0.0,0.0,"[0.0, 0.0, 0.0, 0.0]","[0.0, 0.0, 0.0, 0.0]",0.0,0.0,[0.0],[0.0],0.0,0.0,"[0.0016190371669834729, 0.0016190387822980273, 0.00027201569680037246, 0.04579388835023099]","[0.0005219032957996701, 0.00034931350036604284, 3.9454866061773375e-05, 0.008214140944272395]",
T5-B_best-blind_fault,5.0,B_best,blind_fault,post_lap_1,16.0,21.0,True,500,16.0,21.0,0.7488336230173847,0.1288227325472839,0.7598335945338898,0.8760423975733912,0.19656688356656515,0.9483461444655161,0.16325859303004006,"[0.06641533020537632, 0.07365577579243443, -0.01334542367078299]",0.09917746414319406,-0.013345423670782935,5.645124486894696,5.861153940956256,15.458410505819419,12.374948160952492,2.2828424664374287,-0.4733332318046863,0.4846781634458035,-0.5615746250866065,0.5708229785495197,"[0.0, 0.0, 0.0, 0.0]","[0.0, 0.0, 0.0, 0.0]",0.0,0.0,"[0.0, 0.0, 0.0, 0.0]","[0.0, 0.0, 0.0, 0.0]",0.0,0.0,"[0.0, 0.0, 0.0, 0.0]","[0.0, 0.0, 0.0, 0.0]",0.0,0.0,[0.0],[0.0],0.0,0.0,"[0.0016351584766118685, 0.0016351593438978275, 0.00027472371330331604, 0.04624978338439642]","[0.0003301399718787759, 0.00022101395778782786, 2.4957750503485678e-05, 0.005245859588532628]",
T5-B_best-blind_fault,5.0,B_best,blind_fault,post_lap_2,21.0,26.0,True,500,21.0,26.0,0.7361603401491216,0.13244560192450297,0.7479798686312448,0.854139200467316,0.19065623288921463,0.923435090068223,0.16769778674442262,"[0.02897031111312479, 0.026132357032712616, -0.002905994767336838]",0.039015112585719984,-0.002905994767336864,4.267385440586039,5.684776682852477,8.04224952496031,12.944576975320665,0.2443231908062426,-0.46484349306976186,0.47444315462375064,-0.5557708762145142,0.5628816389252133,"[0.0, 0.0, 0.0, 0.0]","[0.0, 0.0, 0.0, 0.0]",0.0,0.0,"[0.0, 0.0, 0.0, 0.0]","[0.0, 0.0, 0.0, 0.0]",0.0,0.0,"[0.0, 0.0, 0.0, 0.0]","[0.0, 0.0, 0.0, 0.0]",0.0,0.0,[0.0],[0.0],0.0,0.0,"[0.0016249860698991322, 0.0016249860747006599, 0.0002730142097151448, 0.04596198816753285]","[2.857662746205714e-07, 4.362830540941256e-07, 2.748641444265121e-07, 0.0006253868475163776]",
T5-B_best-blind_fault,5.0,B_best,blind_fault,post_lap_3,26.0,31.0,True,500,26.0,31.0,0.73488297573793,0.13293428583319528,0.7468095556294233,0.8555043998516663,0.18943504483374163,0.924283972484334,0.16753661375119183,"[0.008678126694998413, 0.008090224103749783, -0.0007944737718413004]",0.01186429976793144,-0.0007944737718412895,4.268940539685166,5.688372469238233,8.044210992335945,13.022890070090755,0.2442955498060459,-0.46861763335915246,0.47671493170688317,-0.552635380344984,0.5592815587136202,"[0.0, 0.0, 0.0, 0.0]","[0.0, 0.0, 0.0, 0.0]",0.0,0.0,"[0.0, 0.0, 0.0, 0.0]","[0.0, 0.0, 0.0, 0.0]",0.0,0.0,"[0.0, 0.0, 0.0, 0.0]","[0.0, 0.0, 0.0, 0.0]",0.0,0.0,[0.0],[0.0],0.0,0.0,"[0.001625074410281472, 0.0016250744259444934, 0.00027302905174912136, 0.045964486826451385]","[2.3485434916690923e-07, 4.1053587903670406e-07, 2.755274638257564e-07, 0.000606302669983486]",
T5-B_best-blind_fault,5.0,B_best,blind_fault,post_all,16.0,31.0,True,1500,16.0,31.0,0.7399857722504417,0.13141367031892662,0.7515640331201154,0.8760423975733912,0.19656688356656515,0.9320932780724145,0.16617704697534907,"[0.03468792267116655, 0.03595945230963225, -0.0056819640699870355]",0.04996332844846855,-0.005681964069987036,4.771507878453494,5.745357337371852,15.458410505819419,13.022890070090755,2.2828424664374287,-0.4689314527445335,0.47863220228857406,-0.556660293882035,0.5643493227297008,"[0.0, 0.0, 0.0, 0.0]","[0.0, 0.0, 0.0, 0.0]",0.0,0.0,"[0.0, 0.0, 0.0, 0.0]","[0.0, 0.0, 0.0, 0.0]",0.0,0.0,"[0.0, 0.0, 0.0, 0.0]","[0.0, 0.0, 0.0, 0.0]",0.0,0.0,[0.0],[0.0],0.0,0.0,"[0.0016284133187404212, 0.001628413615840716, 0.0002735901682301302, 0.046058950880493194]","[0.0001906065212692079, 0.0001276029367734811, 1.4411115800837574e-05, 0.0030701658185009768]",
T5-B_best-blind_fault,5.0,B_best,blind_fault,last_lap,26.0,31.0,True,500,26.0,31.0,0.73488297573793,0.13293428583319528,0.7468095556294233,0.8555043998516663,0.18943504483374163,0.924283972484334,0.16753661375119183,"[0.008678126694998413, 0.008090224103749783, -0.0007944737718413004]",0.01186429976793144,-0.0007944737718412895,4.268940539685166,5.688372469238233,8.044210992335945,13.022890070090755,0.2442955498060459,-0.46861763335915246,0.47671493170688317,-0.552635380344984,0.5592815587136202,"[0.0, 0.0, 0.0, 0.0]","[0.0, 0.0, 0.0, 0.0]",0.0,0.0,"[0.0, 0.0, 0.0, 0.0]","[0.0, 0.0, 0.0, 0.0]",0.0,0.0,"[0.0, 0.0, 0.0, 0.0]","[0.0, 0.0, 0.0, 0.0]",0.0,0.0,[0.0],[0.0],0.0,0.0,"[0.001625074410281472, 0.0016250744259444934, 0.00027302905174912136, 0.045964486826451385]","[2.3485434916690923e-07, 4.1053587903670406e-07, 2.755274638257564e-07, 0.000606302669983486]",
T5-B_best-oracle_fault,5.0,B_best,oracle_fault,hover,0.0,5.0,True,500,0.0,5.0,0.0013211050728680136,0.0012999002940392733,0.001853391320795743,0.002393829080652363,0.002029536658774589,0.0017899632306934692,0.001424650027607721,"[0.0011048136466595894, -0.00043479968184939984, 0.00123080960309682]",0.0011872927007194139,0.00123080960309682,0.0053197312601196015,0.05723092571154538,0.18121041310142516,0.9796232071065533,0.05286666959248214,0.0011048136466595894,0.0012350828574290808,-0.0004347996818493998,0.000468923180107805,"[0.0, 0.0, 0.0, 0.0]","[0.0, 0.0, 0.0, 0.0]",0.0,0.0,"[0.0, 0.0, 0.0, 0.0]","[0.0, 0.0, 0.0, 0.0]",0.0,0.0,"[0.0, 0.0, 0.0, 0.0]","[0.0, 0.0, 0.0, 0.0]",0.0,0.0,[0.0],[0.0],0.0,0.0,"[1.4148324049954347e-10, 2.705424732623034e-09, 1.9920470620920136e-19, 4.858415111783857e-17]","[8.889742434824457e-07, 1.7386809663504857e-05, 4.1324279303987364e-06, 0.0010025783881845007]",
T5-B_best-oracle_fault,5.0,B_best,oracle_fault,entry_warmup,5.0,11.0,True,600,5.0,11.0,0.6498603216112856,0.11868723617604411,0.6606096408892559,0.9478474344728206,0.2108132885021602,0.7806823238282673,0.12535711945165903,"[-0.03251698150119437, 0.0660389332629647, -0.018644055797209406]",0.0736104258407688,-0.018644055797209423,3.7577625203974314,4.428277056393799,8.045236763255955,7.761558793133164,0.2490060985563661,-0.33284266179707483,0.3953108528527134,-0.4668169418674479,0.5157981845853898,"[0.0, 0.0, 0.0, 0.0]","[0.0, 0.0, 0.0, 0.0]",0.0,0.0,"[0.0, 0.0, 0.0, 0.0]","[0.0, 0.0, 0.0, 0.0]",0.0,0.0,"[0.0, 0.0, 0.0, 0.0]","[0.0, 0.0, 0.0, 0.0]",0.0,0.0,[0.0],[0.0],0.0,0.0,"[6.146871634101292e-10, 6.881985443087297e-10, 1.8469125579225434e-19, 4.400229051716788e-17]","[7.136352869695611e-07, 1.1052004063606855e-06, 2.6276189601857517e-07, 0.0005655387305544697]",
T5-B_best-oracle_fault,5.0,B_best,oracle_fault,prefault_lap,11.0,16.0,True,500,11.0,16.0,0.7355569163420678,0.13217998806715026,0.7473389635393592,0.8866913030393236,0.19346450399392257,0.9344817627315021,0.16939974920113196,"[-0.03979050778056301, 0.008803999976952574, -0.009400207907313636]",0.04075285174106502,-0.009400207907313643,4.205042698842287,5.708072713558623,8.01489563302424,7.3138620127618585,0.2404350642931123,-0.47657020605976025,0.48373979177186666,-0.5472115237162101,0.5541117134975246,"[0.0, 0.0, 0.0, 0.0]","[0.0, 0.0, 0.0, 0.0]",0.0,0.0,"[0.0, 0.0, 0.0, 0.0]","[0.0, 0.0, 0.0, 0.0]",0.0,0.0,"[0.0, 0.0, 0.0, 0.0]","[0.0, 0.0, 0.0, 0.0]",0.0,0.0,[0.0],[0.0],0.0,0.0,"[4.2713556904451773e-10, 5.745466395307767e-10, 1.8077986305229482e-19, 4.54378355600601e-17]","[3.0406005607956083e-07, 3.93421867159534e-07, 2.7697265133185783e-07, 0.0006135965107276057]",
T5-B_best-oracle_fault,5.0,B_best,oracle_fault,post_first_2s,16.0,18.0,True,200,16.0,18.0,0.7499905668715873,0.13325389056278977,0.7617364700120932,0.8387109858414296,0.18737353996883344,0.8982137518103207,0.16980876863997627,"[0.361783622466183, -0.4946187980000491, 0.10171021663680448]",0.6128092238370495,0.1017102166368045,3.9599944595130356,6.248252144067253,9.157794634482023,5.588851889894719,1.5602708694432657,-0.47809686876446944,0.48611577557066465,-0.5671647545845971,0.571119342289942,"[0.0, 0.0, 0.0, 0.0]","[0.0, 0.0, 0.0, 0.0]",0.0,0.0,"[0.0, 0.0, 0.0, 0.0]","[0.0, 0.0, 0.0, 0.0]",0.0,0.0,"[0.0, 0.0, 0.0, 0.0]","[0.0, 0.0, 0.0, 0.0]",0.0,0.0,[0.0],[0.0],0.0,0.0,"[9.228444826926547e-08, 1.0245524381297434e-07, 3.0613682037234142e-18, 9.62282244074671e-17]","[0.0006009925570858338, 0.0006730490740713761, 4.724735690019996e-05, 0.006980698137454007]",
T5-B_best-oracle_fault,5.0,B_best,oracle_fault,post_lap_1,16.0,21.0,True,500,16.0,21.0,0.7394693309608414,0.13340081912720828,0.7514057958090851,0.8683497326852281,0.18885663371668093,0.93347941443094,0.16871508656956807,"[-0.011727484445288297, 0.0016167997080930331, -0.0023385680245876428]",0.011838409213681064,-0.00233856802458763,4.237917809963091,5.728445817246609,9.157794634482023,7.324375658170436,1.5602708694432657,-0.47667557619705553,0.4841477508408656,-0.5524711006261074,0.5589417203854132,"[0.0, 0.0, 0.0, 0.0]","[0.0, 0.0, 0.0, 0.0]",0.0,0.0,"[0.0, 0.0, 0.0, 0.0]","[0.0, 0.0, 0.0, 0.0]",0.0,0.0,"[0.0, 0.0, 0.0, 0.0]","[0.0, 0.0, 0.0, 0.0]",0.0,0.0,[0.0],[0.0],0.0,0.0,"[5.8392002571090264e-08, 6.480462890007157e-08, 3.085971874708756e-18, 9.720000995466037e-17]","[0.00038025644056455867, 0.0004256993164557152, 2.9885469050135154e-05, 0.004445245687419646]",
T5-B_best-oracle_fault,5.0,B_best,oracle_fault,post_lap_2,21.0,26.0,True,500,21.0,26.0,0.7414487568954262,0.13401712040293037,0.7534632357738938,0.8634831630790226,0.18869377192518977,0.933867003976477,0.16876490246708978,"[-0.004036127980621749, -0.000219351475635967, -0.00035499814213111415]",0.004042084133936536,-0.00035499814213116565,4.206792444885348,5.703116402393679,8.026611968999365,7.390147191933509,0.24031157087167593,-0.4778313045935593,0.48527207447538234,-0.554171341032299,0.5605865435738998,"[0.0, 0.0, 0.0, 0.0]","[0.0, 0.0, 0.0, 0.0]",0.0,0.0,"[0.0, 0.0, 0.0, 0.0]","[0.0, 0.0, 0.0, 0.0]",0.0,0.0,"[0.0, 0.0, 0.0, 0.0]","[0.0, 0.0, 0.0, 0.0]",0.0,0.0,[0.0],[0.0],0.0,0.0,"[4.3041225267469116e-10, 5.711257672518047e-10, 3.087387697502991e-18, 9.6977838212819e-17]","[3.114696291279157e-07, 4.0110918068890694e-07, 2.772062922578601e-07, 0.0006138201049169391]",
T5-B_best-oracle_fault,5.0,B_best,oracle_fault,post_lap_3,26.0,31.0,True,500,26.0,31.0,0.741862701464581,0.13409819149709448,0.7538849997095827,0.8619568964589194,0.1890638402015592,0.9337990187545554,0.16873298556925326,"[-0.0012217837775733028, -0.00017709201461678625, -5.372054350588295e-05]",0.0012345514087239633,-5.372054350588229e-05,4.20501560808298,5.705428946535641,7.990441271262753,7.394562663403479,0.24079551236733707,-0.4777738702478022,0.48529734711824707,-0.5546837107217294,0.5611120678655179,"[0.0, 0.0, 0.0, 0.0]","[0.0, 0.0, 0.0, 0.0]",0.0,0.0,"[0.0, 0.0, 0.0, 0.0]","[0.0, 0.0, 0.0, 0.0]",0.0,0.0,"[0.0, 0.0, 0.0, 0.0]","[0.0, 0.0, 0.0, 0.0]",0.0,0.0,[0.0],[0.0],0.0,0.0,"[4.2531879454331353e-10, 5.756211324161736e-10, 3.0862366726957454e-18, 9.91771617459106e-17]","[2.982419843898955e-07, 3.8412472301718705e-07, 2.755877119077259e-07, 0.0006152054501648347]",
T5-B_best-oracle_fault,5.0,B_best,oracle_fault,post_all,16.0,31.0,True,1500,16.0,31.0,0.7409276659156802,0.13383907260549277,0.7529187894289504,0.8683497326852281,0.1890638402015592,0.9337151610116979,0.16873765945990143,"[-0.005661798734494455, 0.00040678540594678053, -0.0009157622367415514]",0.005676393157315153,-0.000915762236741557,4.216602356659853,5.712341832802282,9.157794634482023,7.394562663403479,1.5602708694432657,-0.4774269170128056,0.4849060204582321,-0.553775384126712,0.5602142067482923,"[0.0, 0.0, 0.0, 0.0]","[0.0, 0.0, 0.0, 0.0]",0.0,0.0,"[0.0, 0.0, 0.0, 0.0]","[0.0, 0.0, 0.0, 0.0]",0.0,0.0,"[0.0, 0.0, 0.0, 0.0]","[0.0, 0.0, 0.0, 0.0]",0.0,0.0,[0.0],[0.0],0.0,0.0,"[3.371444851022794e-08, 3.741789879726054e-08, 3.0865321428251214e-18, 9.779000025836554e-17]","[0.0002195412994954397, 0.0002457778241089841, 1.7255859413177206e-05, 0.002615050164505184]",
T5-B_best-oracle_fault,5.0,B_best,oracle_fault,last_lap,26.0,31.0,True,500,26.0,31.0,0.741862701464581,0.13409819149709448,0.7538849997095827,0.8619568964589194,0.1890638402015592,0.9337990187545554,0.16873298556925326,"[-0.0012217837775733028, -0.00017709201461678625, -5.372054350588295e-05]",0.0012345514087239633,-5.372054350588229e-05,4.20501560808298,5.705428946535641,7.990441271262753,7.394562663403479,0.24079551236733707,-0.4777738702478022,0.48529734711824707,-0.5546837107217294,0.5611120678655179,"[0.0, 0.0, 0.0, 0.0]","[0.0, 0.0, 0.0, 0.0]",0.0,0.0,"[0.0, 0.0, 0.0, 0.0]","[0.0, 0.0, 0.0, 0.0]",0.0,0.0,"[0.0, 0.0, 0.0, 0.0]","[0.0, 0.0, 0.0, 0.0]",0.0,0.0,[0.0],[0.0],0.0,0.0,"[4.2531879454331353e-10, 5.756211324161736e-10, 3.0862366726957454e-18, 9.91771617459106e-17]","[2.982419843898955e-07, 3.8412472301718705e-07, 2.755877119077259e-07, 0.0006152054501648347]",
T5-B_best-estimated_fault,5.0,B_best,estimated_fault,hover,0.0,5.0,True,500,0.0,5.0,0.0013211050728680136,0.0012999002940392733,0.001853391320795743,0.002393829080652363,0.002029536658774589,0.0017899632306934692,0.001424650027607721,"[0.0011048136466595894, -0.00043479968184939984, 0.00123080960309682]",0.0011872927007194139,0.00123080960309682,0.0053197312601196015,0.05723092571154538,0.18121041310142516,0.9796232071065533,0.05286666959248214,0.0011048136466595894,0.0012350828574290808,-0.0004347996818493998,0.000468923180107805,"[0.0, 0.0, 0.0, 0.0]","[0.0, 0.0, 0.0, 0.0]",0.0,0.0,"[0.0, 0.0, 0.0, 0.0]","[0.0, 0.0, 0.0, 0.0]",0.0,0.0,"[0.0, 0.0, 0.0, 0.0]","[0.0, 0.0, 0.0, 0.0]",0.0,0.0,[0.0],[0.0],0.0,0.0,"[1.4148324049954347e-10, 2.705424732623034e-09, 1.9920470620920136e-19, 4.858415111783857e-17]","[8.889742434824457e-07, 1.7386809663504857e-05, 4.1324279303987364e-06, 0.0010025783881845007]",
T5-B_best-estimated_fault,5.0,B_best,estimated_fault,entry_warmup,5.0,11.0,True,600,5.0,11.0,0.6498603216112856,0.11868723617604411,0.6606096408892559,0.9478474344728206,0.2108132885021602,0.7806823238282673,0.12535711945165903,"[-0.03251698150119437, 0.0660389332629647, -0.018644055797209406]",0.0736104258407688,-0.018644055797209423,3.7577625203974314,4.428277056393799,8.045236763255955,7.761558793133164,0.2490060985563661,-0.33284266179707483,0.3953108528527134,-0.4668169418674479,0.5157981845853898,"[0.0, 0.0, 0.0, 0.0]","[0.0, 0.0, 0.0, 0.0]",0.0,0.0,"[0.0, 0.0, 0.0, 0.0]","[0.0, 0.0, 0.0, 0.0]",0.0,0.0,"[0.0, 0.0, 0.0, 0.0]","[0.0, 0.0, 0.0, 0.0]",0.0,0.0,[0.0],[0.0],0.0,0.0,"[6.146871634101292e-10, 6.881985443087297e-10, 1.8469125579225434e-19, 4.400229051716788e-17]","[7.136352869695611e-07, 1.1052004063606855e-06, 2.6276189601857517e-07, 0.0005655387305544697]",
T5-B_best-estimated_fault,5.0,B_best,estimated_fault,prefault_lap,11.0,16.0,True,500,11.0,16.0,0.7355569163420678,0.13217998806715026,0.7473389635393592,0.8866913030393236,0.19346450399392257,0.9344817627315021,0.16939974920113196,"[-0.03979050778056301, 0.008803999976952574, -0.009400207907313636]",0.04075285174106502,-0.009400207907313643,4.205042698842287,5.708072713558623,8.01489563302424,7.3138620127618585,0.2404350642931123,-0.47657020605976025,0.48373979177186666,-0.5472115237162101,0.5541117134975246,"[0.0, 0.0, 0.0, 0.0]","[0.0, 0.0, 0.0, 0.0]",0.0,0.0,"[0.0, 0.0, 0.0, 0.0]","[0.0, 0.0, 0.0, 0.0]",0.0,0.0,"[0.0, 0.0, 0.0, 0.0]","[0.0, 0.0, 0.0, 0.0]",0.0,0.0,[0.0],[0.0],0.0,0.0,"[4.2713556904451773e-10, 5.745466395307767e-10, 1.8077986305229482e-19, 4.54378355600601e-17]","[3.0406005607956083e-07, 3.93421867159534e-07, 2.7697265133185783e-07, 0.0006135965107276057]",
T5-B_best-estimated_fault,5.0,B_best,estimated_fault,post_first_2s,16.0,18.0,True,200,16.0,18.0,0.7476261354836287,0.1322088955868526,0.7592259416869792,0.8406506609682817,0.18885507307755667,0.8956713758452438,0.1696604355955049,"[0.36620975671034595, -0.4909772174962269, 0.09935143125729351]",0.6125097664610647,0.09935143125729347,5.171989998778053,6.4827463215691425,12.770270203297228,6.859644160884391,3.3865459437041894,-0.47380225609298776,0.4831162255435967,-0.5662327205399026,0.5705642392182442,"[0.0, 0.0, 0.0, 0.0]","[0.0, 0.0, 0.0, 0.0]",0.0,0.0,"[0.0, 0.0, 0.0, 0.0]","[0.0, 0.0, 0.0, 0.0]",0.0,0.0,"[0.0, 0.0, 0.0, 0.0]","[0.0, 0.0, 0.0, 0.0]",0.0,0.0,[0.0],[0.0],0.0,0.0,"[0.0003181234740803159, 0.0003181111220256748, 5.345151052378786e-05, 0.008998570795250474]","[0.0008715473309129731, 0.0006733617813788073, 6.856255168665487e-05, 0.012099037719188986]",
T5-B_best-estimated_fault,5.0,B_best,estimated_fault,post_lap_1,16.0,21.0,True,500,16.0,21.0,0.7384737576480397,0.13267628355476963,0.7502975989250672,0.8676657192597058,0.18885507307755667,0.9339196835317012,0.1682402288790219,"[-0.010635894432844016, 0.0022522528870483, -0.0028463707868195956]",0.010871747488505229,-0.002846370786819605,4.742284472242984,5.846606337795391,12.770270203297228,7.200350318307456,3.3865459437041894,-0.4746720146549021,0.4827306538057793,-0.5521735406678235,0.5588511488858732,"[0.0, 0.0, 0.0, 0.0]","[0.0, 0.0, 0.0, 0.0]",0.0,0.0,"[0.0, 0.0, 0.0, 0.0]","[0.0, 0.0, 0.0, 0.0]",0.0,0.0,"[0.0, 0.0, 0.0, 0.0]","[0.0, 0.0, 0.0, 0.0]",0.0,0.0,[0.0],[0.0],0.0,0.0,"[0.00020119895106138257, 0.0002011911389428577, 3.380570352633356e-05, 0.005691195879854124]","[0.0005513072963123884, 0.0004261391796345283, 4.3370016280956584e-05, 0.007677249675578238]",
T5-B_best-estimated_fault,5.0,B_best,estimated_fault,post_lap_2,21.0,26.0,True,500,21.0,26.0,0.7414432383229819,0.13408815032792357,0.7534704424947497,0.86377206199441,0.18910100794452456,0.9339176874088967,0.16873712503349142,"[-0.004810040228846616, -0.0006593358435319855, -7.32925237760651e-06]",0.004855019130517287,-7.3292523776302685e-06,4.211808036573046,5.697253641511069,8.139778559823355,7.391316232788604,0.23901474763099098,-0.47795247824404996,0.485371222583089,-0.554079533712889,0.5604934004455963,"[0.0, 0.0, 0.0, 0.0]","[0.0, 0.0, 0.0, 0.0]",0.0,0.0,"[0.0, 0.0, 0.0, 0.0]","[0.0, 0.0, 0.0, 0.0]",0.0,0.0,"[0.0, 0.0, 0.0, 0.0]","[0.0, 0.0, 0.0, 0.0]",0.0,0.0,[0.0],[0.0],0.0,0.0,"[4.75495054561627e-10, 6.105431987781374e-10, 2.0044051560190513e-11, 3.374419456508872e-09]","[3.977640999398302e-07, 6.241070804588057e-07, 2.873235477163761e-07, 0.0006113689982657792]",
T5-B_best-estimated_fault,5.0,B_best,estimated_fault,post_lap_3,26.0,31.0,True,500,26.0,31.0,0.7418483441712069,0.13412020444475797,0.7538747873419466,0.8620236745954637,0.1891851984720725,0.9338048171719533,0.16873296307238306,"[-0.0014461237636795435, -0.00030770022496091144, 5.3483889396395815e-05]",0.0014784969963850736,5.34838893964178e-05,4.204997684113359,5.705433463018979,7.9930030871364055,7.394361062934938,0.24081607093044455,-0.4778025982278499,0.4853192703821338,-0.5546454149382292,0.5610741230401869,"[0.0, 0.0, 0.0, 0.0]","[0.0, 0.0, 0.0, 0.0]",0.0,0.0,"[0.0, 0.0, 0.0, 0.0]","[0.0, 0.0, 0.0, 0.0]",0.0,0.0,"[0.0, 0.0, 0.0, 0.0]","[0.0, 0.0, 0.0, 0.0]",0.0,0.0,[0.0],[0.0],0.0,0.0,"[4.4301385405582913e-10, 5.752883040316612e-10, 1.9806481341056595e-11, 3.334424465611289e-09]","[2.97642604015568e-07, 3.8229067225847784e-07, 2.753642878557726e-07, 0.0006156821962508654]",
T5-B_best-estimated_fault,5.0,B_best,estimated_fault,post_all,16.0,31.0,True,1500,16.0,31.0,0.7405899747586935,0.13362990872377475,0.7525493094931432,0.8676657192597058,0.1891851984720725,0.9338807309138712,0.16857026705503753,"[-0.00563068614179005, 0.00042840560618514876, -0.0009334053832669355]",0.0056469600486241615,-0.0009334053832669368,4.393578438130546,5.7501732068346465,12.770270203297228,7.394361062934938,3.3865459437041894,-0.4768090303756006,0.4844752838689862,-0.5536328297729806,0.5601403485137877,"[0.0, 0.0, 0.0, 0.0]","[0.0, 0.0, 0.0, 0.0]",0.0,0.0,"[0.0, 0.0, 0.0, 0.0]","[0.0, 0.0, 0.0, 0.0]",0.0,0.0,"[0.0, 0.0, 0.0, 0.0]","[0.0, 0.0, 0.0, 0.0]",0.0,0.0,[0.0],[0.0],0.0,0.0,"[0.00011616226855656532, 0.00011615775822823583, 1.9517732031079813e-05, 0.0032858134732457246]","[0.0003182975451652509, 0.00024603193293784353, 2.5040744747461252e-05, 0.004460680037841287]",
T5-B_best-estimated_fault,5.0,B_best,estimated_fault,last_lap,26.0,31.0,True,500,26.0,31.0,0.7418483441712069,0.13412020444475797,0.7538747873419466,0.8620236745954637,0.1891851984720725,0.9338048171719533,0.16873296307238306,"[-0.0014461237636795435, -0.00030770022496091144, 5.3483889396395815e-05]",0.0014784969963850736,5.34838893964178e-05,4.204997684113359,5.705433463018979,7.9930030871364055,7.394361062934938,0.24081607093044455,-0.4778025982278499,0.4853192703821338,-0.5546454149382292,0.5610741230401869,"[0.0, 0.0, 0.0, 0.0]","[0.0, 0.0, 0.0, 0.0]",0.0,0.0,"[0.0, 0.0, 0.0, 0.0]","[0.0, 0.0, 0.0, 0.0]",0.0,0.0,"[0.0, 0.0, 0.0, 0.0]","[0.0, 0.0, 0.0, 0.0]",0.0,0.0,[0.0],[0.0],0.0,0.0,"[4.4301385405582913e-10, 5.752883040316612e-10, 1.9806481341056595e-11, 3.334424465611289e-09]","[2.97642604015568e-07, 3.8229067225847784e-07, 2.753642878557726e-07, 0.0006156821962508654]",
