frame,video_time_s,requested_simulation_time_s,state_time_s,estimate_time_s,trace_row,replay_row,truth_eta1,estimated_eta1,estimator_state,estimated_motor,qpos_sha256,motor_pixels,frame_rgb_sha256
0,0.0,2.0,2.0,2.0,199,200,1.0,1.0,healthy,0,bcea7d3abacfa4bf05871ede115e966bed08a5a2bae15dbba006949f9a8dd9b6,"[[469.5615691502832, 378.3870471606016], [526.9843657815662, 343.1261116168504], [468.9135736678437, 311.8736480240384], [411.46733715374194, 343.00061858644716]]",6eba4b3944e5550f3c30c99b99233aab21e34aa064d0018a9eddb1e6dac2834d
1,0.03333333333333333,2.033333333333333,2.0300000000000002,2.0300000000000002,202,203,1.0,1.0,healthy,0,fece8263ee23c3b8ae6936e7a68a33a7b9f7c311308da067c3b4404a8a64ed68,"[[469.5730293200508, 378.4128864302144], [526.99786632783, 343.15304280418854], [468.9246496014219, 311.9050308975294], [411.47665465034777, 343.0306868053093]]",560a9a55cdc2dedc1a8f11d68da191ea9a1f9bb5c7133e61c02d67f2277a6e0e
2,0.06666666666666667,2.066666666666667,2.06,2.06,205,206,1.0,1.0,healthy,0,169f9bbe026a11f7c7f3889d7eaf876178636e315e8c6e344bafa9bb3781627c,"[[469.58203390144246, 378.43056882263977], [527.0085030236256, 343.17508338840366], [468.93319833738263, 311.9364524831113], [411.48393604855585, 343.0578040888355]]",6018a9538f2365bd06ce318e220e3f2c3c26a1cd57577489cbbb2b6869fa2c3b
3,0.1,2.1,2.1,2.1,209,210,1.0,1.0,healthy,0,7f29db31f2ac4d2342cf8e89d4b22a6b27366798afebc8d94db94a51ffeed182,"[[469.5889358970056, 378.4554143651337], [527.0169831990501, 343.1981327527738], [468.9401615514841, 311.95770207502443], [411.489394838888, 343.0804821192785]]",9c9d6301253771c50db8b31fde0f7d3ec5abb977671ff258e6913135b8c194bc
4,0.13333333333333333,2.1333333333333333,2.13,2.13,212,213,1.0,1.0,healthy,0,2bd084916f12a3a45c14b84f331c3ad2af39541f44b20cd908e0b7ffb46d063b,"[[469.59032681528026, 378.47153691328504], [527.0190621113599, 343.2097451803956], [468.94193342766573, 311.9619249220254], [411.4903478444282, 343.088798383146]]",5ee8c42b5ba8987cbb3a250d18af5ec9e4ce8ec5f8e05f4baeac1efe3c66c4ff
5,0.16666666666666666,2.1666666666666665,2.16,2.16,215,216,1.0,1.0,healthy,0,a2791c4bef4bfe81d63da34b154b88f366ac8fae519aab8d360a6bb66a66450a,"[[469.5889574039652, 378.4768631300825], [527.017930720606, 343.2153374665661], [468.9408562700694, 311.9678451297772], [411.48906810459687, 343.0944339805713]]",21e8d645bea59ac0391d94fa433b28094d0dc8959090b1a789253e9011eb291f
6,0.2,2.2,2.2,2.2,219,220,1.0,1.0,healthy,0,8a23c61cdde5b8a37de8af53f81f985ef4952cdf40855535ab46b7f120fb0e21,"[[469.5826097445682, 378.4751013767974], [527.011308593647, 343.21520946346243], [468.9352085580814, 311.96898620403886], [411.4837202987504, 343.09408948200223]]",e21c260e6421d357781fc72af288a30212cf77df81515089c6d2fab73fd8d4c3
7,0.23333333333333334,2.2333333333333334,2.23,2.23,222,223,1.0,1.0,healthy,0,476f6b1c4b559c33cfb07215407ea3fe7519b5fb6e3abe0f4249435ac43ed91e,"[[469.5743531457741, 378.4757424123609], [527.0024821682098, 343.21106540465667], [468.92806919830525, 311.9544788040047], [411.4768595973514, 343.0841189028706]]",d281a0b9cea070d08b1d52b4c32cb8538a8abeb68e26d5f4f4411f0410ea08f0
8,0.26666666666666666,2.2666666666666666,2.2600000000000002,2.2600000000000002,225,226,1.0,1.0,healthy,0,677cec2f0a5d35a9fb35f592f212ad49b58231da74cd589133c2750164802c32,"[[469.5638783146789, 378.4727076614545], [526.991147782289, 343.20309388389995], [468.9188870651301, 311.9355934932], [411.4682240263715, 343.0699642204255]]",9a40a9f2f2809fb9a8a6bb0b183877abc217b14d8fb63b34f2843072b683f8a2
9,0.3,2.3,2.3000000000000003,2.3000000000000003,229,230,1.0,1.0,healthy,0,f8234cd460ea925b277520d98c8ac2f68cbc4d77c7da69c14668965fb0a9d160,"[[469.5477103292824, 378.45593458134516], [526.9734794441376, 343.1867823267919], [468.90433309903545, 311.9165700922344], [411.45505275189134, 343.0507567393282]]",84f8420a6f73b551b78c41f380fa100b31810ee427c65cdaabd729ee0610a22b
10,0.3333333333333333,2.3333333333333335,2.33,2.33,232,233,1.0,1.0,healthy,0,7b0d0f15e701091276ab0001b53511eb44b3d08f8e8113a7e50bd02f6015fad4,"[[469.53412820826054, 378.44298257780974], [526.9586380914244, 343.17274745597115], [468.89225374750595, 311.8974485804881], [411.4440653202502, 343.03285000098725]]",0b0216207d7849d0863872da50a1793e2c36cd1734b8133196f006078e096661
11,0.36666666666666664,2.3666666666666667,2.36,2.36,235,236,1.0,1.0,healthy,0,ee56c2ec1f11f193520c489bc5ef2078e606812425ca64441aa323cd99360511,"[[469.51972310772317, 378.43446347086285], [526.9429380176138, 343.1586338524029], [468.87970330901794, 311.8701530645741], [411.4324394928314, 343.01097813416254]]",a8498521f0300ba80c0c0d7355138250b00916eff42d7ac966f0240228788e4b
12,0.4,2.4,2.4,2.4,239,240,1.0,1.0,healthy,0,85c26d3b01d963f3dd4d0114e35665574db5b58d42abe0a9de0c75c9fd1c0e8c,"[[469.500947198308, 378.41930685255073], [526.922453108261, 343.1393171542553], [468.86326944857325, 311.83943678367035], [411.4174053080615, 342.9844353145]]",4efbad776595f8321bfc2835c305c5586a6e199d42dbe4f97423b156d4994292
13,0.43333333333333335,2.4333333333333336,2.43,2.43,242,243,1.0,1.0,healthy,0,7333e57335d0e192cf5d2ae556eaa64ecb3e4058d7882a1b4b9ad23c9b61efee,"[[469.48799514031947, 378.4042512174522], [526.908335421302, 343.1254594864356], [468.8518689427251, 311.8249290594739], [411.40716880482626, 342.9690307017006]]",127180f6ebfff1029c7e1ff8a59fa30a99bbf627725b78b462332fccf689ff07
14,0.4666666666666667,2.466666666666667,2.46,2.46,245,246,1.0,1.0,healthy,0,12b21425eaf3c4b21e5a45e61e4ecc2648fad8a095c8bfffbd8d48a68d684928,"[[469.4761138646223, 378.3947511152016], [526.8954851524247, 343.11432349929294], [468.8416913088056, 311.80832304771786], [411.39785410986855, 342.95413815410325]]",8937e1d9ef659e4d3807bbb05de4f95430ea0e6394739189139e0d038de60e01
15,0.5,2.5,2.5,2.5,249,250,1.0,1.0,healthy,0,ecca7ef097b3b277c3efc66a300dc90fb97c4a55b3b2600d3fdb092fb543a6b9,"[[469.4627533177912, 378.39126587099116], [526.8811930454207, 343.104695103614], [468.8306648691148, 311.7850591094883], [411.38748332570617, 342.93679427923183]]",f9e3571cbdf258034fbac91f87bbc738e31f67db140dd1c5531aa8d391efd361
16,0.5333333333333333,2.533333333333333,2.5300000000000002,2.5300000000000002,252,253,1.0,1.0,healthy,0,69b1be8db95425c8a3f411759c835b455a6f4b4e0871ddf4ecf9ad74bd334d37,"[[469.4555429227279, 378.3876719343054], [526.8735833982732, 343.1007993168042], [468.8247969681887, 311.7793317064356], [411.3820560602459, 342.9314595100827]]",6d961d97744fd13316e0a079f51c0465a53c51c1b5236196fd1e22f99e895948
17,0.5666666666666667,2.5666666666666664,2.56,2.56,255,256,1.0,1.0,healthy,0,46d0f8d469eb29437fd1d0269dcc290327781a52c9774e5186387c4c9b5988ae,"[[469.4508958271665, 378.3854284127766], [526.8688541601653, 343.10058800205945], [468.82123128918244, 311.7820739145941], [411.3787686373595, 342.9323783159536]]",d25cbf2e42723933ea7fc0be58b75c4f6ecb10e77649c3a5ffe23aadefe2e68e
18,0.6,2.6,2.6,2.6,259,260,1.0,1.0,healthy,0,abbe10a04c8d828ea4605b77a42e94c3e8455179094b33aa12594e90950f1863,"[[469.4482964627289, 378.3955102161781], [526.866681455237, 343.1081115416458], [468.8201008866885, 311.7850854276923], [411.37728676438104, 342.9377777160848]]",b59bc73cc9708dbec518a369021b0a731bf5bf19aa7654dd9d31f468b92ba3b5
19,0.6333333333333333,2.6333333333333333,2.63,2.63,262,263,1.0,1.0,healthy,0,5a93dbfcf3e1c22e541408d5bfe957f2a3e3f8b89344b99ff3dcf8b669d6de8b,"[[469.44930241833475, 378.40906595394], [526.868370832815, 343.1190346059733], [468.821975272419, 311.7920581256198], [411.3785342236424, 342.94714395083565]]",7befcae97ad0654591578d1d8b0022c7d73aecced394d8e30f4bb44b5c9fef2d
20,0.6666666666666666,2.6666666666666665,2.66,2.66,265,266,1.0,1.0,healthy,0,d54fb96a4402922e7da9aad1360bae94a74cf27d452c3a6ad18ca63623c16da9,"[[469.45306772326086, 378.4217381886503], [526.8731116705449, 343.1334649453482], [468.8261438586913, 311.81098184600853], [411.38201992609925, 342.9643274443268]]",f1e7db49aec2481b4f9ccbd05543d2fbb99f1a8f7b87b803a7959179c5fc81a3
21,0.7,2.7,2.7,2.7,269,270,1.0,1.0,healthy,0,a95dcca65dc5ead870d505da29a3aef80886a70bddcd5fad76c12be959a6555a,"[[469.46155922151206, 378.44436163282717], [526.8833706789396, 343.1589032311516], [468.8348703642414, 311.8441768805674], [411.38944297841886, 342.99469202833353]]",39018f8f639d7df04bf5632760446d983ec2e5a665141cf4875df41ead535328
22,0.7333333333333333,2.7333333333333334,2.73,2.73,272,273,1.0,1.0,healthy,0,bf172363cbf99869cbaa69465f28c3745f92bd3314374d4d96e2a4d3fcec02f3,"[[469.46984942810803, 378.47029426803925], [526.8932823062632, 343.18285889233255], [468.84333340327834, 311.8671997092273], [411.39646162072387, 343.0193432384774]]",dc8d9912ae3ad610ba24f658ba52569da695d7ddf471beb8fe038acc9edcf2d8
23,0.7666666666666667,2.7666666666666666,2.7600000000000002,2.7600000000000002,275,276,1.0,1.0,healthy,0,5dfa09886153390f967c22168309806488dc0c6dae6957617bcddb60b0514f5f,"[[469.47969110776273, 378.497869157364], [526.9049103853661, 343.20951978446794], [468.8530780990366, 311.89508416369307], [411.4046446176648, 343.0478293638858]]",6e2a807dd77c90d03fabe2385485d184a8853fdc060392986302f07dffe592fa
24,0.8,2.8,2.8000000000000003,2.8000000000000003,279,280,1.0,1.0,healthy,0,6e8cf1a6059f1e73a3ba9ed81942ffaf3f6e4cf218344103f9eb5049adbe7119,"[[469.4947149144108, 378.53159065796245], [526.9225039815803, 343.24746503917254], [468.8674507863163, 311.94466685781805], [411.41700137414335, 343.09311003045264]]",ba60b1df254df19b27bcbc875efe6c8a534d9aa6c8a04706ca2280becade4c82
25,0.8333333333333334,2.8333333333333335,2.83,2.83,282,283,1.0,1.0,healthy,0,026446d1641a8c773ee5ff2d931e13502aef9493212e082f5d063f7fc4658395,"[[469.5063940734297, 378.56068917443116], [526.9362166118283, 343.2778436185954], [468.8786476899075, 311.9806264322282], [411.42649494627835, 343.1275796732354]]",492598017d4ab75777bad2bd0f0f8b3cf71e546246a0b4db85c42a4b27a2e428
26,0.8666666666666667,2.8666666666666667,2.86,2.86,285,286,1.0,1.0,healthy,0,4fe3b1cd823df6336a8b5a1264bca45aa383da03b98020effb43ed8b25e3a909,"[[469.5178062734237, 378.59400903949137], [526.9496669721425, 343.3092663075189], [468.8896623623367, 312.0119604111538], [411.4356363067928, 343.16036969531774]]",e653ff8b7ea94d465f787869fc10c3a7c3c54d7c1f9cfa2db84dbf4322910b93
27,0.9,2.9,2.9,2.9,289,290,1.0,1.0,healthy,0,dbc48e3bc8e7475ce31cf4a8fd0983a89ac2db737e064cacd014c9791c894540,"[[469.5323688327131, 378.63396076537066], [526.9668088298796, 343.34999933765107], [468.9034153549454, 312.05804974080587], [411.44713043324543, 343.2053207468863]]",d9b9ad4fadd89132c18416366c2e8de5ea8f62a354f13f0f430273116648741f
28,0.9333333333333333,2.9333333333333336,2.93,2.93,292,293,1.0,1.0,healthy,0,54ed737e1764970176fd913eba99a5cb3d060f8ced83e4afe96b4ae97b708c23,"[[469.5422325910295, 378.65961794314734], [526.9784650147466, 343.3787436873035], [468.9125609420276, 312.0949171215702], [411.4548083690877, 343.23902220847754]]",5087f43dd2279c5ececc7c40c291d35067da5c2d6c22e6865e7d168c3bb6e5a2
29,0.9666666666666667,2.966666666666667,2.96,2.96,295,296,1.0,1.0,healthy,0,4f8b9115b58d599aa0ce4df8cc540b71beda26832cbd1335a7f31a4b720202bb,"[[469.5504246495143, 378.6870013395393], [526.9882998183284, 343.4061024032218], [468.92027058485536, 312.124620452531], [411.4610335710468, 343.26847618980685]]",f127b34e2eef038a029421219600dcbdc886498ff25ed87d6a3528f25f52db17
30,1.0,3.0,3.0,3.0,299,300,1.0,1.0,healthy,0,533ea64a3b9c7c5eb7ab06c4bfcf52a294e2c22e21538169ee95e448c912c0c7,"[[469.5583863491247, 378.72290907620015], [526.9981008382229, 343.439066165272], [468.92783137697836, 312.154890124469], [411.4667715689024, 343.30116461206467]]",9f2cb89e49fb21f5ef8a1aff7a7c92f0678d6c8947443908d1b085b1990302d2
31,1.0333333333333334,3.033333333333333,3.0300000000000002,3.0300000000000002,302,303,1.0,1.0,healthy,0,6678fc27915408ebcd15bcef974435f6acbfe6150456ed83262edb1d8e4bcd22,"[[469.5622128838157, 378.7425021170051], [527.0029850055982, 343.4596617126542], [468.9312842523739, 312.1784765855565], [411.46927401804516, 343.3236183133043]]",00cf38fa91ddb980755c51494f1ae3524071db4304179b597965d966db45ca35
32,1.0666666666666667,3.0666666666666664,3.06,3.06,305,306,1.0,1.0,healthy,0,61e1c109ab3a25d8c0395003bd93838e281ef71d4e19db4fb97e1636075e4ba1,"[[469.56390886490004, 378.7579244936281], [527.0054751806965, 343.47675850887276], [468.9327229171035, 312.19924073861705], [411.47002455195747, 343.3426647062276]]",ae1f3b4eaee5d873e0c59694a8790214131c41ed884c82967207f16de3ef19e9
33,1.1,3.1,3.1,3.1,309,310,1.0,1.0,healthy,0,45716b27d4813093df054ba1d09f5ceed19f73f7d834e6ccc4a9ae5d09c032e2,"[[469.56241070269976, 378.7790219308446], [527.0046294510383, 343.4948579757399], [468.9314030906822, 312.21234480347493], [411.46791384654995, 343.35841129776315]]",cc0a84f63e733c4fba008560a9933e06f0d89e20260cd89cdb53169d326df013
34,1.1333333333333333,3.1333333333333333,3.13,3.13,312,313,1.0,1.0,healthy,0,560cdbca8c56093b290f1d0fad1fdc73cfdac9eeb002106176f0f7e3a7684853,"[[469.5588031652544, 378.79110916738244], [527.0011733729856, 343.5042605902071], [468.9280956292686, 312.2167008813176], [411.4642933577252, 343.36520598879747]]",7bd123210e8b1cb6863f1d407b653e104b55268f758eaecb7d744a1ca1101bed
35,1.1666666666666667,3.166666666666667,3.16,3.16,315,316,1.0,1.0,healthy,0,a038ba64b5a66906852c6825fe051d4ef7c2fb488a8cd945d4bac6d105f1368f,"[[469.55345188451935, 378.7962286953864], [526.9956962408569, 343.5097044286922], [468.9230220855244, 312.22192210184977], [411.459292249187, 343.3701085053952]]",73950c388747a6250e83fe99356848206c7910696eb067c6ccce3894a60ae8cc
36,1.2,3.2,3.2,3.2,319,320,1.0,1.0,healthy,0,8414ca2566c1895880c1abb6d1c16e573dc76044fefa98a492830243e605e1f6,"[[469.5436080492946, 378.79956979815535], [526.9853493972314, 343.51233214071937], [468.9138658165612, 312.2216840877495], [411.4504935649554, 343.3705717828581]]",6165641c09810a3b3d54409ee1724e32dbc3dc853791f95f9e1877e451780fe4
37,1.2333333333333334,3.2333333333333334,3.23,3.23,322,323,1.0,1.0,healthy,0,1a4a5f662ba9c1d135eaf6c87f9539b61f7a49e0ce3764c595a14aedcfe75f4b,"[[469.5344273982869, 378.80293440792207], [526.975581631221, 343.5117198828325], [468.90553130153006, 312.2126376231899], [411.4424728498308, 343.3652944895373]]",317f8253fa18f42320e23696eaa89508ddb32fd615429317e6997398a7e2cefc
38,1.2666666666666666,3.2666666666666666,3.2600000000000002,3.2600000000000002,325,326,1.0,1.0,healthy,0,705d766706b029dad90d5b3c58c889d0649114d0db614f88255358f26f67ff0a,"[[469.5243747726735, 378.80277842183733], [526.9647773900064, 343.50872043628056], [468.89633934274974, 312.20307472359764], [411.4338051759789, 343.3584760664609]]",5d2d1cbed4cb22381615357df8124a3f57fadd297fb2138322419bc3df6c6f6c
39,1.3,3.3,3.3000000000000003,3.3000000000000003,329,330,1.0,1.0,healthy,0,d49ff223dc5008b74c7f2f805e9a022239e29f4437f7ca13bc6a4180cd054a50,"[[469.51037364601905, 378.79597952159475], [526.9496125019139, 343.5017916268331], [468.8834122670138, 312.1936873933875], [411.4219076395387, 343.34937357121316]]",c71e7ee60b73cdc30ee80de036dfb7cbea20b5edaa804fa4207b4692216efc2f
40,1.3333333333333333,3.333333333333333,3.33,3.33,332,333,1.0,1.0,healthy,0,9188091ba61edfeb1ee3a2ce853ffe668e4fca67c140b1e4b1b2478cd51491ae,"[[469.49960778442954, 378.79233226617305], [526.9379459394315, 343.49603824161187], [468.8736418020317, 312.1825839125266], [411.4128602232734, 343.34036652072547]]",a0f9c5b237eeabfc538725192f2f89a79a74f86bacc641759fe17c09693e5b83
41,1.3666666666666667,3.3666666666666667,3.36,3.36,335,336,1.0,1.0,healthy,0,7ba7e9c6d3821b3cb0f497b250efa552679cf6a146987d70156d08052717f628,"[[469.489037698274, 378.7909605043792], [526.9264929344074, 343.49049868527163], [468.8641858946176, 312.16826664885525], [411.40403404258785, 343.3300694587982]]",ff59a7bcc06c8f9c1a3230740ccd65aeb8101479dcd26e309034652af7569eff
42,1.4,3.4,3.4,3.4,339,340,1.0,1.0,healthy,0,74dfcbedd84115b66474c891e4348a40ea3a7221d0b9dc4f84315272be2af516,"[[469.4763086997311, 378.786119122566], [526.912662460903, 343.4834014905314], [468.8527113332083, 312.15569663869866], [411.3935056814527, 343.3197839579374]]",87525701c7edfc452c7c497c98b515afc194d4803048fff8647bd89e22aaa663
43,1.4333333333333333,3.4333333333333336,3.43,3.43,342,343,1.0,1.0,healthy,0,0678f70a4229855aecf059c2cd902fd4c192ecf03766992ae283d9d7b7e2d354,"[[469.468128743809, 378.78192524286044], [526.9037886680985, 343.4792665351439], [468.84534169099305, 312.15084636968265], [411.3868215495532, 343.31500274729757]]",db0bb0394e999f3a2f239979513ee2db4219f684e66d752a6867dd6c0edb69c5
44,1.4666666666666666,3.466666666666667,3.46,3.46,345,346,1.0,1.0,healthy,0,fb2757596ce2390b7afbbe109f6899ef37e7fcac719f7d00c9fbb85505893893,"[[469.4611576040941, 378.7823004434737], [526.8962948985181, 343.4773801680806], [468.83925330326593, 312.14448766639646], [411.3811694794524, 343.310851450436]]",2afb3aa4edf78413dee77e1756afcb2fc8f4811ed21851d859f06cd40cc27e90
45,1.5,3.5,3.5,3.5,349,350,1.0,1.0,healthy,0,864a0678fed1d243ad5f0327dac8731b9248446502eefd643937d5464bca8efe,"[[469.454281273217, 378.7874588132187], [526.8890064583245, 343.4785261000435], [468.833439519792, 312.1385989603815], [411.37565150191466, 343.3087950657771]]",aeef6e837e386486875bb291b6c52ccc02afc7ae64ae0ecf84951d35f1f4ae9d
46,1.5333333333333334,3.533333333333333,3.5300000000000002,3.5300000000000002,352,353,1.0,1.0,healthy,0,a591675d5af7f591e0838a738a028107b960018237b6717a60f99e87655d56d5,"[[469.45134926826375, 378.7907758446495], [526.885994518125, 343.48190333240814], [468.8309965508313, 312.1426237356912], [411.37337408803916, 343.3128031527889]]",00404a8d49c02a7c1ca5cc0fb24d404e16e597e8566b2c637a4e334d050e843c
47,1.5666666666666667,3.5666666666666664,3.56,3.56,355,356,1.0,1.0,healthy,0,c72d283d6f036f3e476f4a15aa8c342214656ac09696e1c9b143e3e3fb2d8fb7,"[[469.45021636015974, 378.79645182924025], [526.8850125564318, 343.48810727997795], [468.8302244949693, 312.1506671024515], [411.37258447075084, 343.3203593436697]]",a15f0aa76f86431b5dedfc7c4e38ee80fc876b99593bfb6ec115315c0b8b7d4b
48,1.6,3.6,3.6,3.6,359,360,1.0,1.0,healthy,0,d7ae8082dc2dc6b864c88b1a26d0da17282dc9c219df118facc16062cc042fdd,"[[469.4511837677173, 378.81253819354447], [526.8865474500662, 343.50155941533023], [468.8316645794438, 312.1612441450486], [411.37351655032626, 343.3333356747134]]",43dfbacdea3eb5a056c468f3224429d412eaf59705cacf46784a453d680b1199
49,1.6333333333333333,3.6333333333333333,3.63,3.63,362,363,1.0,1.0,healthy,0,c9c15647fc7286ae1249b55a859223211dd7a716d11e87ee33b0a0dc44fdc2b8,"[[469.4538599237017, 378.8271231972785], [526.8898889186671, 343.51484702522635], [468.83448682655586, 312.17400352768794], [411.3757696154299, 343.34722245820103]]",0bff8061ce24c83485d1ce18a35f95788b2981099f6441e6a4a7f9042c143e8e
50,1.6666666666666667,3.666666666666667,3.66,3.66,365,366,1.0,1.0,healthy,0,b709ebc7d1709408ec777b64e173b7b7a9885e0160026d33a3a7062b441efd2e,"[[469.45814554346947, 378.84135643563496], [526.8950287553964, 343.5303702189726], [468.8386548841799, 312.193862584423], [411.37931284567617, 343.36576797619966]]",8fa4edd161a10d000fa158aaba9f46d7934596457d48b643c193b8b05c4835db
51,1.7,3.7,3.7,3.7,369,370,1.0,1.0,healthy,0,0f4874d15888410b2ce8ef45617acebdc95c80c75733d8a9282f82d9c4ef9019,"[[469.4656142171008, 378.86527386884535], [526.9039188821752, 343.5549980675336], [468.84587874552096, 312.2227855625149], [411.3853898025683, 343.3938297332106]]",db0f6030b31533e09fc4bff7bad7c083b77b826fe133ca5833a9230ca7a546b4
52,1.7333333333333334,3.7333333333333334,3.73,3.73,372,373,1.0,1.0,healthy,0,10aeac5c8c60156fa4ca9101aa95b4f5790c6b45de62721384ccc5910928b0bd,"[[469.47210182870344, 378.88795334590554], [526.9116346122598, 343.5761196783176], [468.8521808794843, 312.24358159942534], [411.39057479119134, 343.4158935881994]]",94957b190b89a3309efc22da9bff5e4a212c560d774fed097e8acd0595938268
53,1.7666666666666666,3.7666666666666666,3.7600000000000002,3.7600000000000002,375,376,1.0,1.0,healthy,0,67a382095174f034bdb0f18291e508f90b831aac82c66252325617d49a2f21b0,"[[469.4792405597852, 378.9103352366541], [526.9200818274098, 343.5984132506096], [468.85896084302846, 312.26821148427484], [411.39621922232976, 343.44040396451464]]",7ec9aa0742c441a2ffcf1af5974963dd7bc4552aacbb127a92b6fa172147aeae
54,1.8,3.8,3.8000000000000003,3.8000000000000003,379,380,1.0,1.0,healthy,0,c0128a574ded51d5068295df7368c52768aab3b7fae5263ba1fac99758b9ca26,"[[469.48922650930683, 378.9385763800685], [526.9318897287325, 343.62910206510935], [468.8682605821531, 312.3065175035699], [411.40403469975087, 343.4761429954346]]",8cbfdd6db5248844f747bb93b496fe67c780b76799f165548463f242ae98b3e8
55,1.8333333333333333,3.833333333333333,3.83,3.83,382,383,1.0,1.0,healthy,0,e958198c081c9e25fd6bad6e097fcf531ca82b7605131f5588d609f37d49dbca,"[[469.4963998880279, 378.9623479464948], [526.9404512105485, 343.652838552783], [468.87500474305193, 312.33253788634613], [411.4095446450201, 343.5019701955642]]",388cf92badbe4af72ebdf56da7c3d94f4f55bd26909a7f334995df506fcb1fb6
56,1.8666666666666667,3.8666666666666667,3.86,3.86,385,386,1.0,1.0,healthy,0,2b935aa539b066074fcd780a3d828963704437bfbe0654b1ab507985224f9a4b,"[[469.50300129082603, 378.9873344023167], [526.9483985853058, 343.676509159479], [468.8812294206081, 312.35604911647164], [411.41449803110913, 343.52647962694334]]",a915976918c85a9812bb730b3a2972dc955e5295c43c12cb565c1dc33b96e34b
57,1.9,3.9,3.9,3.9,389,390,1.0,1.0,healthy,0,bfe8c80efde2f9c58a20db24a55c2bc74797721ed68c2ff633f788219f9b9e39,"[[469.5107603265754, 379.0161587235624], [526.9578064350018, 343.70626557998924], [468.8883525370587, 312.38997077384823], [411.42015928969965, 343.5592449693686]]",db829cdde28ce6ea11c589cf10f3248b411adde59231c038568c379007fa709b
58,1.9333333333333333,3.9333333333333336,3.93,3.93,392,393,1.0,1.0,healthy,0,2832fa8607d0fd58ce6b224b7e16f4ded5e420a58d5bd382fb8c085fc61481e2,"[[469.5153970594307, 379.03544586054414], [526.9635483158036, 343.72690411041674], [468.8925417613617, 312.4145705161669], [411.42338990456216, 343.58238752532367]]",e718f4ab8716327a762254c3dcd9ba841c17e892307cb1114a7dbbf6cc909792
59,1.9666666666666666,3.966666666666667,3.96,3.96,395,396,1.0,1.0,healthy,0,e6c66e3ebfb29c4d78d6a4b2a3823749b8525f9f8f4eecdbf7efcc7f52292ef5,"[[469.51863684260957, 379.0555494644874], [526.9677559199584, 343.7461402177944], [468.89552259141595, 312.43355202162314], [411.4254256626535, 343.6019956417656]]",51a7054e1d55cc17a92d3c1fbf44284096455a93097e0b5e3e1250dca0b241d1
60,2.0,4.0,4.0,4.0,399,400,1.0,1.0,healthy,0,993a3045c358a84459c63863da79132d2ba53915876fbc562e9827d13bceafe0,"[[469.5207782777707, 379.0797578743159], [526.9709071894792, 343.7685367148153], [468.8974465927224, 312.45393838116814], [411.4262982861002, 343.6238649187644]]",12957002c6bf01ffc0b01bcbd9b6b62113f1e28f1511af7edfb1fd1420175e32
61,2.033333333333333,4.033333333333333,4.03,4.03,402,403,1.0,1.0,healthy,0,7049f63e8295968025a432c98d3637940dfcf968fa1a55cb71e2ae7977defc47,"[[469.52083500207954, 379.0927665314662], [526.9714917248009, 343.7821928949066], [468.89732751578487, 312.4692379346184], [411.42568410278847, 343.6384431556315]]",c537fcaf3ee067a5abb301194d3ee027f79c471c08dc2e7a9314e44c9d501909
62,2.066666666666667,4.066666666666666,4.0600000000000005,4.0600000000000005,405,406,1.0,1.0,healthy,0,bcce4506ded69d77c78f5add8280ea1046d066d934189b5e4be433eeb391b2f9,"[[469.5194138674352, 379.10378444301955], [526.9704152145522, 343.7934229025468], [468.895864575198, 312.4810436730309], [411.4238722683858, 343.6499631153497]]",1e69a0d8bc62b29edc2eb6f1152af48bbdf7dbc10955a04c88d7b80a0a63dbcf
63,2.1,4.1,4.1,4.1,409,410,1.0,1.0,healthy,0,4c1d6d48291198cf68388074881aa42186574d84589412c460fd70a79a0bddfe,"[[469.51518341251443, 379.11817214914845], [526.9663593308038, 343.8049951105351], [468.8918944027885, 312.4875097996911], [411.4195549185377, 343.65897855307844]]",3e2f23817c38550660760a3adc7ebf8cc773f4c93d1a8d24a79fab8dcde78fec
64,2.1333333333333333,4.133333333333333,4.13,4.13,412,413,1.0,1.0,healthy,0,3fd3c0193d7f3b649a92eed8219ab9ad5debb9a2870c3903100ab63090c094f8,"[[469.5106129344618, 379.12547721476983], [526.9616985246303, 343.8107290848841], [468.8875787949791, 312.49008766188047], [411.415205919138, 343.6630009340648]]",47cf220074f4065819bf0087d9ecc86c1e534de80d6937ec97cc288b3c28d4a3
65,2.1666666666666665,4.166666666666666,4.16,4.16,415,416,1.0,1.0,healthy,0,b413c0e77724f41af8df36251ac661411ff695b9420e9a4335556f02af228303,"[[469.50509564038896, 379.1287527562441], [526.9559265327164, 343.81398700868533], [468.8823202642199, 312.4927304110538], [411.41013983846904, 343.66567120755093]]",2044de0c288f06734f3ca3658c1e9b1580ed129db5d7e45165f01a08eb2c0c54
66,2.2,4.2,4.2,4.2,419,420,1.0,1.0,healthy,0,f0f023b35d98b761928509f3214263633ebec5bad0ad9c2cab943fe9a70b246e,"[[469.49634785767887, 379.1321663371022], [526.94665037777, 343.8156862031597], [468.87414691758147, 312.49044118080553], [411.402331784364, 343.6650302100699]]",46d12d8f69ae2073be298dd8b7c1d1425cf09890665d4ac764206e3b81f61232
67,2.2333333333333334,4.233333333333333,4.23,4.23,422,423,1.0,1.0,healthy,0,d809f9533d3df412c70f8042a5650578054b8dff398736a3f1ab2f1a85ce898e,"[[469.48903688784253, 379.13485106181685], [526.9388277059508, 343.81545280025], [468.86741822472817, 312.48428453735903], [411.3959181880484, 343.6616524106464]]",478e5c9673631af138b4a7e803952df662bc10b0a4b5b5d4536096f216aa763f
68,2.2666666666666666,4.266666666666667,4.26,4.26,425,426,1.0,1.0,healthy,0,54ff764fb66b18a8eacbf625bf5b13eafc31175e6c316d799f1d66e55c02e175,"[[469.4815454856147, 379.134944491875], [526.9307467619253, 343.8139035020628], [468.8604696475519, 312.47905834438114], [411.3894231178535, 343.65803392298545]]",ade07e3b50dba3c362d3ad3ca56e153d5832b8013b957fb1cbffa9a68bf7a97b
69,2.3,4.3,4.3,4.3,429,430,1.0,1.0,healthy,0,f1251fe702a7619d0e6f8d07b3ff0ce429790fd3b1c8a9b7e55f3794c8892ef6,"[[469.47167565013046, 379.13238706678544], [526.9200475894058, 343.810674181208], [468.8512930010859, 312.4736732878172], [411.380977855148, 343.65339395563865]]",923c451e0ffbfb20e00dacca806990fd495dd4fe43700d9320a3d1aa602aeec1
70,2.3333333333333335,4.333333333333334,4.33,4.33,432,433,1.0,1.0,healthy,0,8a01425ff52d19f8530f1fc9ff441fce1fc9e218fe125c6b4339673d1e677bfd,"[[469.46450034956683, 379.13229034354174], [526.912274317795, 343.8084307094073], [468.84474610173413, 312.4670566819014], [411.3748968313891, 343.6488682674117]]",1f72b084eba59cfa04331074c0345be141fac9ee60b89c7f3b08530aa56451a9
71,2.3666666666666667,4.366666666666667,4.36,4.36,435,436,1.0,1.0,healthy,0,3ff64735043090aef1737b3504c0daf4bdb31ab8c7ff629a3938d6b3b97ba4d2,"[[469.4578396932494, 379.1332670458699], [526.9050590416991, 343.8066501760958], [468.83872361719267, 312.46001157002], [411.36928355744067, 343.6444797104473]]",ec74680ca72da25848be229fc042c37d0f6a405467625acad35b6e21d45fb609
72,2.4,4.4,4.4,4.4,439,440,1.0,1.0,healthy,0,0fac35bea04133c6efc820e9f13a0c002ac91ac8c2024e992c2892acb7163721,"[[469.450332066582, 379.1329235411527], [526.896919813327, 343.80512051500307], [468.8318727687609, 312.4561688374083], [411.3630089387814, 343.64184901180204]]",cf8cf9a5c4bda84740334ff76dd5d213d43122f5ff7238b3ff6158af58401428
73,2.433333333333333,4.433333333333334,4.43,4.43,442,443,1.0,1.0,healthy,0,51eff85112424bf1d73ce0c22a71f3e3890422c692ae109f5d4af500e695d837,"[[469.44583528422356, 379.13363338578915], [526.8920802163606, 343.8053597467015], [468.8278058718772, 312.455663315039], [411.35928470394526, 343.64184599524685]]",56a88e025b96e2f5bc05a8d66f60568ea621ee37378fa30a9a8447b8e76b4cbe
74,2.466666666666667,4.466666666666667,4.46,4.46,445,446,1.0,1.0,healthy,0,447ecc503807d34f9bec1b0ce9b8e16097a2670c452dfd029dcf5eae563106df,"[[469.4423233691742, 379.1376528368469], [526.8883644959124, 343.8074198438359], [468.82475074708066, 312.454605014736], [411.35638460030054, 343.64265695737424]]",b4ad6b28068e660b58601fea1c996689911ad52c5ba058821e9c45ab5087a8a0
75,2.5,4.5,4.5,4.5,449,450,1.0,1.0,healthy,0,b4623c066aff6ea03cf18b7cbe86005ec76bcd7c8cd771ffbb8073309ecef01c,"[[469.43948482485223, 379.1453107191763], [526.8854716845614, 343.8128612255002], [468.82237347237896, 312.4570050845771], [411.35404110267325, 343.64714777097595]]",2fccb2c8fff7e68cd1c6e0a1375d02178ab96e4adeeb8daa09549577a3eb6923
76,2.533333333333333,4.533333333333333,4.53,4.53,452,453,1.0,1.0,healthy,0,fb16fbf9ecc439439c0426c88fa4a86c94401c0d3a7d26273c83008bf9bff702,"[[469.4388629391462, 379.1511316371306], [526.8849822775354, 343.8188941106728], [468.8219055109483, 312.464343767522], [411.3535297192131, 343.65428241550006]]",443e48682eb873c607779b94563b908ae61bc76b6a2ce31ea829dc7496efd76f
77,2.566666666666667,4.566666666666666,4.5600000000000005,4.5600000000000005,455,456,1.0,1.0,healthy,0,e6e660163a57b0cb22342e7f3bf8223d85077371ca23dbcd99fddb0ae13ad118,"[[469.43936521832137, 379.1593390239094], [526.8857809133754, 343.82701313211385], [468.8225122154195, 312.473448324577], [411.3539305923427, 343.6634366561458]]",5a2e39f06b77d6277edab603d3c4ddcc9ca43d32b38aaea522c1e63eba04d4b8
78,2.6,4.6,4.6000000000000005,4.6000000000000005,459,460,1.0,1.0,healthy,0,8d32dfa5c29da56b754b2d5c390cf6ae296cfe0912df4f9b48affcc1c2874424,"[[469.44157088266695, 379.1753941169004], [526.8886203066186, 343.84119440951804], [468.8248289153218, 312.48615581033124], [411.3556714059571, 343.6778050453635]]",596ae18e191b9adcb011233e0c9e954453d09cf073b75df224b08af7f6a74027
79,2.6333333333333333,4.633333333333333,4.63,4.63,462,463,1.0,1.0,healthy,0,9a1f1fc5319a8e4ba24a0e1fa5dc87638bc66a8f93276d1047630ada0260914e,"[[469.44438343690877, 379.188338543582], [526.8920572571063, 343.85376198514473], [468.827569271926, 312.49962924752754], [411.3578859200185, 343.69153969234816]]",2ab1ebe8623be873cfc070b2fd68b3b5b6ed3f899ea35216b0ef2783cd770140
80,2.6666666666666665,4.666666666666666,4.66,4.66,465,466,1.0,1.0,healthy,0,b1e88f84f52a2c098e8cb9307e7604851e8bdf65adc03b53688cc91a92409a7c,"[[469.44803628649925, 379.20139167591066], [526.896449409844, 343.86772549337445], [468.83101780228975, 312.51687795768316], [411.36075746350764, 343.7078303725061]]",35c43abe120deda2f2672f7706f9686c4b6e0acf5ba3f54d7d967140229065f2
81,2.7,4.7,4.7,4.7,469,470,1.0,1.0,healthy,0,b79181712e3b34f0f04497cf9c10b4eeae1a7c43929209e44a64d7d25bc64de9,"[[469.4536717293753, 379.2223957886353], [526.9032273604515, 343.88864750024845], [468.8363791289818, 312.5399826740601], [411.3651360021851, 343.7308347586258]]",09ec1092100ad63e9621e96d0f5edabbdf2fd8ef8c359307be67939377836892
82,2.7333333333333334,4.733333333333333,4.73,4.73,472,473,1.0,1.0,healthy,0,0b1d17abb33162b7f6a977e5eacf4f9894d6d1a269ff5f12e1254bceb0ab44a9,"[[469.45822803698826, 379.24027724270263], [526.9087149816816, 343.9056089863021], [468.84071753581094, 312.55708938891286], [411.3686191173332, 343.7486484588294]]",7932bab406bef8a95fac088499b1a416fa0ad35f39c676787e6e1f76f938a13c
83,2.7666666666666666,4.766666666666667,4.76,4.76,475,476,1.0,1.0,healthy,0,cb3bf5d0cc3a17fa86bc8b84220189eea803faa91c4eded792a3a082bf89578a,"[[469.46296751875525, 379.25728408026913], [526.9144108294707, 343.9229264577889], [468.8451336856178, 312.57669432398177], [411.37220379919205, 343.7678062855856]]",d0903a62de8962e6cdd93ff230f63f9e14cfc74f22bb50fcfbb46fb0bf0a31d1
84,2.8,4.8,4.8,4.8,479,480,1.0,1.0,healthy,0,b1cbe8d7da2ba599c947d67a8474334f00eae9c5de233602a771bdb7890951d1,"[[469.46913213044536, 379.2792463654355], [526.9218577177285, 343.94616215382695], [468.8508099724443, 312.6043661696418], [411.3767906528307, 343.79407580113843]]",8f3add1c60c93fd2eb1f12555e38538e1b3d4fdc1c635c1a6eb164223bcd0f94
85,2.8333333333333335,4.833333333333334,4.83,4.83,482,483,1.0,1.0,healthy,0,06f732a229ba2cc3e4390c4403bbcd27139f68dafd57dc0e8037da038b52d0ed,"[[469.47324903192475, 379.2971342655698], [526.9269114865356, 343.9635798435976], [468.85464467424293, 312.6224538662167], [411.3797547943952, 343.8124384237275]]",2eaa00313e4a62ef9658c192eefd9bc50fb956adfd9e461088aeadc4434edf6a
86,2.8666666666666667,4.866666666666667,4.86,4.86,485,486,1.0,1.0,healthy,0,6ad985a95f036c0a3bc495d5748703c40f819e114892853a2367f2dfbf848502,"[[469.4768038836049, 379.31475729640545], [526.9313413700362, 343.9804186085099], [468.8579388655295, 312.6392556879356], [411.38221047193355, 343.82981307630075]]",a133dd0f98403d278bfa948a6d485bd2c7bcf57fbbb2db8c1175cf61198331c1
87,2.9,4.9,4.9,4.9,489,490,1.0,1.0,healthy,0,e993ddc463727f3482b3b86a3a2ec6ace67c4d097b43090d5e66a7a8d5ede927,"[[469.4805608865417, 379.33468873754106], [526.9361265423383, 344.0010491660645], [468.8612919723429, 312.6626304238203], [411.38463942148576, 343.8523445412138]]",6f07669c99d0dc588dfe7d90c0059c688108c993ae30b0f999303185633c4ce9
88,2.933333333333333,4.933333333333334,4.93,4.93,492,493,1.0,1.0,healthy,0,befcbeca18d1049e1fc6443a6a983f41c52a196b186e761177ce084fce4de1be,"[[469.48238744142543, 379.34840036779605], [526.9386093989026, 344.0150892648598], [468.8628842847588, 312.6781501852938], [411.38562803150984, 343.8674307237354]]",30da4c963a13eaf86fffe415cea3a9f8229ef864bd10f49c4331b922c116c1f9
89,2.966666666666667,4.966666666666667,4.96,4.96,495,496,1.0,1.0,healthy,0,5f6bab4e511c22dc99a778cfae4a9aef842fc9c544657857e31bc49ee772b8f3,"[[469.48320341671405, 379.3622113472334], [526.939966935286, 344.0278595685057], [468.86359055767934, 312.6897817849356], [411.3857676265924, 343.87991992135653]]",550a0434f1d1e9f1b01a21ce8d8aebdc817f2f44c65830c00aaba7a29cf9fb09
90,3.0,5.0,5.0,5.0,499,500,0.7,1.0,healthy,0,7295bca73a3c09f3d868072b8a531ee27b88f7e9a6f9731e5c9028736e1d43c3,"[[469.48282853338515, 379.3776986529905], [526.9401026457584, 344.04222280919987], [468.86312701423486, 312.70277473015426], [411.3847470941397, 343.89384222413827]]",8deccd12c290cad0470b979268dbc60f83b4dce53e57cd9fbd0b0461e3a50373
91,3.033333333333333,5.033333333333333,5.03,5.03,502,503,0.7,1.0,uncertain,0,1bd328147ebabe72feb61b2b7a62a44fc1576a4d37071a8284dc5b83cb43c88d,"[[469.2981106146846, 381.19324450737076], [526.9265854973485, 344.5023517523896], [469.01832997486633, 311.69927676864836], [411.4105827039231, 344.1818871781835]]",6e703868017ab589aebd809a7e93867e53ea1f436ae364ae31444270ff647689
92,3.066666666666667,5.066666666666666,5.0600000000000005,5.0600000000000005,505,506,0.7,1.0,uncertain,0,92e985afd9d9d3a0541b0229ed598104c57c3f0b1f041d70415573b7cc7fa2f3,"[[468.8545893710573, 385.25294866279944], [526.881896297449, 346.1064671441361], [469.3883501059522, 310.5533907470697], [411.4825923090068, 345.4155770145944]]",a0474e84c1cde254824607b950ef8050b00452f1637c7ee71c8e86b7062b89db
93,3.1,5.1,5.1000000000000005,5.1000000000000005,509,510,0.7,0.7554663104265844,fault,1,8d3707b481f64fc680761bfe007e2f3808fb070f055488f981a7e763f2381bed,"[[468.1462597124987, 391.3294271964752], [526.7417857594638, 350.8624926902696], [469.9216959206432, 313.3763124339147], [411.5970276722725, 349.53646694686574]]",02e5867aaca0a699ac54c0b207b269749dce08ffd4b0c540406a0fda725e21ba
94,3.1333333333333333,5.133333333333333,5.13,5.13,512,513,0.7,0.7280163019880079,fault,1,48b265f2ce53bc39213408c56554e49e1c6b5572da7744a8bf1f9f63bbf9360a,"[[467.63812951712436, 395.8080904841195], [526.5993637049255, 356.0733709106363], [470.2116939238235, 318.9047807590223], [411.6208883434016, 354.3201976957922]]",75fff1343e04154426be273ccbddb9fbbe8c531d60143f98f114d57e2eaede6c
95,3.1666666666666665,5.166666666666666,5.16,5.16,515,516,0.7,0.71263120068434,fault,1,14a920bc289187f90f9d4e24723434ce5edebb0bb05502e72c81779d1f5f8a75,"[[467.13922729042923, 401.0721948677078], [526.4681617655486, 361.88308218624235], [470.4047331862187, 324.7022331845328], [411.5174454761349, 359.54683328022793]]",daa5e33d44cb6a249e8afbdaf2110647439e973d93f2e4812f29d598bb20b21a
96,3.2,5.2,5.2,5.2,519,520,0.7,0.7004505638927832,fault,1,1b573f13e372e228c25f56e5fdfb2861f803954cfbc2c8237b1c61a221d32a2d,"[[466.4429148885984, 409.7989691781635], [526.4011048515853, 369.6505592923835], [470.6111483296106, 330.8154208106454], [411.18052684529346, 366.5483800200907]]",2e2f745fd0def11beee01de7ffcc1f0e3b1b307b7d72238089ec08fe4e39bcfb
97,3.2333333333333334,5.233333333333333,5.23,5.23,522,523,0.7,0.6999996892825501,fault,1,d0c6a5909427edcea6b559268e38c3cb8054486015892a73bcd5dc5a74866a7a,"[[465.88072464184984, 416.3603651324115], [526.4468135224546, 375.666682050968], [470.7432020185291, 336.2402133587426], [410.81352645198905, 372.4513507775088]]",5dee8586a91324468181fbc6ea5b79e00a7d1fc35294e7d6b9fc04bbac57550f
98,3.2666666666666666,5.266666666666667,5.26,5.26,525,526,0.7,0.7000004198725078,fault,1,ea2de1a4669d41261c5caf610a128ff4846223ed7e95a1641affb6ca3c0e6879,"[[465.24924398060057, 422.3752403930634], [526.4870275653757, 382.4478993449915], [470.79552531164217, 343.64784165888716], [410.3037612601055, 379.01510706263355]]",8c94aca5f714493d95d47abe9c7fdb93687c6668ad3836ed527b829e98f08e21
99,3.3,5.3,5.3,5.3,529,530,0.7,0.7000007540560309,fault,1,73d728de8eda8c700f4aa523cbf25c2dc0a46c7d14c44ff8e4c1347a8969cc56,"[[464.33460244538344, 431.0356724791598], [526.4568587667062, 392.90479271330776], [470.70510096633416, 354.44100390671883], [409.3730612574295, 387.9125725266775]]",477bd4a6f068f2f5471618641db7ce43dd2ec663941cf9b4daa19ecf08349136
100,3.3333333333333335,5.333333333333334,5.33,5.33,532,533,0.7,0.6999999287943659,fault,1,c228edcd88fd7a509df02e7d1da11c039a5825263345eafa40ad3f61273fb8d7,"[[463.6985049188469, 438.91758673776616], [526.4991234146552, 401.1501024273268], [470.66361633872106, 361.8724871999635], [408.67270542756467, 394.8784661284647]]",e83bd45023df22c876130cee10677dc04446706d94a528c3a99e461c21e038a4
101,3.3666666666666667,5.366666666666667,5.36,5.36,535,536,0.7,0.6999991930777065,fault,1,5468a13227a24791ffc20fd12ba3ea66edf2490ef6b39cc4275bde4632722df2,"[[463.2007186264915, 447.24654811716056], [526.7443494950014, 409.20456948889637], [470.7523961040916, 369.67912012243727], [408.12789429372634, 402.85159391813437]]",c18da6aab9317c10f459b3cd4ac5980af70de7d3e405f519dce59e070d66cffd
102,3.4,5.4,5.4,5.4,539,540,0.7,0.7000001560053057,fault,1,6061e75034d88822ba11c0995e7bdeca730257ebcdf659405745b2f418cf2b5c,"[[462.72665581005464, 457.8017654999379], [527.2520806828346, 420.0703953521112], [470.9759740023021, 381.70527744949635], [407.57885907632294, 414.4608293974464]]",f1492e44dfed2e504732c1ea78cd7ec50fe2c9b34e5c43c946d45fe30a921aca
103,3.433333333333333,5.433333333333334,5.43,5.43,542,543,0.7,0.7000006618836858,fault,1,74cee60b9cebe1433f376e74c1ce45ab9a371720390d00f6aa29258e7a997de0,"[[462.42561152619305, 465.6233515571664], [527.5962738391977, 428.63416748570285], [471.12665638034053, 390.54670171825614], [407.1545924506645, 422.4903759136619]]",84bcc528118527d60df90750cec98310a2a89dfc8dc576fb894d483f9f0cd3c8
104,3.466666666666667,5.466666666666667,5.46,5.46,545,546,0.7,0.7000001524219023,fault,1,b2ea7dd8e507c5f4b5c6c0b10baab4855df74596c721d233e7741308a05556ac,"[[462.1826201449411, 473.5987794673758], [527.9449313707631, 436.9408362392445], [471.3122394814922, 398.1770281588012], [406.77283715315576, 429.691651602755]]",933aec938d947d9561799aff65d9cdd8e11725f9a0160e881a867d407f42a5e0
105,3.5,5.5,5.5,5.5,549,550,0.7,0.699999368101752,fault,1,5d2495004ab6781598636aa7c62085c8f50f256d27b4765dae31ef03003b64d7,"[[462.0538077898993, 483.34977355220855], [528.6240931391378, 446.2549317006017], [471.7502233761951, 407.366389204502], [406.54320043148635, 439.19283367799244]]",a70199086d001afb12ab9167d5daba7ee8d627f98506a513a10e4d70740c0c39
106,3.533333333333333,5.533333333333333,5.53,5.53,552,553,0.7,0.7000000533099964,fault,1,cd4c6e5077972b5094d8d6e9d4533ddb6a1611e7d970b4ca8dc368889a85aaf5,"[[462.08449758963604, 489.4111827507388], [529.1976225909568, 451.97128463838897], [472.1251332053885, 413.9034986762458], [406.53048471771706, 446.0166472504095]]",b4b7b493e1fb6c426ee26643d04c0377341545a43d33328fdf6cf06715971b29
107,3.566666666666667,5.566666666666666,5.5600000000000005,5.5600000000000005,555,556,0.7,0.7000005425939417,fault,1,e29fdedb12155318ace339189133abc80b7f9711496b9d380d114e83e2fe19e4,"[[462.12082877364776, 494.67803990685286], [529.6179624932532, 457.11868572501703], [472.3711429755293, 419.2571083896111], [406.46455391331403, 451.43223783016924]]",025db3cbc65a19e83fe9bfba0689e0e639d5a49dd8ccf2e38cd79eb8e5c51951
108,3.6,5.6,5.6000000000000005,5.6000000000000005,559,560,0.7,0.7000002635332032,fault,1,996cd049ec9ad2ebdcff7825f68c2489229f6657e2f9dcd1bc8f49408af165f3,"[[462.0726215040257, 500.53208196267343], [529.8874571253531, 462.6468663868133], [472.47286147706274, 423.81978514817825], [406.24103956475204, 456.21895364668507]]",18377e5392b397bd6f5393c39ea040c24b7f1916242f145ad0f416681a7dde2b
109,3.6333333333333333,5.633333333333333,5.63,5.63,562,563,0.7,0.7000000158551922,fault,1,8980cf66a74a8ce91bb2dbc55150e45638c8dc3143e1af8262cfaa08f4b7bb0e,"[[461.93596883197586, 503.5002135736074], [529.9594568037011, 465.0033470838608], [472.4780539485002, 425.98484866534784], [406.08850939831353, 458.938343588984]]",f7d977042a6c91602c3c18f316e8d4b4d53e9fd01c347c779d14f5176a8006f6
110,3.6666666666666665,5.666666666666666,5.66,5.66,565,566,0.7,0.7000001614925357,fault,1,d7839d5340e452c17e0115329591a124bdad6a5bfb96c79dc1fd843bcf5e751f,"[[461.6674897815553, 505.1655738766452], [529.8548622558955, 465.9612336752955], [472.3636339029706, 427.33426111095685], [405.90377160583785, 460.9652030601959]]",fe65af4516110f8f43c5485e78ca78563fe7108a1bafa68a92038e1a9bb0d69c
111,3.7,5.7,5.7,5.7,569,570,0.7,0.7000003156582626,fault,1,91156c29aa008618d185c0767d5d046370a645adc9029c34b27fe004d2174e38,"[[460.98400684882483, 506.06626631198884], [529.1884364729401, 466.185200037963], [471.7637784261724, 427.1106196265108], [405.3006050668871, 461.3827014166133]]",d6c63b331eb81b2511114072f12e9f5ed523c854e239fb6dc807813fb21f5b4c
112,3.7333333333333334,5.733333333333333,5.73,5.73,572,573,0.7,0.7000002104125296,fault,1,1f3797efb64f0c0f3ffc946312c1945e0feed28672586c18ee7a089cf4d99708,"[[460.17554235284433, 505.93386841835604], [528.2735056726377, 465.6300005429721], [470.96203935866606, 425.4676132562836], [404.54099506919886, 460.1381405102898]]",572c9477d978549d978696e07cf1736a33cdb1d1ddb5457691f196e641cff621
113,3.7666666666666666,5.766666666666667,5.76,5.76,575,576,0.7,0.7000001560464433,fault,1,c990332f11d934e082aaa667437d242f572fa36f1d3fb1fce2d5508cfde1e9c5,"[[459.11994088180484, 504.97460724064973], [527.1015370242034, 464.08247912938805], [469.96841669021995, 423.2409622477629], [403.6415395207684, 458.4964486026442]]",a8d86d9963ac0e21e1a43ea10a737b440fdaa2fabad97550c2f909e735eb8753
114,3.8,5.8,5.8,5.8,579,580,0.7,0.7000001244671403,fault,1,a5434c7b6b40e9f72d1002b6448982957078a8c21e52e2cbf97ab6800e8451a4,"[[457.32763681255375, 502.63284458322505], [525.1499893675206, 460.904274016013], [468.33923604017644, 419.852096720299], [402.20511726362304, 455.9722238858796]]",172a897bada7b2f2748eed179735122e931696d82d19213355655f18f38ce12a
115,3.8333333333333335,5.833333333333334,5.83,5.83,582,583,0.7,0.7000001116327483,fault,1,636d8afbb5b4dbb45d28cc0715eff3599317b58b0a5e73af8c8af778166dd69b,"[[455.6639413016687, 500.54589488696274], [523.3156132483189, 458.4876987224739], [466.793850350707, 416.78295114724875], [400.79379547871736, 453.2647213689668]]",e17232b2e9ea713325030510e430a4fa7899b16e58b019634c96cad0ead96eec
116,3.8666666666666667,5.866666666666667,5.86,5.86,585,586,0.7,0.7000000922261307,fault,1,acd476f08966f4b0ff6e47f9fcaf47d0156e648f68d542f0e2c93f42e5009a58,"[[453.73932211730465, 498.4114395669719], [521.1968722670979, 456.22832609976734], [465.00282810856845, 413.35138427048213], [399.10229508150957, 449.99623720386643]]",a78913da9aa7a949ab6452fe8a228af5ed89750310dba95027fb119cae32a036
117,3.9,5.9,5.9,5.9,589,590,0.7,0.7000000833091913,fault,1,884c2cf1be5939bad49915366795a3e3397902aec0e69213c39136fcdb8f7fdf,"[[450.8962575397377, 495.53291697908304], [518.1578755977293, 453.0973454211279], [462.4439214699114, 409.06014547538604], [396.66229071530466, 446.01997371368225]]",05435b30f7ea325a15428eadf12fb1c6cfc8f24204d5f8f8d11f7904408e73d1
118,3.933333333333333,5.933333333333334,5.93,5.93,592,593,0.7,0.7000000706405528,fault,1,3132c871d80b9ac01a51697f960da80d011e17d8f890a19c8d469eae151ec992,"[[448.64539190576926, 493.46379438332775], [515.8236377136196, 450.8305991204638], [460.46847382175207, 406.48131959644917], [394.77019857349165, 443.68939266300214]]",018f50e9a887372eb7a11ecc6bfbd1960463c9829602f7f1ef6d7f532c2ee74e
119,3.966666666666667,5.966666666666667,5.96,5.96,595,596,0.7,0.700000107442367,fault,1,f48dd5d3870c8cc85a88e3969d0e72d0052777ce84710fe12491ebd623c0422a,"[[446.3218820482796, 491.7084391570586], [513.4364525182309, 449.125874457555], [458.4337116677397, 404.36981776098895], [392.77427971241383, 441.57385812236146]]",c43ea3877cfd0fd1c9fa40c8b874be1322afd6537cba48e23554243419d8fc4a
120,4.0,6.0,6.0,6.0,599,600,0.7,0.7000001176348856,fault,1,81094dcdc83d632bb0f39740330a55720072d21c55e1697493b4ab6467d6ff6d,"[[443.18875700112784, 490.1225639319687], [510.25183236111866, 447.94505040144685], [455.7104343745215, 402.14724663384567], [390.0020106070122, 438.9953776628905]]",1540ec46434b824da03d4a9fe67deb3d61c7967e05747de151b37774a9bd6805
121,4.033333333333333,6.033333333333333,6.03,6.03,602,603,0.7,0.7000000437897383,fault,1,0dea08405a814e17d8a8c0b15a44fe370404b0a429e44fdbaaf87c9e644ec5f4,"[[440.93555288187497, 489.497413674177], [508.03655125804744, 447.58516720404174], [453.8094744815657, 401.2051775775991], [388.01833388359466, 437.81284902495946]]",34e7568cc5f0456a0f6dffe671938ea10d78f877d1673e4e42c083d6546eec7d
122,4.066666666666666,6.066666666666666,6.0600000000000005,6.0600000000000005,605,606,0.7,0.6999999887610036,fault,1,852818530ba48b2e7b1ccaba0d17b92e014dc7209c1373bbf4f0fadf93d420a3,"[[438.868587263546, 489.3383164872864], [506.08714677425985, 447.60117281858646], [452.11316994817406, 401.10733718209815], [386.21892281326143, 437.5532605540145]]",a6e6c42d0b217262f1e19180f0dd1ee34d5d8355d8853bad4323d5e06e6e8f3d
123,4.1,6.1,6.1000000000000005,6.1000000000000005,609,610,0.7,0.7000000889627058,fault,1,22ced8941315b054bff68a592ddd65b2f7c4d52a4d45314b734858b2acd2dae8,"[[436.47619351529926, 489.99618597643115], [503.90300347772563, 448.61983100212154], [450.1803024914847, 402.0541423057695], [384.09666135144187, 438.136518562909]]",0552777461f0bc15185e4cbcb6ce4e21a7fa32f7e948dd21b0bdf986bdcd88a7
124,4.133333333333334,6.133333333333334,6.13,6.13,612,613,0.7,0.7000000738746183,fault,1,519b585352cf6fccb3da0a1ef322cac6669ba50dad35063c536c0692727c55f0,"[[435.00319456249326, 491.1949513322139], [502.599982875994, 450.2282077843209], [449.0120859910824, 403.35067082349036], [382.7367204349699, 439.0053818271137]]",1db2b5abc27cd9bfe2afcdc89e5fef9262ccbb4fd8f9cf9022b4daaf835c22b2
125,4.166666666666667,6.166666666666667,6.16,6.16,615,616,0.7,0.6999999500915428,fault,1,ea86f410646f5723fb28d53d5f9690cd3dc61ed0b0dcab345ac4a0f132ea91e0,"[[433.8758586045572, 492.87229132003586], [501.68906184892165, 452.27165119311826], [448.1721450877343, 405.2361119674884], [381.68111403957386, 440.4957480315735]]",d250656bf55407dde4f24c7a3f93cf8764a785801b39861596a68c73a1131862
126,4.2,6.2,6.2,6.2,619,620,0.7,0.6999998818786799,fault,1,5e216b3b4e7546bbb0ea2ee0f9fdf950c13c94d21b229f90b46dafef765aae60,"[[432.9994964500471, 495.68356896484465], [501.1957740557863, 455.3442663648068], [447.6458330065115, 408.70966859909885], [380.8550459232959, 443.65928408526247]]",90c9b671b2496277d1b455865140416c2ee6780eda324173e8a66dfe0b45088e
127,4.233333333333333,6.233333333333333,6.23,6.23,622,623,0.7,0.7000000043518886,fault,1,ef131323bbc6f2e8d933186d3b92abf47f6a6961fe69ba9db89165a30ad8d1c5,"[[432.8192876551979, 498.24472907969704], [501.3195444818829, 458.0090015040943], [447.6703379734897, 411.70779223471686], [380.64495047711006, 446.5093899166442]]",013eddb12ba7a26713048ddf01026585d5521c43901a1a45ae5eff2587b4c995
128,4.266666666666667,6.266666666666667,6.26,6.26,625,626,0.7,0.7000000267904538,fault,1,613b4818f7d3a882f89575e5d2f2a7746955ecba8e3d88a69b0aa955d569599a,"[[433.03322937635585, 501.12426390017674], [501.81803414271974, 461.0068223562125], [448.01930444841105, 414.8246350642073], [380.75131876980055, 449.455800036165]]",9fc656bab3f22fa41ff1f90220c0276a917902ffe1953a4aa19d08675b77862b
129,4.3,6.3,6.3,6.3,629,630,0.7,0.699999909858484,fault,1,7214e0a1179d8e496e91bfb67848c50318a85a37667e10f2cdf81fd1a7cc6114,"[[433.91340491315435, 505.06022463708064], [503.08462092843706, 465.07022545463064], [448.99951039967095, 419.2761270883194], [381.41936541845166, 453.70765460489383]]",0ad9a2e0c01b990cd63b85e96f5a3165683feebd2acd50c95920902f6ab6e2a0
130,4.333333333333333,6.333333333333333,6.33,6.33,632,633,0.7,0.6999999135136068,fault,1,fcdcda84c7b9eaddc8e07cbb3757b2d3580fd078724ec9bf18fc428fe3795e4f,"[[434.9835314014238, 507.9129777138281], [504.4629503606243, 467.86938604721576], [450.1052281286055, 422.7346409291028], [382.31335567936856, 457.16925029895657]]",425f163d580c46687a2dde7ed515e7fd800a37b8f4b4cd1acc0c93145d51a123
131,4.366666666666666,6.366666666666666,6.36,6.36,635,636,0.7,0.70000003165961,fault,1,52a86f843118a9b1d1730be7e96043eeb6aae910791f22b8b6439851ace95b92,"[[436.33758304703025, 510.70840344277707], [506.1011757605534, 470.46079131495657], [451.4456574617898, 425.923736902548], [383.46306306459365, 460.5107842006552]]",086da3f4cfebad570342b4c9ae0e69ca8d2d9964d9a04de9efc172d8ea31d9af
132,4.4,6.4,6.4,6.4,639,640,0.7,0.7000000733066244,fault,1,86aca15c6ebf2c2d1b735d6e9617a9c4f6eae723bd5d767d21b892e8f9553197,"[[438.448626749842, 514.1681391867645], [508.5113183002833, 473.6044898974292], [453.4394993459371, 429.50224359333737], [385.23792319225095, 464.3342302420706]]",1069f822af6efd31b3ee068bfc55c68739220eab9247640e3059f3b92bd17c65
133,4.433333333333334,6.433333333333334,6.43,6.43,642,643,0.7,0.7000000316640783,fault,1,59b6a0bcf61f103c80c88679a1c9a4bcd54a5bfe2229de21830a28e424b6b787,"[[440.1541756520236, 516.2385807418477], [510.40301902413, 475.49405896136125], [455.0195146427731, 431.8242542477434], [386.68964464757084, 466.79260540281183]]",d5da4bf51e184f61de14be29a87d2d6867b9b9ede7c0b1924968264f87b35621
134,4.466666666666667,6.466666666666667,6.46,6.46,645,646,0.7,0.7000000293045526,fault,1,969723afef9e9d72c0f18e45d2d707f7dff2077d0e5ab4ec3547e006f186578a,"[[441.87348745325875, 517.7575445865172], [512.2846189402862, 476.7949326293496], [456.60839175554725, 433.76118376918146], [388.1890897081988, 468.91348819886554]]",d19c1a98ccaad6636fde266b11aaa804856a4e89e77ff972d48bf87bc1736e5d
135,4.5,6.5,6.5,6.5,649,650,0.7,0.700000076041727,fault,1,aed364d3a5fa3adf927a1315f4b21b50a45a847a341ef3b7045b99b632225f55,"[[444.04262337234996, 519.098392662001], [514.5864548595922, 477.6717981650281], [458.56503389261104, 435.22295154412024], [390.087077610253, 470.79740974274216]]",83a04054e5577d61e3efbaa7411a92cbea44342abc28df1ed6a8704eb8481a07
136,4.533333333333333,6.533333333333333,6.53,6.53,652,653,0.7,0.7000000649507223,fault,1,af5626ea6543282d4caef3c02f2b6abfacf4ee6a01ce4e2643b437fddb0cf3f8,"[[445.463539396982, 519.5466903773125], [516.0311035134678, 477.7569957865351], [459.7921027266757, 435.41281351739997], [391.30980532656383, 471.32290939179313]]",ea2e157a04e1bad6b50efdcaf05e18d054413faf39cc916cf3ea993be666f445
137,4.566666666666666,6.566666666666666,6.5600000000000005,6.5600000000000005,655,656,0.7,0.7000000386523547,fault,1,def8e6a1edd2003edc052cc3c8a5e809b378af039d836edde165101088800169,"[[446.6157187167229, 519.331942078043], [517.1680001225884, 477.2850888178937], [460.76644654526376, 435.07410416551386], [392.31124347371986, 471.22766706362626]]",98aa4992ad563b4067ad02254804f3080b66db2482bd34fb7335f0c0c6bfc4b2
138,4.6,6.6,6.6000000000000005,6.6000000000000005,659,660,0.7,0.7000000159234139,fault,1,729550e4f4361d5d9cd74ff8bd883e79df98ed59c17bf99752b9a88b5489ddda,"[[447.63627449638676, 518.0440059012924], [518.1235170084001, 475.74880714810183], [461.6075703428683, 433.8448799940393], [393.2365971297696, 470.25002585468536]]",56eaff03d306d44aebbf9019279a4e5f3aa45c98b32bdcaa2f1befffe8ab9184
139,4.633333333333334,6.633333333333334,6.63,6.63,662,663,0.7,0.7000000013485288,fault,1,5d1ba25fef46c07042f62fe2078cb6fe49b8dfd7effca153f67c6e41c69e9301,"[[447.972825456873, 516.5644221727426], [518.3591032932409, 474.0535434031466], [461.82410269265483, 432.1165872087634], [393.5455657909364, 468.74646301950855]]",091aed672e05ec2a2f227fef362349e6a94f2a7e95f9150f92d513fe143ade80
140,4.666666666666667,6.666666666666667,6.66,6.66,665,666,0.7,0.6999999910283771,fault,1,6381ba3b553abcb2fcbef45cb701a03787d3b4ad46aca3c8cc31780b81a522d6,"[[447.917910743829, 514.7332935699794], [518.1599889653726, 472.0067453587868], [461.65974172753454, 429.74903759726146], [393.49045885844566, 466.6092002582668]]",287f7786051ae7b51e761d2e9d4a04ff9bbb40e51ec6060682839358a52437c0
141,4.7,6.7,6.7,6.7,669,670,0.7,0.6999999945017381,fault,1,23b8eda57a5f37ee8eec8b2670b8239142808827bb6257289703cc2fffeec45c,"[[447.2229970274132, 511.6786863673094], [517.2490545591746, 468.79846084375885], [460.8943089130637, 426.1194489429322], [392.8883106846529, 463.1710826161643]]",fd873373fd565e30b91cb76b10dcd41c63bb54837570398e7268e9c484dc2e96
142,4.733333333333333,6.733333333333333,6.73,6.73,672,673,0.7,0.69999999168117,fault,1,5a9f4bb56a566711497e3f1f1693e48c5d9807b1dc791e97d41adee8340c35de,"[[446.2568054578917, 509.0202642957934], [516.1202531125684, 466.15182578783686], [459.94645015683125, 423.2412838999878], [392.0664694647702, 460.32219642895166]]",34ccb0c41cf3a6136b0b8fd5c5708a39c1c5cb486df4c5e6ab9bbbcdb8e44a2e
143,4.766666666666667,6.766666666666667,6.76,6.76,675,676,0.7,0.6999999880525354,fault,1,4aab9fe698ecd2de70988d0f2d0ad6b341885993c74cc67580909f2b8fa821c5,"[[444.9518547026646, 506.26081705550774], [514.647611301256, 463.46591476929524], [458.70104686005567, 420.1739308004734], [390.9378786791134, 457.22714291091336]]",d6105d57cef2d97720a17cdb119fb585a32cf3596b910e71eada2de1bcadf1c1
144,4.8,6.8,6.8,6.8,679,680,0.7,0.7000000034074605,fault,1,505389156c4ac70ce4b9c2be32fc684d7f2820db6f0916f002c1a23a4034ea94,"[[442.7812046893611, 502.6486689434547], [512.2524670449613, 459.979759037735], [456.6639189550294, 415.8963585126609], [389.03442327416144, 452.8877262706134]]",669998a43e90c65ac3cc991d861a83a2433c2e62156e35f62b96fb5279ae7702
145,4.833333333333333,6.833333333333333,6.83,6.83,682,683,0.7,0.7000000189817457,fault,1,8d989a4dcc20af4b6437ed7d50446b2d3144dd97d4a144fa202104c5a44383f4,"[[440.91750650710975, 500.02601653933925], [510.2407950698073, 457.49065052970747], [454.9525952589429, 412.8646479739928], [387.4089350521348, 449.77307923484847]]",288b97e36bcdc5b6fead292d5ef5d5a507d107ccefce1986cdda28264c183e60
146,4.866666666666666,6.866666666666666,6.86,6.86,685,686,0.7,0.700000026051977,fault,1,7f26b65172adb82ee18665dbf7783249ab9cd16a0e0ee7f3fb8824237bc421b6,"[[438.9318494657736, 497.5268382044888], [508.13496011615655, 455.20841118857265], [453.16123745779316, 410.1901079939186], [385.68771540085277, 446.93246944521223]]",6b43fa7305f979cabbfb501fa0860ef12cc2be99826c086f5e4fa6de986e6fbc
147,4.9,6.9,6.9,6.9,689,690,0.7,0.700000034064451,fault,1,65ff7486e06dbd23143e6fbffd1d9fa8acfd31bc7b88a8fcc3eb138392e389f5,"[[436.22027993531225, 494.58844946860063], [505.30094983660683, 452.6880841406391], [450.7483825471807, 407.1577575045321], [383.3284751592979, 443.54418276965714]]",5ef56dcfcc95d44eceebf35bbb4af7a29291fe051d75ea2e7414e4a207bbbe93
148,4.933333333333334,6.933333333333334,6.93,6.93,692,693,0.7,0.7000000364562502,fault,1,eb320a1d27bad96dc0c7f1e5b353ae0e6a718c12101dabd1255da648bd014b6f,"[[434.24032879920674, 492.80361444218545], [503.2585477256494, 451.2366435883432], [449.00970736440377, 405.25498025383337], [381.59727311410614, 441.3470680478653]]",6dc3c97a20f08ddf26d43a0c19cb7f8b79125f397b0a716f9f6b4a384fdfafc2
149,4.966666666666667,6.966666666666667,6.96,6.96,695,696,0.7,0.7000000237691529,fault,1,9aa548573504efa3753a1aaf9a2e4d729b43d729b33133007633cb0db60a72cc,"[[432.39829522108613, 491.38991638950506], [501.3888048395153, 450.126031757402], [447.4173426798374, 403.78194472653826], [379.9920302434002, 439.60278457981786]]",3aaffaa6ea1eb9086eb9bb8c014066ff950a36102832b4343ca7cb5ead4db234
150,5.0,7.0,7.0,7.0,699,700,0.7,0.7000000063104783,fault,1,85d501b82a9d207e5ad3c18cab3163e91530f54e403facc447b37d94994c6ff6,"[[430.28097540663, 490.056006471932], [499.28977788669766, 449.19291235859424], [445.62279237225147, 402.64981297763285], [378.15672338565207, 438.100378373185]]",25cdaaba48314a1686fcf5e5dcfaaa712cb8a73d41f76c578904dcf425d59896
151,5.033333333333333,7.033333333333333,7.03,7.03,702,703,0.7,0.7000000048979642,fault,1,3bfb97711fcba048eddf4dbca4d7f859fff65565873c14bb40d74799da0454a0,"[[429.01709615040215, 489.4999784378561], [498.06871586763504, 448.9654157515964], [444.57444400248704, 402.3645248315859], [377.0568974085775, 437.4994282955907]]",e1754c629e9556ed6cb532d9ae9d4584df9b0412b90da8f9e640d26641852ad6
152,5.066666666666666,7.066666666666666,7.0600000000000005,7.0600000000000005,705,706,0.7,0.6999999930408307,fault,1,65907c87754b3dd937c99c23d29bf7601aa62ce627e2f5ae1d3b25ed2e6a127c,"[[428.0807399010739, 489.34645290157414], [497.19589957292044, 449.1224513888982], [443.8240933945492, 402.45911579605877], [376.23611586546343, 437.2875190917614]]",da7b55fdb3f3ca260d1d2349e501d28c21c7fa1dd67259a4701008f92fc06972
153,5.1,7.1,7.1000000000000005,7.1000000000000005,709,710,0.7,0.6999999570547284,fault,1,f3592a1845ea2c601c76b8037600674f731f41a67391333916704974ddebba56,"[[427.4080349431722, 489.6825532027911], [496.6505944213163, 449.7587569980136], [443.3512975581247, 403.1689327826487], [375.65164728236664, 437.6911692979871]]",ee915a00aa355cfcf2a220704c63cacd6c007093a1532a133d02a05036e9edef
154,5.133333333333334,7.133333333333334,7.13,7.13,712,713,0.7,0.699999951792146,fault,1,8a803592246afbf23e74c61ceeee5f8f87437907a94f0934d8b57f349db52e8a,"[[427.3621952183511, 490.25103687020055], [496.7290255782661, 450.47335296220524], [443.41047872179263, 404.13761577483814], [375.6225816328482, 438.5026845544626]]",4fc81d498c442302b851ca0b009c9ddc951de547ca72f07cf46ce29c9e2b34d5
155,5.166666666666667,7.166666666666667,7.16,7.16,715,716,0.7,0.6999999699445922,fault,1,bc251ba3c120bd2d2c2250dc75cadf4a885c4d3849f12fff8e7e0c64e0b9c8c1,"[[427.70574524648987, 491.05132279801296], [497.20511562715194, 451.38540168935873], [443.81006443233366, 405.3704892358301], [375.9316125740296, 439.60748452335577]]",d59deba93f8c2f6245267199850a559c7ec9d21fae12d310ab93d4ec97e49fa5
156,5.2,7.2,7.2,7.2,719,720,0.7,0.699999974614157,fault,1,bcefa74d5f6db60f765255b36072e1895bff0395249853f959470ac78051b46d,"[[428.7347879520047, 492.4008202389909], [498.4104692043895, 452.8205235640624], [444.8358909684997, 407.22660979315253], [376.8353249443454, 441.3489731256176]]",d1ff02b60cc0e8aa2091b3349247a983c104be6503907f27be8ffb44c3f400ab
157,5.233333333333333,7.233333333333333,7.23,7.23,722,723,0.7,0.699999967075396,fault,1,3217c5d6f3d999b2c7954ad6b85ce728e86d7da3d4c00f16772298e2e4392beb,"[[429.8951782355417, 493.5043704136893], [499.7070837471802, 453.9076439056455], [445.94572090365807, 408.7218045014483], [377.86009404498947, 442.83607162770414]]",71ece52a738718003da897f23123dfa01538ce1ba9350c37ddf8a2e1a2b90df5
158,5.266666666666667,7.266666666666667,7.26,7.26,725,726,0.7,0.6999999797182135,fault,1,0944fda35f7df3b97b5f7e70c52183c03795e334cb4f36f85b50a9336a56e47f,"[[431.33717424790757, 494.590061375375], [501.2855256729656, 454.90655249603975], [447.30198528887126, 410.2477343321922], [379.1431349496846, 444.4239050257674]]",0726b404515617aae30e4eba30cc78151823eedced92f1949fd0abc345593930
159,5.3,7.3,7.3,7.3,729,730,0.7,0.700000016210449,fault,1,834d11ee093f121eb8dbc6e103a88754dba40dc1598dc5d86246c8ed95a6f1b0,"[[433.5866984868321, 495.9352902915251], [503.69284537946015, 456.07336219532556], [449.3790270403023, 412.11756672357075], [381.1428356975457, 446.4384500746421]]",923650d204dc8a1a6b74077c1efd2414b215fa47c2544df03d20f75b1717b9c2
160,5.333333333333333,7.333333333333333,7.33,7.33,732,733,0.7,0.7000000233204539,fault,1,ad98282224dad75a96e46dd714951b41d8b45a21583846a008449907dcbb67b1,"[[435.4245389226445, 496.79206147143], [505.62135557136014, 456.7768230400326], [451.0484236825086, 413.27478320133275], [382.77038338585476, 447.7241205395051]]",cf63720e50a40e40ebbd5184e0488789d21ea7a5fd8da364090cc9a1ab2d8afc
161,5.366666666666666,7.366666666666666,7.36,7.36,735,736,0.7,0.7000000192979652,fault,1,6d675020c1f6746aa955dff4ca286694ceec236d661df1cbcf3d3b772119c5c8,"[[437.3077603548303, 497.41918732139857], [507.57552589311575, 457.2343715817929], [452.74632201395156, 414.1976475501485], [384.4442225890765, 448.79465936846464]]",a74e2eeeca794a601ad12ea75852239d6c4f67a039e9ea978fcee1d25a67530d
162,5.4,7.4,7.4,7.4,739,740,0.7,0.7000000232842372,fault,1,70c3c28e76473c7cd4e1a8c7011b18c75a2a31dcde3133b258deaebf61be13a0,"[[439.75774286805944, 497.8101906622887], [510.0877705216606, 457.36664401397945], [454.94133068708135, 414.9847066367788], [386.6392676431664, 449.81786680513085]]",a1e808a860386ecb285ec2824efacff080f6c50cb734d5539c401f90efe9bab6
163,5.433333333333334,7.433333333333334,7.43,7.43,742,743,0.7,0.7000000265441506,fault,1,3700d90b3e046a3c0be38720e2b2d5979fd1d3b4d23763bba2c4b0659cec4bde,"[[441.45274307344357, 497.76548723895576], [511.79430920165976, 457.1222092979856], [456.4390803161535, 415.12729713435874], [388.15922124764916, 450.14749306213076]]",397920541f21fe3f5a0ff42a8982bd96e49a93485a696035789ab534bf838bc3
164,5.466666666666667,7.466666666666667,7.46,7.46,745,746,0.7,0.7000000198484759,fault,1,b92c4538b73068f25ac73f37813594f6450a09db1e6cf07dda3c3c9c0bce70d8,"[[442.9490195489934, 497.4101071590693], [513.2697995096429, 456.5916398733352], [457.738818452192, 414.8511648181289], [389.49749653086485, 450.03823937271807]]",63bf23ad0074045ad3d79571570127f2da433bd5d4b773fa5d1e4b4a15044054
165,5.5,7.5,7.5,7.5,749,750,0.7,0.7000000079261774,fault,1,67ddffdc09ebf4b842003d357da0d9082e70eaa58fbb431db7317b6bfc6b72bf,"[[444.5372453263, 496.3884201585439], [514.7927093189626, 455.39006405676287], [459.0942776966325, 413.90828802379826], [390.92968083526046, 449.2745010172198]]",94cdedb24d0e17e4017d134008c362a05b6e3953d68d214df83b5e1ed2b13041
166,5.533333333333333,7.533333333333333,7.53,7.53,752,753,0.7,0.700000001073343,fault,1,cb3fffd616a3b4f18d8b148e3d7fe8157012df6567b6f7fc71285bfd8aaea96e,"[[445.37024017935823, 495.22620056728147], [515.5525227397279, 454.12301812348517], [459.78528906315455, 412.7877360415724], [391.6961488476172, 448.2661906101901]]",806bc55621ea116ef227e58128e2664843c5c1406e3fc8f7e1d2d030ae07112b
167,5.566666666666666,7.566666666666666,7.5600000000000005,7.5600000000000005,755,756,0.7,0.6999999941633794,fault,1,9b1a1a6037280edd0923831a4824d998db3eb2f3264bc39e525ae4b44fdb7d9a,"[[445.8675315370681, 493.78806120792876], [515.9530943645839, 452.6062997683023], [460.16524144098605, 411.28930370315453], [392.16228514786934, 446.8590643400811]]",af8f9fa1280188bbe02f5b950448ee8d97352ce825591104d152642f6819b8f0
168,5.6,7.6,7.6000000000000005,7.6000000000000005,759,760,0.7,0.6999999897266547,fault,1,0f5c9dc6d9f305b8cdbf4d5757d90fb17d97d16f5490737387728d9b82bbae39,"[[445.99068883140967, 491.5066801286208], [515.9165355761804, 450.2843782458158], [460.17614408792673, 408.7817136368039], [392.2974723004124, 444.41721784096575]]",096be0f9eccdb455d9c7d948f9426acea9257fa319b7288438189d9598fe9ece
169,5.633333333333334,7.633333333333334,7.63,7.63,762,763,0.7,0.6999999918636661,fault,1,bc20b2d550d2e54c947d6aed0ff353238f76effb70c120d642925be10873a2fc,"[[445.68637327129835, 489.55016745192415], [515.4814523628347, 448.35428880731627], [459.83398965991984, 406.65489506914906], [392.0528893422455, 442.290011592478]]",285d42589ae54167333304c705162381989e46ab2e98ea7dcfdd45cfdae47549
170,5.666666666666667,7.666666666666667,7.66,7.66,765,766,0.7,0.6999999935962711,fault,1,aec8a10de4511727725692881d9affc91cc97deb9de28f12f553cba1a70fcf10,"[[445.0676591235575, 487.4436584829632], [514.7289375112068, 446.31875078022324], [459.21960452998553, 404.39911892763075], [391.5365576426499, 439.9945644067418]]",76fdbbec63e198f05d57fbd75d9d963517d53b72ef7e453b17017bab446f6c1d
171,5.7,7.7,7.7,7.7,769,770,0.7,0.699999996242066,fault,1,74ffee6f9d678e3b913530b7c6ae698bc07d21d39225156937df989425fd559c,"[[443.8179866136466, 484.54888003377096], [513.2976442096583, 443.5798913568612], [458.0299905961946, 401.24527919569533], [390.46983173485495, 436.73132697340554]]",479e9df00633164888242d3e1e0714d22ea6812807d245916dbfd43066b9d034
172,5.733333333333333,7.733333333333333,7.73,7.73,772,773,0.7,0.7000000027930863,fault,1,5afe1521e336a69e1a89b962fe43ca739fc2efee95674bb578e18d8dcca06a0c,"[[442.62450341268726, 482.3969466883204], [511.97065169076006, 441.5863587193341], [456.91832842501856, 398.8583470379134], [389.44037242776784, 434.22285999950304]]",1fb4c445f8b519a1f35982714ca1185b1ebde7b5379a3df5387cf21bfbfd70c3
173,5.766666666666667,7.766666666666667,7.76,7.76,775,776,0.7,0.7000000104361895,fault,1,5d3d36b95145f9ae3bea718028f5d6025aae710bdd72439ba189f92d7c8695cf,"[[441.2752436275605, 480.3043270998105], [510.49858916180835, 439.68445589690066], [455.6824920366705, 396.57490159487304], [388.27764125402825, 431.78660387074234]]",1663ee5c94b9778e4838e438298525ad3d04ec58047ffc4a6b7ee11cfb9789c2
174,5.8,7.8,7.8,7.8,779,780,0.7,0.700000015575711,fault,1,bde814f47dd2299a9eaf0a848460d13d91224ac4862693103047e6235d2e6542,"[[439.34243527766375, 477.6892233284727], [508.4260006430035, 437.37236788575757], [453.9407489196547, 393.82369006148417], [386.61671878730976, 428.7824338102615]]",18ba2938727614bdd208d024adfc9cb58a3d03b93d8afe0e131a7f7943ebaf0c
175,5.833333333333333,7.833333333333333,7.83,7.83,782,783,0.7,0.7000000170312483,fault,1,70fa6a0f932aa08e0ea29460a86bbf7d02df015a553289fe92ed16b1b2d26a3e,"[[437.8747130639574, 475.9383522030725], [506.87156294766515, 435.8786119330698], [452.6338930935173, 392.01303620589596], [385.3543325526041, 426.7495222609262]]",b49ee6993b93ed8150c648469c42a5dfc2321e4f96559bcde14ca88695ce8191
176,5.866666666666666,7.866666666666666,7.86,7.86,785,786,0.7,0.7000000166153706,fault,1,b874f9670caeb57941cf034627000516423122f220f3faf7bd63fc3540d9dafd,"[[436.4618113916033, 474.41578211099096], [505.3890053919779, 434.6229830650747], [451.3883876789928, 390.4495574058679], [384.1385845059017, 424.9501930166109]]",10e05a73e65ad0827da64e8cb5fcaccaccac1b27b391fb7d0a5c47776ec6c2f4
177,5.9,7.9,7.9,7.9,789,790,0.7,0.7000000101079766,fault,1,a18d1ff9159dd330d3ff93698701a5f341acb268a2163f71465db5b839fc1395,"[[434.7688896332027, 472.7610468165587], [503.6360465892602, 433.31694578022046], [449.91837909015226, 388.84073834722227], [382.6889281298872, 423.02752557464123]]",1a1a085adc91ca3fe87275850c11ae8cb256582185e2e1e8993279eb51a223b9
178,5.933333333333334,7.933333333333334,7.930000000000001,7.930000000000001,792,793,0.7,0.700000003705546,fault,1,2bd049360db271883779ac87c652572a7081c88dcd6655bd243fbe18b8f3afed,"[[433.712025009296, 471.81077058894186], [502.5595199715345, 432.6186875303864], [449.0180699941858, 388.02668292666624], [381.7912001766387, 421.9821849400812]]",eae0a8e0c57fc4062dae7dd197bc4306c2db94f462578d590db3d874af32e304
179,5.966666666666667,7.966666666666667,7.96,7.96,795,796,0.7,0.699999998521999,fault,1,b4f2666e5aa100c4fb007dae942feee202f5c66c0d14684c9059b36f0a900e8c,"[[432.88534988651986, 471.1245874861138], [501.73139500163546, 432.1732804840752], [448.32929823516776, 387.525524415134], [381.0938992036804, 421.2556974310487]]",ccce64435033358375f16ea44064de62c9c5facd78f066d2746271035b384d3f
180,6.0,8.0,8.0,8.0,799,800,0.7,0.6999999888990001,fault,1,d367580acac2a6332aed9f9d0305e77c726df0781fb87d7783480d9a243b06b4,"[[432.19752134387073, 470.6145687146141], [501.0671567156785, 431.94471208801923], [447.78699217257997, 387.29655255843056], [380.5246791295287, 420.7574162222898]]",f590c5a30aed58c1455f5a8b99ec2537e1a523cb06d0a56ca447e66fd0da49e8
181,6.033333333333333,8.033333333333333,8.03,8.03,802,803,0.7,0.6999999806577282,fault,1,0f99a39b7a2421e41ab6a1e60258f7b4575587ab4fdd6e53d3ee2063b1c6df2c,"[[432.0218861569968, 470.4977874737375], [500.9289685780851, 431.9932160426895], [447.6877798426307, 387.44363525890094], [380.397637302952, 420.74279363075254]]",744a52958ac3004c009e884792751aa5bd65704b1e574f840c491f6b87ef447a
182,6.066666666666666,8.066666666666666,8.06,8.06,805,806,0.7,0.6999999781240773,fault,1,388d7285a1de846ae6df3e44944ec41bf82e56a4fe3c243abaa85013d39b53df,"[[432.1482618583366, 470.571537097727], [501.10704954319425, 432.191219468747], [447.8588136025427, 387.8368409598159], [380.53738659814394, 421.01133260193876]]",800991e145b1a7e07ef203cd1d0c2487025186c22e8d8b4f00a6ffdfa7e1e57f
183,6.1,8.1,8.1,8.1,809,810,0.7,0.699999982786838,fault,1,8afbc0c9596d1d08c530ee3abc0bbc3a5555d25759d37cee53afc9b16cb3183a,"[[432.775358128766, 470.9211521316836], [501.81503876260103, 432.6482147040312], [448.4908514323108, 388.6374608344729], [381.1245583046152, 421.69820584842864]]",bf0eadc006826fcdfaa9088a5aa8282ee6d8ca74d7f19433f7062d02f969706a
184,6.133333333333334,8.133333333333333,8.13,8.13,812,813,0.7,0.6999999850004575,fault,1,10687e85086cc5a10b20bda3d3e17f10689ad1ffbe3cb03d36cdc5db272901b4,"[[433.5656706695737, 471.32222141590034], [502.67000965221433, 433.08426847585235], [449.24431514073626, 389.370343771161], [381.8443701768642, 422.3876425262534]]",d3c3535923b765f5f3476ed2429688665ffdda559e1545ec01a8d7daeb168e38
185,6.166666666666667,8.166666666666668,8.16,8.16,815,816,0.7,0.6999999870707939,fault,1,b744a95eff7d693d6e08360a1fc7b1d6df112e8e57e2688790d790b0b621c3a3,"[[434.59815805872506, 471.78078300088885], [503.7692223041229, 433.536108115711], [450.20919213192906, 390.1756807084525], [382.7790221071522, 423.1893385793411]]",b758db9e2a26de8a03bdfedf102eca52c7c864d4c42c7bd7436ffcb93b801030
186,6.2,8.2,8.2,8.2,819,820,0.7,0.6999999968218193,fault,1,ac2b03d42e4fc515a1df6e3a95e198e8e6019f216023b724fac3069ca6aef620,"[[436.2815444284611, 472.3979086764681], [505.5385706389938, 434.08623726282167], [451.7603419914285, 391.2752398902583], [384.299441124069, 424.34062177027965]]",e1984bc237aab16c4e21c82c2506bb05d8e72f653f3ee2296e846750aac042da
187,6.233333333333333,8.233333333333334,8.23,8.23,822,823,0.7,0.700000005487607,fault,1,50c0c713ca4fe1425ce992f725a0d64a22ea6395c62909d6926416d548b90484,"[[437.70974890089906, 472.8188321664519], [507.0213548361622, 434.4247650604999], [453.06084873882395, 392.02829913971243], [385.5854901231186, 425.16395545933096]]",088105c0574512eeffb643ace42aebc7618ad3f033ca4ef8426cff647eb3bdc1
188,6.266666666666667,8.266666666666666,8.26,8.26,825,826,0.7,0.7000000096071758,fault,1,0171b416136127cc2e43e3617051c336bada77506501d985db5e749e9326eedc,"[[439.21871721207435, 473.1570885004867], [508.57266877935933, 434.6626649010905], [454.4230783777445, 392.66033787960055], [386.9418685168343, 425.8844008046207]]",01bc25b9279ba6939e948e0530fb17fd76e8ed7a42d4ef1309feb8e889c94396
189,6.3,8.3,8.3,8.3,829,830,0.7,0.7000000109703068,fault,1,ac3e24825ae9af03ee8f6dc1bfad9574f98f4de60c4efe0fb1fe0841b1a82f12,"[[441.2571184286094, 473.39600680430027], [510.64791418802304, 434.74989479675776], [456.25005661640597, 393.26617170846407], [388.77730455775264, 426.6283020591447]]",61db96beb7ee477e5a0c45984683b1aaaa8fdaffe61aa9197f959eb5b95229aa
190,6.333333333333333,8.333333333333332,8.33,8.33,832,833,0.7,0.7000000121352732,fault,1,1b99fa662424fb5741e146464a98f44ff20381f03f7a1d2150f19be6d7c0c0a7,"[[442.731616195182, 473.37652264773544], [512.133008725985, 434.61000866642587], [457.5622584869029, 393.495258359963], [390.10905315553885, 426.9701613122342]]",b5623708f110043d5f3d9a63a9ef7937fc77954df431d3bad1a63ec571dade5c
191,6.366666666666666,8.366666666666667,8.36,8.36,835,836,0.7,0.7000000117132805,fault,1,8d0237844f0ed121330fbe90a64bd541ad433e9e4d984651237f25713cdccfed,"[[444.0990349682571, 473.17280742086405], [513.4929543517353, 434.2888979481247], [458.76830159089036, 393.48192474242956], [391.34535367642343, 427.0689175416367]]",e470cfd29fe6649b426270dec05f62eaad2cb1ed73a00e5ead978df646179ce5
192,6.4,8.4,8.4,8.4,839,840,0.7,0.7000000072795365,fault,1,826d5808938c87e4c8aff6f8342a3b9ff61b5db3897153b8099d76359f3951f7,"[[445.67246751512624, 472.5888618389607], [515.0279808734736, 433.5690127824828], [460.1379283402074, 393.0607239769247], [392.7708637414662, 426.78112710841003]]",825e9685e392fb733f3260d409c65b8eaca66cfbaf487098d9b5cfcbd1c7e0e9
193,6.433333333333334,8.433333333333334,8.43,8.43,842,843,0.7,0.7000000033616084,fault,1,00d009b82a4825530fb05469112d2fd5bc0eba7ad93819e35e932a2992815127,"[[446.61409452052675, 471.8991810214847], [515.922375333864, 432.80021821434826], [460.944929581376, 392.45552507566896], [393.6309723634091, 426.25759574514035]]",e3d2bcce54de49ada5eafa5f5fea14c956cce9a37bb89598f217849b8a3033cb
194,6.466666666666667,8.466666666666667,8.46,8.46,845,846,0.7,0.6999999998113684,fault,1,158c35be7ad2dc54d2b61d9e6e358ce3fd7aba7daa415d8ead6d1343b96297ad,"[[447.31910882124436, 471.0019698684067], [516.5656141940967, 431.84578764742247], [461.5358822671365, 391.60789712968204], [394.2833579974866, 425.47369688112656]]",fddbaec4d8948458b6b875228e094579a48e70707ca524ae3da6d9af49b96f6f
195,6.5,8.5,8.5,8.5,849,850,0.7,0.699999995768154,fault,1,b82c2deee67ceb03ff08066b815c0c3e510ee3d3ac7944a7e09aaf3769c78d0b,"[[447.8617638424919, 469.52632173256137], [517.0037774110124, 430.33221501499844], [461.96085131907336, 390.10644409123336], [394.7994130963017, 424.02430405960166]]",ba5514e598447e105682cce43e9132da441c7a8a4c16479215a2bc7adcec1883
196,6.533333333333333,8.533333333333333,8.53,8.53,852,853,0.7,0.6999999945465094,fault,1,ed2a28b0eb9618c13e69039416288339a6af20c578ff2749b8109001991b8f67,"[[447.96402417832826, 468.2390655003612], [517.0143793513909, 429.0496520799467], [462.0042355188287, 388.7414678861518], [394.91547911074304, 422.6692664226989]]",73e752af6fabf7e4c3a9c99b33873b4f7e766e47015cde6d0b46fcf323df2ee7
197,6.566666666666666,8.566666666666666,8.56,8.56,855,856,0.7,0.6999999949440376,fault,1,f322685e06953beaf650ec174349eca60d154cab393d41d042cab42582df1722,"[[447.81272081071313, 466.8216639528039], [516.7646811807622, 427.66735244211816], [461.8229231098719, 387.2290832074269], [394.80891846329394, 421.13997253147147]]",2a016d903ea5dc6e5456e26af1088848572768c132c4e94d90ae59c8cf8d428c
198,6.6,8.6,8.6,8.6,859,860,0.7,0.6999999962921791,fault,1,d5b07d3cf4b0f129e68354f98aaf16aadabd0b10bc81577395358b83e9d25f02,"[[447.24907847483695, 464.79357231864475], [516.0643303838186, 425.73278603910023], [461.26389385116846, 385.0573716658356], [394.34913188323293, 418.9036257656397]]",77dcad7ff3d8a84a29a583f8251e37efa873769898a98f57e5359a31e1bb1dfe
199,6.633333333333334,8.633333333333333,8.63,8.63,862,863,0.7,0.6999999982509095,fault,1,7d492745ae3a3fad6e3de3022045b3cb527276ace723bcdb5e17b0d9e5f421f9,"[[446.5915809820465, 463.22822139608445], [515.3027210216433, 424.2703128025029], [460.6400607769186, 383.3588837117928], [393.7961872018309, 417.12622721373486]]",d5acc343a0708527216ca67a9f4824c987f6e6f467817a3733a98a521782b42b
200,6.666666666666667,8.666666666666668,8.66,8.66,865,866,0.7,0.7000000015101274,fault,1,9e6a565865f3aeb3b2338712dcaeab988f50bbc87c325a237146456203d4eca6,"[[445.77334571662624, 461.6682717299521], [514.3825420358733, 422.8378608818579], [459.8791236639887, 381.656297594186], [393.10122721108235, 415.3213277859522]]",12978bc1e29accb7432877dbc441cc2b4d9013609ec4e5a89e1d4aae5cb9a79d
201,6.7,8.7,8.700000000000001,8.700000000000001,869,870,0.7,0.7000000057349341,fault,1,7cb467965f33a89ee75c2e2ecbc5b4c54ac60233b8b54adc03703b2c869d5c2b,"[[444.5068623482774, 459.6515696458857], [512.9901433067084, 421.02436957042676], [458.721766759945, 379.48335336499656], [392.02265879399044, 412.9797762275104]]",2239f693cd1c6a6ceefaf50d9a12e7bed85a86025cd8782f8910a760eea81136
202,6.733333333333333,8.733333333333334,8.73,8.73,872,873,0.7,0.7000000075173308,fault,1,9afa16017754cb6bb2405f8cd9f64ab8dda6d42b17ccf359707f08fc5c381b9d,"[[443.48549988497507, 458.2317293591939], [511.88487357620994, 419.778836990366], [457.8008636993343, 377.9847814522799], [391.1524409564479, 411.33260270881146]]",063b40e385a00003e05c201c03e7b72119e008c3247cb277da3243d1eb9118fb
203,6.766666666666667,8.766666666666666,8.76,8.76,875,876,0.7,0.700000008348029,fault,1,6285f318f2d9e9096bea536aa6c0d2ea4b693fc6d159211246c1fcfa9e0d7765,"[[442.455451246959, 456.93104070349386], [510.7811753091754, 418.66631889036626], [456.8807691838811, 376.62992785014063], [390.2744225428203, 409.81399518559726]]",990f63cb77d91babfbde63b0c75fad53ab5a3bc28ad12e4994a2693511739ad1
204,6.8,8.8,8.8,8.8,879,880,0.7,0.7000000077073525,fault,1,b59fb9773f7fcacd7b606f9726df2ce96499ce01bc6e79f115e23579258a70af,"[[441.14934507120677, 455.4241237318899], [509.39566671073675, 417.41853530366393], [455.72707728575233, 375.0964551790185], [389.1630278383573, 408.0507696808471]]",b64def08cacd8a99480f85795e2ce27424a8f6ffb48e2f482c6ae7c85dd9c7ee
205,6.833333333333333,8.833333333333332,8.83,8.83,882,883,0.7,0.7000000054488507,fault,1,f6e975f4e7e8ca719fa3530b68f25402bf4553bf45e40fd6bb9fb19e8bd09d14,"[[440.27735281621517, 454.4810180160681], [508.48043395030777, 416.66711685506084], [454.96726756089737, 374.18857204098174], [388.4253372084296, 406.9703926802452]]",38d130ce2ec155c4f03b4b766c8038b9ac7059d5971010ba8ff277c6180e1dda
206,6.866666666666666,8.866666666666667,8.86,8.86,885,886,0.7,0.7000000024276287,fault,1,0c2e7c66a45b9519150bd07572dcd1b07b6cff00734ebb76202b27f9c97f2eba,"[[439.54052256110566, 453.70873366723345], [507.7144899640788, 416.0799274890313], [454.334555442122, 373.5022434236896], [387.806992623454, 406.11533701992147]]",dc539789dca04ae399a249d32a10f919688576b298c81f355fcdd6250c0a993c
207,6.9,8.9,8.9,8.9,889,890,0.7,0.6999999981668199,fault,1,95b6bba8a7e758e7a30e1ce9da92dec4ee32de238a587cc0f89e9db66f9abb23,"[[438.82194128223085, 452.9551643916639], [506.9771246520506, 415.5552538387522], [453.73317028207464, 372.91980341547736], [387.21319393034923, 405.32080142554105]]",5f78609a46a0a15e88b2fd00c1b1074f17abb2da787159c5dd92c3cae224e434
208,6.933333333333334,8.933333333333334,8.93,8.93,892,893,0.7,0.6999999945712384,fault,1,41167979c97827e1214eb627280492e3764f29d1404aecb1f6981b54beaa3404,"[[438.511428299247, 452.5906341557919], [506.666716895437, 415.340126865483], [453.48948116729406, 372.72004741109265], [386.9677686262238, 404.9803973056785]]",4111b263b15d0993c2956ff994fdfd42834ba4dd8903b36275c42fd53c826373
209,6.966666666666667,8.966666666666667,8.96,8.96,895,896,0.7,0.6999999914347615,fault,1,9ffa6ac49f0318529c77f2278e16330d6de4df24c8c59b8326be45c2fe4532be,"[[438.41362079629334, 452.3804742826201], [506.58058235716777, 415.25403343084747], [453.4375399020587, 372.7125277091418], [386.9095082661417, 404.8545595956906]]",f554367eae3caea6d0a52dcfa51a819084dc25814de26cdd6e1b46ccc68ffd0a
210,7.0,9.0,9.0,9.0,899,900,0.7,0.6999999902506837,fault,1,da2d27c7599167d71d621407c8f9952e85be13ab6412a7e0b59a70cd30c2da0a,"[[438.6222781535265, 452.3081274529324], [506.8192413934927, 415.30520781496085], [453.6709813428836, 372.96087509513575], [387.12983904859726, 404.982797045988]]",0a38243784bc379ada149d3bbcdcd5db8c6d0b19ba0c2ac4b0a564bb7875b413
211,7.033333333333333,9.033333333333333,9.03,9.03,902,903,0.7,0.6999999911269542,fault,1,d9f5b5e368ab34bde3a9fa3a23f45898743ab6ff0594080b833f151f90d3927d,"[[439.02646552420646, 452.3833920617339], [507.2529661804863, 415.44166119200446], [454.064841673804, 373.29468267767487], [387.5118511208449, 405.2550251123436]]",7fdc46b32ba0d4cac32230a7c8c448d9bacaafb180750493b8f3d6cba149792e
212,7.066666666666666,9.066666666666666,9.06,9.06,905,906,0.7,0.6999999923207396,fault,1,fc80304fcc460ecfc4792c9ec98b03f052696eaeb9c8429f787e043b813e9df6,"[[439.6275593199183, 452.53882186932924], [507.8871798474072, 415.6304599535709], [454.631416248898, 373.7169256795134], [388.06649430584434, 405.64142610129505]]",a7461446b4a53261dca0cef14509f990973ca2ee9131462bba46c6741482f41b
213,7.1,9.1,9.1,9.1,909,910,0.7,0.6999999951549294,fault,1,77b9a69ed4f44cbffd2c9c2bb60632cbab62bb3a10cd937105706b8f44fcb0ff,"[[440.69648079101944, 452.8129330952384], [509.00273545213975, 415.90612176350004], [455.6201378951059, 374.3634150761373], [389.0422348636222, 406.28086975707566]]",90c8c7f026a287621ca07c72b56ed6e515c7371c6cd8f6cdda8a0d622a97a7aa
214,7.133333333333334,9.133333333333333,9.13,9.13,912,913,0.7,0.6999999987297036,fault,1,078142fce1c4815564cf8a428918a5bf5779fb202c84f493f042e1c7802ab1d2,"[[441.66003278828913, 453.02919051388557], [509.9995746638256, 416.0952033269211], [456.5008087208391, 374.8609782180649], [389.91716709959263, 406.80043639637444]]",fee854287392683b3ae1d7037267edb65ad1e2cab918a5bb5a0506e5bc956e1a
215,7.166666666666667,9.166666666666668,9.16,9.16,915,916,0.7,0.700000002171443,fault,1,32e685473ee12447e4992c365b36ac5c06a456c89a6329a07d5ed2ca0f9c6295,"[[442.7225497964557, 453.2240043456491], [511.0904933924597, 416.2439338748394], [457.46386731534477, 375.3220743610437], [390.8789730073942, 407.30192402508914]]",cb410345f8095eba875885e5855b7af8eafa5162f90e7b37dba11ccec687caa8
216,7.2,9.2,9.200000000000001,9.200000000000001,919,920,0.7,0.7000000047905519,fault,1,41810f74b1e18b4f034b69b4f6e11ca3d148064ba854a3e93a9dfe8599bd1667,"[[444.224671324048, 453.3987993346996], [512.619607648646, 416.3360897341307], [458.81453039201836, 375.8221685134501], [392.23661020297027, 407.8771806498738]]",6a62d2d6a0ef13c46027dbe8bb520949c1ce573ec2f83bed50cae2981a0b4186
217,7.233333333333333,9.233333333333334,9.23,9.23,922,923,0.7,0.7000000057815319,fault,1,d61cfa01bc64b1b1c4d866007769c2bc7c959340f40060d59be57768765f0f6c,"[[445.36200855860966, 453.42935483347037], [513.7675353102109, 416.2942611525614], [459.8303364958037, 376.0770737697512], [393.26530353072064, 408.1997376708877]]",ad4703c5f010989b10aaa3f601665c767cdb2eb4bbb54735515695f833f7b9d1
218,7.266666666666667,9.266666666666666,9.26,9.26,925,926,0.7,0.7000000062561371,fault,1,b5ebf6f978a2e4dfc3a0fa1edc9c6cd11cbc95b89872a8928d426cdabda8ac10,"[[446.4630699122013, 453.3516979180066], [514.8692118170136, 416.1404452186328], [460.80771781870834, 376.198231365595], [394.2625631879438, 408.39349270609483]]",acd535efe504e6794fb1021dd2206e5a0506df0b92974b56cf767054a044fb18
219,7.3,9.3,9.3,9.3,929,930,0.7,0.7000000053471644,fault,1,48285e3b8b86a90c7ea1af3a60865a310866bebce6d3a6ad5059ecbacd251dfc,"[[447.80820116238897, 453.05811253153956], [516.1972975848632, 415.74891140850633], [461.9910591012643, 376.1104547364075], [395.4830323121548, 408.4011501712582]]",cbd4788944d4462f8283e0f49694d3c5a6d17aae1037c31420e0e5072eb98ec5
220,7.333333333333333,9.333333333333332,9.33,9.33,932,933,0.7,0.7000000036506968,fault,1,5303f91e4df53c0b8f896830d3fa1aac40a09e65e9035f7c127e77bb59bcf26e,"[[448.68071057721306, 452.68129766198103], [517.0435189295176, 415.3079524451673], [462.7501681743447, 375.84461468052467], [396.27765107450006, 408.199736100754]]",cb5520b7e1fcc1a4d2bfe2e192128110c8120f58776198b4ad31ff54bc27093b
221,7.366666666666666,9.366666666666667,9.36,9.36,935,936,0.7,0.7000000017279847,fault,1,29fdefa226ade04d99b82a1b7aa84de92ca93394562a3e37a9049280b076a794,"[[449.40527834071275, 452.1638138738127], [517.7310202965025, 414.7383401433788], [463.3728996709632, 375.407463084188], [396.94205742943717, 407.8172571481592]]",561e07d83c747cd6cc9eec3258d25d8d93ea01d587e2d2e867bba852cef31644
222,7.4,9.4,9.4,9.4,939,940,0.7,0.699999999258628,fault,1,ec6e75521c722db7403bd9e3b6892db5293c4f1039fb9f650d0c56b4ff47098c,"[[450.10626748920004, 451.2643653738755], [518.3667059749431, 413.79249752883686], [463.9610249901679, 374.56132774392324], [397.5938449729415, 407.02452030636783]]",8939901e7a71ca75f1bd2c5b10a056564062a350b30c27db1813ca31109f3e3e
223,7.433333333333334,9.433333333333334,9.43,9.43,942,943,0.7,0.6999999977773186,fault,1,3032b9b044b0700e8b2555aa89da5182b790501ddffc93397c6e4f66043c37e6,"[[450.4172882710447, 450.4485579098149], [518.61781767264, 412.9623754802412], [464.2071208254734, 373.739401058399], [397.89220100105456, 406.2247621319768]]",88061964e37e1adc7ea0a353416ee039243a9f811ec5647d122754427cfafbd8
224,7.466666666666667,9.466666666666667,9.46,9.46,945,946,0.7,0.6999999970242547,fault,1,fd715d6d24e19265cb9fc8973247068fee7b8c5de3d0533332e89cfd4aac7cc5,"[[450.5400558232899, 449.5271158100322], [518.6732389354913, 412.04636022382186], [464.2840282113374, 372.7801002845315], [398.0239521254493, 405.2701193363858]]",8445c87fdfe9594fb267c214e24aaddf9ade380a1ac7c449585183b4e3328c0b
225,7.5,9.5,9.5,9.5,949,950,0.7,0.6999999970921147,fault,1,56f96a26587ab9a8ec27fe4a90f6f7ea4be283bb8a299d516457fa23646d0b4a,"[[450.4200824009573, 448.1650725711123], [518.4557215571358, 410.72367610506376], [464.13470288347975, 371.33748780590264], [397.9497707465541, 403.80494965923185]]",0d7f1040595af0e004eaaddc1d8cf86dcbf99e031dd6affc650ece70fbef661e
226,7.533333333333333,9.533333333333333,9.53,9.53,952,953,0.7,0.6999999976903655,fault,1,143ae0eaaacfd2f51c0a21395faa8069bc8f20f1e840b7ba0a44ca20696e1aa6,"[[450.1342996365309, 447.07535368495024], [518.0933516537037, 409.6873909327629], [463.8503920489813, 370.1690281233701], [397.72151973381636, 402.5977521594777]]",634efa7c95d43cb60c33318f89fa88d8ba2b7156ae8d838a57fbdfd7f8189af8
227,7.566666666666666,9.566666666666666,9.56,9.56,955,956,0.7,0.6999999988309586,fault,1,86b1cf35c2b456b22a2cce672fa3dce1cc2264e199421b2642af97219baa288b,"[[449.7028620258192, 445.95777215493166], [517.5843657134984, 408.64270841858166], [463.43916159283145, 368.9587733864335], [397.3645027625116, 401.33059276187714]]",52da3feaf07eb3750fbbe832715302d8d77e9310cfe36c4811bb03be383f124f
228,7.6,9.6,9.6,9.6,959,960,0.7,0.7000000010278407,fault,1,1a9a086a5749d0200d9a9307541437bbf922ed69ffbce71150914f80180785e3,"[[448.94637690613615, 444.4677658364039], [516.7268951931724, 407.277261376891], [462.73604424912924, 367.34163524348935], [396.72893572242714, 399.61160419722]]",e2542301a188e4ceed9f2597c51a22d9a279ee3851b68605a86eb142794ae118
229,7.633333333333334,9.633333333333333,9.63,9.63,962,963,0.7,0.7000000025519232,fault,1,f516ef95b42a05b287e6758e51fe06d987109ed2ee739d6600d6fdef35669685,"[[448.2826772423626, 443.3811844454985], [515.9921386476406, 406.30199359417867], [462.1292480919913, 366.1732888360191], [396.16815060355987, 398.34952537333754]]",8685f288e8674864ba94511f955f2e70d2e01ad817d82ad04fd46c7fef95525f
230,7.666666666666667,9.666666666666668,9.66,9.66,965,966,0.7,0.7000000036117957,fault,1,2c8d92af788e895ffc7c03a4b1f12cf0480244f8e3c20a32b37aaf391b90f712,"[[447.57319056938036, 442.34835066696724], [515.2173546510517, 405.39311890663845], [461.4874658042572, 365.07589369700656], [395.56744705445163, 397.14565924179783]]",291b4134621af34c7acac00509f5486357b9a74252401aeb9cb6007680a74135
231,7.7,9.7,9.700000000000001,9.700000000000001,969,970,0.7,0.7000000042670955,fault,1,7dedfdaa711d3ceef14d62f722b81864e5a28afeb1ed45e7d24e1bf00b10fa7f,"[[446.6149758145459, 441.0932082774065], [514.1830791271341, 404.316804649391], [460.6297853338591, 363.7637038540356], [394.75573686107515, 395.6768941918929]]",fb6a7920b8104d4bb9402c5082b3531aacfdd6b483c4070bac0dce0eb190d17e
232,7.733333333333333,9.733333333333334,9.73,9.73,972,973,0.7,0.7000000040383156,fault,1,e5e9476ffc9790b7e7b340ff13511649f85229f6da530e4ee5366e0c8b9a8149,"[[445.9307585304828, 440.2642571363681], [513.4516657212648, 403.6265104295333], [460.023869409074, 362.9216039071208], [394.17744535712313, 394.7115244513842]]",c4009faa97f6df375949b0d45f4129d2a14401a6379209163ae6e6faca732e24
233,7.766666666666667,9.766666666666666,9.76,9.76,975,976,0.7,0.7000000031091865,fault,1,3273c9d91460d91df87f335bf46e60366c9e87503763fbd83753980f367b5a13,"[[445.3111587303395, 439.54373268787276], [512.7943263127391, 403.0440828563856], [459.4808795839799, 362.2211260058272], [393.65634047090055, 393.88690757239874]]",6c657fa6cb99122c8bd72117c596e6954aed133f554144888d1eb050f1a41171
234,7.8,9.8,9.8,9.8,979,980,0.7,0.7000000011835943,fault,1,64a26bc5a2e4f6abf0f3a5fd12f5f4d80c68adddac170a15088a3ace2718e731,"[[444.63318206923793, 438.7649018928923], [512.0808884569612, 402.44257003349486], [458.8957430973555, 361.52010855460793], [393.09176784778447, 393.0244769522737]]",db10604d6dca8095695516d6aeb5fb51c14617fb3ab6c15c51f32933bdc4704d
235,7.833333333333333,9.833333333333332,9.83,9.83,982,983,0.7,0.6999999995012663,fault,1,64ea4a58a62a2d638fa93f00207ee10ceccdd42897fd7667e5a35b84de734c3b,"[[444.26528530712454, 438.3213587187694], [511.6970940852415, 402.12198982382176], [458.5860223191914, 361.16821109404304], [392.7914476757586, 392.55923434913996]]",f66309e64c3fa25f982a2c74d20d128bb1a6841b4ecb3ce80194b72c9158fb42
236,7.866666666666666,9.866666666666667,9.86,9.86,985,986,0.7,0.6999999977701403,fault,1,36aca72061cbe30d63e6bc0b5b9433351f6f20e0fe148e4563116b6171c9b0a7,"[[444.0370506566509, 437.99441510902113], [511.4617237993231, 401.90494883038195], [458.4031623057358, 360.9608983118635], [392.6135961277017, 392.24960755175147]]",dcf90590bc6378829446a3a9ee03e94c3e525f50a2f3330dc0b9c124a7dcb16b
237,7.9,9.9,9.9,9.9,989,990,0.7,0.6999999960171583,fault,1,655f9b41ba68926c8effbe0938ebfd768eb067ff929d3ee5ea2e2e19cc4e04f5,"[[443.9681107782964, 437.7239760324142], [511.3956576953356, 401.75573445520683], [458.37133392333783, 360.89395827952166], [392.58320950553355, 392.06855665295996]]",adf012a73ee72c749d38cb1348d88a9bb7549249dd0cedd44d3d34ab303899ae
238,7.933333333333334,9.933333333333334,9.93,9.93,992,993,0.7,0.6999999955349867,fault,1,49a04bccd5e7c5ab22c1d9e0262f69103d920a67a40ce5c38179653143824a14,"[[444.09760596562245, 437.6300443023897], [511.534817392876, 401.7318031988032], [458.50919895045536, 360.9790541204061], [392.71938712378005, 392.0868567027819]]",55ec7dd39dc33cd514717f80609ea803e66f8c3ed7d1b6c75fc48ec3ff0f1d84
239,7.966666666666667,9.966666666666667,9.96,9.96,995,996,0.7,0.699999995657945,fault,1,3653ed9b7bf1e17203b2cefd85a0ff0fa8697e272ecb7e469b7b845397e764bb,"[[444.37883682445334, 437.61303463610096], [511.8303187644594, 401.76588152387995], [458.78136662101724, 361.15556216647667], [392.9885083513258, 392.2138041947041]]",055ef367fe75bda6f7621da10318d5b598db9c9bfaf4a0cf24a2d4fb381ca936
240,8.0,10.0,10.0,10.0,999,1000,0.7,0.6999999964954899,fault,1,da3915a427ad8f9d1c9c7717ce426da93e7d4665b4f69a5fc966dd5e51941ca2,"[[444.972463635426, 437.67662854700177], [512.4475843494165, 401.8673778634328], [459.3364991497766, 361.4938067497869], [393.539327139035, 392.5140355986773]]",f1009f45e4955ae012173e246c5101045f3d7a0a1b1c4acddb4760604cce4d37
241,8.033333333333333,10.033333333333333,10.03,10.03,1002,1003,0.7,0.6999999977221546,fault,1,137e8ce3a3dd784b7abdcfbcb6b05113505902a6615e435c116cf1d247242ec5,"[[445.56103869337977, 437.76142172552056], [513.0553192137212, 401.95874320639496], [459.87787033536347, 361.79344044484924], [394.07869625781717, 392.80582202032]]",000d978759f325352785ff03b608ba9ddd21a77e3cfee98d33bb829b5f0db3ee
242,8.066666666666666,10.066666666666666,10.06,10.06,1005,1006,0.7,0.6999999993343262,fault,1,2ec2d7de942863eb8f07c38877b1eb7deb728bd6437384d052bb633ce0da3934,"[[446.249019947752, 437.85517206978795], [513.7615873896348, 402.042471568169], [460.5046813602216, 362.1019673794166], [394.7055820359568, 393.12238096943787]]",5dc4b6c4ae0f462c550f4f180d4e54d949a0848f325f18c1cf67a83482de3777
243,8.1,10.1,10.1,10.1,1009,1010,0.7,0.7000000013043568,fault,1,9650d8925edd6007d70771dab7cc34d8dad12143a6ab5e891af54e7f5787ed86,"[[447.2770169121212, 437.9592848717174], [514.8094914963626, 402.11204035529397], [461.43314325217864, 362.47959373882145], [395.6386883412154, 393.5312655835312]]",71b830fbefcef23b3173c1fc76d5d07244c95154b9d658d5bcf66163ac70f164
244,8.133333333333333,10.133333333333333,10.13,10.13,1012,1013,0.7,0.7000000023203246,fault,1,8a20e1c0f58b7cbf4a7ee82a799ac49491a0293a805cb1935d6785fec533d258,"[[448.09478868020346, 437.9952881773196], [515.6370973901771, 402.10997285199267], [462.1664503546345, 362.70692334322996], [396.379808829357, 393.7941815311003]]",a5f4cd5f4a5adad6d4a9b8e53aae176a06eb14ac08aa892192dcde43df859e5a
245,8.166666666666666,10.166666666666666,10.16,10.16,1015,1016,0.7,0.7000000029730862,fault,1,858edef6b968fe80aeae61b512bdf7920d6b5c3d5b0891e898c5726684efe449,"[[448.920218739225, 437.9749178485764], [516.4667621689405, 402.0445627349176], [462.902467098453, 362.86325393124946], [397.1279701613128, 393.9934339551381]]",125c7ac595d8cf97e9a5a5dbc65409f544da416f17c3b170c942730cdff395dc
246,8.2,10.2,10.200000000000001,10.200000000000001,1019,1020,0.7,0.700000003191601,fault,1,55b721cf2d1b1e9fec92783df96be8d2cad950001958d7731310906726a4c25a,"[[449.98255144708304, 437.8365599173684], [517.5241602587951, 401.8413534806504], [463.8430626694817, 362.92778857601326], [398.0919146677508, 394.12099239421656]]",e4feeb41f2eee1827f5c39fbef68c42f52336f65fee3b624f3457569bf4e7f27
247,8.233333333333333,10.233333333333333,10.23,10.23,1022,1023,0.7,0.7000000027608728,fault,1,7b4a06ca4d8331f8b224a49e330c6ec4d07c56e0f831f537bbf015fca4e8fe8c,"[[450.71517837614874, 437.63620478424843], [518.2442044740047, 401.59340722401294], [464.48636950696033, 362.84898677173], [398.7581190148142, 394.08944242569896]]",3fbb630907f0aeeb812b096287072293493abaa56a53aa5eb26b5d4a3e35da1d
248,8.266666666666667,10.266666666666667,10.26,10.26,1025,1026,0.7,0.7000000019561743,fault,1,aecc3095f7c04e8fbb89d8632bd38e8175ae4cc11c04912e369c867411fbfbbc,"[[451.3658345516073, 437.3447105084788], [518.8745176965983, 401.2588031036988], [465.0528204229536, 362.65261495774274], [399.3519600052845, 393.93699881490136]]",17def30a9f039e260435884e01cf1c25b26c8d9753099ea59ca17dfa9eb006d2
249,8.3,10.3,10.3,10.3,1029,1030,0.7,0.7000000006510906,fault,1,6ae954eaa8d6b5c455d7a8f8b3ef4a90ebb718c3166ae611308df29842119c4a,"[[452.0715992012982, 436.80963493368665], [519.541468819591, 400.67782015424444], [465.6590119615699, 362.2042745107212], [400.00111501003437, 393.53777294060694]]",cdb1326100d85931e7239f0dd15478cd7e2d4e49e4e7e8111ffa4181a03f02f5
250,8.333333333333334,10.333333333333334,10.33,10.33,1032,1033,0.7,0.6999999996762739,fault,1,eb6d943190bb53ba268e79a67f6894413ec8f852976a0fbe87bcc9a67c6765cd,"[[452.4603739860514, 436.3022570141762], [519.8928029265751, 400.14765457959413], [465.9853796516337, 361.72983601406315], [400.36379257744784, 393.090192155383]]",51cbfe9b149255b66c3c9ba6f606456a2038c8771085a3cb815f37c04ed82e6c
251,8.366666666666667,10.366666666666667,10.36,10.36,1035,1036,0.7,0.6999999988807188,fault,1,2dcae1a0ed94a0be3071de97ff2d113bd7dc5a44ef40842abc03c09a319fbf00,"[[452.7184415155171, 435.71148937890666], [520.1070323566353, 399.5462009941909], [466.1934106289798, 361.1445379798991], [400.61082397786316, 392.5210854731816]]",96c0f913d630be1f4c4db435b37bc69f4ad218d48d5fa25715818651fd85165d
252,8.4,10.4,10.4,10.4,1039,1040,0.7,0.6999999983388314,fault,1,b10227f87edeb15b77362a4840fec77eab118fcbb13d8434cd0895d67d8e060d,"[[452.85440102374326, 434.81050630802883], [520.1765846504068, 398.6520249745748], [466.2841270391735, 360.2160014574754], [400.756391208377, 391.59531768614863]]",ba46ab53262b22e7cfe7689d7b4a1f14a3b2289a9a4b4cacf53cc281b360f91d
253,8.433333333333334,10.433333333333334,10.43,10.43,1042,1043,0.7,0.6999999983293086,fault,1,db3fca23589548c4c08221e0a16da2ee2b954478c8fc9ec259439b5c4216d16e,"[[452.8043378030552, 434.0664536850682], [520.072451969341, 397.92972862636043], [466.2170671043094, 359.4316148359504], [400.7315124155135, 390.797935629476]]",3c70e4651d205fc308e5f5baa675f8d13e6e2e5a27d0bd216d0c942d231f68a1
254,8.466666666666667,10.466666666666667,10.46,10.46,1045,1046,0.7,0.6999999986252481,fault,1,4422323a504581c8247c1d347622fa41d098ec4667e1099e7f772825fdbb879f,"[[452.63360680202777, 433.2819182096705], [519.8454145804301, 397.1813441418539], [466.0436815226922, 358.59320751674716], [400.6001578718473, 389.9332821252739]]",1f0b20d951fc71241b73a083d23b756c1e29eb7a89b2ee0c95b09f18b784c3ed
255,8.5,10.5,10.5,10.5,1049,1050,0.7,0.6999999994821631,fault,1,9bc11508367dac31b1301a539894ef3ca0a57d94b91e78beeb481fcc5728b5be,"[[452.2425162950363, 432.2033726993726], [519.3781628645205, 396.17252278779097], [465.67004070117116, 357.42892520086946], [400.2807620694681, 388.71385767881384]]",4e98caf465442d3c4c6ebe888a1cb8da3d48d8821e16d41d89ec7976009cd9e0
256,8.533333333333333,10.533333333333333,10.53,10.53,1052,1053,0.7,0.7000000003289526,fault,1,45b9fd8c97c40da8ae7fcb4377c60d01ca3f317efa0008fda1dd2ffe5eab9d59,"[[451.85022405376924, 431.3924605614513], [518.9299156647846, 395.4286936531521], [465.30502896399025, 356.5523205558455], [399.9540961183261, 387.7818431431896]]",6f2d2faf433ba3005e03797b9b5cc081294dd548481d6fa0cc15dbe0902e4d9d
257,8.566666666666666,10.566666666666666,10.56,10.56,1055,1056,0.7,0.7000000011289385,fault,1,66e2ca15836f9ff67e6e41d7f91fbbe42973d598b78ce2b07b332e265b43c044,"[[451.3968589067475, 430.5988636094078], [518.4231696321835, 394.7132486912746], [464.88916198528756, 355.69915986994846], [399.57383173209985, 386.862543356962]]",1bd92954ddd8ddc9826d396f62b5367585844dc70470c1cda5fb860098723dd8
258,8.6,10.6,10.6,10.6,1059,1060,0.7,0.7000000019105428,fault,1,5600de5346f4cedf48543a1c7a855cede9478eac06c071fd39e86d62c674552c,"[[450.73800239255024, 429.5966751548921], [517.6990854564249, 393.829195942849], [464.29217965487646, 354.6335368060727], [399.01903967155107, 385.6947795273348]]",b59f715cff857387c8a6b03030671c769f88313964e41c53b2409255f9586cf4
259,8.633333333333333,10.633333333333333,10.63,10.63,1062,1063,0.7,0.7000000022051358,fault,1,32c3216e6b24cd68a82822afd8cb3558d9e618e1ed448e562fe01e92e2d1d890,"[[450.23463092839603, 428.90604514025944], [517.1525163269205, 393.2344729406331], [463.84078682374087, 353.9117422987846], [398.59479389896353, 384.8886610805956]]",26437f78ef44facc165462483de4d4d02ef42bfb9c025ce6fe38c56462109562
260,8.666666666666666,10.666666666666666,10.66,10.66,1065,1066,0.7,0.7000000021708936,fault,1,10187fc02bce22159de6314e01d69f7b9b9c26160370461f01f8f98e90be8aa9,"[[449.7501178337011, 428.2804047558248], [516.6306724878791, 392.70794042382437], [463.4100837477349, 353.2741051325147], [398.18718500451916, 384.16287088522466]]",133df57654000a5972e5d3a9aa49319115b79c89f0703e38d2da58929fd0cde1
261,8.7,10.7,10.700000000000001,10.700000000000001,1069,1070,0.7,0.7000000015988181,fault,1,f7085bbd9a1ca9113a882dd17e089fe37b8983aaca118100664d4cfa4c8aad2b,"[[449.17237934537644, 427.5616717128242], [516.0132160266633, 392.1216241804785], [462.9022271645315, 352.5747141601642], [397.70381123809926, 383.3443279177244]]",cf913f04e2b3a6cf4ab2879538b350ccd575b89030d22fa7955983fb3e0779fa
262,8.733333333333333,10.733333333333333,10.73,10.73,1072,1073,0.7,0.7000000008878311,fault,1,b19cb35a1af7f05a73f6ad6f5d331adb0f0c54f412e4be33a277668a771d3627,"[[448.81620153120934, 427.1165270083402], [515.6349815464699, 391.77253832576116], [462.5935888438041, 352.1708610810113], [397.40894213193855, 382.8531064649356]]",d7b543fd444790d3eea0e796687b7f64b5efb27d1661c366f7317fb23dd8bd09
263,8.766666666666667,10.766666666666667,10.76,10.76,1075,1076,0.7,0.700000000049187,fault,1,06ec50b8e496d7bffb3a480b3e96c933bd2fb3bbf10df4b9d53ad2fb2aaba5ef,"[[448.5446674810371, 426.75417408279003], [515.347912510733, 391.5004233246204], [462.3627644716226, 351.8719747793376], [397.1882496575848, 382.471444107593]]",ded561c4d83ed13de97cb0ecc58351651966862414777f27794828b836365d50
264,8.8,10.8,10.8,10.8,1079,1080,0.7,0.6999999989314323,fault,1,888bd72ff22b25f5c3b857b37a0ed25ffbcd64fe189c3a94a5c1682c94ed52c2,"[[448.3357407665453, 426.39586655845073], [515.1279413461725, 391.2490143019562], [462.19416350990167, 351.63272596398815], [397.0283154832909, 382.13326566734656]]",f5fea9a0986c268a4e2b9752e11797cf1c6dce8ed04de2e398c64411aadf54b7
265,8.833333333333334,10.833333333333334,10.83,10.83,1082,1083,0.7,0.6999999982974363,fault,1,329bbd906629ea5d04961a4178a2c67c3ccc46025236dd0ad02022897757e1d1,"[[448.304096932603, 426.21372757806733], [515.0945241378179, 391.13447769821664], [462.18034183412914, 351.56412926178643], [397.01810986815826, 382.0015751769173]]",98a96b9d7ceee48ac10f957382947ff64532851c799bc443da7e16c5a9df6e3f
266,8.866666666666667,10.866666666666667,10.86,10.86,1085,1086,0.7,0.6999999979594727,fault,1,3b843fdaa3eb6ec66607e6be2d00d57dccec3261cf232d21979a6d462ea17731,"[[448.3830156931628, 426.09713020161485], [515.1762585772685, 391.0732483153586], [462.2652687972097, 351.5779635785483], [397.1048659842431, 381.96333512640524]]",afd5a84f1fafe58bc54c9e0ce9b7b919c5e9e809264ce32281fbed38070968d3
267,8.9,10.9,10.9,10.9,1089,1090,0.7,0.6999999979632708,fault,1,64c7a278ca9e5cf12f81983afc12c0b939cd72dcdc0155af2d99b214b5a152ca,"[[448.65650120813774, 426.02526035318334], [515.4588522029296, 391.05474736370996], [462.5276739228094, 351.69966910766783], [397.36811055890985, 382.03433655505074]]",01f2328f69e319f7e6e5085cce53778bc230303b73bff76d7d4a07e9cbb495e9
268,8.933333333333334,10.933333333333334,10.93,10.93,1092,1093,0.7,0.6999999982875793,fault,1,be94de66a69caeb8abfefe1c63278c09008ab2890a09b5d4ac4bb041da9e5f0f,"[[448.9790632042562, 426.01716859721404], [515.7908831450492, 391.0709636647109], [462.8278673592732, 351.8477976884177], [397.6687005751197, 382.15906563387887]]",a31566cd3c7aa433882a1f2575ba1f4fe900bee3a2ff4f8660940b44d862bab7
269,8.966666666666667,10.966666666666667,10.96,10.96,1095,1096,0.7,0.6999999988740917,fault,1,cc9f08a84bf7db82769ee2b60e4af5a1df052239151b9b74ede3a82d6de65ea3,"[[449.3900690598545, 426.0326221036221], [516.2123144618146, 391.09773401659703], [463.20522798812357, 352.0250722453794], [398.04706808359515, 382.3251993656587]]",391e24fd8f7a692f3bf96fb762c65b6cb36db797047058288c6a3f1c045d8646
270,9.0,11.0,11.0,11.0,1099,1100,0.7,0.6999999998758859,fault,1,0447beba5179c1df02691f50c2992b7100dd1d6d020dfac365c4fe219f9df561,"[[450.0498104176902, 426.06518214737383], [516.8852414550264, 391.1271748075549], [463.8045457771137, 352.27359065645743], [398.64978767518903, 382.5762399061647]]",a5228eb7c3dc000fef59bd23ffbf94d9d47efa97100b065527ecbe28829cee55
271,9.033333333333333,11.033333333333333,11.03,11.03,1102,1103,0.7,0.7000000005835152,fault,1,944e8b9d067782c6e631858dd1a69a2d822078d1ebe607b3eaaaf5601d4f5cda,"[[450.60537099587447, 426.07997985244305], [517.4486316285158, 391.12803791926035], [464.3051648723228, 352.4448222337095], [399.15524628107585, 382.760591589494]]",db8a98d7061e1ae4d9eb47af0ca2753e3b45f78dfde8caa46c992bea625b1d97
272,9.066666666666666,11.066666666666666,11.06,11.06,1105,1106,0.7,0.7000000011479804,fault,1,77cf8e3cb5f28a24ebf082d9a0d4118457aa9d411dbc3df27f9b81ebb5734215,"[[451.1911206866297, 426.0709967362446], [518.0393481415244, 391.0972897522161], [464.82989582363206, 352.58418877427516], [399.68733753711024, 382.920843899246]]",b301dff291497e790e7088108b21a64e041534dea559bc67abf408207fe05fd8
273,9.1,11.1,11.1,11.1,1109,1110,0.7,0.7000000016092546,fault,1,4446c54a17f8df83ae81840caf6d86f53fb65ae7354f7559253fd4dec37e8667,"[[451.98328839918156, 426.0009514389136], [518.8321908890167, 390.98986312680154], [465.5349540219715, 352.693879928154], [400.40675448536183, 383.06700336877543]]",c6f96ac7d4b0d9353d18d0daa5d728d5cda982775911bcaa3ed9cf07b51c0e1c
274,9.133333333333333,11.133333333333333,11.13,11.13,1112,1113,0.7,0.7000000016749844,fault,1,97442d3d76308b654a192d4a148f1ffb689f84ff79c6cfc364bb0de758224ccc,"[[452.5590666101512, 425.8921646119518], [519.4030584228526, 390.8498908553653], [466.04391549484865, 352.70152656676123], [400.9301435990147, 383.10557157266624]]",e0e9dd253c6d38860acbe08c0b8a000550e052c4ced0c24339cbd48226921ab2
275,9.166666666666666,11.166666666666666,11.16,11.16,1115,1116,0.7,0.7000000014875531,fault,1,bfe64ab23031e30b3acbbfd0b417ccefd2c6616cadb75933dcc6254794cbe5f0,"[[453.0974310219091, 425.72672316875446], [519.9313444362456, 390.65324526450775], [466.5166513456291, 352.6339457228355], [401.42050310365926, 383.0694755675507]]",43899f65dcfc11698422de7452bbf055cbb85a6de48c641606b56ddf2adf307a
276,9.2,11.2,11.200000000000001,11.200000000000001,1119,1120,0.7,0.7000000009533329,fault,1,456df79c3e123e05049c5008a49bae4a45cb9a609ed001f28e4607c90614c7cc,"[[453.72716677330584, 425.4093552402289], [520.5393532326775, 390.29810573254093], [467.0644649300513, 352.41689913154306], [401.99665318679, 382.89169277609875]]",48bd4aeac42704e2a24367074e7d4abd09eab92c58dfecf9aa15d3d906677057
277,9.233333333333333,11.233333333333333,11.23,11.23,1122,1123,0.7,0.7000000004451782,fault,1,6a951e7b80724ddfe61ca312662cd55a3f02736be8658eb93318b182318104ee,"[[454.1147101714613, 425.0963887023278], [520.9044587626115, 389.9622981504115], [467.39724207699794, 352.1558629142054], [402.3540167448112, 382.6555995177265]]",8de508eb2a685e664d3685b0943c692f928e3463cf72fc5b1086d77fc9a9b718
278,9.266666666666667,11.266666666666667,11.26,11.26,1125,1126,0.7,0.6999999999313065,fault,1,8036637c85082965a87058c953a8be41a52a5ad0db6cb62f221c0a5adac27f59,"[[454.4174340372309, 424.7208180979626], [521.1797418485789, 389.57055285952174], [467.6526843645938, 351.81162427233613], [402.63648435216305, 382.33054262728524]]",ae3bce529655a2bc09ec23ddad48be1525308d918c920fdbb7c30f2c00fc1c67
279,9.3,11.3,11.3,11.3,1129,1130,0.7,0.6999999993854604,fault,1,7a395114a053b81a6bd469695b9d091e4c3d0b032b172ccdf47730c4b2c1ea96,"[[454.67754360816565, 424.13002045477003], [521.396360911843, 388.97098762225556], [467.86355896717777, 351.2323136315589], [402.88635905862225, 381.76546184921943]]",38aefeb385424ded8e6aa063e4a83701888c531854821e645f2677d3e7f36ff6
280,9.333333333333334,11.333333333333334,11.33,11.33,1132,1133,0.7,0.6999999991613347,fault,1,9677a719c69e57979948a47f11c5adf0519ac94c270b12eeabf7a2ed51ffda81,"[[454.7617385846091, 423.6278279971274], [521.4437204361618, 388.4731142108474], [467.922345900216, 350.7194228200749], [402.97592502103333, 381.2534377207827]]",fbae2f18de590558c469e3fffa66ff49958fdc927e7594d5d6f5fe21beb1f011
281,9.366666666666667,11.366666666666667,11.36,11.36,1135,1136,0.7,0.6999999991157886,fault,1,2c44cf7a61f9e551922771f215f6efa78892a20bb1bead9bb64084b8184b12ab,"[[454.75275380306545, 423.08485609620084], [521.395229418473, 387.9444617923345], [467.8983032054633, 350.15232831569165], [402.9833070699689, 380.67808412905123]]",17eb194d5ed16fdcafe2a72c6504d8a9629c6fb1dac43de0da0fc8c74ea31abe
282,9.4,11.4,11.4,11.4,1139,1140,0.7,0.6999999993305561,fault,1,4dabc283f2b75173f41329e7ce3d8c4da798495fb2ca167448f5d1442b9e75dd,"[[454.6061105639422, 422.316365162829], [521.1933338554155, 387.21089779929235], [467.7475285785689, 349.33546870036196], [402.874333577747, 379.8355498177908]]",d7dc2266bcbcae766f80a2c100b9b96c8e23333d2e684591908fbdee0b051064
283,9.433333333333334,11.433333333333334,11.43,11.43,1142,1143,0.7,0.69999999967221,fault,1,835231785b8bd67bfa3b5335684e97e5efd69281aa3adfe5aaa9ec56392eca3a,"[[454.4074860032195, 421.72188300294704], [520.9526319234191, 386.6541440918394], [467.5571283076932, 348.69731365726204], [402.7144182980918, 379.1673127951292]]",ab262c21f6f26896d74f143b7cb0727ef7183fef70b3efd37cd2c38d750b4f9b
284,9.466666666666667,11.466666666666667,11.46,11.46,1145,1146,0.7,0.7000000000971163,fault,1,fc53966ef299dd8fa42fc3a908855e1abc98da43c27c8921296479ce644a0596,"[[454.14686108460114, 421.12524099563063], [520.6505372046458, 386.1043831722235], [467.313466096257, 348.0557116879785], [402.4998885825099, 378.4869191298903]]",c58ba25f14f3423a92766ef45786979d089f5ca6bc98912b78cfec5217283f2a
285,9.5,11.5,11.5,11.5,1149,1150,0.7,0.7000000006478775,fault,1,9c7b30627e28ec132eb9d1195d82745d3d80fffd256b4edf7e6182c459e5c31a,"[[453.72897193760696, 420.3472290921065], [520.1799484203677, 385.4013511688565], [466.929553693821, 347.2226963829346], [402.15187557490253, 377.59009275623293]]",f01e1fb39c55e17f710ce26fed8954855a87a1bc1e8daaad0c613d5507c1fda5
286,9.533333333333333,11.533333333333333,11.53,11.53,1152,1153,0.7,0.7000000009695162,fault,1,7a9b14d7ae5ac1406c8290ad5dfd5eb41f03a8960b4c3b075be3b3968c317095,"[[453.3842587215707, 419.7918186756329], [519.798731938136, 384.9097775874621], [466.61675868890467, 346.6338764257749], [401.86326662248086, 376.9458447698338]]",606546adca354e02d3841948e065b9cf1bfe34bdcec2496491bccb17d17a7dd4
287,9.566666666666666,11.566666666666666,11.56,11.56,1155,1156,0.7,0.700000001161456,fault,1,f62a6d741e5de561199e755eb8fbe0b3033914739773158047e922e7be20a0d2,"[[453.0319571085243, 419.27175573931544], [519.4133308776268, 384.4582171406937], [466.2998979053275, 346.09064457700725], [401.5679228161746, 376.34233852907994]]",c954e2f608061add1045a0ce0a6f6afca245aae6ad9c16aa4dc0d6bb2c8fe8a7
288,9.6,11.6,11.6,11.6,1159,1160,0.7,0.700000001153731,fault,1,6dfc37088a62970df6fe39a971b97ff0cd632498e8dc77aa8e48c0f3d34e85f9,"[[452.58011833270837, 418.6473306462222], [518.9236747729345, 383.92915707752775], [465.8975036049102, 345.45656999443264], [401.18981268612833, 375.6233051119079]]",443ba5f78696cd60a88a348197c657537e89220be9af66d272efeedcbac7ec9e
289,9.633333333333333,11.633333333333333,11.63,11.63,1162,1163,0.7,0.7000000009494339,fault,1,d766fbdd12efb3de0158c9053d5b673fbdc677cf484c4e5024d9f662af86603e,"[[452.27567928314284, 418.23879862389595], [518.5960978963913, 383.59267771682823], [465.62926711182297, 345.05925197162634], [400.9364378276167, 375.1611210221977]]",1e97c775ad29a4d747bcfe619e717a67bfa61def5c56b531bbda7ee40c98fd3e
290,9.666666666666666,11.666666666666666,11.66,11.66,1165,1166,0.7,0.7000000006152628,fault,1,74992796373cdf27aa6e3007e20fe05ac04e7e10b6349f2b4898d7a34e9bf206,"[[452.01690232517706, 417.8860626673263], [518.3188352943646, 383.31029027725174], [465.4038440384376, 344.73428670512135], [400.7230790277149, 374.77231890720134]]",204bac6153727d64f2ca47df42ac84728ff181e56ba0c8191180fcb9f3e67ed1
291,9.7,11.7,11.700000000000001,11.700000000000001,1169,1170,0.7,0.7000000000574462,fault,1,72bfe8b57928853b93eb9ba89582c9ed759bff2263d331d18ea8441ea89db7de,"[[451.7637043765079, 417.5048890908177], [518.0481806998666, 383.0169663510963], [465.18779025802115, 344.4162213608513], [400.51910193385424, 374.3738860191266]]",31ecffe034422f8c22292206d43168997b827d8773be2445306b8fcbb9b8da6b
292,9.733333333333333,11.733333333333333,11.73,11.73,1172,1173,0.7,0.699999999638506,fault,1,2e7d7f5a9e04ba3f1bcb9e0c7e68830fc7414171ea9330286804efad352e464d,"[[451.6546215264255, 417.28431455325324], [517.9311436468411, 382.8555901040707], [465.0992418022939, 344.262341393994], [400.4370048813212, 374.16546478633364]]",d2afc4e2d542b700a73704ae80432a6e612c63e80a8dacb574dc790a8faef73f
293,9.766666666666667,11.766666666666667,11.76,11.76,1175,1176,0.7,0.6999999992987953,fault,1,4305d6febf39f6c61641bb793e8d62bae65a86d370317c4b1c4f8fcf85711fba,"[[451.6214768567667, 417.11598118386246], [517.8940016412527, 382.739176316468], [465.07911652826203, 344.17599466284133], [400.42152259624305, 374.0310251785331]]",83dfb8169d524988a6bb24cdec510fd24de5450e269673a2681a002fc399fbbe
294,9.8,11.8,11.8,11.8,1179,1180,0.7,0.6999999990499948,fault,1,01943d4e56589e883558215354386b54ea1091c4cf7f7c7957f88ffc06e05955,"[[451.69941001489934, 416.96338575263115], [517.9717376692693, 382.6427353997648], [465.1614516530239, 344.15267092677766], [400.5079933444548, 373.95539118848626]]",e9752e3328014e810ab0844fd759e26204a6a433fbba7bd0f73b2a48fae8fee7
295,9.833333333333334,11.833333333333334,11.83,11.83,1182,1183,0.7,0.6999999990370006,fault,1,cba00c9c4a43cc08aeaca3f605677c09a991ae90afec39a0226aba09ddcc02ff,"[[451.84799148234225, 416.89332711902523], [518.1231281719234, 382.6041354461271], [465.30319729215626, 344.1914763258138], [400.6519320362255, 373.9647522502813]]",ec5fe5d4ca39041fd723c40752b2c3df940f749e62228894a991082a33d3d33d
296,9.866666666666667,11.866666666666667,11.86,11.86,1185,1186,0.7,0.6999999991749697,fault,1,81cbcb8862f005795e2c7ece31fc2c96ccda17792a3cf8e1e203c66ccb93d0b7,"[[452.0688839904094, 416.85151130998656], [518.3485198645074, 382.5843779767915], [465.5086550697165, 344.2660915966645], [400.8593777168579, 374.01868049208423]]",b0f25f03c89813bca9b741da9145945745d697dbf50df59787fed130abb0220a
297,9.9,11.9,11.9,11.9,1189,1190,0.7,0.6999999995580034,fault,1,d3b2ad8481a340fe6341611b77776f95e0b11ab6d14e41f3096fe323e3e96c04,"[[452.46251534201866, 416.8229622783867], [518.7493240610846, 382.57107103146205], [465.8691381080735, 344.3994191315914], [401.2230582424153, 374.1377811372901]]",d97d27e0b0e57aba0c5d3fe6e940b0715bcc0dab633cbca74c117d0acff91992
298,9.933333333333334,11.933333333333334,11.93,11.93,1192,1193,0.7,0.6999999999233439,fault,1,729afc8c0460ce173334b9559f276941b8b8476c46ab0287c239f02aaec06ddf,"[[452.81864255402735, 416.8089816473083], [519.1105883060943, 382.558768775786], [466.1920124069278, 344.50747423665814], [401.54933992500196, 374.24446266957665]]",cd5e9e9f75101fda940c9f2561ff2c9f7b3b47ff31e9fe638b372a3273796604
299,9.966666666666667,11.966666666666667,11.96,11.96,1195,1196,0.7,0.700000000283081,fault,1,7349ffc01cbbc4e0ec4a15eebc8e8a0e00c018cda572eaaf3fa2356fef01652c,"[[453.21315988415927, 416.7901585450039], [519.5091343754217, 382.53437511612753], [466.5473164138142, 344.6078754929211], [401.90938072449086, 374.35049729829746]]",74b71b3c1b0b2240077c69e6492304048c123cca3fd974af4381268927da608b
