label,condition,gain,completed,actual_duration_sec,end_reason,window,partial,available,mean_error_xy_m,offset_xy_m,rmse_xy_m,sway_xy_rms_m,max_xy_error_m,mean_error_z_m,offset_z_abs_m,rmse_z_m,sway_z_rms_m,max_abs_z_error_m,rmse_3d_m,xy_bias_variance_residual_m2,z_bias_variance_residual_m2,sample_count,first_sample_s,last_sample_s,actual_velocity_xy_rms_m_s,actual_velocity_z_rms_m_s,velocity_error_xy_rms_m_s,velocity_error_z_rms_m_s,max_tilt_deg,max_angular_speed_rad_s
A_best,nominal,no_integral,True,60.0,horizon,full_0_20,False,True,"[-0.0013903186341030409, -0.0012703166363107069]",0.0018832658497466295,0.0019015315654876094,0.0002629297125162248,0.0020841589657270778,0.0012842435247706649,0.0012842435247706649,0.0012958795206562933,0.0001732694466459694,0.0013359658275680086,0.002301114083786839,-5.293955920339377e-23,2.421984833555265e-21,2000,0.01,20.0,0.0006669077939794093,0.00027317565628538873,0.0076847147246363314,0.005224623963285335,0.11500938482955203,0.025333598720451524
A_best,nominal,no_integral,True,60.0,horizon,pre_3_5,False,True,"[-0.001434020255290992, -0.0012987718812297383]",0.0019347409366780542,0.001936148134809613,7.38045247181408e-05,0.0020462378508615893,0.001324725203214686,0.001324725203214686,0.0013247523380322005,8.478979277644368e-06,0.0013359658275680086,0.0023459834519980157,-2.179620914077228e-21,-4.601579898238351e-22,200,3.0100000000000002,5.0,0.00045187060929505646,4.856318493953584e-05,0.007783935067320133,0.005306123359683516,0.03771088271187686,0.005771920853499332
A_best,nominal,no_integral,True,60.0,horizon,post_5_20,False,True,"[-0.0014375510953856061, -0.0013036706759966884]",0.0019406468981496914,0.0019406911726498276,1.3108939810006563e-05,0.0019902731461928632,0.001327759370610468,0.001327759370610468,0.0013277601114955935,1.402652801847265e-06,0.001333205950892813,0.0023514312963128976,2.2935908928505498e-21,1.8024503846632722e-21,1500,5.01,20.0,8.530333530085715e-05,9.139839862111806e-06,0.007767113982951687,0.005311518806825704,0.016066357602883895,0.0025634240960113325
A_best,nominal,no_integral,True,60.0,horizon,tail_18_20,False,True,"[-0.001437606959184022, -0.0013037094988877678]",0.0019407143598645642,0.0019407143673698013,1.70678193587258e-07,0.00194102785465473,0.0013277938658089927,0.0013277938658089927,0.001327793865940662,1.8699178346973552e-08,0.0013278292148106718,0.0023514694993014935,-2.9936874966309743e-21,-2.5857708667197815e-22,200,18.01,20.0,1.1320965749187809e-06,1.2377413069702455e-07,0.007762754174452426,0.005311163978696578,8.29215979007067e-05,1.0196719968721443e-05
A_best,nominal,no_integral,True,60.0,horizon,full_0_60,False,True,"[-0.0014218438237351965, -0.0012925768856439268]",0.001921560528423416,0.001927740530788893,0.00015423582479879704,0.0020841589657270778,0.0013132756588161122,0.0013132756588161122,0.001317240229479632,0.00010212182000269115,0.0013359658275680086,0.0023348030701122943,-6.551270451419979e-22,-1.7470054537119944e-21,6000,0.01,60.0,0.00038503941080149807,0.00015771803922063512,0.00773689028566504,0.005282476554438477,0.11500938482955203,0.025333598720451524
A_best,nominal,no_integral,True,60.0,horizon,post_5_60,False,True,"[-0.0014375913304151792, -0.0013036971009522148]",0.001940694454136481,0.001940706529103975,6.846005455162625e-06,0.0019902731461928632,0.001327782901685646,0.001327782901685646,0.001327783103821263,7.326557701904932e-07,0.001333205950892813,0.002351456953231342,1.2154811640704398e-20,-4.7670763023438896e-21,5500,5.01,60.0,4.454836881290768e-05,4.773144737394091e-06,0.007764010636411019,0.005311262616991407,0.016066357602883895,0.0025634240960113325
A_best,nominal,no_integral,True,60.0,horizon,tail_58_60,False,True,"[-0.0014376058244714761, -0.0013037085260130148]",0.001940712865766943,0.0019407128657826474,7.807473279546274e-09,0.001940720785976449,0.0013277906302989174,0.0013277906302989174,0.0013277906302992767,9.768102348287492e-10,0.0013277923379777512,0.002351466432957283,-7.599946205713521e-22,2.438021577308683e-23,200,58.01,60.0,5.046934180598797e-08,6.450131004579729e-09,0.007762852605672279,0.005311163228961588,3.078324659199975e-06,6.177658316936944e-07
A_best,nominal,no_integral,True,60.0,horizon,full_0_20,True,False,,,,,,,,,,,,,,,,,,,,,,
A_best,nominal,no_integral,True,60.0,horizon,pre_3_5,True,False,,,,,,,,,,,,,,,,,,,,,,
A_best,nominal,no_integral,True,60.0,horizon,post_5_20,True,False,,,,,,,,,,,,,,,,,,,,,,
A_best,nominal,no_integral,True,60.0,horizon,tail_18_20,True,False,,,,,,,,,,,,,,,,,,,,,,
A_best,nominal,no_integral,True,60.0,horizon,full_0_60,True,False,,,,,,,,,,,,,,,,,,,,,,
A_best,nominal,no_integral,True,60.0,horizon,post_5_60,True,False,,,,,,,,,,,,,,,,,,,,,,
A_best,nominal,no_integral,True,60.0,horizon,tail_58_60,True,False,,,,,,,,,,,,,,,,,,,,,,
B_best,nominal,no_integral,True,60.0,horizon,full_0_20,False,True,"[0.0015627432044844868, -0.000575441239334262]",0.0016653224742040184,0.0016818593387968905,0.00023526982893969965,0.0024118694916394987,0.0017676708455580158,0.0017676708455580158,0.001774864371755808,0.0001596349582401705,0.0021601197501028846,0.002445157331057953,4.1425205076655626e-21,7.126988157756886e-21,2000,0.01,20.0,0.0008770763422158436,0.000705275992241837,0.0068247423347738995,0.007178258263972906,0.1777158238172187,0.05286760541324108
B_best,nominal,no_integral,True,60.0,horizon,pre_3_5,False,True,"[0.001571657565232725, -0.000616266227971255]",0.0016881621859558328,0.0016885393413382317,3.5686708390777085e-05,0.0017554920367798814,0.0017958251958520898,0.0017958251958520898,0.0017959264963176012,1.9074750808805167e-05,0.0018601638476123394,0.0024650592462297054,4.749671077279485e-21,-3.062636217977585e-22,200,3.0100000000000002,5.0,0.00015695520742788064,9.812356344171281e-05,0.006736174184534802,0.00713893715137159,0.017388441791516853,0.005041711337255518
B_best,nominal,no_integral,True,60.0,horizon,post_5_20,False,True,"[0.0015419912725475632, -0.0005833997500419537]",0.0016486638083496184,0.0016486660726955963,2.7324523159680418e-06,0.001662631603243831,0.0017663640254351875,0.0017663640254351875,0.0017663644731218532,1.2575990800166009e-06,0.0017732211822105715,0.0024162250042503415,-4.9639189338663885e-21,-3.6564478943689145e-21,1500,5.01,20.0,8.807222449846545e-06,4.622309667523398e-06,0.0065939086287224525,0.007065057214844991,0.002988789491351496,0.0011759867306269582
B_best,nominal,no_integral,True,60.0,horizon,tail_18_20,False,True,"[0.0015417341564267553, -0.0005826208846023847]",0.0016481478405373058,0.0016481478405393371,2.5867876504020267e-09,0.0016481498872618545,0.0017659358336614673,0.0017659358336614673,0.0017659358336623032,1.7187823295261996e-09,0.0017659381456827106,0.0024155580458533913,4.7486162464334794e-21,-2.3028751102728955e-21,200,18.01,20.0,1.4677271995608422e-08,1.165113633311125e-08,0.006592590887297741,0.007063743191938627,1.4787793334710982e-06,8.825700328287798e-07
B_best,nominal,no_integral,True,60.0,horizon,full_0_60,False,True,"[0.001548737482758872, -0.0005802275101488005]",0.0016538596536694896,0.0016594613340356447,0.00013623569695050017,0.0024118694916394987,0.0017665141383779155,0.0017665141383779155,0.0017689169878884023,9.21689153191941e-05,0.0021601197501028846,0.0024254647449920893,9.615147440316394e-21,-8.41738991333961e-21,6000,0.01,60.0,0.0005063802624190278,0.00040719128403568207,0.006670873692624174,0.0071021200056549,0.1777158238172187,0.05286760541324108
B_best,nominal,no_integral,True,60.0,horizon,post_5_60,False,True,"[0.0015418046175282932, -0.0005828331285976741]",0.0016482887897521232,0.0016482894479289084,1.4730007686225222e-06,0.001662631603243831,0.0017660525776916807,0.0017660525776916807,0.001766052710108331,6.838929423477757e-07,0.0017732211822105715,0.002415740109994195,1.766055245504506e-21,-5.881176304147012e-21,5500,5.01,60.0,4.5994388364152615e-06,2.4139338826307018e-06,0.006592951685101737,0.007064101541189543,0.002988789491351496,0.0011759867306269582
B_best,nominal,no_integral,True,60.0,horizon,tail_58_60,False,True,"[0.0015417339469079654, -0.0005826228462329459]",0.0016481483379844764,0.0016481483379865193,2.5955038898424892e-09,0.0016481489950906328,0.0017659352567087748,0.0017659352567087748,0.001765935256708925,7.289922691272491e-10,0.00176593662533997,0.0024155579634724854,-2.728511515803767e-21,-1.6106199397308412e-21,200,58.01,60.0,1.705693129458282e-08,5.524966428097941e-09,0.0065925936242150086,0.007063741439923768,1.7075472925031877e-06,1.049353480466477e-06
B_best,nominal,no_integral,True,60.0,horizon,full_0_20,True,False,,,,,,,,,,,,,,,,,,,,,,
B_best,nominal,no_integral,True,60.0,horizon,pre_3_5,True,False,,,,,,,,,,,,,,,,,,,,,,
B_best,nominal,no_integral,True,60.0,horizon,post_5_20,True,False,,,,,,,,,,,,,,,,,,,,,,
B_best,nominal,no_integral,True,60.0,horizon,tail_18_20,True,False,,,,,,,,,,,,,,,,,,,,,,
B_best,nominal,no_integral,True,60.0,horizon,full_0_60,True,False,,,,,,,,,,,,,,,,,,,,,,
B_best,nominal,no_integral,True,60.0,horizon,post_5_60,True,False,,,,,,,,,,,,,,,,,,,,,,
B_best,nominal,no_integral,True,60.0,horizon,tail_58_60,True,False,,,,,,,,,,,,,,,,,,,,,,
A_best,centered_payload,no_integral,True,60.0,horizon,full_0_20,False,True,"[0.007177377992153878, -0.005331194717625554]",0.008940715405351712,0.009055968324566784,0.0014401980197402506,0.009346431371834472,-0.02023421387446626,0.02023421387446626,0.02034491439783879,0.002119464729063853,0.020875955787159617,0.02226939837873814,-2.676624113323589e-19,-6.623797647528629e-19,2000,0.01,20.0,0.002038188240422306,0.00516328528160371,0.036520528308816316,0.08206526522824517,0.36808220537776276,0.09711549582017207
A_best,centered_payload,no_integral,True,60.0,horizon,pre_3_5,False,True,"[0.00750791433796989, -0.005506915882516954]",0.009311009625352739,0.009311879131139279,0.0001272505777429712,0.009346431371834472,-0.020685866640380506,0.020685866640380506,0.020685906459156744,4.058784763606574e-05,0.02077952980941311,0.02268518941930902,-4.236819097496608e-20,-1.5755474563420029e-19,200,3.0100000000000002,5.0,0.0007858232822389479,0.0001252466774234496,0.037306049722499394,0.08268340976230638,0.06337865945902928,0.008388405960230374
A_best,centered_payload,no_integral,True,60.0,horizon,post_5_20,False,True,"[0.007515881357094104, -0.005520384167339542]",0.009325401542503562,0.00932542856107503,2.2448135474207833e-05,0.009342567564928825,-0.02063847587701796,0.02063847587701796,0.02063847603873859,2.583666905208208e-06,0.02065759791916344,0.022647523287311153,-1.478471607604311e-19,3.283859048897643e-20,1500,5.01,20.0,0.00014608833574075654,1.5469396874646066e-05,0.03730315898007418,0.0825526000754276,0.02717833241447345,0.003804309551358845
A_best,centered_payload,no_integral,True,60.0,horizon,tail_18_20,False,True,"[0.007515799157743367, -0.005520410585086306]",0.009325350932134878,0.009325350936533583,2.864243805014621e-07,0.009325446766402882,-0.020638146029826453,0.020638146029826453,0.020638146029844644,2.7404750714499326e-08,0.020638193668284344,0.02264719059041761,2.3456063513594863e-20,-1.561471690152536e-19,200,18.01,20.0,1.8951594685643556e-06,1.8256619911450618e-07,0.037301369849838485,0.08255260177599674,0.0001383113306927918,1.6425184920889652e-05
A_best,centered_payload,no_integral,True,60.0,horizon,full_0_60,False,True,"[0.007402996916840309, -0.005457333082859677]",0.009197110835910472,0.009236430329617582,0.0008513504013377274,0.009346431371834472,-0.02050350271794084,0.02050350271794084,0.020540868016172133,0.0012384002395017034,0.020875955787159617,0.022521964925194312,-1.8200620454126779e-19,-1.9278469879507876e-18,6000,0.01,60.0,0.0011767485428444099,0.002981024147286249,0.03704294292163166,0.08239046799738858,0.36808220537776276,0.09711549582017207
A_best,centered_payload,no_integral,True,60.0,horizon,post_5_60,False,True,"[0.00751582682770458, -0.005520397329621137]",0.009325365385920922,0.009325372754760237,1.172323727918756e-05,0.009342567564928825,-0.02063823679531626,0.02063823679531626,0.020638236839941843,1.3571983789324795e-06,0.02065759791916344,0.022647282328720087,1.579828891493789e-19,-8.071100689794126e-19,5500,5.01,60.0,7.629237360475066e-05,8.078648972983738e-06,0.037301884550736214,0.08255259200360816,0.02717833241447345,0.003804309551358845
A_best,centered_payload,no_integral,True,60.0,horizon,tail_58_60,False,True,"[0.007515806294377398, -0.005520403740645749]",0.009325352632170995,0.00932535263217397,7.448638193649657e-09,0.009325357883542688,-0.020638146684119195,0.020638146684119195,0.02063814668411922,7.218044418273645e-10,0.020638148221360564,0.02264719188485882,1.5387764205321983e-20,5.08990411619516e-19,200,58.01,60.0,4.898239366591663e-08,6.389626504446827e-09,0.03730140857107541,0.08255258568709178,3.1945284701301985e-06,8.406350876516859e-07
A_best,centered_payload,no_integral,True,60.0,horizon,full_0_20,True,False,,,,,,,,,,,,,,,,,,,,,,
A_best,centered_payload,no_integral,True,60.0,horizon,pre_3_5,True,False,,,,,,,,,,,,,,,,,,,,,,
A_best,centered_payload,no_integral,True,60.0,horizon,post_5_20,True,False,,,,,,,,,,,,,,,,,,,,,,
A_best,centered_payload,no_integral,True,60.0,horizon,tail_18_20,True,False,,,,,,,,,,,,,,,,,,,,,,
A_best,centered_payload,no_integral,True,60.0,horizon,full_0_60,True,False,,,,,,,,,,,,,,,,,,,,,,
A_best,centered_payload,no_integral,True,60.0,horizon,post_5_60,True,False,,,,,,,,,,,,,,,,,,,,,,
A_best,centered_payload,no_integral,True,60.0,horizon,tail_58_60,True,False,,,,,,,,,,,,,,,,,,,,,,
B_best,centered_payload,no_integral,True,60.0,horizon,full_0_20,False,True,"[0.005573186246273597, -0.0005752414510384804]",0.005602794629704541,0.005682905603832238,0.0009508461702199007,0.005884030927555464,-0.02007046056799025,0.02007046056799025,0.020185570132227767,0.002152638880963406,0.020592514928524985,0.02097028034302721,-4.573977915173222e-20,-1.2358210700440242e-18,2000,0.01,20.0,0.0011534705117779139,0.005002018883007083,0.022912532081021997,0.08141759079869912,0.1821521603268011,0.05078013728679292
B_best,centered_payload,no_integral,True,60.0,horizon,pre_3_5,False,True,"[0.005802847501243004, -0.0005933817079414989]",0.005833107317202534,0.00583341379703597,5.9795931700678725e-05,0.0058771983792133085,-0.020559664145075374,0.020559664145075374,0.020559670609611686,1.6303908529066286e-05,0.020592514928524985,0.021371213631967187,-8.102482254140672e-20,-6.972038100474039e-19,200,3.0100000000000002,5.0,0.0001956872767294521,7.346305096747423e-05,0.023422557413364395,0.08223204475991948,0.011662827157322517,0.003950740802343123
B_best,centered_payload,no_integral,True,60.0,horizon,post_5_20,False,True,"[0.005841593208107979, -0.0006753451140034222]",0.00588050186906029,0.005880503281762631,4.076125536440397e-06,0.005884030927555464,-0.020529713046571915,0.020529713046571915,0.02052971315761797,2.1352953560021076e-06,0.020541952809409625,0.021355314120398542,1.267640330064678e-19,9.705131338134501e-19,1500,5.01,20.0,1.2089372741508785e-05,4.228277470245598e-06,0.02352222893207118,0.08211807278955607,0.0030052447908351966,0.0010388461932477615
B_best,centered_payload,no_integral,True,60.0,horizon,tail_18_20,False,True,"[0.00584155674999464, -0.0006766808578710991]",0.005880619206071509,0.005880619206073316,4.607619319296163e-09,0.0058806243915247415,-0.02052900613603438,0.02052900613603438,0.020529006136034412,1.0813172160790969e-09,0.02052900816852976,0.021354666356095963,1.3430525586615638e-20,7.758557656928195e-20,200,18.01,20.0,2.6986545126113838e-08,6.969706502857743e-09,0.023522476226031066,0.08211602520001886,1.9090959104164224e-06,5.198718263385476e-07
B_best,centered_payload,no_integral,True,60.0,horizon,full_0_60,False,True,"[0.005752100125618132, -0.0006428675271792266]",0.005787912794145887,0.0058154617807753125,0.0005653858956683368,0.005884030927555464,-0.020376157400478292,0.020376157400478292,0.020415169206655523,0.0012614845727593935,0.020592514928524985,0.021227310933324414,3.070494433796839e-20,-3.282252670610414e-19,6000,0.01,60.0,0.0006659565108186777,0.0028879169486043057,0.023320935341930395,0.08188387431116229,0.1821521603268011,0.05078013728679292
B_best,centered_payload,no_integral,True,60.0,horizon,post_5_60,False,True,"[0.005841566922422473, -0.0006763163512733697]",0.005880587378497159,0.0058805877938742585,2.210276645621237e-06,0.005884030927555464,-0.020529198697590387,0.020529198697590387,0.020529198730292724,1.1587519243530786e-06,0.020541952809409625,0.021354842853772427,-1.8143645319821634e-20,-5.07276713993765e-19,5500,5.01,60.0,6.313508292038375e-06,2.208158126562491e-06,0.023522410125071693,0.08211658216807564,0.0030052447908351966,0.0010388461932477615
B_best,centered_payload,no_integral,True,60.0,horizon,tail_58_60,False,True,"[0.005841557583929026, -0.0006766814205485962]",0.00588062009921355,0.0058806200992158825,5.2369489176340665e-09,0.005880623925377126,-0.02052900432795636,0.02052900432795636,0.020529004327956443,1.7268885727487458e-09,0.020529007179322933,0.02135466486387825,4.680997974645554e-21,4.330927006391386e-19,200,58.01,60.0,2.952333273710588e-08,8.67390864675368e-09,0.023522480514755764,0.08211601592289247,1.7075472925031877e-06,4.093357765566179e-07
B_best,centered_payload,no_integral,True,60.0,horizon,full_0_20,True,False,,,,,,,,,,,,,,,,,,,,,,
B_best,centered_payload,no_integral,True,60.0,horizon,pre_3_5,True,False,,,,,,,,,,,,,,,,,,,,,,
B_best,centered_payload,no_integral,True,60.0,horizon,post_5_20,True,False,,,,,,,,,,,,,,,,,,,,,,
B_best,centered_payload,no_integral,True,60.0,horizon,tail_18_20,True,False,,,,,,,,,,,,,,,,,,,,,,
B_best,centered_payload,no_integral,True,60.0,horizon,full_0_60,True,False,,,,,,,,,,,,,,,,,,,,,,
B_best,centered_payload,no_integral,True,60.0,horizon,post_5_60,True,False,,,,,,,,,,,,,,,,,,,,,,
B_best,centered_payload,no_integral,True,60.0,horizon,tail_58_60,True,False,,,,,,,,,,,,,,,,,,,,,,
A_best,offset_payload,no_integral,True,60.0,horizon,full_0_20,False,True,"[0.069458419425188, -0.006343282464826413]",0.06974746777822051,0.0703430110919666,0.009133999562657426,0.07205987840393803,-0.018952242675739653,0.018952242675739653,0.019090238355832383,0.0022912219539723377,0.02765376397793573,0.07288742285173094,1.734723475976807e-18,1.6906777627195835e-18,2000,0.01,20.0,0.019197922278855407,0.008649600265024475,0.28385711848685563,0.07730083186881924,4.910835029839878,1.419790107222739
A_best,offset_payload,no_integral,True,60.0,horizon,pre_3_5,False,True,"[0.0714989821617609, -0.0066453183546295634]",0.07180713548250048,0.07181243996900825,0.0008728276463508892,0.07205987840393803,-0.018854847065816444,0.018854847065816444,0.01885653914556506,0.00025260774513188216,0.019367309195335136,0.07424685584488168,-5.0610218598444445e-20,-9.85999290163209e-20,200,3.0100000000000002,5.0,0.00580913566130602,0.0006285608428704267,0.2875329385158923,0.07506349381422935,0.4184152343444364,0.07552734969727878
A_best,offset_payload,no_integral,True,60.0,horizon,post_5_20,False,True,"[0.07157394633550213, -0.006548507425362118]",0.0718728929676367,0.07187303237076874,0.00014155787583612793,0.07201905305324731,-0.018577914904431298,0.018577914904431298,0.018577918327384188,1.127752929304827e-05,0.01863813500822764,0.07423524655814466,-1.0773895129605177e-18,-2.678567470775206e-19,1500,5.01,20.0,0.00099970185279296,5.329394566178584e-05,0.2875035288919732,0.07430923720076914,0.16284102567876665,0.02905581349466542
A_best,offset_payload,no_integral,True,60.0,horizon,tail_18_20,False,True,"[0.07157318861510205, -0.006552115088636224]",0.07187246719480074,0.07187246720754226,1.3533390287343847e-06,0.07187303219042919,-0.018575535224010575,0.018575535224010575,0.01857553522420739,8.551387543559177e-08,0.018575675129757774,0.07423410302121934,3.1928579648992364e-18,-7.092306630376956e-19,200,18.01,20.0,9.31546998728084e-06,5.44809786702548e-07,0.2874897391644679,0.07430214204441765,0.0006485617761216793,8.446292141483705e-05
A_best,offset_payload,no_integral,True,60.0,horizon,full_0_60,False,True,"[0.07086829107248238, -0.006482431868646516]",0.07116415250999432,0.07136630952669473,0.005367823860209549,0.07205987840393803,-0.018701107714477524,0.018701107714477524,0.01874867631275307,0.001334703612004097,0.02765376397793573,0.07378795971525698,3.435904447242344e-17,4.730679010415267e-19,6000,0.01,60.0,0.01108392562205198,0.004993849041615194,0.28628415160156556,0.07531498583389117,4.910835029839878,1.419790107222739
A_best,offset_payload,no_integral,True,60.0,horizon,post_5_60,False,True,"[0.07157342310686755, -0.006551052258230797]",0.07187260382736077,0.07187264186429829,7.394341687507478e-05,0.07201905305324731,-0.018576187871278686,0.018576187871278686,0.018576188835005336,5.983705894235549e-06,0.01863813500822764,0.07423443567635885,3.031196240947302e-17,-6.417217108985238e-19,5500,5.01,60.0,0.0005220778787000448,2.7831898603570045e-05,0.28749367866759784,0.07430409193647498,0.16284102567876665,0.02905581349466542
A_best,offset_payload,no_integral,True,60.0,horizon,tail_58_60,False,True,"[0.07157322972367709, -0.006552002970544072]",0.0718724979112614,0.07187249791126167,6.1741004573009196e-09,0.07187249959281193,-0.018575539226715967,0.018575539226715967,0.018575539226715985,8.712260030249434e-10,0.018575541181076627,0.07423413374969481,1.7791234906231433e-18,-1.085134448555161e-19,200,58.01,60.0,3.9878143023616884e-08,7.519597400209706e-09,0.28748999319519103,0.07430215807347462,2.561320938754782e-06,5.001791211018076e-07
A_best,offset_payload,no_integral,True,60.0,horizon,full_0_20,True,False,,,,,,,,,,,,,,,,,,,,,,
A_best,offset_payload,no_integral,True,60.0,horizon,pre_3_5,True,False,,,,,,,,,,,,,,,,,,,,,,
A_best,offset_payload,no_integral,True,60.0,horizon,post_5_20,True,False,,,,,,,,,,,,,,,,,,,,,,
A_best,offset_payload,no_integral,True,60.0,horizon,tail_18_20,True,False,,,,,,,,,,,,,,,,,,,,,,
A_best,offset_payload,no_integral,True,60.0,horizon,full_0_60,True,False,,,,,,,,,,,,,,,,,,,,,,
A_best,offset_payload,no_integral,True,60.0,horizon,post_5_60,True,False,,,,,,,,,,,,,,,,,,,,,,
A_best,offset_payload,no_integral,True,60.0,horizon,tail_58_60,True,False,,,,,,,,,,,,,,,,,,,,,,
B_best,offset_payload,no_integral,True,60.0,horizon,full_0_20,False,True,"[0.07569959900703806, -0.019146460308774815]",0.07808339280654912,0.07891406849287085,0.01141989377865128,0.0811448166840058,-0.03296625479961021,0.03296625479961021,0.033127572963097554,0.003265292469676185,0.03828734154545255,0.0855854327355004,-1.2847795743953228e-17,4.672233737054721e-18,2000,0.01,20.0,0.019792382002672883,0.011540888632214736,0.3183529012418191,0.13383406476035822,4.408760385491515,1.3609645796867444
B_best,offset_payload,no_integral,True,60.0,horizon,pre_3_5,False,True,"[0.07820747874156178, -0.01998971255326111]",0.08072173399446919,0.08072401181929931,0.0006064199275538613,0.0811448166840058,-0.03348917534858622,0.03348917534858622,0.033490892475565144,0.0003391360811110443,0.034161089858824045,0.08739568618079636,-3.2558358305679203e-18,-8.181808874884507e-20,200,3.0100000000000002,5.0,0.0027714006723194976,0.0011793905833857846,0.3238557224091684,0.13365294898096294,0.18475033770569355,0.03247471100922482
B_best,offset_payload,no_integral,True,60.0,horizon,post_5_20,False,True,"[0.07835499337519201, -0.02084415982529847]",0.08108010844620875,0.08108011676609937,3.6730850404172614e-05,0.08114344735617589,-0.03304625050715981,0.03304625050715981,0.033046258593481787,2.3118073091618266e-05,0.03319731242593005,0.08755592807932297,-3.361781454295957e-17,5.0688543296671326e-18,1500,5.01,20.0,0.00011766154518739631,6.56129320596225e-05,0.3243209916493034,0.13217542227343995,0.030826674626619865,0.0029724061117577913
B_best,offset_payload,no_integral,True,60.0,horizon,tail_18_20,False,True,"[0.07835245022401796, -0.020855819363706535]",0.0810806490935955,0.08108064909359593,8.766179285505264e-09,0.08108065453740744,-0.03303955428024798,0.03303955428024798,0.03303955428024801,1.3704650492924516e-09,0.033039557732687075,0.08755389085858088,-6.5895984885608936e-18,7.338945914174603e-20,200,18.01,20.0,4.900324710790015e-08,6.056057881886937e-09,0.324322596152252,0.13215821531229044,2.9575586669421963e-06,4.366148446134e-07
B_best,offset_payload,no_integral,True,60.0,horizon,full_0_60,False,True,"[0.07746816678100468, -0.02028603382542649]",0.08008020999457921,0.08036494625954743,0.006759035029060525,0.0811448166840058,-0.03301512046541528,0.03301512046541528,0.03306891921795101,0.0018855341146447255,0.03828734154545255,0.08690269274046297,-2.6108943566166554e-17,-2.5025588426628304e-18,6000,0.01,60.0,0.011427137077182473,0.00666313515849872,0.3223449843503961,0.13271918163623303,4.408760385491515,1.3609645796867444
B_best,offset_payload,no_integral,True,60.0,horizon,post_5_60,False,True,"[0.07835314413358904, -0.02085264037690124]",0.08108050201070138,0.08108050445397533,1.990486838582211e-05,0.08114344735617589,-0.03304137980982019,0.03304137980982019,0.03304138215013085,1.2436003990556367e-05,0.03319731242593005,0.08755444669976561,-2.468502674300801e-17,-3.2395997485589705e-18,5500,5.01,60.0,6.14467451242706e-05,3.426523667482715e-05,0.32432216098798966,0.13216290680570372,0.030826674626619865,0.0029724061117577913
B_best,offset_payload,no_integral,True,60.0,horizon,tail_58_60,False,True,"[0.07835245030444893, -0.020855820402982648]",0.081080649438646,0.08108064943864618,5.2032228401195164e-09,0.08108065350600399,-0.03303955294401936,0.03303955294401936,0.03303955294401936,1.2873455161153684e-09,0.03303955553420623,0.0875538906738775,2.416771167664316e-18,-1.657258477862344e-18,200,58.01,60.0,3.096447878834806e-08,9.367399072359532e-09,0.3243225977972025,0.13215821252651042,1.7075472925031877e-06,3.8259805976422865e-07
B_best,offset_payload,no_integral,True,60.0,horizon,full_0_20,True,False,,,,,,,,,,,,,,,,,,,,,,
B_best,offset_payload,no_integral,True,60.0,horizon,pre_3_5,True,False,,,,,,,,,,,,,,,,,,,,,,
B_best,offset_payload,no_integral,True,60.0,horizon,post_5_20,True,False,,,,,,,,,,,,,,,,,,,,,,
B_best,offset_payload,no_integral,True,60.0,horizon,tail_18_20,True,False,,,,,,,,,,,,,,,,,,,,,,
B_best,offset_payload,no_integral,True,60.0,horizon,full_0_60,True,False,,,,,,,,,,,,,,,,,,,,,,
B_best,offset_payload,no_integral,True,60.0,horizon,post_5_60,True,False,,,,,,,,,,,,,,,,,,,,,,
B_best,offset_payload,no_integral,True,60.0,horizon,tail_58_60,True,False,,,,,,,,,,,,,,,,,,,,,,
A_best,motor_80,no_integral,True,60.0,horizon,full_0_20,False,True,"[0.029677649157932223, -0.029647782858910704]",0.04194942059183219,0.048993416198840976,0.025310095670352844,0.058463119609337116,0.002793151938160749,0.002793151938160749,0.00429041819100148,0.003256683973618764,0.012128550006971106,0.04918091620828683,5.204170427930421e-18,-3.5575383784680614e-20,2000,0.01,20.0,0.01604811232871448,0.0051553469701566875,0.1983427965233385,0.018055004911781823,4.384285477167818,1.3188788237944389
A_best,motor_80,no_integral,True,60.0,horizon,pre_3_5,False,True,"[-0.001434020255290992, -0.0012987718812297383]",0.0019347409366780542,0.001936148134809613,7.38045247181408e-05,0.0020462378508615893,0.001324725203214686,0.001324725203214686,0.0013247523380322005,8.478979277644368e-06,0.0013359658275680086,0.0023459834519980157,-2.179620914077228e-21,-4.601579898238351e-22,200,3.0100000000000002,5.0,0.00045187060929505646,4.856318493953584e-05,0.007783935067320133,0.005306123359683516,0.03771088271187686,0.005771920853499332
A_best,motor_80,no_integral,True,60.0,horizon,post_5_20,False,True,"[0.03998640596066141, -0.039140292306130024]",0.05595422364272531,0.056563400654593,0.008279079064236788,0.058463119609337116,0.0033396372551305785,0.0033396372551305785,0.004905859721717709,0.0035936447533550147,0.012128550006971106,0.056775749693167274,7.8198081690517e-18,2.879912020664621e-20,1500,5.01,20.0,0.0185149525448533,0.005944525783836343,0.22898633478009858,0.02065092994946161,4.384285477167818,1.3188788237944389
A_best,motor_80,no_integral,True,60.0,horizon,tail_18_20,False,True,"[0.04171172535852878, -0.04040769820279734]",0.058074522007793436,0.05807452252646166,7.761624767789899e-06,0.058082649328780135,0.00483146519266685,0.00483146519266685,0.004831465230617062,6.05566062643748e-07,0.004832458599898226,0.058275150990376376,-5.612531608567105e-20,-6.548729738703541e-21,200,18.01,20.0,5.217134653610184e-05,4.117770425187052e-06,0.23229521203219114,0.01932568331346477,0.0039591288338901715,0.0004471619191598079
A_best,motor_80,no_integral,True,60.0,horizon,full_0_60,False,True,"[0.037700363768863335, -0.03682086176203251]",0.052698133640607527,0.055213544013596245,0.016475501611119738,0.058463119609337116,0.004152069695446133,0.004152069695446133,0.0046581478789442955,0.002111553671179367,0.012128550006971106,0.05540969034567368,-1.0299920638612292e-17,2.541098841762901e-20,6000,0.01,60.0,0.009265383023231892,0.0029764409788668278,0.22155798998845871,0.01891191211010717,4.384285477167818,1.3188788237944389
A_best,motor_80,no_integral,True,60.0,horizon,post_5_60,False,True,"[0.04124118058878321, -0.040061826057012494]",0.0574959553653903,0.05766617164019488,0.004427467476726875,0.058463119609337116,0.004424649123463851,0.004424649123463851,0.004851913640824146,0.001990865669061075,0.012128550006971106,0.05786992671167323,-1.2719046735970574e-17,-8.470329472543003e-21,5500,5.01,60.0,0.009669119715318093,0.0031044273613576017,0.23139892353603395,0.019696273181861925,4.384285477167818,1.3188788237944389
A_best,motor_80,no_integral,True,60.0,horizon,tail_58_60,False,True,"[0.041711715297960465, -0.04040741914477719]",0.05807432061625702,0.05807432061625752,7.689496283908463e-09,0.05807432631302776,0.00483153057309217,0.00483153057309217,0.0048315305730922175,6.739811625783309e-10,0.0048315318857381495,0.05827495519276354,-5.81435786024829e-19,9.923447584917951e-21,200,58.01,60.0,4.959460303187238e-08,7.712260129952127e-09,0.23229728295875388,0.019326122435152308,3.078324659199975e-06,5.74555461651848e-07
A_best,motor_80,no_integral,True,60.0,horizon,full_0_20,True,False,,,,,,,,,,,,,,,,,,,,,,
A_best,motor_80,no_integral,True,60.0,horizon,pre_3_5,True,False,,,,,,,,,,,,,,,,,,,,,,
A_best,motor_80,no_integral,True,60.0,horizon,post_5_20,True,False,,,,,,,,,,,,,,,,,,,,,,
A_best,motor_80,no_integral,True,60.0,horizon,tail_18_20,True,False,,,,,,,,,,,,,,,,,,,,,,
A_best,motor_80,no_integral,True,60.0,horizon,full_0_60,True,False,,,,,,,,,,,,,,,,,,,,,,
A_best,motor_80,no_integral,True,60.0,horizon,post_5_60,True,False,,,,,,,,,,,,,,,,,,,,,,
A_best,motor_80,no_integral,True,60.0,horizon,tail_58_60,True,False,,,,,,,,,,,,,,,,,,,,,,
B_best,motor_80,no_integral,True,60.0,horizon,full_0_20,False,True,"[0.03244978096918069, -0.06304196666392899]",0.07090329925894658,0.0828314416225431,0.04282253933928986,0.10014605863051892,-0.005502771132048038,0.005502771132048038,0.007618235516614271,0.005268493357203925,0.02433255117319144,0.08318103890704522,4.9873299934333204e-18,-3.7269449679189215e-20,2000,0.01,20.0,0.02094157443774541,0.008891326941566718,0.33499619023437405,0.03188470921146897,3.934613575690299,1.2454541295913666
B_best,motor_80,no_integral,True,60.0,horizon,pre_3_5,False,True,"[0.001571657565232725, -0.000616266227971255]",0.0016881621859558328,0.0016885393413382317,3.5686708390777085e-05,0.0017554920367798814,0.0017958251958520898,0.0017958251958520898,0.0017959264963176012,1.9074750808805167e-05,0.0018601638476123394,0.0024650592462297054,4.749671077279485e-21,-3.062636217977585e-22,200,3.0100000000000002,5.0,0.00015695520742788064,9.812356344171281e-05,0.006736174184534802,0.00713893715137159,0.017388441791516853,0.005041711337255518
B_best,motor_80,no_integral,True,60.0,horizon,post_5_20,False,True,"[0.04272470829214254, -0.08387210031616824]",0.09412720069190447,0.09564000310398511,0.016943443677015807,0.10014605863051892,-0.00792755861137289,0.00792755861137289,0.008735170399971617,0.0036683806208990867,0.02433255117319144,0.09603808304858455,1.3823577699190182e-17,-1.1350241493207625e-19,1500,5.01,20.0,0.024160031324398364,0.010234470940952931,0.38679620833519357,0.03656124660315279,3.934613575690299,1.2454541295913666
B_best,motor_80,no_integral,True,60.0,horizon,tail_18_20,False,True,"[0.044731166177485425, -0.08953924588379886]",0.10009072774756514,0.10009072774784698,2.374968673904594e-07,0.10009105652391556,-0.006459162595700389,0.006459162595700389,0.006459162595896259,5.030278672858996e-08,0.006459266192664903,0.10029892602881574,1.5384312388218684e-17,-5.932251533621398e-20,200,18.01,20.0,1.6352303624121205e-06,3.5502700487314386e-07,0.4003630116024891,0.025836676257341346,0.00010323249681508333,1.4186282812572309e-05
B_best,motor_80,no_integral,True,60.0,horizon,full_0_60,False,True,"[0.04063737544944624, -0.08070680033397302]",0.09036030048404578,0.09468781365468329,0.0282983771820387,0.10014605863051892,-0.0061403607324292935,0.0061403607324292935,0.0068672870134613186,0.0030749960977040167,0.02433255117319144,0.09493651397449393,5.4643789493269423e-17,-6.945670167485263e-20,6000,0.01,60.0,0.01209062363907357,0.005133410003181395,0.37982593658304986,0.02799819529329039,3.934613575690299,1.2454541295913666
B_best,motor_80,no_integral,True,60.0,horizon,post_5_60,False,True,"[0.04418395512664179, -0.08799363984549685]",0.09846371181248503,0.0988967433752654,0.009244636625683974,0.10014605863051892,-0.006859629099552541,0.006859629099552541,0.007152082514944113,0.0020242956595174725,0.02433255117319144,0.09915502072277364,5.755758283182422e-17,3.3881317890172014e-20,5500,5.01,60.0,0.01261716486249765,0.005344778134058963,0.39670885083917884,0.029155418660102923,3.934613575690299,1.2454541295913666
B_best,motor_80,no_integral,True,60.0,horizon,tail_58_60,False,True,"[0.04473117303091027, -0.08953921957656048]",0.10009070727645372,0.10009070727645386,4.642665956652423e-09,0.10009071072386279,-0.006459154788111032,0.006459154788111032,0.006459154788111124,1.0870392607195243e-09,0.006459157197270193,0.10029890509710239,4.4665049545927495e-18,4.191771810370578e-21,200,58.01,60.0,2.3912331184522546e-08,7.3320347310263315e-09,0.40036283050580296,0.02583661788952444,1.7075472925031877e-06,3.193588205399102e-07
B_best,motor_80,no_integral,True,60.0,horizon,full_0_20,True,False,,,,,,,,,,,,,,,,,,,,,,
B_best,motor_80,no_integral,True,60.0,horizon,pre_3_5,True,False,,,,,,,,,,,,,,,,,,,,,,
B_best,motor_80,no_integral,True,60.0,horizon,post_5_20,True,False,,,,,,,,,,,,,,,,,,,,,,
B_best,motor_80,no_integral,True,60.0,horizon,tail_18_20,True,False,,,,,,,,,,,,,,,,,,,,,,
B_best,motor_80,no_integral,True,60.0,horizon,full_0_60,True,False,,,,,,,,,,,,,,,,,,,,,,
B_best,motor_80,no_integral,True,60.0,horizon,post_5_60,True,False,,,,,,,,,,,,,,,,,,,,,,
B_best,motor_80,no_integral,True,60.0,horizon,tail_58_60,True,False,,,,,,,,,,,,,,,,,,,,,,
A_best,motor_70,no_integral,True,60.0,horizon,full_0_20,False,True,"[0.05261777878228922, -0.049993576363275165]",0.07258090879544393,0.0847141551605673,0.04368637960504523,0.10098163418390511,0.0037532439853589297,0.0037532439853589297,0.006837304757560878,0.0057150586990976455,0.023642292913926943,0.08498962772548446,8.890457814381136e-18,-3.3881317890172014e-20,2000,0.01,20.0,0.028930265135831048,0.009768404416392668,0.34304518690922775,0.029233280827191423,8.36793097258244,2.1582070641336792
A_best,motor_70,no_integral,True,60.0,horizon,pre_3_5,False,True,"[-0.001434020255290992, -0.0012987718812297383]",0.0019347409366780542,0.001936148134809613,7.38045247181408e-05,0.0020462378508615893,0.001324725203214686,0.001324725203214686,0.0013247523380322005,8.478979277644368e-06,0.0013359658275680086,0.0023459834519980157,-2.179620914077228e-21,-4.601579898238351e-22,200,3.0100000000000002,5.0,0.00045187060929505646,4.856318493953584e-05,0.007783935067320133,0.005306123359683516,0.03771088271187686,0.005771920853499332
A_best,motor_70,no_integral,True,60.0,horizon,post_5_20,False,True,"[0.07057324545980409, -0.06626801697861597]",0.09680926117375287,0.09781408878714644,0.013984381153696414,0.10098163418390511,0.004619759984728155,0.004619759984728155,0.00786482827114636,0.00636500914517234,0.023642292913926943,0.09812976861785822,1.509751525186065e-17,4.0657581468206416e-20,1500,5.01,20.0,0.03339702446462501,0.011275174059588755,0.39609122091744825,0.03363425211279219,8.36793097258244,2.1582070641336792
A_best,motor_70,no_integral,True,60.0,horizon,tail_18_20,False,True,"[0.07345538457852864, -0.06832252585756624]",0.10031780033043662,0.10031780106605521,1.2148715436491067e-05,0.1003305280635822,0.007217000325169556,0.007217000325169556,0.007217000590663551,1.957585387575152e-06,0.007220518533360698,0.10057706651247225,-9.01583701779522e-18,2.174709852307621e-20,200,18.01,20.0,8.099658610147204e-05,1.4375173913394066e-05,0.40126805976328567,0.028869817518350317,0.006050132536219321,0.0006851023552798914
A_best,motor_70,no_integral,True,60.0,horizon,full_0_60,False,True,"[0.06650939306297658, -0.06221386328234199]",0.09107175275638138,0.09540118929407211,0.02841342585124081,0.10098163418390511,0.006062403573761328,0.006062403573761328,0.007092682480440069,0.0036814953045179247,0.023642292913926943,0.0956644817238442,-3.848917712323541e-17,-1.5246593050577406e-19,6000,0.01,60.0,0.01670289781615842,0.005639791041802103,0.3828502734140118,0.028990225534232642,8.36793097258244,2.1582070641336792
A_best,motor_70,no_integral,True,60.0,horizon,post_5_60,False,True,"[0.07266921254599767, -0.06776328226098645]",0.09936134497296978,0.09964184890359033,0.007471357178482508,0.10098163418390511,0.006508649717989519,0.006508649717989519,0.0073992958082196685,0.0035195251534904906,0.023642292913926943,0.09991620304727088,-4.378821524125831e-17,-1.5246593050577406e-19,5500,5.01,60.0,0.01744102872132447,0.005888267740296379,0.3998677903161448,0.030242426598440897,8.36793097258244,2.1582070641336792
A_best,motor_70,no_integral,True,60.0,horizon,tail_58_60,False,True,"[0.07345520892974518, -0.06832401467875923]",0.10031868570079965,0.10031868570080026,1.0835043029122268e-08,0.10031869599656577,0.0072169756355942236,0.0072169756355942236,0.00721697563559442,1.678157255223611e-09,0.007216977880498021,0.10057794707618917,5.767209351422257e-18,1.626640235873707e-20,200,58.01,60.0,7.036161931608362e-08,1.2339424332201145e-08,0.4012747423406097,0.0288679030694522,4.26886823125797e-06,7.098762364648622e-07
A_best,motor_70,no_integral,True,60.0,horizon,full_0_20,True,False,,,,,,,,,,,,,,,,,,,,,,
A_best,motor_70,no_integral,True,60.0,horizon,pre_3_5,True,False,,,,,,,,,,,,,,,,,,,,,,
A_best,motor_70,no_integral,True,60.0,horizon,post_5_20,True,False,,,,,,,,,,,,,,,,,,,,,,
A_best,motor_70,no_integral,True,60.0,horizon,tail_18_20,True,False,,,,,,,,,,,,,,,,,,,,,,
A_best,motor_70,no_integral,True,60.0,horizon,full_0_60,True,False,,,,,,,,,,,,,,,,,,,,,,
A_best,motor_70,no_integral,True,60.0,horizon,post_5_60,True,False,,,,,,,,,,,,,,,,,,,,,,
A_best,motor_70,no_integral,True,60.0,horizon,tail_58_60,True,False,,,,,,,,,,,,,,,,,,,,,,
B_best,motor_70,no_integral,True,60.0,horizon,full_0_20,False,True,"[0.055529178954398545, -0.10925444631487603]",0.12255620651325556,0.143397533314228,0.0744501766665826,0.17318531119267647,-0.01110200775721957,0.01110200775721957,0.014529501138085769,0.009372930549207747,0.046071110991678266,0.1441317416946273,2.42861286636753e-17,3.2526065174565133e-19,2000,0.01,20.0,0.03711797992069995,0.016371114602569577,0.5799899107699591,0.06066848514493421,7.199346157589455,2.0128729991589593
B_best,motor_70,no_integral,True,60.0,horizon,pre_3_5,False,True,"[0.001571657565232725, -0.000616266227971255]",0.0016881621859558328,0.0016885393413382317,3.5686708390777085e-05,0.0017554920367798814,0.0017958251958520898,0.0017958251958520898,0.0017959264963176012,1.9074750808805167e-05,0.0018601638476123394,0.0024650592462297054,4.749671077279485e-21,-3.062636217977585e-22,200,3.0100000000000002,5.0,0.00015695520742788064,9.812356344171281e-05,0.006736174184534802,0.00713893715137159,0.017388441791516853,0.005041711337255518
B_best,motor_70,no_integral,True,60.0,horizon,post_5_20,False,True,"[0.07349723893909962, -0.14548873985076433]",0.16299944035190578,0.16557802786857148,0.02910782983684824,0.17318531119267647,-0.015393207444934916,0.015393207444934916,0.016745000940477244,0.006591223031712959,0.046071110991678266,0.1664225897206927,3.3285006695304986e-17,7.047314121155779e-19,1500,5.01,20.0,0.042848185160459795,0.018886185255526294,0.6697007582597488,0.06991970607454985,7.199346157589455,2.0128729991589593
B_best,motor_70,no_integral,True,60.0,horizon,tail_18_20,False,True,"[0.07684041296339093, -0.15512908352924046]",0.17311695936853363,0.17311695936863283,1.853292652724539e-07,0.1731172581522475,-0.01280673355821015,0.01280673355821015,0.012806733558357007,6.13320229745375e-08,0.012806859696899209,0.17359001712505132,-2.881189038757547e-18,-1.1312998229968133e-19,200,18.01,20.0,1.2926680611384594e-06,4.466855796661129e-07,0.6924679675581321,0.05122698086769517,8.17351717973687e-05,1.1614668668995327e-05
B_best,motor_70,no_integral,True,60.0,horizon,full_0_60,False,True,"[0.06973666560432981, -0.1398375248289956]",0.1562617543735833,0.16381066560502022,0.04915483990462776,0.17318531119267647,-0.012238482930024141,0.012238482930024141,0.013405603108319581,0.0054708070948714035,0.046071110991678266,0.1643582804748746,8.933825901280557e-17,1.6940658945086007e-20,6000,0.01,60.0,0.021430075699042605,0.009451867422736184,0.6571178232224453,0.05455594096757409,7.199346157589455,2.0128729991589593
B_best,motor_70,no_integral,True,60.0,horizon,post_5_60,False,True,"[0.07592863529560567, -0.15249988474915785]",0.1703566039411432,0.1710938205375882,0.015865778259789503,0.17318531119267647,-0.01351212604238328,0.01351212604238328,0.013991172192677455,0.0036297863766202817,0.046071110991678266,0.17166493038903896,1.122149248522497e-16,2.0328790734103208e-19,5500,5.01,60.0,0.02237673490411934,0.00986298857769005,0.686333481997605,0.056936842100235835,7.199346157589455,2.0128729991589593
B_best,motor_70,no_integral,True,60.0,horizon,tail_58_60,False,True,"[0.07684040965428701, -0.1551290636632038]",0.17311694009790315,0.17311694009790318,4.0814937264480625e-09,0.1731169454003388,-0.01280672068552901,0.01280672068552901,0.012806720685529085,1.4316340441512855e-09,0.012806723130910358,0.17358999695713506,-6.250250183174049e-18,-9.801212589905668e-20,200,58.01,60.0,2.5501145382158023e-08,9.591903993206678e-09,0.6924677609085625,0.051226883170840065,1.9090959104164224e-06,7.065440804945083e-07
B_best,motor_70,no_integral,True,60.0,horizon,full_0_20,True,False,,,,,,,,,,,,,,,,,,,,,,
B_best,motor_70,no_integral,True,60.0,horizon,pre_3_5,True,False,,,,,,,,,,,,,,,,,,,,,,
B_best,motor_70,no_integral,True,60.0,horizon,post_5_20,True,False,,,,,,,,,,,,,,,,,,,,,,
B_best,motor_70,no_integral,True,60.0,horizon,tail_18_20,True,False,,,,,,,,,,,,,,,,,,,,,,
B_best,motor_70,no_integral,True,60.0,horizon,full_0_60,True,False,,,,,,,,,,,,,,,,,,,,,,
B_best,motor_70,no_integral,True,60.0,horizon,post_5_60,True,False,,,,,,,,,,,,,,,,,,,,,,
B_best,motor_70,no_integral,True,60.0,horizon,tail_58_60,True,False,,,,,,,,,,,,,,,,,,,,,,
A_best,combined_80,no_integral,True,60.0,horizon,full_0_20,False,True,"[0.10896781710839264, -0.04078520873938468]",0.11635041219215034,0.12164074453724151,0.035483127177450745,0.13759705607396394,-0.01764103076132897,0.01764103076132897,0.018255398375260842,0.00469612643753569,0.03681615640818747,0.12300296866910948,2.0599841277224584e-17,-3.9979955110402976e-19,2000,0.01,20.0,0.027842084961162007,0.011075785276979331,0.4912257133345571,0.07416673052747184,5.2816258696177165,1.4900296165872269
A_best,combined_80,no_integral,True,60.0,horizon,pre_3_5,False,True,"[0.0714989821617609, -0.0066453183546295634]",0.07180713548250048,0.07181243996900825,0.0008728276463508892,0.07205987840393803,-0.018854847065816444,0.018854847065816444,0.01885653914556506,0.00025260774513188216,0.019367309195335136,0.07424685584488168,-5.0610218598444445e-20,-9.85999290163209e-20,200,3.0100000000000002,5.0,0.00580913566130602,0.0006285608428704267,0.2875329385158923,0.07506349381422935,0.4184152343444364,0.07552734969727878
A_best,combined_80,no_integral,True,60.0,horizon,post_5_20,False,True,"[0.12425314324644149, -0.052471075791439836]",0.13487793519079289,0.13526581784874342,0.010236409378179549,0.13759705607396394,-0.0168296323518837,0.0168296323518837,0.017423228035822403,0.004509140726202593,0.03681615640818747,0.13638332139040205,1.8539857149502126e-17,-1.4840017235895342e-18,1500,5.01,20.0,0.023305822677475517,0.007988288505933654,0.5449422563530769,0.06992073950355782,5.2816258696177165,1.4900296165872269
A_best,combined_80,no_integral,True,60.0,horizon,tail_18_20,False,True,"[0.12639507326469743, -0.053976007299044115]",0.1374377091977842,0.13743770940438194,7.535823435013493e-06,0.13744225974871369,-0.01498689985590834,0.01498689985590834,0.014986899905913436,1.224272223285352e-06,0.014989274008416653,0.13825241818902553,4.919185064500658e-18,2.3989932575525773e-19,200,18.01,20.0,5.1804655770579055e-05,8.63123490839992e-06,0.5497485675245293,0.0599465305761164,0.0037249612903958746,0.000468583700382632
A_best,combined_80,no_integral,True,60.0,horizon,full_0_60,False,True,"[0.12058586902809852, -0.04957961942745356]",0.13038056017609703,0.13238177734080736,0.022931299572377415,0.13759705607396394,-0.015871588021725287,0.015871588021725287,0.016150045551600965,0.0029860785300143025,0.03681615640818747,0.1333632593454055,1.235990476633475e-16,1.2366681029912785e-19,6000,0.01,60.0,0.01607463581148977,0.00639460765214417,0.5309601667581647,0.06503358004294275,5.2816258696177165,1.4900296165872269
A_best,combined_80,no_integral,True,60.0,horizon,post_5_60,False,True,"[0.1258107808766305, -0.053566165958747546]",0.13673948486193596,0.1368489084460083,0.005471473526957536,0.13759705607396394,-0.01548943911554898,0.01548943911554898,0.015688895905391576,0.0024937382813586587,0.03681615640818747,0.1377452910178572,1.4925398156978575e-16,1.6008922703106276e-19,5500,5.01,60.0,0.012171069758570543,0.004171747683181322,0.5484440608517939,0.06282465654361624,5.2816258696177165,1.4900296165872269
A_best,combined_80,no_integral,True,60.0,horizon,tail_58_60,False,True,"[0.12639490073717619, -0.0539768392135156]",0.1374378772531151,0.13743787725311532,7.912806125226303e-09,0.1374378813795537,-0.014986869902928383,0.014986869902928383,0.01498686990292841,8.166455453503428e-10,0.014986871808053803,0.13825258179625327,-1.6245564025383431e-19,1.7334673693570717e-19,200,58.01,60.0,5.139051649613585e-08,7.317353993349221e-09,0.5497515091353641,0.05994748003653183,3.1945284701301985e-06,6.398332432462486e-07
A_best,combined_80,no_integral,True,60.0,horizon,full_0_20,True,False,,,,,,,,,,,,,,,,,,,,,,
A_best,combined_80,no_integral,True,60.0,horizon,pre_3_5,True,False,,,,,,,,,,,,,,,,,,,,,,
A_best,combined_80,no_integral,True,60.0,horizon,post_5_20,True,False,,,,,,,,,,,,,,,,,,,,,,
A_best,combined_80,no_integral,True,60.0,horizon,tail_18_20,True,False,,,,,,,,,,,,,,,,,,,,,,
A_best,combined_80,no_integral,True,60.0,horizon,full_0_60,True,False,,,,,,,,,,,,,,,,,,,,,,
A_best,combined_80,no_integral,True,60.0,horizon,post_5_60,True,False,,,,,,,,,,,,,,,,,,,,,,
A_best,combined_80,no_integral,True,60.0,horizon,tail_58_60,True,False,,,,,,,,,,,,,,,,,,,,,,
B_best,combined_80,no_integral,True,60.0,horizon,full_0_20,False,True,"[0.11524091751133522, -0.09613259736558875]",0.15007313332208658,0.16108748659205244,0.058542574178420737,0.18673554689297675,-0.04280971062363898,0.04280971062363898,0.04351446640433266,0.007799837355617444,0.06754389692917007,0.16686128107802142,1.3444106938820255e-17,1.9651164376299768e-18,2000,0.01,20.0,0.03270783671646748,0.01630497654734848,0.6505660119030912,0.1759481142270994,4.73764665160754,1.413783650278438
B_best,combined_80,no_integral,True,60.0,horizon,pre_3_5,False,True,"[0.07820747874156178, -0.01998971255326111]",0.08072173399446919,0.08072401181929931,0.0006064199275538613,0.0811448166840058,-0.03348917534858622,0.03348917534858622,0.033490892475565144,0.0003391360811110443,0.034161089858824045,0.08739568618079636,-3.2558358305679203e-18,-8.181808874884507e-20,200,3.0100000000000002,5.0,0.0027714006723194976,0.0011793905833857846,0.3238557224091684,0.13365294898096294,0.18475033770569355,0.03247471100922482
B_best,combined_80,no_integral,True,60.0,horizon,post_5_20,False,True,"[0.1310767513809216, -0.12349234256771707]",0.1800874049605866,0.18129988833072638,0.0209326559063957,0.18673554689297675,-0.04617085827253158,0.04617085827253158,0.046405662029525334,0.004662329329459112,0.06754389692917007,0.18714468995173866,-1.3227266504323154e-17,-3.3779673936501498e-18,1500,5.01,20.0,0.030068246385199143,0.013299793410979024,0.7310044644940733,0.18672239180010625,4.73764665160754,1.413783650278438
B_best,combined_80,no_integral,True,60.0,horizon,tail_18_20,False,True,"[0.13356639713125337, -0.1304402089786198]",0.18669394891374946,0.18669394891384172,1.855636734487834e-07,0.18669415533797581,-0.04436594386303692,0.04436594386303692,0.0443659438630746,5.7815186416417575e-08,0.04436605764774326,0.1918931148736338,1.0792435188763251e-17,1.0837195801805824e-18,200,18.01,20.0,1.306400644130684e-06,4.0498800135972513e-07,0.7467758607497782,0.17746381133259648,8.617617492600353e-05,1.1373531575113872e-05
B_best,combined_80,no_integral,True,60.0,horizon,full_0_60,False,True,"[0.12745789979688388, -0.11900432370891556]",0.17437759397941255,0.17856691054122836,0.038452519529805954,0.18673554689297675,-0.043847191805587625,0.043847191805587625,0.0440839377448916,0.0045626020930479615,0.06754389692917007,0.1839280704714061,8.890457814381136e-17,2.3784685158900754e-18,6000,0.01,60.0,0.018883878332946604,0.00941368259875967,0.716143393404943,0.17695996720921375,4.73764665160754,1.413783650278438
B_best,combined_80,no_integral,True,60.0,horizon,post_5_60,False,True,"[0.13288739833273014, -0.12854532024979834]",0.18488634344852217,0.18523840502613517,0.011415196137671136,0.18673554689297675,-0.044858184908190074,0.044858184908190074,0.04493140637230586,0.002564083722485989,0.06754389692917007,0.19060980555894755,9.695477927451623e-17,-1.7016891910338894e-18,5500,5.01,60.0,0.015702629548411458,0.006945590585060648,0.7425076893980408,0.18003604667717352,4.73764665160754,1.413783650278438
B_best,combined_80,no_integral,True,60.0,horizon,tail_58_60,False,True,"[0.13356638969588486, -0.13044018663216334]",0.18669392798113865,0.1866939279811387,5.519383768018832e-09,0.18669393484705693,-0.04436593246848785,0.04436593246848785,0.044365932468487884,1.6445897457269232e-09,0.04436593579056869,0.19189309187363945,-2.708021563040848e-18,7.647715202034681e-19,200,58.01,60.0,3.378255265539152e-08,1.0738559439139652e-08,0.7467757129125848,0.17746372896813017,1.9090959104164224e-06,5.896969144403368e-07
B_best,combined_80,no_integral,True,60.0,horizon,full_0_20,True,False,,,,,,,,,,,,,,,,,,,,,,
B_best,combined_80,no_integral,True,60.0,horizon,pre_3_5,True,False,,,,,,,,,,,,,,,,,,,,,,
B_best,combined_80,no_integral,True,60.0,horizon,post_5_20,True,False,,,,,,,,,,,,,,,,,,,,,,
B_best,combined_80,no_integral,True,60.0,horizon,tail_18_20,True,False,,,,,,,,,,,,,,,,,,,,,,
B_best,combined_80,no_integral,True,60.0,horizon,full_0_60,True,False,,,,,,,,,,,,,,,,,,,,,,
B_best,combined_80,no_integral,True,60.0,horizon,post_5_60,True,False,,,,,,,,,,,,,,,,,,,,,,
B_best,combined_80,no_integral,True,60.0,horizon,tail_58_60,True,False,,,,,,,,,,,,,,,,,,,,,,
A_best,combined_70,no_integral,True,60.0,horizon,full_0_20,False,True,"[0.1409021521469028, -0.06715525273447011]",0.1560872975275679,0.16709227600315427,0.05963710464513466,0.205387735633039,-0.017144393107493456,0.017144393107493456,0.019436943576735265,0.009157759583048718,0.06455077742342186,0.16821897477846984,3.8163916471489756e-17,5.692061405548898e-19,2000,0.01,20.0,0.04967631771871369,0.019853444821459638,0.6756236610565427,0.08046399616587535,11.83426628356191,2.598517228313147
A_best,combined_70,no_integral,True,60.0,horizon,pre_3_5,False,True,"[0.0714989821617609, -0.0066453183546295634]",0.07180713548250048,0.07181243996900825,0.0008728276463508892,0.07205987840393803,-0.018854847065816444,0.018854847065816444,0.01885653914556506,0.00025260774513188216,0.019367309195335136,0.07424685584488168,-5.0610218598444445e-20,-9.85999290163209e-20,200,3.0100000000000002,5.0,0.00580913566130602,0.0006285608428704267,0.2875329385158923,0.07506349381422935,0.4184152343444364,0.07552734969727878
A_best,combined_70,no_integral,True,60.0,horizon,post_5_20,False,True,"[0.16683225663112206, -0.08763113445155365]",0.18844685611041337,0.18919474649879303,0.016805788432672473,0.205387735633039,-0.016167448813436344,0.016167448813436344,0.01905122435809713,0.010077834509827464,0.06455077742342186,0.190151521824794,-3.268869550043796e-17,-1.8973538018496328e-19,1500,5.01,20.0,0.052914092327236394,0.020634786703283826,0.7640996244014158,0.07865903738194506,11.83426628356191,2.598517228313147
A_best,combined_70,no_integral,True,60.0,horizon,tail_18_20,False,True,"[0.1687301987823855, -0.08865999721140325]",0.19060554841522676,0.19060557295735814,9.672504020998703e-05,0.19069805986524782,-0.012760536318391842,0.012760536318391842,0.01276055605559158,2.244359368347473e-05,0.01279753327384392,0.1910322387275265,2.046430111641287e-17,2.4470970029766093e-19,200,18.01,20.0,0.0006567640287400657,0.0001620775499645608,0.7624183363936217,0.051028543791892984,0.04484698206453252,0.005106692990984365
A_best,combined_70,no_integral,True,60.0,horizon,full_0_60,False,True,"[0.15945646682529882, -0.08149820725514217]",0.17907630384338888,0.18310882631462644,0.03821674601677039,0.205387735633039,-0.014223337504636717,0.014223337504636717,0.015314191905348325,0.0056763671430792705,0.06455077742342186,0.18374810678761802,-3.5561831257524545e-17,8.334804200982315e-19,6000,0.01,60.0,0.028680745648799178,0.011462406836080321,0.7346515261759136,0.062415344103330335,11.83426628356191,2.598517228313147
A_best,combined_70,no_integral,True,60.0,horizon,post_5_60,False,True,"[0.1682150693826673, -0.08838644358895331]",0.19002229600159767,0.19022731588583236,0.008829424183349047,0.205387735633039,-0.01369134764236144,0.01369134764236144,0.014746223031903134,0.005477051528206898,0.06455077742342186,0.19079801572038133,-6.605501735867936e-17,8.063753657860939e-19,5500,5.01,60.0,0.02763360829881696,0.010776183450996913,0.7629029344588137,0.05985741840868809,11.83426628356191,2.598517228313147
A_best,combined_70,no_integral,True,60.0,horizon,tail_58_60,False,True,"[0.1687337070755878, -0.08866942669544957]",0.19061304030409348,0.19061304030409354,5.898959960488908e-09,0.19061304726515196,-0.012762833246414132,0.012762833246414132,0.012762833246414251,1.7489623262248366e-09,0.01276283595140848,0.19103984151596692,-2.091994080763685e-17,4.001918717758272e-21,200,58.01,60.0,4.143404891677811e-08,1.255649048888326e-08,0.7624521607955063,0.051051330670786765,3.1945284701301985e-06,5.566326896618597e-07
A_best,combined_70,no_integral,True,60.0,horizon,full_0_20,True,False,,,,,,,,,,,,,,,,,,,,,,
A_best,combined_70,no_integral,True,60.0,horizon,pre_3_5,True,False,,,,,,,,,,,,,,,,,,,,,,
A_best,combined_70,no_integral,True,60.0,horizon,post_5_20,True,False,,,,,,,,,,,,,,,,,,,,,,
A_best,combined_70,no_integral,True,60.0,horizon,tail_18_20,True,False,,,,,,,,,,,,,,,,,,,,,,
A_best,combined_70,no_integral,True,60.0,horizon,full_0_60,True,False,,,,,,,,,,,,,,,,,,,,,,
A_best,combined_70,no_integral,True,60.0,horizon,post_5_60,True,False,,,,,,,,,,,,,,,,,,,,,,
A_best,combined_70,no_integral,True,60.0,horizon,tail_58_60,True,False,,,,,,,,,,,,,,,,,,,,,,
B_best,combined_70,no_integral,True,60.0,horizon,full_0_20,False,True,"[0.14649439520372404, -0.15556362881872277]",0.21368352869922902,0.23548543616370307,0.09895827508528686,0.2775421318432247,-0.05095827001511641,0.05095827001511641,0.052755701741214044,0.01365352640435544,0.10324001498628488,0.24132251182062855,-6.418476861114186e-17,-8.212831456577696e-18,2000,0.01,20.0,0.053421659039838684,0.026590381910179272,0.9515937162063071,0.2140536531570286,9.140615360751957,2.2891398854476113
B_best,combined_70,no_integral,True,60.0,horizon,pre_3_5,False,True,"[0.07820747874156178, -0.01998971255326111]",0.08072173399446919,0.08072401181929931,0.0006064199275538613,0.0811448166840058,-0.03348917534858622,0.03348917534858622,0.033490892475565144,0.0003391360811110443,0.034161089858824045,0.08739568618079636,-3.2558358305679203e-18,-8.181808874884507e-20,200,3.0100000000000002,5.0,0.0027714006723194976,0.0011793905833857846,0.3238557224091684,0.13365294898096294,0.18475033770569355,0.03247471100922482
B_best,combined_70,no_integral,True,60.0,horizon,post_5_20,False,True,"[0.17274805497077322, -0.20273371783856264]",0.2663509918225033,0.268716577928531,0.03557735809175877,0.2775421318432247,-0.05703560412783472,0.05703560412783472,0.05779007274671589,0.009307651145356,0.10324001498628488,0.2748604950910388,-1.7824283715661693e-16,-9.242823520438925e-18,1500,5.01,20.0,0.05729625528669346,0.0276612732534289,1.0850929976811736,0.23383802436576012,9.140615360751957,2.2891398854476113
B_best,combined_70,no_integral,True,60.0,horizon,tail_18_20,False,True,"[0.176499222185479, -0.21411743903616876]",0.27748559085380725,0.27748559085382174,8.969349719757423e-08,0.2774857329148164,-0.05365207828269074,0.05365207828269074,0.053652078282708106,4.313251946874779e-08,0.05365216489953639,0.28262483725877385,-2.356208661449964e-17,3.1124583461776814e-18,200,18.01,20.0,6.485929155709409e-07,3.0198132248656065e-07,1.109942440402204,0.21460834895218878,4.2850592258755085e-05,5.84552558517184e-06
B_best,combined_70,no_integral,True,60.0,horizon,full_0_60,False,True,"[0.16649761282115585, -0.19459950296139464]",0.2561062701847914,0.2642283717856272,0.06500931339829864,0.2775421318432247,-0.05275413186226848,0.05275413186226848,0.0533549490005702,0.00798449461843668,0.10324001498628488,0.2695614643070056,5.0306980803327406e-17,-7.752045533271357e-18,6000,0.01,60.0,0.030843009227219637,0.015351964153702671,1.0597916010358666,0.21442354472305003,9.140615360751957,2.2891398854476113
B_best,combined_70,no_integral,True,60.0,horizon,post_5_60,False,True,"[0.17547617617739025, -0.21101278852523042]",0.27444177037585243,0.27512176224319723,0.019331288957809143,0.2775421318432247,-0.054574846788205504,0.054574846788205504,0.0548116015038802,0.005088983932384372,0.10324001498628488,0.28052860053695505,-8.852510738344144e-17,-8.260265301623937e-18,5500,5.01,60.0,0.02992199344605448,0.014445628826127451,1.1032207761191697,0.22001947797608154,9.140615360751957,2.2891398854476113
B_best,combined_70,no_integral,True,60.0,horizon,tail_58_60,False,True,"[0.1764992209608559, -0.21411744013892012]",0.2774855909257868,0.2774855909257867,2.1300958565921744e-09,0.2774855921452441,-0.05365206209346394,0.05365206209346394,0.053652062093463966,1.105107573159602e-09,0.05365206432589531,0.2826248342561459,-7.392624739734343e-17,1.814503334704707e-18,200,58.01,60.0,1.4524855662000767e-08,9.537906772497045e-09,1.1099423653694795,0.21460824860912053,1.2074182697257333e-06,3.670467955735895e-07
B_best,combined_70,no_integral,True,60.0,horizon,full_0_20,True,False,,,,,,,,,,,,,,,,,,,,,,
B_best,combined_70,no_integral,True,60.0,horizon,pre_3_5,True,False,,,,,,,,,,,,,,,,,,,,,,
B_best,combined_70,no_integral,True,60.0,horizon,post_5_20,True,False,,,,,,,,,,,,,,,,,,,,,,
B_best,combined_70,no_integral,True,60.0,horizon,tail_18_20,True,False,,,,,,,,,,,,,,,,,,,,,,
B_best,combined_70,no_integral,True,60.0,horizon,full_0_60,True,False,,,,,,,,,,,,,,,,,,,,,,
B_best,combined_70,no_integral,True,60.0,horizon,post_5_60,True,False,,,,,,,,,,,,,,,,,,,,,,
B_best,combined_70,no_integral,True,60.0,horizon,tail_58_60,True,False,,,,,,,,,,,,,,,,,,,,,,
A_best,nominal,integral_005,True,60.0,horizon,full_0_20,False,True,"[-0.0009114633025844707, -0.0008251505667834069]",0.0012294872141755554,0.0012828034551226528,0.00036598619462138574,0.0020229244863078926,0.0008382313008838307,0.0008382313008838307,0.0008714149631378936,0.0002381854827633638,0.0012416065431783974,0.001550789715743315,4.896909226313924e-21,5.823351512373315e-22,2000,0.01,20.0,0.000669145298719692,0.0002731168354625442,0.005185491438371681,0.003503736528918982,0.11559797292270006,0.02533361254204939
A_best,nominal,integral_005,True,60.0,horizon,pre_3_5,False,True,"[-0.001256231900686462, -0.0011181455283879695]",0.001681775255780728,0.0016837178363809954,8.085630211164401e-05,0.0018316203865054858,0.0011526417193521276,0.0011526417193521276,0.0011530826008125414,3.188339858901677e-05,0.0011943664160196654,0.0020407119436226455,-1.5807421505888359e-21,-4.148310771953434e-22,200,3.0100000000000002,5.0,0.0004567447407195252,7.072848417160808e-05,0.006693716826472205,0.004560732417997982,0.03782728763919958,0.0058022289437904525
A_best,nominal,integral_005,True,60.0,horizon,post_5_20,False,True,"[-0.0008301874072962807, -0.0007429516769594819]",0.0011140863187070501,0.0011415328286233355,0.0002488149378444965,0.001613545598402434,0.000763625444034263,0.000763625444034263,0.0007822866780290278,0.00016984883822141904,0.0010898590176759981,0.0013838604140036974,5.730707283767376e-21,6.716706573930585e-22,1500,5.01,20.0,0.00010094190483377207,4.0775220652834934e-05,0.004513228929227763,0.0030894144773301545,0.016300411834220936,0.0025624174616664525
A_best,nominal,integral_005,True,60.0,horizon,tail_18_20,False,True,"[-0.0005773953163609964, -0.0005189620473028416]",0.0007763420366670684,0.0007766889988890699,2.3212994182853966e-05,0.0008173610775043808,0.0005327437526973078,0.0005327437526973078,0.0005329804289497086,1.5881801075605646e-05,0.0005606207662112173,0.0009419734277774087,4.632211430296955e-22,5.562789619419111e-23,200,18.01,20.0,4.036311837104469e-05,2.7538463019242884e-05,0.003066409755921997,0.002104383523482915,8.614233389782801e-05,9.856369664485087e-06
A_best,nominal,integral_005,True,60.0,horizon,full_0_60,False,True,"[-0.00045734999315427335, -0.0004142205034839514]",0.0006170475198432549,0.0007965448333690339,0.0005037221752337195,0.0020229244863078926,0.00042192826007850096,0.00042192826007850096,0.0005419632749715647,0.00034014810710193965,0.0012416065431783974,0.0009634354482708252,-1.0587911840678754e-22,1.0587911840678754e-22,6000,0.01,60.0,0.0003866298565571211,0.00015802717831209129,0.00320982730338997,0.0021737141162225864,0.11559797292270006,0.02533361254204939
A_best,nominal,integral_005,True,60.0,horizon,post_5_60,False,True,"[-0.00039390081176383864, -0.00035444534595929403]",0.0005298956055492579,0.0006701937872652775,0.0004103295744990366,0.001613545598402434,0.0003637354772281329,0.0003637354772281329,0.00045956021318385124,0.00028087736140032483,0.0010898590176759981,0.0008126224843250173,1.0058516248644817e-21,5.426304818347862e-22,5500,5.01,60.0,5.505190363838283e-05,2.390835082130836e-05,0.0026489503252867374,0.0018148168825900012,0.016300411834220936,0.0025624174616664525
A_best,nominal,integral_005,True,60.0,horizon,tail_58_60,False,True,"[-7.194839109100664e-05, -6.620038627246239e-05]",9.777045629027037e-05,9.781412140510119e-05,2.9223660010687697e-06,0.00010289796136010875,6.749681158936371e-05,6.749681158936371e-05,6.752685339039567e-05,2.0140392443862e-06,7.102834835737148e-05,0.0001188590689642985,2.929059473747342e-24,5.654554968624213e-26,200,58.01,60.0,5.069906956850203e-06,3.490852121501767e-06,0.0003861867504742961,0.0002666165663880008,3.4150945850063763e-06,6.433823104008801e-07
A_best,nominal,integral_005,True,60.0,horizon,full_0_20,True,False,,,,,,,,,,,,,,,,,,,,,,
A_best,nominal,integral_005,True,60.0,horizon,pre_3_5,True,False,,,,,,,,,,,,,,,,,,,,,,
A_best,nominal,integral_005,True,60.0,horizon,post_5_20,True,False,,,,,,,,,,,,,,,,,,,,,,
A_best,nominal,integral_005,True,60.0,horizon,tail_18_20,True,False,,,,,,,,,,,,,,,,,,,,,,
A_best,nominal,integral_005,True,60.0,horizon,full_0_60,True,False,,,,,,,,,,,,,,,,,,,,,,
A_best,nominal,integral_005,True,60.0,horizon,post_5_60,True,False,,,,,,,,,,,,,,,,,,,,,,
A_best,nominal,integral_005,True,60.0,horizon,tail_58_60,True,False,,,,,,,,,,,,,,,,,,,,,,
B_best,nominal,integral_005,True,60.0,horizon,full_0_20,False,True,"[0.0010005566309037258, -0.0003814906276098043]",0.0010708168240177855,0.0011470692551159801,0.0004112410551401684,0.0024073530185225425,0.001139903145109608,0.001139903145109608,0.001198157282765268,0.0003690551368192493,0.0021263596515066485,0.0016587190088365722,-6.564505341220828e-21,2.6469779601696886e-23,2000,0.01,20.0,0.0008816592313590652,0.0007072446973329339,0.004680546329041961,0.004853616771013265,0.17859873994009295,0.05286754354032765
B_best,nominal,integral_005,True,60.0,horizon,pre_3_5,False,True,"[0.0013073851277212991, -0.0005522074776101113]",0.0014192212549547583,0.0014211956464403352,7.488721483405811e-05,0.0015398000014500242,0.0015199651655962577,0.0015199651655962577,0.0015212662028754285,6.29027454485577e-05,0.0016660649162292263,0.0020818376318704557,5.69100261436483e-22,-3.465886766597186e-22,200,3.0100000000000002,5.0,0.0001819191628143006,0.0001533775766932384,0.005590566789396044,0.005959033956619232,0.017536385958926776,0.00502267586298994
B_best,nominal,integral_005,True,60.0,horizon,post_5_20,False,True,"[0.0008422807780482237, -0.00033464499739111993]",0.0009063245463675932,0.0009288960730546026,0.0002035282073518109,0.001316337549639789,0.0009811004376708626,0.0009811004376708626,0.0010054097274925166,0.0002197513397879887,0.0014174985666299822,0.001368830389300602,-3.765326148341382e-21,2.183756817139993e-21,1500,5.01,20.0,5.0138878354149695e-05,5.2938698104272524e-05,0.0036662646408326966,0.003968907762925943,0.0029399557596201313,0.0011790831265361033
B_best,nominal,integral_005,True,60.0,horizon,tail_18_20,False,True,"[0.0005877739361183255, -0.0002290048886342318]",0.0006308101449710573,0.0006310928010114338,1.888609250350831e-05,0.0006639132389755908,0.0006832422261063642,0.0006832422261063642,0.000683547599212023,2.0429900972356136e-05,0.0007190559646321759,0.0009303308249633448,-1.8792509541439097e-22,8.318335034986385e-23,200,18.01,20.0,3.2732162673382744e-05,3.540586809692572e-05,0.0024916426844009084,0.00269878453022958,1.0833173112455685e-05,6.79276727920077e-07
B_best,nominal,integral_005,True,60.0,horizon,full_0_60,False,True,"[0.0004909719686840336, -0.00018647839005621122]",0.0005251929778580746,0.0007037646607373299,0.00046846241440621535,0.0024073530185225425,0.0005623506260274094,0.0005623506260274094,0.0007383149471513896,0.00047840436305884805,0.0021263596515066485,0.0010199968916079541,-3.5734202462290796e-21,-2.117582368135751e-21,6000,0.01,60.0,0.0005091759143278112,0.0004085466038856218,0.002861165344505741,0.0029816827814445083,0.17859873994009295,0.05286754354032765
B_best,nominal,integral_005,True,60.0,horizon,post_5_60,False,True,"[0.00040147994861256117, -0.00015597392385533317]",0.0004307133780842824,0.0005451345631970353,0.0003341521778041392,0.001316337549639789,0.0004665360222639159,0.0004665360222639159,0.0005901871966266195,0.00036147623295612396,0.0014174985666299822,0.0008034255529008338,-5.823351512373315e-22,1.0058516248644817e-21,5500,5.01,60.0,2.918757703350832e-05,3.097095443742369e-05,0.0021517358540117295,0.002329874947138666,0.0029399557596201313,0.0011790831265361033
B_best,nominal,integral_005,True,60.0,horizon,tail_58_60,False,True,"[7.47500631348737e-05, -2.6506181745990575e-05]",7.931046342960738e-05,7.934592441817929e-05,2.371942738840577e-06,8.347105282662459e-05,8.607380891383021e-05,8.607380891383021e-05,8.611228680225129e-05,2.5739769576722155e-06,9.058339856382602e-05,0.00011709441344525622,-7.081118407851407e-24,-9.09575556381552e-25,200,58.01,60.0,4.112412044957779e-06,4.460236135484436e-06,0.00031327182027825185,0.00033998891531275246,1.9090959104164224e-06,4.6746554631197084e-07
B_best,nominal,integral_005,True,60.0,horizon,full_0_20,True,False,,,,,,,,,,,,,,,,,,,,,,
B_best,nominal,integral_005,True,60.0,horizon,pre_3_5,True,False,,,,,,,,,,,,,,,,,,,,,,
B_best,nominal,integral_005,True,60.0,horizon,post_5_20,True,False,,,,,,,,,,,,,,,,,,,,,,
B_best,nominal,integral_005,True,60.0,horizon,tail_18_20,True,False,,,,,,,,,,,,,,,,,,,,,,
B_best,nominal,integral_005,True,60.0,horizon,full_0_60,True,False,,,,,,,,,,,,,,,,,,,,,,
B_best,nominal,integral_005,True,60.0,horizon,post_5_60,True,False,,,,,,,,,,,,,,,,,,,,,,
B_best,nominal,integral_005,True,60.0,horizon,tail_58_60,True,False,,,,,,,,,,,,,,,,,,,,,,
A_best,centered_payload,integral_005,True,60.0,horizon,full_0_20,False,True,"[0.0047489673557897395, -0.0034972242267827833]",0.0058977341614176735,0.006151207220084238,0.0017475932094350513,0.008783851109098254,-0.013076160395883989,0.013076160395883989,0.013602397457547872,0.0037468981697158002,0.019892905450765497,0.01492858221190215,-6.606856988583543e-20,2.524158182817815e-19,2000,0.01,20.0,0.0020470427142597787,0.005168048436728684,0.02474252295452542,0.05476612601650436,0.368168973778536,0.0971250598391375
A_best,centered_payload,integral_005,True,60.0,horizon,pre_3_5,False,True,"[0.006700672653643536, -0.004831720513256388]",0.00826102518634999,0.008265196759458278,0.00026256493111363147,0.00858481313802502,-0.017646037389748005,0.017646037389748005,0.017655057813156984,0.000564296753075088,0.018668544438369072,0.019493961728147387,2.0871421215937994e-20,-2.1779334656276197e-19,200,3.0100000000000002,5.0,0.0008723919872092596,0.000984291649395099,0.032698988150768694,0.0696423727154358,0.06363018858534099,0.008441567395794077
A_best,centered_payload,integral_005,True,60.0,horizon,post_5_20,False,True,"[0.004409071766456026, -0.0031921645155334293]",0.005443328773461184,0.005579745673025819,0.001226268176077303,0.007835315807938456,-0.011656040351306851,0.011656040351306851,0.011936601827761172,0.002572777977832033,0.0167176892317914,0.013176343383889238,-4.277516383634217e-20,3.1170812458958252e-19,1500,5.01,20.0,0.00032520262747141236,0.0006135241072174452,0.022029310834036288,0.04713308378163886,0.027526906786783805,0.0038043818181126093
A_best,centered_payload,integral_005,True,60.0,horizon,tail_18_20,False,True,"[0.0030584082199584667, -0.0022201330938534758]",0.0037792660391050698,0.003780986856781632,0.00011406058400046011,0.003979355239974637,-0.008157128720917813,0.008157128720917813,0.00816069284392142,0.0002411611975589401,0.008579747083889533,0.008994040766195454,-5.618210720460164e-21,-5.878276305046836e-20,200,18.01,20.0,0.0001977361458625571,0.00041792580982810077,0.014926220929115027,0.0322248456072792,0.00014775711701475397,1.6823762101410673e-05
A_best,centered_payload,integral_005,True,60.0,horizon,full_0_60,False,True,"[0.0023920743119916895, -0.0017561183208088785]",0.0029674856479469467,0.0038248688193067396,0.0024132240704364443,0.008783851109098254,-0.006554600097091471,0.006554600097091471,0.008442561186487188,0.005321095465671338,0.019892905450765497,0.009268573831635853,-1.7787691892340307e-20,3.6930636500287495e-19,6000,0.01,60.0,0.001184192043925897,0.0029879920814056037,0.015346026626610212,0.03390420857980696,0.368168973778536,0.0971250598391375
A_best,centered_payload,integral_005,True,60.0,horizon,post_5_60,False,True,"[0.0020851125109190355, -0.0015146378626523275]",0.002577173265066029,0.0032697892910726104,0.0020123866352771314,0.007835315807938456,-0.005574425512316576,0.005574425512316576,0.007023781653406806,0.004273088920484552,0.0167176892317914,0.0077475822501440516,1.3552527156068805e-20,2.879912020664621e-19,5500,5.01,60.0,0.00018670937881090245,0.0003607438092994672,0.012909151924621156,0.027734476145887928,0.027526906786783805,0.0038043818181126093
A_best,centered_payload,integral_005,True,60.0,horizon,tail_58_60,False,True,"[0.0003756743389029763, -0.00027668656024785966]",0.0004665690319041554,0.0004667817691016933,1.4091076386345584e-05,0.000491274448802086,-0.0010513723169885837,0.0010513723169885837,0.001051831978295682,3.109279073137746e-05,0.0011058696890965392,0.0011507544179933068,-9.210139132895118e-23,-2.655249766295219e-22,200,58.01,60.0,2.4421026762031263e-05,5.3886641878005566e-05,0.0018427061942084364,0.004153441271605442,8.18910913293408e-06,6.904019161089279e-07
A_best,centered_payload,integral_005,True,60.0,horizon,full_0_20,True,False,,,,,,,,,,,,,,,,,,,,,,
A_best,centered_payload,integral_005,True,60.0,horizon,pre_3_5,True,False,,,,,,,,,,,,,,,,,,,,,,
A_best,centered_payload,integral_005,True,60.0,horizon,post_5_20,True,False,,,,,,,,,,,,,,,,,,,,,,
A_best,centered_payload,integral_005,True,60.0,horizon,tail_18_20,True,False,,,,,,,,,,,,,,,,,,,,,,
A_best,centered_payload,integral_005,True,60.0,horizon,full_0_60,True,False,,,,,,,,,,,,,,,,,,,,,,
A_best,centered_payload,integral_005,True,60.0,horizon,post_5_60,True,False,,,,,,,,,,,,,,,,,,,,,,
A_best,centered_payload,integral_005,True,60.0,horizon,tail_58_60,True,False,,,,,,,,,,,,,,,,,,,,,,
B_best,centered_payload,integral_005,True,60.0,horizon,full_0_20,False,True,"[0.0037168706202449697, -0.0004366785088881136]",0.0037424344119523284,0.003903619531993248,0.0011101486940019328,0.005468739661807522,-0.012983196910148145,0.012983196910148145,0.013488376735645003,0.0036568982697101887,0.019357973279179208,0.014041885643076877,1.9269999550035333e-20,-3.6422416731934915e-19,2000,0.01,20.0,0.0011613072028032131,0.0050010251775578635,0.015691103772018388,0.05429676656549679,0.18226788058362178,0.05078068024095548
B_best,centered_payload,integral_005,True,60.0,horizon,pre_3_5,False,True,"[0.005238521994984404, -0.0006513591114298382]",0.00527886175079231,0.0052804064972437,0.00012771606067936328,0.005429341599151422,-0.017588771104994187,0.017588771104994187,0.01759701002416893,0.0005384169451484843,0.018504487008719872,0.018372192426785523,-3.189608442004475e-20,3.9667611711102953e-19,200,3.0100000000000002,5.0,0.0002548178236432686,0.0009184741134064372,0.02095317374210427,0.0694725582808406,0.011833037259830256,0.003939537820197218
B_best,centered_payload,integral_005,True,60.0,horizon,post_5_20,False,True,"[0.0034567319742137364, -0.000477180975301564]",0.0034895125196424425,0.003580052696470672,0.0008000498014283112,0.005058577517706362,-0.011629141158976954,0.011629141158976954,0.011909179056979613,0.0025674153765586584,0.01667305280178777,0.012435647273894058,1.0164395367051604e-19,1.1604351377383915e-19,1500,5.01,20.0,0.00019040985704760587,0.0006113362769225215,0.014130240700923547,0.047025396930256945,0.002944630650109587,0.0010445161310010155
B_best,centered_payload,integral_005,True,60.0,horizon,tail_18_20,False,True,"[0.0023847823469995704, -0.00031425662427707953]",0.0024053989416441515,0.002406535985755513,7.396879256452281e-05,0.0025351104633720228,-0.00813829703509845,0.00813829703509845,0.008141851786141836,0.00024056574155246948,0.008559928794418137,0.008490062777049253,1.108422020821057e-22,9.49934215455897e-20,200,18.01,20.0,0.00012820030156246895,0.0004169173318297692,0.009497962696030487,0.03215048981279155,4.268014372217372e-05,2.5883879431843746e-06
B_best,centered_payload,integral_005,True,60.0,horizon,full_0_60,False,True,"[0.0018629952305073043, -0.0002193395565023372]",0.0018758627534922715,0.002425023203858323,0.001536839766960656,0.005468739661807522,-0.006518795452124894,0.006518795452124894,0.008378807987071532,0.00526400314756459,0.019357973279179208,0.008722680827788267,-2.964615315390051e-21,-3.8624702394796095e-19,6000,0.01,60.0,0.0006721759027040213,0.0028916811347483797,0.009723790913423888,0.0336417246906323,0.18226788058362178,0.05078068024095548
B_best,centered_payload,integral_005,True,60.0,horizon,post_5_60,False,True,"[0.001623514200704442, -0.00021062759712548061]",0.0016371201374852844,0.0020903718807318704,0.0012998046988661912,0.005058577517706362,-0.005561834660166975,0.005561834660166975,0.0070077456431723575,0.0042631554290650095,0.01667305280178777,0.00731287587746132,3.070494433796839e-20,1.3552527156068805e-20,5500,5.01,60.0,0.00011122270613657283,0.00035954797946233805,0.008250473667928129,0.027671442636434018,0.002944630650109587,0.0010445161310010155
B_best,centered_payload,integral_005,True,60.0,horizon,tail_58_60,False,True,"[0.000284076379533194, -2.6634514997557253e-05]",0.0002853222507934535,0.00028545749193065444,8.785949094849115e-06,0.00030072909992398674,-0.0010492882027727279,0.0010492882027727279,0.0010497467849039156,3.102547240713606e-05,0.0011036663690587867,0.0010878668540384192,-3.189815237157613e-23,4.487454823100175e-22,200,58.01,60.0,1.5226787140633264e-05,5.377037328183532e-05,0.001126605713569207,0.004145216767172177,5.663293681020318e-06,5.636312975116791e-07
B_best,centered_payload,integral_005,True,60.0,horizon,full_0_20,True,False,,,,,,,,,,,,,,,,,,,,,,
B_best,centered_payload,integral_005,True,60.0,horizon,pre_3_5,True,False,,,,,,,,,,,,,,,,,,,,,,
B_best,centered_payload,integral_005,True,60.0,horizon,post_5_20,True,False,,,,,,,,,,,,,,,,,,,,,,
B_best,centered_payload,integral_005,True,60.0,horizon,tail_18_20,True,False,,,,,,,,,,,,,,,,,,,,,,
B_best,centered_payload,integral_005,True,60.0,horizon,full_0_60,True,False,,,,,,,,,,,,,,,,,,,,,,
B_best,centered_payload,integral_005,True,60.0,horizon,post_5_60,True,False,,,,,,,,,,,,,,,,,,,,,,
B_best,centered_payload,integral_005,True,60.0,horizon,tail_58_60,True,False,,,,,,,,,,,,,,,,,,,,,,
A_best,offset_payload,integral_005,True,60.0,horizon,full_0_20,False,True,"[0.04531634457227015, -0.00413840171749224]",0.045504916813109995,0.04735927653711163,0.013122637690287405,0.06807261420052725,-0.011809526263139731,0.011809526263139731,0.012664180551003558,0.00457346241578847,0.027525097898036366,0.0490232857236949,-4.87890977618477e-19,6.776263578034403e-21,2000,0.01,20.0,0.019234857806409326,0.00871344848101498,0.19080942396952733,0.05149265462592807,4.910849486832621,1.419790448937617
A_best,offset_payload,integral_005,True,60.0,horizon,pre_3_5,False,True,"[0.06209718071170301, -0.005794408257807565]",0.062366938512324374,0.06239995206503199,0.002029531551428255,0.06507903730151117,-0.01493228263998112,0.01493228263998112,0.014948774255292833,0.0007019878171480243,0.016265730091321706,0.06416556607288676,-1.7669107279724705e-18,2.837560373301906e-20,200,3.0100000000000002,5.0,0.006528376065617155,0.0012921754155744807,0.24670700578778013,0.05861647028884601,0.42190556110135685,0.07518915054346953
A_best,offset_payload,integral_005,True,60.0,horizon,post_5_20,False,True,"[0.04105936223988082, -0.003753092535838911]",0.041230533966082956,0.042242550837099685,0.009191091888161472,0.05911444649169418,-0.009833052182009158,0.009833052182009158,0.010050960344097143,0.0020815591811183614,0.013926932760199628,0.0434218252157088,3.604972223514302e-18,1.4145450219146816e-19,1500,5.01,20.0,0.002391519850082154,0.0004994012330698287,0.1668019265529429,0.03970728491748801,0.16147320749782076,0.029000932757838577
A_best,offset_payload,integral_005,True,60.0,horizon,tail_18_20,False,True,"[0.02862372880883218, -0.002622282680194912]",0.0287435943712059,0.02875640516060999,0.0008582659172632775,0.03024853462685243,-0.006992480010750966,0.006992480010750966,0.00699528179955401,0.00019796654873933158,0.00733919351148149,0.02959501318155355,1.6095743580199842e-18,-4.268251960773623e-21,200,18.01,20.0,0.0014878469657817165,0.000343124295785722,0.11353780402457693,0.027638003351057688,0.0008905141534364707,8.519291314340762e-05
A_best,offset_payload,integral_005,True,60.0,horizon,full_0_60,False,True,"[0.02275288230629916, -0.0020818225164984513]",0.02284792415591625,0.0294214525866815,0.018536295047173114,0.06807261420052725,-0.005877905830854643,0.005877905830854643,0.007799239191204349,0.005126241801283187,0.027525097898036366,0.03043764124027953,-8.456776945386935e-18,-2.337810934421869e-19,6000,0.01,60.0,0.011119459543464176,0.00503247814832497,0.11821748019710306,0.031604369268791024,4.910849486832621,1.419790448937617
A_best,offset_payload,integral_005,True,60.0,horizon,post_5_60,False,True,"[0.0195406632823774, -0.0017897764486844753]",0.01962245706458592,0.024806812618026444,0.015176861698465789,0.05911444649169418,-0.004799629223974922,0.004799629223974922,0.00596563735024934,0.0035429349848756383,0.013926932760199628,0.02551405066351805,1.8973538018496328e-19,1.2366681029912785e-19,5500,5.01,60.0,0.0013799752538527655,0.0002956507168304136,0.09795183161906125,0.02356820930327449,0.16147320749782076,0.029000932757838577
A_best,offset_payload,integral_005,True,60.0,horizon,tail_58_60,False,True,"[0.003613944246887598, -0.00033329259445795525]",0.003629280503506512,0.0036308990240966265,0.0001084008766263414,0.003819304643976101,-0.0009780455391112707,0.0009780455391112707,0.000978441487302062,2.7832849268717116e-05,0.0010267949686453282,0.0037604222458734217,-5.6347543327112245e-21,-1.468245587281624e-23,200,58.01,60.0,0.00018786828444155662,4.8234020374629825e-05,0.014335727819011759,0.003865531929486888,5.985556108542602e-05,1.035913178198872e-06
A_best,offset_payload,integral_005,True,60.0,horizon,full_0_20,True,False,,,,,,,,,,,,,,,,,,,,,,
A_best,offset_payload,integral_005,True,60.0,horizon,pre_3_5,True,False,,,,,,,,,,,,,,,,,,,,,,
A_best,offset_payload,integral_005,True,60.0,horizon,post_5_20,True,False,,,,,,,,,,,,,,,,,,,,,,
A_best,offset_payload,integral_005,True,60.0,horizon,tail_18_20,True,False,,,,,,,,,,,,,,,,,,,,,,
A_best,offset_payload,integral_005,True,60.0,horizon,full_0_60,True,False,,,,,,,,,,,,,,,,,,,,,,
A_best,offset_payload,integral_005,True,60.0,horizon,post_5_60,True,False,,,,,,,,,,,,,,,,,,,,,,
A_best,offset_payload,integral_005,True,60.0,horizon,tail_58_60,True,False,,,,,,,,,,,,,,,,,,,,,,
B_best,offset_payload,integral_005,True,60.0,horizon,full_0_20,False,True,"[0.049661727606778124, -0.013218621701244665]",0.0513908469337726,0.05349735849323507,0.014864327000684355,0.07583966147411512,-0.02093954724892112,0.02093954724892112,0.021999341453414843,0.0067458420819150565,0.03687190258966144,0.05784408690728593,-7.887570804832045e-18,5.759824041329242e-19,2000,0.01,20.0,0.019833214133465817,0.011590780951126632,0.2153621776174927,0.08892953996483922,4.408766558504049,1.3609649162596271
B_best,offset_payload,integral_005,True,60.0,horizon,pre_3_5,False,True,"[0.06862344192154787, -0.019072999193857604]",0.07122468728895162,0.0712505138026432,0.0019182381843000978,0.07389111321680397,-0.027695367303776725,0.027695367303776725,0.027720271998849955,0.0011747806600045858,0.029593703495367163,0.07645292144078521,-3.1971258594113566e-18,-7.299306422963933e-19,200,3.0100000000000002,5.0,0.003720195808232275,0.0021443627992240597,0.28242555995381885,0.10906789299573337,0.18426534370593495,0.03225304677737473
B_best,offset_payload,integral_005,True,60.0,horizon,post_5_20,False,True,"[0.04531403496497604, -0.013045235184877125]",0.047154426365250454,0.04833614599450726,0.010622762529892839,0.06799545322286599,-0.018115168889489743,0.018115168889489743,0.018535804440835028,0.003926410876887683,0.025941476316281298,0.05176832096824466,-2.791820594150174e-18,5.353248226647178e-19,1500,5.01,20.0,0.0025276484647590892,0.0009478545447763292,0.19081996134596216,0.0731978004152824,0.029901249296319404,0.002973794017051815
B_best,offset_payload,integral_005,True,60.0,horizon,tail_18_20,False,True,"[0.031504465095046286, -0.008894065680090338]",0.0327358477093041,0.032750766445799204,0.000988421742241487,0.03446868238715198,-0.012775283027754216,0.012775283027754216,0.012780629760548017,0.0003696493432712369,0.01342291660284256,0.035156182953550184,8.567738261477248e-19,-1.0934665953460983e-19,200,18.01,20.0,0.0017130436699182169,0.0006406122978861669,0.12929019772337264,0.05048190674465013,0.0005506277425575541,4.078225520103475e-06
B_best,offset_payload,integral_005,True,60.0,horizon,full_0_60,False,True,"[0.024927454325163557, -0.006672844464807579]",0.02580513190015948,0.03324629591458701,0.02096214110380098,0.07583966147411512,-0.010472758319609093,0.010472758319609093,0.013615852199457063,0.008701308194548537,0.03687190258966144,0.03592641957052978,-5.800481622797449e-18,7.453889935837843e-19,6000,0.01,60.0,0.011468773120823875,0.0066964631109458946,0.1334864204172134,0.054878424435847804,4.408766558504049,1.3609649162596271
B_best,offset_payload,integral_005,True,60.0,horizon,post_5_60,False,True,"[0.021493149669979724, -0.006030486575213053]",0.022323132644635122,0.028324537820630408,0.01743436811824133,0.06799545322286599,-0.00875094704619034,0.00875094704619034,0.010952547294747145,0.0065862901574744535,0.025941476316281298,0.030368367341626967,-1.6263032587282567e-18,7.047314121155779e-19,5500,5.01,60.0,0.0014812332574198,0.0005577463451874255,0.1118183575679943,0.04325358552263984,0.029901249296319404,0.002973794017051815
B_best,offset_payload,integral_005,True,60.0,horizon,tail_58_60,False,True,"[0.003921194218527585, -0.0009819325614593268]",0.00404227110108516,0.004044112486740521,0.00012202520535673545,0.00425619819514068,-0.0017160616718309319,0.0017160616718309319,0.0017167835949068841,4.9782027020099e-05,0.0018032851928607707,0.004393425965821207,1.2166172449429931e-20,1.7697529205572027e-21,200,58.01,60.0,0.000211483569634233,8.627358760150895e-05,0.015964988067185798,0.006780860792507156,6.759385862535163e-05,6.555349596310427e-07
B_best,offset_payload,integral_005,True,60.0,horizon,full_0_20,True,False,,,,,,,,,,,,,,,,,,,,,,
B_best,offset_payload,integral_005,True,60.0,horizon,pre_3_5,True,False,,,,,,,,,,,,,,,,,,,,,,
B_best,offset_payload,integral_005,True,60.0,horizon,post_5_20,True,False,,,,,,,,,,,,,,,,,,,,,,
B_best,offset_payload,integral_005,True,60.0,horizon,tail_18_20,True,False,,,,,,,,,,,,,,,,,,,,,,
B_best,offset_payload,integral_005,True,60.0,horizon,full_0_60,True,False,,,,,,,,,,,,,,,,,,,,,,
B_best,offset_payload,integral_005,True,60.0,horizon,post_5_60,True,False,,,,,,,,,,,,,,,,,,,,,,
B_best,offset_payload,integral_005,True,60.0,horizon,tail_58_60,True,False,,,,,,,,,,,,,,,,,,,,,,
A_best,motor_80,integral_005,True,60.0,horizon,full_0_20,False,True,"[0.021671351360721583, -0.021405950938476446]",0.03046083067449589,0.03615022734908199,0.019467324726577206,0.05583445388741216,0.0024773075699052703,0.0024773075699052703,0.0039846479738609,0.0031209560521871763,0.012323270987987578,0.036369167668038674,1.7889335846010823e-18,5.590417451878382e-20,2000,0.01,20.0,0.01606923027937657,0.005246418108312813,0.14605392952948737,0.016836938098486798,4.384434895319973,1.3188966111512914
A_best,motor_80,integral_005,True,60.0,horizon,pre_3_5,False,True,"[-0.001256231900686462, -0.0011181455283879695]",0.001681775255780728,0.0016837178363809954,8.085630211164401e-05,0.0018316203865054858,0.0011526417193521276,0.0011526417193521276,0.0011530826008125414,3.188339858901677e-05,0.0011943664160196654,0.0020407119436226455,-1.5807421505888359e-21,-4.148310771953434e-22,200,3.0100000000000002,5.0,0.0004567447407195252,7.072848417160808e-05,0.006693716826472205,0.004560732417997982,0.03782728763919958,0.0058022289437904525
A_best,motor_80,integral_005,True,60.0,horizon,post_5_20,False,True,"[0.029280232143778458, -0.028184018839216885]",0.0406407543276806,0.04173201290112839,0.00948103309017827,0.05583445388741216,0.002949060469396186,0.002949060469396186,0.004557343491198855,0.003474539112546771,0.012323270987987578,0.04198011768059636,1.463672932855431e-18,1.3552527156068805e-20,1500,5.01,20.0,0.01853932930437157,0.0060499649723927025,0.1686026410867586,0.019265329004120254,4.384434895319973,1.3188966111512914
A_best,motor_80,integral_005,True,60.0,horizon,tail_18_20,False,True,"[0.021749323084797635, -0.02063144075098056]",0.02997814874384562,0.02999140749462816,0.0008916958005426842,0.03154906670820008,0.00309543626763645,0.00309543626763645,0.003097290206501002,0.00010714913106481853,0.00328416522156183,0.030150915908677224,5.124549330888517e-20,-2.632088709143734e-21,200,18.01,20.0,0.0015491705778997679,0.0001863438427365266,0.11841734538026705,0.012202864739218037,0.0038079603453909433,0.00044719418118669465
A_best,motor_80,integral_005,True,60.0,horizon,full_0_60,False,True,"[0.013053313028697043, -0.012663222528227585]",0.018186428616541583,0.02375901182636894,0.015288703579472571,0.05583445388741216,0.0015518685359149145,0.0015518685359149145,0.0025391112424770373,0.002009674090222239,0.012323270987987578,0.02389430327226999,-9.215718466126788e-19,-8.470329472543003e-22,6000,0.01,60.0,0.00929600525398688,0.0030297258217870217,0.09549781503015652,0.010602381844916405,4.384434895319973,1.3188966111512914
A_best,motor_80,integral_005,True,60.0,horizon,post_5_60,False,True,"[0.014345004302983041, -0.01371699300931599]",0.01984779699790951,0.024810581812028668,0.014887240314482133,0.05583445388741216,0.0015963975963224034,0.0015963975963224034,0.0026313406884915323,0.0020917620642336796,0.012323270987987578,0.02494972792778067,-8.131516293641283e-20,-8.470329472543003e-22,5500,5.01,60.0,0.009701115729023975,0.003160228405080328,0.09972304490058316,0.01098947751345822,4.384434895319973,1.3188966111512914
A_best,motor_80,integral_005,True,60.0,horizon,tail_58_60,False,True,"[0.002770204929852725, -0.0026254855516206436]",0.0038167014207492176,0.0038183899347696048,0.00011354276199176961,0.00401572520337744,0.0002594753161273677,0.0002594753161273677,0.00025965492708704304,9.656162860071609e-06,0.0002764603863494308,0.0038272081698165314,1.0422475718168149e-20,-1.2511106764864544e-23,200,58.01,60.0,0.00019677976939427782,1.6739786335357563e-05,0.015076779974008891,0.0010218799421032394,6.315617064383367e-05,2.888739974101945e-06
A_best,motor_80,integral_005,True,60.0,horizon,full_0_20,True,False,,,,,,,,,,,,,,,,,,,,,,
A_best,motor_80,integral_005,True,60.0,horizon,pre_3_5,True,False,,,,,,,,,,,,,,,,,,,,,,
A_best,motor_80,integral_005,True,60.0,horizon,post_5_20,True,False,,,,,,,,,,,,,,,,,,,,,,
A_best,motor_80,integral_005,True,60.0,horizon,tail_18_20,True,False,,,,,,,,,,,,,,,,,,,,,,
A_best,motor_80,integral_005,True,60.0,horizon,full_0_60,True,False,,,,,,,,,,,,,,,,,,,,,,
A_best,motor_80,integral_005,True,60.0,horizon,post_5_60,True,False,,,,,,,,,,,,,,,,,,,,,,
A_best,motor_80,integral_005,True,60.0,horizon,tail_58_60,True,False,,,,,,,,,,,,,,,,,,,,,,
B_best,motor_80,integral_005,True,60.0,horizon,full_0_20,False,True,"[0.02361070657563575, -0.04678699843110598]",0.0524069526608167,0.061790503466913234,0.03273496038643601,0.09098721206098132,-0.0034571682973713108,0.0034571682973713108,0.00604700509253476,0.004961275839216375,0.024616933178229106,0.062085687475325245,-1.3010426069826053e-18,-7.453889935837843e-20,2000,0.01,20.0,0.02091654315768846,0.008987292532804579,0.2490655778122681,0.025839881271170716,3.934657271994848,1.2454496004869955
B_best,motor_80,integral_005,True,60.0,horizon,pre_3_5,False,True,"[0.0013073851277212991, -0.0005522074776101113]",0.0014192212549547583,0.0014211956464403352,7.488721483405811e-05,0.0015398000014500242,0.0015199651655962577,0.0015199651655962577,0.0015212662028754285,6.29027454485577e-05,0.0016660649162292263,0.0020818376318704557,5.69100261436483e-22,-3.465886766597186e-22,200,3.0100000000000002,5.0,0.0001819191628143006,0.0001533775766932384,0.005590566789396044,0.005959033956619232,0.017536385958926776,0.00502267586298994
B_best,motor_80,integral_005,True,60.0,horizon,post_5_20,False,True,"[0.030989147371024255, -0.06220865540205267]",0.0694999572785077,0.07134327986810893,0.0161127130125537,0.09098721206098132,-0.005148328152303698,0.005148328152303698,0.006917497259847694,0.004620225706196371,0.024616933178229106,0.07167785816191298,1.7889335846010823e-18,-2.168404344971009e-19,1500,5.01,20.0,0.024130930085612675,0.010345584171527299,0.28756874113698594,0.029573773064914537,3.934657271994848,1.2454496004869955
B_best,motor_80,integral_005,True,60.0,horizon,tail_18_20,False,True,"[0.023108934243571896, -0.047598865047424825]",0.05291195324004483,0.05293635202281727,0.0016070375872831624,0.055729403548499,-0.002566285324100136,0.002566285324100136,0.002566906615935104,5.647309305915714e-05,0.002664566068825036,0.05299855068828356,-1.3035837058243682e-18,4.48331892003741e-22,200,18.01,20.0,0.002784998794915965,9.778082681327526e-05,0.20896046827123427,0.010169846994863653,0.0009463806478846449,1.47791779054353e-05
B_best,motor_80,integral_005,True,60.0,horizon,full_0_60,False,True,"[0.014028353483883408, -0.028121394182130385]",0.03142622332090734,0.04081131479244818,0.026037586348829623,0.09098721206098132,-0.001973543667713345,0.001973543667713345,0.0036626006394931106,0.003085412263546636,0.024616933178229106,0.04097533475803114,4.336808689942018e-19,-7.623296525288703e-20,6000,0.01,60.0,0.012121118179489007,0.005189004036083883,0.1637058526270192,0.015549639067353259,3.934657271994848,1.2454496004869955
B_best,motor_80,integral_005,True,60.0,horizon,post_5_60,False,True,"[0.015169532510648235, -0.030630427515208985]",0.0341809567794128,0.04262317599754971,0.025463647141798218,0.09098721206098132,-0.0022998941163623653,0.0022998941163623653,0.0037931270860048476,0.003016338864269976,0.024616933178229106,0.042791622371776014,3.7947076036992655e-18,-8.300922883092143e-20,5500,5.01,60.0,0.012648953678517415,0.005403002380054216,0.17097261041825826,0.016109064655855612,3.934657271994848,1.2454496004869955
B_best,motor_80,integral_005,True,60.0,horizon,tail_58_60,False,True,"[0.002896631734441445, -0.005763398597782656]",0.006450367338523934,0.006453342362249791,0.00019593070844400073,0.006793920926601815,-0.0004992884224458566,0.0004992884224458566,0.0004994424405721887,1.2402526203642673e-05,0.0005209561992193246,0.00647264014107477,5.56527116125677e-21,1.4811702843527652e-23,200,58.01,60.0,0.00033957105768111395,2.149073239821427e-05,0.025473805797769374,0.001976279041308157,0.000109725692271792,5.704641673548483e-07
B_best,motor_80,integral_005,True,60.0,horizon,full_0_20,True,False,,,,,,,,,,,,,,,,,,,,,,
B_best,motor_80,integral_005,True,60.0,horizon,pre_3_5,True,False,,,,,,,,,,,,,,,,,,,,,,
B_best,motor_80,integral_005,True,60.0,horizon,post_5_20,True,False,,,,,,,,,,,,,,,,,,,,,,
B_best,motor_80,integral_005,True,60.0,horizon,tail_18_20,True,False,,,,,,,,,,,,,,,,,,,,,,
B_best,motor_80,integral_005,True,60.0,horizon,full_0_60,True,False,,,,,,,,,,,,,,,,,,,,,,
B_best,motor_80,integral_005,True,60.0,horizon,post_5_60,True,False,,,,,,,,,,,,,,,,,,,,,,
B_best,motor_80,integral_005,True,60.0,horizon,tail_58_60,True,False,,,,,,,,,,,,,,,,,,,,,,
A_best,motor_70,integral_005,True,60.0,horizon,full_0_20,False,True,"[0.03833188039825442, -0.036142264231698626]",0.05268392846646882,0.062493711870972475,0.03361350479721097,0.0968131772426695,0.0035760721480317926,0.0035760721480317926,0.006640815205182714,0.0055957246699115904,0.023794103582045145,0.06284556030461907,-2.168404344971009e-18,3.3881317890172014e-20,2000,0.01,20.0,0.02897020491817911,0.00992804869034931,0.2526174118543529,0.028446119183351062,8.368148437857728,2.158227919393898
A_best,motor_70,integral_005,True,60.0,horizon,pre_3_5,False,True,"[-0.001256231900686462, -0.0011181455283879695]",0.001681775255780728,0.0016837178363809954,8.085630211164401e-05,0.0018316203865054858,0.0011526417193521276,0.0011526417193521276,0.0011530826008125414,3.188339858901677e-05,0.0011943664160196654,0.0020407119436226455,-1.5807421505888359e-21,-4.148310771953434e-22,200,3.0100000000000002,5.0,0.0004567447407195252,7.072848417160808e-05,0.006693716826472205,0.004560732417997982,0.03782728763919958,0.0058022289437904525
A_best,motor_70,integral_005,True,60.0,horizon,post_5_20,False,True,"[0.05149427086048891, -0.0478324365635131]",0.07028230160613626,0.07215534871933629,0.01633378185703274,0.0968131772426695,0.004414079906898209,0.004414079906898209,0.007641992923871065,0.006238265337737153,0.023794103582045145,0.07255890300064853,-8.023096076392733e-18,9.486769009248164e-20,1500,5.01,20.0,0.033443138997839385,0.011459657060377682,0.2916709204498797,0.03274271192777379,8.368148437857728,2.158227919393898
A_best,motor_70,integral_005,True,60.0,horizon,tail_18_20,False,True,"[0.03813360424905987, -0.03494130013475085]",0.05172104241148526,0.05174385453225921,0.0015363117277894672,0.054419547268824434,0.00488359724716268,0.00488359724716268,0.0048866270956535824,0.00017205318794157864,0.005181643098618238,0.05197408591045712,1.1045309632196076e-18,-2.4649982254080225e-21,200,18.01,20.0,0.002671326464804461,0.00029589683167113195,0.2043053854522874,0.0192509822951413,0.006681951489544052,0.0007089409535263794
A_best,motor_70,integral_005,True,60.0,horizon,full_0_60,False,True,"[0.022995406504360324, -0.021409825265831524]",0.03141925107659658,0.041053358097054245,0.02642364230818211,0.0968131772426695,0.0023223139652215007,0.0023223139652215007,0.004186554662318226,0.00348340319048997,0.023794103582045145,0.04126627498315722,2.6020852139652106e-18,-4.2351647362715017e-20,6000,0.01,60.0,0.016756370017117602,0.005732902889737031,0.16508081945872394,0.01770803355940243,8.368148437857728,2.158227919393898
A_best,motor_70,integral_005,True,60.0,horizon,post_5_60,False,True,"[0.0251909244582521, -0.023258741450338502]",0.034286319850853904,0.042876000370326066,0.02574489617071976,0.0968131772426695,0.0024368835192023156,0.0024368835192023156,0.004360205796591009,0.0036156594560973346,0.023794103582045145,0.043097132182371795,1.5178830414797062e-18,-9.994988777600744e-20,5500,5.01,60.0,0.017496884865307136,0.005985594245204429,0.17240904686720496,0.018445058952252964,8.368148437857728,2.158227919393898
A_best,motor_70,integral_005,True,60.0,horizon,tail_58_60,False,True,"[0.004853333602775198, -0.004446509815253148]",0.006582271385849225,0.006585184686737799,0.00019585903470737103,0.006925585433222665,0.00038954553593652854,0.00038954553593652854,0.0003898316451957679,1.4932750180787885e-05,0.0004158196232757483,0.00659671327784087,1.7860483786244974e-20,1.4475660719677984e-24,200,58.01,60.0,0.0003394393614424602,2.5886159739802382e-05,0.026001299385679424,0.001533440468490624,0.00010822738634854248,4.914795502566059e-06
A_best,motor_70,integral_005,True,60.0,horizon,full_0_20,True,False,,,,,,,,,,,,,,,,,,,,,,
A_best,motor_70,integral_005,True,60.0,horizon,pre_3_5,True,False,,,,,,,,,,,,,,,,,,,,,,
A_best,motor_70,integral_005,True,60.0,horizon,post_5_20,True,False,,,,,,,,,,,,,,,,,,,,,,
A_best,motor_70,integral_005,True,60.0,horizon,tail_18_20,True,False,,,,,,,,,,,,,,,,,,,,,,
A_best,motor_70,integral_005,True,60.0,horizon,full_0_60,True,False,,,,,,,,,,,,,,,,,,,,,,
A_best,motor_70,integral_005,True,60.0,horizon,post_5_60,True,False,,,,,,,,,,,,,,,,,,,,,,
A_best,motor_70,integral_005,True,60.0,horizon,tail_58_60,True,False,,,,,,,,,,,,,,,,,,,,,,
B_best,motor_70,integral_005,True,60.0,horizon,full_0_20,False,True,"[0.040475374847044915, -0.08108330264629536]",0.09062426792553706,0.10709135053492055,0.057059612882963955,0.15780640211375965,-0.007009710251677551,0.007009710251677551,0.011253229349321442,0.00880335918703515,0.046283904298936585,0.10768097571150467,-1.734723475976807e-18,-6.776263578034403e-20,2000,0.01,20.0,0.03708979270655749,0.0165432345699447,0.431729942805189,0.04802940096959879,7.199382612990897,2.012867606856613
B_best,motor_70,integral_005,True,60.0,horizon,pre_3_5,False,True,"[0.0013073851277212991, -0.0005522074776101113]",0.0014192212549547583,0.0014211956464403352,7.488721483405811e-05,0.0015398000014500242,0.0015199651655962577,0.0015199651655962577,0.0015212662028754285,6.29027454485577e-05,0.0016660649162292263,0.0020818376318704557,5.69100261436483e-22,-3.465886766597186e-22,200,3.0100000000000002,5.0,0.0001819191628143006,0.0001533775766932384,0.005590566789396044,0.005959033956619232,0.017536385958926776,0.00502267586298994
B_best,motor_70,integral_005,True,60.0,horizon,post_5_20,False,True,"[0.05347537173290314, -0.1079370610223052]",0.12045756316688883,0.12365483534124656,0.02793731875405735,0.15780640211375965,-0.009885050758045345,0.009885050758045345,0.012959306897839269,0.008380298728759717,0.046283904298936585,0.12433206319587553,-1.702197410802242e-17,-9.486769009248164e-20,1500,5.01,20.0,0.04281553122322952,0.019085090755303406,0.49850298176700464,0.05531823006763198,7.199382612990897,2.012867606856613
B_best,motor_70,integral_005,True,60.0,horizon,tail_18_20,False,True,"[0.039786290832494395, -0.08243710810048914]",0.09153592589895816,0.09157813364168679,0.002780077537603568,0.09641022826019637,-0.005094482278756236,0.005094482278756236,0.0050958293452180075,0.00011716239594533883,0.005298661619072109,0.09171980177698942,-2.930733997499879e-18,-1.2093380555525265e-21,200,18.01,20.0,0.004818019463750222,0.00020291255842981595,0.36149461701580227,0.020180406074519344,0.0016114547288484263,1.2271642131122741e-05
B_best,motor_70,integral_005,True,60.0,horizon,full_0_60,False,True,"[0.024094578878761146, -0.048721768593646506]",0.05435401977993607,0.07070112087940889,0.04521381456332943,0.15780640211375965,-0.003932701211431877,0.003932701211431877,0.006847481042303687,0.00560552029755585,0.046283904298936585,0.07103193993007298,-3.382710778154774e-17,1.3552527156068805e-20,6000,0.01,60.0,0.021489667181636047,0.009551657067980843,0.28363945839733123,0.029021154464695,7.199382612990897,2.012867606856613
B_best,motor_70,integral_005,True,60.0,horizon,post_5_60,False,True,"[0.02615086930506032, -0.05310356323686292]",0.05919338133492498,0.07384326607785693,0.04414715790606872,0.15780640211375965,-0.004437156891328029,0.004437156891328029,0.007134717820501104,0.005587113485505393,0.046283904298936585,0.07418714270965927,-3.469446951953614e-17,-2.0328790734103208e-20,5500,5.01,60.0,0.02243894300834687,0.009967298622820846,0.29624449404207165,0.030241084608099617,7.199382612990897,2.012867606856613
B_best,motor_70,integral_005,True,60.0,horizon,tail_58_60,False,True,"[0.00498770368640903, -0.009982420278496246]",0.011159117468686818,0.01116426407772514,0.00033895385708489716,0.011753456918774713,-0.0009472302199271338,0.0009472302199271338,0.0009475326182528254,2.3936856724491472e-05,0.0009890598051192079,0.011204401387840273,-5.464685998770322e-20,-3.6302889133421e-22,200,58.01,60.0,0.0005874500277706569,4.1476451295865594e-05,0.044069619067823376,0.0037486540397078318,0.00018993729438077973,6.208381834825209e-07
B_best,motor_70,integral_005,True,60.0,horizon,full_0_20,True,False,,,,,,,,,,,,,,,,,,,,,,
B_best,motor_70,integral_005,True,60.0,horizon,pre_3_5,True,False,,,,,,,,,,,,,,,,,,,,,,
B_best,motor_70,integral_005,True,60.0,horizon,post_5_20,True,False,,,,,,,,,,,,,,,,,,,,,,
B_best,motor_70,integral_005,True,60.0,horizon,tail_18_20,True,False,,,,,,,,,,,,,,,,,,,,,,
B_best,motor_70,integral_005,True,60.0,horizon,full_0_60,True,False,,,,,,,,,,,,,,,,,,,,,,
B_best,motor_70,integral_005,True,60.0,horizon,post_5_60,True,False,,,,,,,,,,,,,,,,,,,,,,
B_best,motor_70,integral_005,True,60.0,horizon,tail_58_60,True,False,,,,,,,,,,,,,,,,,,,,,,
A_best,combined_80,integral_005,True,60.0,horizon,full_0_20,False,True,"[0.07403699364148375, -0.029110147566206716]",0.07955424010570043,0.08305384257925894,0.02385505498599585,0.11799701638139469,-0.010179360218888128,0.010179360218888128,0.012428256348743623,0.007130370355332521,0.03163889581790369,0.0839785825258465,2.710505431213761e-18,-7.928228386300251e-19,2000,0.01,20.0,0.027680969842067277,0.011205155256357846,0.33444869208147454,0.05100176300608867,5.279027054155538,1.4900104120315583
A_best,combined_80,integral_005,True,60.0,horizon,pre_3_5,False,True,"[0.06209718071170301, -0.005794408257807565]",0.062366938512324374,0.06239995206503199,0.002029531551428255,0.06507903730151117,-0.01493228263998112,0.01493228263998112,0.014948774255292833,0.0007019878171480243,0.016265730091321706,0.06416556607288676,-1.7669107279724705e-18,2.837560373301906e-20,200,3.0100000000000002,5.0,0.006528376065617155,0.0012921754155744807,0.24670700578778013,0.05861647028884601,0.42190556110135685,0.07518915054346953
A_best,combined_80,integral_005,True,60.0,horizon,post_5_20,False,True,"[0.07935356099883233, -0.037048753667458224]",0.08757623987993206,0.08939324746295937,0.017931951942454588,0.11799701638139469,-0.00765949745634034,0.00765949745634034,0.009650315346877165,0.005870322394084406,0.03163889581790369,0.08991263136104996,-9.64939933512099e-18,-6.776263578034403e-20,1500,5.01,20.0,0.023109763072769476,0.008150122377933996,0.35835709078284134,0.0388533603170185,5.279027054155538,1.4900104120315583
A_best,combined_80,integral_005,True,60.0,horizon,tail_18_20,False,True,"[0.05697843405781452, -0.02699811546756882]",0.06305109187382005,0.06307906002738052,0.0018781979280615342,0.06634878178351471,-0.004198029093237221,0.004198029093237221,0.004199121790549118,9.578906095326265e-05,0.004367773710099665,0.06321867159115051,4.659951759319533e-18,-4.433688083284228e-22,200,18.01,20.0,0.0032595435891561086,0.00016757740958222065,0.24905711908972702,0.01662913210350911,0.004198057544453866,0.0004742478206308601
A_best,combined_80,integral_005,True,60.0,horizon,full_0_60,False,True,"[0.03992100476424399, -0.016937650987566697]",0.0433655467204486,0.05355602387987946,0.03142732969023606,0.11799701638139469,-0.004713726585273105,0.004713726585273105,0.007394681600760873,0.005697551900239377,0.03163889581790369,0.054064119430532215,1.5612511283791264e-17,-4.1335207826009857e-19,6000,0.01,60.0,0.01602899028398789,0.006469714084384836,0.21483665167326516,0.0302840620416542,5.279027054155538,1.4900104120315583
A_best,combined_80,integral_005,True,60.0,horizon,post_5_60,False,True,"[0.03826952414558998, -0.017996134780758913]",0.04228968367553882,0.05291559946407538,0.03180634089714353,0.11799701638139469,-0.003529615501522345,0.003529615501522345,0.005374310333105358,0.004052780029552096,0.03163889581790369,0.053187817009151435,1.5178830414797062e-17,-1.0503208545953324e-19,5500,5.01,60.0,0.012137026131706549,0.004256950157243563,0.21142227151735654,0.02159445313830802,5.279027054155538,1.4900104120315583
A_best,combined_80,integral_005,True,60.0,horizon,tail_58_60,False,True,"[0.007218561093235879, -0.0034359416495701343]",0.007994580619146293,0.007998131485124068,0.00023830228136426115,0.008412307190626987,-0.0007889392188798066,0.0007889392188798066,0.0007891877966540367,1.9806243989554878e-05,0.0008235472602804439,0.008036972354793849,1.851561083138697e-20,6.462348535570529e-24,200,58.01,60.0,0.0004129980417889436,3.4318694372850484e-05,0.0315795280465616,0.003122432507246409,0.00013057155375336378,4.245307606866148e-06
A_best,combined_80,integral_005,True,60.0,horizon,full_0_20,True,False,,,,,,,,,,,,,,,,,,,,,,
A_best,combined_80,integral_005,True,60.0,horizon,pre_3_5,True,False,,,,,,,,,,,,,,,,,,,,,,
A_best,combined_80,integral_005,True,60.0,horizon,post_5_20,True,False,,,,,,,,,,,,,,,,,,,,,,
A_best,combined_80,integral_005,True,60.0,horizon,tail_18_20,True,False,,,,,,,,,,,,,,,,,,,,,,
A_best,combined_80,integral_005,True,60.0,horizon,full_0_60,True,False,,,,,,,,,,,,,,,,,,,,,,
A_best,combined_80,integral_005,True,60.0,horizon,post_5_60,True,False,,,,,,,,,,,,,,,,,,,,,,
A_best,combined_80,integral_005,True,60.0,horizon,tail_58_60,True,False,,,,,,,,,,,,,,,,,,,,,,
B_best,combined_80,integral_005,True,60.0,horizon,full_0_20,False,True,"[0.07858623689388432, -0.07040597426752038]",0.10551207438819714,0.11332496957460009,0.041349134058449366,0.15812959736057347,-0.027236850805884474,0.027236850805884474,0.028627805942624672,0.008815057076761676,0.05930704126548225,0.11688498621368192,-2.7755575615628914e-17,6.2341624917916505e-19,2000,0.01,20.0,0.032438905152796405,0.016392884325910777,0.4560787952284549,0.11592454757249857,4.736692878170754,1.4134451816160991
B_best,combined_80,integral_005,True,60.0,horizon,pre_3_5,False,True,"[0.06862344192154787, -0.019072999193857604]",0.07122468728895162,0.0712505138026432,0.0019182381843000978,0.07389111321680397,-0.027695367303776725,0.027695367303776725,0.027720271998849955,0.0011747806600045858,0.029593703495367163,0.07645292144078521,-3.1971258594113566e-18,-7.299306422963933e-19,200,3.0100000000000002,5.0,0.003720195808232275,0.0021443627992240597,0.28242555995381885,0.10906789299573337,0.18426534370593495,0.03225304677737473
B_best,combined_80,integral_005,True,60.0,horizon,post_5_20,False,True,"[0.08388004734778426, -0.08929503860657814]",0.12251312690000533,0.1250752766432123,0.025186475826508514,0.15812959736057347,-0.026511573632107512,0.026511573632107512,0.02812501338444244,0.009388974460738768,0.05930704126548225,0.12819844462882984,-1.8431436932253575e-17,3.3610267347050637e-18,1500,5.01,20.0,0.029748231089579365,0.013419104522743242,0.5019112712355259,0.11283306927053605,4.736692878170754,1.4134451816160991
B_best,combined_80,integral_005,True,60.0,horizon,tail_18_20,False,True,"[0.06026306227344862, -0.06723168059575495]",0.09028696223875936,0.09032856151118844,0.0027410717570685505,0.09509282843018244,-0.017380258269202035,0.017380258269202035,0.01738694413511921,0.00048212949877640855,0.01822417482928218,0.09198671018706077,-3.2085608041992897e-18,1.0172336300932113e-19,200,18.01,20.0,0.004750475202052284,0.0008354358329029797,0.3565640135204494,0.06871234084388632,0.0015664187205598262,1.31900115687601e-05
B_best,combined_80,integral_005,True,60.0,horizon,full_0_60,False,True,"[0.04223371689673879, -0.041086812105185874]",0.058922092392249006,0.07365669969321666,0.04419837596355757,0.15812959736057347,-0.013970495359004595,0.013970495359004595,0.017877258135927044,0.011154443862541974,0.05930704126548225,0.075795156627289,-8.673617379884035e-18,4.0657581468206416e-19,6000,0.01,60.0,0.01881293022799877,0.009470131228421927,0.29524394553754574,0.07214092158958033,4.736692878170754,1.4134451816160991
B_best,combined_80,integral_005,True,60.0,horizon,post_5_60,False,True,"[0.040372708838971004, -0.04357299672835304]",0.059401697474780905,0.07426304139044747,0.044569469972997634,0.15812959736057347,-0.012566660180076288,0.012566660180076288,0.01632065156557435,0.010413583410304414,0.05930704126548225,0.0760352746038587,-1.6046192152785466e-17,2.168404344971009e-18,5500,5.01,60.0,0.015646253150053538,0.007016286885710635,0.296914611427497,0.06529071523648014,4.736692878170754,1.4134451816160991
B_best,combined_80,integral_005,True,60.0,horizon,tail_58_60,False,True,"[0.007527488444151683, -0.008045497570985249]",0.011017854302974181,0.011022930800905658,0.0003344996262895625,0.011604359079036349,-0.0025152139009045065,0.0025152139009045065,0.002516202627407035,7.053151683328161e-05,0.002638717101177135,0.011306470674075298,1.2941075247269607e-19,-1.791673206789858e-21,200,58.01,60.0,0.0005797292085573504,0.00012222903931124302,0.04351202475194328,0.009942581471699427,0.00018794852897813762,7.71274092744355e-07
B_best,combined_80,integral_005,True,60.0,horizon,full_0_20,True,False,,,,,,,,,,,,,,,,,,,,,,
B_best,combined_80,integral_005,True,60.0,horizon,pre_3_5,True,False,,,,,,,,,,,,,,,,,,,,,,
B_best,combined_80,integral_005,True,60.0,horizon,post_5_20,True,False,,,,,,,,,,,,,,,,,,,,,,
B_best,combined_80,integral_005,True,60.0,horizon,tail_18_20,True,False,,,,,,,,,,,,,,,,,,,,,,
B_best,combined_80,integral_005,True,60.0,horizon,full_0_60,True,False,,,,,,,,,,,,,,,,,,,,,,
B_best,combined_80,integral_005,True,60.0,horizon,post_5_60,True,False,,,,,,,,,,,,,,,,,,,,,,
B_best,combined_80,integral_005,True,60.0,horizon,tail_58_60,True,False,,,,,,,,,,,,,,,,,,,,,,
A_best,combined_70,integral_005,True,60.0,horizon,full_0_20,False,True,"[0.09841934534690824, -0.048723238179849054]",0.10981949497809709,0.1180739862017637,0.043372165501965945,0.19086296239902623,-0.0098185832403127,0.0098185832403127,0.01477532543042097,0.011041089834246193,0.059446055105515705,0.11899485896100356,6.830473686658678e-17,5.285485590866834e-19,2000,0.01,20.0,0.04964374233028118,0.020019364272306325,0.4765019476229667,0.06243739907840258,11.801865058885932,2.5928643864616205
A_best,combined_70,integral_005,True,60.0,horizon,pre_3_5,False,True,"[0.06209718071170301, -0.005794408257807565]",0.062366938512324374,0.06239995206503199,0.002029531551428255,0.06507903730151117,-0.01493228263998112,0.01493228263998112,0.014948774255292833,0.0007019878171480243,0.016265730091321706,0.06416556607288676,-1.7669107279724705e-18,2.837560373301906e-20,200,3.0100000000000002,5.0,0.006528376065617155,0.0012921754155744807,0.24670700578778013,0.05861647028884601,0.42190556110135685,0.07518915054346953
A_best,combined_70,integral_005,True,60.0,horizon,post_5_20,False,True,"[0.11186336327273166, -0.0631995411523146]",0.12848188216456918,0.13184278500989666,0.029579146617431572,0.19086296239902623,-0.007178461484906433,0.007178461484906433,0.013351410683289246,0.011257435673525473,0.059446055105515705,0.1325170937139797,7.654467337747661e-17,1.1926223897340549e-18,1500,5.01,20.0,0.052900043139460284,0.020817870932756676,0.5310530818907249,0.056914399816912445,11.801865058885932,2.5928643864616205
A_best,combined_70,integral_005,True,60.0,horizon,tail_18_20,False,True,"[0.07964887993302133, -0.044982448059702224]",0.09147330052003512,0.09151364400016902,0.002717044379654529,0.09620678779012443,-0.002843518381280263,0.002843518381280263,0.0028438249655877647,4.175703798788363e-05,0.002921941469063438,0.0915578198660528,2.806220154253497e-18,1.3487179887677116e-21,200,18.01,20.0,0.00477553545249399,0.00019048565523507554,0.3613291278225076,0.01129067618281892,0.047262334793756515,0.005304036445737634
A_best,combined_70,integral_005,True,60.0,horizon,full_0_60,False,True,"[0.05411616167751674, -0.02829635124803898]",0.06106752368206467,0.07645335082404815,0.045998613061324474,0.19086296239902623,-0.004330845332486211,0.004330845332486211,0.008642341966873683,0.00747889386062327,0.059446055105515705,0.07694026856527972,5.204170427930421e-18,4.0657581468206416e-20,6000,0.01,60.0,0.02871742880104825,0.011558281623798591,0.30718271015472276,0.036465433876782666,11.801865058885932,2.5928643864616205
A_best,combined_70,integral_005,True,60.0,horizon,post_5_60,False,True,"[0.05375514986916026, -0.030387444155819572]",0.06174959837747071,0.07776600871957325,0.04727091296340492,0.19086296239902623,-0.003111926862118451,0.003111926862118451,0.007121162005988049,0.006405221270210187,0.059446055105515705,0.07809137635160665,6.071532165918825e-18,3.4558944247975454e-19,5500,5.01,60.0,0.027689065261428596,0.010871890176840322,0.3119105804289827,0.030272648799504222,11.801865058885932,2.5928643864616205
A_best,combined_70,integral_005,True,60.0,horizon,tail_58_60,False,True,"[0.010094136421979821, -0.005725249023937998]",0.011604743275559463,0.011609895329827256,0.0003458367792791802,0.012210961949825353,-0.0007465508974524415,0.0007465508974524415,0.0007467372268598353,1.668063222036702e-05,0.0007756241227315774,0.011633885251949284,-4.139873529705393e-20,1.0701649174904796e-22,200,58.01,60.0,0.0005993633995766665,2.8898810867947003e-05,0.04584021814066144,0.0029580501902663303,0.00019094204291403294,6.856277534059271e-06
A_best,combined_70,integral_005,True,60.0,horizon,full_0_20,True,False,,,,,,,,,,,,,,,,,,,,,,
A_best,combined_70,integral_005,True,60.0,horizon,pre_3_5,True,False,,,,,,,,,,,,,,,,,,,,,,
A_best,combined_70,integral_005,True,60.0,horizon,post_5_20,True,False,,,,,,,,,,,,,,,,,,,,,,
A_best,combined_70,integral_005,True,60.0,horizon,tail_18_20,True,False,,,,,,,,,,,,,,,,,,,,,,
A_best,combined_70,integral_005,True,60.0,horizon,full_0_60,True,False,,,,,,,,,,,,,,,,,,,,,,
A_best,combined_70,integral_005,True,60.0,horizon,post_5_60,True,False,,,,,,,,,,,,,,,,,,,,,,
A_best,combined_70,integral_005,True,60.0,horizon,tail_58_60,True,False,,,,,,,,,,,,,,,,,,,,,,
B_best,combined_70,integral_005,True,60.0,horizon,full_0_20,False,True,"[0.10214448023758496, -0.11501303409270634]",0.15382292694594138,0.16999048313749804,0.0723551760629715,0.24414353578899228,-0.032965871779738934,0.032965871779738934,0.03562156032795146,0.013496179385281552,0.09505088160009456,0.17368264138225756,-1.3877787807814457e-17,-1.4094628242311558e-18,2000,0.01,20.0,0.053189737516836026,0.026727223973421088,0.6846199951299956,0.14528450969955567,9.136599236378226,2.2887056071012797
B_best,combined_70,integral_005,True,60.0,horizon,pre_3_5,False,True,"[0.06862344192154787, -0.019072999193857604]",0.07122468728895162,0.0712505138026432,0.0019182381843000978,0.07389111321680397,-0.027695367303776725,0.027695367303776725,0.027720271998849955,0.0011747806600045858,0.029593703495367163,0.07645292144078521,-3.1971258594113566e-18,-7.299306422963933e-19,200,3.0100000000000002,5.0,0.003720195808232275,0.0021443627992240597,0.28242555995381885,0.10906789299573337,0.18426534370593495,0.03225304677737473
B_best,combined_70,integral_005,True,60.0,horizon,post_5_20,False,True,"[0.11529103847271847, -0.14877111837349272]",0.1882149548102319,0.19248232559127101,0.04030603491794319,0.24414353578899228,-0.0341502682639135,0.0341502682639135,0.0372846093451549,0.014963330896680557,0.09505088160009456,0.19606016362087653,-2.6454533008646308e-17,-1.3552527156068805e-19,1500,5.01,20.0,0.05704481921339927,0.027824979651312233,0.7742806239081561,0.15151485810313123,9.136599236378226,2.2887056071012797
B_best,combined_70,integral_005,True,60.0,horizon,tail_18_20,False,True,"[0.08319887383171883, -0.11207376501906334]",0.13958001795534522,0.13964437087901255,0.004238974614306093,0.1470124604948542,-0.021652049469806527,0.021652049469806527,0.02166009020422133,0.0005901367740240162,0.02268474196502479,0.14131422372093408,-2.0491421059976034e-17,3.7872960654107904e-19,200,18.01,20.0,0.007346556571625933,0.0010225970880940172,0.5512312237476678,0.08561776383847318,0.002406719460720433,9.59586253558612e-06
B_best,combined_70,integral_005,True,60.0,horizon,full_0_60,False,True,"[0.05619859546148388, -0.067753199051625]",0.08802714418616928,0.11120483678962023,0.06795393742700571,0.24414353578899228,-0.017152907807799395,0.017152907807799395,0.022275497266792215,0.01421180960398788,0.09505088160009456,0.11341390348581139,3.122502256758253e-17,-1.3552527156068805e-19,6000,0.01,60.0,0.030832081536438256,0.015436307599726341,0.4459146152310625,0.09044313544304325,9.136599236378226,2.2887056071012797
B_best,combined_70,integral_005,True,60.0,horizon,post_5_60,False,True,"[0.05560712181869295, -0.07266360066992299]",0.09149945824581143,0.11439940728973329,0.06866639300971945,0.24414353578899228,-0.016038382851488838,0.016038382851488838,0.02142474648850824,0.01420528203190329,0.09505088160009456,0.11638833339445635,4.163336342344337e-17,4.336808689942018e-19,5500,5.01,60.0,0.029928928710383638,0.014537304927938735,0.458236881146504,0.08665471220922454,9.136599236378226,2.2887056071012797
B_best,combined_70,integral_005,True,60.0,horizon,tail_58_60,False,True,"[0.01040283287983314, -0.013471517717244636]",0.017020596979300508,0.017028444814567646,0.0005169248214221493,0.017926978502426104,-0.003224636376263737,0.003224636376263737,0.003225872146426825,8.928239450803714e-05,0.003380936460204098,0.017331306468580727,-7.919758056827708e-20,-3.1548668562772476e-21,200,58.01,60.0,0.0008958956155653067,0.00015472141768678547,0.06721792116031484,0.01274876717103666,0.00028964703495172904,8.494642690107985e-07
B_best,combined_70,integral_005,True,60.0,horizon,full_0_20,True,False,,,,,,,,,,,,,,,,,,,,,,
B_best,combined_70,integral_005,True,60.0,horizon,pre_3_5,True,False,,,,,,,,,,,,,,,,,,,,,,
B_best,combined_70,integral_005,True,60.0,horizon,post_5_20,True,False,,,,,,,,,,,,,,,,,,,,,,
B_best,combined_70,integral_005,True,60.0,horizon,tail_18_20,True,False,,,,,,,,,,,,,,,,,,,,,,
B_best,combined_70,integral_005,True,60.0,horizon,full_0_60,True,False,,,,,,,,,,,,,,,,,,,,,,
B_best,combined_70,integral_005,True,60.0,horizon,post_5_60,True,False,,,,,,,,,,,,,,,,,,,,,,
B_best,combined_70,integral_005,True,60.0,horizon,tail_58_60,True,False,,,,,,,,,,,,,,,,,,,,,,
A_best,nominal,integral_010,True,60.0,horizon,full_0_20,False,True,"[-0.0006307128681192565, -0.0005693143938434888]",0.0008496573433147022,0.0009748753298921965,0.00047797940100366274,0.0019703460232891935,0.0005796472388632494,0.0005796472388632494,0.0006594432500983741,0.00031444312455278375,0.0011966381918913083,0.0011769652964011836,1.2176098616780567e-21,5.029258124322408e-22,2000,0.01,20.0,0.0006723234407411634,0.00027412094286594036,0.003959203745931478,0.00265331910351512,0.11618617619162906,0.025333603807537314
A_best,nominal,integral_010,True,60.0,horizon,pre_3_5,False,True,"[-0.0010938709667260766, -0.000957076187982909]",0.0014534608771653052,0.0014571677763820404,0.00010387207072183377,0.0016339550723888396,0.00099717887254807,0.00099717887254807,0.0009988866920025816,5.838595382127894e-05,0.0010879718196250554,0.001766667074461411,5.062345348824529e-22,-1.7081279649220021e-22,200,3.0100000000000002,5.0,0.00047133163259190227,0.00010940510476030254,0.00572557280663054,0.003897599918910115,0.03797356328827345,0.005831078796555326
A_best,nominal,integral_010,True,60.0,horizon,post_5_20,False,True,"[-0.0004847149986830682, -0.0004317465121850121]",0.000649117617025027,0.0007137007789345969,0.00029667342503095933,0.0012953363950917844,0.00044694702913767887,0.00044694702913767887,0.0004907536027165546,0.0002026757304767415,0.0008898732349482685,0.0008661454268372767,4.235164736271502e-22,0.0,1500,5.01,20.0,0.0001105809196016364,5.2435085835963664e-05,0.002786250563711024,0.001911392574095015,0.016555510500489496,0.0025590710284094263
A_best,nominal,integral_010,True,60.0,horizon,tail_18_20,False,True,"[-0.0002145847802268943, -0.00019547636804235826]",0.00029027166304697403,0.00029083271805512196,1.805634302050137e-05,0.00032281807942347984,0.0002011777689268901,0.0002011777689268901,0.00020156099145985157,1.2423307445168288e-05,0.00022338837965452107,0.0003538509618039895,2.900302022764053e-23,-3.6964633623463424e-24,200,18.01,20.0,3.148212713132232e-05,2.1583895907195998e-05,0.0011318717059692486,0.0007846604210314559,9.336630634980934e-05,9.859878853585142e-06
A_best,nominal,integral_010,True,60.0,horizon,full_0_60,False,True,"[-0.00023922731513753315, -0.00021689270205733547]",0.0003229119888044491,0.0005674737282552215,0.00046664148952513414,0.0019703460232891935,0.00022091391560509572,0.00022091391560509572,0.00038404283824652836,0.0003141431894860586,0.0011966381918913083,0.0006852118897598977,4.764560328305439e-22,7.940933880509066e-23,6000,0.01,60.0,0.0003882445497941742,0.0001583555332165203,0.0023031203697260437,0.0015443768551595667,0.11618617619162906,0.025333603807537314
A_best,nominal,integral_010,True,60.0,horizon,post_5_60,False,True,"[-0.00016382011865659688, -0.00014733585326082851]",0.00022032903787916352,0.000380298442296483,0.00030997099909567876,0.0012953363950917844,0.000152110829020108,0.000152110829020108,0.00026162473379007424,0.0002128609805143781,0.0008898732349482685,0.00046159983377797986,2.6469779601696886e-22,2.2499312661442353e-22,5500,5.01,60.0,5.8321326832282076e-05,2.7955887674704645e-05,0.0014844883003768405,0.00101895909926098,0.016555510500489496,0.0025590710284094263
A_best,nominal,integral_010,True,60.0,horizon,tail_58_60,False,True,"[-2.7357759659812225e-06, -2.7858412910337285e-06]",3.90453349772658e-06,3.912127270144345e-06,2.4363485575357e-07,4.337124086197493e-06,2.7721178824557935e-06,2.7721178824557935e-06,2.777381493015229e-06,1.7091051317082076e-07,3.077277358931596e-06,4.797769037328761e-06,1.8667604461150023e-26,-7.509955817704032e-28,200,58.01,60.0,4.200708511728714e-07,2.968659930462578e-07,1.5229502955536642e-05,1.081271978746073e-05,2.2588727439225506e-06,5.366525662367248e-07
A_best,nominal,integral_010,True,60.0,horizon,full_0_20,True,False,,,,,,,,,,,,,,,,,,,,,,
A_best,nominal,integral_010,True,60.0,horizon,pre_3_5,True,False,,,,,,,,,,,,,,,,,,,,,,
A_best,nominal,integral_010,True,60.0,horizon,post_5_20,True,False,,,,,,,,,,,,,,,,,,,,,,
A_best,nominal,integral_010,True,60.0,horizon,tail_18_20,True,False,,,,,,,,,,,,,,,,,,,,,,
A_best,nominal,integral_010,True,60.0,horizon,full_0_60,True,False,,,,,,,,,,,,,,,,,,,,,,
A_best,nominal,integral_010,True,60.0,horizon,post_5_60,True,False,,,,,,,,,,,,,,,,,,,,,,
A_best,nominal,integral_010,True,60.0,horizon,tail_58_60,True,False,,,,,,,,,,,,,,,,,,,,,,
B_best,nominal,integral_010,True,60.0,horizon,full_0_20,False,True,"[0.000682750341957311, -0.000262942279105192]",0.0007316328803326555,0.0008942616639071975,0.000514215180590977,0.0024028367464977276,0.0007809132395774559,0.0007809132395774559,0.0009199953709299967,0.00048638050411716236,0.002093321224868605,0.001283002496516157,7.411538288475128e-22,2.6469779601696886e-22,2000,0.01,20.0,0.0008866957000670413,0.0007098107854950475,0.0036872417133912423,0.0037496379269623017,0.17947994465994702,0.052867504967961665
B_best,nominal,integral_010,True,60.0,horizon,pre_3_5,False,True,"[0.001073510702144985, -0.0004889797507765348]",0.0011796297827239275,0.0011844578684581592,0.00010683640701158355,0.001343188489936072,0.001274981190083142,0.001274981190083142,0.0012786850872259802,9.725490850485265e-05,0.001485075487140941,0.0017429790573746315,8.205631676526035e-22,3.143286327701505e-23,200,3.0100000000000002,5.0,0.0002171239652492153,0.00020694963509997521,0.004586523077584158,0.00492711911465985,0.017720633840238635,0.005002528549330134
B_best,nominal,integral_010,True,60.0,horizon,post_5_20,False,True,"[0.0004638252484595213, -0.00018638913861682805]",0.0004998747564169047,0.0005503682343537502,0.00023028334999040834,0.001023865826095278,0.0005494792441314972,0.0005494792441314972,0.0006045696643350066,0.00025214487760575336,0.001116481434228822,0.0008175632528555862,-1.522012327097571e-22,6.617444900424221e-22,1500,5.01,20.0,6.18599077658651e-05,6.634235156602981e-05,0.0021403695333833293,0.002352107695173372,0.002860384966670498,0.0011814287504377868
B_best,nominal,integral_010,True,60.0,horizon,tail_18_20,False,True,"[0.0002093495199824697, -7.613642597376787e-05]",0.00022276439768721914,0.00022319623961771526,1.3877481851511131e-05,0.00024752745364535337,0.00024527247791320314,0.00024527247791320314,0.0002457462279658719,1.5251889645926716e-05,0.00027250107561260783,0.00033197555623711646,2.2049533203366644e-23,3.4172899056096956e-23,200,18.01,20.0,2.4094702233874606e-05,2.648059668389796e-05,0.0008687046117582145,0.0009565043167053067,1.747631067917769e-05,8.847266886821747e-07
B_best,nominal,integral_010,True,60.0,horizon,full_0_60,False,True,"[0.00025654290123763385, -9.703394656724745e-05]",0.00027428059895267436,0.0005192754198010886,0.0004409275616785122,0.0024028367464977276,0.00029386191660948745,0.00029386191660948745,0.0005346655581095278,0.0004466681463851774,0.002093321224868605,0.0007453282636786086,7.940933880509066e-22,1.1911400820763599e-21,6000,0.01,60.0,0.0005119689977409788,0.00040986235417146596,0.0021397572335076,0.0021778902772153852,0.17947994465994702,0.052867504967961665
B_best,nominal,integral_010,True,60.0,horizon,post_5_60,False,True,"[0.00015808992658190193, -6.107324165788178e-05]",0.00016947674098020992,0.00029320539269130227,0.00023926352954428264,0.001023865826095278,0.00018646616121804698,0.00018646616121804698,0.0003221172309628344,0.00026265924922562527,0.001116481434228822,0.00043557882499775484,-2.2499312661442353e-22,1.7205356741102976e-22,5500,5.01,60.0,3.290474167503699e-05,3.532229583970092e-05,0.0011403058452009649,0.00125323458628595,0.002860384966670498,0.0011814287504377868
B_best,nominal,integral_010,True,60.0,horizon,tail_58_60,False,True,"[2.9423371442265274e-06, -6.096821710592166e-07]",3.00483946659428e-06,3.010608850107561e-06,1.8629392996923468e-07,3.3357259102133768e-06,3.314118567986357e-06,3.314118567986357e-06,3.320597884745772e-06,2.0733651271820705e-07,3.683801692355715e-06,4.482202132939128e-06,-6.784203784900702e-27,5.8943686838114e-27,200,58.01,60.0,3.2406510427434734e-07,3.5956340802147705e-07,1.1719356974516479e-05,1.2922885194083089e-05,1.4787793334710982e-06,3.78679101970946e-07
B_best,nominal,integral_010,True,60.0,horizon,full_0_20,True,False,,,,,,,,,,,,,,,,,,,,,,
B_best,nominal,integral_010,True,60.0,horizon,pre_3_5,True,False,,,,,,,,,,,,,,,,,,,,,,
B_best,nominal,integral_010,True,60.0,horizon,post_5_20,True,False,,,,,,,,,,,,,,,,,,,,,,
B_best,nominal,integral_010,True,60.0,horizon,tail_18_20,True,False,,,,,,,,,,,,,,,,,,,,,,
B_best,nominal,integral_010,True,60.0,horizon,full_0_60,True,False,,,,,,,,,,,,,,,,,,,,,,
B_best,nominal,integral_010,True,60.0,horizon,post_5_60,True,False,,,,,,,,,,,,,,,,,,,,,,
B_best,nominal,integral_010,True,60.0,horizon,tail_58_60,True,False,,,,,,,,,,,,,,,,,,,,,,
A_best,centered_payload,integral_010,True,60.0,horizon,full_0_20,False,True,"[0.0032988331083189395, -0.0024207632916350428]",0.004091747156248651,0.004678468980134427,0.002268408518633962,0.008397675039429318,-0.009002279444436177,0.009002279444436177,0.010296391036260325,0.004997462673783904,0.019240229842178214,0.011309453584044723,1.3552527156068805e-20,4.845028458294598e-19,2000,0.01,20.0,0.0020632259375626357,0.005185833181519067,0.018836567566160162,0.04153181369466208,0.3682551841003293,0.09713450885118355
A_best,centered_payload,integral_010,True,60.0,horizon,pre_3_5,False,True,"[0.005936956369173201, -0.00421208011351558]",0.007279359162188637,0.00729357472835585,0.0004551510803804308,0.007974745203903469,-0.014954991124901802,0.014954991124901802,0.014985612307318973,0.0009575054461349238,0.016699942343154528,0.016666277585093228,-1.2017279939170386e-20,1.6697136972750395e-19,200,3.0100000000000002,5.0,0.0010769099400736888,0.0016683215436051851,0.02845907475150066,0.058278117310077565,0.06387504539810986,0.00849243678143177
A_best,centered_payload,integral_010,True,60.0,horizon,post_5_20,False,True,"[0.002601028698504469, -0.0018659802686534265]",0.0032011299026199745,0.0035308381743660846,0.0014898273591638141,0.00651098257024726,-0.006733195288765499,0.006733195288765499,0.0073716849099405785,0.003000969779053384,0.013387621350764323,0.008173650140849342,3.3457801416544863e-20,1.6940658945086007e-21,1500,5.01,20.0,0.0004130652649751504,0.0007768898762571035,0.013738390163567187,0.02871001420766907,0.027880479867507007,0.0038007194475421996
A_best,centered_payload,integral_010,True,60.0,horizon,tail_18_20,False,True,"[0.0011373763434941728, -0.0008266524119700846]",0.0014060509083799679,0.0014088772749565022,8.91965186132707e-05,0.0015655082214283036,-0.0030805575280044143,0.0030805575280044143,0.003086211698028502,0.00018672964869913223,0.003413567003605178,0.0033925857131304475,-1.0356301269163906e-21,-9.727644003623605e-22,200,18.01,20.0,0.0001549444222222245,0.0003241536803191376,0.005480579107140912,0.012020693168673508,0.00017501318529819873,1.771676567980926e-05
A_best,centered_payload,integral_010,True,60.0,horizon,full_0_60,False,True,"[0.0012508421350863803, -0.000918633605864731]",0.0015519322629327262,0.002723181359555491,0.002237682499439755,0.008397675039429318,-0.0034331808680878777,0.0034331808680878777,0.005995514494355222,0.004915227683334602,0.019240229842178214,0.006584976140355715,4.997494388800372e-20,9.147955830346444e-20,6000,0.01,60.0,0.0011918122253658612,0.002995162585485954,0.010958250896521905,0.02416985576896398,0.3682551841003293,0.09713450885118355
A_best,centered_payload,integral_010,True,60.0,horizon,post_5_60,False,True,"[0.0008743508439340191, -0.0006307719008906279]",0.0010781292080457275,0.0018789931359090818,0.0015389128031022866,0.00651098257024726,-0.002308058045964223,0.002308058045964223,0.0039348890520606245,0.003186882474846925,0.013387621350764323,0.004360500780509047,0.0,-8.470329472543003e-20,5500,5.01,60.0,0.00021935032752538197,0.00041464085831810575,0.007311038570014331,0.0153249994425373,0.027880479867507007,0.0038007194475421996
A_best,centered_payload,integral_010,True,60.0,horizon,tail_58_60,False,True,"[1.3458709798726606e-05, -1.0526683620549382e-05]",1.70864840588543e-05,1.712123238226304e-05,1.090257214592126e-06,1.9034442106419376e-05,-4.58419025652157e-05,4.58419025652157e-05,4.5926626686323244e-05,2.7883701307699285e-06,5.081408582829905e-05,4.901419832122475e-05,1.1208135741380136e-25,-1.4427193105661205e-24,200,58.01,60.0,1.8950673234690242e-06,4.8399432288109855e-06,6.659009123957087e-05,0.00017886656803819362,2.561320938754782e-06,4.804668254918764e-07
A_best,centered_payload,integral_010,True,60.0,horizon,full_0_20,True,False,,,,,,,,,,,,,,,,,,,,,,
A_best,centered_payload,integral_010,True,60.0,horizon,pre_3_5,True,False,,,,,,,,,,,,,,,,,,,,,,
A_best,centered_payload,integral_010,True,60.0,horizon,post_5_20,True,False,,,,,,,,,,,,,,,,,,,,,,
A_best,centered_payload,integral_010,True,60.0,horizon,tail_18_20,True,False,,,,,,,,,,,,,,,,,,,,,,
A_best,centered_payload,integral_010,True,60.0,horizon,full_0_60,True,False,,,,,,,,,,,,,,,,,,,,,,
A_best,centered_payload,integral_010,True,60.0,horizon,post_5_60,True,False,,,,,,,,,,,,,,,,,,,,,,
A_best,centered_payload,integral_010,True,60.0,horizon,tail_58_60,True,False,,,,,,,,,,,,,,,,,,,,,,
B_best,centered_payload,integral_010,True,60.0,horizon,full_0_20,False,True,"[0.0025858438433294783, -0.0003174211317317248]",0.0026052532615764667,0.002984149972868137,0.0014552685331628986,0.005268350206274024,-0.008945336186792012,0.008945336186792012,0.010194247214071658,0.00488913456215687,0.01863702937865841,0.010622044404076677,-9.317362419797304e-21,2.405573570202213e-19,2000,0.01,20.0,0.0011745736751702257,0.0050134386319981815,0.011999699095329339,0.041105180625223864,0.18238363255046497,0.05078112805352584
B_best,centered_payload,integral_010,True,60.0,horizon,pre_3_5,False,True,"[0.004694045868069554, -0.0006920748916402792]",0.004744790223727468,0.004751762874292393,0.0002573249819270239,0.005101981063811821,-0.014961441661094012,0.014961441661094012,0.014990437614584365,0.0009319245132659909,0.016596326288507934,0.01572553561218979,1.2520205751602627e-20,2.149346103657787e-19,200,3.0100000000000002,5.0,0.000448895528543839,0.0016010087657573602,0.018609732889617474,0.05836250744377025,0.011917217028604026,0.0039267573107192805
B_best,centered_payload,integral_010,True,60.0,horizon,post_5_20,False,True,"[0.0020365880334157044, -0.0003072962946924542]",0.0020596411897667415,0.0022883818195937023,0.000997281064526558,0.00429493652173655,-0.006742268910377525,0.006742268910377525,0.007381903218788595,0.0030057120739881405,0.013402833057670094,0.007728465985162154,1.0587911840678754e-21,-1.6940658945086007e-21,1500,5.01,20.0,0.0002606811285487006,0.0007773939272939935,0.00889327513046996,0.028750235822033565,0.002745259872533556,0.0010503022456126688
B_best,centered_payload,integral_010,True,60.0,horizon,tail_18_20,False,True,"[0.0008640507776358196, -9.731300993839525e-05]",0.000869513408888175,0.0008714210557174129,5.7628882613797266e-05,0.0009725364653324365,-0.0030849929778719687,0.0030849929778719687,0.0030906519755129467,0.0001869437354465824,0.0034184358143974913,0.003211153109101111,1.062513496824364e-21,2.7594745234769003e-21,200,18.01,20.0,0.00010009147946270725,0.00032454486433338185,0.003385682256642071,0.012038063038146465,7.490860312195484e-05,4.2861509646658705e-06
B_best,centered_payload,integral_010,True,60.0,horizon,full_0_60,False,True,"[0.000972531325207003, -0.00011298546929328516]",0.0009790724665622629,0.0017354422075337196,0.0014328910499089602,0.005268350206274024,-0.003414965877363502,0.003414965877363502,0.005937213771737572,0.004856800945864794,0.01863702937865841,0.006185650089279202,-5.505714157152952e-21,5.082197683525802e-20,6000,0.01,60.0,0.000678563751337755,0.0028956721498180353,0.006975119402912304,0.02392614008005518,0.18238363255046497,0.05078112805352584
B_best,centered_payload,integral_010,True,60.0,horizon,post_5_60,False,True,"[0.0006760695117648417, -9.163908987908029e-05]",0.0006822519384595529,0.0012147048157227116,0.0010050075033591253,0.00429493652173655,-0.0023113684102115247,0.0023113684102115247,0.003940383793074647,0.0031912694196826416,0.013402833057670094,0.004123364187901099,-1.3129010682441655e-20,6.776263578034403e-21,5500,5.01,60.0,0.0001384182903992326,0.00041492197274308585,0.004720625944083724,0.015346621873184588,0.002745259872533556,0.0010503022456126688
B_best,centered_payload,integral_010,True,60.0,horizon,tail_58_60,False,True,"[8.495430616426844e-06, 9.822966746815387e-07]",8.552031812125876e-06,8.571360505774494e-06,5.753023590580483e-07,9.57988786455867e-06,-4.598605283967882e-05,4.598605283967882e-05,4.607083397346746e-05,2.7936870327703744e-06,5.0969882676388245e-05,4.686139097306816e-05,2.453672959599435e-26,9.22500253452693e-25,200,58.01,60.0,1.0005713815801505e-06,4.850149724860594e-06,3.3286916374719385e-05,0.00017943319197579298,2.091309789151873e-06,5.159931390168473e-07
B_best,centered_payload,integral_010,True,60.0,horizon,full_0_20,True,False,,,,,,,,,,,,,,,,,,,,,,
B_best,centered_payload,integral_010,True,60.0,horizon,pre_3_5,True,False,,,,,,,,,,,,,,,,,,,,,,
B_best,centered_payload,integral_010,True,60.0,horizon,post_5_20,True,False,,,,,,,,,,,,,,,,,,,,,,
B_best,centered_payload,integral_010,True,60.0,horizon,tail_18_20,True,False,,,,,,,,,,,,,,,,,,,,,,
B_best,centered_payload,integral_010,True,60.0,horizon,full_0_60,True,False,,,,,,,,,,,,,,,,,,,,,,
B_best,centered_payload,integral_010,True,60.0,horizon,post_5_60,True,False,,,,,,,,,,,,,,,,,,,,,,
B_best,centered_payload,integral_010,True,60.0,horizon,tail_58_60,True,False,,,,,,,,,,,,,,,,,,,,,,
A_best,offset_payload,integral_010,True,60.0,horizon,full_0_20,False,True,"[0.03131112450576704, -0.0028595346281249613]",0.031441428976830735,0.03591170391576862,0.01735185932483157,0.06649958045350458,-0.008012540757546503,0.008012540757546503,0.009754413496056323,0.005563072286129449,0.027402326772943297,0.03721288836929857,-4.336808689942018e-18,3.049318610115481e-19,2000,0.01,20.0,0.019316145129646026,0.008783343047082982,0.1450143787398221,0.04001696201961875,4.910863998719453,1.4197908491997118
A_best,offset_payload,integral_010,True,60.0,horizon,pre_3_5,False,True,"[0.05360119632518869, -0.005010449365530163]",0.0538348664931563,0.0539423571423373,0.0034036809097650537,0.05918507594919233,-0.011621783095242205,0.011621783095242205,0.011661336234271819,0.0009596460055057269,0.013473144590540387,0.05518844676959308,5.456586246212203e-18,2.4775713707188285e-19,200,3.0100000000000002,5.0,0.00799900527236463,0.001737237354134239,0.21037695691006023,0.044997962585871805,0.42542669681842016,0.07486877368527142
A_best,offset_payload,integral_010,True,60.0,horizon,post_5_20,False,True,"[0.02392743319175832, -0.002183179845254377]",0.024026825287223916,0.026401116732722545,0.01094214930221924,0.04818011036473434,-0.005454823041484166,0.005454823041484166,0.005880515210494054,0.0021966712833160363,0.010228047778499616,0.027048094644090814,2.574980159653073e-18,3.134021904840911e-20,1500,5.01,20.0,0.002990107860551447,0.0005614647886472398,0.10279341740774317,0.022963114287969613,0.16145740269673403,0.028946276929824783
A_best,offset_payload,integral_010,True,60.0,horizon,tail_18_20,False,True,"[0.010729632088870768, -0.0009894485493875003]",0.010775157223651556,0.01079583022104926,0.0006677851206116453,0.01196769959746002,-0.002716719760527232,0.002716719760527232,0.0027208345349734125,0.000149580444794251,0.002982593265073552,0.0111334132559797,-1.0651439311722827e-19,-2.901749588836021e-21,200,18.01,20.0,0.001159872926894961,0.00025962061544281613,0.04202348930314471,0.010623718254939433,0.0011392543242052513,8.516994588894658e-05
A_best,offset_payload,integral_010,True,60.0,horizon,full_0_60,False,True,"[0.011908662536511216, -0.001090079372526884]",0.011958449583742634,0.020907405832288155,0.01714978431902528,0.06649958045350458,-0.0030876221912905216,0.0030876221912905216,0.0056782730288415595,0.00476543532050534,0.027402326772943297,0.021664773325056192,-2.8731357570865868e-18,-1.3552527156068805e-20,6000,0.01,60.0,0.011155925899975683,0.005071545692405059,0.08437633167144204,0.023276832220036837,4.910863998719453,1.4197908491997118
A_best,offset_payload,integral_010,True,60.0,horizon,post_5_60,False,True,"[0.008131068362758283, -0.0007447594085078086]",0.008165104977672337,0.014070893249739326,0.011459541768724898,0.04818011036473434,-0.0019423429445229597,0.0019423429445229597,0.0031631466194167956,0.002496557714492053,0.010228047778499616,0.01442205024888929,-4.336808689942018e-19,-8.470329472543003e-22,5500,5.01,60.0,0.001590442379968025,0.000302140292148575,0.054784838627498535,0.012351723746784074,0.16145740269673403,0.028946276929824783
A_best,offset_payload,integral_010,True,60.0,horizon,tail_58_60,False,True,"[0.0001456044279081253, -1.3810341424368507e-05]",0.00014625790562123502,0.0001465395774361173,9.081453542564231e-06,0.00016247132870690644,-5.4963104501897785e-05,5.4963104501897785e-05,5.505310170046554e-05,3.1466093426523033e-06,6.056457254943748e-05,0.0001565397449914801,-2.5939867021780102e-23,-1.277929422909072e-24,200,58.01,60.0,1.576880380924607e-05,5.461078904751576e-06,0.0005703895151898345,0.00021475133260850037,1.1486349657968266e-05,3.9128216181182697e-07
A_best,offset_payload,integral_010,True,60.0,horizon,full_0_20,True,False,,,,,,,,,,,,,,,,,,,,,,
A_best,offset_payload,integral_010,True,60.0,horizon,pre_3_5,True,False,,,,,,,,,,,,,,,,,,,,,,
A_best,offset_payload,integral_010,True,60.0,horizon,post_5_20,True,False,,,,,,,,,,,,,,,,,,,,,,
A_best,offset_payload,integral_010,True,60.0,horizon,tail_18_20,True,False,,,,,,,,,,,,,,,,,,,,,,
A_best,offset_payload,integral_010,True,60.0,horizon,full_0_60,True,False,,,,,,,,,,,,,,,,,,,,,,
A_best,offset_payload,integral_010,True,60.0,horizon,post_5_60,True,False,,,,,,,,,,,,,,,,,,,,,,
A_best,offset_payload,integral_010,True,60.0,horizon,tail_58_60,True,False,,,,,,,,,,,,,,,,,,,,,,
B_best,offset_payload,integral_010,True,60.0,horizon,full_0_20,False,True,"[0.03437464131853146, -0.009326022166296466]",0.03561728028954406,0.040656989052533024,0.019606124134918877,0.0724956647970705,-0.014317873730296315,0.014317873730296315,0.01672837032306673,0.00865083033638676,0.03669175613950881,0.04396395264854435,-1.8973538018496328e-18,8.809142651444724e-19,2000,0.01,20.0,0.019930345502758674,0.011655183511005082,0.1639261024381988,0.06795790664020805,4.408772048810201,1.360965129600554
B_best,offset_payload,integral_010,True,60.0,horizon,pre_3_5,False,True,"[0.05985628418211087, -0.018055386359944643]",0.06252017060674492,0.06262271205686576,0.003582224540788056,0.06757187017176869,-0.02266898685363907,0.02266898685363907,0.022737094663050263,0.0017585530262255562,0.02566689220510554,0.06662266535552018,3.9590319954666e-18,6.183340514956392e-19,200,3.0100000000000002,5.0,0.0061477963352830406,0.003066620771484523,0.24500311238014882,0.08810690349827127,0.1821687674627562,0.03202439637402564
B_best,offset_payload,integral_010,True,60.0,horizon,post_5_20,False,True,"[0.026488646380138817, -0.007976530339198058]",0.027663575750509702,0.030526270332151273,0.012906578054906265,0.056431255716391085,-0.010273631978939204,0.010273631978939204,0.01116252866326702,0.004365149724760349,0.019992329934542252,0.03250315717818558,2.520770051028798e-18,2.0667603913004928e-19,1500,5.01,20.0,0.0033556155017010346,0.0011382169614798797,0.11875270126260075,0.043514156422777124,0.027314077904831487,0.0029721261876109926
B_best,offset_payload,integral_010,True,60.0,horizon,tail_18_20,False,True,"[0.01171263220781636, -0.00314963727572268]",0.01212872492079027,0.012153192777086515,0.0007707959994892246,0.013505157029663935,-0.004909113796956279,0.004909113796956279,0.0049172823589337545,0.00028331524140897524,0.00541351990193184,0.013110292158243803,3.3606032182314366e-19,-1.0323214044661785e-20,200,18.01,20.0,0.0013384566961199011,0.0004917353646009601,0.047275075925099844,0.019177394117516965,0.000957101582522298,7.912694292681054e-06
B_best,offset_payload,integral_010,True,60.0,horizon,full_0_60,False,True,"[0.013038526066732871, -0.0034743625624549085]",0.013493493143299135,0.02366221989094423,0.019437754318828392,0.0724956647970705,-0.005494050727677329,0.005494050727677329,0.009742229096421601,0.008045274039389271,0.03669175613950881,0.025589288343651925,4.174178364069192e-18,8.944667923005412e-19,6000,0.01,60.0,0.011511478584505342,0.00673034568523454,0.09535190511361107,0.03955043066106021,4.408772048810201,1.360965129600554
B_best,offset_payload,integral_010,True,60.0,horizon,post_5_60,False,True,"[0.008948153333371414, -0.0025743502819879265]",0.009311107745692628,0.01624361219319576,0.013310079249615327,0.056431255716391085,-0.003588909977069123,0.003588909977069123,0.005980156405814866,0.004783512915682595,0.019992329934542252,0.01730945428720809,1.0842021724855044e-19,8.131516293641283e-20,5500,5.01,60.0,0.0017856867577983008,0.0006093244669635729,0.06319045787769426,0.02331245455971159,0.027314077904831487,0.0029721261876109926
B_best,offset_payload,integral_010,True,60.0,horizon,tail_58_60,False,True,"[0.00014837346159328327, -1.7320724551950047e-05]",0.00014938102826054597,0.00014968091771522127,9.470244130580346e-06,0.0001662955966713082,-8.565958237291615e-05,8.565958237291615e-05,8.580846373530064e-05,5.052563340523021e-06,9.466528273138763e-05,0.0001725325174472431,1.955506666863642e-23,5.13756708577857e-25,200,58.01,60.0,1.6446571762341948e-05,8.771272139484438e-06,0.0005822863736986948,0.00033446258579225953,1.1675179017869926e-05,4.0248246542199894e-07
B_best,offset_payload,integral_010,True,60.0,horizon,full_0_20,True,False,,,,,,,,,,,,,,,,,,,,,,
B_best,offset_payload,integral_010,True,60.0,horizon,pre_3_5,True,False,,,,,,,,,,,,,,,,,,,,,,
B_best,offset_payload,integral_010,True,60.0,horizon,post_5_20,True,False,,,,,,,,,,,,,,,,,,,,,,
B_best,offset_payload,integral_010,True,60.0,horizon,tail_18_20,True,False,,,,,,,,,,,,,,,,,,,,,,
B_best,offset_payload,integral_010,True,60.0,horizon,full_0_60,True,False,,,,,,,,,,,,,,,,,,,,,,
B_best,offset_payload,integral_010,True,60.0,horizon,post_5_60,True,False,,,,,,,,,,,,,,,,,,,,,,
B_best,offset_payload,integral_010,True,60.0,horizon,tail_58_60,True,False,,,,,,,,,,,,,,,,,,,,,,
A_best,motor_80,integral_010,True,60.0,horizon,full_0_20,False,True,"[0.016264777617610884, -0.01593892747132669]",0.022772623913079246,0.028547409813769593,0.017215173748433673,0.05439010119065893,0.002032461667845035,0.002032461667845035,0.0036719883939106616,0.003058201813771473,0.012479442783519312,0.02878260074837441,0.0,5.082197683525802e-20,2000,0.01,20.0,0.016141365396889092,0.0053398125572692,0.11548826854583373,0.01564701550453624,4.384577549978747,1.3189150533629512
A_best,motor_80,integral_010,True,60.0,horizon,pre_3_5,False,True,"[-0.0010938709667260766, -0.000957076187982909]",0.0014534608771653052,0.0014571677763820404,0.00010387207072183377,0.0016339550723888396,0.00099717887254807,0.00099717887254807,0.0009988866920025816,5.838595382127894e-05,0.0010879718196250554,0.001766667074461411,5.062345348824529e-22,-1.7081279649220021e-22,200,3.0100000000000002,5.0,0.00047133163259190227,0.00010940510476030254,0.00572557280663054,0.003897599918910115,0.03797356328827345,0.005831078796555326
A_best,motor_80,integral_010,True,60.0,horizon,post_5_20,False,True,"[0.02204260564895711, -0.020924563948829286]",0.03039266096023976,0.032952212910371995,0.0127332044453234,0.05439010119065893,0.0023840329344467274,0.0023840329344467274,0.004199882964853308,0.0034576587289578357,0.012479442783519312,0.03321878011921798,8.944667923005412e-19,2.0328790734103208e-20,1500,5.01,20.0,0.018622596638555484,0.006157977799475202,0.1333051000352982,0.017908249797727243,4.384577549978747,1.3189150533629512
A_best,motor_80,integral_010,True,60.0,horizon,tail_18_20,False,True,"[0.010891140791577247, -0.010126149105804316]",0.014871309406200229,0.014899341407576512,0.00091352664142027,0.016509021034335967,0.001537229601753849,0.001537229601753849,0.0015426391454736825,0.00012907627450262774,0.001770279483688686,0.014978988948279247,3.8116482626443515e-20,-9.893080126134211e-22,200,18.01,20.0,0.001589725561046689,0.00022505190471549418,0.05800851583799996,0.005945549855327648,0.004052245918985936,0.00044905597075690825
A_best,motor_80,integral_010,True,60.0,horizon,full_0_60,False,True,"[0.006930419050138137, -0.006714570682046273]",0.009649671893630007,0.01689938051519686,0.013873460063830634,0.05439010119065893,0.0008081869139801254,0.0008081869139801254,0.0021421957123320223,0.0019838942466787273,0.012479442783519312,0.017034613710540925,-1.2468324983583301e-18,2.541098841762901e-20,6000,0.01,60.0,0.009327701974293993,0.0030833093257773866,0.06824316386364439,0.009110834764397663,4.384577549978747,1.3189150533629512
A_best,motor_80,integral_010,True,60.0,horizon,post_5_60,False,True,"[0.007657612279825949, -0.007235711831430575]",0.010535395177004305,0.017644971780134595,0.014154521453800632,0.05439010119065893,0.0007927722817928675,0.0007927722817928675,0.002216694618212626,0.0020700838484548783,0.012479442783519312,0.01778366565565601,-1.7076184216646695e-18,-1.0164395367051604e-20,5500,5.01,60.0,0.009734198844740574,0.00321628294677,0.07125252235972025,0.009433439442683227,4.384577549978747,1.3189150533629512
A_best,motor_80,integral_010,True,60.0,horizon,tail_58_60,False,True,"[0.00015371830467341395, -0.0001426714671416162]",0.00020972473561315982,0.00021012174487323489,1.2910574757268792e-05,0.00023276257174536388,-1.2162402620884972e-05,1.2162402620884972e-05,1.2165216088020012e-05,2.616198687243828e-07,1.2597450560702939e-05,0.00021047360915573484,-4.03250548619601e-24,-1.0597241856376984e-25,200,58.01,60.0,2.2413078376461493e-05,4.5325700814610193e-07,0.0008180739039362267,4.8209137313678317e-05,1.6333651602943885e-05,8.111656741445248e-07
A_best,motor_80,integral_010,True,60.0,horizon,full_0_20,True,False,,,,,,,,,,,,,,,,,,,,,,
A_best,motor_80,integral_010,True,60.0,horizon,pre_3_5,True,False,,,,,,,,,,,,,,,,,,,,,,
A_best,motor_80,integral_010,True,60.0,horizon,post_5_20,True,False,,,,,,,,,,,,,,,,,,,,,,
A_best,motor_80,integral_010,True,60.0,horizon,tail_18_20,True,False,,,,,,,,,,,,,,,,,,,,,,
A_best,motor_80,integral_010,True,60.0,horizon,full_0_60,True,False,,,,,,,,,,,,,,,,,,,,,,
A_best,motor_80,integral_010,True,60.0,horizon,post_5_60,True,False,,,,,,,,,,,,,,,,,,,,,,
A_best,motor_80,integral_010,True,60.0,horizon,tail_58_60,True,False,,,,,,,,,,,,,,,,,,,,,,
B_best,motor_80,integral_010,True,60.0,horizon,full_0_20,False,True,"[0.01765704925328112, -0.03540616484198116]",0.039564730469830556,0.04888211636894769,0.02870702707625801,0.08542889454520775,-0.0023571647589574686,0.0023571647589574686,0.0054226963056188396,0.004883585723840752,0.024835827184631065,0.04918197775537616,-5.312590645178972e-18,-1.3552527156068805e-20,2000,0.01,20.0,0.021015700587911256,0.009083640022070207,0.19694218209100453,0.023536176346357143,3.9347352245187217,1.245446143495747
B_best,motor_80,integral_010,True,60.0,horizon,pre_3_5,False,True,"[0.001073510702144985, -0.0004889797507765348]",0.0011796297827239275,0.0011844578684581592,0.00010683640701158355,0.001343188489936072,0.001274981190083142,0.001274981190083142,0.0012786850872259802,9.725490850485265e-05,0.001485075487140941,0.0017429790573746315,8.205631676526035e-22,3.143286327701505e-23,200,3.0100000000000002,5.0,0.0002171239652492153,0.00020694963509997521,0.004586523077584158,0.00492711911465985,0.017720633840238635,0.005002528549330134
B_best,motor_80,integral_010,True,60.0,horizon,post_5_20,False,True,"[0.023096223796891274, -0.04704401922245145]",0.052407778986315275,0.05643744354804233,0.02094301162583847,0.08542889454520775,-0.003634624753915072,0.003634624753915072,0.006200362580765224,0.005023345402337111,0.024835827184631065,0.05677701586356418,-8.836247705756861e-18,6.776263578034403e-21,1500,5.01,20.0,0.024245310527257508,0.010457022245365967,0.22737945735889156,0.026933031030830962,3.9347352245187217,1.245446143495747
B_best,motor_80,integral_010,True,60.0,horizon,tail_18_20,False,True,"[0.011380330464037709, -0.023634622983183605]",0.026231799881592865,0.026286200138716912,0.0016902640931955014,0.029252457859363302,-0.0012521464726030496,0.0012521464726030496,0.0012525069119346764,3.0046224253309437e-05,0.001302590874991738,0.026316023470447147,-4.819617469876969e-19,-3.545502900555415e-22,200,18.01,20.0,0.002935056834958094,5.192862826285704e-05,0.10221009019168222,0.004958209327548904,0.002182040003523447,1.7630225350690032e-05
B_best,motor_80,integral_010,True,60.0,horizon,full_0_60,False,True,"[0.0074347531626087655, -0.01488885908202915]",0.01664192534995404,0.02893768032949715,0.023673522414265256,0.08542889454520775,-0.0010666762782020897,0.0010666762782020897,0.003161388243395098,0.0029760002256380407,0.024835827184631065,0.02910985603670418,3.686287386450715e-18,1.3552527156068805e-20,6000,0.01,60.0,0.012154426494880166,0.005244514763132899,0.11639220831540174,0.013698014516451805,3.9347352245187217,1.245446143495747
B_best,motor_80,integral_010,True,60.0,horizon,post_5_60,False,True,"[0.007988864757168593, -0.016197609753070864]",0.018060579221639235,0.03022097708262201,0.024230619761105063,0.08542889454520775,-0.0012977573240309473,0.0012977573240309473,0.0032702996111378603,0.003001780384127473,0.024835827184631065,0.030397406392239673,2.8189256484623115e-18,-5.082197683525802e-21,5500,5.01,60.0,0.012683660082311473,0.005461077979888393,0.12155250059797838,0.014180605557690781,3.9347352245187217,1.245446143495747
B_best,motor_80,integral_010,True,60.0,horizon,tail_58_60,False,True,"[0.00014905240167321755, -0.0002610873809115516]",0.00030063805300694697,0.0003012632733788267,1.939899407489747e-05,0.00033531010836637627,-6.026887021337357e-05,6.026887021337357e-05,6.0350514824450076e-05,3.1381400191358493e-06,6.582911442321038e-05,0.00030724866887669647,-6.048758229294015e-23,-1.0388225270929625e-24,200,58.01,60.0,3.3687112970087154e-05,5.443256211911093e-06,0.0011713704411291336,0.0002359588383517218,2.5124746649533215e-05,3.3534713425775364e-07
B_best,motor_80,integral_010,True,60.0,horizon,full_0_20,True,False,,,,,,,,,,,,,,,,,,,,,,
B_best,motor_80,integral_010,True,60.0,horizon,pre_3_5,True,False,,,,,,,,,,,,,,,,,,,,,,
B_best,motor_80,integral_010,True,60.0,horizon,post_5_20,True,False,,,,,,,,,,,,,,,,,,,,,,
B_best,motor_80,integral_010,True,60.0,horizon,tail_18_20,True,False,,,,,,,,,,,,,,,,,,,,,,
B_best,motor_80,integral_010,True,60.0,horizon,full_0_60,True,False,,,,,,,,,,,,,,,,,,,,,,
B_best,motor_80,integral_010,True,60.0,horizon,post_5_60,True,False,,,,,,,,,,,,,,,,,,,,,,
B_best,motor_80,integral_010,True,60.0,horizon,tail_58_60,True,False,,,,,,,,,,,,,,,,,,,,,,
A_best,motor_70,integral_010,True,60.0,horizon,full_0_20,False,True,"[0.028719792250879256, -0.02693225009806593]",0.03937223085219374,0.049350146382610774,0.029753392843618227,0.09430271444387926,0.00302183239661392,0.00302183239661392,0.006278114214359702,0.005503021629552259,0.02390480570571496,0.04974788102094055,2.6020852139652106e-18,-8.470329472543003e-20,2000,0.01,20.0,0.029094526795371414,0.01009092503363283,0.19981464493462228,0.027095755634340777,8.36836212935465,2.1582498709605797
A_best,motor_70,integral_010,True,60.0,horizon,pre_3_5,False,True,"[-0.0010938709667260766, -0.000957076187982909]",0.0014534608771653052,0.0014571677763820404,0.00010387207072183377,0.0016339550723888396,0.00099717887254807,0.00099717887254807,0.0009988866920025816,5.838595382127894e-05,0.0010879718196250554,0.001766667074461411,5.062345348824529e-22,-1.7081279649220021e-22,200,3.0100000000000002,5.0,0.00047133163259190227,0.00010940510476030254,0.00572557280663054,0.003897599918910115,0.03797356328827345,0.005831078796555326
A_best,motor_70,integral_010,True,60.0,horizon,post_5_20,False,True,"[0.03864929182664828, -0.035582327451148275]",0.052534462836714736,0.05697799098690263,0.022059502971766905,0.09430271444387926,0.003703193906138575,0.003703193906138575,0.007225923886708605,0.006204863488429398,0.02390480570571496,0.05743435759995983,2.8189256484623115e-18,-1.2197274440461925e-19,1500,5.01,20.0,0.03358667675815218,0.01164781454876121,0.23069760706806997,0.031195724863300547,8.36836212935465,2.1582498709605797
A_best,motor_70,integral_010,True,60.0,horizon,tail_18_20,False,True,"[0.01901316924227061, -0.017164893492426204]",0.025615116108297472,0.025663279382454246,0.0015715391882925964,0.028426238451889674,0.0024736659177578913,0.0024736659177578913,0.0024827710473641694,0.00021243587491943567,0.00285203457954486,0.025783096414812766,1.218456894625311e-18,-1.1580528575742387e-21,200,18.01,20.0,0.002737707740359243,0.0003668064022247712,0.09991672939877931,0.009564621317378421,0.007451505286215911,0.0007362642302308575
A_best,motor_70,integral_010,True,60.0,horizon,full_0_60,False,True,"[0.012205087739118717, -0.011353445794576887]",0.016669280072336107,0.0292086316272744,0.023984979954292843,0.09430271444387926,0.0012082227315382125,0.0012082227315382125,0.0036572395394870246,0.003451897866418074,0.02390480570571496,0.029436704343166573,3.2526065174565133e-18,-4.912791094074942e-20,6000,0.01,60.0,0.01681167257522531,0.005826512364744421,0.11804747744583984,0.015755214723211487,8.36836212935465,2.1582498709605797
A_best,motor_70,integral_010,True,60.0,horizon,post_5_60,False,True,"[0.013411796304168402, -0.012296302863282156]",0.018195475927000816,0.030504033291031594,0.02448306971787425,0.09430271444387926,0.0012291749918562358,0.0012291749918562358,0.00380774173452865,0.00360389039182194,0.02390480570571496,0.030740770064154786,6.5052130349130266e-18,-2.202285662861181e-20,5500,5.01,60.0,0.017554633230684697,0.0060834098929917185,0.12328203864432781,0.016408205672635547,8.36836212935465,2.1582498709605797
A_best,motor_70,integral_010,True,60.0,horizon,tail_58_60,False,True,"[0.00026751141513336, -0.00024180403326568435]",0.00036059887372287373,0.0003612816566322614,2.220107404488134e-05,0.00040022502447548326,-2.3406487681712497e-05,2.3406487681712497e-05,2.3414265286975594e-05,6.034511866853132e-07,2.4432835865506597e-05,0.00036203958794292105,-1.3379646408045223e-22,-5.16533498964235e-25,200,58.01,60.0,3.85485477150738e-05,1.0447588872389145e-06,0.0014065780893900285,9.261354906384054e-05,2.6686402191677665e-05,1.1681157058317163e-06
A_best,motor_70,integral_010,True,60.0,horizon,full_0_20,True,False,,,,,,,,,,,,,,,,,,,,,,
A_best,motor_70,integral_010,True,60.0,horizon,pre_3_5,True,False,,,,,,,,,,,,,,,,,,,,,,
A_best,motor_70,integral_010,True,60.0,horizon,post_5_20,True,False,,,,,,,,,,,,,,,,,,,,,,
A_best,motor_70,integral_010,True,60.0,horizon,tail_18_20,True,False,,,,,,,,,,,,,,,,,,,,,,
A_best,motor_70,integral_010,True,60.0,horizon,full_0_60,True,False,,,,,,,,,,,,,,,,,,,,,,
A_best,motor_70,integral_010,True,60.0,horizon,post_5_60,True,False,,,,,,,,,,,,,,,,,,,,,,
A_best,motor_70,integral_010,True,60.0,horizon,tail_58_60,True,False,,,,,,,,,,,,,,,,,,,,,,
B_best,motor_70,integral_010,True,60.0,horizon,full_0_20,False,True,"[0.03030097925857099, -0.06135704686436823]",0.06843125414563603,0.08481683025769392,0.0501104594971731,0.14798169588660268,-0.0047885759217647875,0.0047885759217647875,0.009919081271302083,0.00868663996653424,0.04642673692724897,0.08539486441367045,9.974659986866641e-18,3.1170812458958252e-19,2000,0.01,20.0,0.037270046401765664,0.016716989129678738,0.34180474903626085,0.04309249558253843,7.199460731684743,2.0128642347063708
B_best,motor_70,integral_010,True,60.0,horizon,pre_3_5,False,True,"[0.001073510702144985, -0.0004889797507765348]",0.0011796297827239275,0.0011844578684581592,0.00010683640701158355,0.001343188489936072,0.001274981190083142,0.001274981190083142,0.0012786850872259802,9.725490850485265e-05,0.001485075487140941,0.0017429790573746315,8.205631676526035e-22,3.143286327701505e-23,200,3.0100000000000002,5.0,0.0002171239652492153,0.00020694963509997521,0.004586523077584158,0.00492711911465985,0.017720633840238635,0.005002528549330134
B_best,motor_70,integral_010,True,60.0,horizon,post_5_20,False,True,"[0.039954797137277766, -0.08164519525230088]",0.0908973251645358,0.0979341422925561,0.03645233194887886,0.14798169588660268,-0.006876506304324831,0.006876506304324831,0.011420210747818318,0.009117832778197107,0.04642673692724897,0.09859775575591573,1.929879867024198e-17,2.981555974335137e-19,1500,5.01,20.0,0.043023605915999026,0.01928582191460177,0.3946649660975629,0.0496259703368448,7.199460731684743,2.0128642347063708
B_best,motor_70,integral_010,True,60.0,horizon,tail_18_20,False,True,"[0.019619791759760963, -0.04090770574177048]",0.04536933565473122,0.045463420611906356,0.0029233535508808375,0.05059395648018233,-0.002417301714473194,0.002417301714473194,0.002418242471400486,6.744680637425147e-05,0.002532242017772579,0.04552768949096359,-1.717782817031721e-18,1.6510525026558432e-21,200,18.01,20.0,0.005076420858108205,0.00011662500210233743,0.17677786380519964,0.009556462687707762,0.003740600215501486,1.9422823168202782e-05
B_best,motor_70,integral_010,True,60.0,horizon,full_0_60,False,True,"[0.012771449778844852, -0.02579537540167532]",0.028783872595029885,0.050202797519242184,0.041131612625705714,0.14798169588660268,-0.0021169163013772725,0.0021169163013772725,0.005785283810843277,0.005384066692098858,0.04642673692724897,0.050535041184608075,2.6020852139652106e-18,1.3213713977167085e-19,6000,0.01,60.0,0.021553304717724542,0.009651709763612468,0.20197378424465956,0.0250881239030673,7.199460731684743,2.0128642347063708
B_best,motor_70,integral_010,True,60.0,horizon,post_5_60,False,True,"[0.013810715611244318, -0.028095627556321237]",0.03130655128688219,0.05243312662549955,0.04206105816842331,0.14798169588660268,-0.0024434737129493283,0.0024434737129493283,0.006025288018547975,0.005507588575827294,0.04642673692724897,0.05277818548825005,-3.469446951953614e-18,8.809142651444724e-20,5500,5.01,60.0,0.022505364802738074,0.010071850488321673,0.21094598076386237,0.026134835034705043,7.199460731684743,2.0128642347063708
B_best,motor_70,integral_010,True,60.0,horizon,tail_58_60,False,True,"[0.00025719195796737907, -0.0004520431525327086]",0.000520087218642031,0.0005211688159052929,3.3559196613165346e-05,0.000580072949332973,-0.00010779222257375598,0.00010779222257375598,0.00010793987965657094,5.643967831665231e-06,0.00011780204598366151,0.0005322292290849875,1.852884572118782e-22,1.4863401631812216e-25,200,58.01,60.0,5.82803356576068e-05,9.792215212737809e-06,0.0020264027539096084,0.00042196732789786205,4.226826297675103e-05,6.230981135234989e-07
B_best,motor_70,integral_010,True,60.0,horizon,full_0_20,True,False,,,,,,,,,,,,,,,,,,,,,,
B_best,motor_70,integral_010,True,60.0,horizon,pre_3_5,True,False,,,,,,,,,,,,,,,,,,,,,,
B_best,motor_70,integral_010,True,60.0,horizon,post_5_20,True,False,,,,,,,,,,,,,,,,,,,,,,
B_best,motor_70,integral_010,True,60.0,horizon,tail_18_20,True,False,,,,,,,,,,,,,,,,,,,,,,
B_best,motor_70,integral_010,True,60.0,horizon,full_0_60,True,False,,,,,,,,,,,,,,,,,,,,,,
B_best,motor_70,integral_010,True,60.0,horizon,post_5_60,True,False,,,,,,,,,,,,,,,,,,,,,,
B_best,motor_70,integral_010,True,60.0,horizon,tail_58_60,True,False,,,,,,,,,,,,,,,,,,,,,,
A_best,combined_80,integral_010,True,60.0,horizon,full_0_20,False,True,"[0.05279655550005073, -0.021504198258695015]",0.05700795396625982,0.061881816856190965,0.024071818419138063,0.10364330782084534,-0.006510084378943127,0.006510084378943127,0.010133326843349909,0.007765507986809133,0.027693234700649216,0.06270600904488594,7.047314121155779e-18,8.131516293641283e-20,2000,0.01,20.0,0.027706924246626054,0.011332640937521826,0.2493390136490574,0.04210328426294498,5.27778914781964,1.4899644462585544
A_best,combined_80,integral_010,True,60.0,horizon,pre_3_5,False,True,"[0.05360119632518869, -0.005010449365530163]",0.0538348664931563,0.0539423571423373,0.0034036809097650537,0.05918507594919233,-0.011621783095242205,0.011621783095242205,0.011661336234271819,0.0009596460055057269,0.013473144590540387,0.05518844676959308,5.456586246212203e-18,2.4775713707188285e-19,200,3.0100000000000002,5.0,0.00799900527236463,0.001737237354134239,0.21037695691006023,0.044997962585871805,0.42542669681842016,0.07486877368527142
A_best,combined_80,integral_010,True,60.0,horizon,post_5_20,False,True,"[0.05257467451746996, -0.02704273135268111]",0.05912195632445857,0.06390068338539587,0.02424647639327026,0.10364330782084534,-0.003451547870012976,0.003451547870012976,0.006680426594936293,0.005719695515614543,0.027693234700649216,0.06424893334998598,9.324138683375338e-18,-1.1519648082658485e-19,1500,5.01,20.0,0.02313052088481149,0.008287988703959696,0.2557750018615584,0.02749079263555969,5.27778914781964,1.4899644462585544
A_best,combined_80,integral_010,True,60.0,horizon,tail_18_20,False,True,"[0.024815868767678877, -0.013017956015616094]",0.02802310692123868,0.028076262240977853,0.0017268410190238712,0.031110869489043777,-0.00124759126275282,0.00124759126275282,0.0012476960797230664,1.617245989733454e-05,0.0012752352698623959,0.028103972084591797,1.3298417271892515e-19,1.4961629329552888e-21,200,18.01,20.0,0.003003035832285674,3.0288703981075564e-05,0.10930248654073528,0.004961764489989938,0.00488251508776069,0.00048401109532087626
A_best,combined_80,integral_010,True,60.0,horizon,full_0_60,False,True,"[0.021018016505936942, -0.008970439428705484]",0.022852260312448563,0.03641035218686215,0.028345862925362227,0.10364330782084534,-0.002485033812642297,0.002485033812642297,0.005870057132846842,0.005318099067609659,0.027693234700649216,0.036880500499779326,6.505213034913027e-19,-1.4568966692773966e-19,6000,0.01,60.0,0.016014175267319634,0.006542957222858379,0.1465262212430735,0.02438173970135374,5.27778914781964,1.4899644462585544
A_best,combined_80,integral_010,True,60.0,horizon,post_5_60,False,True,"[0.01806854542031366, -0.009341515833429917]",0.020340507655222363,0.034166730146744734,0.027452307685298816,0.10364330782084534,-0.0012849738041794518,0.0012849738041794518,0.003524432845785996,0.003281839302438157,0.027693234700649216,0.03434802870333217,-5.421010862427522e-19,-6.776263578034403e-21,5500,5.01,60.0,0.012104897950394763,0.004328349868625808,0.1365889593445807,0.014491739423370115,5.27778914781964,1.4899644462585544
A_best,combined_80,integral_010,True,60.0,horizon,tail_58_60,False,True,"[0.0003429094744317178, -0.00018343865840354676]",0.0003888915646448635,0.000389632921700895,2.4024250690619013e-05,0.00043177195325656045,-7.609249222522319e-05,7.609249222522319e-05,7.618957136950543e-05,3.844920340308026e-06,8.290006972755393e-05,0.0003970121716756865,5.0664812518872945e-23,-3.67061396820406e-24,200,58.01,60.0,4.1711755302513764e-05,6.670072960624728e-06,0.0015168200094506708,0.00029808825255442183,2.9340512393257002e-05,9.769207676806932e-07
A_best,combined_80,integral_010,True,60.0,horizon,full_0_20,True,False,,,,,,,,,,,,,,,,,,,,,,
A_best,combined_80,integral_010,True,60.0,horizon,pre_3_5,True,False,,,,,,,,,,,,,,,,,,,,,,
A_best,combined_80,integral_010,True,60.0,horizon,post_5_20,True,False,,,,,,,,,,,,,,,,,,,,,,
A_best,combined_80,integral_010,True,60.0,horizon,tail_18_20,True,False,,,,,,,,,,,,,,,,,,,,,,
A_best,combined_80,integral_010,True,60.0,horizon,full_0_60,True,False,,,,,,,,,,,,,,,,,,,,,,
A_best,combined_80,integral_010,True,60.0,horizon,post_5_60,True,False,,,,,,,,,,,,,,,,,,,,,,
A_best,combined_80,integral_010,True,60.0,horizon,tail_58_60,True,False,,,,,,,,,,,,,,,,,,,,,,
B_best,combined_80,integral_010,True,60.0,horizon,full_0_20,False,True,"[0.05608141028287819, -0.05263119117831878]",0.07691012198771535,0.08586965282713936,0.0381894018346474,0.14129132426938698,-0.018653376467704912,0.018653376467704912,0.021470233985144194,0.010631203776191719,0.05278099432930361,0.08851309634189894,1.691355389077387e-17,3.1170812458958252e-19,2000,0.01,20.0,0.03245067407353443,0.016509104359269607,0.3454145447933237,0.0875131642063459,4.73765316706561,1.4131761535698568
B_best,combined_80,integral_010,True,60.0,horizon,pre_3_5,False,True,"[0.05985628418211087, -0.018055386359944643]",0.06252017060674492,0.06262271205686576,0.003582224540788056,0.06757187017176869,-0.02266898685363907,0.02266898685363907,0.022737094663050263,0.0017585530262255562,0.02566689220510554,0.06662266535552018,3.9590319954666e-18,6.183340514956392e-19,200,3.0100000000000002,5.0,0.0061477963352830406,0.003066620771484523,0.24500311238014882,0.08810690349827127,0.1821687674627562,0.03202439637402564
B_best,combined_80,integral_010,True,60.0,horizon,post_5_20,False,True,"[0.05543100499926791, -0.06571675568856111]",0.08597260199307041,0.09251663924670951,0.03417660375237516,0.14129132426938698,-0.01605430229548395,0.01605430229548395,0.01913405718711619,0.010410164371663408,0.05278099432930361,0.09447455044585089,3.209238430557093e-17,1.3417001884508117e-18,1500,5.01,20.0,0.029760660667260474,0.013548868462401838,0.37061407373362304,0.07711798918001829,4.73765316706561,1.4131761535698568
B_best,combined_80,integral_010,True,60.0,horizon,tail_18_20,False,True,"[0.02596758781134791, -0.032148671743966906]",0.04132617465531259,0.04141180894603944,0.0026618055041403815,0.04608278056078663,-0.007049246242459379,0.007049246242459379,0.007058274096355047,0.0003568762144623947,0.0076810621023969405,0.042009012763959935,-3.3373098121819433e-19,-2.898440866385809e-20,200,18.01,20.0,0.004622260597328809,0.0006189371728324521,0.161026130870486,0.027614162278508176,0.00339077222101352,2.0768058172755555e-05
B_best,combined_80,integral_010,True,60.0,horizon,full_0_60,False,True,"[0.022215188552312394, -0.02169631093076807]",0.03105228671803991,0.05059113683850016,0.03994018798394026,0.14129132426938698,-0.007368432453878777,0.007368432453878777,0.012550067449406474,0.010159251751840674,0.05278099432930361,0.05212453663675582,4.7704895589362195e-18,8.131516293641283e-20,6000,0.01,60.0,0.01876915975986643,0.009533171500362467,0.20324005934548314,0.05110447492986321,4.73765316706561,1.4131761535698568
B_best,combined_80,integral_010,True,60.0,horizon,post_5_60,False,True,"[0.01895905786309455, -0.02245283941105681]",0.02938666147548702,0.04944892132773867,0.03976958571323073,0.14129132426938698,-0.005633690042016158,0.005633690042016158,0.010200280564893383,0.008503367574851135,0.05278099432930361,0.050490014300645925,9.75781955236954e-18,-2.710505431213761e-20,5500,5.01,60.0,0.015586363724991698,0.007078069261119554,0.19782862294104328,0.04106241969375297,4.73765316706561,1.4131761535698568
B_best,combined_80,integral_010,True,60.0,horizon,tail_58_60,False,True,"[0.0003353938542205172, -0.00033750683171325437]",0.00047581498389816663,0.0004768020151533864,3.066370415194114e-05,0.0005306139722542006,-0.00016850196665861128,0.00016850196665861128,0.0001687664224883512,9.444182955498468e-06,0.00018529912453679742,0.0005057887573027368,-2.034864306880448e-22,-1.4372263143108856e-23,200,58.01,60.0,5.324971032042387e-05,1.6389162104371957e-05,0.0018539741606746966,0.0006586765324310122,3.9171373082470396e-05,6.181576855572185e-07
B_best,combined_80,integral_010,True,60.0,horizon,full_0_20,True,False,,,,,,,,,,,,,,,,,,,,,,
B_best,combined_80,integral_010,True,60.0,horizon,pre_3_5,True,False,,,,,,,,,,,,,,,,,,,,,,
B_best,combined_80,integral_010,True,60.0,horizon,post_5_20,True,False,,,,,,,,,,,,,,,,,,,,,,
B_best,combined_80,integral_010,True,60.0,horizon,tail_18_20,True,False,,,,,,,,,,,,,,,,,,,,,,
B_best,combined_80,integral_010,True,60.0,horizon,full_0_60,True,False,,,,,,,,,,,,,,,,,,,,,,
B_best,combined_80,integral_010,True,60.0,horizon,post_5_60,True,False,,,,,,,,,,,,,,,,,,,,,,
B_best,combined_80,integral_010,True,60.0,horizon,tail_58_60,True,False,,,,,,,,,,,,,,,,,,,,,,
A_best,combined_70,integral_010,True,60.0,horizon,full_0_20,False,True,"[0.07174994011533012, -0.03655069439083896]",0.08052333305946771,0.09048918427291054,0.041282990484833006,0.17898806259576122,-0.006347766867118922,0.006347766867118922,0.013074544137810357,0.011430203856986077,0.055531083483941646,0.09142885854470847,-1.5612511283791264e-17,-9.75781955236954e-19,2000,0.01,20.0,0.0498354392281593,0.020206902897513528,0.3657932520511074,0.05609626931117801,11.78792847083873,2.5897427178038432
A_best,combined_70,integral_010,True,60.0,horizon,pre_3_5,False,True,"[0.05360119632518869, -0.005010449365530163]",0.0538348664931563,0.0539423571423373,0.0034036809097650537,0.05918507594919233,-0.011621783095242205,0.011621783095242205,0.011661336234271819,0.0009596460055057269,0.013473144590540387,0.05518844676959308,5.456586246212203e-18,2.4775713707188285e-19,200,3.0100000000000002,5.0,0.00799900527236463,0.001737237354134239,0.21037695691006023,0.044997962585871805,0.42542669681842016,0.07486877368527142
A_best,combined_70,integral_010,True,60.0,horizon,post_5_20,False,True,"[0.07784585400450918, -0.04710472619553965]",0.09098808831736227,0.09947466153611895,0.04020417978366572,0.17898806259576122,-0.003235124520914038,0.003235124520914038,0.01164648537056823,0.011188145101894259,0.055531083483941646,0.10015412577229299,-1.0625181290357943e-17,2.710505431213761e-20,1500,5.01,20.0,0.05313082092542657,0.021020886174103685,0.4011656319636571,0.05087124459134542,11.78792847083873,2.5897427178038432
A_best,combined_70,integral_010,True,60.0,horizon,tail_18_20,False,True,"[0.036283694810938336, -0.02194262521421638]",0.04240265687931451,0.04248256612498382,0.002604441233498253,0.047024176792696694,-0.0007518750725425766,0.0007518750725425766,0.0007542294294709611,5.954752361926286e-05,0.0008337893004065622,0.0424892608384272,-7.835054762102278e-19,2.0679515313825692e-23,200,18.01,20.0,0.004593905510657909,0.00018832347746510552,0.1653916119269526,0.0030877009138403013,0.04910513291706093,0.00540892456590617
A_best,combined_70,integral_010,True,60.0,horizon,full_0_60,False,True,"[0.02891687761985107, -0.015222424272444583]",0.03267886185306572,0.053313211053636955,0.042123514345765126,0.17898806259576122,-0.0024426169424493415,0.0024426169424493415,0.0075628782685213565,0.007157565939405118,0.055531083483941646,0.0538469646364037,3.469446951953614e-18,-2.507217523872729e-19,6000,0.01,60.0,0.02879487126380147,0.011666498712043612,0.21520356058298212,0.03243983558142066,11.78792847083873,2.5897427178038432
A_best,combined_70,integral_010,True,60.0,horizon,post_5_60,False,True,"[0.026685484817310846, -0.016161862935690736]",0.031198091503920264,0.053120819968911756,0.04299419263903613,0.17898806259576122,-0.0012387008548780394,0.0012387008548780394,0.006101509345817248,0.005974448634746098,0.055531083483941646,0.05347008444416961,3.903127820947816e-18,1.2874900798265365e-19,5500,5.01,60.0,0.02777196709169125,0.010977843695259728,0.21391027211363445,0.026636611931160896,11.78792847083873,2.5897427178038432
A_best,combined_70,integral_010,True,60.0,horizon,tail_58_60,False,True,"[0.0005016482512533625, -0.0003091061773572666]",0.0005892347553106306,0.000590357441453245,3.6391095246541276e-05,0.0006541900874621779,-0.00010202621900802678,0.00010202621900802678,0.0001021472653662616,4.971363669218361e-06,0.00011081754335928728,0.0005991293453846398,4.03250548619601e-23,-2.5849394142282115e-24,200,58.01,60.0,6.318439004203259e-05,8.621743996688594e-06,0.0022982455019407355,0.0003999673723244321,4.4707096996233396e-05,1.5846893956892642e-06
A_best,combined_70,integral_010,True,60.0,horizon,full_0_20,True,False,,,,,,,,,,,,,,,,,,,,,,
A_best,combined_70,integral_010,True,60.0,horizon,pre_3_5,True,False,,,,,,,,,,,,,,,,,,,,,,
A_best,combined_70,integral_010,True,60.0,horizon,post_5_20,True,False,,,,,,,,,,,,,,,,,,,,,,
A_best,combined_70,integral_010,True,60.0,horizon,tail_18_20,True,False,,,,,,,,,,,,,,,,,,,,,,
A_best,combined_70,integral_010,True,60.0,horizon,full_0_60,True,False,,,,,,,,,,,,,,,,,,,,,,
A_best,combined_70,integral_010,True,60.0,horizon,post_5_60,True,False,,,,,,,,,,,,,,,,,,,,,,
A_best,combined_70,integral_010,True,60.0,horizon,tail_58_60,True,False,,,,,,,,,,,,,,,,,,,,,,
B_best,combined_70,integral_010,True,60.0,horizon,full_0_20,False,True,"[0.07417509196098478, -0.08676505482440833]",0.11414954667497866,0.13129872272868204,0.06487862193419516,0.22605889690403783,-0.02293718348522735,0.02293718348522735,0.027357856641639373,0.014911000428861452,0.08850981410496916,0.13411862998930393,-3.642919299551295e-17,-1.2197274440461925e-18,2000,0.01,20.0,0.053334144072854625,0.026896804401856322,0.5285788399301949,0.11277780423767068,9.135358749877657,2.2883569333004896
B_best,combined_70,integral_010,True,60.0,horizon,pre_3_5,False,True,"[0.05985628418211087, -0.018055386359944643]",0.06252017060674492,0.06262271205686576,0.003582224540788056,0.06757187017176869,-0.02266898685363907,0.02266898685363907,0.022737094663050263,0.0017585530262255562,0.02566689220510554,0.06662266535552018,3.9590319954666e-18,6.183340514956392e-19,200,3.0100000000000002,5.0,0.0061477963352830406,0.003066620771484523,0.24500311238014882,0.08810690349827127,0.1821687674627562,0.03202439637402564
B_best,combined_70,integral_010,True,60.0,horizon,post_5_20,False,True,"[0.07955591390340998, -0.11122857388334714]",0.1367513769039639,0.14735559582931454,0.054888364314145247,0.22605889690403783,-0.021766044985513842,0.021766044985513842,0.027375548237494097,0.016603009576337518,0.08850981410496916,0.14987692371914918,-3.0791341698588326e-17,-1.463672932855431e-18,1500,5.01,20.0,0.05722187657031324,0.02801348336652818,0.5922842515822339,0.11266864343812538,9.135358749877657,2.2883569333004896
B_best,combined_70,integral_010,True,60.0,horizon,tail_18_20,False,True,"[0.03752881184583983, -0.05455111075252733]",0.0662135590562458,0.06635089739985502,0.004266870383681482,0.07383914809527443,-0.009242114324596692,0.009242114324596692,0.009252876240907893,0.00044614071843138874,0.010030334407104102,0.06699296458954211,-2.6156377411212794e-18,-6.000699035704684e-20,200,18.01,20.0,0.0074096424778793595,0.0007735997517520439,0.2579954479788311,0.03623791281353293,0.00540942412321657,2.1599093383506265e-05
B_best,combined_70,integral_010,True,60.0,horizon,full_0_60,False,True,"[0.029819719366704973, -0.03599675595428219]",0.04674379212624057,0.07750538241963972,0.06182315263453826,0.22605889690403783,-0.009204316273068933,0.009204316273068933,0.016012237304900118,0.01310237785494506,0.08850981410496916,0.0791421256191861,-7.37257477290143e-18,-1.2468324983583301e-18,6000,0.01,60.0,0.030845224864978617,0.01553055715524918,0.31156446964761414,0.06591952745421746,9.135358749877657,2.2883569333004896
B_best,combined_70,integral_010,True,60.0,horizon,post_5_60,False,True,"[0.027254909660613662, -0.03805332489125404]",0.04680689731105392,0.07877967444027838,0.0633668010004349,0.22605889690403783,-0.007636472390223574,0.007636472390223574,0.014557577114570557,0.01239384286168024,0.08850981410496916,0.08011342057584933,-1.3010426069826053e-17,-7.589415207398531e-19,5500,5.01,60.0,0.029942430432720803,0.014631509800560634,0.31618299777340775,0.05981178534318283,9.135358749877657,2.2883569333004896
B_best,combined_70,integral_010,True,60.0,horizon,tail_58_60,False,True,"[0.0004868149390113673, -0.0005838094485930069]",0.0007601462077200097,0.0007617252672652751,4.902168580579896e-05,0.0008477588693884452,-0.00024080002108236076,0.00024080002108236076,0.00024116907414326388,1.3336872566448441e-05,0.0002645067684539093,0.000798991805410715,2.125854174261281e-22,4.079034395652118e-23,200,58.01,60.0,8.51314727549535e-05,2.3143874287877865e-05,0.0029617898575013267,0.0009415324356011263,6.20265231914579e-05,5.567504399786071e-07
B_best,combined_70,integral_010,True,60.0,horizon,full_0_20,True,False,,,,,,,,,,,,,,,,,,,,,,
B_best,combined_70,integral_010,True,60.0,horizon,pre_3_5,True,False,,,,,,,,,,,,,,,,,,,,,,
B_best,combined_70,integral_010,True,60.0,horizon,post_5_20,True,False,,,,,,,,,,,,,,,,,,,,,,
B_best,combined_70,integral_010,True,60.0,horizon,tail_18_20,True,False,,,,,,,,,,,,,,,,,,,,,,
B_best,combined_70,integral_010,True,60.0,horizon,full_0_60,True,False,,,,,,,,,,,,,,,,,,,,,,
B_best,combined_70,integral_010,True,60.0,horizon,post_5_60,True,False,,,,,,,,,,,,,,,,,,,,,,
B_best,combined_70,integral_010,True,60.0,horizon,tail_58_60,True,False,,,,,,,,,,,,,,,,,,,,,,
A_best,nominal,integral_020,True,60.0,horizon,full_0_20,False,True,"[-0.0003560832700095745, -0.00032206611734047444]",0.00048012694063078755,0.0007038266946718087,0.0005146359266638549,0.0018677270210187011,0.00032819337578398944,0.00032819337578398944,0.0004713716390947533,0.0003383494203251774,0.0011296668344411565,0.00084709104485617,-9.529120656610879e-22,-1.1911400820763599e-22,2000,0.01,20.0,0.000678115751652246,0.00027543896661992785,0.0028964787874250753,0.0019056745732474688,0.11736250531904448,0.02533360870831458
A_best,nominal,integral_020,True,60.0,horizon,pre_3_5,False,True,"[-0.0008116282258446321, -0.0006870117979496155]",0.0010633558141608427,0.0010731661449213184,0.00014477564400000877,0.0012839565325329326,0.0007314435903819827,0.0007314435903819827,0.0007374192221266139,9.368768996476818e-05,0.0008921834665958084,0.0013021031770820255,-1.3334151474354806e-21,1.9025154088719637e-22,200,3.0100000000000002,5.0,0.0005041233124161524,0.00016710863580782803,0.004112982684726426,0.002790106850133619,0.03833117139902931,0.0058862272366919585
A_best,nominal,integral_020,True,60.0,horizon,post_5_20,False,True,"[-0.00017003885670995297, -0.00015403520040153075]",0.0002294342078984031,0.00031487843434994,0.0002156579993060815,0.0008029525978235225,0.0001611711070611744,0.0001611711070611744,0.00021918027694765844,0.0001485391128677142,0.0005705149085559746,0.000383651433232722,-1.9852334701272664e-23,1.7536228986124187e-22,1500,5.01,20.0,0.00010774144612768446,5.0404103677278074e-05,0.001198027896394503,0.0008271794430329536,0.01707476045655304,0.0025490726750995968
A_best,nominal,integral_020,True,60.0,horizon,tail_18_20,False,True,"[-2.110471632544858e-05, -2.241259944773399e-05]",3.0785283256488344e-05,3.107362084469504e-05,4.223298144536367e-06,3.891742098684142e-05,2.25420362595774e-05,2.25420362595774e-05,2.274628264092342e-05,3.0413771967107124e-06,2.8226542312159708e-05,3.850926234531948e-05,3.6835386652752014e-25,-4.2005265481208437e-26,200,18.01,20.0,7.583512418909217e-06,5.339395572470696e-06,0.00011680718948868259,8.564713703967227e-05,8.39394541184383e-05,1.0097812064040791e-05
A_best,nominal,integral_020,True,60.0,horizon,full_0_60,False,True,"[-0.00011980048785053018, -0.0001086421507688342]",0.00016172592189535708,0.0004063796568014034,0.00037281248859060914,0.0018677270210187011,0.00011064925485300273,0.00011064925485300273,0.00027216691384730345,0.000248659549170428,0.0011296668344411565,0.0004891004543600342,2.3822801641527197e-22,2.514629062161204e-22,6000,0.01,60.0,0.0003915118264046318,0.00015902669215749133,0.0016723691492784183,0.0011003131436927078,0.11736250531904448,0.02533360870831458
A_best,nominal,integral_020,True,60.0,horizon,post_5_60,False,True,"[-4.7580849481629796e-05, -4.34133582789731e-05]",6.4410068424525e-05,0.00016450761968253507,0.0001513740401097942,0.0008029525978235225,4.532098875305439e-05,4.532098875305439e-05,0.00011451599362496561,0.00010516615793285683,0.0005705149085559746,0.00020044118770733415,2.3161057151484775e-23,9.760731228125727e-23,5500,5.01,60.0,5.627763132394984e-05,2.6335405643624303e-05,0.0006259013802003134,0.00043217876631997213,0.01707476045655304,0.0025490726750995968
A_best,nominal,integral_020,True,60.0,horizon,tail_58_60,False,True,"[-1.5213781518247602e-09, -2.4593884981149514e-09]",2.8919168842672224e-09,7.467907644595507e-09,6.885235023054633e-09,1.3229429758322786e-08,1.644509729503696e-09,1.644509729503696e-09,1.867986479558901e-09,8.859803820528677e-10,3.910229917636343e-09,7.697987923868345e-09,4.930380657631324e-32,-9.14816723583937e-33,200,58.01,60.0,4.3043628945916777e-08,7.211361609182765e-09,5.2295707232583875e-08,9.040218382087773e-09,2.9575586669421963e-06,7.209056459988965e-07
A_best,nominal,integral_020,True,60.0,horizon,full_0_20,True,False,,,,,,,,,,,,,,,,,,,,,,
A_best,nominal,integral_020,True,60.0,horizon,pre_3_5,True,False,,,,,,,,,,,,,,,,,,,,,,
A_best,nominal,integral_020,True,60.0,horizon,post_5_20,True,False,,,,,,,,,,,,,,,,,,,,,,
A_best,nominal,integral_020,True,60.0,horizon,tail_18_20,True,False,,,,,,,,,,,,,,,,,,,,,,
A_best,nominal,integral_020,True,60.0,horizon,full_0_60,True,False,,,,,,,,,,,,,,,,,,,,,,
A_best,nominal,integral_020,True,60.0,horizon,post_5_60,True,False,,,,,,,,,,,,,,,,,,,,,,
A_best,nominal,integral_020,True,60.0,horizon,tail_58_60,True,False,,,,,,,,,,,,,,,,,,,,,,
B_best,nominal,integral_020,True,60.0,horizon,full_0_20,False,True,"[0.0003819721485795321, -0.00014563544719719442]",0.0004087938426282751,0.0006843857283471623,0.0005488819721893637,0.002393899750672729,0.0004376314232489945,0.0004376314232489945,0.0006820953531836644,0.0005231948090528099,0.002029363990850852,0.0009662493963775728,-3.705769144237564e-22,8.999725064576941e-22,2000,0.01,20.0,0.0008963962945603814,0.0007142209436748764,0.0028816917074918885,0.00282104903468299,0.1812389158792786,0.052867461551701744
B_best,nominal,integral_020,True,60.0,horizon,pre_3_5,False,True,"[0.0006866881972148647, -0.00036676843235183354]",0.000778498402801202,0.0007919077398131217,0.00014511411100201114,0.0010142144243679996,0.0008663949326117804,0.0008663949326117804,0.0008773455659079625,0.0001381848861597793,0.0011597133445755414,0.0011818854049332743,4.036641389258775e-22,3.771943593241806e-22,200,3.0100000000000002,5.0,0.0002698364000835494,0.00027740318714123156,0.0029485618457491445,0.0032457733017818157,0.018171485402901935,0.004964111092989242
B_best,nominal,integral_020,True,60.0,horizon,post_5_20,False,True,"[0.0001410287039364385, -4.923531631382447e-05]",0.00014937607474597121,0.00020665394420371478,0.00014280280441377255,0.0005685993522687128,0.0001732382890506637,0.0001732382890506637,0.00023896170022856387,0.00016459401381254668,0.0006489177681523461,0.0003159249069495441,-9.926167350636332e-23,-9.26442286059391e-23,1500,5.01,20.0,5.349392778215131e-05,5.908994970249248e-05,0.0007744965555295844,0.000896963590786407,0.0027288472968820883,0.001188037832958491
B_best,nominal,integral_020,True,60.0,horizon,tail_18_20,False,True,"[2.0286994733885454e-05, -2.0827381532644214e-06]",2.039362531645022e-05,2.0576758164420934e-05,2.739164655383894e-06,2.5470895859954293e-05,2.3056487946169212e-05,2.3056487946169212e-05,2.3267497552670505e-05,3.126468607180018e-06,2.8874517729038374e-05,3.1060898553013426e-05,-1.6802106192483375e-25,-3.618915179919496e-25,200,18.01,20.0,4.798049972575146e-06,5.477167803846123e-06,7.752594915738862e-05,8.759282768595056e-05,8.408695236852925e-06,8.270088103283863e-07
B_best,nominal,integral_020,True,60.0,horizon,full_0_60,False,True,"[0.00012847780658415412, -4.8551754541503676e-05]",0.00013734562116694417,0.0003951419888289259,0.00037050421277219674,0.002393899750672729,0.0001471611923108721,0.0001471611923108721,0.0003938226306454616,0.00036529419361133297,0.002029363990850852,0.000557883012596898,5.293955920339377e-23,1.3234889800848443e-22,6000,0.01,60.0,0.0005175351236270427,0.0004123564280134937,0.0016637849629796988,0.001628783789723079,0.1812389158792786,0.052867461551701744
B_best,nominal,integral_020,True,60.0,horizon,post_5_60,False,True,"[3.9721017863731044e-05, -1.343501951370344e-05]",4.193159917609192e-05,0.00010796824168240921,9.949312640844451e-05,0.0005685993522687128,4.8647589262407115e-05,4.8647589262407115e-05,0.0001248442564636316,0.00011497608634369648,0.0006489177681523461,0.00016505523191934313,-2.481541837659083e-23,4.963083675318166e-24,5500,5.01,60.0,2.794602520811231e-05,3.086999958885663e-05,0.0004046447591204149,0.00046861498338887685,0.0027288472968820883,0.001188037832958491
B_best,nominal,integral_020,True,60.0,horizon,tail_58_60,False,True,"[2.4922112271660642e-09, 1.0512387071099656e-09]",2.7048511271674107e-09,3.451875920542183e-09,2.144581019845166e-09,5.150166033095569e-09,2.3209898514231496e-09,2.3209898514231496e-09,3.032222667004052e-09,1.9512509863889723e-09,6.646287520339911e-09,4.5945425967240866e-09,-7.703719777548943e-34,-2.5422275265911513e-32,200,58.01,60.0,1.3232746934807359e-08,1.0865208688487684e-08,1.8761070361836743e-08,1.3494781861864857e-08,1.2074182697257333e-06,8.283312401022991e-07
B_best,nominal,integral_020,True,60.0,horizon,full_0_20,True,False,,,,,,,,,,,,,,,,,,,,,,
B_best,nominal,integral_020,True,60.0,horizon,pre_3_5,True,False,,,,,,,,,,,,,,,,,,,,,,
B_best,nominal,integral_020,True,60.0,horizon,post_5_20,True,False,,,,,,,,,,,,,,,,,,,,,,
B_best,nominal,integral_020,True,60.0,horizon,tail_18_20,True,False,,,,,,,,,,,,,,,,,,,,,,
B_best,nominal,integral_020,True,60.0,horizon,full_0_60,True,False,,,,,,,,,,,,,,,,,,,,,,
B_best,nominal,integral_020,True,60.0,horizon,post_5_60,True,False,,,,,,,,,,,,,,,,,,,,,,
B_best,nominal,integral_020,True,60.0,horizon,tail_58_60,True,False,,,,,,,,,,,,,,,,,,,,,,
A_best,centered_payload,integral_020,True,60.0,horizon,full_0_20,False,True,"[0.0018636946930653566, -0.0013672431226709986]",0.0023114306533943683,0.0033744363922814965,0.0024584770285895705,0.007975527333196604,-0.005093481030408697,0.005093481030408697,0.007389098847417555,0.005353058263252349,0.018183648411892794,0.008123152266359483,4.1504614415460717e-20,-5.759824041329242e-20,2000,0.01,20.0,0.0020911071832947995,0.005212648820898328,0.013660122451719084,0.030016445361274534,0.36842798904661445,0.09715341929095331
A_best,centered_payload,integral_020,True,60.0,horizon,pre_3_5,False,True,"[0.0045443069145790676, -0.00312829888414465]",0.005516971926920762,0.005568249196337616,0.0007539362506755496,0.006799499903343919,-0.010496680999625328,0.010496680999625328,0.010591393042805243,0.0014132567280179342,0.013161479871914072,0.011965910149240542,1.249373597200093e-20,-4.531626267810507e-20,200,3.0100000000000002,5.0,0.001491856404624069,0.0024839623146334856,0.02103468998920499,0.0398846559271988,0.06432481842725614,0.008587969517426144
A_best,centered_payload,integral_020,True,60.0,horizon,post_5_20,False,True,"[0.0009209135240824608, -0.0006570378269520594]",0.0011312738063280088,0.0015807499903534115,0.0011040788500458019,0.004282372088503698,-0.002398614763085403,0.002398614763085403,0.0032038935724186903,0.002124048314350346,0.008268859747025625,0.003572632720472132,-1.079967007749233e-20,6.776263578034403e-21,1500,5.01,20.0,0.0004153815642766275,0.0007123866218149076,0.0059373778916627686,0.012103381559001132,0.028625453576290035,0.003785844558265556
A_best,centered_payload,integral_020,True,60.0,horizon,tail_18_20,False,True,"[0.0001047939667791666, -8.225324101436283e-05]",0.00013321925960866143,0.00013462408482509055,1.939775977563488e-05,0.00016958105763962617,-0.0003736012773637537,0.0003736012773637537,0.00037667939070909555,4.805672624250525e-05,0.00046256488852747246,0.0004000137592633141,1.2924697071141057e-24,-7.527343574232552e-23,200,18.01,20.0,3.4126058723037695e-05,8.405341301733271e-05,0.0005044318462035606,0.0014226644039721673,0.00015335638043785033,1.720923104532425e-05
A_best,centered_payload,integral_020,True,60.0,horizon,full_0_60,False,True,"[0.0006263173383895385, -0.0004600335085664592]",0.0007771127571796272,0.0019483197370706248,0.001786629665176203,0.007975527333196604,-0.0017198431469099722,0.0017198431469099722,0.004266481396255595,0.0039044849922392965,0.018183648411892794,0.004690289255734025,-5.082197683525802e-21,-5.082197683525802e-21,6000,0.01,60.0,0.001207310548707919,0.003009551431799668,0.00788698017682403,0.017331347842914843,0.36842798904661445,0.09715341929095331
A_best,centered_payload,integral_020,True,60.0,horizon,post_5_60,False,True,"[0.0002567063509691315, -0.00018386755390633667]",0.00031576166329588926,0.0008257462359531852,0.0007629884784080761,0.004282372088503698,-0.0006781852664128227,0.0006781852664128227,0.0016742443890703502,0.0015307380634040945,0.008268859747025625,0.001866802378540483,-4.341043854678289e-21,1.6940658945086007e-21,5500,5.01,60.0,0.00021698212242471094,0.0003722720198677831,0.0031015401279300037,0.006324806742344681,0.028625453576290035,0.003785844558265556
A_best,centered_payload,integral_020,True,60.0,horizon,tail_58_60,False,True,"[-1.0401467313682323e-09, -1.570529459182834e-09]",1.8837377749934153e-09,6.832853940418563e-09,6.568060974607065e-09,1.1995251719026177e-08,-4.202602230773955e-08,4.202602230773955e-08,4.2396798242657596e-08,5.594814582985796e-09,5.152016446796637e-08,4.294387493228467e-08,3.697785493223493e-32,1.3065508742723008e-30,200,58.01,60.0,4.228571835515479e-08,1.0897147967195715e-08,5.081083302852333e-08,1.6095477899732914e-07,2.831646840510158e-06,7.606762055942583e-07
A_best,centered_payload,integral_020,True,60.0,horizon,full_0_20,True,False,,,,,,,,,,,,,,,,,,,,,,
A_best,centered_payload,integral_020,True,60.0,horizon,pre_3_5,True,False,,,,,,,,,,,,,,,,,,,,,,
A_best,centered_payload,integral_020,True,60.0,horizon,post_5_20,True,False,,,,,,,,,,,,,,,,,,,,,,
A_best,centered_payload,integral_020,True,60.0,horizon,tail_18_20,True,False,,,,,,,,,,,,,,,,,,,,,,
A_best,centered_payload,integral_020,True,60.0,horizon,full_0_60,True,False,,,,,,,,,,,,,,,,,,,,,,
A_best,centered_payload,integral_020,True,60.0,horizon,post_5_60,True,False,,,,,,,,,,,,,,,,,,,,,,
A_best,centered_payload,integral_020,True,60.0,horizon,tail_58_60,True,False,,,,,,,,,,,,,,,,,,,,,,
B_best,centered_payload,integral_020,True,60.0,horizon,full_0_20,False,True,"[0.0014543252232967, -0.000174244930687599]",0.0014647263058289498,0.002172784686944479,0.001604858294315446,0.004958788945424466,-0.005065351403983523,0.005065351403983523,0.0072862207624690934,0.0052374829979292496,0.01745903593099618,0.007603289176090576,1.1011428314305904e-20,-1.0503208545953324e-19,2000,0.01,20.0,0.0011979736874126001,0.005029377957128045,0.008773991158497075,0.02957936890886497,0.18261482700744983,0.05078205279791388
B_best,centered_payload,integral_020,True,60.0,horizon,pre_3_5,False,True,"[0.0036734777209756916, -0.0007274425598171548]",0.0037448112428182675,0.0037748680351277365,0.00047541291346687303,0.00450435139886848,-0.01061035815707337,0.01061035815707337,0.010702277735389733,0.0013996601387641751,0.013178016692304229,0.011348496702561443,-1.7443584757518248e-20,4.785736151986797e-20,200,3.0100000000000002,5.0,0.0008083948169189862,0.0024294522230962,0.014330462290989993,0.04038091700845221,0.011825976732449974,0.0039013583816792643
B_best,centered_payload,integral_020,True,60.0,horizon,post_5_20,False,True,"[0.0006953554431337965, -0.00010149418730596952]",0.0007027234607957085,0.001035001836306849,0.0007598740282480065,0.0029416644116172447,-0.0024241511645914354,0.0024241511645914354,0.0032385340552892484,0.0021474622135157968,0.008363759697082696,0.0033999017086419974,-1.0587911840678754e-22,4.658681209898652e-20,1500,5.01,20.0,0.00028044746310788566,0.0007208706754450384,0.0038607401629509653,0.012233296576777792,0.0030604148430082956,0.0010645956951515663
B_best,centered_payload,integral_020,True,60.0,horizon,tail_18_20,False,True,"[5.7416116911226665e-05, 1.8871235277838417e-05]",6.0437852394630815e-05,6.126624568185895e-05,1.0040859419129338e-05,7.900202937148907e-05,-0.00037810517882480853,0.00037810517882480853,0.00038121841095248716,4.862047505937098e-05,0.0004681527228936888,0.00038611012640060255,2.714186384939622e-25,2.5229008682867344e-23,200,18.01,20.0,1.767119026475916e-05,8.505554586704253e-05,0.0002278312984097086,0.0014398181176592123,3.820100439707843e-05,3.0599593984140266e-06
B_best,centered_payload,integral_020,True,60.0,horizon,full_0_60,False,True,"[0.00048679696413501044, -5.6390641216377244e-05]",0.0004900522305916552,0.001254482223201786,0.0011548049444046582,0.004958788945424466,-0.0017107479907278065,0.0017107479907278065,0.004207099747075712,0.0038435699023258766,0.01745903593099618,0.004390149647810859,-6.776263578034403e-21,-5.759824041329242e-20,6000,0.01,60.0,0.0006916540595377834,0.00290374162872009,0.005065749972989891,0.017079055371707383,0.18261482700744983,0.05078205279791388
B_best,centered_payload,integral_020,True,60.0,horizon,post_5_60,False,True,"[0.00019184809143951768, -2.5835503069457862e-05]",0.00019357986312588794,0.000540573853346905,0.0005047246056162542,0.0029416644116172447,-0.0006854567060521761,0.0006854567060521761,0.0016923495197289783,0.0015473189719818598,0.008363759697082696,0.0017765885814811555,2.6469779601696886e-22,4.235164736271502e-21,5500,5.01,60.0,0.00014647760382961698,0.0003767056248719576,0.0020164355113573705,0.006392708658360572,0.0030604148430082956,0.0010645956951515663
B_best,centered_payload,integral_020,True,60.0,horizon,tail_58_60,False,True,"[-8.89061397445779e-09, 4.046528400501928e-09]",9.768183502519434e-09,1.1015983873729826e-08,5.092591851639262e-09,1.4134484572862085e-08,-4.4041893387247734e-08,4.4041893387247734e-08,4.441297943615522e-08,5.729255559202384e-09,5.557696125535472e-08,4.575876575152155e-08,1.355854680848614e-31,-4.868750899410932e-31,200,58.01,60.0,2.998301447813478e-08,1.4067164294312896e-08,5.28244917206429e-08,1.6782022454317298e-07,1.9090959104164224e-06,5.112158053832966e-07
B_best,centered_payload,integral_020,True,60.0,horizon,full_0_20,True,False,,,,,,,,,,,,,,,,,,,,,,
B_best,centered_payload,integral_020,True,60.0,horizon,pre_3_5,True,False,,,,,,,,,,,,,,,,,,,,,,
B_best,centered_payload,integral_020,True,60.0,horizon,post_5_20,True,False,,,,,,,,,,,,,,,,,,,,,,
B_best,centered_payload,integral_020,True,60.0,horizon,tail_18_20,True,False,,,,,,,,,,,,,,,,,,,,,,
B_best,centered_payload,integral_020,True,60.0,horizon,full_0_60,True,False,,,,,,,,,,,,,,,,,,,,,,
B_best,centered_payload,integral_020,True,60.0,horizon,post_5_60,True,False,,,,,,,,,,,,,,,,,,,,,,
B_best,centered_payload,integral_020,True,60.0,horizon,tail_58_60,True,False,,,,,,,,,,,,,,,,,,,,,,
A_best,offset_payload,integral_020,True,60.0,horizon,full_0_20,False,True,"[0.01770118072459366, -0.0016187014499324632]",0.017775038493031164,0.025805647739357365,0.018707738019842567,0.06348600267104261,-0.004546212852341693,0.004546212852341693,0.007329884050639937,0.005749708592357437,0.02715965503338047,0.02682645439568236,-2.7647155398380363e-18,6.776263578034403e-21,2000,0.01,20.0,0.019450540248136288,0.008921393926629603,0.10505436757941222,0.030657673237876756,4.910893114899431,1.4197915431769923
A_best,offset_payload,integral_020,True,60.0,horizon,pre_3_5,False,True,"[0.03907617859095706, -0.0036361367465110174]",0.0392449897912039,0.039597672697091996,0.005273183034403792,0.048327467783574274,-0.006569613919553264,0.006569613919553264,0.006648357273482284,0.0010202094803896163,0.008673249461697341,0.04015191573837903,2.6156377411212794e-18,-5.632769099241097e-20,200,3.0100000000000002,5.0,0.010578346144840956,0.0019142324967482002,0.1497057126492623,0.024783065208467025,0.4325894923959797,0.07509184818830991
A_best,offset_payload,integral_020,True,60.0,horizon,post_5_20,False,True,"[0.008499060282249301, -0.0007725266737143478]",0.008534097675964795,0.011658809865613297,0.007943363540693194,0.0307150518840691,-0.001956256310263352,0.001956256310263352,0.002376792543896948,0.0013498903826899996,0.005199240571134078,0.011898612956107366,3.1170812458958252e-19,-1.164670302474663e-20,1500,5.01,20.0,0.0028846026772358633,0.00038144107393505724,0.04394576606962004,0.009129879297726712,0.16295624432199005,0.02886578468875232
A_best,offset_payload,integral_020,True,60.0,horizon,tail_18_20,False,True,"[0.001160777641284204, -0.00011473461891590212]",0.0011664342095819623,0.001177128301375725,0.0001583106838359426,0.0014614811050047177,-0.00047295360698588416,0.00047295360698588416,0.0004758044877562265,5.2007655282726035e-05,0.0005680861768063705,0.0012696538695521175,-9.297510085096031e-22,7.610061635487855e-23,200,18.01,20.0,0.0002779004487725577,9.074803916292198e-05,0.004430799120960637,0.0018124730482735527,0.0008738676693770785,8.184361657364444e-05
A_best,offset_payload,integral_020,True,60.0,horizon,full_0_60,False,True,"[0.005964431536862221, -0.000545999960546198]",0.005989370544125075,0.014899885002425572,0.013643093988193212,0.06348600267104261,-0.0015479550223543334,0.0015479550223543334,0.004232666953555826,0.003939454884687943,0.02715965503338047,0.015489417117026387,-3.7947076036992655e-19,-1.4568966692773966e-19,6000,0.01,60.0,0.011229847752502041,0.005150793099318211,0.06065660317008898,0.017702832764895798,4.910893114899431,1.4197915431769923
A_best,offset_payload,integral_020,True,60.0,horizon,post_5_60,False,True,"[0.0023877851264291206, -0.00021770670436068766]",0.002397689308296578,0.006091250046974609,0.005599501148821082,0.0307150518840691,-0.0005690343445159359,0.0005690343445159359,0.001244049914357888,0.001106282108765747,0.005199240571134078,0.006216991822753352,-1.6263032587282567e-19,-8.470329472543003e-22,5500,5.01,60.0,0.0015070290029052023,0.00019987453474828187,0.02295983167086705,0.004778510887808009,0.16295624432199005,0.02886578468875232
A_best,offset_payload,integral_020,True,60.0,horizon,tail_58_60,False,True,"[8.286862038828317e-08, -8.222683353623476e-09]",8.327557124746331e-08,8.416139506167523e-08,1.2178655596412508e-08,1.0568271494343675e-07,-1.0856616187049361e-07,1.0856616187049361e-07,1.0946895741029907e-07,1.4030008311032571e-08,1.3493114214835344e-07,1.380818346315881e-07,4.5606021083089745e-30,6.680665791090444e-30,200,58.01,60.0,4.0709215515745375e-08,2.583577073489539e-08,3.18638537343381e-07,4.1266741871262783e-07,2.2588727439225506e-06,5.696420517131233e-07
A_best,offset_payload,integral_020,True,60.0,horizon,full_0_20,True,False,,,,,,,,,,,,,,,,,,,,,,
A_best,offset_payload,integral_020,True,60.0,horizon,pre_3_5,True,False,,,,,,,,,,,,,,,,,,,,,,
A_best,offset_payload,integral_020,True,60.0,horizon,post_5_20,True,False,,,,,,,,,,,,,,,,,,,,,,
A_best,offset_payload,integral_020,True,60.0,horizon,tail_18_20,True,False,,,,,,,,,,,,,,,,,,,,,,
A_best,offset_payload,integral_020,True,60.0,horizon,full_0_60,True,False,,,,,,,,,,,,,,,,,,,,,,
A_best,offset_payload,integral_020,True,60.0,horizon,post_5_60,True,False,,,,,,,,,,,,,,,,,,,,,,
A_best,offset_payload,integral_020,True,60.0,horizon,tail_58_60,True,False,,,,,,,,,,,,,,,,,,,,,,
B_best,offset_payload,integral_020,True,60.0,horizon,full_0_20,False,True,"[0.019408784747946824, -0.005230136122283435]",0.020101125571712328,0.029297961289194298,0.0213146730318196,0.06948999923466186,-0.008119044404824867,0.008119044404824867,0.012186965997837548,0.009088633460808642,0.036344979638064046,0.03173157222602713,2.656295322589486e-18,9.486769009248164e-20,2000,0.01,20.0,0.020088061097047076,0.011776331795443516,0.11891528599986625,0.05016189970944605,4.408783834737479,1.3609657496990324
B_best,offset_payload,integral_020,True,60.0,horizon,pre_3_5,False,True,"[0.044580836636317615, -0.015791217595859285]",0.047294963245083664,0.04767760090756038,0.006028273380230048,0.056991954211342837,-0.014616214664060179,0.014616214664060179,0.014792062318589875,0.002274066078890098,0.018767670919088597,0.04991952259324651,-2.1480755542369057e-18,6.606856988583543e-20,200,3.0100000000000002,5.0,0.010142699997622268,0.003972178439965969,0.18101305831218195,0.05537480053812305,0.17689484360443392,0.03155890545634013
B_best,offset_payload,integral_020,True,60.0,horizon,post_5_20,False,True,"[0.009318610903168706, -0.002797688442865961]",0.009729520532277039,0.01368455878481941,0.009623075358074362,0.037343201133237504,-0.0036740761622259537,0.0036740761622259537,0.004658363384747104,0.00286382851765177,0.011291723158637357,0.014455708165272658,-3.7947076036992655e-19,-3.218725199566341e-20,1500,5.01,20.0,0.0034125182338024924,0.0009148580354103574,0.05133581969222244,0.01772198463236067,0.030047016621280162,0.0030049506772220815
B_best,offset_payload,integral_020,True,60.0,horizon,tail_18_20,False,True,"[0.0011497375477164354, -4.2727342863436704e-05]",0.0011505312053382874,0.0011622770444704332,0.00016482073184449176,0.0014569384626311598,-0.0007379125590102376,0.0007379125590102376,0.0007430823869064711,8.750136562123393e-05,0.0008987687268549038,0.0013795141760176094,-1.0290126820159664e-21,1.7867101231145398e-22,200,18.01,20.0,0.00028908419664483404,0.0001527642998482004,0.004361637349076274,0.002819566443703224,0.0005304071783601348,4.693208782046829e-06
B_best,offset_payload,integral_020,True,60.0,horizon,full_0_60,False,True,"[0.006529368840620289, -0.001737987566846647]",0.006756719487989469,0.01691597707406779,0.01550796640862404,0.06948999923466186,-0.002753289695341182,0.002753289695341182,0.007037151856645186,0.006476179591936358,0.036344979638064046,0.018321347838624533,-1.2739375526704677e-18,-1.1519648082658485e-19,6000,0.01,60.0,0.011597918265903635,0.006799114036014875,0.06865851914966754,0.028964489729856036,4.408783834737479,1.3609657496990324
B_best,offset_payload,integral_020,True,60.0,horizon,post_5_60,False,True,"[0.002606647255014725, -0.0007571246946930828]",0.002714377961041884,0.007148570543934408,0.006613184792988715,0.037343201133237504,-0.0010532297464975015,0.0010532297464975015,0.0024359161499429524,0.0021964504525815473,0.011291723158637357,0.007552201553928468,-4.0657581468206416e-19,1.9481757786848908e-20,5500,5.01,60.0,0.0017826319857878327,0.0004784780365608852,0.026816930192765664,0.0092669572912581,0.030047016621280162,0.0030049506772220815
B_best,offset_payload,integral_020,True,60.0,horizon,tail_58_60,False,True,"[4.420148865103893e-08, 4.4786370121844115e-08]",6.292527749369672e-08,6.344968340570426e-08,8.140747915601671e-09,7.983053354762454e-08,-1.1224248251340274e-07,1.1224248251340274e-07,1.1318134644183924e-07,1.4547931179934481e-08,1.391394294225634e-07,1.297531483497481e-07,-4.067564042545842e-30,5.02898827078395e-30,200,58.01,60.0,2.4057415235687058e-08,2.615518808454988e-08,2.3770578671757507e-07,4.2719748645228447e-07,1.2074182697257333e-06,2.8830396381592644e-07
B_best,offset_payload,integral_020,True,60.0,horizon,full_0_20,True,False,,,,,,,,,,,,,,,,,,,,,,
B_best,offset_payload,integral_020,True,60.0,horizon,pre_3_5,True,False,,,,,,,,,,,,,,,,,,,,,,
B_best,offset_payload,integral_020,True,60.0,horizon,post_5_20,True,False,,,,,,,,,,,,,,,,,,,,,,
B_best,offset_payload,integral_020,True,60.0,horizon,tail_18_20,True,False,,,,,,,,,,,,,,,,,,,,,,
B_best,offset_payload,integral_020,True,60.0,horizon,full_0_60,True,False,,,,,,,,,,,,,,,,,,,,,,
B_best,offset_payload,integral_020,True,60.0,horizon,post_5_60,True,False,,,,,,,,,,,,,,,,,,,,,,
B_best,offset_payload,integral_020,True,60.0,horizon,tail_58_60,True,False,,,,,,,,,,,,,,,,,,,,,,
A_best,motor_80,integral_020,True,60.0,horizon,full_0_20,False,True,"[0.010026423709286608, -0.009743265722527513]",0.013980715265605126,0.02084928255252486,0.015467132365667964,0.051647073513151266,0.0012760086569367326,0.0012760086569367326,0.003356998457411303,0.003105034710028924,0.012688975606530262,0.021117812898074444,-2.439454888092385e-19,-2.0328790734103208e-20,2000,0.01,20.0,0.016265985072348575,0.005527182774676034,0.08498832959404207,0.014529520483381195,4.384837560825194,1.3189516932076617
A_best,motor_80,integral_020,True,60.0,horizon,pre_3_5,False,True,"[-0.0008116282258446321, -0.0006870117979496155]",0.0010633558141608427,0.0010731661449213184,0.00014477564400000877,0.0012839565325329326,0.0007314435903819827,0.0007314435903819827,0.0007374192221266139,9.368768996476818e-05,0.0008921834665958084,0.0013021031770820255,-1.3334151474354806e-21,1.9025154088719637e-22,200,3.0100000000000002,5.0,0.0005041233124161524,0.00016710863580782803,0.004112982684726426,0.002790106850133619,0.03833117139902931,0.0058862272366919585
A_best,motor_80,integral_020,True,60.0,horizon,post_5_20,False,True,"[0.013673303782351624, -0.012715634673984259]",0.018672080802275413,0.024063016498635376,0.015178345151132139,0.051647073513151266,0.0014249248152648293,0.0014249248152648293,0.0038441778342962808,0.0035703350672643217,0.012688975606530262,0.02436814449717691,-1.6263032587282567e-19,8.470329472543003e-21,1500,5.01,20.0,0.018766322160211648,0.006374510515126469,0.09808637711017724,0.016652869193069166,4.384837560825194,1.3189516932076617
A_best,motor_80,integral_020,True,60.0,horizon,tail_18_20,False,True,"[0.0023512949069000554, -0.0020975371581639633]",0.003150912545452935,0.003178443054777364,0.0004174330884941478,0.0039321895838223256,-1.6091734153208524e-05,1.6091734153208524e-05,4.1656336240320894e-05,3.842273338674819e-05,7.269454232339267e-05,0.0031787160148102926,2.6999175193730823e-21,8.271806125530277e-25,200,18.01,20.0,0.0007350793326410239,7.014680346529387e-05,0.01198064684899989,0.00018875371573283075,0.00406927149856851,0.00044912702304404834
A_best,motor_80,integral_020,True,60.0,horizon,full_0_60,False,True,"[0.0034759651827370465, -0.003367274182218485]",0.0048395112738617895,0.012046600827701275,0.011031759702429039,0.051647073513151266,0.00040264488439051147,0.00040264488439051147,0.0019386496796803215,0.001896375405239892,0.012688975606530262,0.012201596374347812,4.472333961502706e-19,4.235164736271502e-22,6000,0.01,60.0,0.009391804602392867,0.003191125565151637,0.04910031668002412,0.008390399031201746,4.384837560825194,1.3189516932076617
A_best,motor_80,integral_020,True,60.0,horizon,post_5_60,False,True,"[0.003875072609341182, -0.003598284665314959]",0.005288084744054984,0.012576178980496863,0.011410365353010581,0.051647073513151266,0.00036386167552124505,0.00036386167552124505,0.0020080679556395953,0.001974826978637228,0.012688975606530262,0.012735486432168881,-2.439454888092385e-19,1.2705494208814505e-20,5500,5.01,60.0,0.009801054604857671,0.0033289848806893904,0.0512576740436373,0.008698546618466243,4.384837560825194,1.3189516932076617
A_best,motor_80,integral_020,True,60.0,horizon,tail_58_60,False,True,"[2.0282267417650422e-07, -1.9376826411931187e-07]",2.8050521802618897e-07,2.834532974326234e-07,4.077492471492098e-08,3.5397503901294685e-07,-2.716660506207891e-07,2.716660506207891e-07,2.7363390079448615e-07,3.275772586901491e-08,3.3248794373275103e-07,3.93981323782529e-07,1.4593926746588718e-29,6.1136720154628415e-30,200,58.01,60.0,8.105458306268883e-08,5.7447784282497866e-08,1.0669844893645677e-06,1.0372684496648288e-06,2.561320938754782e-06,6.299533323080042e-07
A_best,motor_80,integral_020,True,60.0,horizon,full_0_20,True,False,,,,,,,,,,,,,,,,,,,,,,
A_best,motor_80,integral_020,True,60.0,horizon,pre_3_5,True,False,,,,,,,,,,,,,,,,,,,,,,
A_best,motor_80,integral_020,True,60.0,horizon,post_5_20,True,False,,,,,,,,,,,,,,,,,,,,,,
A_best,motor_80,integral_020,True,60.0,horizon,tail_18_20,True,False,,,,,,,,,,,,,,,,,,,,,,
A_best,motor_80,integral_020,True,60.0,horizon,full_0_60,True,False,,,,,,,,,,,,,,,,,,,,,,
A_best,motor_80,integral_020,True,60.0,horizon,post_5_60,True,False,,,,,,,,,,,,,,,,,,,,,,
A_best,motor_80,integral_020,True,60.0,horizon,tail_58_60,True,False,,,,,,,,,,,,,,,,,,,,,,
B_best,motor_80,integral_020,True,60.0,horizon,full_0_20,False,True,"[0.010815179977708464, -0.021813213962530872]",0.024347164543851465,0.03553656480324208,0.025885575456026596,0.08012802421517912,-0.001408382684489703,0.001408382684489703,0.0049751579752754516,0.004771651191461545,0.025103936372263602,0.03588313858755907,-7.589415207398531e-19,1.2197274440461925e-19,2000,0.01,20.0,0.0211698932105643,0.00927560198183273,0.14373550582193997,0.021973774864378588,3.9349391259869964,1.2454398433775837
B_best,motor_80,integral_020,True,60.0,horizon,pre_3_5,False,True,"[0.0006866881972148647, -0.00036676843235183354]",0.000778498402801202,0.0007919077398131217,0.00014511411100201114,0.0010142144243679996,0.0008663949326117804,0.0008663949326117804,0.0008773455659079625,0.0001381848861597793,0.0011597133445755414,0.0011818854049332743,4.036641389258775e-22,3.771943593241806e-22,200,3.0100000000000002,5.0,0.0002698364000835494,0.00027740318714123156,0.0029485618457491445,0.0032457733017818157,0.018171485402901935,0.004964111092989242
B_best,motor_80,integral_020,True,60.0,horizon,post_5_20,False,True,"[0.014051972476108345, -0.028939340003425396]",0.032170535126154864,0.041027000598457104,0.02546117530285345,0.08012802421517912,-0.002288113854600932,0.002288113854600932,0.005695585404942355,0.0052157672583595565,0.025103936372263602,0.0414204595726652,1.1926223897340549e-18,7.115076756936123e-20,1500,5.01,20.0,0.024423021883188466,0.010678907515010596,0.16593991430827326,0.02517914141762867,3.9349391259869964,1.2454398433775837
B_best,motor_80,integral_020,True,60.0,horizon,tail_18_20,False,True,"[0.0022766598331610223, -0.004149219238437006]",0.004732779340360645,0.004787008257438272,0.0007185038428830087,0.0060787625001232,-0.0007286494488878053,0.0007286494488878053,0.0007297900514958891,4.078602576704471e-05,0.0007954842642802218,0.004842317789658644,5.293955920339377e-21,-6.824240053562478e-24,200,18.01,20.0,0.001261607811659389,7.01927476749434e-05,0.017888164614139078,0.002849560334754085,0.00252199359239848,2.4174039411779026e-05
B_best,motor_80,integral_020,True,60.0,horizon,full_0_60,False,True,"[0.0037275929509848382, -0.007461601177458313]",0.008340889721107643,0.02052699906052236,0.018755992351539436,0.08012802421517912,-0.0005382435004476574,0.0005382435004476574,0.0028766812918845207,0.0028258784809868016,0.025103936372263602,0.02072758996327755,8.673617379884035e-19,-2.541098841762901e-20,6000,0.01,60.0,0.012223609723994933,0.005355321014042895,0.08302008770508314,0.012700936858053222,3.9349391259869964,1.2454398433775837
B_best,motor_80,integral_020,True,60.0,horizon,post_5_60,False,True,"[0.003966028448119022, -0.00810039802633204]",0.009019192305095474,0.02143605049152125,0.019446296069914066,0.08012802421517912,-0.0006990666210196246,0.0006990666210196246,0.0029789234611323195,0.002895736667354397,0.025103936372263602,0.021642048093060254,-2.168404344971009e-19,1.1858461261560205e-20,5500,5.01,60.0,0.012755726328159245,0.005576929642426468,0.08669518309837679,0.013164504359320674,3.9349391259869964,1.2454398433775837
B_best,motor_80,integral_020,True,60.0,horizon,tail_58_60,False,True,"[1.0169815854655878e-07, -2.7606763124318358e-08]",1.0537859755170037e-07,1.0674686312297078e-07,1.7036547908277344e-08,1.3479034294441566e-07,-3.2006435500386844e-07,3.2006435500386844e-07,3.225159513796892e-07,3.9690648146682305e-08,3.9309919641628e-07,3.3972258046962425e-07,7.395570986446986e-31,5.32481111024183e-30,200,58.01,60.0,3.848237168470295e-08,6.997788624133406e-08,4.002106181291057e-07,1.2205831457785575e-06,1.7075472925031877e-06,3.5449294098654707e-07
B_best,motor_80,integral_020,True,60.0,horizon,full_0_20,True,False,,,,,,,,,,,,,,,,,,,,,,
B_best,motor_80,integral_020,True,60.0,horizon,pre_3_5,True,False,,,,,,,,,,,,,,,,,,,,,,
B_best,motor_80,integral_020,True,60.0,horizon,post_5_20,True,False,,,,,,,,,,,,,,,,,,,,,,
B_best,motor_80,integral_020,True,60.0,horizon,tail_18_20,True,False,,,,,,,,,,,,,,,,,,,,,,
B_best,motor_80,integral_020,True,60.0,horizon,full_0_60,True,False,,,,,,,,,,,,,,,,,,,,,,
B_best,motor_80,integral_020,True,60.0,horizon,post_5_60,True,False,,,,,,,,,,,,,,,,,,,,,,
B_best,motor_80,integral_020,True,60.0,horizon,tail_58_60,True,False,,,,,,,,,,,,,,,,,,,,,,
A_best,motor_70,integral_020,True,60.0,horizon,full_0_20,False,True,"[0.017671186824284306, -0.016473234353814224]",0.02415860703464594,0.03605809686447587,0.02676841526189935,0.08951199664949912,0.001925048816782931,0.001925048816782931,0.005878561286418291,0.005554427949949354,0.02402428891042996,0.03653414611409579,-5.7462715141731735e-18,-8.131516293641283e-20,2000,0.01,20.0,0.02931091861419469,0.01041844491893463,0.147216156429282,0.02573590746215826,8.368769888764307,2.1582946914519905
A_best,motor_70,integral_020,True,60.0,horizon,pre_3_5,False,True,"[-0.0008116282258446321, -0.0006870117979496155]",0.0010633558141608427,0.0010731661449213184,0.00014477564400000877,0.0012839565325329326,0.0007314435903819827,0.0007314435903819827,0.0007374192221266139,9.368768996476818e-05,0.0008921834665958084,0.0013021031770820255,-1.3334151474354806e-21,1.9025154088719637e-22,200,3.0100000000000002,5.0,0.0005041233124161524,0.00016710863580782803,0.004112982684726426,0.002790106850133619,0.03833117139902931,0.0058862272366919585
A_best,motor_70,integral_020,True,60.0,horizon,post_5_20,False,True,"[0.023866321269015212, -0.021688926182366525]",0.03224919859252307,0.0416295622331552,0.0263250762936056,0.08951199664949912,0.0022903116950597634,0.0022903116950597634,0.006769669767562289,0.006370471026644688,0.02402428891042996,0.042176401938595814,-6.071532165918825e-18,-1.0842021724855044e-19,1500,5.01,20.0,0.033836446133318356,0.012026084612751444,0.16996189211143867,0.02964722599041116,8.368769888764307,2.1582946914519905
A_best,motor_70,integral_020,True,60.0,horizon,tail_18_20,False,True,"[0.004065360164248567, -0.0035536336772786447]",0.005399580129727502,0.005446457928129347,0.000713048655797718,0.00673228560927263,-4.991294825079762e-05,4.991294825079762e-05,8.099517663248408e-05,6.378805714740414e-05,0.00014261057592057647,0.005447060141169798,8.470329472543003e-21,-2.481541837659083e-24,200,18.01,20.0,0.0012601575761107505,0.00011260405640096783,0.020528773007464043,0.0003840861269124649,0.007537626697604578,0.0007775934719894545
A_best,motor_70,integral_020,True,60.0,horizon,full_0_60,False,True,"[0.006121248642138236, -0.005693649877487933]",0.008359864464588978,0.02083385817677584,0.019083037301847766,0.08951199664949912,0.0006014447570327865,0.0006014447570327865,0.003394871271241238,0.0033411697281845428,0.02402428891042996,0.021108642719945513,-1.2468324983583301e-18,1.0164395367051604e-19,6000,0.01,60.0,0.016923690875514652,0.00601509962746157,0.08504996721158332,0.014861815196792845,8.368769888764307,2.1582946914519905
A_best,motor_70,integral_020,True,60.0,horizon,post_5_60,False,True,"[0.006760836383233386, -0.0061361490601543524]",0.009130237340249455,0.021756737129159535,0.019748275282111764,0.08951199664949912,0.0005807342638582732,0.0005807342638582732,0.003536268789563196,0.0034882581135603666,0.02402428891042996,0.022042250508044495,-2.8189256484623115e-18,1.3552527156068805e-20,5500,5.01,60.0,0.017671577629234873,0.006280425850957529,0.08881682402427757,0.01548609025868028,8.368769888764307,2.1582946914519905
A_best,motor_70,integral_020,True,60.0,horizon,tail_58_60,False,True,"[3.4540859570253284e-07, -3.284718690372462e-07]",4.7665592069544e-07,4.81310992697847e-07,6.677877625240759e-08,5.984773192908807e-07,-4.694974669650076e-07,4.694974669650076e-07,4.729224786526274e-07,5.681372482408215e-08,5.720451097257495e-07,6.747710296883912e-07,1.5698332013898135e-28,-1.1596255306748874e-28,200,58.01,60.0,1.251938603031817e-07,9.882488135249003e-08,1.8133941742789363e-06,1.7931484990402268e-06,3.1945284701301985e-06,5.15462399142141e-07
A_best,motor_70,integral_020,True,60.0,horizon,full_0_20,True,False,,,,,,,,,,,,,,,,,,,,,,
A_best,motor_70,integral_020,True,60.0,horizon,pre_3_5,True,False,,,,,,,,,,,,,,,,,,,,,,
A_best,motor_70,integral_020,True,60.0,horizon,post_5_20,True,False,,,,,,,,,,,,,,,,,,,,,,
A_best,motor_70,integral_020,True,60.0,horizon,tail_18_20,True,False,,,,,,,,,,,,,,,,,,,,,,
A_best,motor_70,integral_020,True,60.0,horizon,full_0_60,True,False,,,,,,,,,,,,,,,,,,,,,,
A_best,motor_70,integral_020,True,60.0,horizon,post_5_60,True,False,,,,,,,,,,,,,,,,,,,,,,
A_best,motor_70,integral_020,True,60.0,horizon,tail_58_60,True,False,,,,,,,,,,,,,,,,,,,,,,
B_best,motor_70,integral_020,True,60.0,horizon,full_0_20,False,True,"[0.0185752168733628, -0.03779565702575526]",0.04211354143148003,0.061798484091993025,0.045227229233806995,0.13964027104078922,-0.00283968156285824,0.00283968156285824,0.008957294093470737,0.008495253150936057,0.0465418647154926,0.06244426117382798,3.903127820947816e-18,-2.710505431213761e-19,2000,0.01,20.0,0.03755298462825262,0.0170650684167736,0.25006810394424855,0.03971831857530753,7.19967526103425,2.0128591046758952
B_best,motor_70,integral_020,True,60.0,horizon,pre_3_5,False,True,"[0.0006866881972148647, -0.00036676843235183354]",0.000778498402801202,0.0007919077398131217,0.00014511411100201114,0.0010142144243679996,0.0008663949326117804,0.0008663949326117804,0.0008773455659079625,0.0001381848861597793,0.0011597133445755414,0.0011818854049332743,4.036641389258775e-22,3.771943593241806e-22,200,3.0100000000000002,5.0,0.0002698364000835494,0.00027740318714123156,0.0029485618457491445,0.0032457733017818157,0.018171485402901935,0.004964111092989242
B_best,motor_70,integral_020,True,60.0,horizon,post_5_20,False,True,"[0.024398688336980782, -0.05024926408772457]",0.055859507104189604,0.0713546661088831,0.04439824142448861,0.13964027104078922,-0.004196512359092318,0.004196512359092318,0.010315728471722076,0.009423562910188654,0.0465418647154926,0.07209648139411858,3.903127820947816e-18,-3.5236570605778894e-19,1500,5.01,20.0,0.043350129171250966,0.019687866558852837,0.28873563998199775,0.04575572708133094,7.19967526103425,2.0128591046758952
B_best,motor_70,integral_020,True,60.0,horizon,tail_18_20,False,True,"[0.003928248209002595, -0.0071617276440069]",0.008168321543528066,0.008261914508947733,0.0012400623027478774,0.010491670104022372,-0.0012915204589802893,0.0012915204589802893,0.001293692126196152,7.492810832566801e-05,0.0014153979402389272,0.008362587558318478,-4.870439446712227e-21,2.2333876538931747e-23,200,18.01,20.0,0.002177611599363011,0.0001289846611693315,0.030873089803793496,0.005046692077282544,0.0043074073530106624,3.1156487571453986e-05
B_best,motor_70,integral_020,True,60.0,horizon,full_0_60,False,True,"[0.006403359543068259, -0.012927421330874251]",0.014426407581367788,0.03569642424852746,0.03265139305492368,0.13964027104078922,-0.0010671933302091932,0.0010671933302091932,0.0051788271099278875,0.005067676847479629,0.0465418647154926,0.036070139372691414,-4.7704895589362195e-18,-2.710505431213761e-20,6000,0.01,60.0,0.021683183947116838,0.009852606904337336,0.14443571861744034,0.022955925704469252,7.19967526103425,2.0128591046758952
B_best,motor_70,integral_020,True,60.0,horizon,post_5_60,False,True,"[0.006885046548573658, -0.014063110920967608]",0.015658063569658428,0.03728157116254578,0.03383401533363295,0.13964027104078922,-0.001276102798941301,0.001276102798941301,0.005394890635115935,0.005241794216811243,0.0465418647154926,0.037669887089196684,-8.673617379884035e-18,6.776263578034403e-21,5500,5.01,60.0,0.022640912430512295,0.010281741903966916,0.1508487215412099,0.023920844200317683,7.19967526103425,2.0128591046758952
B_best,motor_70,integral_020,True,60.0,horizon,tail_58_60,False,True,"[1.7551820547897768e-07, -4.810720015522478e-08]",1.8199160189782243e-07,1.8451364439198288e-07,3.040299007459024e-08,2.3806159245073652e-07,-5.586655000772156e-07,5.586655000772156e-07,5.631692941955951e-07,7.108103086083896e-08,6.908664953453325e-07,5.926254625744459e-07,-5.5220263365470826e-30,-9.071900410041636e-29,200,58.01,60.0,5.4561431829317044e-08,1.247020489092785e-07,6.857168688067981e-07,2.1282649501529205e-06,1.4787793334710982e-06,6.185669588154487e-07
B_best,motor_70,integral_020,True,60.0,horizon,full_0_20,True,False,,,,,,,,,,,,,,,,,,,,,,
B_best,motor_70,integral_020,True,60.0,horizon,pre_3_5,True,False,,,,,,,,,,,,,,,,,,,,,,
B_best,motor_70,integral_020,True,60.0,horizon,post_5_20,True,False,,,,,,,,,,,,,,,,,,,,,,
B_best,motor_70,integral_020,True,60.0,horizon,tail_18_20,True,False,,,,,,,,,,,,,,,,,,,,,,
B_best,motor_70,integral_020,True,60.0,horizon,full_0_60,True,False,,,,,,,,,,,,,,,,,,,,,,
B_best,motor_70,integral_020,True,60.0,horizon,post_5_60,True,False,,,,,,,,,,,,,,,,,,,,,,
B_best,motor_70,integral_020,True,60.0,horizon,tail_58_60,True,False,,,,,,,,,,,,,,,,,,,,,,
A_best,combined_80,integral_020,True,60.0,horizon,full_0_20,False,True,"[0.03089887822741833, -0.01304504088525236]",0.033539734158319325,0.04163047266856544,0.024661356150816945,0.08286959153747539,-0.003553702959236842,0.003553702959236842,0.008269022955958393,0.007466454039480735,0.02715965503338047,0.04244376273675957,4.9873299934333204e-18,0.0,2000,0.01,20.0,0.027804527394801392,0.011587492211394828,0.16885437288146524,0.035063090774772446,5.277443740809638,1.4898122617239837
A_best,combined_80,integral_020,True,60.0,horizon,pre_3_5,False,True,"[0.03907617859095706, -0.0036361367465110174]",0.0392449897912039,0.039597672697091996,0.005273183034403792,0.048327467783574274,-0.006569613919553264,0.006569613919553264,0.006648357273482284,0.0010202094803896163,0.008673249461697341,0.04015191573837903,2.6156377411212794e-18,-5.632769099241097e-20,200,3.0100000000000002,5.0,0.010578346144840956,0.0019142324967482002,0.1497057126492623,0.024783065208467025,0.4325894923959797,0.07509184818830991
A_best,combined_80,integral_020,True,60.0,horizon,post_5_20,False,True,"[0.026095990286015565, -0.01600764592080755]",0.03061446450509571,0.03948182172379691,0.024931281749960503,0.08286959153747539,-0.0006329097861235573,0.0006329097861235573,0.0050181533851785575,0.004978080814913312,0.022612101449178135,0.039799448614608476,2.927345865710862e-18,6.437450399132683e-20,1500,5.01,20.0,0.02312311764325992,0.008546954945062466,0.15884500563029763,0.02166543878508817,5.277443740809638,1.4898122617239837
A_best,combined_80,integral_020,True,60.0,horizon,tail_18_20,False,True,"[0.004149021499740446, -0.0026261885911559833]",0.004910320348167348,0.004953626625534457,0.000653583065552963,0.006131010063556772,-0.0005588666304280277,0.0005588666304280277,0.0005590298950755229,1.3509736569318409e-05,0.0005773776698932975,0.0049850708288641235,-2.7581510344968155e-20,6.813900295905565e-23,200,18.01,20.0,0.0011507997901462365,2.6064427802723205e-05,0.018665007706772742,0.002212983235054607,0.0047842073798270305,0.0004884583738236009
A_best,combined_80,integral_020,True,60.0,horizon,full_0_60,False,True,"[0.010532890209537786, -0.004498056837093921]",0.011453134569885413,0.024046512417985135,0.021143804482457954,0.08286959153747539,-0.0012488777180488782,0.0012488777180488782,0.004776157907034971,0.004609987939061642,0.02715965503338047,0.024516248567455136,0.0,-1.0842021724855044e-19,6000,0.01,60.0,0.016053849047041997,0.006690064083477131,0.0975271451261308,0.020250908807631657,5.277443740809638,1.4898122617239837
A_best,combined_80,integral_020,True,60.0,horizon,post_5_60,False,True,"[0.007371558223893346, -0.004529041478776387]",0.008651710083256756,0.02063288380468974,0.01873135891314618,0.08286959153747539,-0.0002427681943645349,0.0002427681943645349,0.002624687684313615,0.002613436252138658,0.022612101449178135,0.020799155740991403,6.505213034913027e-19,-3.3881317890172014e-21,5500,5.01,60.0,0.012076956136459392,0.004463538168463226,0.08300412854668289,0.011328500121181244,5.277443740809638,1.4898122617239837
A_best,combined_80,integral_020,True,60.0,horizon,tail_58_60,False,True,"[3.360749565379236e-07, -2.3817874611121562e-07]",4.1191685023931487e-07,4.1601763112034186e-07,5.8268155041175326e-08,5.150389292535932e-07,-4.5344909142264187e-07,4.5344909142264187e-07,4.567265986657925e-07,5.461783057577758e-08,5.537765606078437e-07,6.17794347118687e-07,2.2285320572493584e-28,1.2779546664580391e-28,200,58.01,60.0,1.0877985729721383e-07,9.528012835099029e-08,1.566684101554174e-06,1.7319162693014626e-06,2.699869328381916e-06,5.085835149587392e-07
A_best,combined_80,integral_020,True,60.0,horizon,full_0_20,True,False,,,,,,,,,,,,,,,,,,,,,,
A_best,combined_80,integral_020,True,60.0,horizon,pre_3_5,True,False,,,,,,,,,,,,,,,,,,,,,,
A_best,combined_80,integral_020,True,60.0,horizon,post_5_20,True,False,,,,,,,,,,,,,,,,,,,,,,
A_best,combined_80,integral_020,True,60.0,horizon,tail_18_20,True,False,,,,,,,,,,,,,,,,,,,,,,
A_best,combined_80,integral_020,True,60.0,horizon,full_0_60,True,False,,,,,,,,,,,,,,,,,,,,,,
A_best,combined_80,integral_020,True,60.0,horizon,post_5_60,True,False,,,,,,,,,,,,,,,,,,,,,,
A_best,combined_80,integral_020,True,60.0,horizon,tail_58_60,True,False,,,,,,,,,,,,,,,,,,,,,,
B_best,combined_80,integral_020,True,60.0,horizon,full_0_20,False,True,"[0.03274752273031201, -0.031925993965733396]",0.045734771625890375,0.05866708194028696,0.03674448486121418,0.11858459013540155,-0.01067986112763218,0.01067986112763218,0.015258512853955814,0.01089783376680094,0.04372458246034938,0.06061888086976432,-8.673617379884035e-19,-8.402566836762659e-19,2000,0.01,20.0,0.03247242033855015,0.01676021390406803,0.23693255884944234,0.06331451465978158,4.743669837525476,1.4128140921479195
B_best,combined_80,integral_020,True,60.0,horizon,pre_3_5,False,True,"[0.044580836636317615, -0.015791217595859285]",0.047294963245083664,0.04767760090756038,0.006028273380230048,0.056991954211342837,-0.014616214664060179,0.014616214664060179,0.014792062318589875,0.002274066078890098,0.018767670919088597,0.04991952259324651,-2.1480755542369057e-18,6.606856988583543e-20,200,3.0100000000000002,5.0,0.010142699997622268,0.003972178439965969,0.18101305831218195,0.05537480053812305,0.17689484360443392,0.03155890545634013
B_best,combined_80,integral_020,True,60.0,horizon,post_5_20,False,True,"[0.02710359487965545, -0.038392165567465865]",0.04699535330604715,0.06026504049653331,0.037726805771077385,0.11858459013540155,-0.00708849845930235,0.00708849845930235,0.011580174802949554,0.009157163210259842,0.04372458246034938,0.061367544797846264,5.204170427930421e-18,-3.5236570605778894e-19,1500,5.01,20.0,0.02965719349560496,0.013800990470371198,0.24213692265911244,0.04800087691734246,4.743669837525476,1.4128140921479195
B_best,combined_80,integral_020,True,60.0,horizon,tail_18_20,False,True,"[0.00402590079447805, -0.005132867135428134]",0.006523358202409033,0.006598027068528157,0.0009898277426366082,0.008376469189805915,-0.001729337915971751,0.001729337915971751,0.0017358088089867523,0.0001497417568298469,0.001994976852443875,0.006822535702976297,-2.286988957586611e-20,-2.6138907356675675e-22,200,18.01,20.0,0.0017381892275525025,0.00025940259734739116,0.024657880480910506,0.006683979134404504,0.003439016674454684,2.784461292139527e-05
B_best,combined_80,integral_020,True,60.0,horizon,full_0_60,False,True,"[0.011130524975713044, -0.010870018131808833]",0.015557823768793135,0.03388295238085571,0.03009997643890289,0.11858459013540155,-0.0036971297973834184,0.0036971297973834184,0.00881551585301252,0.0080027839541009,0.04372458246034938,0.0350109665933126,1.8431436932253575e-18,-1.3552527156068805e-19,6000,0.01,60.0,0.018749405248183377,0.009676676468356835,0.13683283210895067,0.03657587516606035,4.743669837525476,1.4128140921479195
B_best,combined_80,integral_020,True,60.0,horizon,post_5_60,False,True,"[0.007626090311479531, -0.0107193398564701]",0.013155284124539096,0.03148588839625124,0.028605937630216585,0.11858459013540155,-0.0020828734941799507,0.0020828734941799507,0.006057094445958285,0.005687708777223154,0.04372458246034938,0.032063211960570125,-3.144186300207963e-18,0.0,5500,5.01,60.0,0.015489871803743817,0.007207570156240273,0.1264987982293517,0.02510138934591171,4.743669837525476,1.4128140921479195
B_best,combined_80,integral_020,True,60.0,horizon,tail_58_60,False,True,"[1.6381914705732105e-07, 1.3780618866641803e-08]",1.6439774450683872e-07,1.6629266999438418e-07,2.503265257469445e-08,2.105886536701041e-07,-5.187519960003773e-07,5.187519960003773e-07,5.229769770299698e-07,6.634218227515733e-08,6.43458611726544e-07,5.487787993329067e-07,-1.6960509462251754e-29,-1.3647293660323504e-28,200,58.01,60.0,5.1201875598424404e-08,1.1648865418274236e-07,6.226365486739955e-07,1.975891879567423e-06,1.9090959104164224e-06,5.840568243131824e-07
B_best,combined_80,integral_020,True,60.0,horizon,full_0_20,True,False,,,,,,,,,,,,,,,,,,,,,,
B_best,combined_80,integral_020,True,60.0,horizon,pre_3_5,True,False,,,,,,,,,,,,,,,,,,,,,,
B_best,combined_80,integral_020,True,60.0,horizon,post_5_20,True,False,,,,,,,,,,,,,,,,,,,,,,
B_best,combined_80,integral_020,True,60.0,horizon,tail_18_20,True,False,,,,,,,,,,,,,,,,,,,,,,
B_best,combined_80,integral_020,True,60.0,horizon,full_0_60,True,False,,,,,,,,,,,,,,,,,,,,,,
B_best,combined_80,integral_020,True,60.0,horizon,post_5_60,True,False,,,,,,,,,,,,,,,,,,,,,,
B_best,combined_80,integral_020,True,60.0,horizon,tail_58_60,True,False,,,,,,,,,,,,,,,,,,,,,,
A_best,combined_70,integral_020,True,60.0,horizon,full_0_20,False,True,"[0.0432133390687884, -0.022816674622780597]",0.04886709848472604,0.06365168298077226,0.04078655945245712,0.16159028006999823,-0.0037489439901437936,0.0037489439901437936,0.01167332295465519,0.011054948564441355,0.05043095555393318,0.06471323832948257,0.0,4.87890977618477e-19,2000,0.01,20.0,0.05030221948635837,0.020636725229422406,0.25958194480626723,0.05108491626741498,11.797378243438354,2.588868744862274
A_best,combined_70,integral_020,True,60.0,horizon,pre_3_5,False,True,"[0.03907617859095706, -0.0036361367465110174]",0.0392449897912039,0.039597672697091996,0.005273183034403792,0.048327467783574274,-0.006569613919553264,0.006569613919553264,0.006648357273482284,0.0010202094803896163,0.008673249461697341,0.04015191573837903,2.6156377411212794e-18,-5.632769099241097e-20,200,3.0100000000000002,5.0,0.010578346144840956,0.0019142324967482002,0.1497057126492623,0.024783065208467025,0.4325894923959797,0.07509184818830991
A_best,combined_70,integral_020,True,60.0,horizon,post_5_20,False,True,"[0.042515271407842455, -0.029036490904178532]",0.05148462010067617,0.06819140881028754,0.04471467464514107,0.16159028006999823,-0.0008932311606661632,0.0008932311606661632,0.010756463217086233,0.010719311500005243,0.05043095555393318,0.06903455465542087,-8.673617379884035e-18,-5.55653613398821e-19,1500,5.01,20.0,0.053643644777532154,0.021490843990569233,0.2775963224743873,0.04805957086341449,11.797378243438354,2.588868744862274
A_best,combined_70,integral_020,True,60.0,horizon,tail_18_20,False,True,"[0.006547897929936247, -0.004481248569469045]",0.007934516749130458,0.008003722090325032,0.0010502434274610355,0.009867385382944514,-0.0008852172258629987,0.0008852172258629987,0.0008856359912215763,2.7231819300971766e-05,0.0009381499506488922,0.008052572160999485,2.3081647812679684e-20,-6.100457017578579e-24,200,18.01,20.0,0.001991077648856854,0.00018685673245043974,0.030164567400119222,0.0034996757940610945,0.04992148954386257,0.005483443015760227
A_best,combined_70,integral_020,True,60.0,horizon,full_0_60,False,True,"[0.014772116243017573, -0.00786151434661208]",0.016733763059133207,0.03676837766017098,0.03273980405625163,0.16159028006999823,-0.0013536609166124218,0.0013536609166124218,0.006743342775578771,0.006606078557797094,0.05043095555393318,0.03738163008149739,-2.168404344971009e-18,-1.0842021724855044e-19,6000,0.01,60.0,0.02904337587137593,0.011914666151372648,0.14993626585565853,0.02950683738100127,11.797378243438354,2.588868744862274
A_best,combined_70,integral_020,True,60.0,horizon,post_5_60,False,True,"[0.011996168442234964, -0.008198267852796197]",0.014529957091494303,0.0356332593240282,0.03253628001128539,0.16159028006999823,-0.0003570771382520383,0.0003570771382520383,0.005622282689719157,0.005610932058085654,0.05043095555393318,0.03607407979001763,7.806255641895632e-18,1.0164395367051604e-19,5500,5.01,60.0,0.028016035859536735,0.011223282000483805,0.14504501379702184,0.025114888379166152,11.797378243438354,2.588868744862274
A_best,combined_70,integral_020,True,60.0,horizon,tail_58_60,False,True,"[5.198687022659734e-07, -4.0625391977671445e-07]",6.597770190978559e-07,6.661345265158286e-07,9.181226762701682e-08,8.233053988280639e-07,-7.380494728731479e-07,7.380494728731479e-07,7.434770737070486e-07,8.967237433939586e-08,9.041685756772111e-07,9.982451435115842e-07,-2.271919407036514e-28,-4.5753932502818685e-29,200,58.01,60.0,1.6936681830461278e-07,1.5898880451785127e-07,2.5072961399736154e-06,2.8155703622434284e-06,3.6222548091772e-06,7.530205008273475e-07
A_best,combined_70,integral_020,True,60.0,horizon,full_0_20,True,False,,,,,,,,,,,,,,,,,,,,,,
A_best,combined_70,integral_020,True,60.0,horizon,pre_3_5,True,False,,,,,,,,,,,,,,,,,,,,,,
A_best,combined_70,integral_020,True,60.0,horizon,post_5_20,True,False,,,,,,,,,,,,,,,,,,,,,,
A_best,combined_70,integral_020,True,60.0,horizon,tail_18_20,True,False,,,,,,,,,,,,,,,,,,,,,,
A_best,combined_70,integral_020,True,60.0,horizon,full_0_60,True,False,,,,,,,,,,,,,,,,,,,,,,
A_best,combined_70,integral_020,True,60.0,horizon,post_5_60,True,False,,,,,,,,,,,,,,,,,,,,,,
A_best,combined_70,integral_020,True,60.0,horizon,tail_58_60,True,False,,,,,,,,,,,,,,,,,,,,,,
B_best,combined_70,integral_020,True,60.0,horizon,full_0_20,False,True,"[0.044225328409222324, -0.05340340106878113]",0.0693383221502847,0.09225135043823121,0.060848243516643065,0.2012438615057402,-0.013525366834735649,0.013525366834735649,0.020222601693837265,0.015033897407306696,0.079337403210053,0.09444186188838577,-1.474514954580286e-17,-1.3552527156068805e-19,2000,0.01,20.0,0.053573227615116306,0.027273726733762358,0.3729238738060507,0.08540560195334714,9.139044384551937,2.2878916239404834
B_best,combined_70,integral_020,True,60.0,horizon,pre_3_5,False,True,"[0.044580836636317615, -0.015791217595859285]",0.047294963245083664,0.04767760090756038,0.006028273380230048,0.056991954211342837,-0.014616214664060179,0.014616214664060179,0.014792062318589875,0.002274066078890098,0.018767670919088597,0.04991952259324651,-2.1480755542369057e-18,6.606856988583543e-20,200,3.0100000000000002,5.0,0.010142699997622268,0.003972178439965969,0.18101305831218195,0.05537480053812305,0.17689484360443392,0.03155890545634013
B_best,combined_70,integral_020,True,60.0,horizon,post_5_20,False,True,"[0.04240733578486915, -0.06702870837152952]",0.07931727349276572,0.10193063971038079,0.06402050794426176,0.2012438615057402,-0.010882506068773647,0.010882506068773647,0.019207871341489345,0.01582761457498609,0.079337403210053,0.10372462404481717,-2.2551405187698492e-17,3.7947076036992655e-19,1500,5.01,20.0,0.057449043844487555,0.028420694415872055,0.4113520717466333,0.08175942120665376,9.139044384551937,2.2878916239404834
B_best,combined_70,integral_020,True,60.0,horizon,tail_18_20,False,True,"[0.006380692853730113, -0.009056398634867475]",0.011078429379983067,0.011205483764441072,0.0016826374736943065,0.014229993401591194,-0.0026974945368639226,0.0026974945368639226,0.0027067141186904935,0.00022321412121042305,0.0030911244026275986,0.011527756404238898,1.1689054672109345e-19,3.9903192749558055e-21,200,18.01,20.0,0.0029550868817405963,0.00038635118010867656,0.04187271464747851,0.010440813519416302,0.005800389050687069,3.5042298842819124e-05
B_best,combined_70,integral_020,True,60.0,horizon,full_0_60,False,True,"[0.015082919656747372, -0.01820799489109407]",0.023643721012691805,0.05328238060228465,0.047749204593592234,0.2012438615057402,-0.004727559622755726,0.004727559622755726,0.011686950122752919,0.010688076683155103,0.079337403210053,0.05454903194208339,-1.431146867680866e-17,3.6591823321385775e-19,6000,0.01,60.0,0.030933043236639358,0.015746734486956213,0.2153803639211741,0.049348672543281895,9.139044384551937,2.2878916239404834
B_best,combined_70,integral_020,True,60.0,horizon,post_5_60,False,True,"[0.011937793599880595, -0.018724405412053904]",0.022206176484669837,0.05325450411711128,0.04840380082897538,0.2012438615057402,-0.00320697875822246,0.00320697875822246,0.010045488021105147,0.009519827562854116,0.079337403210053,0.05419367157096471,1.3010426069826053e-18,0.0,5500,5.01,60.0,0.030004625422350092,0.014842502537956583,0.21490106225180713,0.042747503137605544,9.139044384551937,2.2878916239404834
B_best,combined_70,integral_020,True,60.0,horizon,tail_58_60,False,True,"[2.7861670007818266e-07, -7.450070383844601e-09]",2.7871628784694345e-07,2.825415416566526e-07,4.6335231201945044e-08,3.6566985717084043e-07,-8.58867763968707e-07,8.58867763968707e-07,8.658158113942287e-07,1.0946772709634496e-07,1.0622608219712504e-06,9.107506475550619e-07,3.668203209277705e-29,1.8932661725304283e-28,200,58.01,60.0,8.706776106868109e-08,1.9235350573178647e-07,1.0506377163155168e-06,3.2715774150086567e-06,1.9090959104164224e-06,4.2621561677745654e-07
B_best,combined_70,integral_020,True,60.0,horizon,full_0_20,True,False,,,,,,,,,,,,,,,,,,,,,,
B_best,combined_70,integral_020,True,60.0,horizon,pre_3_5,True,False,,,,,,,,,,,,,,,,,,,,,,
B_best,combined_70,integral_020,True,60.0,horizon,post_5_20,True,False,,,,,,,,,,,,,,,,,,,,,,
B_best,combined_70,integral_020,True,60.0,horizon,tail_18_20,True,False,,,,,,,,,,,,,,,,,,,,,,
B_best,combined_70,integral_020,True,60.0,horizon,full_0_60,True,False,,,,,,,,,,,,,,,,,,,,,,
B_best,combined_70,integral_020,True,60.0,horizon,post_5_60,True,False,,,,,,,,,,,,,,,,,,,,,,
B_best,combined_70,integral_020,True,60.0,horizon,tail_58_60,True,False,,,,,,,,,,,,,,,,,,,,,,
