time,time_post,phase,phase_post,reference_0,reference_1,reference_2,reference_post_0,reference_post_1,reference_post_2,observation_0,observation_1,observation_2,observation_3,observation_4,observation_5,observation_6,observation_7,observation_8,observation_9,observation_10,observation_11,observation_12,observation_13,observation_14,action_0,action_1,action_2,action_3,action_applied_0,action_applied_1,action_applied_2,action_applied_3,reward,terminated,truncated,policy_input_time,observation_velocity_mode,reference_velocity_0,reference_velocity_1,reference_velocity_2,reference_velocity_post_0,reference_velocity_post_1,reference_velocity_post_2,velocity_error_before_0,velocity_error_before_1,velocity_error_before_2,velocity_error_0,velocity_error_1,velocity_error_2,policy_raw_observation_0,policy_raw_observation_1,policy_raw_observation_2,policy_raw_observation_3,policy_raw_observation_4,policy_raw_observation_5,policy_raw_observation_6,policy_raw_observation_7,policy_raw_observation_8,policy_raw_observation_9,policy_raw_observation_10,policy_raw_observation_11,policy_raw_observation_12,policy_raw_observation_13,policy_raw_observation_14,policy_raw_velocity_0,policy_raw_velocity_1,policy_raw_velocity_2,position_before_0,position_before_1,position_before_2,quaternion_before_0,quaternion_before_1,quaternion_before_2,quaternion_before_3,velocity_before_0,velocity_before_1,velocity_before_2,omega_before_0,omega_before_1,omega_before_2,desired_velocity_before_0,desired_velocity_before_1,desired_velocity_before_2,internal_velocity_reference_mode,environment_observation_velocity_mode,environment_reward_velocity_mode,desired_velocity_0,desired_velocity_1,desired_velocity_2,internal_velocity_error_0,internal_velocity_error_1,internal_velocity_error_2,position_0,position_1,position_2,quaternion_0,quaternion_1,quaternion_2,quaternion_3,velocity_0,velocity_1,velocity_2,omega_0,omega_1,omega_2,motor_thrust_command_0,motor_thrust_command_1,motor_thrust_command_2,motor_thrust_command_3,motor_thrust_0,motor_thrust_1,motor_thrust_2,motor_thrust_3,wrench_command_0,wrench_command_1,wrench_command_2,wrench_command_3,wrench_actual_0,wrench_actual_1,wrench_actual_2,wrench_actual_3,motor_omega_0,motor_omega_1,motor_omega_2,motor_omega_3,reward_terms_position,reward_terms_velocity,reward_terms_tilt,reward_terms_angular_velocity,reward_terms_yaw,reward_terms_action,reward_terms_action_rate,reward_terms_crash,reward_terms_total,reward_raw_position_sq,reward_raw_position_sq_xy,reward_raw_position_sq_z,reward_raw_velocity_sq,reward_raw_velocity_error_sq,reward_raw_velocity_reward_sq,reward_raw_desired_velocity_sq,reward_raw_tilt_error,reward_raw_angular_velocity_sq,reward_raw_yaw_error_sq,reward_raw_action_sq,reward_raw_action_rate_sq,reward_costs_position_xy,reward_costs_position_z,model_label,case
0.0,0.01,STEP,STEP,0.0,0.0,1.0,0.0,0.0,1.0,0.0,0.0,0.0,0.0,0.0,0.0,1.0,0.0,0.0,0.0,0.0,0.0,0.0,0.0,1.0,0.06322941184043884,0.0974409356713295,0.016008177772164345,0.29690229892730713,0.06322941184043884,0.0974409356713295,0.016008177772164345,0.29690229892730713,-7.767682886410664e-07,False,False,0.0,absolute,0.0,0.0,0.0,0.0,0.0,0.0,0.0,0.0,0.0,3.117383665972207e-06,-2.021556005472696e-06,0.0036737210692181273,0.0,0.0,0.0,0.0,0.0,0.0,1.0,0.0,0.0,0.0,0.0,0.0,0.0,0.0,1.0,0.0,0.0,0.0,0.0,0.0,1.0,1.0,0.0,0.0,0.0,0.0,0.0,0.0,0.0,0.0,0.0,-0.0,-0.0,-0.0,position_error,position_error,position_error,-3.9639775155629004e-08,2.5705294712326097e-08,-6.935084077319686e-05,3.157023441127836e-06,-2.047261300185022e-06,0.003743071909991324,9.909943788907251e-09,-6.426323678081524e-09,1.0000173377101933,0.9999999959775526,4.879838219586528e-05,7.524769554621213e-05,1.1819544266653617e-06,3.117383665972207e-06,-2.021556005472696e-06,0.0036737210692181273,0.013941550580935927,0.021498004958075106,0.0003377029946052305,0.1356550685861022,0.14464284994711935,0.1526968958571862,0.1410141350732458,0.11154774667845638,0.11308669257102164,0.11445319979554262,0.11246731257081027,0.0004742205888032913,0.0007308070175349712,1.6008177772164346e-05,0.5740089494636536,8.082411504711177e-05,0.00012462047486205743,2.654831513072527e-06,0.4515549516158309,1622.2458625244824,1634.2893066091099,1644.9442918032887,1629.4478396922948,-1.8035785635272084e-09,-7.00530074072097e-08,-4.8260986739695046e-08,-6.56645093090782e-07,-5.622839852370735e-12,-0.0,-0.0,0.0,-7.767682886410664e-07,3.0059633425145344e-10,1.3950462191477265e-16,3.0059619474683153e-10,1.3496240299186785e-05,1.401060148144194e-05,1.401060148144194e-05,4.809541348023255e-09,1.608699557989835e-08,0.000656645093090782,5.622839852370735e-12,0.10189993679523468,0.10189993133009725,1.3950462191477265e-15,1.8035771684809892e-09,d_final,hover
0.01,0.02,STEP,STEP,0.0,0.0,1.0,0.0,0.0,1.0,9.909943976538216e-09,-6.426323473363027e-09,1.7337710232823156e-05,3.15702345687896e-06,-2.0472612050070893e-06,0.0037430718075484037,1.0,4.879838161286898e-05,7.52476989873685e-05,1.1819544170066365e-06,0.013941550627350807,0.021498005837202072,0.0003377030079718679,2.371252776356414e-06,1.0,0.054819170385599136,0.07905057817697525,0.013502787798643112,0.2908945083618164,0.054819170385599136,0.07905057817697525,0.013502787798643112,0.2908945083618164,-1.3562547048142569e-05,False,False,0.01,absolute,0.0,0.0,0.0,0.0,0.0,0.0,3.117383665972207e-06,-2.021556005472696e-06,0.0036737210692181273,4.4107475822081636e-05,-2.8725231170521074e-05,0.012647769923233916,9.909943976538216e-09,-6.426323473363027e-09,1.7337710232823156e-05,3.15702345687896e-06,-2.0472612050070893e-06,0.0037430718075484037,1.0,4.879838161286898e-05,7.52476989873685e-05,1.1819544170066365e-06,0.013941550627350807,0.021498005837202072,0.0003377030079718679,2.371252776356414e-06,1.0,3.15702345687896e-06,-2.0472612050070893e-06,0.0037430718075484037,9.909943788907251e-09,-6.426323678081524e-09,1.0000173377101933,0.9999999959775526,4.879838219586528e-05,7.524769554621213e-05,1.1819544266653617e-06,3.117383665972207e-06,-2.021556005472696e-06,0.0036737210692181273,0.013941550580935927,0.021498004958075106,0.0003377029946052305,-3.9639775155629004e-08,2.5705294712326097e-08,-6.935084077319686e-05,position_error,position_error,position_error,-9.198970712711887e-07,5.980997361762466e-07,-0.0004164120303737917,4.502737289335283e-05,-2.932333090669732e-05,0.013064181953607708,2.2997426781779716e-07,-1.4952493404406166e-07,1.0001041030075934,0.9999998616828902,0.00028811565831196145,0.0004399713699594923,6.982945826614042e-06,4.4107475822081636e-05,-2.8725231170521074e-05,0.012647769923233916,0.05758096581787069,0.08756090935862527,0.0013955979039811512,0.13621997908434258,0.14346804117692075,0.15041914630566058,0.1408978876139843,0.11592112366299685,0.1184527110540746,0.1207858954684612,0.11749448237488822,0.0004111437778919935,0.0005928793363273143,1.3502787798643112e-05,0.5710050541809082,0.00013811583222955812,0.0002058721821348265,4.513364672821822e-06,0.47265421256042084,1656.3502571919637,1675.9273001662,1693.868947526414,1668.530913373962,-6.502536959870645e-08,-8.533786871950721e-07,-1.6595126336914041e-06,-1.0984428165737782e-05,-2.0219191960512706e-10,-0.0,-0.0,0.0,-1.3562547048142569e-05,1.0837511435871237e-08,7.524586975921289e-14,1.0837436190001477e-08,0.00015996885463938964,0.00017067573743901444,0.00017067573743901444,1.734001829739398e-07,5.531708778971347e-07,0.010984428165737782,2.0219191960512706e-10,0.09405606985092163,0.0004513079475145787,7.524586975921289e-13,6.502461714000886e-08,d_final,hover
0.02,0.03,STEP,STEP,0.0,0.0,1.0,0.0,0.0,1.0,2.2997426185611403e-07,-1.495249364324991e-07,0.00010410300455987453,4.5027372834738344e-05,-2.932333154603839e-05,0.013064182363450527,0.9999998807907104,0.0002881156688090414,0.0004399713652674109,6.982945706113242e-06,0.057580966502428055,0.08756090700626373,0.0013955979375168681,1.4219420336303301e-05,1.0,0.02837175503373146,0.021416213363409042,0.005140168592333794,0.2735755443572998,0.02837175503373146,0.021416213363409042,0.005140168592333794,0.2735755443572998,-6.0534971303740434e-05,False,False,0.02,absolute,0.0,0.0,0.0,0.0,0.0,0.0,4.4107475822081636e-05,-2.8725231170521074e-05,0.012647769923233916,0.0002039757656647894,-0.00013438766591228113,0.025757648180552966,2.2997426185611403e-07,-1.495249364324991e-07,0.00010410300455987453,4.5027372834738344e-05,-2.932333154603839e-05,0.013064182363450527,0.9999998807907104,0.0002881156688090414,0.0004399713652674109,6.982945706113242e-06,0.057580966502428055,0.08756090700626373,0.0013955979375168681,1.4219420336303301e-05,1.0,4.5027372834738344e-05,-2.932333154603839e-05,0.013064182363450527,2.2997426781779716e-07,-1.4952493404406166e-07,1.0001041030075934,0.9999998616828902,0.00028811565831196145,0.0004399713699594923,6.982945826614042e-06,4.4107475822081636e-05,-2.8725231170521074e-05,0.012647769923233916,0.05758096581787069,0.08756090935862527,0.0013955979039811512,-9.198970712711887e-07,5.980997361762466e-07,-0.0004164120303737917,position_error,position_error,position_error,-5.9809348220246284e-06,3.919389941510375e-06,-0.0012254196060066391,0.00020995670048681403,-0.0001383070558537915,0.026983067786559605,1.4952337055061571e-06,-9.798474853775939e-07,1.0003063549015017,0.9999989275860479,0.0008146509367814968,0.0012168759787013008,1.9582076939926184e-05,0.0002039757656647894,-0.00013438766591228113,0.025757648180552966,0.11752503544599134,0.17217060153376884,0.002805488984926447,0.13816229902913935,0.14000117914400584,0.1434431611841194,0.1407389328213853,0.11987657888899499,0.12228980661782758,0.1248200550891917,0.12162736750029904,0.00021278816275298594,0.00016062160022556782,5.140168592333794e-06,0.5623455721786499,0.00015135606605773313,0.00019819713605817666,4.629991568756817e-06,0.48861380809631333,1686.8877746926316,1705.3842104592932,1724.6738217393624,1700.3166823604633,-5.631519122938369e-07,-3.640745789159245e-06,-1.2866659778035315e-05,-4.346272075752587e-05,-1.6930667261620513e-09,-0.0,-0.0,0.0,-6.0534971303740434e-05,9.385652149902034e-08,3.195824928682467e-12,9.385332567409166e-08,0.0006635161059508714,0.0007281491578318489,0.0007281491578318489,1.5017043439843255e-06,4.288886592678438e-06,0.04346272075752587,1.6930667261620513e-09,0.0761336088180542,0.004391065798699856,3.195824928682467e-11,5.6311995404455e-07,d_final,hover
0.03,0.04,STEP,STEP,0.0,0.0,1.0,0.0,0.0,1.0,1.4952337323848042e-06,-9.798475275601959e-07,0.0003063548938371241,0.0002099567063851282,-0.0001383070630254224,0.026983067393302917,0.999998927116394,0.0008146509644575417,0.0012168759712949395,1.9582077584345825e-05,0.11752503365278244,0.17217059433460236,0.00280548888258636,4.114689363632351e-05,1.0,-0.009506430476903915,-0.0541708804666996,-0.006180714815855026,0.24864597618579865,-0.009506430476903915,-0.0541708804666996,-0.006180714815855026,0.24864597618579865,-0.0001475438638638031,False,False,0.03,absolute,0.0,0.0,0.0,0.0,0.0,0.0,0.0002039757656647894,-0.00013438766591228113,0.025757648180552966,0.0005805424708993168,-0.0003905449362945698,0.04183649722095099,1.4952337323848042e-06,-9.798475275601959e-07,0.0003063548938371241,0.0002099567063851282,-0.0001383070630254224,0.026983067393302917,0.999998927116394,0.0008146509644575417,0.0012168759712949395,1.9582077584345825e-05,0.11752503365278244,0.17217059433460236,0.00280548888258636,4.114689363632351e-05,1.0,0.0002099567063851282,-0.0001383070630254224,0.026983067393302917,1.4952337055061571e-06,-9.798474853775939e-07,1.0003063549015017,0.9999989275860479,0.0008146509367814968,0.0012168759787013008,1.9582076939926184e-05,0.0002039757656647894,-0.00013438766591228113,0.025757648180552966,0.11752503544599134,0.17217060153376884,0.002805488984926447,-5.9809348220246284e-06,3.919389941510375e-06,-0.0012254196060066391,position_error,position_error,position_error,-2.2344113763789254e-05,1.4846225469118182e-05,-0.002633700475356271,0.0006028865846631061,-0.000405391161763688,0.04447019769630726,5.586028440947313e-06,-3.7115563672795454e-06,1.000658425118839,0.9999959223375977,0.001631076320665805,0.0023438059987302426,3.8362138082173635e-05,0.0005805424708993168,-0.0003905449362945698,0.04183649722095099,0.1738724924719214,0.23637678498872575,0.0039843540405867526,0.14058709769236669,0.13536161524217083,0.13383303416419617,0.14009904099416565,0.12356814611071533,0.124634097710607,0.12644200458092264,0.12492658286895247,-7.129822857677936e-05,-0.000406281603500247,-6.180714815855026e-06,0.5498807880928993,0.00011194607898748314,9.126445344087575e-05,2.6698524657461703e-06,0.49957083127119745,1715.142742370369,1723.2596689957293,1736.9852446362129,1725.483688010286,-2.601591616353548e-06,-9.890631486883272e-06,-4.892301914112342e-05,-8.612150319712539e-05,-7.118422317447894e-09,-0.0,-0.0,0.0,-0.0001475438638638031,4.33568616482651e-07,4.497936441056561e-11,4.3352363711824044e-07,0.0017507820546264227,0.0019781262973766543,0.0019781262973766543,6.937097863722416e-06,1.630767304704114e-05,0.08612150319712539,7.118422317447894e-09,0.0648878812789917,0.007897811941802502,4.497936441056561e-10,2.6011418227094425e-06,d_final,hover
0.04,0.05,STEP,STEP,0.0,0.0,1.0,0.0,0.0,1.0,5.586028237303253e-06,-3.711556473717792e-06,0.00065842509502545,0.0006028866046108305,-0.00040539115434512496,0.04447019845247269,0.9999959468841553,0.0016310763312503695,0.0023438059724867344,3.836213727481663e-05,0.17387248575687408,0.2363767921924591,0.003984353970736265,8.437074575340375e-05,1.0,-0.04735022410750389,-0.11310292780399323,-0.015319976955652237,0.22329990565776825,-0.04735022410750389,-0.11310292780399323,-0.015319976955652237,0.22329990565776825,-0.0002504196166847399,False,False,0.04,absolute,0.0,0.0,0.0,0.0,0.0,0.0,0.0005805424708993168,-0.0003905449362945698,0.04183649722095099,0.0012407251135164298,-0.0008608626152669894,0.059841025837723695,5.586028237303253e-06,-3.711556473717792e-06,0.00065842509502545,0.0006028866046108305,-0.00040539115434512496,0.04447019845247269,0.9999959468841553,0.0016310763312503695,0.0023438059724867344,3.836213727481663e-05,0.17387248575687408,0.2363767921924591,0.003984353970736265,8.437074575340375e-05,1.0,0.0006028866046108305,-0.00040539115434512496,0.04447019845247269,5.586028440947313e-06,-3.7115563672795454e-06,1.000658425118839,0.9999959223375977,0.001631076320665805,0.0023438059987302426,3.8362138082173635e-05,0.0005805424708993168,-0.0003905449362945698,0.04183649722095099,0.1738724924719214,0.23637678498872575,0.0039843540405867526,-2.2344113763789254e-05,1.4846225469118182e-05,-0.002633700475356271,position_error,position_error,position_error,-6.045855798029551e-05,4.099508275355774e-05,-0.004734404146704563,0.0013011836714967252,-0.0009018576980205471,0.06457542998442825,1.5114639495073877e-05,-1.0248770688389435e-05,1.0011836010366761,0.9999901281307167,0.0026365537551757173,0.0035761239115318687,5.969236180902948e-05,0.0012407251135164298,-0.0008608626152669894,0.059841025837723695,0.20609040257652758,0.24534946345618114,0.004376987542300409,0.14216655302126158,0.13145962124081437,0.1251477630433781,0.1384338155234301,0.12689124949634037,0.12586445165466276,0.12620714371606392,0.12734929912787016,-0.0003551266808062792,-0.0008482719585299491,-1.5319976955652238e-05,0.5372077528288841,2.83102225535738e-05,-7.668334227692048e-05,-6.852239665639881e-07,0.5063121439949372,1740.3880309577642,1732.60602779656,1735.205066339433,1743.8543364833286,-8.408803380401902e-06,-2.086246291964122e-05,-0.00011844046760736701,-0.00010268877127233662,-1.911150499314707e-08,-0.0,-0.0,0.0,-0.0002504196166847399,1.4012449036485242e-06,3.3348962768923757e-10,1.400911414020835e-06,0.0035832288565607892,0.004172492583928244,0.004172492583928244,2.2419918458376387e-05,3.948015586912234e-05,0.10268877127233662,1.911150499314707e-08,0.06513186544179916,0.005631088279187679,3.3348962768923756e-09,8.40546848412501e-06,d_final,hover
0.05,0.06,STEP,STEP,0.0,0.0,1.0,0.0,0.0,1.0,1.5114639609237202e-05,-1.0248771104670595e-05,0.0011836009798571467,0.001301183714531362,-0.0009018576820380986,0.0645754262804985,0.9999901056289673,0.002636553719639778,0.0035761238541454077,5.969236008240841e-05,0.20609040558338165,0.2453494668006897,0.004376987461000681,0.0001382443733746186,1.0,-0.07260257005691528,-0.12397366762161255,-0.01701773703098297,0.20491807162761688,-0.07260257005691528,-0.12397366762161255,-0.01701773703098297,0.20491807162761688,-0.0003399670565853555,False,False,0.05,absolute,0.0,0.0,0.0,0.0,0.0,0.0,0.0012407251135164298,-0.0008608626152669894,0.059841025837723695,0.0021812629710652952,-0.0015762571268826248,0.0789915515996544,1.5114639609237202e-05,-1.0248771104670595e-05,0.0011836009798571467,0.001301183714531362,-0.0009018576820380986,0.0645754262804985,0.9999901056289673,0.002636553719639778,0.0035761238541454077,5.969236008240841e-05,0.20609040558338165,0.2453494668006897,0.004376987461000681,0.0001382443733746186,1.0,0.001301183714531362,-0.0009018576820380986,0.0645754262804985,1.5114639495073877e-05,-1.0248770688389435e-05,1.0011836010366761,0.9999901281307167,0.0026365537551757173,0.0035761239115318687,5.969236180902948e-05,0.0012407251135164298,-0.0008608626152669894,0.059841025837723695,0.20609040257652758,0.24534946345618114,0.004376987542300409,-6.045855798029551e-05,4.099508275355774e-05,-0.004734404146704563,position_error,position_error,position_error,-0.00013185071690026897,9.181090689072555e-05,-0.007584858059280997,0.002313113687965564,-0.0016680680337733504,0.0865764096589354,3.296267922506724e-05,-2.2952726722681388e-05,1.0018962145148202,0.9999828342553154,0.003651579180551858,0.004581597156833177,7.830509023798637e-05,0.0021812629710652952,-0.0015762571268826248,0.0789915515996544,0.1999985383662497,0.18670566038176034,0.003765888338860674,0.14171310350859137,0.12999605369157802,0.1208628449512604,0.13544483366237867,0.12954826218727652,0.12661085904311198,0.12523390532113288,0.12880755839889532,-0.0005445192754268646,-0.0009298025071620941,-1.701773703098297e-05,0.5280168358138084,-7.486978127878904e-05,-0.0002301983927262283,-3.779324605571459e-06,0.5102005849504168,1760.45130237866,1738.264588469784,1727.8190698665303,1754.8687378189093,-2.1589910576146964e-05,-3.7518038276652764e-05,-0.0002059503781160498,-7.487260088220627e-05,-3.6128734299651305e-08,-0.0,-0.0,0.0,-0.0003399670565853555,3.5972428521006936e-06,1.613365885700772e-09,3.595629486214993e-06,0.006246907718799853,0.007503607655330553,0.007503607655330553,5.75558856336111e-05,6.865012603868326e-05,0.07487260088220626,3.6128734299651305e-08,0.06292162090539932,0.0010966281406581402,1.613365885700772e-08,2.1573776917289957e-05,d_final,hover
0.06,0.07,STEP,STEP,0.0,0.0,1.0,0.0,0.0,1.0,3.296267823316157e-05,-2.2952726794756018e-05,0.0018962145550176501,0.002313113771378994,-0.001668067998252809,0.08657640963792801,0.9999828338623047,0.0036515791434794664,0.004581597167998552,7.830509275663644e-05,0.19999854266643524,0.18670566380023956,0.0037658882793039083,0.00019007560331374407,1.0,-0.07668602466583252,-0.07467549294233322,-0.008490093052387238,0.195977583527565,-0.07668602466583252,-0.07467549294233322,-0.008490093052387238,0.195977583527565,-0.0004135484497663989,False,False,0.06,absolute,0.0,0.0,0.0,0.0,0.0,0.0,0.0021812629710652952,-0.0015762571268826248,0.0789915515996544,0.0033213705075818044,-0.002520507184041785,0.09882440129274572,3.296267823316157e-05,-2.2952726794756018e-05,0.0018962145550176501,0.002313113771378994,-0.001668067998252809,0.08657640963792801,0.9999828338623047,0.0036515791434794664,0.004581597167998552,7.830509275663644e-05,0.19999854266643524,0.18670566380023956,0.0037658882793039083,0.00019007560331374407,1.0,0.002313113771378994,-0.001668067998252809,0.08657640963792801,3.296267922506724e-05,-2.2952726722681388e-05,1.0018962145148202,0.9999828342553154,0.003651579180551858,0.004581597156833177,7.830509023798637e-05,0.0021812629710652952,-0.0015762571268826248,0.0789915515996544,0.1999985383662497,0.18670566038176034,0.003765888338860674,-0.00013185071690026897,9.181090689072555e-05,-0.007584858059280997,position_error,position_error,position_error,-0.00024601546487950006,0.00017686634870165747,-0.011218781273943712,0.0035673859724613044,-0.002697373532743442,0.11004318256668943,6.150386621987501e-05,-4.421658717541437e-05,1.002804695318486,0.9999770199372311,0.004471732383913592,0.0050946133776065185,9.011922056764623e-05,0.0033213705075818044,-0.002520507184041785,0.09882440129274572,0.15308090125679066,0.08028630316582724,0.0024814029298904153,0.13855655443717188,0.13135060065831944,0.12250208714738037,0.13113734952091083,0.13117025632333296,0.1274667589433101,0.12473754233517931,0.1292291031624358,-0.0005751451849937438,-0.0005600661970674992,-8.490093052387237e-06,0.5235465917637825,-0.00016512092318398362,-0.0002897362829183611,-4.681096876567835e-06,0.5126036607642581,1772.6482946291012,1744.7427047566475,1724.0464035748603,1758.0468370232652,-4.7255273298635615e-05,-6.0647520480287e-05,-0.000275708855883773,-2.9885810166126883e-05,-5.098993757645213e-08,-0.0,-0.0,0.0,-0.0004135484497663989,7.872053661678315e-06,5.737832141433302e-09,7.866315829536881e-06,0.009783646749383083,0.0121295040960574,0.0121295040960574,0.00012595285858685304,9.190295196125767e-05,0.029885810166126882,5.098993757645213e-08,0.04993647336959839,0.002599637722596526,5.7378321414333014e-08,4.719789497722128e-05,d_final,hover
0.07,0.08,STEP,STEP,0.0,0.0,1.0,0.0,0.0,1.0,6.150386616354808e-05,-4.4216587411938235e-05,0.0028046953957527876,0.0035673859529197216,-0.0026973735075443983,0.11004318296909332,0.9999769926071167,0.0044717323035001755,0.005094613414257765,9.011921792989597e-05,0.15308089554309845,0.08028630167245865,0.0024814028292894363,0.00022580951917916536,1.0,-0.05734186992049217,0.018477853387594223,0.008873842656612396,0.19195131957530975,-0.05734186992049217,0.018477853387594223,0.008873842656612396,0.19195131957530975,-0.0004891839711249031,False,False,0.07,absolute,0.0,0.0,0.0,0.0,0.0,0.0,0.0033213705075818044,-0.002520507184041785,0.09882440129274572,0.004533710912257925,-0.003630751683003933,0.11909625390759823,6.150386616354808e-05,-4.4216587411938235e-05,0.0028046953957527876,0.0035673859529197216,-0.0026973735075443983,0.11004318296909332,0.9999769926071167,0.0044717323035001755,0.005094613414257765,9.011921792989597e-05,0.15308089554309845,0.08028630167245865,0.0024814028292894363,0.00022580951917916536,1.0,0.0035673859529197216,-0.0026973735075443983,0.11004318296909332,6.150386621987501e-05,-4.421658717541437e-05,1.002804695318486,0.9999770199372311,0.004471732383913592,0.0050946133776065185,9.011922056764623e-05,0.0033213705075818044,-0.002520507184041785,0.09882440129274572,0.15308090125679066,0.08028630316582724,0.0024814029298904153,-0.00024601546487950006,0.00017686634870165747,-0.011218781273943712,position_error,position_error,position_error,-0.0004079459795452135,0.00030394006782806065,-0.015657123272157847,0.004941656891803139,-0.0039346917508319935,0.13475337717975608,0.00010198649488630337,-7.598501695701516e-05,1.0039142808180395,0.999975032689779,0.004932342979068617,0.005059338354812785,9.531643995243038e-05,0.004533710912257925,-0.003630751683003933,0.11909625390759823,0.07583534257802976,-0.027214224100347573,0.0013546697193841722,0.13281793866179392,0.1340308733194838,0.1286957476846103,0.12598890012176686,0.13146855600291654,0.12865052314187447,0.12545268030904835,0.1286402078791912,-0.0004300640244036913,0.00013858390040695666,8.873842656612397e-06,0.5215334597876549,-0.0002130559812688771,-0.00021232658904454284,-2.1947985720586994e-06,0.5142119673330305,1774.8873582253123,1753.6841531970738,1729.4806625760423,1753.6063279773637,-9.209131561424158e-05,-9.099187216679988e-05,-0.0002995494711098833,-6.493448307359689e-06,-5.786392661863027e-08,-0.0,-0.0,0.0,-0.0004891839711249031,1.5337769290412828e-05,1.6174967941151867e-08,1.5321594322471677e-05,0.01421765458724267,0.018198374433359976,0.018198374433359976,0.00024540430864660525,9.984982370329443e-05,0.006493448307359689,5.786392661863027e-08,0.04055357351899147,0.009369458071887493,1.6174967941151868e-07,9.192956593483007e-05,d_final,hover
0.08,0.09,STEP,STEP,0.0,0.0,1.0,0.0,0.0,1.0,0.0001019864939735271,-7.598501542815939e-05,0.003914280794560909,0.004941656719893217,-0.003934691660106182,0.13475337624549866,0.9999750256538391,0.004932343028485775,0.005059338174760342,9.53164417296648e-05,0.07583533972501755,-0.02721422351896763,0.0013546696864068508,0.00024054921232163906,1.0,-0.019276615232229233,0.11229080706834793,0.02956452965736389,0.1847042292356491,-0.019276615232229233,0.11229080706834793,0.02956452965736389,0.1847042292356491,-0.0005800436413651122,False,False,0.08,absolute,0.0,0.0,0.0,0.0,0.0,0.0,0.004533710912257925,-0.003630751683003933,0.11909625390759823,0.005701513433708624,-0.00481183291762659,0.1396004271377363,0.0001019864939735271,-7.598501542815939e-05,0.003914280794560909,0.004941656719893217,-0.003934691660106182,0.13475337624549866,0.9999750256538391,0.004932343028485775,0.005059338174760342,9.53164417296648e-05,0.07583533972501755,-0.02721422351896763,0.0013546696864068508,0.00024054921232163906,1.0,0.004941656719893217,-0.003934691660106182,0.13475337624549866,0.00010198649488630337,-7.598501695701516e-05,1.0039142808180395,0.999975032689779,0.004932342979068617,0.005059338354812785,9.531643995243038e-05,0.004533710912257925,-0.003630751683003933,0.11909625390759823,0.07583534257802976,-0.027214224100347573,0.0013546697193841722,-0.0004079459795452135,0.00030394006782806065,-0.015657123272157847,position_error,position_error,position_error,-0.0006175938497016082,0.00047745600895632013,-0.02091261043958692,0.006319107283410232,-0.005289288926582911,0.16051303757732321,0.00015439846242540204,-0.00011936400223908003,1.0052281526098967,0.9999767051129987,0.004963111919929315,0.004684737659134054,9.992240060844272e-05,0.005701513433708624,-0.00481183291762659,0.1396004271377363,-0.011024857662171515,-0.08270350341753212,0.0014121418401349681,0.12578890729971767,0.1352106634194851,0.13565464678169997,0.12125569711692182,0.13043435276274562,0.1298336916142826,0.1272871049361139,0.12729328045196162,-0.00014457461424171924,0.0008421810530126095,2.9564529657363894e-05,0.5179099146178245,-0.00020108718355442336,-2.1454710266706305e-05,3.531244657734912e-06,0.5148484297651037,1767.1191520610585,1762.6004023111132,1743.3838668440214,1743.4305843203315,-0.00016438234477651853,-0.00012916171463253648,-0.00027947548118791965,-6.9634111085815484e-06,-6.068965955599059e-08,-0.0,-0.0,0.0,-0.0005800436413651122,2.737166636259985e-05,3.808665022985939e-08,2.733357971236999e-05,0.019543940248500334,0.025832342926507296,0.025832342926507296,0.0004379466618015976,9.315849372930655e-05,0.006963411108581548,6.068965955599059e-08,0.04797052964568138,0.010730459354817867,3.808665022985939e-07,0.00016400147827421994,d_final,hover
0.09,0.1,STEP,STEP,0.0,0.0,1.0,0.0,0.0,1.0,0.00015439846902154386,-0.00011936400551348925,0.005228152498602867,0.006319107487797737,-0.005289288703352213,0.1605130434036255,0.9999766945838928,0.004963112063705921,0.004684737883508205,9.992239938583225e-05,-0.011024857871234417,-0.08270350098609924,0.0014121418353170156,0.00024635271984152496,0.9999999403953552,0.026932600885629654,0.15900680422782898,0.046834252774715424,0.1688770353794098,0.026932600885629654,0.15900680422782898,0.046834252774715424,0.1688770353794098,-0.0007014267269217921,False,False,0.09,absolute,0.0,0.0,0.0,0.0,0.0,0.0,0.005701513433708624,-0.00481183291762659,0.1396004271377363,0.006776907464947538,-0.005961457678366156,0.16002987283405787,0.00015439846902154386,-0.00011936400551348925,0.005228152498602867,0.006319107487797737,-0.005289288703352213,0.1605130434036255,0.9999766945838928,0.004963112063705921,0.004684737883508205,9.992239938583225e-05,-0.011024857871234417,-0.08270350098609924,0.0014121418353170156,0.00024635271984152496,0.9999999403953552,0.006319107487797737,-0.005289288703352213,0.1605130434036255,0.00015439846242540204,-0.00011936400223908003,1.0052281526098967,0.9999767051129987,0.004963111919929315,0.004684737659134054,9.992240060844272e-05,0.005701513433708624,-0.00481183291762659,0.1396004271377363,-0.011024857662171515,-0.08270350341753212,0.0014121418401349681,-0.0006175938497016082,0.00047745600895632013,-0.02091261043958692,position_error,position_error,position_error,-0.0008717358446873862,0.0006977678545395642,-0.026987599788419914,0.007648643309634925,-0.00665922553290572,0.18701747262247778,0.00021793396117184656,-0.00017444196363489105,1.006746899947105,0.9999797921409416,0.0046164550889393535,0.004369263635611184,0.00011483663885751177,0.006776907464947538,-0.005961457678366156,0.16002987283405787,-0.08236154521704807,-0.05338863550061795,0.003492251421035196,0.11960919737116484,0.1325323003699923,0.13933123864327646,0.11852358130527131,0.12845425035661803,0.13032184691439505,0.12945046210960548,0.12569146293076972,0.0002019945066422224,0.0011925510317087173,4.6834252774715424e-05,0.5099963176897049,-0.0001284861592142023,0.00019892829226794608,1.1234931569088953e-05,0.5139180223113883,1752.2030703290538,1766.2731696687972,1759.7146585260725,1731.2933570437353,-0.00027390320547855944,-0.00017539191047637678,-0.0002424127338340099,-9.64596635114542e-06,-7.291078170039164e-08,-0.0,-0.0,0.0,-0.0007014267269217921,4.559858410635401e-05,7.792521010884858e-08,4.552065889624516e-05,0.025691025651724143,0.035078382095275355,0.035078382095275355,0.0007295773457016642,8.080424461133663e-05,0.00964596635114542,7.291078170039164e-08,0.05672143027186394,0.004866419360041618,7.792521010884858e-07,0.00027312395337747094,d_final,hover
0.1,0.11,STEP,STEP,0.0,0.0,1.0,0.0,0.0,1.0,0.0002179339644499123,-0.00017444195691496134,0.006746899802237749,0.007648643106222153,-0.006659225560724735,0.18701747059822083,0.9999797940254211,0.004616455174982548,0.0043692635372281075,0.0001148366354755126,-0.08236154168844223,-0.05338863655924797,0.003492251504212618,0.0002700199547689408,0.9999999403953552,0.06818422675132751,0.13155212998390198,0.05559609830379486,0.14260883629322052,0.06818422675132751,0.13155212998390198,0.05559609830379486,0.14260883629322052,-0.0008990448289436156,False,False,0.1,absolute,0.0,0.0,0.0,0.0,0.0,0.0,0.006776907464947538,-0.005961457678366156,0.16002987283405787,0.007810613088353969,-0.007000328931655456,0.1799330195970345,0.0002179339644499123,-0.00017444195691496134,0.006746899802237749,0.007648643106222153,-0.006659225560724735,0.18701747059822083,0.9999797940254211,0.004616455174982548,0.0043692635372281075,0.0001148366354755126,-0.08236154168844223,-0.05338863655924797,0.003492251504212618,0.0002700199547689408,0.9999999403953552,0.007648643106222153,-0.006659225560724735,0.18701747059822083,0.00021793396117184656,-0.00017444196363489105,1.006746899947105,0.9999797921409416,0.0046164550889393535,0.004369263635611184,0.00011483663885751177,0.006776907464947538,-0.005961457678366156,0.16002987283405787,-0.08236154521704807,-0.05338863550061795,0.003492251421035196,-0.0008717358446873862,0.0006977678545395642,-0.026987599788419914,position_error,position_error,position_error,-0.0011675767456607014,0.0009615941354083305,-0.033868731444138156,0.00897818983401467,-0.007961923067063786,0.21380175104117266,0.00029189418641517535,-0.00024039853385208261,1.0084671828610345,0.9999815200676372,0.004061049584364766,0.0045215091571112085,0.00015282157297623667,0.007810613088353969,-0.007000328931655456,0.1799330195970345,-0.1157717654105683,0.05457840485986599,0.007981014144528288,0.11596273615695658,0.1252362741943145,0.13714817917087677,0.11851502862446249,0.1261651144542096,0.12939619964864169,0.1308377541119004,0.12438234490796424,0.0005113817006349563,0.0009866409748792648,5.559609830379486e-05,0.4968622181466103,-1.2063659258993407e-05,0.00034246600945430933,1.9152484616454316e-05,0.510781413122716,1734.8864067049367,1759.3058860023423,1770.151023229857,1721.3442841783517,-0.0004315890503245944,-0.00022927594429946512,-0.0002216170127070585,-1.6445600530102262e-05,-1.1722108239534455e-07,-0.0,-0.0,0.0,-0.0008990448289436156,7.183617927333825e-05,1.4299367114120806e-07,7.169318560219704e-05,0.03248590182327414,0.04585518885989302,0.04585518885989302,0.001149378868373412,7.38723375690195e-05,0.016445600530102262,1.1722108239534455e-07,0.045383255928754807,0.003222244093194604,1.4299367114120806e-06,0.0004301591136131823,d_final,hover
0.11,0.12,STEP,STEP,0.0,0.0,1.0,0.0,0.0,1.0,0.00029189419001340866,-0.00024039852723944932,0.008467182517051697,0.008978189900517464,-0.007961923256516457,0.21380175650119781,0.9999815225601196,0.004061049781739712,0.004521509166806936,0.00015282157983165234,-0.11577176302671432,0.05457840487360954,0.0079810144379735,0.0003423756279516965,0.9999999403953552,0.09060624241828918,0.03266328200697899,0.05315333232283592,0.10470853745937347,0.09060624241828918,0.03266328200697899,0.05315333232283592,0.10470853745937347,-0.001233594705999135,False,False,0.11,absolute,0.0,0.0,0.0,0.0,0.0,0.0,0.007810613088353969,-0.007000328931655456,0.1799330195970345,0.008932435351846233,-0.00789766419697176,0.19870413784409874,0.00029189419001340866,-0.00024039852723944932,0.008467182517051697,0.008978189900517464,-0.007961923256516457,0.21380175650119781,0.9999815225601196,0.004061049781739712,0.004521509166806936,0.00015282157983165234,-0.11577176302671432,0.05457840487360954,0.0079810144379735,0.0003423756279516965,0.9999999403953552,0.008978189900517464,-0.007961923256516457,0.21380175650119781,0.00029189418641517535,-0.00024039853385208261,1.0084671828610345,0.9999815200676372,0.004061049584364766,0.0045215091571112085,0.00015282157297623667,0.007810613088353969,-0.007000328931655456,0.1799330195970345,-0.1157717654105683,0.05457840485986599,0.007981014144528288,-0.0011675767456607014,0.0009615941354083305,-0.033868731444138156,position_error,position_error,position_error,-0.0015063944925184155,0.0012635823474805299,-0.04152090716316437,0.01043882984436465,-0.00916124654445229,0.2402250450072631,0.00037659862312960387,-0.00031589558687013247,1.010380226790791,0.9999793734558748,0.0035396471717435603,0.005354715990433244,0.0002248941024209236,0.008932435351846233,-0.00789766419697176,0.19870413784409874,-0.09869058124536477,0.19435149325953244,0.014708163172433862,0.11517769385192125,0.11416800508459178,0.12825252673538307,0.1203138430577907,0.1241537259728159,0.1265987809519622,0.13036817754182384,0.12364219943873765,0.0006795468181371689,0.0002449746150523424,5.315333232283592e-05,0.4779120687296868,0.00011518199582222135,0.0003242418746223297,2.5428683356202978e-05,0.5047628839053396,1719.6040291340576,1738.173092066899,1766.6215725815246,1715.7072294505124,-0.0006489108148170141,-0.0002895048492775471,-0.00024721251263180193,-4.772866382266497e-05,-2.378654501069637e-07,-0.0,-0.0,0.0,-0.001233594705999135,0.00010799072477300427,2.4161654474713883e-07,0.00010774910822825713,0.03962549589744964,0.05790096985550942,0.05790096985550942,0.0017278515963680683,8.240417087726731e-05,0.04772866382266497,2.378654501069637e-07,0.023065535351634026,0.01172414980828762,2.416165447471388e-06,0.0006464946493695428,d_final,hover
0.12,0.13,STEP,STEP,0.0,0.0,1.0,0.0,0.0,1.0,0.0003765986184589565,-0.0003158955951221287,0.010380227118730545,0.01043882966041565,-0.009161246940493584,0.24022504687309265,0.9999793767929077,0.0035396472085267305,0.0053547159768640995,0.0002248941018478945,-0.09869058430194855,0.19435149431228638,0.01470816321671009,0.000487714511109516,0.9999998807907104,0.08198463916778564,-0.09929799288511276,0.04051985591650009,0.058854132890701294,0.08198463916778564,-0.09929799288511276,0.04051985591650009,0.058854132890701294,-0.0017183008482162445,False,False,0.12,absolute,0.0,0.0,0.0,0.0,0.0,0.0,0.008932435351846233,-0.00789766419697176,0.19870413784409874,0.010285228143255332,-0.008682257817077607,0.2156369604181686,0.0003765986184589565,-0.0003158955951221287,0.010380227118730545,0.01043882966041565,-0.009161246940493584,0.24022504687309265,0.9999793767929077,0.0035396472085267305,0.0053547159768640995,0.0002248941018478945,-0.09869058430194855,0.19435149431228638,0.01470816321671009,0.000487714511109516,0.9999998807907104,0.01043882966041565,-0.009161246940493584,0.24022504687309265,0.00037659862312960387,-0.00031589558687013247,1.010380226790791,0.9999793734558748,0.0035396471717435603,0.005354715990433244,0.0002248941024209236,0.008932435351846233,-0.00789766419697176,0.19870413784409874,-0.09869058124536477,0.19435149325953244,0.014708163172433862,-0.0015063944925184155,0.0012635823474805299,-0.04152090716316437,position_error,position_error,position_error,-0.0018952355775430317,0.0015985750624411049,-0.04988209527367804,0.012180463720798363,-0.010280832879518711,0.26551905569184664,0.00047380889438575793,-0.0003996437656102762,1.0124705238184195,0.9999717549503889,0.0032954754695239796,0.0067465033988519125,0.00033739406987880915,0.010285228143255332,-0.008682257817077607,0.2156369604181686,-0.03441159864390137,0.29516289014137476,0.022963850480885208,0.11636978579446476,0.10242677988813893,0.11453340971074426,0.12165489105200275,0.12273274577544489,0.12211318564396233,0.12745825425240004,0.12328133043849275,0.0006148847937583924,-0.0007447349466383457,4.051985591650009e-05,0.4549848664453507,0.00020837011141337184,0.00012577059299212576,2.8491114635615842e-05,0.4955855161103,1708.7685388497089,1704.0338106558513,1744.6783893575825,1712.9555892534618,-0.0009369258859125121,-0.0003537721407832012,-0.00033825280008572823,-8.883262826674667e-05,-5.173931680564379e-07,-0.0,-0.0,0.0,-0.0017183008482162445,0.00015589817431355853,3.842100077902157e-07,0.00015551396430576832,0.046680466217147824,0.07075442815664024,0.07075442815664024,0.0024943707890169365,0.00011275093336190941,0.08883262826674666,5.173931680564379e-07,0.02168724127113819,0.019750339910387993,3.842100077902157e-06,0.00093308378583461,d_final,hover
0.13,0.14,STEP,STEP,0.0,0.0,1.0,0.0,0.0,1.0,0.00047380890464410186,-0.00039964375901035964,0.012470523826777935,0.012180463410913944,-0.010280832648277283,0.26551905274391174,0.9999717473983765,0.003295475384220481,0.00674650352448225,0.0003373940708115697,-0.03441159799695015,0.2951628863811493,0.02296384982764721,0.0007193004130385816,0.9999997615814209,0.040717605501413345,-0.1977756917476654,0.023704074323177338,0.017816685140132904,0.040717605501413345,-0.1977756917476654,0.023704074323177338,0.017816685140132904,-0.002297897531537336,False,False,0.13,absolute,0.0,0.0,0.0,0.0,0.0,0.0,0.010285228143255332,-0.008682257817077607,0.2156369604181686,0.01194315080201106,-0.009432233930556639,0.23014095939836418,0.00047380890464410186,-0.00039964375901035964,0.012470523826777935,0.012180463410913944,-0.010280832648277283,0.26551905274391174,0.9999717473983765,0.003295475384220481,0.00674650352448225,0.0003373940708115697,-0.03441159799695015,0.2951628863811493,0.02296384982764721,0.0007193004130385816,0.9999997615814209,0.012180463410913944,-0.010280832648277283,0.26551905274391174,0.00047380889438575793,-0.0003996437656102762,1.0124705238184195,0.9999717549503889,0.0032954754695239796,0.0067465033988519125,0.00033739406987880915,0.010285228143255332,-0.008682257817077607,0.2156369604181686,-0.03441159864390137,0.29516289014137476,0.022963850480885208,-0.0018952355775430317,0.0015985750624411049,-0.04988209527367804,position_error,position_error,position_error,-0.0023454523246545273,0.001963819436013737,-0.05886387670647775,0.014288603126665586,-0.011396053366570376,0.28900483610484196,0.0005863630811636318,-0.0004909548590034343,1.0147159691766194,0.9999597943155102,0.003482970799788801,0.00824850966375987,0.0004906681336939582,0.01194315080201106,-0.009432233930556639,0.23014095939836418,0.055750375496773426,0.2952908562997079,0.03167369849274941,0.11794352458388667,0.09497075103913732,0.10128483915259247,0.12026702779445005,0.12186081670585547,0.11704916891834403,0.12259186128530394,0.1227334594960893,0.00030538204126060006,-0.0014833176881074905,2.3704074323177338e-05,0.4344661425700665,0.0002268141744825843,-0.00017512201226978306,2.7740094485752937e-05,0.48423530640559276,1702.1033591395976,1665.0879816436666,1707.6924459906672,1708.773989502097,-0.001305207076208588,-0.00041928914751815816,-0.0004810139835919283,-9.130801735845558e-05,-1.0793068602060582e-06,-0.0,-0.0,0.0,-0.002297897531537336,0.00021714460714374414,5.8485833653079e-07,0.00021655974880721335,0.05319646708079983,0.08385782950363163,0.08385782950363163,0.0034743137142999063,0.00016033799453064277,0.09130801735845558,1.0793068602060582e-06,0.041652463376522064,0.0133676677942276,5.8485833653079e-06,0.00129935849284328,d_final,hover
0.14,0.15,STEP,STEP,0.0,0.0,1.0,0.0,0.0,1.0,0.0005863630794920027,-0.0004909548442810774,0.014715969562530518,0.014288603328168392,-0.011396053247153759,0.2890048325061798,0.9999597668647766,0.0034829708747565746,0.008248509839177132,0.0004906681133434176,0.055750373750925064,0.29529085755348206,0.031673699617385864,0.0010388967348262668,0.999999463558197,-0.020191635936498642,-0.2042115032672882,0.011186026968061924,-0.00535384938120842,-0.020191635936498642,-0.2042115032672882,0.011186026968061924,-0.00535384938120842,-0.002916581654166026,False,False,0.14,absolute,0.0,0.0,0.0,0.0,0.0,0.0,0.01194315080201106,-0.009432233930556639,0.23014095939836418,0.013861512540894542,-0.010244686222413315,0.2420187878026449,0.0005863630794920027,-0.0004909548442810774,0.014715969562530518,0.014288603328168392,-0.011396053247153759,0.2890048325061798,0.9999597668647766,0.0034829708747565746,0.008248509839177132,0.0004906681133434176,0.055750373750925064,0.29529085755348206,0.031673699617385864,0.0010388967348262668,0.999999463558197,0.014288603328168392,-0.011396053247153759,0.2890048325061798,0.0005863630811636318,-0.0004909548590034343,1.0147159691766194,0.9999597943155102,0.003482970799788801,0.00824850966375987,0.0004906681336939582,0.01194315080201106,-0.009432233930556639,0.23014095939836418,0.055750375496773426,0.2952908562997079,0.03167369849274941,-0.0023454523246545273,0.001963819436013737,-0.05886387670647775,position_error,position_error,position_error,-0.0028685792155788504,0.002360261468375823,-0.06836281484578421,0.016730091756473393,-0.012604947690789138,0.3103816026484291,0.0007171448038947126,-0.0005900653670939558,1.017090703711446,0.9999483367844771,0.004098079891384784,0.009277221125292038,0.0006801994959148455,0.013861512540894542,-0.010244686222413315,0.2420187878026449,0.13802791850091142,0.17792957147868596,0.039816509073790446,0.11809189894701076,0.09549020565046282,0.09429012346930853,0.11500864724261375,0.12117526393059386,0.113046632112206,0.1173050144139268,0.12132312684474811,-0.00015143726952373981,-0.0015315862745046616,1.1186026968061925e-05,0.42288087530939583,0.00015578279960726162,-0.0004294481429307903,2.4416485162145245e-05,0.4728500373014748,1696.8539528350857,1633.9763972431347,1667.0664863189043,1697.9868367897386,-0.0017611776581865847,-0.0004838775996953745,-0.0006171665436224231,-5.22959930871063e-05,-2.0638595745380264e-06,-0.0,-0.0,0.0,-0.002916581654166026,0.0002929546271596328,8.624738071969106e-07,0.00029209215335243593,0.058870188775178744,0.09677551993907489,0.09677551993907489,0.004687274034554125,0.00020572218120747435,0.0522959930871063,2.0638595745380264e-06,0.042263831943273544,0.004444930236786604,8.624738071969106e-06,0.0017525529201146157,d_final,hover
0.15,0.16,STEP,STEP,0.0,0.0,1.0,0.0,0.0,1.0,0.0007171448087319732,-0.0005900653777644038,0.017090704292058945,0.016730092465877533,-0.01260494813323021,0.31038159132003784,0.9999483227729797,0.004098080098628998,0.00927722081542015,0.0006801994750276208,0.13802792131900787,0.1779295653104782,0.03981650993227959,0.0014366133837029338,0.9999989867210388,-0.08049535751342773,-0.1010119840502739,0.009387653321027756,-0.009808048605918884,-0.08049535751342773,-0.1010119840502739,0.009387653321027756,-0.009808048605918884,-0.003574046382863123,False,False,0.15,absolute,0.0,0.0,0.0,0.0,0.0,0.0,0.013861512540894542,-0.010244686222413315,0.2420187878026449,0.015887810363623345,-0.011197450117438019,0.25151999988521506,0.0007171448087319732,-0.0005900653777644038,0.017090704292058945,0.016730092465877533,-0.01260494813323021,0.31038159132003784,0.9999483227729797,0.004098080098628998,0.00927722081542015,0.0006801994750276208,0.13802792131900787,0.1779295653104782,0.03981650993227959,0.0014366133837029338,0.9999989867210388,0.016730092465877533,-0.01260494813323021,0.31038159132003784,0.0007171448038947126,-0.0005900653670939558,1.017090703711446,0.9999483367844771,0.004098079891384784,0.009277221125292038,0.0006801994959148455,0.013861512540894542,-0.010244686222413315,0.2420187878026449,0.13802791850091142,0.17792957147868596,0.039816509073790446,-0.0028685792155788504,0.002360261468375823,-0.06836281484578421,position_error,position_error,position_error,-0.00347163793629494,0.0027923868235554,-0.07827854767509024,0.019359448299918286,-0.013989836940993419,0.3297985475603053,0.000867909484073735,-0.00069809670588885,1.0195696369187726,0.9999429792430535,0.004963977469269317,0.009412027192573917,0.0009005189265956632,0.015887810363623345,-0.011197450117438019,0.25151999988521506,0.1783882872966477,-0.012030129845914823,0.04698133423174534,0.11518451989614538,0.10368027180403151,0.09593257446087894,0.1058564095359848,0.12008319600503092,0.11133135272918784,0.11333842198252625,0.11847595574924334,-0.000603715181350708,-0.0007575898803770542,9.387653321027757e-06,0.4206537756970406,1.4135954208410392e-05,-0.0004910589253397154,2.1468998484208473e-05,0.46322892646598834,1688.475304029298,1620.5486101902877,1636.2548273139175,1676.1065174603725,-0.002310230193628696,-0.0005466879287449988,-0.0006793639691349855,-3.417435083493586e-05,-3.589940519507414e-06,-0.0,-0.0,0.0,-0.003574046382863123,0.000384211295015904,1.2406058833180006e-06,0.00038297068913258596,0.06364011574954155,0.10933758574899975,0.10933758574899975,0.006147380720254464,0.0002264546563783285,0.034174350834935856,3.589940519507414e-06,0.016867250204086304,0.01430975366383791,1.2406058833180006e-05,0.002297824134795516,d_final,hover
0.16,0.17,STEP,STEP,0.0,0.0,1.0,0.0,0.0,1.0,0.0008679094607941806,-0.0006980967009440064,0.0195696372538805,0.019359448924660683,-0.013989836908876896,0.32979854941368103,0.99994295835495,0.004963977262377739,0.009412026964128017,0.0009005189058370888,0.17838828265666962,-0.012030130252242088,0.0469813346862793,0.0018947126809507608,0.9999982118606567,-0.11588019132614136,0.06857487559318542,0.018294258043169975,-0.009150944650173187,-0.11588019132614136,0.06857487559318542,0.018294258043169975,-0.009150944650173187,-0.004280017944161204,False,False,0.16,absolute,0.0,0.0,0.0,0.0,0.0,0.0,0.015887810363623345,-0.011197450117438019,0.25151999988521506,0.01782597895932505,-0.012317129054555292,0.25905925863304974,0.0008679094607941806,-0.0006980967009440064,0.0195696372538805,0.019359448924660683,-0.013989836908876896,0.32979854941368103,0.99994295835495,0.004963977262377739,0.009412026964128017,0.0009005189058370888,0.17838828265666962,-0.012030130252242088,0.0469813346862793,0.0018947126809507608,0.9999982118606567,0.019359448924660683,-0.013989836908876896,0.32979854941368103,0.000867909484073735,-0.00069809670588885,1.0195696369187726,0.9999429792430535,0.004963977469269317,0.009412027192573917,0.0009005189265956632,0.015887810363623345,-0.011197450117438019,0.25151999988521506,0.1783882872966477,-0.012030129845914823,0.04698133423174534,-0.00347163793629494,0.0027923868235554,-0.07827854767509024,position_error,position_error,position_error,-0.004154240177254995,0.003266646246454436,-0.08852592833330863,0.021980219136580045,-0.015583775301009729,0.3475851869663584,0.0010385600443137489,-0.000816661561613609,1.0221314820833272,0.9999452474337704,0.005782887653431745,0.008645066310085218,0.0011502927877758246,0.01782597895932505,-0.012317129054555292,0.25905925863304974,0.15579069208278226,-0.1845500560387452,0.05360207453110703,0.1085243095488445,0.11425792252430728,0.10350677499931676,0.09469332060244494,0.11796379578259819,0.11186024050479541,0.11153705064674463,0.11405059223453111,-0.0008691014349460601,0.0005143115669488907,1.8294258043169977e-05,0.42098232767491345,-0.0001497776888732972,-0.0003046574596829079,2.1324681318696747e-05,0.4554116791686693,1672.1555146722346,1624.6951926434976,1622.1619920917,1641.8088173884942,-0.0029562704259464075,-0.0006077072314218138,-0.0006490737667079026,-6.120264531757462e-05,-5.763874767505346e-06,-0.0,-0.0,0.0,-0.004280017944161204,0.0004915480422764931,1.7455430718621543e-06,0.000489802499204631,0.06758117667751022,0.12154144628436275,0.12154144628436275,0.00786476867642389,0.00021635792223596753,0.06120264531757461,5.763874767505346e-06,0.018549151718616486,0.030091550201177597,1.7455430718621544e-05,0.002938814995227786,d_final,hover
0.17,0.18,STEP,STEP,0.0,0.0,1.0,0.0,0.0,1.0,0.0010385600617155433,-0.0008166615734808147,0.022131482139229774,0.021980218589305878,-0.015583775006234646,0.34758520126342773,0.9999452233314514,0.005782887805253267,0.008645066060125828,0.0011502928100526333,0.15579068660736084,-0.18455006182193756,0.05360207334160805,0.002400804776698351,0.9999971389770508,-0.10955202579498291,0.21488648653030396,0.03127850964665413,-0.0157821886241436,-0.10955202579498291,0.21488648653030396,0.03127850964665413,-0.0157821886241436,-0.005013349438891902,False,False,0.17,absolute,0.0,0.0,0.0,0.0,0.0,0.0,0.01782597895932505,-0.012317129054555292,0.25905925863304974,0.01952594813188023,-0.0135636011322281,0.26490089931083294,0.0010385600617155433,-0.0008166615734808147,0.022131482139229774,0.021980218589305878,-0.015583775006234646,0.34758520126342773,0.9999452233314514,0.005782887805253267,0.008645066060125828,0.0011502928100526333,0.15579068660736084,-0.18455006182193756,0.05360207334160805,0.002400804776698351,0.9999971389770508,0.021980218589305878,-0.015583775006234646,0.34758520126342773,0.0010385600443137489,-0.000816661561613609,1.0221314820833272,0.9999452474337704,0.005782887653431745,0.008645066310085218,0.0011502927877758246,0.01782597895932505,-0.012317129054555292,0.25905925863304974,0.15579069208278226,-0.1845500560387452,0.05360207453110703,-0.004154240177254995,0.003266646246454436,-0.08852592833330863,position_error,position_error,position_error,-0.004908969957974181,0.003788968861584916,-0.09903360501902547,0.024434918089854412,-0.017352569993813016,0.3639345043298584,0.0012272424894935452,-0.000947242215396229,1.0247584012547564,0.999951909214089,0.006239450401613018,0.0074289910417371,0.0014347856584829115,0.01952594813188023,-0.0135636011322281,0.26490089931083294,0.07148935115218143,-0.24987528804381293,0.06053027280827945,0.10014685507981692,0.120306356248977,0.11131936894652548,0.08589412541260885,0.11467217152405729,0.11337844636356571,0.11149758258445164,0.10876897562354554,-0.0008216401934623718,0.0016116486489772795,3.127850964665413e-05,0.41766670568792824,-0.00027520542997317094,5.073024605365588e-05,2.3892652801102204e-05,0.44831717609562016,1646.6483217210755,1636.5672262803378,1621.8524925209103,1600.3778253170444,-0.0037019045155756015,-0.000666732501746339,-0.0005647238952743935,-7.121230082938313e-05,-8.776225466185353e-06,-0.0,-0.0,0.0,-0.005013349438891902,0.0006153818246341688,2.4033919426470704e-06,0.0006129784326915217,0.0707377203818111,0.1333465003492678,0.1333465003492678,0.009846109194146701,0.00018824129842479786,0.07121230082938312,8.776225466185353e-06,0.05940527096390724,0.021659698337316513,2.4033919426470703e-05,0.0036778705961491307,d_final,hover
0.18,0.19,STEP,STEP,0.0,0.0,1.0,0.0,0.0,1.0,0.0012272425228729844,-0.0009472421952523291,0.02475840039551258,0.02443491853773594,-0.017352569848299026,0.3639345169067383,0.9999518990516663,0.006239450536668301,0.007428991142660379,0.001434785663150251,0.0714893490076065,-0.2498752921819687,0.060530271381139755,0.002962465165182948,0.9999955892562866,-0.06427901983261108,0.26562413573265076,0.0416654571890831,-0.027791336178779602,-0.06427901983261108,0.26562413573265076,0.0416654571890831,-0.027791336178779602,-0.00579564322647569,False,False,0.18,absolute,0.0,0.0,0.0,0.0,0.0,0.0,0.01952594813188023,-0.0135636011322281,0.26490089931083294,0.020960679895671155,-0.014839139701047901,0.26913935564058955,0.0012272425228729844,-0.0009472421952523291,0.02475840039551258,0.02443491853773594,-0.017352569848299026,0.3639345169067383,0.9999518990516663,0.006239450536668301,0.007428991142660379,0.001434785663150251,0.0714893490076065,-0.2498752921819687,0.060530271381139755,0.002962465165182948,0.9999955892562866,0.02443491853773594,-0.017352569848299026,0.3639345169067383,0.0012272424894935452,-0.000947242215396229,1.0247584012547564,0.999951909214089,0.006239450401613018,0.0074289910417371,0.0014347856584829115,0.01952594813188023,-0.0135636011322281,0.26490089931083294,0.07148935115218143,-0.24987528804381293,0.06053027280827945,-0.004908969957974181,0.003788968861584916,-0.09903360501902547,position_error,position_error,position_error,-0.005725180066315146,0.004362225720474298,-0.10973632446420645,0.026685859961986302,-0.0192013654215222,0.378875680104796,0.0014312950165787865,-0.0010905564301185746,1.0274340811160516,0.9999587295225185,0.006117256661910124,0.006481391507826082,0.0017635154564974713,0.020960679895671155,-0.014839139701047901,0.26913935564058955,-0.05023151680080908,-0.1660473404305016,0.068380250884635,0.09399108999692478,0.11865786096395986,0.11534716932446477,0.08366601162526084,0.11083351076734445,0.11433044955943093,0.11219263406215929,0.10406816133933462,-0.0004820926487445831,0.0019921810179948807,4.16654571890831e-05,0.41166213191061024,-0.00031477139593332534,0.00041087500410968373,2.7487551548584775e-05,0.4414247557282693,1616.6402557673512,1643.988652861803,1627.2983467741665,1563.0059480351597,-0.0045481520276101604,-0.0007231380426541663,-0.000476575589672423,-3.477078325519848e-05,-1.3006783283741821e-05,-0.0,-0.0,0.0,-0.00579564322647569,0.0007558667254338559,3.237918751756238e-06,0.0007526288066820997,0.07309554292338774,0.14462760853083326,0.14462760853083326,0.012093867606941694,0.00015885852989080767,0.03477078325519848,1.3006783283741821e-05,0.07719633728265762,0.004876062273979187,3.237918751756238e-05,0.004515772840092598,d_final,hover
0.19,0.2,STEP,STEP,0.0,0.0,1.0,0.0,0.0,1.0,0.001431295066140592,-0.0010905563831329346,0.027434080839157104,0.026685860008001328,-0.01920136623084545,0.3788756728172302,0.9999587535858154,0.006117256823927164,0.006481391377747059,0.0017635154072195292,-0.05023151636123657,-0.1660473346710205,0.06838025152683258,0.0036064840387552977,0.9999935030937195,0.00823080912232399,0.19170448184013367,0.04520690068602562,-0.045455120503902435,0.00823080912232399,0.19170448184013367,0.04520690068602562,-0.045455120503902435,-0.00674889574493214,False,False,0.19,absolute,0.0,0.0,0.0,0.0,0.0,0.0,0.020960679895671155,-0.014839139701047901,0.26913935564058955,0.022247512385141634,-0.016019331948975018,0.2717584483557018,0.001431295066140592,-0.0010905563831329346,0.027434080839157104,0.026685860008001328,-0.01920136623084545,0.3788756728172302,0.9999587535858154,0.006117256823927164,0.006481391377747059,0.0017635154072195292,-0.05023151636123657,-0.1660473346710205,0.06838025152683258,0.0036064840387552977,0.9999935030937195,0.026685860008001328,-0.01920136623084545,0.3788756728172302,0.0014312950165787865,-0.0010905564301185746,1.0274340811160516,0.9999587295225185,0.006117256661910124,0.006481391507826082,0.0017635154564974713,0.020960679895671155,-0.014839139701047901,0.26913935564058955,-0.05023151680080908,-0.1660473404305016,0.068380250884635,-0.005725180066315146,0.004362225720474298,-0.10973632446420645,position_error,position_error,position_error,-0.006594654613070766,0.004984614900897473,-0.12056989933359397,0.0288421669982124,-0.02100394684987249,0.39232834768929575,0.0016486636532676915,-0.0012461537252243682,1.0301424748333985,0.9999623996269389,0.005385286719799886,0.006449498732068161,0.0021452238542109957,0.022247512385141634,-0.016019331948975018,0.2717584483557018,-0.1695452551778599,0.03858383453924571,0.07727332749218133,0.09200693558356474,0.10853516677642369,0.11321347896100056,0.08907465842705986,0.10734273627318568,0.11327355763082095,0.11237748618490045,0.10129658996637225,6.173106841742992e-05,0.0014377836138010024,4.520690068602562e-05,0.4028302397480488,-0.00024544210864790774,0.0006014492749052596,3.059144467370406e-05,0.4342903700552794,1589.090611752936,1635.7484805468725,1628.7450696501778,1540.7344971571072,-0.005494122643977335,-0.0007759728439051899,-0.00042358408169641105,-3.6205472982791425e-05,-1.9010702370413396e-05,-0.0,-0.0,0.0,-0.00674889574493214,0.000912839780030558,4.270990948496542e-06,0.0009085687890820614,0.07460422505611711,0.15519456878103796,0.15519456878103796,0.014605436480488928,0.00014119469389880368,0.03620547298279143,1.9010702370413396e-05,0.0409281849861145,0.011046341620385647,4.270990948496542e-05,0.005451412734492369,d_final,hover
0.2,0.21,STEP,STEP,0.0,0.0,1.0,0.0,0.0,1.0,0.001648663659580052,-0.0012461537262424827,0.03014247491955757,0.028842167928814888,-0.021003946661949158,0.3923283517360687,0.9999623894691467,0.005385286640375853,0.006449498701840639,0.0021452237851917744,-0.1695452481508255,0.03858383372426033,0.07727332413196564,0.004360112827271223,0.9999905228614807,0.0900055468082428,0.0028866780921816826,0.038485005497932434,-0.08065830916166306,0.0900055468082428,0.0028866780921816826,0.038485005497932434,-0.08065830916166306,-0.007978107356383908,False,False,0.2,absolute,0.0,0.0,0.0,0.0,0.0,0.0,0.022247512385141634,-0.016019331948975018,0.2717584483557018,0.023595492896809383,-0.01699383909279235,0.27245805064805095,0.001648663659580052,-0.0012461537262424827,0.03014247491955757,0.028842167928814888,-0.021003946661949158,0.3923283517360687,0.9999623894691467,0.005385286640375853,0.006449498701840639,0.0021452237851917744,-0.1695452481508255,0.03858383372426033,0.07727332413196564,0.004360112827271223,0.9999905228614807,0.028842167928814888,-0.021003946661949158,0.3923283517360687,0.0016486636532676915,-0.0012461537252243682,1.0301424748333985,0.9999623996269389,0.005385286719799886,0.006449498732068161,0.0021452238542109957,0.022247512385141634,-0.016019331948975018,0.2717584483557018,-0.1695452551778599,0.03858383453924571,0.07727332749218133,-0.006594654613070766,0.004984614900897473,-0.12056989933359397,position_error,position_error,position_error,-0.007516351535386698,0.005649560191402843,-0.13146357992400226,0.03111184443219608,-0.022643399284195193,0.4039216305720532,0.0018790878838466744,-0.0014123900478507107,1.0328658949810006,0.999959008823277,0.004232688856094733,0.007575634863103874,0.002583558522247994,0.023595492896809383,-0.01699383909279235,0.27245805064805095,-0.24210092473450232,0.27074018061753014,0.08695605211017116,0.0930004992380145,0.09006720204515371,0.1028533020488368,0.09930764208716354,0.1046965292877115,0.10894914408964104,0.11063279302076022,0.10093515439168388,0.000675041601061821,2.165008569136262e-05,3.848500549793243e-05,0.3852286454191685,-7.345800148933794e-05,0.0004932112100532126,3.2343441533252124e-05,0.42521362078979663,1568.0302185707715,1601.8005758576826,1615.0630716775129,1537.8165016446785,-0.006536260486637819,-0.0008231667701955145,-0.00045183539118950043,-0.00013947445815670078,-2.7370250204373662e-05,-0.0,-0.0,0.0,-0.007978107356383908,0.0010856928698246451,5.525816922487106e-06,0.001080167052902158,0.075078927215091,0.1646333540391029,0.1646333540391029,0.017371085917194322,0.0001506117970631668,0.1394744581567008,2.7370250204373662e-05,0.016096189618110657,0.04362371563911438,5.525816922487106e-05,0.006481002317412948,d_final,hover
0.21,0.22,STEP,STEP,0.0,0.0,1.0,0.0,0.0,1.0,0.001879087882116437,-0.0014123900327831507,0.032865896821022034,0.03111184388399124,-0.022643398493528366,0.40392163395881653,0.9999589920043945,0.004232688806951046,0.007575634866952896,0.00258355843834579,-0.24210092425346375,0.27074018120765686,0.08695605397224426,0.005231634713709354,0.9999862909317017,0.14618998765945435,-0.22016334533691406,0.02272409200668335,-0.13041317462921143,0.14618998765945435,-0.22016334533691406,0.02272409200668335,-0.13041317462921143,-0.00939171268302147,False,False,0.21,absolute,0.0,0.0,0.0,0.0,0.0,0.0,0.023595492896809383,-0.01699383909279235,0.27245805064805095,0.025196546824536696,-0.01770961874934012,0.27059899249848085,0.001879087882116437,-0.0014123900327831507,0.032865896821022034,0.03111184388399124,-0.022643398493528366,0.40392163395881653,0.9999589920043945,0.004232688806951046,0.007575634866952896,0.00258355843834579,-0.24210092425346375,0.27074018120765686,0.08695605397224426,0.005231634713709354,0.9999862909317017,0.03111184388399124,-0.022643398493528366,0.40392163395881653,0.0018790878838466744,-0.0014123900478507107,1.0328658949810006,0.999959008823277,0.004232688856094733,0.007575634863103874,0.002583558522247994,0.023595492896809383,-0.01699383909279235,0.27245805064805095,-0.24210092473450232,0.27074018061753014,0.08695605211017116,-0.007516351535386698,0.005649560191402843,-0.13146357992400226,position_error,position_error,position_error,-0.008497578770995853,0.0063473184278845605,-0.1423261852317017,0.033694125595532545,-0.02405693717722468,0.41292517773018256,0.002124394692748963,-0.0015868296069711401,1.0355815463079254,0.9999455491311773,0.003033408492671214,0.009499426574940142,0.003075402479728527,0.025196546824536696,-0.01770961874934012,0.27059899249848085,-0.23411901562552379,0.40571736255065743,0.09695283555209082,0.09496727168554195,0.06970239621215493,0.08712113701462014,0.10856040777307732,0.10291136189969653,0.10142477272207064,0.10624436296119857,0.10230491138214354,0.0010964249074459076,-0.0016512250900268554,2.272409200668335e-05,0.36035121268539433,0.0001489555548562821,8.672095020252754e-05,3.223068209468483e-05,0.4128854089651093,1553.7324656486421,1541.7685940372176,1580.3679475288097,1548.8582365580132,-0.00766658943609965,-0.0008611061636474966,-0.0005966440340165332,-0.00022881814407411664,-3.855490518367481e-05,-0.0,-0.0,0.0,-0.00939171268302147,0.0012730775186751816,7.031081012140145e-06,0.0012660464376630415,0.07417231130932095,0.17222123272949932,0.17222123272949932,0.020369240298802906,0.00019888134467217772,0.22881814407411663,3.855490518367481e-05,0.08736739307641983,0.055631957948207855,7.031081012140145e-05,0.007596278625978249,d_final,hover
0.22,0.23,STEP,STEP,0.0,0.0,1.0,0.0,0.0,1.0,0.002124394755810499,-0.0015868296613916755,0.035581547766923904,0.03369412571191788,-0.02405693754553795,0.41292518377304077,0.9999455213546753,0.0030334084294736385,0.009499426931142807,0.0030754024628549814,-0.2341190129518509,0.4057173728942871,0.09695283323526382,0.006209219805896282,0.9999807476997375,0.145239919424057,-0.35012221336364746,0.005203355103731155,-0.16478043794631958,0.145239919424057,-0.35012221336364746,0.005203355103731155,-0.16478043794631958,-0.010768515240159973,False,False,0.22,absolute,0.0,0.0,0.0,0.0,0.0,0.0,0.025196546824536696,-0.01770961874934012,0.27059899249848085,0.027115954405608135,-0.018199973537731617,0.2657293309307104,0.002124394755810499,-0.0015868296613916755,0.035581547766923904,0.03369412571191788,-0.02405693754553795,0.41292518377304077,0.9999455213546753,0.0030334084294736385,0.009499426931142807,0.0030754024628549814,-0.2341190129518509,0.4057173728942871,0.09695283323526382,0.006209219805896282,0.9999807476997375,0.03369412571191788,-0.02405693754553795,0.41292518377304077,0.002124394692748963,-0.0015868296069711401,1.0355815463079254,0.9999455491311773,0.003033408492671214,0.009499426574940142,0.003075402479728527,0.025196546824536696,-0.01770961874934012,0.27059899249848085,-0.23411901562552379,0.40571736255065743,0.09695283555209082,-0.008497578770995853,0.0063473184278845605,-0.1423261852317017,position_error,position_error,position_error,-0.00955055653456675,0.007068053370533495,-0.15304299640515673,0.03666651094017488,-0.02526802690826511,0.4187723273358671,0.0023876391336416876,-0.0017670133426333737,1.0382607491012892,0.9999265804839266,0.0022205999970562242,0.011351505157951546,0.0036119119623516617,0.027115954405608135,-0.018199973537731617,0.2657293309307104,-0.14058106656755173,0.3513308621545654,0.10653865724984422,0.09687652033974326,0.05930210264885025,0.0751452630275263,0.11184369501072047,0.10180911909982802,0.09323697641332238,0.10035485495214586,0.10401514749250411,0.0010892993956804276,-0.002625916600227356,5.203355103731156e-06,0.34316758102684025,0.0003296467295631671,-0.00043247774744577337,2.9176389868115445e-05,0.39941609795780036,1544.8668610406783,1474.8669019677045,1533.1248158133922,1562.5816457203882,-0.008871541098606222,-0.0008867658417533071,-0.0008027264021875599,-0.00015454689646814042,-5.2935001144742484e-05,-0.0,-0.0,0.0,-0.010768515240159973,0.0014727080785773426,8.823156785541598e-06,0.001463884921791801,0.07167859133698413,0.17735316835066142,0.17735316835066142,0.023563329257237482,0.0002675754673958533,0.15454689646814043,5.2935001144742484e-05,0.17085985839366913,0.01837829500436783,8.823156785541599e-05,0.008783309530750806,d_final,hover
0.23,0.24,STEP,STEP,0.0,0.0,1.0,0.0,0.0,1.0,0.002387639135122299,-0.001767013338394463,0.038260750472545624,0.03666651248931885,-0.025268027558922768,0.4187723398208618,0.9999265670776367,0.002220599912106991,0.011351505294442177,0.0036119120195508003,-0.14058107137680054,0.35133087635040283,0.10653866082429886,0.007275579962879419,0.9999735355377197,0.08579784631729126,-0.30954936146736145,-0.007273707538843155,-0.16161537170410156,0.08579784631729126,-0.30954936146736145,-0.007273707538843155,-0.16161537170410156,-0.012045008497554945,False,False,0.23,absolute,0.0,0.0,0.0,0.0,0.0,0.0,0.027115954405608135,-0.018199973537731617,0.2657293309307104,0.029253756268049262,-0.018574423912767382,0.2581955598460075,0.002387639135122299,-0.001767013338394463,0.038260750472545624,0.03666651248931885,-0.025268027558922768,0.4187723398208618,0.9999265670776367,0.002220599912106991,0.011351505294442177,0.0036119120195508003,-0.14058107137680054,0.35133087635040283,0.10653866082429886,0.007275579962879419,0.9999735355377197,0.03666651248931885,-0.025268027558922768,0.4187723398208618,0.0023876391336416876,-0.0017670133426333737,1.0382607491012892,0.9999265804839266,0.0022205999970562242,0.011351505157951546,0.0036119119623516617,0.027115954405608135,-0.018199973537731617,0.2657293309307104,-0.14058106656755173,0.3513308621545654,0.10653865724984422,-0.00955055653456675,0.007068053370533495,-0.15304299640515673,position_error,position_error,position_error,-0.010686115438592379,0.007805188557147906,-0.16349883351433636,0.03993987170664164,-0.026379612469915287,0.42169439336034387,0.0026715288596480947,-0.0019512971392869765,1.040874708378584,0.9999150290067229,0.0021070764093968877,0.012166156119860027,0.004180866029527192,0.029253756268049262,-0.018574423912767382,0.2581955598460075,0.007140183772241914,0.1084733731743628,0.1147472807441178,0.0977477258882154,0.06552700807191751,0.07401506624141214,0.10746031394640422,0.10106913490753519,0.08797061827791218,0.0953879990748982,0.10463715674936575,0.0006434838473796845,-0.0023216202110052106,-7.273707538843155e-06,0.34475011414794926,0.00038838891029535985,-0.0007901020250211215,2.286519219362349e-05,0.38906490900971136,1538.8985464798784,1430.8431170254062,1492.6159258263795,1567.5558793664507,-0.010133896979942976,-0.0009005861934877716,-0.0009147307543670667,-2.4984393350295346e-05,-7.081017640683701e-05,-0.0,-0.0,0.0,-0.012045008497554945,0.0016816864120080147,1.0944626973722188e-05,0.0016707417850342925,0.06786573860367486,0.1801172386975543,0.1801172386975543,0.026906982592128235,0.00030491025145568893,0.024984393350295345,7.081017640683701e-05,0.12935450673103333,0.005345210898667574,0.00010944626973722188,0.010024450710205754,d_final,hover
0.24,0.25,STEP,STEP,0.0,0.0,1.0,0.0,0.0,1.0,0.0026715288404375315,-0.0019512971630319953,0.04087470844388008,0.03993987292051315,-0.02637961320579052,0.42169439792633057,0.9999150037765503,0.002107076346874237,0.012166156433522701,0.004180865827947855,0.007140183821320534,0.10847337543964386,0.11474727839231491,0.008414778858423233,0.9999645948410034,-0.018155809491872787,-0.08950328081846237,-0.009229052811861038,-0.12766733765602112,-0.018155809491872787,-0.08950328081846237,-0.009229052811861038,-0.12766733765602112,-0.013346366634633488,False,False,0.24,absolute,0.0,0.0,0.0,0.0,0.0,0.0,0.029253756268049262,-0.018574423912767382,0.2581955598460075,0.031389333887419775,-0.01897530232356948,0.24903530674305127,0.0026715288404375315,-0.0019512971630319953,0.04087470844388008,0.03993987292051315,-0.02637961320579052,0.42169439792633057,0.9999150037765503,0.002107076346874237,0.012166156433522701,0.004180865827947855,0.007140183821320534,0.10847337543964386,0.11474727839231491,0.008414778858423233,0.9999645948410034,0.03993987292051315,-0.02637961320579052,0.42169439792633057,0.0026715288596480947,-0.0019512971392869765,1.040874708378584,0.9999150290067229,0.0021070764093968877,0.012166156119860027,0.004180866029527192,0.029253756268049262,-0.018574423912767382,0.2581955598460075,0.007140183772241914,0.1084733731743628,0.1147472807441178,-0.010686115438592379,0.007805188557147906,-0.16349883351433636,position_error,position_error,position_error,-0.0119079464395595,0.008557480205071157,-0.1736104255845774,0.04329728032697928,-0.027532782528640637,0.4226457323276287,0.002976986609889875,-0.0021393700512677893,1.0434026063961443,0.9999198298073788,0.002742909664390175,0.011403919648229946,0.004770851204176364,0.031389333887419775,-0.01897530232356948,0.24903530674305127,0.1524330626974277,-0.21757746678827897,0.12105260944828711,0.09575214486021379,0.08703565359509206,0.08433306442848626,0.09460326828819741,0.10009871697220381,0.08780089279578188,0.09335140125788695,0.10279532668824015,-0.0001361685711890459,-0.0006712746061384678,-9.229052811861039e-06,0.3617241311719895,0.00029157686318818975,-0.0007686795573475344,1.6952158551648247e-05,0.3840463377141128,1531.0512989044516,1429.410181628035,1475.8143447710615,1552.8005318882215,-0.011437110986789034,-0.0009063106182612001,-0.0008254376206217402,-8.522952691156209e-05,-9.227788204995225e-05,-0.0,-0.0,0.0,-0.013346366634633488,0.0018972255954703555,1.3439353491725157e-05,0.0018837862419786304,0.06336393638477242,0.18126212365224,0.18126212365224,0.03035560952752569,0.00027514587354058006,0.08522952691156209,9.227788204995225e-05,0.024724595248699188,0.06038292869925499,0.00013439353491725156,0.011302717451871783,d_final,hover
0.25,0.26,STEP,STEP,0.0,0.0,1.0,0.0,0.0,1.0,0.0029769865795969963,-0.0021393699571490288,0.04340260475873947,0.04329727962613106,-0.027532782405614853,0.4226457178592682,0.9999198317527771,0.0027429095935076475,0.011403919197618961,0.004770851228386164,0.15243306756019592,-0.2175774723291397,0.12105260789394379,0.009605989791452885,0.9999538660049438,-0.11888706684112549,0.19816088676452637,-0.004045300185680389,-0.10322648286819458,-0.11888706684112549,0.19816088676452637,-0.004045300185680389,-0.10322648286819458,-0.014690190505292038,False,False,0.25,absolute,0.0,0.0,0.0,0.0,0.0,0.0,0.031389333887419775,-0.01897530232356948,0.24903530674305127,0.03326886978595723,-0.01952565204636955,0.23912574269132542,0.0029769865795969963,-0.0021393699571490288,0.04340260475873947,0.04329727962613106,-0.027532782405614853,0.4226457178592682,0.9999198317527771,0.0027429095935076475,0.011403919197618961,0.004770851228386164,0.15243306756019592,-0.2175774723291397,0.12105260789394379,0.009605989791452885,0.9999538660049438,0.04329727962613106,-0.027532782405614853,0.4226457178592682,0.002976986609889875,-0.0021393700512677893,1.0434026063961443,0.9999198298073788,0.002742909664390175,0.011403919648229946,0.004770851204176364,0.031389333887419775,-0.01897530232356948,0.24903530674305127,0.1524330626974277,-0.21757746678827897,0.12105260944828711,-0.0119079464395595,0.008557480205071157,-0.1736104255845774,position_error,position_error,position_error,-0.01320980380213167,0.009329079838045281,-0.18333554127714535,0.046478673588088895,-0.028854731884414835,0.42246128396847077,0.0033024509505329173,-0.0023322699595113203,1.0458338853192863,0.9999348932262947,0.0038786529387548336,0.009287022027622837,0.005377414040015112,0.03326886978595723,-0.01952565204636955,0.23912574269132542,0.23685004535994478,-0.4668453326463614,0.1260234913802254,0.08911171340859518,0.1104705644786327,0.09752005239071307,0.07684222828796183,0.09807724351307329,0.09178745064037348,0.09410274618537119,0.09791222097474614,-0.0008916530013084412,0.0014862066507339477,-4.0453001856803896e-06,0.37394455856590275,7.602290215083735e-05,-0.00035705960819265277,1.4733089414949684e-05,0.3818796613135641,1514.628697757082,1462.832159339412,1482.026299719089,1513.2834144509286,-0.012767926915216096,-0.0009073319955145925,-0.0006077563605651798,-0.0002899244289803615,-0.00011725080501580839,-0.0,-0.0,0.0,-0.014690190505292038,0.002117090708906206,1.6345665444714706e-05,0.0021007450434614916,0.05866918960234884,0.18146639910291848,0.18146639910291848,0.0338734513424993,0.0002025854535217266,0.28992442898036147,0.00011725080501580839,0.06407394260168076,0.09352169185876846,0.00016345665444714706,0.01260447026076895,d_final,hover
0.26,0.27,STEP,STEP,0.0,0.0,1.0,0.0,0.0,1.0,0.003302450990304351,-0.002332269912585616,0.04583388566970825,0.046478673815727234,-0.02885473147034645,0.42246127128601074,0.9999349117279053,0.003878653049468994,0.009287022054195404,0.005377414170652628,0.23685003817081451,-0.4668453335762024,0.12602348625659943,0.010828029364347458,0.999941349029541,-0.1694960594177246,0.38773441314697266,-0.000827789306640625,-0.10631753504276276,-0.1694960594177246,0.38773441314697266,-0.000827789306640625,-0.10631753504276276,-0.015919982282666268,False,False,0.26,absolute,0.0,0.0,0.0,0.0,0.0,0.0,0.03326886978595723,-0.01952565204636955,0.23912574269132542,0.03472008007861939,-0.020283376981248533,0.22868952100105536,0.003302450990304351,-0.002332269912585616,0.04583388566970825,0.046478673815727234,-0.02885473147034645,0.42246127128601074,0.9999349117279053,0.003878653049468994,0.009287022054195404,0.005377414170652628,0.23685003817081451,-0.4668453335762024,0.12602348625659943,0.010828029364347458,0.999941349029541,0.046478673815727234,-0.02885473147034645,0.42246127128601074,0.0033024509505329173,-0.0023322699595113203,1.0458338853192863,0.9999348932262947,0.0038786529387548336,0.009287022027622837,0.005377414040015112,0.03326886978595723,-0.01952565204636955,0.23912574269132542,0.23685004535994478,-0.4668453326463614,0.1260234913802254,-0.01320980380213167,0.009329079838045281,-0.18333554127714535,position_error,position_error,position_error,-0.014576866526482744,0.010127621846819548,-0.1926517836848367,0.04929694660510213,-0.03041099882806808,0.42134130468589204,0.003644216631620686,-0.002531905461704887,1.0481629459212092,0.9999465543133116,0.005059426413540272,0.006725400770803166,0.006004973419898275,0.03472008007861939,-0.020283376981248533,0.22868952100105536,0.22567259402688644,-0.5116507281021242,0.13060119280770482,0.08149097101991246,0.12268648957851001,0.10463886598483117,0.06358270589536505,0.09499729403523142,0.09718527886316827,0.09598661753310359,0.09132507373051438,-0.0012712204456329346,0.002908008098602295,-8.27789306640625e-07,0.37239903247861866,-0.000172210020197708,0.0002421650847322489,1.4692940309435094e-05,0.37949426416201765,1489.401606895904,1507.3488238629818,1497.5326577251212,1458.9803722900479,-0.014114924760107839,-0.0009044175641435838,-0.0004249728669716928,-0.00032977125882505305,-0.0001458958326180988,-0.0,-0.0,0.0,-0.015919982282666268,0.0023393602199345115,1.9690860125191855e-05,0.00231966935980932,0.053915796358121326,0.18088351282871676,0.18088351282871676,0.037429763518952185,0.0001416576223238976,0.32977125882505304,0.0001458958326180988,0.19037099182605743,0.038519296795129776,0.00019690860125191854,0.01391801615885592,d_final,hover
0.27,0.28,STEP,STEP,0.0,0.0,1.0,0.0,0.0,1.0,0.0036442165728658438,-0.0025319054257124662,0.04816294461488724,0.049296945333480835,-0.030410999432206154,0.42134130001068115,0.9999465346336365,0.005059426184743643,0.006725400686264038,0.006004973314702511,0.22567258775234222,-0.5116507411003113,0.1306011974811554,0.012078440748155117,0.9999270439147949,-0.16634482145309448,0.4169267416000366,-0.0016643553972244263,-0.10803167521953583,-0.16634482145309448,0.4169267416000366,-0.0016643553972244263,-0.10803167521953583,-0.017022538072580307,False,False,0.27,absolute,0.0,0.0,0.0,0.0,0.0,0.0,0.03472008007861939,-0.020283376981248533,0.22868952100105536,0.03575287310412135,-0.02121987785272759,0.21776917383527095,0.0036442165728658438,-0.0025319054257124662,0.04816294461488724,0.049296945333480835,-0.030410999432206154,0.42134130001068115,0.9999465346336365,0.005059426184743643,0.006725400686264038,0.006004973314702511,0.22567258775234222,-0.5116507411003113,0.1306011974811554,0.012078440748155117,0.9999270439147949,0.049296945333480835,-0.030410999432206154,0.42134130001068115,0.003644216631620686,-0.002531905461704887,1.0481629459212092,0.9999465543133116,0.005059426413540272,0.006725400770803166,0.006004973419898275,0.03472008007861939,-0.020283376981248533,0.22868952100105536,0.22567259402688644,-0.5116507281021242,0.13060119280770482,-0.014576866526482744,0.010127621846819548,-0.1926517836848367,position_error,position_error,position_error,-0.015991571282823275,0.010960991823060658,-0.20153866618743876,0.05174444438694462,-0.032180869675788246,0.4193078400227097,0.003997892820705819,-0.0027402479557651644,1.0503846665468597,0.9999490353875001,0.005795684305314868,0.004894891916470097,0.006661584208521258,0.03575287310412135,-0.02121987785272759,0.21776917383527095,0.11950819173023823,-0.318463982905053,0.1350411294749865,0.07952620140190163,0.12388848168683861,0.10610468253755581,0.0620225967639361,0.09212623862566913,0.10188249948132148,0.09779737109207218,0.08572784228677935,-0.0012475861608982086,0.0031269505620002747,-1.6643553972244262e-06,0.37154196239023213,-0.00037064501676335737,0.000771650793462717,1.3740811620864416e-05,0.3775339514858421,1465.6504153475232,1545.457983154148,1512.3467262358026,1411.8332488205722,-0.015466608796878714,-0.00089766080301257,-0.0003452995406447843,-0.00013393762294826135,-0.0001790313090959762,-0.0,-0.0,0.0,-0.017022538072580307,0.002562106728903168,2.3492105864926293e-05,0.002538614623038242,0.04915196422418054,0.17953216060251398,0.17953216060251398,0.04099370766245069,0.00011509984688159476,0.13393762294826134,0.0001790313090959762,0.21317210793495178,0.0008657604921609163,0.00023492105864926293,0.01523168773822945,d_final,hover
0.28,0.29,STEP,STEP,0.0,0.0,1.0,0.0,0.0,1.0,0.00399789260700345,-0.0027402478735893965,0.05038466677069664,0.05174444615840912,-0.032180868089199066,0.4193078279495239,0.999949038028717,0.005795684177428484,0.004894891753792763,0.006661584135144949,0.11950819194316864,-0.3184639811515808,0.13504113256931305,0.013379858806729317,0.9999104738235474,-0.1106681227684021,0.27118372917175293,-0.0074095577001571655,-0.10244422405958176,-0.1106681227684021,0.27118372917175293,-0.0074095577001571655,-0.10244422405958176,-0.018272588909199226,False,False,0.28,absolute,0.0,0.0,0.0,0.0,0.0,0.0,0.03575287310412135,-0.02121987785272759,0.21776917383527095,0.03657161913028747,-0.02222996852066336,0.2065842340982106,0.00399789260700345,-0.0027402478735893965,0.05038466677069664,0.05174444615840912,-0.032180868089199066,0.4193078279495239,0.999949038028717,0.005795684177428484,0.004894891753792763,0.006661584135144949,0.11950819194316864,-0.3184639811515808,0.13504113256931305,0.013379858806729317,0.9999104738235474,0.05174444615840912,-0.032180868089199066,0.4193078279495239,0.003997892820705819,-0.0027402479557651644,1.0503846665468597,0.9999490353875001,0.005795684305314868,0.004894891916470097,0.006661584208521258,0.03575287310412135,-0.02121987785272759,0.21776917383527095,0.11950819173023823,-0.318463982905053,0.1350411294749865,-0.015991571282823275,0.010960991823060658,-0.20153866618743876,position_error,position_error,position_error,-0.017441544505674315,0.01183402039461332,-0.2099814773936739,0.054013163635961786,-0.03406398891527668,0.4165657114918845,0.004360386126418579,-0.00295850509865333,1.0524953693484185,0.9999454007455116,0.005728308617120851,0.004726193029829622,0.007351537779942235,0.03657161913028747,-0.02222996852066336,0.2065842340982106,-0.04960286443907738,0.04356343914107427,0.13884340165728473,0.0847593647506873,0.11414671881528234,0.10178477909130641,0.07364482531293313,0.09077595186228529,0.10407481296628406,0.09851649378608014,0.08349121581327361,-0.0008300109207630157,0.002033877968788147,-7.409557700157166e-06,0.37433568797020916,-0.00045406621762891786,0.001001399937060451,1.025491620071828e-05,0.3768584744279231,1454.3977360893866,1563.0591804833134,1518.206079351775,1392.7093292270547,-0.016812240014063458,-0.000888023845887626,-0.0003309025210091466,-2.3635707574125668e-05,-0.00021778682066487206,-0.0,-0.0,0.0,-0.018272588909199226,0.0027835295226170953,2.776571959022137e-05,0.0027557638030268738,0.04450870060418478,0.1776047691775252,0.1776047691775252,0.044536472361873525,0.0001103008403363822,0.023635707574125666,0.00021778682066487206,0.09633776545524597,0.02440514788031578,0.00027765719590221367,0.016534582818161243,d_final,hover
0.29,0.3,STEP,STEP,0.0,0.0,1.0,0.0,0.0,1.0,0.004360386170446873,-0.002958505181595683,0.05249536782503128,0.05401316285133362,-0.03406398743391037,0.4165657162666321,0.9999454021453857,0.005728308577090502,0.00472619291394949,0.007351537700742483,-0.04960286617279053,0.043563440442085266,0.13884340226650238,0.014757066033780575,0.9998911023139954,0.0016752518713474274,-0.05040905252099037,-0.020835135132074356,-0.12717801332473755,0.0016752518713474274,-0.05040905252099037,-0.020835135132074356,-0.12717801332473755,-0.019909662534209564,False,False,0.29,absolute,0.0,0.0,0.0,0.0,0.0,0.0,0.03657161913028747,-0.02222996852066336,0.2065842340982106,0.03749116792101191,-0.023158613904445523,0.1949384245138421,0.004360386170446873,-0.002958505181595683,0.05249536782503128,0.05401316285133362,-0.03406398743391037,0.4165657162666321,0.9999454021453857,0.005728308577090502,0.00472619291394949,0.007351537700742483,-0.04960286617279053,0.043563440442085266,0.13884340226650238,0.014757066033780575,0.9998911023139954,0.05401316285133362,-0.03406398743391037,0.4165657162666321,0.004360386126418579,-0.00295850509865333,1.0524953693484185,0.9999454007455116,0.005728308617120851,0.004726193029829622,0.007351537779942235,0.03657161913028747,-0.02222996852066336,0.2065842340982106,-0.04960286443907738,0.04356343914107427,0.13884340165728473,-0.017441544505674315,0.01183402039461332,-0.2099814773936739,position_error,position_error,position_error,-0.01892563750452777,0.012746026235358336,-0.21796738552054595,0.05641680542553968,-0.03590464013980386,0.4129058100343881,0.004731409376131942,-0.003186506558839584,1.0544918463801365,0.9999352780191006,0.004763464737643388,0.006451154076019958,0.008070426732487786,0.03749116792101191,-0.023158613904445523,0.1949384245138421,-0.22459619989312632,0.41768914862982903,0.14133342350610173,0.09219982356177549,0.08860688410922989,0.08703077385349853,0.09413131181312738,0.09103352233718212,0.10121359651113736,0.09640087044231316,0.08538848568456334,1.2564389035105705e-05,-0.0003780678939074278,-2.0835135132074357e-05,0.36196879333763127,-0.0003697342010166166,0.0007492593855304326,4.943924867739885e-06,0.374036474975196,1456.5483802435117,1540.0647449102482,1500.929433492178,1408.9425034778576,-0.018141568518839135,-0.000874816035390731,-0.0003858479113159255,-0.0002448828144894997,-0.0002625472541742689,-0.0,-0.0,0.0,-0.019909662534209564,0.0030019013806504707,3.254005873407694e-05,0.002969361321916394,0.0399428984219956,0.1749632070781462,0.1749632070781462,0.04803042209040753,0.00012861597043864183,0.2448828144894997,0.0002625472541742689,0.01915222965180874,0.11683495342731476,0.0003254005873407694,0.017816167931498365,d_final,hover
0.3,0.31,STEP,STEP,0.0,0.0,1.0,0.0,0.0,1.0,0.004731409251689911,-0.003186506452038884,0.05449184775352478,0.05641680583357811,-0.03590463846921921,0.41290581226348877,0.9999352693557739,0.004763464909046888,0.006451154127717018,0.008070426993072033,-0.22459620237350464,0.41768914461135864,0.1413334161043167,0.016202600672841072,0.9998687505722046,0.12869146466255188,-0.4008573591709137,-0.03429582342505455,-0.18731945753097534,0.12869146466255188,-0.4008573591709137,-0.03429582342505455,-0.18731945753097534,-0.021691546105033765,False,False,0.3,absolute,0.0,0.0,0.0,0.0,0.0,0.0,0.03749116792101191,-0.023158613904445523,0.1949384245138421,0.03878196812088072,-0.023854035449727813,0.18179344980127432,0.004731409251689911,-0.003186506452038884,0.05449184775352478,0.05641680583357811,-0.03590463846921921,0.41290581226348877,0.9999352693557739,0.004763464909046888,0.006451154127717018,0.008070426993072033,-0.22459620237350464,0.41768914461135864,0.1413334161043167,0.016202600672841072,0.9998687505722046,0.05641680583357811,-0.03590463846921921,0.41290581226348877,0.004731409376131942,-0.003186506558839584,1.0544918463801365,0.9999352780191006,0.004763464737643388,0.006451154076019958,0.008070426732487786,0.03749116792101191,-0.023158613904445523,0.1949384245138421,-0.22459619989312632,0.41768914862982903,0.14133342350610173,-0.01892563750452777,0.012746026235358336,-0.21796738552054595,position_error,position_error,position_error,-0.020454807356154184,0.013689985052685547,-0.2254557292031194,0.0592367754770349,-0.03754402050241336,0.4072491790043937,0.005113701839038546,-0.0034224962631713867,1.0563639323007799,0.999912601694481,0.003155223416858001,0.009343101925057577,0.008805679086928427,0.03878196812088072,-0.023854035449727813,0.18179344980127432,-0.33578337908538375,0.6073322162488559,0.1424043203486885,0.09596500553979626,0.056334108072521406,0.06709717625380214,0.11250178136839259,0.091921229997941,0.0924328169458874,0.09082801033955162,0.09012603040937522,0.000965185984969139,-0.0030064301937818526,-3.429582342505455e-05,0.33189807123451237,-0.00012020721902074446,4.29056569760315e-05,1.1309343144462426e-06,0.36530808769275525,1463.9454230365473,1468.1978468422164,1454.8325701807064,1448.9622152020597,-0.01943999145814145,-0.000853852214220775,-0.0005834939303538221,-0.0005018818890177174,-0.00031232661330000164,-0.0,-0.0,0.0,-0.021691546105033765,0.003214756291576903,3.7863427170008316e-05,0.0031768928644068943,0.03512191444921432,0.170770442844155,0.170770442844155,0.051436100665230446,0.00019449797678460737,0.5018818890177175,0.00031232661330000164,0.21351289749145508,0.14274531602859497,0.00037863427170008315,0.019061357186441367,d_final,hover
0.31,0.32,STEP,STEP,0.0,0.0,1.0,0.0,0.0,1.0,0.005113701801747084,-0.003422496374696493,0.05636393278837204,0.05923677608370781,-0.037544019520282745,0.40724918246269226,0.9999126195907593,0.0031552233267575502,0.009343101643025875,0.00880567915737629,-0.3357833921909332,0.6073322296142578,0.14240431785583496,0.017671843990683556,0.9998438358306885,0.198628768324852,-0.5588071942329407,-0.035891227424144745,-0.21976634860038757,0.198628768324852,-0.5588071942329407,-0.035891227424144745,-0.21976634860038757,-0.023105108676312474,False,False,0.31,absolute,0.0,0.0,0.0,0.0,0.0,0.0,0.03878196812088072,-0.023854035449727813,0.18179344980127432,0.040516003765225864,-0.024244697271886963,0.1663479090302744,0.005113701801747084,-0.003422496374696493,0.05636393278837204,0.05923677608370781,-0.037544019520282745,0.40724918246269226,0.9999126195907593,0.0031552233267575502,0.009343101643025875,0.00880567915737629,-0.3357833921909332,0.6073322296142578,0.14240431785583496,0.017671843990683556,0.9998438358306885,0.05923677608370781,-0.037544019520282745,0.40724918246269226,0.005113701839038546,-0.0034224962631713867,1.0563639323007799,0.999912601694481,0.003155223416858001,0.009343101925057577,0.008805679086928427,0.03878196812088072,-0.023854035449727813,0.18179344980127432,-0.33578337908538375,0.6073322162488559,0.1424043203486885,-0.020454807356154184,0.013689985052685547,-0.2254557292031194,position_error,position_error,position_error,-0.02204642531717883,0.0146544961831679,-0.2323644649594092,0.0625624290824047,-0.03889919345505487,0.3987123739896836,0.0055116063292947074,-0.003663624045791975,1.0580911162398523,0.999882158086201,0.0014483483325472258,0.011937517173596895,0.009542950891588907,0.040516003765225864,-0.024244697271886963,0.1663479090302744,-0.3319786040327199,0.4834385314255328,0.14266952846821052,0.09650961161945573,0.04025973683451391,0.05830655414087291,0.12059872310496371,0.09274764301799547,0.08186041997927299,0.08456736872449258,0.0954463966423097,0.0014897157624363898,-0.004191053956747055,-3.589122742414475e-05,0.31567462569980625,0.00019111860727486808,-0.0007695458025684578,4.867901817794465e-08,0.35462182836407075,1470.8109773773367,1378.6563362749675,1401.9320068880284,1493.0960016279828,-0.02068546617073246,-0.0008219938097831702,-0.000867612174973879,-0.0003642772015557308,-0.00036575931926723375,-0.0,-0.0,0.0,-0.023105108676312474,0.003418377731470059,4.379994547802664e-05,0.003374577785992032,0.02990097874565369,0.16439876195663405,0.16439876195663405,0.05469404370352094,0.0002892040583246263,0.3642772015557308,0.00036575931926723375,0.40130430459976196,0.030894722789525986,0.0004379994547802664,0.020247466715952192,d_final,hover
0.32,0.33,STEP,STEP,0.0,0.0,1.0,0.0,0.0,1.0,0.005511606112122536,-0.0036636239383369684,0.058091115206480026,0.06256242841482162,-0.038899194449186325,0.3987123668193817,0.999882161617279,0.0014483482809737325,0.011937516741454601,0.009542950429022312,-0.33197858929634094,0.48343852162361145,0.14266952872276306,0.01912366971373558,0.9998171329498291,0.20195314288139343,-0.46777182817459106,-0.029171623289585114,-0.19220857322216034,0.20195314288139343,-0.46777182817459106,-0.029171623289585114,-0.19220857322216034,-0.024103485790274073,False,False,0.32,absolute,0.0,0.0,0.0,0.0,0.0,0.0,0.040516003765225864,-0.024244697271886963,0.1663479090302744,0.04253402460892778,-0.024372194807645815,0.14921054297805775,0.005511606112122536,-0.0036636239383369684,0.058091115206480026,0.06256242841482162,-0.038899194449186325,0.3987123668193817,0.999882161617279,0.0014483482809737325,0.011937516741454601,0.009542950429022312,-0.33197858929634094,0.48343852162361145,0.14266952872276306,0.01912366971373558,0.9998171329498291,0.06256242841482162,-0.038899194449186325,0.3987123668193817,0.0055116063292947074,-0.003663624045791975,1.0580911162398523,0.999882158086201,0.0014483483325472258,0.011937517173596895,0.009542950891588907,0.040516003765225864,-0.024244697271886963,0.1663479090302744,-0.3319786040327199,0.4834385314255328,0.14266952846821052,-0.02204642531717883,0.0146544961831679,-0.2323644649594092,position_error,position_error,position_error,-0.0237150488308855,0.015628021603405748,-0.23861087301303918,0.06624907343981327,-0.04000021641105156,0.38782141599109693,0.005928762207721375,-0.003907005400851437,1.0596527182532598,0.9998659997268349,0.00025962380340318204,0.012744459430864163,0.010271024269898343,0.04253402460892778,-0.024372194807645815,0.14921054297805775,-0.20904236708244908,0.07284021010786998,0.14240523837265925,0.09523291623828907,0.04807326950990421,0.0670383166102462,0.11910901103048042,0.09319658380805032,0.07526103085646656,0.08128571845976172,0.0996178705109795,0.0015146485716104508,-0.003508288711309433,-2.9171623289585115e-05,0.32945351338891987,0.00044002742159656187,-0.0012822447103740483,-2.3557986518260967e-06,0.3493612036352581,1474.5323602896851,1320.7746389160072,1373.681358471044,1527.15426525723,-0.021854829895196642,-0.0007819720387295209,-0.0009749319042254162,-6.928365935996593e-05,-0.0004224682927625296,-0.0,-0.0,0.0,-0.024103485790274073,0.0036088617075207816,5.041491251798752e-05,0.0035584467950027943,0.02466693326498153,0.15639440774590418,0.15639440774590418,0.057741787320332506,0.0003249773014084721,0.06928365935996593,0.0004224682927625296,0.2973906695842743,0.009103073738515377,0.0005041491251798752,0.021350680770016766,d_final,hover
0.33,0.34,STEP,STEP,0.0,0.0,1.0,0.0,0.0,1.0,0.005928762257099152,-0.003907005302608013,0.059652719646692276,0.0662490725517273,-0.04000021517276764,0.38782140612602234,0.9998660087585449,0.0002596238045953214,0.012744459323585033,0.010271023958921432,-0.20904237031936646,0.07284021377563477,0.14240524172782898,0.020552586764097214,0.999788761138916,0.11623558402061462,-0.10824256390333176,-0.0129341259598732,-0.11247096955776215,0.11623558402061462,-0.10824256390333176,-0.0129341259598732,-0.11247096955776215,-0.025106412975675948,False,False,0.33,absolute,0.0,0.0,0.0,0.0,0.0,0.0,0.04253402460892778,-0.024372194807645815,0.14921054297805775,0.04452059787725901,-0.024363950002521832,0.13211976401321274,0.005928762257099152,-0.003907005302608013,0.059652719646692276,0.0662490725517273,-0.04000021517276764,0.38782140612602234,0.9998660087585449,0.0002596238045953214,0.012744459323585033,0.010271023958921432,-0.20904237031936646,0.07284021377563477,0.14240524172782898,0.020552586764097214,0.999788761138916,0.0662490725517273,-0.04000021517276764,0.38782140612602234,0.005928762207721375,-0.003907005400851437,1.0596527182532598,0.9998659997268349,0.00025962380340318204,0.012744459430864163,0.010271024269898343,0.04253402460892778,-0.024372194807645815,0.14921054297805775,-0.20904236708244908,0.07284021010786998,0.14240523837265925,-0.0237150488308855,0.015628021603405748,-0.23861087301303918,position_error,position_error,position_error,-0.025464792520170195,0.016602886861525883,-0.2441665196598226,0.06998539039742921,-0.040966836864047715,0.37628628367303535,0.006366198130042549,-0.004150721715381471,1.0610416299149557,0.9998790111972327,2.3307644965988002e-05,0.01101585913800058,0.010982407361311279,0.04452059787725901,-0.024363950002521832,0.13211976401321274,-0.01190300613763941,-0.4478982950027439,0.14141530376084754,0.09136231526484469,0.08097007866087999,0.09221011120431133,0.10477981009108299,0.09286321582462188,0.07628511037946725,0.08323165576504109,0.10054764071486921,0.0008717668801546096,-0.0008118192292749882,-1.29341259598732e-05,0.36932231522111897,0.0005172779541016575,-0.0011983255659146152,-4.3830042577605414e-06,0.35292762268399946,1471.7695419296522,1329.8687786091878,1390.4788989877404,1534.6844008527896,-0.02293405318994142,-0.0007408380193609505,-0.0007280981747675086,-0.00022075285235925046,-0.0004826707392468191,-0.0,-0.0,0.0,-0.025106412975675948,0.0037838375520639054,5.775696938949654e-05,0.003726080582674409,0.020031317737981006,0.1481676038721901,0.1481676038721901,0.060541400833022486,0.0002426993915891695,0.22075285235925046,0.0004826707392468191,0.038044173270463943,0.14323052763938904,0.0005775696938949654,0.022356483496046454,d_final,hover
0.34,0.35000000000000003,STEP,STEP,0.0,0.0,1.0,0.0,0.0,1.0,0.0063661979511380196,-0.004150721710175276,0.06104163080453873,0.06998538970947266,-0.04096683859825134,0.3762862980365753,0.999879002571106,2.3307644369197078e-05,0.011015859432518482,0.010982407256960869,-0.011903006583452225,-0.4478982985019684,0.1414152979850769,0.021968001499772072,0.9997586607933044,-0.026390578597784042,0.3339695632457733,0.0015074126422405243,-0.06344728916883469,-0.026390578597784042,0.3339695632457733,0.0015074126422405243,-0.06344728916883469,-0.026233891529037427,False,False,0.34,absolute,0.0,0.0,0.0,0.0,0.0,0.0,0.04452059787725901,-0.024363950002521832,0.13211976401321274,0.0461005756245116,-0.024389274675173413,0.11628232727507454,0.0063661979511380196,-0.004150721710175276,0.06104163080453873,0.06998538970947266,-0.04096683859825134,0.3762862980365753,0.999879002571106,2.3307644369197078e-05,0.011015859432518482,0.010982407256960869,-0.011903006583452225,-0.4478982985019684,0.1414152979850769,0.021968001499772072,0.9997586607933044,0.06998538970947266,-0.04096683859825134,0.3762862980365753,0.006366198130042549,-0.004150721715381471,1.0610416299149557,0.9998790111972327,2.3307644965988002e-05,0.01101585913800058,0.010982407361311279,0.04452059787725901,-0.024363950002521832,0.13211976401321274,-0.01190300613763941,-0.4478982950027439,0.14141530376084754,-0.025464792520170195,0.016602886861525883,-0.2441665196598226,position_error,position_error,position_error,-0.027285390350905558,0.017577668073687023,-0.24906638416755467,0.07338596597541716,-0.04196694274886044,0.3653487114426292,0.006821347587726389,-0.004394417018421756,1.0622665960418887,0.9999057174004348,0.0008023599205278239,0.0071798283254142295,0.011677439518040827,0.0461005756245116,-0.024389274675173413,0.11628232727507454,0.18251221120968722,-0.8350314283165361,0.14043086266693813,0.08220998677950328,0.11750626133534973,0.11483397751433524,0.07928392978639445,0.09090056382442072,0.08332418789379224,0.08871805735095731,0.09657319988859554,-0.0001979293394833803,0.0025047717243432996,1.5074126422405244e-06,0.3938341554155827,0.00039125630270697145,-0.0005455813354455692,-1.6558736456379671e-06,0.3595160089577658,1455.438459815141,1391.2743078506314,1437.1426793356509,1502.3411371005884,-0.02392119073430623,-0.0007031320261931038,-0.00031316229734693946,-0.0007503090207063842,-0.0005460974504847656,-0.0,-0.0,0.0,-0.026233891529037427,0.003942970666488121,6.584168384437538e-05,0.0038771289826437455,0.01624167942859991,0.14062640523862074,0.14062640523862074,0.06308753066380994,0.00010438743244897983,0.7503090207063842,0.0005460974504847656,0.11625996232032776,0.21850568056106567,0.0006584168384437539,0.023262773895862475,d_final,hover
0.35000000000000003,0.36,STEP,STEP,0.0,0.0,1.0,0.0,0.0,1.0,0.006821347400546074,-0.00439441716298461,0.06226659566164017,0.07338596880435944,-0.041966941207647324,0.3653486967086792,0.9999057054519653,0.0008023598929867148,0.0071798283606767654,0.011677439324557781,0.18251220881938934,-0.8350314497947693,0.14043086767196655,0.023366600275039673,0.9997269511222839,-0.13553357124328613,0.5775176286697388,-0.001176305115222931,-0.0840810239315033,-0.13553357124328613,0.5775176286697388,-0.001176305115222931,-0.0840810239315033,-0.027110618945019514,False,False,0.35000000000000003,absolute,0.0,0.0,0.0,0.0,0.0,0.0,0.0461005756245116,-0.024389274675173413,0.11628232727507454,0.04699400091277343,-0.024604499161765162,0.10146034156518965,0.006821347400546074,-0.00439441716298461,0.06226659566164017,0.07338596880435944,-0.041966941207647324,0.3653486967086792,0.9999057054519653,0.0008023598929867148,0.0071798283606767654,0.011677439324557781,0.18251220881938934,-0.8350314497947693,0.14043086767196655,0.023366600275039673,0.9997269511222839,0.07338596880435944,-0.041966941207647324,0.3653486967086792,0.006821347587726389,-0.004394417018421756,1.0622665960418887,0.9999057174004348,0.0008023599205278239,0.0071798283254142295,0.011677439518040827,0.0461005756245116,-0.024389274675173413,0.11628232727507454,0.18251221120968722,-0.8350314283165361,0.14043086266693813,-0.027285390350905558,0.017577668073687023,-0.24906638416755467,position_error,position_error,position_error,-0.029153263625481003,0.018557606800866506,-0.25335970681267383,0.07614726453825443,-0.04316210596263167,0.3548200483778635,0.007288315906370251,-0.0046394017002166265,1.0633399267031685,0.9999174612775478,0.002272072019542704,0.002643710224946571,0.012366046953179064,0.04699400091277343,-0.024604499161765162,0.10146034156518965,0.30173300758741856,-0.9103297496245036,0.14052826712903788,0.07238984511344135,0.13374444286245257,0.11926978332159338,0.05811321673676112,0.08744038617870761,0.0919158684093159,0.09404723383488986,0.08911559354656828,-0.001016501784324646,0.004331382215023041,-1.176305115222931e-06,0.3835172880342484,0.00013458138111188114,0.0003325888166567652,2.709578862816883e-06,0.3625190819694817,1426.363503028142,1463.900815907882,1481.56788006918,1440.4860742603933,-0.02481811385744674,-0.0006677932000932888,-7.290909009285546e-05,-0.0009394912547814509,-0.0006123115426051752,-0.0,-0.0,0.0,-0.027110618945019514,0.0040865899116497755,7.464359688702254e-05,0.004011946314762753,0.013108018411316005,0.13355864001865775,0.13355864001865775,0.06538543858639641,2.430303003095182e-05,0.9394912547814509,0.0006123115426051752,0.35896697640419006,0.07166080176830292,0.0007464359688702254,0.024071677888576518,d_final,hover
0.36,0.37,STEP,STEP,0.0,0.0,1.0,0.0,0.0,1.0,0.007288315799087286,-0.004639401566237211,0.06333992630243301,0.07614726573228836,-0.04316210746765137,0.35482004284858704,0.9999174475669861,0.0022720720153301954,0.002643710235133767,0.012366047129034996,0.30173301696777344,-0.9103297591209412,0.14052826166152954,0.024742403998970985,0.9996938705444336,-0.19935354590415955,0.6159331798553467,-0.012216836214065552,-0.09386356920003891,-0.19935354590415955,0.6159331798553467,-0.012216836214065552,-0.09386356920003891,-0.027551457324424267,False,False,0.36,absolute,0.0,0.0,0.0,0.0,0.0,0.0,0.04699400091277343,-0.024604499161765162,0.10146034156518965,0.0471828430750896,-0.025092814357889827,0.0871660673758005,0.007288315799087286,-0.004639401566237211,0.06333992630243301,0.07614726573228836,-0.04316210746765137,0.35482004284858704,0.9999174475669861,0.0022720720153301954,0.002643710235133767,0.012366047129034996,0.30173301696777344,-0.9103297591209412,0.14052826166152954,0.024742403998970985,0.9996938705444336,0.07614726573228836,-0.04316210746765137,0.35482004284858704,0.007288315906370251,-0.0046394017002166265,1.0633399267031685,0.9999174612775478,0.002272072019542704,0.002643710224946571,0.012366046953179064,0.04699400091277343,-0.024604499161765162,0.10146034156518965,0.30173300758741856,-0.9103297496245036,0.14052826712903788,-0.029153263625481003,0.018557606800866506,-0.25335970681267383,position_error,position_error,position_error,-0.031039532456551923,0.019552601590592036,-0.25707371479479146,0.07822237553164152,-0.04464541594848186,0.344239782170592,0.007759883114137981,-0.004888150397648009,1.0642684286986979,0.9999068416942591,0.0038697311993898427,-0.0008605038639049845,0.013061111995408263,0.0471828430750896,-0.025092814357889827,0.0871660673758005,0.306203858111717,-0.63603563034912,0.1416407483150493,0.07204964406647921,0.13840820303785503,0.11623501041683891,0.05193315787880745,0.08457554647367937,0.09992622262915478,0.09796229565533943,0.08185965887832619,-0.0014951515942811966,0.0046194988489151,-1.2216836214065553e-05,0.3786260153999806,-0.0001654548440929533,0.0011120318787281357,4.466646091934789e-06,0.3643237236364998,1402.0019388018995,1529.6539805863129,1513.6917040223104,1378.6497555940332,-0.025623683566948767,-0.0006330649041394136,-9.429171873195935e-05,-0.0005183642273793502,-0.0006820529072247745,-0.0,-0.0,0.0,-0.027551457324424267,0.004214540727654721,8.410980025511016e-05,0.004130430927399611,0.010453793314810646,0.12661298082788272,0.12661298082788272,0.06743265164247554,3.143057291065312e-05,0.5183642273793502,0.0006820529072247745,0.4280751347541809,0.005766335409134626,0.0008410980025511017,0.024782585564397667,d_final,hover
0.37,0.38,STEP,STEP,0.0,0.0,1.0,0.0,0.0,1.0,0.007759883068501949,-0.004888150375336409,0.06426842510700226,0.0782223790884018,-0.04464541748166084,0.3442397713661194,0.9999068379402161,0.0038697312120348215,-0.0008605038747191429,0.01306111179292202,0.3062038719654083,-0.6360356211662292,0.14164075255393982,0.026113174855709076,0.99965900182724,-0.2170449197292328,0.4609776437282562,-0.028575167059898376,-0.06325730681419373,-0.2170449197292328,0.4609776437282562,-0.028575167059898376,-0.06325730681419373,-0.027933241645777356,False,False,0.37,absolute,0.0,0.0,0.0,0.0,0.0,0.0,0.0471828430750896,-0.025092814357889827,0.0871660673758005,0.04693477194786906,-0.02583762676569992,0.07374324862096314,0.007759883068501949,-0.004888150375336409,0.06426842510700226,0.0782223790884018,-0.04464541748166084,0.3442397713661194,0.9999068379402161,0.0038697312120348215,-0.0008605038747191429,0.01306111179292202,0.3062038719654083,-0.6360356211662292,0.14164075255393982,0.026113174855709076,0.99965900182724,0.0782223790884018,-0.04464541748166084,0.3442397713661194,0.007759883114137981,-0.004888150397648009,1.0642684286986979,0.9999068416942591,0.0038697311993898427,-0.0008605038639049845,0.013061111995408263,0.0471828430750896,-0.025092814357889827,0.0871660673758005,0.306203858111717,-0.63603563034912,0.1416407483150493,-0.031039532456551923,0.019552601590592036,-0.25707371479479146,position_error,position_error,position_error,-0.0329216307582753,0.02057349996037149,-0.2602346027687137,0.07985640270614436,-0.04641112672607141,0.33397785138967684,0.008230407689568824,-0.005143374990092872,1.0650586506921784,0.9998909517364668,0.004979149083030248,-0.0019169508391543842,0.013770185526419386,0.04693477194786906,-0.02583762676569992,0.07374324862096314,0.1918896512519424,-0.09890545985040351,0.14251523026254115,0.08434301779226953,0.1356428664640067,0.11021623841159801,0.06372702392502895,0.08453338020923484,0.10616840094213707,0.10015084345033198,0.07845505911408662,-0.0016278368979692457,0.0034573323279619215,-2.8575167059898375e-05,0.3939291465929032,-0.0004276497874417342,0.001531960613219713,3.6093580385820846e-07,0.36930768371579054,1401.6413302003448,1579.763713518095,1531.4734115510234,1348.9990262996162,-0.026337707349573594,-0.0006003612147800722,-0.00017079975666465394,-6.6914519102597e-05,-0.0007574588056564405,-0.0,-0.0,0.0,-0.027933241645777356,0.0043268219469121145,9.419391702522649e-05,0.004232628029886888,0.00830852249185527,0.12007224295601443,0.12007224295601443,0.06922915115059383,5.6933252221551315e-05,0.06691451910259699,0.0007574588056564405,0.26442691683769226,0.025528542697429657,0.0009419391702522649,0.025395768179321328,d_final,hover
0.38,0.39,STEP,STEP,0.0,0.0,1.0,0.0,0.0,1.0,0.00823040772229433,-0.005143375135958195,0.0650586485862732,0.07985640317201614,-0.04641112685203552,0.3339778482913971,0.999890923500061,0.004979148972779512,-0.0019169508013874292,0.01377018541097641,0.1918896585702896,-0.09890545904636383,0.14251522719860077,0.02751849591732025,0.9996212720870972,-0.1599062979221344,0.04471725597977638,-0.05709191411733627,-0.0517764613032341,-0.1599062979221344,0.04471725597977638,-0.05709191411733627,-0.0517764613032341,-0.028806463280570092,False,False,0.38,absolute,0.0,0.0,0.0,0.0,0.0,0.0,0.04693477194786906,-0.02583762676569992,0.07374324862096314,0.04671103371236783,-0.026721146298057247,0.061519174172632585,0.00823040772229433,-0.005143375135958195,0.0650586485862732,0.07985640317201614,-0.04641112685203552,0.3339778482913971,0.999890923500061,0.004979148972779512,-0.0019169508013874292,0.01377018541097641,0.1918896585702896,-0.09890545904636383,0.14251522719860077,0.02751849591732025,0.9996212720870972,0.07985640317201614,-0.04641112685203552,0.3339778482913971,0.008230407689568824,-0.005143374990092872,1.0650586506921784,0.9998909517364668,0.004979149083030248,-0.0019169508391543842,0.013770185526419386,0.04693477194786906,-0.02583762676569992,0.07374324862096314,0.1918896512519424,-0.09890545985040351,0.14251523026254115,-0.0329216307582753,0.02057349996037149,-0.2602346027687137,position_error,position_error,position_error,-0.03479274896924494,0.02162804444010339,-0.26288709639208907,0.08150378268161276,-0.04834919073816064,0.32440627056472165,0.008698187242311235,-0.005407011110025848,1.0657217740980223,0.9998819677215458,0.005111784005069826,1.5831237496705497e-05,0.014488617565081557,0.04671103371236783,-0.026721146298057247,0.061519174172632585,-0.010744865659406558,0.5037226203707332,0.14124421556098687,0.10362341403395078,0.11317215743724182,0.09140565396369726,0.09146834391349315,0.0878998982428296,0.10742823897969751,0.09854700850042843,0.08076366649682491,-0.0011992972344160079,0.00033537941984832284,-5.7091914117336275e-05,0.399669569348383,-0.0005662973769745539,0.0013191545432893674,-1.036529247559054e-05,0.37463881221978046,1430.2461625333224,1589.7685157295382,1518.454415071938,1369.15172888096,-0.02696505184801131,-0.00057109969609079,-0.00015678351805541033,-0.00027380185884063506,-0.0008397263595719458,-0.0,-0.0,0.0,-0.028806463280570092,0.00442424582103772,0.00010489423044624888,0.004319351590591471,0.006680549120842846,0.114219939218158,0.114219939218158,0.07078793313660352,5.226117268513677e-05,0.27380185884063507,0.0008397263595719458,0.03350994735956192,0.17748254537582397,0.0010489423044624888,0.025916109543548824,d_final,hover
0.39,0.4,STEP,STEP,0.0,0.0,1.0,0.0,0.0,1.0,0.008698186837136745,-0.0054070111364126205,0.0657217726111412,0.08150378614664078,-0.04834919050335884,0.3244062662124634,0.9998819828033447,0.00511178420856595,1.5831237760721706e-05,0.01448861788958311,-0.010744865983724594,0.503722608089447,0.14124421775341034,0.028973976150155067,0.9995801448822021,-0.007323380559682846,-0.5019232630729675,-0.08412819355726242,-0.12847177684307098,-0.007323380559682846,-0.5019232630729675,-0.08412819355726242,-0.12847177684307098,-0.03004820326291477,False,False,0.39,absolute,0.0,0.0,0.0,0.0,0.0,0.0,0.04671103371236783,-0.026721146298057247,0.061519174172632585,0.046990374547827875,-0.027540024252703816,0.04921008779392478,0.008698186837136745,-0.0054070111364126205,0.0657217726111412,0.08150378614664078,-0.04834919050335884,0.3244062662124634,0.9998819828033447,0.00511178420856595,1.5831237760721706e-05,0.01448861788958311,-0.010744865983724594,0.503722608089447,0.14124421775341034,0.028973976150155067,0.9995801448822021,0.08150378614664078,-0.04834919050335884,0.3244062662124634,0.008698187242311235,-0.005407011110025848,1.0657217740980223,0.9998819677215458,0.005111784005069826,1.5831237496705497e-05,0.014488617565081557,0.04671103371236783,-0.026721146298057247,0.061519174172632585,-0.010744865659406558,0.5037226203707332,0.14124421556098687,-0.03479274896924494,0.02162804444010339,-0.26288709639208907,position_error,position_error,position_error,-0.03666569685062633,0.02271709984997636,-0.2650551829239429,0.08365607139845421,-0.05025712410268018,0.3142652707178677,0.009166424212656583,-0.00567927496249409,1.0662637957309857,0.9998674793133331,0.004101257099689196,0.004150082587207852,0.01519803659434592,0.046990374547827875,-0.027540024252703816,0.04921008779392478,-0.2330995808566551,0.8918165907281177,0.1364661463555723,0.11379686963293115,0.06764085541379722,0.059782588382120784,0.12010159814961541,0.092437590787178,0.09978144132399389,0.0910424890682957,0.0875228638474545,-5.492535419762135e-05,-0.0037644244730472565,-8.412819355726243e-05,0.36132191157846455,-0.00048272582795413346,0.0003840781854119661,-2.2715898376889565e-05,0.3707843850269221,1468.2374922427794,1528.480580830972,1456.6232143852249,1427.0608963479435,-0.02750811871752671,-0.0005414338859213507,-0.00020426097167038112,-0.0008682952551946117,-0.0009260944326017189,-0.0,-0.0,0.0,-0.03004820326291477,0.004507168121623792,0.0001162774969459891,0.004390890624677803,0.005388180976670449,0.10828677718427014,0.10828677718427014,0.07211468994598068,6.80869905567937e-05,0.8682952551946117,0.0009260944326017189,0.27556315064430237,0.32871052622795105,0.001162774969459891,0.026345343748066817,d_final,hover
0.4,0.41000000000000003,STEP,STEP,0.0,0.0,1.0,0.0,0.0,1.0,0.009166424162685871,-0.005679274909198284,0.06626379489898682,0.08365607261657715,-0.0502571240067482,0.31426528096199036,0.9998674988746643,0.0041012573055922985,0.004150082357227802,0.015198037028312683,-0.2330995798110962,0.8918166160583496,0.1364661455154419,0.030427101999521255,0.9995369911193848,0.12020552158355713,-0.7665268778800964,-0.07643770426511765,-0.19012631475925446,0.12020552158355713,-0.7665268778800964,-0.07643770426511765,-0.19012631475925446,-0.03082404184231312,False,False,0.4,absolute,0.0,0.0,0.0,0.0,0.0,0.0,0.046990374547827875,-0.027540024252703816,0.04921008779392478,0.04800046188149053,-0.0280962147662216,0.035111679815135736,0.009166424162685871,-0.005679274909198284,0.06626379489898682,0.08365607261657715,-0.0502571240067482,0.31426528096199036,0.9998674988746643,0.0041012573055922985,0.004150082357227802,0.015198037028312683,-0.2330995798110962,0.8918166160583496,0.1364661455154419,0.030427101999521255,0.9995369911193848,0.08365607261657715,-0.0502571240067482,0.31426528096199036,0.009166424212656583,-0.00567927496249409,1.0662637957309857,0.9998674793133331,0.004101257099689196,0.004150082587207852,0.01519803659434592,0.046990374547827875,-0.027540024252703816,0.04921008779392478,-0.2330995808566551,0.8918165907281177,0.1364661463555723,-0.03666569685062633,0.02271709984997636,-0.2650551829239429,position_error,position_error,position_error,-0.038567242560759205,0.023833118275772072,-0.2666924598446734,0.08656770444224973,-0.051929333041993674,0.3018041396598091,0.009641810640189801,-0.005958279568943018,1.0666731149611683,0.9998353298226198,0.002223399069433433,0.008503154533716372,0.015876589622677486,0.04800046188149053,-0.0280962147662216,0.035111679815135736,-0.3896075271405155,0.8475274406512494,0.12897163725496463,0.113683280314561,0.03881419780687199,0.04512989080495894,0.13286727369398088,0.0961876439650513,0.0872827382024786,0.08189124450163558,0.09531446277957072,0.0009015414118766784,-0.005748951584100723,-7.643770426511765e-05,0.3304946426203728,-0.00022148758060597067,-0.0007894108254521545,-2.6838776341252843e-05,0.3606760894487362,1499.1816037391286,1425.0298976915642,1378.9228357777854,1492.011264656891,-0.027956481630180635,-0.0005063818089919229,-0.00046348284267731246,-0.0008867304710776309,-0.0010109650893856206,-0.0,-0.0,0.0,-0.03082404184231312,0.004573769866468132,0.00012846560784296105,0.0044453042586251705,0.004326271684466684,0.10127636179838458,0.10127636179838458,0.07318031786349011,0.00015449428089243749,0.8867304710776308,0.0010109650893856206,0.6440035700798035,0.09013912081718445,0.0012846560784296104,0.026671825551751023,d_final,hover
0.41000000000000003,0.42,STEP,STEP,0.0,0.0,1.0,0.0,0.0,1.0,0.009641810320317745,-0.005958279594779015,0.06667311489582062,0.0865677073597908,-0.05192933231592178,0.3018041253089905,0.9998353123664856,0.0022233990021049976,0.00850315485149622,0.015876589342951775,-0.3896075189113617,0.8475274443626404,0.1289716362953186,0.031790319830179214,0.9994945526123047,0.2116028070449829,-0.7386001348495483,-0.05135732144117355,-0.17638203501701355,0.2116028070449829,-0.7386001348495483,-0.05135732144117355,-0.17638203501701355,-0.03087919060757062,False,False,0.41000000000000003,absolute,0.0,0.0,0.0,0.0,0.0,0.0,0.04800046188149053,-0.0280962147662216,0.035111679815135736,0.04959581217639557,-0.02829460507195292,0.019254720412617474,0.009641810320317745,-0.005958279594779015,0.06667311489582062,0.0865677073597908,-0.05192933231592178,0.3018041253089905,0.9998353123664856,0.0022233990021049976,0.00850315485149622,0.015876589342951775,-0.3896075189113617,0.8475274443626404,0.1289716362953186,0.031790319830179214,0.9994945526123047,0.0865677073597908,-0.05192933231592178,0.3018041253089905,0.009641810640189801,-0.005958279568943018,1.0666731149611683,0.9998353298226198,0.002223399069433433,0.008503154533716372,0.015876589622677486,0.04800046188149053,-0.0280962147662216,0.035111679815135736,-0.3896075271405155,0.8475274406512494,0.12897163725496463,-0.038567242560759205,0.023833118275772072,-0.2666924598446734,position_error,position_error,position_error,-0.040524249520303174,0.024962901623380263,-0.26772071291548816,0.09012006169669874,-0.05325750669533318,0.28697543332810566,0.010131062380075793,-0.006240725405845066,1.066930178228872,0.9998048979652814,8.548756557524964e-05,0.010837853446273199,0.01651361950592907,0.04959581217639557,-0.02829460507195292,0.019254720412617474,-0.4215239870962928,0.3610267861586209,0.12106698702616835,0.1101287140346584,0.036110595004364324,0.0542316703557706,0.13689580309669996,0.09867167078413151,0.07682330065780138,0.07657845569503033,0.1025257400102359,0.0015870210528373717,-0.0055395010113716125,-5.1357321441173554e-05,0.33736678249149327,0.00012760412383015004,-0.0016898153627804948,-2.434755028192005e-05,0.3545991671471991,1519.4686965702358,1334.6309378796352,1332.4658845688787,1550.6341186993195,-0.02829374333189293,-0.00046656443436737127,-0.000704798252680583,-0.00032268002736917257,-0.0010914045612605617,-0.0,-0.0,0.0,-0.03087919060757062,0.004621233836288724,0.00014158507854014705,0.004479648757748577,0.003631073519782159,0.09331288687347425,0.09331288687347425,0.07393974138061958,0.00023493275089352767,0.32268002736917256,0.0010914045612605617,0.6240540742874146,0.00995129719376564,0.0014158507854014706,0.02687789254649146,d_final,hover
0.42,0.43,STEP,STEP,0.0,0.0,1.0,0.0,0.0,1.0,0.010131062008440495,-0.006240725517272949,0.06693017482757568,0.09012006223201752,-0.05325750634074211,0.2869754433631897,0.9998049139976501,8.548756886739284e-05,0.010837853886187077,0.01651361957192421,-0.4215239882469177,0.361026793718338,0.12106698751449585,0.03303040191531181,0.9994543194770813,0.25687482953071594,-0.3943400979042053,-0.014912564307451248,-0.0797867476940155,0.25687482953071594,-0.3943400979042053,-0.014912564307451248,-0.0797867476940155,-0.03094344016208871,False,False,0.42,absolute,0.0,0.0,0.0,0.0,0.0,0.0,0.04959581217639557,-0.02829460507195292,0.019254720412617474,0.05135520589800158,-0.02815756696537277,0.0036282056858342143,0.010131062008440495,-0.006240725517272949,0.06693017482757568,0.09012006223201752,-0.05325750634074211,0.2869754433631897,0.9998049139976501,8.548756886739284e-05,0.010837853886187077,0.01651361957192421,-0.4215239882469177,0.361026793718338,0.12106698751449585,0.03303040191531181,0.9994543194770813,0.09012006223201752,-0.05325750634074211,0.2869754433631897,0.010131062380075793,-0.006240725405845066,1.066930178228872,0.9998048979652814,8.548756557524964e-05,0.010837853446273199,0.01651361950592907,0.04959581217639557,-0.02829460507195292,0.019254720412617474,-0.4215239870962928,0.3610267861586209,0.12106698702616835,-0.040524249520303174,0.024962901623380263,-0.26772071291548816,position_error,position_error,position_error,-0.042550659016725154,0.026092330862763406,-0.2681119822456486,0.09390586491472673,-0.054249897828136176,0.2717401879314828,0.010637664754181288,-0.0065230827156908516,1.0670279955614121,0.9998057501413883,-0.001587738697370214,0.009654297800072417,0.017109517936877146,0.05135520589800158,-0.02815756696537277,0.0036282056858342143,-0.312446771820073,-0.38413411280837256,0.11391476692908754,0.10307874003265634,0.06250752167231612,0.08849820668799374,0.13157995776002612,0.09946612611585712,0.0741503962438303,0.0786952310773037,0.10763862227321129,0.0019265612214803694,-0.00295755073428154,-1.4912564307451249e-05,0.3856644261529923,0.00044962123718070854,-0.001918331225356821,-2.154830826385176e-05,0.3599503757102024,1525.923241396699,1310.862567315476,1351.1050166692307,1591.435852191128,-0.02851361832926507,-0.0004280204630839186,-0.0005743582811016599,-0.0002581585759683686,-0.001169284512669691,-0.0,-0.0,0.0,-0.03094344016208871,0.004648462708518782,0.00015571051953809558,0.004492752188980686,0.0034433696267343076,0.08560409261678371,0.08560409261678371,0.07437540333630051,0.00019145276036721998,0.2581585759683686,0.001169284512669691,0.22807709872722626,0.1312233954668045,0.0015571051953809558,0.026956513133884117,d_final,hover
0.43,0.44,STEP,STEP,0.0,0.0,1.0,0.0,0.0,1.0,0.010637665167450905,-0.006523082498461008,0.0670279935002327,0.09390586614608765,-0.054249897599220276,0.271740198135376,0.999805748462677,-0.001587738748639822,0.00965429749339819,0.017109517008066177,-0.3124467730522156,-0.38413411378860474,0.11391476541757584,0.03418814018368721,0.999415397644043,0.15986061096191406,0.24606561660766602,0.02879009023308754,0.0325370654463768,0.15986061096191406,0.24606561660766602,0.02879009023308754,0.0325370654463768,-0.03162172754399691,False,False,0.43,absolute,0.0,0.0,0.0,0.0,0.0,0.0,0.05135520589800158,-0.02815756696537277,0.0036282056858342143,0.052705888311798635,-0.027803877758243202,-0.009576324101859915,0.010637665167450905,-0.006523082498461008,0.0670279935002327,0.09390586614608765,-0.054249897599220276,0.271740198135376,0.999805748462677,-0.001587738748639822,0.00965429749339819,0.017109517008066177,-0.3124467730522156,-0.38413411378860474,0.11391476541757584,0.03418814018368721,0.999415397644043,0.09390586614608765,-0.054249897599220276,0.271740198135376,0.010637664754181288,-0.0065230827156908516,1.0670279955614121,0.9998057501413883,-0.001587738697370214,0.009654297800072417,0.017109517936877146,0.05135520589800158,-0.02815756696537277,0.0036282056858342143,-0.312446771820073,-0.38413411280837256,0.11391476692908754,-0.042550659016725154,0.026092330862763406,-0.2681119822456486,position_error,position_error,position_error,-0.044639558768399076,0.027210563733170025,-0.26793020398553313,0.09734544708019771,-0.05501444149141323,0.2583538798836732,0.011159889692099769,-0.006802640933292506,1.0669825509963833,0.9998293027352808,-0.00223451429880363,0.00490905685349034,0.017671261939655833,0.052705888311798635,-0.027803877758243202,-0.009576324101859915,-0.10250348164126809,-1.0736819515055152,0.10819875089756552,0.09014059175040122,0.11381663369457,0.13319598287997142,0.10467312439824582,0.09775421600401242,0.08092151901477002,0.08790268462132257,0.10709924606327362,0.0011989545822143554,0.001845492124557495,2.879009023308754e-05,0.44182633272318844,0.0005772126477648454,-0.0012738144318348442,-1.4041354849089359e-05,0.3736776657033786,1511.9946747137674,1370.5224032944582,1430.2696856180899,1587.1592374772242,-0.02862816344396994,-0.00039624726045401574,-0.00017455136005415013,-0.0011750068664330667,-0.0012477586130857385,-0.0,-0.0,0.0,-0.03162172754399691,0.004657481199590229,0.0001708190616071414,0.004486662137983087,0.0036426722644349856,0.07924945209080314,0.07924945209080314,0.07451969919344366,5.818378668471671e-05,1.1750068664330666,0.0012477586130857385,0.08799123018980026,0.4340578019618988,0.001708190616071414,0.026919972827898524,d_final,hover
0.44,0.45,STEP,STEP,0.0,0.0,1.0,0.0,0.0,1.0,0.01115988940000534,-0.006802640855312347,0.06698255240917206,0.09734544903039932,-0.05501444265246391,0.2583538889884949,0.9998292922973633,-0.0022345143370330334,0.004909056704491377,0.017671262845396996,-0.10250347852706909,-1.0736819505691528,0.10819875448942184,0.03531628102064133,0.9993761777877808,0.01856151595711708,0.6519628763198853,0.03357049077749252,0.0018352419137954712,0.01856151595711708,0.6519628763198853,0.03357049077749252,0.0018352419137954712,-0.032428393864906715,False,False,0.44,absolute,0.0,0.0,0.0,0.0,0.0,0.0,0.052705888311798635,-0.027803877758243202,-0.009576324101859915,0.053091760588704115,-0.027428459080782498,-0.02046476215854757,0.01115988940000534,-0.006802640855312347,0.06698255240917206,0.09734544903039932,-0.05501444265246391,0.2583538889884949,0.9998292922973633,-0.0022345143370330334,0.004909056704491377,0.017671262845396996,-0.10250347852706909,-1.0736819505691528,0.10819875448942184,0.03531628102064133,0.9993761777877808,0.09734544903039932,-0.05501444265246391,0.2583538889884949,0.011159889692099769,-0.006802640933292506,1.0669825509963833,0.9998293027352808,-0.00223451429880363,0.00490905685349034,0.017671261939655833,0.052705888311798635,-0.027803877758243202,-0.009576324101859915,-0.10250348164126809,-1.0736819515055152,0.10819875089756552,-0.044639558768399076,0.027210563733170025,-0.26793020398553313,position_error,position_error,position_error,-0.04676079819091496,0.02831343158627679,-0.26728015364868973,0.09985255877961907,-0.055741890667059285,0.24681539149014217,0.01169019954772874,-0.007078357896569198,1.0668200384121724,0.9998308265893106,-0.0017070592974233515,-0.0019167998686053537,0.018213457347659393,0.053091760588704115,-0.027428459080782498,-0.02046476215854757,0.12488005082279115,-1.4168729491177927,0.10518879944048987,0.07247148780337247,0.13879745772417246,0.14359202156207077,0.07161445386728213,0.09298767101444702,0.09069543845431298,0.0973941472072435,0.10033157887401939,0.0001392113696783781,0.004889721572399139,3.3570490777492524e-05,0.4264754209568978,0.0004964767103350395,-0.00018489477874240054,-3.832482693452537e-06,0.3814088355500229,1472.801348251757,1453.7250638269009,1509.0553977577822,1532.9364561665777,-0.028657144360201607,-0.00036997764673203914,-3.952903908723005e-05,-0.0020341886645629855,-0.0013275541543228567,-0.0,-0.0,0.0,-0.032428393864906715,0.00465168144938184,0.00018676391597764074,0.0044649175334042,0.003989861900160356,0.07399552934640782,0.07399552934640782,0.07442690319010944,1.3176346362410016e-05,2.0341886645629854,0.0013275541543228567,0.42653048038482666,0.185683473944664,0.0018676391597764073,0.0267895052004252,d_final,hover
0.45,0.46,STEP,STEP,0.0,0.0,1.0,0.0,0.0,1.0,0.011690199375152588,-0.007078357972204685,0.06682004034519196,0.0998525619506836,-0.055741891264915466,0.24681539833545685,0.9998308420181274,-0.0017070593312382698,-0.0019167998107150197,0.018213456496596336,0.12488005310297012,-1.4168729782104492,0.10518880188465118,0.03642755374312401,0.999336302280426,-0.09385773539543152,0.7736127972602844,0.014899127185344696,-0.056352563202381134,-0.09385773539543152,0.7736127972602844,0.014899127185344696,-0.056352563202381134,-0.032607309810302146,False,False,0.45,absolute,0.0,0.0,0.0,0.0,0.0,0.0,0.053091760588704115,-0.027428459080782498,-0.02046476215854757,0.05226014378816423,-0.027234944980105428,-0.030522692811691492,0.011690199375152588,-0.007078357972204685,0.06682004034519196,0.0998525619506836,-0.055741891264915466,0.24681539833545685,0.9998308420181274,-0.0017070593312382698,-0.0019167998107150197,0.018213456496596336,0.12488005310297012,-1.4168729782104492,0.10518880188465118,0.03642755374312401,0.999336302280426,0.0998525619506836,-0.055741891264915466,0.24681539833545685,0.01169019954772874,-0.007078357896569198,1.0668200384121724,0.9998308265893106,-0.0017070592974233515,-0.0019167998686053537,0.018213457347659393,0.053091760588704115,-0.027428459080782498,-0.02046476215854757,0.12488005082279115,-1.4168729491177927,0.10518879944048987,-0.04676079819091496,0.02831343158627679,-0.26728015364868973,position_error,position_error,position_error,-0.04886836964375064,0.029405077524537703,-0.2662193909382893,0.10112851343191487,-0.05664002250464313,0.2356966981265978,0.01221709241093766,-0.007351269381134426,1.0665548477345723,0.9997869584962993,-0.000267410965511417,-0.00861944601546367,0.01875290010855116,0.05226014378816423,-0.027234944980105428,-0.030522692811691492,0.2934928952433583,-1.3043057963363114,0.10506752819936394,0.06392264548863755,0.14472332535644253,0.13602224899572884,0.05271329855800057,0.0874469260545726,0.0999399685856055,0.10411878069618818,0.09094169971338104,-0.0007039330154657363,0.005802095979452133,1.4899127185344697e-05,0.3973815183988095,0.00027129962487682305,0.0009075672168318144,4.0631884035390855e-06,0.38244737504974735,1426.4188091638116,1529.7653592350443,1563.411024994017,1455.7819132175748,-0.028610271626746592,-0.0003449400094302802,-0.0004461981494278097,-0.0017983908753967525,-0.0014075091493007136,-0.0,-0.0,0.0,-0.032607309810302146,0.004632846265463501,0.00020329850849139507,0.004429547756972106,0.004404499633305854,0.06898800188605604,0.06898800188605604,0.07412554024741602,0.00014873271647593657,1.7983908753967524,0.0014075091493007136,0.6106836199760437,0.031171230599284172,0.0020329850849139506,0.02657728654183264,d_final,hover
0.46,0.47000000000000003,STEP,STEP,0.0,0.0,1.0,0.0,0.0,1.0,0.012217092327773571,-0.007351269479840994,0.06655484437942505,0.10112851113080978,-0.05664002150297165,0.2356967031955719,0.9997869729995728,-0.00026741097099147737,-0.00861944630742073,0.018752900883555412,0.2934928834438324,-1.3043057918548584,0.10506752878427505,0.03750798478722572,0.9992963075637817,-0.18243393301963806,0.748767077922821,-0.002549469470977783,-0.04810698330402374,-0.18243393301963806,0.748767077922821,-0.002549469470977783,-0.04810698330402374,-0.03207635410008505,False,False,0.46,absolute,0.0,0.0,0.0,0.0,0.0,0.0,0.05226014378816423,-0.027234944980105428,-0.030522692811691492,0.05037616520479999,-0.027351324761583442,-0.04018235339100921,0.012217092327773571,-0.007351269479840994,0.06655484437942505,0.10112851113080978,-0.05664002150297165,0.2356967031955719,0.9997869729995728,-0.00026741097099147737,-0.00861944630742073,0.018752900883555412,0.2934928834438324,-1.3043057918548584,0.10506752878427505,0.03750798478722572,0.9992963075637817,0.10112851113080978,-0.05664002150297165,0.2356967031955719,0.01221709241093766,-0.007351269381134426,1.0665548477345723,0.9997869584962993,-0.000267410965511417,-0.00861944601546367,0.01875290010855116,0.05226014378816423,-0.027234944980105428,-0.030522692811691492,0.2934928952433583,-1.3043057963363114,0.10506752819936394,-0.04886836964375064,0.029405077524537703,-0.2662193909382893,position_error,position_error,position_error,-0.05091628845990039,0.03049618105173459,-0.2647650538525026,0.10129245366470038,-0.05784750581331803,0.2245827004614934,0.012729072114975098,-0.007624045262933647,1.0661912634631256,0.9997270770641712,0.0015484620043521673,-0.013069588488865242,0.01930180061242216,0.05037616520479999,-0.027351324761583442,-0.04018235339100921,0.35427423318985013,-0.7762917256801812,0.10681892132312171,0.0702341376118903,0.14986824280517053,0.1303034147547824,0.05109851317614493,0.08423159596095492,0.1085744751986847,0.10874121773540246,0.08313210461695542,-0.0013682544976472853,0.005615753084421158,-2.5494694709777834e-06,0.40150430834798817,-3.2977334081445674e-05,0.0017660526897526315,7.521429251460465e-06,0.3846793935119975,1399.0586842620387,1598.841124569588,1600.1585661815664,1389.6228203774613,-0.028489253583864452,-0.000320219422224071,-0.0010392712670832071,-0.0007395493576144054,-0.0014880604692989138,-0.0,-0.0,0.0,-0.03207635410008505,0.00460143870192441,0.0002201553430794976,0.004381283358844913,0.004900474510994858,0.0640438844448142,0.0640438844448142,0.07362301923079057,0.00034642375569440235,0.7395493576144053,0.0014880604692989138,0.5962550640106201,0.008835495449602604,0.002201553430794976,0.026287700153069478,d_final,hover
0.47000000000000003,0.48,STEP,STEP,0.0,0.0,1.0,0.0,0.0,1.0,0.012729072012007236,-0.007624045480042696,0.06619126349687576,0.1012924537062645,-0.057847507297992706,0.224582701921463,0.9997270703315735,0.0015484619652852416,-0.01306958869099617,0.019301800057291985,0.3542742431163788,-0.7762917280197144,0.10681892186403275,0.03856582194566727,0.9992560744285583,-0.24336585402488708,0.5230241417884827,-0.026827022433280945,0.022753223776817322,-0.24336585402488708,0.5230241417884827,-0.026827022433280945,0.022753223776817322,-0.03145585464189525,False,False,0.47000000000000003,absolute,0.0,0.0,0.0,0.0,0.0,0.0,0.05037616520479999,-0.027351324761583442,-0.04018235339100921,0.04792262422752867,-0.02779764275272219,-0.048363090517915874,0.012729072012007236,-0.007624045480042696,0.06619126349687576,0.1012924537062645,-0.057847507297992706,0.224582701921463,0.9997270703315735,0.0015484619652852416,-0.01306958869099617,0.019301800057291985,0.3542742431163788,-0.7762917280197144,0.10681892186403275,0.03856582194566727,0.9992560744285583,0.1012924537062645,-0.057847507297992706,0.224582701921463,0.012729072114975098,-0.007624045262933647,1.0661912634631256,0.9997270770641712,0.0015484620043521673,-0.013069588488865242,0.01930180061242216,0.05037616520479999,-0.027351324761583442,-0.04018235339100921,0.35427423318985013,-0.7762917256801812,0.10681892132312171,-0.05091628845990039,0.03049618105173459,-0.2647650538525026,position_error,position_error,position_error,-0.05287324614588478,0.031599974269602364,-0.2629548719436565,0.10079587037341345,-0.05939761702232456,0.21459178142574065,0.013218311536471196,-0.007899993567400591,1.0657387179859141,0.99970354532298,0.0030784449018076937,-0.013740899237498338,0.019862838009607874,0.04792262422752867,-0.02779764275272219,-0.048363090517915874,0.28562769141287114,0.027345124663777906,0.10857370211725968,0.09327325692691799,0.15100704341958596,0.12293578214579808,0.06971832939610671,0.08584787912286942,0.11599180013659138,0.11127764629522145,0.0806401496163803,-0.0018252439051866531,0.00392268106341362,-2.6827022433280947e-05,0.4369344118884087,-0.00035078818576355633,0.0021489270225205684,2.9318394508080358e-06,0.3937574751710625,1412.8548441706723,1656.8984011718842,1620.127225310771,1368.078560092266,-0.028300810836991083,-0.00029868758523868776,-0.0011897348092112891,-9.411918273617133e-05,-0.001572502227718022,-0.0,-0.0,0.0,-0.03145585464189525,0.0045587127006717285,0.0002371336582401782,0.00432157904243155,0.005408275379905011,0.059737517047737554,0.059737517047737554,0.07293940321074766,0.00039657826973709634,0.09411918273617133,0.001572502227718022,0.3340185880661011,0.06028314307332039,0.002371336582401782,0.025929474254589302,d_final,hover
0.48,0.49,STEP,STEP,0.0,0.0,1.0,0.0,0.0,1.0,0.013218311592936516,-0.007899994030594826,0.06573871523141861,0.10079587250947952,-0.0593976154923439,0.21459178626537323,0.9997035264968872,0.0030784448608756065,-0.013740899041295052,0.019862838089466095,0.28562769293785095,0.027345124632120132,0.10857370495796204,0.03964439779520035,0.9992138743400574,-0.22178903222084045,-0.08550874143838882,-0.07812443375587463,0.03794275224208832,-0.22178903222084045,-0.08550874143838882,-0.07812443375587463,0.03794275224208832,-0.03145064330631717,False,False,0.48,absolute,0.0,0.0,0.0,0.0,0.0,0.0,0.04792262422752867,-0.02779764275272219,-0.048363090517915874,0.0456065096588288,-0.028473911140694266,-0.05451797503319195,0.013218311592936516,-0.007899994030594826,0.06573871523141861,0.10079587250947952,-0.0593976154923439,0.21459178626537323,0.9997035264968872,0.0030784448608756065,-0.013740899041295052,0.019862838089466095,0.28562769293785095,0.027345124632120132,0.10857370495796204,0.03964439779520035,0.9992138743400574,0.10079587250947952,-0.0593976154923439,0.21459178626537323,0.013218311536471196,-0.007899993567400591,1.0657387179859141,0.99970354532298,0.0030784449018076937,-0.013740899237498338,0.019862838009607874,0.04792262422752867,-0.02779764275272219,-0.048363090517915874,0.28562769141287114,0.027345124663777906,0.10857370211725968,-0.05287324614588478,0.031599974269602364,-0.2629548719436565,position_error,position_error,position_error,-0.05473289746139985,0.032727658385961506,-0.26086635390164403,0.10033940712022865,-0.06120156952665577,0.2063483788684521,0.013683224365349963,-0.008181914596490376,1.065216588475411,0.9997314980180267,0.003701226804060979,-0.010302226396823612,0.020422950865285654,0.0456065096588288,-0.028473911140694266,-0.05451797503319195,0.09818198173185176,0.8394171516512297,0.10740469607819558,0.124141310396106,0.12164778256692255,0.09154714687688456,0.10719293628113111,0.09246220576874833,0.11701157105176864,0.10761538516422804,0.08526924805504746,-0.0016634177416563034,-0.0006413155607879162,-7.812443375587464e-05,0.4445291761210442,-0.0005865091720218922,0.001657990487076262,-1.3087175352608036e-05,0.4023584100397925,1468.4419022212066,1664.797129217111,1591.2517399261055,1407.9258883806654,-0.028060964029194363,-0.00028196641097701656,-0.0007190096915190519,-0.0007257966247627068,-0.001662906549864032,-0.0,-0.0,0.0,-0.03145064330631717,0.004507377767867881,0.0002541743554967692,0.004253203412371112,0.005862926940628739,0.056393282195403314,0.056393282195403314,0.0721180442858861,0.00023966989717301733,0.7257966247627068,0.001662906549864032,0.06404519826173782,0.3736400008201599,0.002541743554967692,0.02551922047422667,d_final,hover
0.49,0.5,STEP,STEP,0.0,0.0,1.0,0.0,0.0,1.0,0.013683224096894264,-0.008181914687156677,0.06521658599376678,0.10033940523862839,-0.06120156869292259,0.20634837448596954,0.9997314810752869,0.0037012267857789993,-0.010302226059138775,0.020422950387001038,0.09818198531866074,0.8394171595573425,0.1074046939611435,0.040767449885606766,0.9991686344146729,-0.07375970482826233,-0.7313475608825684,-0.11101660877466202,-0.08105935156345367,-0.07375970482826233,-0.7313475608825684,-0.11101660877466202,-0.08105935156345367,-0.03168583194183603,False,False,0.49,absolute,0.0,0.0,0.0,0.0,0.0,0.0,0.0456065096588288,-0.028473911140694266,-0.05451797503319195,0.04415563529334902,-0.029156962560969786,-0.06073416203252239,0.013683224096894264,-0.008181914687156677,0.06521658599376678,0.10033940523862839,-0.06120156869292259,0.20634837448596954,0.9997314810752869,0.0037012267857789993,-0.010302226059138775,0.020422950387001038,0.09818198531866074,0.8394171595573425,0.1074046939611435,0.040767449885606766,0.9991686344146729,0.10033940523862839,-0.06120156869292259,0.20634837448596954,0.013683224365349963,-0.008181914596490376,1.065216588475411,0.9997314980180267,0.003701226804060979,-0.010302226396823612,0.020422950865285654,0.0456065096588288,-0.028473911140694266,-0.05451797503319195,0.09818198173185176,0.8394171516512297,0.10740469607819558,-0.05473289746139985,0.032727658385961506,-0.26086635390164403,position_error,position_error,position_error,-0.0565187257551424,0.03388340567523664,-0.25854049526669787,0.10067436104849142,-0.06304036823620643,0.19780633323417549,0.0141296814387856,-0.00847085141880916,1.0646351238166745,0.9997670991620807,0.0030688462515517166,-0.004158135524745715,0.020953270023567217,0.04415563529334902,-0.029156962560969786,-0.06073416203252239,-0.15026647896950865,1.3007946799632542,0.10086286588283139,0.1342822848704683,0.0660552503854917,0.048886944850228736,0.13580364411208448,0.09969854410518368,0.1071093424716842,0.09584622333151852,0.09389595737088798,-0.0005531977862119674,-0.005485106706619262,-0.00011101660877466202,0.3850281242182732,-0.0006033580311915828,0.00033096042928571845,-3.2435562490867723e-05,0.39655006727927433,1527.808492048029,1587.239348366846,1496.380408227194,1480.318203465283,-0.027780227597992067,-0.000266183802337141,-0.00016024745014689206,-0.0017248201318366967,-0.0017543529595232333,-0.0,-0.0,0.0,-0.03168583194183603,0.004449102452117943,0.00027140322132110346,0.004177699230796839,0.006488487031733728,0.053236760467428194,0.053236760467428194,0.07118563923388709,5.341581671563069e-05,1.7248201318366967,0.0017543529595232333,0.5592050552368164,0.454263836145401,0.0027140322132110347,0.025066195384781033,d_final,hover
0.5,0.51,STEP,STEP,0.0,0.0,1.0,0.0,0.0,1.0,0.014129681512713432,-0.008470850996673107,0.06463512033224106,0.10067436099052429,-0.0630403682589531,0.19780632853507996,0.9997671246528625,0.003068846184760332,-0.004158135503530502,0.02095326967537403,-0.15026648342609406,1.3007947206497192,0.10086286813020706,0.04187275096774101,0.9991229772567749,0.0457521416246891,-0.9234462380409241,-0.08853905647993088,-0.14923818409442902,0.0457521416246891,-0.9234462380409241,-0.08853905647993088,-0.14923818409442902,-0.03114460882158517,False,False,0.5,absolute,0.0,0.0,0.0,0.0,0.0,0.0,0.04415563529334902,-0.029156962560969786,-0.06073416203252239,0.043879424942780285,-0.029599945181787688,-0.06914793664977383,0.014129681512713432,-0.008470850996673107,0.06463512033224106,0.10067436099052429,-0.0630403682589531,0.19780632853507996,0.9997671246528625,0.003068846184760332,-0.004158135503530502,0.02095326967537403,-0.15026648342609406,1.3007947206497192,0.10086286813020706,0.04187275096774101,0.9991229772567749,0.10067436099052429,-0.0630403682589531,0.19780632853507996,0.0141296814387856,-0.00847085141880916,1.0646351238166745,0.9997670991620807,0.0030688462515517166,-0.004158135524745715,0.020953270023567217,0.04415563529334902,-0.029156962560969786,-0.06073416203252239,-0.15026647896950865,1.3007946799632542,0.10086286588283139,-0.0565187257551424,0.03388340567523664,-0.25854049526669787,position_error,position_error,position_error,-0.058274670665755986,0.0350614080965279,-0.2559176690037628,0.10215409560853628,-0.06466135327831558,0.18676973235398897,0.014568667666438996,-0.008765352024131975,1.0639794172509407,0.9997675774600625,0.0012798538190497203,0.002006182527957295,0.021427278537050346,0.043879424942780285,-0.029599945181787688,-0.06914793664977383,-0.3731302867831442,1.194821505479461,0.0899283704048729,0.13055549066579017,0.04006106933259024,0.03746108077862189,0.14286106717578326,0.10511275086432205,0.09333904728418621,0.08386489795179683,0.10232962302811538,0.00034314106218516824,-0.00692584678530693,-8.853905647993088e-05,0.35093870795278553,-0.00043335603429571316,-0.0010690796451489444,-3.974466768732533e-05,0.3846463191284205,1571.35323494396,1475.7120712709088,1395.916316233956,1549.057023142932,-0.027450969727440804,-0.0002474974139048089,-3.397676480170366e-05,-0.0015749117526747535,-0.0018372531627630976,-0.0,-0.0,0.0,-0.03114460882158517,0.004382443305452067,0.00028907747368209956,0.004093365831769968,0.007582997830995059,0.04949948278096178,0.04949948278096178,0.07011909288723307,1.1325588267234554e-05,1.5749117526747534,0.0018372531627630976,0.8849574327468872,0.05633857473731041,0.0028907747368209957,0.02456019499061981,d_final,hover
0.51,0.52,STEP,STEP,0.0,0.0,1.0,0.0,0.0,1.0,0.014568667858839035,-0.008765351958572865,0.06397941708564758,0.10215409845113754,-0.06466135382652283,0.1867697387933731,0.9997676014900208,0.0012798538664355874,0.002006182447075844,0.021427279338240623,-0.37313029170036316,1.1948214769363403,0.08992837369441986,0.0428500659763813,0.9990814924240112,0.16365396976470947,-0.8844895958900452,-0.05399712175130844,-0.12866240739822388,0.16365396976470947,-0.8844895958900452,-0.05399712175130844,-0.12866240739822388,-0.029956732080841087,False,False,0.51,absolute,0.0,0.0,0.0,0.0,0.0,0.0,0.043879424942780285,-0.029599945181787688,-0.06914793664977383,0.044531049505061114,-0.029642629155896195,-0.07952639654757035,0.014568667858839035,-0.008765351958572865,0.06397941708564758,0.10215409845113754,-0.06466135382652283,0.1867697387933731,0.9997676014900208,0.0012798538664355874,0.002006182447075844,0.021427279338240623,-0.37313029170036316,1.1948214769363403,0.08992837369441986,0.0428500659763813,0.9990814924240112,0.10215409845113754,-0.06466135382652283,0.1867697387933731,0.014568667666438996,-0.008765352024131975,1.0639794172509407,0.9997675774600625,0.0012798538190497203,0.002006182527957295,0.021427278537050346,0.043879424942780285,-0.029599945181787688,-0.06914793664977383,-0.3731302867831442,1.194821505479461,0.0899283704048729,-0.058274670665755986,0.0350614080965279,-0.2559176690037628,position_error,position_error,position_error,-0.060043356931165213,0.036247852998230475,-0.2529072917409163,0.10457440643622633,-0.06589048215412667,0.17338089519334596,0.015010839232791303,-0.009061963249557619,1.063226822935229,0.9997456439163929,-0.0011880555674192636,0.005497417121353789,0.021840659311468627,0.044531049505061114,-0.029642629155896195,-0.07952639654757035,-0.49807357962716176,0.5642862941567325,0.07824989855735642,0.12626249150504235,0.036992515410280695,0.04980559437677304,0.14816599500879202,0.10886429069196608,0.08178499650985704,0.07722618480940358,0.11029222373799369,0.001227404773235321,-0.006633671969175339,-5.399712175130844e-05,0.3612265963008881,-0.00011069221482722666,-0.0021264382521287684,-3.556126379409771e-05,0.3781676957492204,1601.1305930755013,1378.0041036048574,1338.188230683677,1612.3850800262526,-0.027060231554987248,-0.0002266914846901918,-0.00018979842622457812,-0.0005726193591199896,-0.0019073912558190801,-0.0,-0.0,0.0,-0.029956732080841087,0.004305075610891849,0.0003074444724090395,0.003997631138482809,0.0091861475811376,0.045338296938038355,0.045338296938038355,0.06888120977426958,6.326614207485938e-05,0.5726193591199896,0.0019073912558190801,0.8285741806030273,0.017034970223903656,0.003074444724090395,0.023985786830896853,d_final,hover
0.52,0.53,STEP,STEP,0.0,0.0,1.0,0.0,0.0,1.0,0.015010839328169823,-0.0090619632974267,0.06322682648897171,0.10457440465688705,-0.06589048355817795,0.17338089644908905,0.9997456669807434,-0.0011880556121468544,0.005497416947036982,0.021840659901499748,-0.4980735778808594,0.5642862915992737,0.07824990153312683,0.04365980997681618,0.9990464448928833,0.28833088278770447,-0.5450350046157837,-0.0075217969715595245,-0.012483645230531693,0.28833088278770447,-0.5450350046157837,-0.0075217969715595245,-0.012483645230531693,-0.029360773455943297,False,False,0.52,absolute,0.0,0.0,0.0,0.0,0.0,0.0,0.044531049505061114,-0.029642629155896195,-0.07952639654757035,0.045492135772067205,-0.02923477658521325,-0.08947576999906336,0.015010839328169823,-0.0090619632974267,0.06322682648897171,0.10457440465688705,-0.06589048355817795,0.17338089644908905,0.9997456669807434,-0.0011880556121468544,0.005497416947036982,0.021840659901499748,-0.4980735778808594,0.5642862915992737,0.07824990153312683,0.04365980997681618,0.9990464448928833,0.10457440465688705,-0.06589048355817795,0.17338089644908905,0.015010839232791303,-0.009061963249557619,1.063226822935229,0.9997456439163929,-0.0011880555674192636,0.005497417121353789,0.021840659311468627,0.044531049505061114,-0.029642629155896195,-0.07952639654757035,-0.49807357962716176,0.5642862941567325,0.07824989855735642,-0.060043356931165213,0.036247852998230475,-0.2529072917409163,position_error,position_error,position_error,-0.06184791895882842,0.03742517874044898,-0.24948238271684176,0.10734005473089563,-0.06665995532566224,0.16000661271777838,0.015461979739707105,-0.009356294685112246,1.0623705956792104,0.9997368014361288,-0.0035922523312202905,0.004500256098747372,0.02220745983882735,0.045492135772067205,-0.02923477658521325,-0.08947576999906336,-0.47354975843123215,-0.38494859301850864,0.06817783412314571,0.11812634285544876,0.06094924418357559,0.09089849794368941,0.14934189240202045,0.11052714945958261,0.07784867083947694,0.07964813687535657,0.11713980810655947,0.0021624816209077835,-0.004087762534618377,-7.521796971559524e-06,0.4193159773847342,0.000297410668162391,-0.0024808656479930143,-2.859036410991745e-05,0.3851637652809756,1614.232622125455,1343.6718414494792,1359.4389645495582,1665.7890490969664,-0.02660667790933499,-0.00020783776553534036,-0.00019893949059282318,-0.0003770830100429309,-0.0019702352804372115,-0.0,-0.0,0.0,-0.029360773455943297,0.0042167042730853165,0.00032661306770577264,0.0038900912053795437,0.010930119996016816,0.04156755310706807,0.04156755310706807,0.06746726836936506,6.631316353094105e-05,0.3770830100429309,0.0019702352804372115,0.38041025400161743,0.14643120765686035,0.0032661306770577266,0.023340547232277263,d_final,hover
0.53,0.54,STEP,STEP,0.0,0.0,1.0,0.0,0.0,1.0,0.015461979433894157,-0.009356294758617878,0.06237059459090233,0.10734005272388458,-0.06665995717048645,0.16000661253929138,0.9997367858886719,-0.003592252265661955,0.004500255919992924,0.022207459434866905,-0.4735497534275055,-0.38494858145713806,0.06817783415317535,0.04437275975942612,0.9990150332450867,0.25633034110069275,0.23079241812229156,0.05571388453245163,0.13750919699668884,0.25633034110069275,0.23079241812229156,0.05571388453245163,0.13750919699668884,-0.030285355419975568,False,False,0.53,absolute,0.0,0.0,0.0,0.0,0.0,0.0,0.045492135772067205,-0.02923477658521325,-0.08947576999906336,0.04593930641833072,-0.028435139477052323,-0.09622053520750544,0.015461979433894157,-0.009356294758617878,0.06237059459090233,0.10734005272388458,-0.06665995717048645,0.16000661253929138,0.9997367858886719,-0.003592252265661955,0.004500255919992924,0.022207459434866905,-0.4735497534275055,-0.38494858145713806,0.06817783415317535,0.04437275975942612,0.9990150332450867,0.10734005272388458,-0.06665995717048645,0.16000661253929138,0.015461979739707105,-0.009356294685112246,1.0623705956792104,0.9997368014361288,-0.0035922523312202905,0.004500256098747372,0.02220745983882735,0.045492135772067205,-0.02923477658521325,-0.08947576999906336,-0.47354975843123215,-0.38494859301850864,0.06817783412314571,-0.06184791895882842,0.03742517874044898,-0.24948238271684176,position_error,position_error,position_error,-0.06368138649490222,0.038576417579017266,-0.2457282051802112,0.10962069291323295,-0.06701155705606959,0.14950766997270576,0.015920346623725556,-0.009644104394754317,1.0614320512950528,0.999731713572969,-0.005170502642328936,-0.0011727367492928764,0.022547537945364085,0.04593930641833072,-0.028435139477052323,-0.09622053520750544,-0.30211656308616286,-1.2978563046937188,0.060775648282003894,0.10008912686329154,0.11987887328737608,0.1517567933061207,0.12258760504155615,0.10861233739480813,0.08503057394467552,0.091673160227461,0.1181223224033527,0.0019224775582551955,0.0017309431359171868,5.571388453245163e-05,0.49431239849834446,0.0005710741580049741,-0.0017688433755080899,-1.703234843100903e-05,0.40343839397029735,1599.140327723469,1405.8895315065763,1461.880659746641,1673.378952361835,-0.026108043419872887,-0.00019429894237261845,-0.0001686564543448352,-0.0017793990847483284,-0.002034957518636898,-0.0,-0.0,0.0,-0.030285355419975568,0.004120363112514488,0.00034646618619648924,0.003773896926317999,0.012177368426895496,0.03885978847452369,0.03885978847452369,0.06592580980023181,5.621881811494507e-05,1.7793990847483283,0.002034957518636898,0.1409832090139389,0.6294288039207458,0.0034646618619648926,0.022643381557907995,d_final,hover
0.54,0.55,STEP,STEP,0.0,0.0,1.0,0.0,0.0,1.0,0.015920346602797508,-0.009644104167819023,0.06143205240368843,0.10962069034576416,-0.06701155751943588,0.14950767159461975,0.999731719493866,-0.005170502699911594,-0.0011727367527782917,0.022547537460923195,-0.3021165728569031,-1.297856330871582,0.060775648802518845,0.045095205307006836,0.9989826679229736,0.11061140894889832,0.7086979746818542,0.06150878593325615,0.07999579608440399,0.11061140894889832,0.7086979746818542,0.06150878593325615,0.07999579608440399,-0.031962321415607266,False,False,0.54,absolute,0.0,0.0,0.0,0.0,0.0,0.0,0.04593930641833072,-0.028435139477052323,-0.09622053520750544,0.0450643618485745,-0.0274347188849101,-0.10006227775358614,0.015920346602797508,-0.009644104167819023,0.06143205240368843,0.10962069034576416,-0.06701155751943588,0.14950767159461975,0.999731719493866,-0.005170502699911594,-0.0011727367527782917,0.022547537460923195,-0.3021165728569031,-1.297856330871582,0.060775648802518845,0.045095205307006836,0.9989826679229736,0.10962069034576416,-0.06701155751943588,0.14950767159461975,0.015920346623725556,-0.009644104394754317,1.0614320512950528,0.999731713572969,-0.005170502642328936,-0.0011727367492928764,0.022547537945364085,0.04593930641833072,-0.028435139477052323,-0.09622053520750544,-0.30211656308616286,-1.2978563046937188,0.060775648282003894,-0.06368138649490222,0.038576417579017266,-0.2457282051802112,position_error,position_error,position_error,-0.0655031881434155,0.03969004561806359,-0.24178055311650226,0.11056754999199,-0.0671247645029737,0.14171827536291612,0.016375797035853876,-0.009922511404515897,1.0604451382791256,0.9996743302414809,-0.005505000851795916,-0.009866918465640567,0.022881703211533187,0.0450643618485745,-0.0274347188849101,-0.10006227775358614,-0.05617186114867109,-1.8201036311739016,0.05724905533367179,0.07552681985241014,0.14551880505446685,0.16242853640212995,0.08208153673319514,0.10233618269794226,0.0952715803727382,0.10365783228787451,0.11129981920230314,0.0008295855671167373,0.005315234810113907,6.150878593325615e-05,0.46555569804220204,0.0006134053050713237,-0.0005199514625672135,-3.429664459993968e-06,0.4125654145608581,1549.1097882915753,1491.6585905028608,1559.7201293221046,1620.3012027598422,-0.02558791806081795,-0.00018407493346325106,-0.0007659666863152354,-0.0033192099605339254,-0.0021051517744769027,-0.0,-0.0,0.0,-0.031962321415607266,0.00402023770271484,0.00036662296113222864,0.0036536147415826108,0.01279591993834912,0.03681498669265021,0.03681498669265021,0.06432380324343744,0.00025532222877174514,3.3192099605339256,0.0021051517744769027,0.5246703624725342,0.2529691159725189,0.003666229611322286,0.021921688449495665,d_final,hover
0.55,0.56,STEP,STEP,0.0,0.0,1.0,0.0,0.0,1.0,0.016375796869397163,-0.00992251094430685,0.060445137321949005,0.11056754738092422,-0.06712476164102554,0.14171826839447021,0.9996743202209473,-0.005505000706762075,-0.009866918437182903,0.022881703451275826,-0.05617186054587364,-1.820103645324707,0.057249054312705994,0.04586583748459816,0.9989476203918457,-0.005931373685598373,0.8294667601585388,0.030769772827625275,-0.01838552951812744,-0.005931373685598373,0.8294667601585388,0.030769772827625275,-0.01838552951812744,-0.03306601733389566,False,False,0.55,absolute,0.0,0.0,0.0,0.0,0.0,0.0,0.0450643618485745,-0.0274347188849101,-0.10006227775358614,0.04246053048848095,-0.026499877804001006,-0.10332652416133477,0.016375796869397163,-0.00992251094430685,0.060445137321949005,0.11056754738092422,-0.06712476164102554,0.14171826839447021,0.9996743202209473,-0.005505000706762075,-0.009866918437182903,0.022881703451275826,-0.05617186054587364,-1.820103645324707,0.057249054312705994,0.04586583748459816,0.9989476203918457,0.11056754738092422,-0.06712476164102554,0.14171826839447021,0.016375797035853876,-0.009922511404515897,1.0604451382791256,0.9996743302414809,-0.005505000851795916,-0.009866918465640567,0.022881703211533187,0.0450643618485745,-0.0274347188849101,-0.10006227775358614,-0.05617186114867109,-1.8201036311739016,0.05724905533367179,-0.0655031881434155,0.03969004561806359,-0.24178055311650226,position_error,position_error,position_error,-0.0672488861834191,0.040764385799688274,-0.2377008231529807,0.10970941667190004,-0.06726426360368928,0.13437429899164594,0.016812221545854773,-0.010191096449922069,1.0594252057882452,0.9995377955182196,-0.0046282862037269135,-0.019061459269251575,0.02322574149345913,0.04246053048848095,-0.026499877804001006,-0.10332652416133477,0.17851490563955497,-1.8218469785979474,0.05735414903454243,0.06171130484993508,0.1471003359870789,0.14906126098834666,0.058492133415575714,0.09447349556114926,0.10418982827461172,0.11155460980985804,0.10092503635172335,-4.44853026419878e-05,0.006221000701189041,3.0769772827625276e-05,0.4163650352409363,0.0004884760758293812,0.0007193295126968172,5.424650023352928e-06,0.41114296999734234,1485.085728553442,1563.979476949863,1622.2996769493038,1537.734769074801,-0.0250532228994369,-0.00017308544747065717,-0.002308561575941674,-0.0033542834833734454,-0.002176863927672984,-0.0,-0.0,0.0,-0.03306601733389566,0.003917864323133805,0.0003865092401585177,0.0035313550829752876,0.013181510768253104,0.034617089494131434,0.034617089494131434,0.06268582917014089,0.0007695205253138913,3.3542834833734454,0.002176863927672984,0.6893351078033447,0.03879109397530556,0.003865092401585177,0.021188130497851725,d_final,hover
0.56,0.5700000000000001,STEP,STEP,0.0,0.0,1.0,0.0,0.0,1.0,0.016812222078442574,-0.010191095992922783,0.05942520499229431,0.10970941931009293,-0.06726426631212234,0.13437430560588837,0.9995377659797668,-0.0046282862313091755,-0.019061459228396416,0.02322574146091938,0.17851491272449493,-1.8218469619750977,0.0573541484773159,0.04663994908332825,0.9989117383956909,-0.11053842306137085,0.8463677167892456,0.010320931673049927,-0.03536643832921982,-0.11053842306137085,0.8463677167892456,0.010320931673049927,-0.03536643832921982,-0.03301544127298602,False,False,0.56,absolute,0.0,0.0,0.0,0.0,0.0,0.0,0.04246053048848095,-0.026499877804001006,-0.10332652416133477,0.03825219117566288,-0.025845122868045006,-0.10708889483911231,0.016812222078442574,-0.010191095992922783,0.05942520499229431,0.10970941931009293,-0.06726426631212234,0.13437430560588837,0.9995377659797668,-0.0046282862313091755,-0.019061459228396416,0.02322574146091938,0.17851491272449493,-1.8218469619750977,0.0573541484773159,0.04663994908332825,0.9989117383956909,0.10970941931009293,-0.06726426631212234,0.13437430560588837,0.016812221545854773,-0.010191096449922069,1.0594252057882452,0.9995377955182196,-0.0046282862037269135,-0.019061459269251575,0.02322574149345913,0.04246053048848095,-0.026499877804001006,-0.10332652416133477,0.17851490563955497,-1.8218469785979474,0.05735414903454243,-0.0672488861834191,0.040764385799688274,-0.2377008231529807,position_error,position_error,position_error,-0.06885078587811487,0.04180753456942019,-0.2334792335020719,0.10710297705377775,-0.0676526574374652,0.12639033866295957,0.017212696469528718,-0.010451883642355048,1.058369808375518,0.9993717662957121,-0.0029086298667883943,-0.026292911774726157,0.023585915154882328,0.03825219117566288,-0.025845122868045006,-0.10708889483911231,0.33922884473198306,-1.3401297821943436,0.059778298417875256,0.06337941236245082,0.1522823607728266,0.14142664334758853,0.0507861643525242,0.08852832606334717,0.1125425549898946,0.11682917810818347,0.09098429816061324,-0.0008290381729602813,0.006347757875919342,1.0320931673049926e-05,0.40787458083539013,0.00023838445384594554,0.0017627687942444303,1.0874067064875373e-05,0.4088843573220385,1435.5452482606909,1630.036386667232,1663.3857932711662,1456.1375246540686,-0.024497395093022685,-0.00016011223729735333,-0.004198664023773041,-0.0019145974871841913,-0.0022446724317087535,-0.0,-0.0,0.0,-0.03301544127298602,0.003812553321220143,0.00040551879142545545,0.003407034529794688,0.01359923190366626,0.032022447459470665,0.032022447459470665,0.06100085313952229,0.0013995546745910138,1.9145974871841913,0.0022446724317087535,0.7299143671989441,0.011934783309698105,0.004055187914254554,0.02044220717876813,d_final,hover
0.5700000000000001,0.58,STEP,STEP,0.0,0.0,1.0,0.0,0.0,1.0,0.017212696373462677,-0.010451884008944035,0.05836980789899826,0.10710297524929047,-0.06765265762805939,0.12639033794403076,0.9993717670440674,-0.0029086298309266567,-0.026292912662029266,0.023585915565490723,0.3392288386821747,-1.3401297330856323,0.05977829918265343,0.04736025258898735,0.9988778829574585,-0.20842242240905762,0.7650545835494995,-0.0008734613656997681,0.03195603936910629,-0.20842242240905762,0.7650545835494995,-0.0008734613656997681,0.03195603936910629,-0.03200130921283581,False,False,0.5700000000000001,absolute,0.0,0.0,0.0,0.0,0.0,0.0,0.03825219117566288,-0.025845122868045006,-0.10708889483911231,0.03292968342452759,-0.02557033045556925,-0.11036946081908273,0.017212696373462677,-0.010451884008944035,0.05836980789899826,0.10710297524929047,-0.06765265762805939,0.12639033794403076,0.9993717670440674,-0.0029086298309266567,-0.026292912662029266,0.023585915565490723,0.3392288386821747,-1.3401297330856323,0.05977829918265343,0.04736025258898735,0.9988778829574585,0.10710297524929047,-0.06765265762805939,0.12639033794403076,0.017212696469528718,-0.010451883642355048,1.058369808375518,0.9993717662957121,-0.0029086298667883943,-0.026292911774726157,0.023585915154882328,0.03825219117566288,-0.025845122868045006,-0.10708889483911231,0.33922884473198306,-1.3401297821943436,0.059778298417875256,-0.06885078587811487,0.04180753456942019,-0.2334792335020719,position_error,position_error,position_error,-0.07025560097623094,0.042833488995059316,-0.22911333700126502,0.10318528440075853,-0.06840381945062857,0.11874387618218228,0.017563900244057736,-0.010708372248764829,1.0572783342503163,0.9992752049315198,-0.0009452296009301169,-0.029565357043557686,0.023959570383412458,0.03292968342452759,-0.02557033045556925,-0.11036946081908273,0.38173521018298245,-0.4794653962213528,0.06335885564841699,0.08082703179677345,0.1620476262857505,0.1398673543615217,0.058793807240507555,0.08711498156892493,0.12118111204357582,0.12092513954019292,0.08479316747701862,-0.0015631681680679322,0.005737909376621246,-8.734613656997681e-07,0.4415358196845532,-9.113764507644997e-05,0.0024818539152248087,1.2271099035829022e-05,0.4140144006297123,1423.609902436165,1696.8987664540518,1694.9367268008941,1403.8620885678224,-0.023916443726958996,-0.00014713196781534525,-0.005250022776669123,-0.0003796231814562216,-0.002308087559936127,-0.0,-0.0,0.0,-0.03200130921283581,0.00370396740249228,0.0004231598280013281,0.003280807574490952,0.013919623731541658,0.02942639356306905,0.02942639356306905,0.05926347843987648,0.001750007592223041,0.3796231814562216,0.002308087559936127,0.6297703385353088,0.020850732922554016,0.004231598280013281,0.019684845446945713,d_final,hover
0.58,0.59,STEP,STEP,0.0,0.0,1.0,0.0,0.0,1.0,0.017563899978995323,-0.010708372108638287,0.057278335094451904,0.10318528115749359,-0.06840381771326065,0.11874387413263321,0.9992752075195312,-0.0009452296071685851,-0.02956535667181015,0.02395956963300705,0.3817352056503296,-0.47946539521217346,0.0633588582277298,0.04802408069372177,0.998846173286438,-0.27883875370025635,0.34565746784210205,-0.03899392485618591,0.13533668220043182,-0.27883875370025635,0.34565746784210205,-0.03899392485618591,0.13533668220043182,-0.030855550998170913,False,False,0.58,absolute,0.0,0.0,0.0,0.0,0.0,0.0,0.03292968342452759,-0.02557033045556925,-0.11036946081908273,0.027231313101740796,-0.02565395080777225,-0.11122965170485657,0.017563899978995323,-0.010708372108638287,0.057278335094451904,0.10318528115749359,-0.06840381771326065,0.11874387413263321,0.9992752075195312,-0.0009452296071685851,-0.02956535667181015,0.02395956963300705,0.3817352056503296,-0.47946539521217346,0.0633588582277298,0.04802408069372177,0.998846173286438,0.10318528115749359,-0.06840381771326065,0.11874387413263321,0.017563900244057736,-0.010708372248764829,1.0572783342503163,0.9992752049315198,-0.0009452296009301169,-0.029565357043557686,0.023959570383412458,0.03292968342452759,-0.02557033045556925,-0.11036946081908273,0.38173521018298245,-0.4794653962213528,0.06335885564841699,-0.07025560097623094,0.042833488995059316,-0.22911333700126502,position_error,position_error,position_error,-0.0714357964010638,0.04385732542233007,-0.22466779194147168,0.0986671095028046,-0.06951127623010232,0.11343814023661511,0.01785894910026595,-0.010964331355582517,1.056166947985368,0.9993180258419523,0.0005466166040790708,-0.027768975552713928,0.024332456398484047,0.027231313101740796,-0.02565395080777225,-0.11122965170485657,0.2832945119763242,0.5604188653508646,0.06592859159026414,0.11812174539693222,0.15806692482439424,0.12520900824608938,0.09182846263280013,0.0925155156595753,0.1276924679987356,0.12169873717800758,0.0860546424280462,-0.0020912906527519224,0.0025924310088157655,-3.8993924856185916e-05,0.49322614110021595,-0.0004403325262675507,0.002503878119835897,2.7748259201584207e-06,0.4279613632643647,1468.884542962542,1746.449195560435,1700.8629989962824,1414.613423839928,-0.023319942526355154,-0.0001371761384055899,-0.004628488757754473,-0.00039867166434613005,-0.0023712719113095668,-0.0,-0.0,0.0,-0.030855550998170913,0.0035938846710319257,0.00043915862504089994,0.0031547260459910257,0.01377170502367634,0.027435227681117978,0.027435227681117978,0.05750215473651081,0.0015428295859181576,0.39867166434613005,0.0023712719113095668,0.2170666754245758,0.1929931342601776,0.004391586250408999,0.018928356275946155,d_final,hover
0.59,0.6,STEP,STEP,0.0,0.0,1.0,0.0,0.0,1.0,0.017858948558568954,-0.010964331217110157,0.05616694688796997,0.09866710752248764,-0.069511279463768,0.11343813687562943,0.99931800365448,0.0005466166185215116,-0.027768975123763084,0.024332456290721893,0.2832944989204407,0.5604188442230225,0.06592859327793121,0.04867646470665932,0.998814582824707,-0.19948720932006836,-0.5130230188369751,-0.10787755995988846,0.05094987899065018,-0.19948720932006836,-0.5130230188369751,-0.10787755995988846,0.05094987899065018,-0.030049750112823067,False,False,0.59,absolute,0.0,0.0,0.0,0.0,0.0,0.0,0.027231313101740796,-0.02565395080777225,-0.11122965170485657,0.022184838000748407,-0.02593785056272484,-0.11048516464979823,0.017858948558568954,-0.010964331217110157,0.05616694688796997,0.09866710752248764,-0.069511279463768,0.11343813687562943,0.99931800365448,0.0005466166185215116,-0.027768975123763084,0.024332456290721893,0.2832944989204407,0.5604188442230225,0.06592859327793121,0.04867646470665932,0.998814582824707,0.09866710752248764,-0.069511279463768,0.11343813687562943,0.01785894910026595,-0.010964331355582517,1.056166947985368,0.9993180258419523,0.0005466166040790708,-0.027768975552713928,0.024332456398484047,0.027231313101740796,-0.02565395080777225,-0.11122965170485657,0.2832945119763242,0.5604188653508646,0.06592859159026414,-0.0714357964010638,0.04385732542233007,-0.22466779194147168,position_error,position_error,position_error,-0.0724002308061574,0.044890044683642945,-0.22023446924971157,0.09458506880690581,-0.07082789524636779,0.10974930459991335,0.01810005770153935,-0.011222511170910736,1.055058617312428,0.9994645160429455,0.0009378225612442423,-0.021470091340747798,0.024674619302114672,0.022184838000748407,-0.02593785056272484,-0.11048516464979823,0.06310945260096333,1.407509465747416,0.06376613894986641,0.14600480695664725,0.10067057947748717,0.070430960100789,0.1339263929604017,0.1016866626616573,0.12266392828211255,0.11178171607013868,0.0942516711399644,-0.0014961540699005127,-0.0038476726412773133,-0.00010787755995988846,0.45103273949532513,-0.0006476047380037883,0.0013614259645175065,-2.047649090026896e-05,0.4303839781538729,1543.8801124316446,1708.2429433494444,1624.079902006274,1483.255691916631,-0.02272427649994101,-0.0001300391792320106,-0.0027710660000185936,-0.0019891318196527436,-0.0024352366139787085,-0.0,-0.0,0.0,-0.030049750112823067,0.003485008186136655,0.00045355684578027023,0.0030314513403563847,0.013371910736626719,0.02600783584640212,0.02600783584640212,0.05576013097818648,0.0009236886666728646,1.9891318196527437,0.0024352366139787085,0.3172212243080139,0.7554948925971985,0.004535568457802702,0.018188708042138308,d_final,hover
0.6,0.61,STEP,STEP,0.0,0.0,1.0,0.0,0.0,1.0,0.018100056797266006,-0.011222511529922485,0.055058617144823074,0.09458506852388382,-0.0708278939127922,0.10974930226802826,0.9994645118713379,0.0009378225659020245,-0.021470092236995697,0.024674618616700172,0.06310945004224777,1.407509446144104,0.06376613676548004,0.04932808876037598,0.9987826347351074,-0.0713236927986145,-0.9065622687339783,-0.10314687341451645,-0.0807870551943779,-0.0713236927986145,-0.9065622687339783,-0.10314687341451645,-0.0807870551943779,-0.028734935128544914,False,False,0.6,absolute,0.0,0.0,0.0,0.0,0.0,0.0,0.022184838000748407,-0.02593785056272484,-0.11048516464979823,0.018642847847013356,-0.026153877449604304,-0.11116530673142794,0.018100056797266006,-0.011222511529922485,0.055058617144823074,0.09458506852388382,-0.0708278939127922,0.10974930226802826,0.9994645118713379,0.0009378225659020245,-0.021470092236995697,0.024674618616700172,0.06310945004224777,1.407509446144104,0.06376613676548004,0.04932808876037598,0.9987826347351074,0.09458506852388382,-0.0708278939127922,0.10974930226802826,0.01810005770153935,-0.011222511170910736,1.055058617312428,0.9994645160429455,0.0009378225612442423,-0.021470091340747798,0.024674619302114672,0.022184838000748407,-0.02593785056272484,-0.11048516464979823,0.06310945260096333,1.407509465747416,0.06376613894986641,-0.0724002308061574,0.044890044683642945,-0.22023446924971157,position_error,position_error,position_error,-0.07319712231073948,0.04593341605596842,-0.21580703589697947,0.09183997015775283,-0.07208729350557272,0.10464172916555153,0.01829928057768487,-0.011483354013992106,1.0539517589742449,0.9996023982815468,-4.6711624657334404e-05,-0.013131365410397382,0.024952162436598663,0.018642847847013356,-0.026153877449604304,-0.11116530673142794,-0.20904962728305918,1.7047701765375316,0.055159187657181225,0.14381060166848617,0.05633662710807875,0.040089137780855724,0.1449279058453905,0.1090203883175703,0.10946812615603899,0.09701199799585258,0.10297147256215422,-0.0005349276959896088,-0.006799217015504837,-0.00010314687341451646,0.3851642724028111,-0.0006542458276361258,-0.00019486745201253378,-3.805884168433572e-05,0.4184719850316161,1602.36298607559,1605.8950302239239,1505.9321459601238,1554.215117439752,-0.022132064669205104,-0.00012290524743146077,-0.0010346096371035536,-0.0029529856374619925,-0.0024923699373428044,-0.0,-0.0,0.0,-0.028734935128544914,0.003377523385486515,0.00046673108907150333,0.0029107922964150116,0.01338930650218827,0.024581049486292153,0.024581049486292153,0.05404037416778424,0.00034486987903451785,2.9529856374619925,0.0024923699373428044,0.8441080451011658,0.18867602944374084,0.004667310890715033,0.01746475377849007,d_final,hover
0.61,0.62,STEP,STEP,0.0,0.0,1.0,0.0,0.0,1.0,0.018299279734492302,-0.011483353562653065,0.05395175889134407,0.09183996915817261,-0.07208729535341263,0.10464172810316086,0.9996023774147034,-4.671162605518475e-05,-0.013131365180015564,0.02495216205716133,-0.20904962718486786,1.7047702074050903,0.05515918880701065,0.04990290477871895,0.99875408411026,0.04094201698899269,-0.9532840847969055,-0.06671556085348129,-0.12111043930053711,0.04094201698899269,-0.9532840847969055,-0.06671556085348129,-0.12111043930053711,-0.02654770084967828,False,False,0.61,absolute,0.0,0.0,0.0,0.0,0.0,0.0,0.018642847847013356,-0.026153877449604304,-0.11116530673142794,0.016743652523509314,-0.026041778245993585,-0.11470087907521494,0.018299279734492302,-0.011483353562653065,0.05395175889134407,0.09183996915817261,-0.07208729535341263,0.10464172810316086,0.9996023774147034,-4.671162605518475e-05,-0.013131365180015564,0.02495216205716133,-0.20904962718486786,1.7047702074050903,0.05515918880701065,0.04990290477871895,0.99875408411026,0.09183996915817261,-0.07208729535341263,0.10464172810316086,0.01829928057768487,-0.011483354013992106,1.0539517589742449,0.9996023982815468,-4.6711624657334404e-05,-0.013131365410397382,0.024952162436598663,0.018642847847013356,-0.026153877449604304,-0.11116530673142794,-0.20904962728305918,1.7047701765375316,0.055159187657181225,-0.07319712231073948,0.04593341605596842,-0.21580703589697947,position_error,position_error,position_error,-0.07389249507187395,0.04697826562173344,-0.21128478702278386,0.09063614759538327,-0.07302004386772702,0.09658390794756892,0.01847312376796849,-0.01174456640543336,1.052821196755696,0.9996641428736746,-0.0022626346864973224,-0.00580867315083145,0.02515434859311459,0.016743652523509314,-0.026041778245993585,-0.11470087907521494,-0.45126654659885657,1.388484655702368,0.043158870028935856,0.13682745984185388,0.041331232010037244,0.04005804238238212,0.14678584611545825,0.11393273900193161,0.0955047546747092,0.08541132234294771,0.11059670286266866,0.00030706512741744517,-0.007149630635976791,-6.671556085348129e-05,0.3650025803497315,-0.000474798857793069,-0.0015419505141636828,-4.0138933383441285e-05,0.40544551888225716,1640.8903959367758,1493.575659386078,1409.137153663887,1614.7793976715159,-0.021532384378206836,-0.00011437644665900674,-0.000233161196986386,-0.0021333938232623558,-0.0025343850045636955,-0.0,-0.0,0.0,-0.02654770084967828,0.003269269968502262,0.00047919114179831616,0.002790078826703946,0.014114815774668605,0.022875289331801347,0.022875289331801347,0.05230831949603619,7.7720398995462e-05,2.133393823262356,0.0025343850045636955,0.9295454621315002,0.017739731818437576,0.004791911417983161,0.016740472960223674,d_final,hover
0.62,0.63,STEP,STEP,0.0,0.0,1.0,0.0,0.0,1.0,0.018473124131560326,-0.011744566261768341,0.05282119661569595,0.09063614904880524,-0.07302004098892212,0.09658391028642654,0.9996641278266907,-0.002262634690850973,-0.005808673333376646,0.025154348462820053,-0.4512665569782257,1.3884845972061157,0.043158870190382004,0.050321415066719055,0.9987331032752991,0.17764398455619812,-0.8901726603507996,-0.02943716198205948,-0.07391522824764252,0.17764398455619812,-0.8901726603507996,-0.02943716198205948,-0.07391522824764252,-0.02445193536483982,False,False,0.62,absolute,0.0,0.0,0.0,0.0,0.0,0.0,0.016743652523509314,-0.026041778245993585,-0.11470087907521494,0.01599504178829666,-0.025428953927376426,-0.12004684738406177,0.018473124131560326,-0.011744566261768341,0.05282119661569595,0.09063614904880524,-0.07302004098892212,0.09658391028642654,0.9996641278266907,-0.002262634690850973,-0.005808673333376646,0.025154348462820053,-0.4512665569782257,1.3884845972061157,0.043158870190382004,0.050321415066719055,0.9987331032752991,0.09063614904880524,-0.07302004098892212,0.09658391028642654,0.01847312376796849,-0.01174456640543336,1.052821196755696,0.9996641428736746,-0.0022626346864973224,-0.00580867315083145,0.02515434859311459,0.016743652523509314,-0.026041778245993585,-0.11470087907521494,-0.45126654659885657,1.388484655702368,0.043158870028935856,-0.07389249507187395,0.04697826562173344,-0.21128478702278386,position_error,position_error,position_error,-0.07454179553220144,0.04800699463270856,-0.20657185500525177,0.09053683732049811,-0.073435948560085,0.08652500762119,0.01863544888305036,-0.01200174865817714,1.051642963751313,0.9996641602493901,-0.005193701516397545,-0.0021030425237187544,0.02530156891545793,0.01599504178829666,-0.025428953927376426,-0.12004684738406177,-0.5885890350930413,0.5763020392697663,0.031895032379570885,0.13369901044621943,0.041758911877083124,0.058123206904154505,0.15501905664872173,0.11745264990095915,0.0846315813914805,0.08019369089465023,0.1183615438383606,0.0013323298841714857,-0.006676294952630997,-2.943716198205948e-05,0.3886001858761788,-0.000124767673358605,-0.0025098133179774977,-3.1759899539336484e-05,0.4006394660254505,1668.2076397304647,1402.4810595683548,1364.194823114219,1675.2243053694515,-0.020915193489384934,-0.00010538167198382388,-0.00018838393978799705,-0.0006795783857887425,-0.002563397877894323,-0.0,-0.0,0.0,-0.02445193536483982,0.0031583176309462626,0.0004913219259268397,0.0026669957050194227,0.015313718626502206,0.021076334396764776,0.021076334396764776,0.0505330820951402,6.279464659599902e-05,0.6795783857887425,0.002563397877894323,0.8302947878837585,0.02628754824399948,0.0049132192592683975,0.016001974230116536,d_final,hover
0.63,0.64,STEP,STEP,0.0,0.0,1.0,0.0,0.0,1.0,0.018635448068380356,-0.012001748196780682,0.05164296552538872,0.09053684026002884,-0.0734359472990036,0.08652500808238983,0.9996641874313354,-0.005193701479583979,-0.0021030425559729338,0.02530156821012497,-0.5885890126228333,0.5763020515441895,0.03189503401517868,0.05060838162899017,0.9987185597419739,0.339497447013855,-0.4998767375946045,0.019737549126148224,0.07222951948642731,0.339497447013855,-0.4998767375946045,0.019737549126148224,0.07222951948642731,-0.024011657547129497,False,False,0.63,absolute,0.0,0.0,0.0,0.0,0.0,0.0,0.01599504178829666,-0.025428953927376426,-0.12004684738406177,0.015540552347771904,-0.024243033643925653,-0.12431220050524026,0.018635448068380356,-0.012001748196780682,0.05164296552538872,0.09053684026002884,-0.0734359472990036,0.08652500808238983,0.9996641874313354,-0.005193701479583979,-0.0021030425559729338,0.02530156821012497,-0.5885890126228333,0.5763020515441895,0.03189503401517868,0.05060838162899017,0.9987185597419739,0.09053684026002884,-0.0734359472990036,0.08652500808238983,0.01863544888305036,-0.01200174865817714,1.051642963751313,0.9996641602493901,-0.005193701516397545,-0.0021030425237187544,0.02530156891545793,0.01599504178829666,-0.025428953927376426,-0.12004684738406177,-0.5885890350930413,0.5763020392697663,0.031895032379570885,-0.07454179553220144,0.04800699463270856,-0.20657185500525177,position_error,position_error,position_error,-0.0751713469676507,0.048997513658393374,-0.20165998404199037,0.0907118993154226,-0.07324054730231902,0.0773477835367501,0.018792836741912674,-0.012249378414598344,1.0504149960104976,0.9996378600572093,-0.008021291545491738,-0.0036210681429866185,0.02543020817235318,0.015540552347771904,-0.024243033643925653,-0.12431220050524026,-0.5588914785690985,-0.5106507373615323,0.023347877618357084,0.12475432272814344,0.0700724697639697,0.10774336700256679,0.15910240024853378,0.11876738367949445,0.08192245684482194,0.08498928299920427,0.125528506788024,0.0025462308526039124,-0.0037490755319595334,1.9737549126148223e-05,0.4616725597432137,0.0003474671461902493,-0.002735916645293568,-2.1944123907634565e-05,0.41120763031154467,1678.3526212756171,1379.1926534647841,1405.5370447769133,1730.056388358687,-0.020282210779953035,-9.787753032301274e-05,-0.0004647195153235788,-0.0005736689837743115,-0.00259318073775556,-0.0,-0.0,0.0,-0.024011657547129497,0.003044889807090699,0.0005032179843522108,0.002541671822738488,0.01628275664198941,0.01957550606460255,0.01957550606460255,0.04871823691345118,0.0001549065051078596,0.5736689837743115,0.00259318073775556,0.37074193358421326,0.20230388641357422,0.0050321798435221075,0.015250030936430929,d_final,hover
0.64,0.65,STEP,STEP,0.0,0.0,1.0,0.0,0.0,1.0,0.018792835995554924,-0.012249378487467766,0.05041499435901642,0.09071189910173416,-0.07324054837226868,0.0773477852344513,0.9996378421783447,-0.008021291345357895,-0.0036210680846124887,0.025430208072066307,-0.5588914752006531,-0.5106507539749146,0.023347876965999603,0.050901275128126144,0.9987037181854248,0.29402685165405273,0.3516502380371094,0.07957251369953156,0.2249443382024765,0.29402685165405273,0.3516502380371094,0.07957251369953156,0.2249443382024765,-0.025963281540619366,False,False,0.64,absolute,0.0,0.0,0.0,0.0,0.0,0.0,0.015540552347771904,-0.024243033643925653,-0.12431220050524026,0.014334896489931482,-0.022537666502207704,-0.12468144556332122,0.018792835995554924,-0.012249378487467766,0.05041499435901642,0.09071189910173416,-0.07324054837226868,0.0773477852344513,0.9996378421783447,-0.008021291345357895,-0.0036210680846124887,0.025430208072066307,-0.5588914752006531,-0.5106507539749146,0.023347876965999603,0.050901275128126144,0.9987037181854248,0.09071189910173416,-0.07324054837226868,0.0773477852344513,0.018792836741912674,-0.012249378414598344,1.0504149960104976,0.9996378600572093,-0.008021291545491738,-0.0036210681429866185,0.02543020817235318,0.015540552347771904,-0.024243033643925653,-0.12431220050524026,-0.5588914785690985,-0.5106507373615323,0.023347877618357084,-0.0751713469676507,0.048997513658393374,-0.20165998404199037,position_error,position_error,position_error,-0.07576814485683288,0.04992772006305051,-0.196663407370397,0.09010304134676436,-0.07246538656525822,0.07198196180707578,0.01894203621420822,-0.012481930015762628,1.0491658518425993,0.9995716632762821,-0.00987858378222503,-0.010242482556746486,0.025573328070847712,0.014334896489931482,-0.022537666502207704,-0.12468144556332122,-0.3598070390380943,-1.4960745980335404,0.018302937776561213,0.10361397676393459,0.13421445160784895,0.17209903082536565,0.1281025099040891,0.11597711269309713,0.09080562327696418,0.09948927092914242,0.12599409857514524,0.0022052013874053955,0.00263737678527832,7.957251369953155e-05,0.5380299691012382,0.0006611608986025726,-0.00182701618973181,-7.920029085427011e-06,0.43226610547434896,1656.784497742764,1454.6455854436929,1526.111040881101,1733.5895076535728,-0.019649679053038237,-9.275596567792176e-05,-0.0012149691988061723,-0.002368035305753833,-0.002637842017343203,-0.0,-0.0,0.0,-0.025963281540619366,0.0029318803002671917,0.0005145993128587717,0.00241728098740842,0.01625889853650122,0.01855119313558435,0.01855119313558435,0.04691008480427507,0.0004049897329353908,2.368035305753833,0.002637842017343203,0.26704141497612,0.7540677785873413,0.005145993128587717,0.014503685924450522,d_final,hover
0.65,0.66,STEP,STEP,0.0,0.0,1.0,0.0,0.0,1.0,0.018942035734653473,-0.01248192973434925,0.04916585236787796,0.09010303765535355,-0.07246538996696472,0.07198195904493332,0.999571681022644,-0.009878584183752537,-0.010242482647299767,0.025573328137397766,-0.3598070442676544,-1.4960745573043823,0.01830293796956539,0.0513373501598835,0.998681366443634,0.12427747249603271,0.7863104343414307,0.06851103901863098,0.12292371690273285,0.12427747249603271,0.7863104343414307,0.06851103901863098,0.12292371690273285,-0.028935069956670077,False,False,0.65,absolute,0.0,0.0,0.0,0.0,0.0,0.0,0.014334896489931482,-0.022537666502207704,-0.12468144556332122,0.011463975552492173,-0.020562951873504303,-0.12213485705010471,0.018942035734653473,-0.01248192973434925,0.04916585236787796,0.09010303765535355,-0.07246538996696472,0.07198195904493332,0.999571681022644,-0.009878584183752537,-0.010242482647299767,0.025573328137397766,-0.3598070442676544,-1.4960745573043823,0.01830293796956539,0.0513373501598835,0.998681366443634,0.09010303765535355,-0.07246538996696472,0.07198195904493332,0.01894203621420822,-0.012481930015762628,1.0491658518425993,0.9995716632762821,-0.00987858378222503,-0.010242482556746486,0.025573328070847712,0.014334896489931482,-0.022537666502207704,-0.12468144556332122,-0.3598070390380943,-1.4960745980335404,0.018302937776561213,-0.07576814485683288,0.04992772006305051,-0.196663407370397,position_error,position_error,position_error,-0.07627898014481148,0.05078214919026944,-0.1917318089767015,0.08774295569730366,-0.07134510106377374,0.06959695192659679,0.01906974503620287,-0.01269553729756736,1.0479329522441754,0.9994162044283503,-0.010297338600234608,-0.019952210697568074,0.025751202536229045,0.011463975552492173,-0.020562951873504303,-0.12213485705010471,-0.07570193330645751,-2.0208694944196086,0.017562334053048627,0.07634669644723042,0.15398138983233076,0.17293005525476854,0.08376151691703677,0.10842044791720826,0.10154716740435875,0.11201399524488916,0.11797202080546518,0.0009320810437202453,0.00589732825756073,6.851103901863099e-05,0.48701965845136647,0.0007077505577662759,-0.00045365082622595993,5.436614416504592e-06,0.43995363137192134,1597.6236203706464,1542.7556229431027,1625.8996041058763,1672.2190028126784,-0.01903372589525146,-8.816342718886053e-05,-0.0030247553638081894,-0.004089952731759491,-0.0026984725386620784,-0.0,-0.0,0.0,-0.028935069956670077,0.002822399753862105,0.0005248318430197079,0.002297567910842397,0.015471181031869705,0.017632685437772105,0.017632685437772105,0.04515839606179368,0.0010082517879360631,4.089952731759491,0.0026984725386620784,0.6535329818725586,0.2282748967409134,0.0052483184301970786,0.013785407465054383,d_final,hover
0.66,0.67,STEP,STEP,0.0,0.0,1.0,0.0,0.0,1.0,0.019069744274020195,-0.012695536948740482,0.047932952642440796,0.08774295449256897,-0.07134509831666946,0.06959695369005203,0.9994162321090698,-0.010297338478267193,-0.019952211529016495,0.025751203298568726,-0.07570192962884903,-2.020869493484497,0.01756233349442482,0.051923464983701706,0.9986510872840881,-7.697567343711853e-05,0.8743323087692261,0.027401059865951538,0.011436089873313904,-7.697567343711853e-05,0.8743323087692261,0.027401059865951538,0.011436089873313904,-0.03117466568263371,False,False,0.66,absolute,0.0,0.0,0.0,0.0,0.0,0.0,0.011463975552492173,-0.020562951873504303,-0.12213485705010471,0.006564464108662703,-0.01867098201904136,-0.11951434055945502,0.019069744274020195,-0.012695536948740482,0.047932952642440796,0.08774295449256897,-0.07134509831666946,0.06959695369005203,0.9994162321090698,-0.010297338478267193,-0.019952211529016495,0.025751203298568726,-0.07570192962884903,-2.020869493484497,0.01756233349442482,0.051923464983701706,0.9986510872840881,0.08774295449256897,-0.07134509831666946,0.06959695369005203,0.01906974503620287,-0.01269553729756736,1.0479329522441754,0.9994162044283503,-0.010297338600234608,-0.019952210697568074,0.025751202536229045,0.011463975552492173,-0.020562951873504303,-0.12213485705010471,-0.07570193330645751,-2.0208694944196086,0.017562334053048627,-0.07627898014481148,0.05078214919026944,-0.1917318089767015,position_error,position_error,position_error,-0.07662637799978753,0.051558481122933125,-0.18691224872408707,0.08319084210845024,-0.07022946314197448,0.06739790816463205,0.01915659449994688,-0.012889620280733281,1.0467280621810218,0.9991691775457541,-0.009317221202158844,-0.02999698706907384,0.025967764601316688,0.006564464108662703,-0.01867098201904136,-0.11951434055945502,0.19671461395894774,-1.9844677748823256,0.02012569020726067,0.06260736926457339,0.15303871778515438,0.15533703972445811,0.060292718162471136,0.09951934143383169,0.11045368409681018,0.11959795935430213,0.10662687569491136,-5.77317550778389e-07,0.006557492315769195,2.740105986595154e-05,0.431275844936657,0.0005745827255291,0.0008451763476273657,1.2098241518688937e-05,0.4361978605798553,1526.3550159504837,1613.6549857279267,1684.7458467315569,1583.4086679126528,-0.018432245009329478,-8.197685864445612e-05,-0.005919779064912848,-0.003977214032297745,-0.002763450717449189,-0.0,-0.0,0.0,-0.03117466568263371,0.0027166292190103224,0.0005331174238168858,0.0021835117951934367,0.014675375357950682,0.016395371728891224,0.016395371728891224,0.04346606750416516,0.0019732596883042827,3.977214032297745,0.002763450717449189,0.7653385996818542,0.03733140230178833,0.005331174238168858,0.01310107077116062,d_final,hover
0.67,0.68,STEP,STEP,0.0,0.0,1.0,0.0,0.0,1.0,0.019156593829393387,-0.012889619916677475,0.04672806337475777,0.08319084346294403,-0.07022946327924728,0.06739790737628937,0.9991691708564758,-0.009317221119999886,-0.02999698743224144,0.025967763736844063,0.1967146098613739,-1.9844677448272705,0.02012569084763527,0.05254432559013367,0.9986186027526855,-0.11523190140724182,0.8951659798622131,0.006340987980365753,-0.006691411137580872,-0.11523190140724182,0.8951659798622131,0.006340987980365753,-0.006691411137580872,-0.03184490959764061,False,False,0.67,absolute,0.0,0.0,0.0,0.0,0.0,0.0,0.006564464108662703,-0.01867098201904136,-0.11951434055945502,-0.00014524986502234506,-0.01713084200489016,-0.11793512763817635,0.019156593829393387,-0.012889619916677475,0.04672806337475777,0.08319084346294403,-0.07022946327924728,0.06739790737628937,0.9991691708564758,-0.009317221119999886,-0.02999698743224144,0.025967763736844063,0.1967146098613739,-1.9844677448272705,0.02012569084763527,0.05254432559013367,0.9986186027526855,0.08319084346294403,-0.07022946327924728,0.06739790737628937,0.01915659449994688,-0.012889620280733281,1.0467280621810218,0.9991691775457541,-0.009317221202158844,-0.02999698706907384,0.025967764601316688,0.006564464108662703,-0.01867098201904136,-0.11951434055945502,0.19671461395894774,-1.9844677748823256,0.02012569020726067,-0.07662637799978753,0.051558481122933125,-0.18691224872408707,position_error,position_error,position_error,-0.0767328992020581,0.05226694397643558,-0.18217295193945038,0.07658764933703575,-0.06939778598132575,0.06423782430127403,0.019183224800514525,-0.013066735994108895,1.0455432379848626,0.9989150092090074,-0.007341674653359372,-0.037786257872700305,0.026212647829446472,-0.00014524986502234506,-0.01713084200489016,-0.11793512763817635,0.389054863218582,-1.4411165297505042,0.02440546511700368,0.06445725285506299,0.15887110040713043,0.14718254755754231,0.05170119361147391,0.09279193370489588,0.11889629119108341,0.12449150741029982,0.09570673292562557,-0.0008642392605543136,0.006713744848966598,6.340987980365753e-06,0.4222120944312096,0.0003008715958792941,0.0019406052608298184,1.5921676971011162e-05,0.43188646523190466,1471.178371147914,1679.3456620732163,1722.174938037756,1495.2350474549191,-0.01783247618974315,-7.404109400522e-05,-0.008890208824427911,-0.0022287761656417425,-0.0028194073238225845,-0.0,-0.0,0.0,-0.03184490959764061,0.0026129222294326475,0.0005387357032868165,0.002074186526145831,0.014202181176352744,0.014808218801043998,0.014808218801043998,0.04180675567092236,0.0029634029414759705,2.2287761656417424,0.0028194073238225845,0.8146854639053345,0.014466830529272556,0.005387357032868165,0.012445119156874986,d_final,hover
0.68,0.6900000000000001,STEP,STEP,0.0,0.0,1.0,0.0,0.0,1.0,0.019183224067091942,-0.013066736049950123,0.04554323852062225,0.07658764719963074,-0.06939778476953506,0.06423782557249069,0.9989150166511536,-0.007341674529016018,-0.03778625652194023,0.026212647557258606,0.3890548646450043,-1.4411165714263916,0.02440546452999115,0.05307314544916153,0.9985906481742859,-0.22509685158729553,0.8383422493934631,-0.00042197853326797485,0.06519483029842377,-0.22509685158729553,0.8383422493934631,-0.00042197853326797485,0.06519483029842377,-0.030940993502439652,False,False,0.68,absolute,0.0,0.0,0.0,0.0,0.0,0.0,-0.00014524986502234506,-0.01713084200489016,-0.11793512763817635,-0.008093389757266745,-0.016057273266849005,-0.11626612722185503,0.019183224067091942,-0.013066736049950123,0.04554323852062225,0.07658764719963074,-0.06939778476953506,0.06423782557249069,0.9989150166511536,-0.007341674529016018,-0.03778625652194023,0.026212647557258606,0.3890548646450043,-1.4411165714263916,0.02440546452999115,0.05307314544916153,0.9985906481742859,0.07658764719963074,-0.06939778476953506,0.06423782557249069,0.019183224800514525,-0.013066735994108895,1.0455432379848626,0.9989150092090074,-0.007341674653359372,-0.037786257872700305,0.026212647829446472,-0.00014524986502234506,-0.01713084200489016,-0.11793512763817635,0.389054863218582,-1.4411165297505042,0.02440546511700368,-0.0767328992020581,0.05226694397643558,-0.18217295193945038,position_error,position_error,position_error,-0.07653905402606233,0.0529248801314207,-0.17749296705909234,0.06844566426879559,-0.06898215339826971,0.06122683983723731,0.019134763506515582,-0.013231220032855175,1.044373241764773,0.9987873606434704,-0.005033276908216068,-0.04120695430531971,0.026466228656438856,-0.008093389757266745,-0.016057273266849005,-0.11626612722185503,0.45103125054325693,-0.49360269687540753,0.029521573785216797,0.08199848340616084,0.1709544796613694,0.1470436040898872,0.0581586479917945,0.09080295478404116,0.12800493966342677,0.12851149288696453,0.0884337628065263,-0.0016882263869047165,0.006287566870450973,-4.2197853326797486e-07,0.4581552151492119,-6.585359314686002e-05,0.002732224322404571,1.7081926494252582e-05,0.4357531501409587,1454.6232962382858,1748.810397577558,1752.635083864123,1434.748657911909,-0.017225951088371102,-6.596036180556902e-05,-0.010340081757332927,-0.0004479443346480457,-0.002861055960282011,-0.0,-0.0,0.0,-0.030940993502439652,0.0025101889427231114,0.0005412043580081086,0.0019689845847150026,0.013841151321697873,0.013192072361113805,0.013192072361113805,0.04016302308356978,0.0034466939191109755,0.44794433464804567,0.002861055960282011,0.75773686170578,0.020512614399194717,0.005412043580081086,0.011813907508290016,d_final,hover
0.6900000000000001,0.7000000000000001,STEP,STEP,0.0,0.0,1.0,0.0,0.0,1.0,0.0191347636282444,-0.013231219723820686,0.04437324032187462,0.06844566762447357,-0.06898215413093567,0.06122684106230736,0.9987873435020447,-0.005033276975154877,-0.041206955909729004,0.02646622806787491,0.45103123784065247,-0.4936026930809021,0.029521573334932327,0.05346333608031273,0.9985697865486145,-0.3079221248626709,0.41418880224227905,-0.03767792880535126,0.18387721478939056,-0.3079221248626709,0.41418880224227905,-0.03767792880535126,0.18387721478939056,-0.029328937758851856,False,False,0.6900000000000001,absolute,0.0,0.0,0.0,0.0,0.0,0.0,-0.008093389757266745,-0.016057273266849005,-0.11626612722185503,-0.016468498747318306,-0.015415341608035931,-0.11222803195694131,0.0191347636282444,-0.013231219723820686,0.04437324032187462,0.06844566762447357,-0.06898215413093567,0.06122684106230736,0.9987873435020447,-0.005033276975154877,-0.041206955909729004,0.02646622806787491,0.45103123784065247,-0.4936026930809021,0.029521573334932327,0.05346333608031273,0.9985697865486145,0.06844566762447357,-0.06898215413093567,0.06122684106230736,0.019134763506515582,-0.013231220032855175,1.044373241764773,0.9987873606434704,-0.005033276908216068,-0.04120695430531971,0.026466228656438856,-0.008093389757266745,-0.016057273266849005,-0.11626612722185503,0.45103125054325693,-0.49360269687540753,0.029521573785216797,-0.07653905402606233,0.0529248801314207,-0.17749296705909234,position_error,position_error,position_error,-0.07601408187466745,0.05355058094145883,-0.17292874874395903,0.059545583127349144,-0.06896592254949475,0.06070071678701772,0.01900352046866686,-0.013387645235364707,1.0432321871859898,0.9988764604186079,-0.0031917905114922,-0.039022303521632794,0.02669998357283801,-0.016468498747318306,-0.015415341608035931,-0.11222803195694131,0.355571982407779,0.6588371538217763,0.03350777091848387,0.12215263477352989,0.16925595552359096,0.13342402609508447,0.09266379100248996,0.09627385584759217,0.13529357758625732,0.12939858328080814,0.08919574008842063,-0.0023094159364700317,0.0031064160168170927,-3.767792880535126e-05,0.5174964073946953,-0.0004586643063346665,0.0028009137831373665,7.0277414351107344e-06,0.45016175680307824,1499.8884346171033,1803.489961984678,1759.3238433936133,1441.1595362216092,-0.016617760404816977,-5.993275980768345e-05,-0.00919756619282212,-0.0005616206006413024,-0.002892057800763771,-0.0,-0.0,0.0,-0.029328937758851856,0.0024093848440354805,0.0005403628351510237,0.0018690220088844569,0.013103975364811109,0.01198655196153669,0.01198655196153669,0.03855015750456769,0.0030658553976073734,0.5616206006413024,0.002892057800763771,0.30159884691238403,0.20223967730998993,0.005403628351510237,0.011214132053306741,d_final,hover
0.7000000000000001,0.71,STEP,STEP,0.0,0.0,1.0,0.0,0.0,1.0,0.019003519788384438,-0.013387645594775677,0.04323218762874603,0.05954558402299881,-0.06896591931581497,0.06070071831345558,0.9988764524459839,-0.0031917905434966087,-0.039022304117679596,0.026699984446167946,0.355571985244751,0.6588371396064758,0.03350777179002762,0.05375193804502487,0.9985543489456177,-0.2320472002029419,-0.5119474530220032,-0.11384900659322739,0.08760569989681244,-0.2320472002029419,-0.5119474530220032,-0.11384900659322739,0.08760569989681244,-0.027725660772319367,False,False,0.7000000000000001,absolute,0.0,0.0,0.0,0.0,0.0,0.0,-0.016468498747318306,-0.015415341608035931,-0.11222803195694131,-0.024055248939158384,-0.01503412308397874,-0.10662094491906317,0.019003519788384438,-0.013387645594775677,0.04323218762874603,0.05954558402299881,-0.06896591931581497,0.06070071831345558,0.9988764524459839,-0.0031917905434966087,-0.039022304117679596,0.026699984446167946,0.355571985244751,0.6588371396064758,0.03350777179002762,0.05375193804502487,0.9985543489456177,0.05954558402299881,-0.06896591931581497,0.06070071831345558,0.01900352046866686,-0.013387645235364707,1.0432321871859898,0.9988764604186079,-0.0031917905114922,-0.039022303521632794,0.02669998357283801,-0.016468498747318306,-0.015415341608035931,-0.11222803195694131,0.355571982407779,0.6588371538217763,0.03350777091848387,-0.07601408187466745,0.05355058094145883,-0.17292874874395903,position_error,position_error,position_error,-0.07516876096119628,0.054157631388704545,-0.1685725862001597,0.05111351202203789,-0.06919175447268329,0.06195164128109652,0.01879219024029907,-0.013539407847176136,1.04214314655004,0.9991308291857459,-0.002533559097621401,-0.0317622578912682,0.02687612737265581,-0.024055248939158384,-0.01503412308397874,-0.10662094491906317,0.12045450039558576,1.6202933688053391,0.03233843941995259,0.15200519085624437,0.10728769247635181,0.07309188440472415,0.13697588221108598,0.10584604604503366,0.1300923386225502,0.11850238930286455,0.09740060118848769,-0.001740354001522064,-0.0038396058976650238,-0.00011384900659322739,0.46936064994840626,-0.0007083513611006688,0.0016032813928618921,-1.8678356511049794e-05,0.45184137515893613,1577.198133551365,1764.5468298637752,1676.310309270254,1509.108112180365,-0.016020888595626514,-5.619047927828381e-05,-0.006091559688315415,-0.002640905662324223,-0.002916116346774931,-0.0,-0.0,0.0,-0.027725660772319367,0.002312506780017908,0.0005364619788797663,0.0017760448011381418,0.012172705753863006,0.011238095855656762,0.011238095855656762,0.03700010848028653,0.002030519896105138,2.640905662324223,0.002916116346774931,0.33657246828079224,0.8785555958747864,0.005364619788797664,0.01065626880682885,d_final,hover
0.71,0.72,STEP,STEP,0.0,0.0,1.0,0.0,0.0,1.0,0.01879218965768814,-0.013539407402276993,0.04214314743876457,0.05111351236701012,-0.06919175386428833,0.061951640993356705,0.9991308450698853,-0.002533558988943696,-0.0317622572183609,0.02687612734735012,0.12045449763536453,1.620293378829956,0.03233844041824341,0.05397483706474304,0.998542308807373,-0.10121631622314453,-0.8760232329368591,-0.10185854882001877,-0.058024756610393524,-0.10121631622314453,-0.8760232329368591,-0.10185854882001877,-0.058024756610393524,-0.025488435347009335,False,False,0.71,absolute,0.0,0.0,0.0,0.0,0.0,0.0,-0.024055248939158384,-0.01503412308397874,-0.10662094491906317,-0.029777375981255856,-0.014625247377525201,-0.1026857525435775,0.01879218965768814,-0.013539407402276993,0.04214314743876457,0.05111351236701012,-0.06919175386428833,0.061951640993356705,0.9991308450698853,-0.002533558988943696,-0.0317622572183609,0.02687612734735012,0.12045449763536453,1.620293378829956,0.03233844041824341,0.05397483706474304,0.998542308807373,0.05111351236701012,-0.06919175386428833,0.061951640993356705,0.01879219024029907,-0.013539407847176136,1.04214314655004,0.9991308291857459,-0.002533559097621401,-0.0317622578912682,0.02687612737265581,-0.024055248939158384,-0.01503412308397874,-0.10662094491906317,0.12045450039558576,1.6202933688053391,0.03233843941995259,-0.07516876096119628,0.054157631388704545,-0.1685725862001597,position_error,position_error,position_error,-0.07406231916954309,0.054749783117246105,-0.16441152180387864,0.04428494318828723,-0.06937503049477131,0.06172576926030114,0.018515579792385772,-0.013687445779311526,1.0411028804509697,0.9993894240960431,-0.0034072686650782934,-0.021958215083147863,0.02696305464121931,-0.029777375981255856,-0.014625247377525201,-0.1026857525435775,-0.18248184111899832,2.0177986956958254,0.024154714264555687,0.1466758298854086,0.06233259545320348,0.04302292904111603,0.14451406731507518,0.11297929584825886,0.11672067372840325,0.10302274294052996,0.10554885070703987,-0.0007591223716735839,-0.006570174247026443,-0.00010185854882001877,0.3965454216948033,-0.0007469937309730577,4.2965874867547174e-05,-3.722886474112662e-05,0.43827156322423194,1633.4503675153003,1662.5459095636108,1554.6267196198532,1574.8307315770173,-0.015438409358298195,-5.292060820058107e-05,-0.0029626361363628406,-0.004105394648911157,-0.0029290745952365604,-0.0,-0.0,0.0,-0.025488435347009335,0.002219619648376501,0.0005301728670097973,0.0016894467813667038,0.011644953756623713,0.010584121640116214,0.010584121640116214,0.035513914374024014,0.0009875453787876135,4.105394648911156,0.0029290745952365604,0.7914034724235535,0.17101989686489105,0.005301728670097972,0.010136680688200223,d_final,hover
0.72,0.73,STEP,STEP,0.0,0.0,1.0,0.0,0.0,1.0,0.018515579402446747,-0.013687445782124996,0.041102878749370575,0.044284943491220474,-0.06937503069639206,0.06172576919198036,0.9993894100189209,-0.003407268552109599,-0.021958215162158012,0.02696305513381958,-0.18248184025287628,2.017798662185669,0.02415471337735653,0.05409450829029083,0.9985358119010925,0.016019050031900406,-0.9035458564758301,-0.059787653386592865,-0.11181209236383438,0.016019050031900406,-0.9035458564758301,-0.059787653386592865,-0.11181209236383438,-0.022470138758428265,False,False,0.72,absolute,0.0,0.0,0.0,0.0,0.0,0.0,-0.029777375981255856,-0.014625247377525201,-0.1026857525435775,-0.03337625279158808,-0.013887611566501243,-0.1020741325900037,0.018515579402446747,-0.013687445782124996,0.041102878749370575,0.044284943491220474,-0.06937503069639206,0.06172576919198036,0.9993894100189209,-0.003407268552109599,-0.021958215162158012,0.02696305513381958,-0.18248184025287628,2.017798662185669,0.02415471337735653,0.05409450829029083,0.9985358119010925,0.044284943491220474,-0.06937503069639206,0.06172576919198036,0.018515579792385772,-0.013687445779311526,1.0411028804509697,0.9993894240960431,-0.0034072686650782934,-0.021958215083147863,0.02696305464121931,-0.029777375981255856,-0.014625247377525201,-0.1026857525435775,-0.18248184111899832,2.0177986956958254,0.024154714264555687,-0.07406231916954309,0.054749783117246105,-0.16441152180387864,position_error,position_error,position_error,-0.07277846253534243,0.05531855503734764,-0.16032974751804563,0.03940220974375434,-0.06920616660384887,0.05825561492804193,0.018194615633835606,-0.01382963875933691,1.0400824368795114,0.999539840317523,-0.005722575540357339,-0.01266698414818673,0.026961217698674846,-0.03337625279158808,-0.013887611566501243,-0.1020741325900037,-0.46661932690118496,1.8045629724877053,0.012433407066008657,0.13696529121608902,0.04616149256271137,0.04282795493650517,0.14369701510277727,0.11723540024560179,0.10238805732443643,0.0908015468831865,0.11222502224143412,0.00012014287523925304,-0.006776593923568725,-5.9787653386592866e-05,0.36965175381808285,-0.0005867829909877395,-0.0012823547802686456,-3.906222667626844e-05,0.42265002669465884,1666.5282639611864,1549.527024907209,1454.6115363343379,1627.5518781343335,-0.014862639939967785,-4.8678721496674e-05,-0.0011592021493530599,-0.003474335707522646,-0.002925282240088101,-0.0,-0.0,0.0,-0.022470138758428265,0.0021289046924767847,0.0005223029462767687,0.001606601746200016,0.011725968549431665,0.0097357442993348,0.0097357442993348,0.034062475079628556,0.00038640071645101994,3.474335707522646,0.002925282240088101,0.8327282071113586,0.019164662808179855,0.005223029462767688,0.009639610477200097,d_final,hover
0.73,0.74,STEP,STEP,0.0,0.0,1.0,0.0,0.0,1.0,0.018194615840911865,-0.013829639181494713,0.04008243605494499,0.03940220922231674,-0.06920616328716278,0.05825561657547951,0.999539852142334,-0.005722575355321169,-0.012666984461247921,0.02696121856570244,-0.4666193127632141,1.8045629262924194,0.01243340689688921,0.05405951291322708,0.9985377192497253,0.1518712341785431,-0.8845655918121338,-0.019816666841506958,-0.08596109598875046,0.1518712341785431,-0.8845655918121338,-0.019816666841506958,-0.08596109598875046,-0.01959168283813341,False,False,0.73,absolute,0.0,0.0,0.0,0.0,0.0,0.0,-0.03337625279158808,-0.013887611566501243,-0.1020741325900037,-0.03530766840427706,-0.012598500192717148,-0.10412166321523446,0.018194615840911865,-0.013829639181494713,0.04008243605494499,0.03940220922231674,-0.06920616328716278,0.05825561657547951,0.999539852142334,-0.005722575355321169,-0.012666984461247921,0.02696121856570244,-0.4666193127632141,1.8045629262924194,0.01243340689688921,0.05405951291322708,0.9985377192497253,0.03940220922231674,-0.06920616328716278,0.05825561657547951,0.018194615633835606,-0.01382963875933691,1.0400824368795114,0.999539840317523,-0.005722575540357339,-0.01266698414818673,0.026961217698674846,-0.03337625279158808,-0.013887611566501243,-0.1020741325900037,-0.46661932690118496,1.8045629724877053,0.012433407066008657,-0.07277846253534243,0.05531855503734764,-0.16032974751804563,position_error,position_error,position_error,-0.07139290401301408,0.05584512326264319,-0.1562042605897691,0.036085235608737026,-0.06844362345536034,0.05208259737453465,0.01784822600325352,-0.013961280815660797,1.0390510651474423,0.9995763579067963,-0.008995636896478995,-0.006496342952713103,0.026906890545950177,-0.03530766840427706,-0.012598500192717148,-0.10412166321523446,-0.6523605060657348,1.090804260499673,0.0017284672738613963,0.13366763700702405,0.04151245758100736,0.0559529193963349,0.15144423802125853,0.12017177232577224,0.08998634324004824,0.08405544476832545,0.11910867424645778,0.0011390342563390732,-0.0066342419385910035,-1.981666684150696e-05,0.3825772520056248,-0.00024727274806192164,-0.0023065127735251404,-2.8914734330905546e-05,0.4133222345806037,1689.1556484901578,1447.792295513042,1397.549757255776,1680.9811184750918,-0.014284679469668219,-4.3496353849575493e-05,-0.0007387437295953567,-0.001615431152197697,-0.0029093321328225626,-0.0,-0.0,0.0,-0.01959168283813341,0.0020384622226267343,0.0005134765334769534,0.0015249856891497808,0.012246674405958988,0.008699270769915099,0.008699270769915099,0.03261539556202775,0.0002462479098651189,1.615431152197697,0.0029093321328225626,0.8133031725883484,0.021082021296024323,0.005134765334769534,0.009149914134898685,d_final,hover
0.74,0.75,STEP,STEP,0.0,0.0,1.0,0.0,0.0,1.0,0.017848225310444832,-0.013961280696094036,0.03905106335878372,0.03608523681759834,-0.06844362616539001,0.052082598209381104,0.9995763301849365,-0.00899563729763031,-0.006496342830359936,0.02690689079463482,-0.6523604989051819,1.0908042192459106,0.0017284672940149903,0.053912073373794556,0.9985457062721252,0.3295972943305969,-0.6933730244636536,0.01979943737387657,0.024919763207435608,0.3295972943305969,-0.6933730244636536,0.01979943737387657,0.024919763207435608,-0.01817912138488468,False,False,0.74,absolute,0.0,0.0,0.0,0.0,0.0,0.0,-0.03530766840427706,-0.012598500192717148,-0.10412166321523446,-0.036427024103641306,-0.010637302160379824,-0.10645171170851621,0.017848225310444832,-0.013961280696094036,0.03905106335878372,0.03608523681759834,-0.06844362616539001,0.052082598209381104,0.9995763301849365,-0.00899563729763031,-0.006496342830359936,0.02690689079463482,-0.6523604989051819,1.0908042192459106,0.0017284672940149903,0.053912073373794556,0.9985457062721252,0.03608523681759834,-0.06844362616539001,0.052082598209381104,0.01784822600325352,-0.013961280815660797,1.0390510651474423,0.9995763579067963,-0.008995636896478995,-0.006496342952713103,0.026906890545950177,-0.03530766840427706,-0.012598500192717148,-0.10412166321523446,-0.6523605060657348,1.090804260499673,0.0017284672738613963,-0.07139290401301408,0.05584512326264319,-0.1562042605897691,position_error,position_error,position_error,-0.06995274117238366,0.05630419805760225,-0.15198077216233763,0.033525717068742356,-0.06694150021798208,0.04552906045382142,0.017488185293095915,-0.014076049514400562,1.0379951930405844,0.9995483453763663,-0.012398711061652669,-0.0053083739009537915,0.02685513704872693,-0.036427024103641306,-0.010637302160379824,-0.10645171170851621,-0.6686103211994803,0.03558964454573199,-0.005514469247071949,0.12963003648943017,0.05441939676781599,0.0910454236199941,0.1629228247264776,0.12187226956312187,0.08308213789630317,0.08530871067862876,0.1268066232602113,0.002471979707479477,-0.005200297683477402,1.9799437373876572e-05,0.43801768160371785,0.00025317455567971806,-0.0028385838044022254,-1.608421863369706e-05,0.41706974139826514,1702.190988782857,1389.1930065941706,1408.2623977225871,1739.7472694372302,-0.013701526112922767,-3.8390167511075916e-05,-0.001091441216776054,-0.00044833679378444066,-0.002899427093890342,-0.0,-0.0,0.0,-0.01817912138488468,0.0019476064889687862,0.0005039717947775126,0.0014436346941912738,0.012772047207971534,0.007678033502215183,0.007678033502215183,0.03116170382350058,0.0003638137389253513,0.44833679378444063,0.002899427093890342,0.590413510799408,0.08200515061616898,0.005039717947775126,0.008661808165147642,d_final,hover
0.75,0.76,STEP,STEP,0.0,0.0,1.0,0.0,0.0,1.0,0.017488185316324234,-0.01407604943960905,0.037995193153619766,0.03352571651339531,-0.06694149971008301,0.04552906006574631,0.9995483160018921,-0.012398711405694485,-0.005308373831212521,0.026855137199163437,-0.6686103343963623,0.03558964282274246,-0.005514469463378191,0.05382031202316284,0.9985506534576416,0.42025673389434814,0.012039209716022015,0.06952901184558868,0.21713657677173615,0.42025673389434814,0.012039209716022015,0.06952901184558868,0.21713657677173615,-0.019323313228219563,False,False,0.75,absolute,0.0,0.0,0.0,0.0,0.0,0.0,-0.036427024103641306,-0.010637302160379824,-0.10645171170851621,-0.037811880771684854,-0.00799715711023817,-0.10564131054510127,0.017488185316324234,-0.01407604943960905,0.037995193153619766,0.03352571651339531,-0.06694149971008301,0.04552906006574631,0.9995483160018921,-0.012398711405694485,-0.005308373831212521,0.026855137199163437,-0.6686103343963623,0.03558964282274246,-0.005514469463378191,0.05382031202316284,0.9985506534576416,0.03352571651339531,-0.06694149971008301,0.04552906006574631,0.017488185293095915,-0.014076049514400562,1.0379951930405844,0.9995483453763663,-0.012398711061652669,-0.0053083739009537915,0.02685513704872693,-0.036427024103641306,-0.010637302160379824,-0.10645171170851621,-0.6686103211994803,0.03558964454573199,-0.005514469247071949,-0.06995274117238366,0.05630419805760225,-0.15198077216233763,position_error,position_error,position_error,-0.0684651010702438,0.05666832993696044,-0.14772776606521454,0.030653220298558943,-0.06466548704719861,0.04208645552011327,0.01711627526756095,-0.01416708248424011,1.0369319415163036,0.9994817339165882,-0.01490510099710065,-0.00964153701326226,0.0268540927118864,-0.037811880771684854,-0.00799715711023817,-0.10564131054510127,-0.47782369804547353,-1.0643473517734519,-0.00913449211414797,0.1135316529552818,0.10895600580125445,0.15938400166236508,0.15225442796696675,0.12034842978732012,0.08760344460609638,0.0977369824515131,0.13133780861056069,0.003151925504207611,9.02940728701651e-05,6.952901184558868e-05,0.5341260883858681,0.0007468007188203779,-0.0023456561599352922,-5.083695408273736e-06,0.4370266654554903,1690.5121301403542,1427.7420402499617,1511.854072873739,1773.9061109842933,-0.013120540876483847,-3.446257433984935e-05,-0.0018907276302712612,-0.0013612342105871955,-0.002916347936537411,-0.0,-0.0,0.0,-0.019323313228219563,0.0018576414093138536,0.0004936731051501816,0.001363968304163672,0.012653779343024469,0.00689251486796987,0.00689251486796987,0.029722262549021657,0.0006302425434237537,1.3612342105871955,0.002916347936537411,0.22874324023723602,0.545245885848999,0.004936731051501816,0.008183809824982033,d_final,hover
0.76,0.77,STEP,STEP,0.0,0.0,1.0,0.0,0.0,1.0,0.017116274684667587,-0.014167082495987415,0.03693194314837456,0.030653219670057297,-0.06466548889875412,0.04208645597100258,0.999481737613678,-0.01490510068833828,-0.009641537442803383,0.02685409225523472,-0.4778237044811249,-1.0643473863601685,-0.00913449190557003,0.05397697538137436,0.9985421895980835,0.20458826422691345,0.7279413938522339,0.08457346260547638,0.231996551156044,0.20458826422691345,0.7279413938522339,0.08457346260547638,0.231996551156044,-0.022294001434063182,False,False,0.76,absolute,0.0,0.0,0.0,0.0,0.0,0.0,-0.037811880771684854,-0.00799715711023817,-0.10564131054510127,-0.0405369283883906,-0.004897595253008171,-0.1007590712513216,0.017116274684667587,-0.014167082495987415,0.03693194314837456,0.030653219670057297,-0.06466548889875412,0.04208645597100258,0.999481737613678,-0.01490510068833828,-0.009641537442803383,0.02685409225523472,-0.4778237044811249,-1.0643473863601685,-0.00913449190557003,0.05397697538137436,0.9985421895980835,0.030653219670057297,-0.06466548889875412,0.04208645597100258,0.01711627526756095,-0.01416708248424011,1.0369319415163036,0.9994817339165882,-0.01490510099710065,-0.00964153701326226,0.0268540927118864,-0.037811880771684854,-0.00799715711023817,-0.10564131054510127,-0.47782369804547353,-1.0643473517734519,-0.00913449211414797,-0.0684651010702438,0.05666832993696044,-0.14772776606521454,position_error,position_error,position_error,-0.06689297023701847,0.056914713131091976,-0.14360736732834756,0.026356041848627873,-0.06181230838410015,0.04284829607702596,0.016723242559254618,-0.014228678282772994,1.035901841832087,0.9993499351392467,-0.015736368497897252,-0.018085140406476085,0.02692585263570791,-0.0405369283883906,-0.004897595253008171,-0.1007590712513216,-0.14227065469180328,-1.8095231289110856,-0.008847291442796772,0.08949318041613565,0.15958478692029568,0.1884038357066697,0.10407427253492102,0.1145586371245777,0.09973014215948581,0.11305636113063754,0.12627048548737427,0.0015344119817018507,0.005459560453891754,8.457346260547638e-05,0.541556075578022,0.0008852208705917419,-0.0009914468061232515,9.589361413629661e-06,0.4536156259020753,1645.7649155269394,1528.0646934944257,1634.0523928033522,1735.6852626886098,-0.012554874755320312,-3.1756894432011e-05,-0.003448233582141402,-0.0032946931678164734,-0.002964443034352984,-0.0,-0.0,0.0,-0.022294001434063182,0.0017710643743065048,0.00048212212737032076,0.0012889422469361841,0.011819619441856697,0.0063513788864022,0.0063513788864022,0.028337029988904076,0.001149411194047134,3.2946931678164733,0.002964443034352984,0.6327300667762756,0.5594760179519653,0.004821221273703207,0.007733653481617105,d_final,hover
0.77,0.78,STEP,STEP,0.0,0.0,1.0,0.0,0.0,1.0,0.01672324165701866,-0.014228678308427334,0.03590184077620506,0.026356041431427002,-0.06181230768561363,0.04284829646348953,0.9993499517440796,-0.015736369416117668,-0.018085140734910965,0.02692585252225399,-0.14227065443992615,-1.809523105621338,-0.008847291581332684,0.05441980063915253,0.998518168926239,0.02492469921708107,0.9225642681121826,0.04160221666097641,0.0826776772737503,0.02492469921708107,0.9225642681121826,0.04160221666097641,0.0826776772737503,-0.024973516830686753,False,False,0.77,absolute,0.0,0.0,0.0,0.0,0.0,0.0,-0.0405369283883906,-0.004897595253008171,-0.1007590712513216,-0.04522409844731087,-0.0017856733344289518,-0.09446954573965123,0.01672324165701866,-0.014228678308427334,0.03590184077620506,0.026356041431427002,-0.06181230768561363,0.04284829646348953,0.9993499517440796,-0.015736369416117668,-0.018085140734910965,0.02692585252225399,-0.14227065443992615,-1.809523105621338,-0.008847291581332684,0.05441980063915253,0.998518168926239,0.026356041431427002,-0.06181230768561363,0.04284829646348953,0.016723242559254618,-0.014228678282772994,1.035901841832087,0.9993499351392467,-0.015736368497897252,-0.018085140406476085,0.02692585263570791,-0.0405369283883906,-0.004897595253008171,-0.1007590712513216,-0.14227065469180328,-1.8095231289110856,-0.008847291442796772,-0.06689297023701847,0.056914713131091976,-0.14360736732834756,position_error,position_error,position_error,-0.06516557975507632,0.05703522123766172,-0.13972812365875065,0.01994148130776545,-0.05882089457209067,0.045258577919099416,0.01629139493876908,-0.01425880530941543,1.0349320309146877,0.9991353339424162,-0.014782638882177176,-0.02788368012755881,0.027065816780578653,-0.04522409844731087,-0.0017856733344289518,-0.09446954573965123,0.20490594135180903,-1.972286518731029,-0.004750380043018282,0.06822642227444609,0.16257820811557763,0.16872376713329928,0.0673682411135522,0.1056085721635292,0.1105105005883536,0.12274290771515466,0.11478034450865489,0.00018693524412810803,0.0069192320108413695,4.160221666097641e-05,0.4668966386368752,0.0007567447652299694,0.0004548241016254658,1.8180170603151634e-05,0.45364232497569235,1575.3066209287094,1614.1017267103337,1708.8461443348724,1647.489782408553,-0.012008711481975812,-2.952949595134079e-05,-0.005976156178661248,-0.003931923122879986,-0.003027196551218368,-0.0,-0.0,0.0,-0.024973516830686753,0.001688969861727459,0.0004687230779027644,0.0012202467838246945,0.010972902781885414,0.005905899190268158,0.005905899190268158,0.027023517787639343,0.0019920520595537493,3.9319231228799856,0.003027196551218368,0.8603124022483826,0.09429971873760223,0.004687230779027644,0.007321480702948167,d_final,hover
0.78,0.79,STEP,STEP,0.0,0.0,1.0,0.0,0.0,1.0,0.01629139482975006,-0.01425880566239357,0.034932032227516174,0.019941480830311775,-0.05882089585065842,0.04525857791304588,0.9991353154182434,-0.014782639220356941,-0.027883680537343025,0.027065817266702652,0.2049059420824051,-1.9722864627838135,-0.004750379826873541,0.05499221011996269,0.9984867572784424,-0.1153041422367096,0.9585477113723755,0.008173517882823944,0.019713662564754486,-0.1153041422367096,0.9585477113723755,0.008173517882823944,0.019713662564754486,-0.02601839289794259,False,False,0.78,absolute,0.0,0.0,0.0,0.0,0.0,0.0,-0.04522409844731087,-0.0017856733344289518,-0.09446954573965123,-0.05181585020124505,0.0009274213838546091,-0.08905198623435444,0.01629139482975006,-0.01425880566239357,0.034932032227516174,0.019941480830311775,-0.05882089585065842,0.04525857791304588,0.9991353154182434,-0.014782639220356941,-0.027883680537343025,0.027065817266702652,0.2049059420824051,-1.9722864627838135,-0.004750379826873541,0.05499221011996269,0.9984867572784424,0.019941480830311775,-0.05882089585065842,0.04525857791304588,0.01629139493876908,-0.01425880530941543,1.0349320309146877,0.9991353339424162,-0.014782638882177176,-0.02788368012755881,0.027065816780578653,-0.04522409844731087,-0.0017856733344289518,-0.09446954573965123,0.20490594135180903,-1.972286518731029,-0.004750380043018282,-0.06516557975507632,0.05703522123766172,-0.13972812365875065,position_error,position_error,position_error,-0.06320382399704103,0.057039790819154924,-0.13608358654848107,0.011387973795795973,-0.05611236943530031,0.047031600314126634,0.015800955999260256,-0.014259947704788731,1.0340208966371203,0.998896999892718,-0.012458605464389661,-0.03615267310925787,0.027249788664596226,-0.05181585020124505,0.0009274213838546091,-0.08905198623435444,0.467040954864334,-1.563091795053114,0.001452641742916469,0.0644774887853986,0.16545979527292043,0.1539178334115833,0.05155951381247497,0.09766798592679632,0.12005848140638299,0.12826758384039938,0.10212832746392533,-0.0008647810667753219,0.007189107835292816,8.173517882823944e-06,0.4354146312823773,0.00044792819159984645,0.0017157693768710264,2.226763972751095e-05,0.44812237863750404,1511.2910793661458,1688.285449884202,1750.7939465780187,1547.4373257685177,-0.011474691638300408,-2.7451276894625584e-05,-0.008773395738373062,-0.0026613853234509883,-0.0030814689209235084,-0.0,-0.0,0.0,-0.02601839289794259,0.0016104377270274891,0.0004530163190338681,0.0011574214079936211,0.01061599869478475,0.005490255378925116,0.005490255378925116,0.025767003632439826,0.002924465246124354,2.6613853234509883,0.0030814689209235084,0.9325641989707947,0.026040880009531975,0.004530163190338681,0.006944528447961727,d_final,hover
0.79,0.8,STEP,STEP,0.0,0.0,1.0,0.0,0.0,1.0,0.01580095663666725,-0.014259947463870049,0.03402089700102806,0.01138797402381897,-0.056112367659807205,0.047031600028276443,0.9988970160484314,-0.01245860569179058,-0.0361526720225811,0.027249788865447044,0.4670409560203552,-1.56309175491333,0.0014526417944580317,0.05548247694969177,0.9984596371650696,-0.23978379368782043,0.9358278512954712,-0.0031808242201805115,0.05771232396364212,-0.23978379368782043,0.9358278512954712,-0.0031808242201805115,0.05771232396364212,-0.025227977141202708,False,False,0.79,absolute,0.0,0.0,0.0,0.0,0.0,0.0,-0.05181585020124505,0.0009274213838546091,-0.08905198623435444,-0.05977261387870267,0.0030411845455367344,-0.08423814329305528,0.01580095663666725,-0.014259947463870049,0.03402089700102806,0.01138797402381897,-0.056112367659807205,0.047031600028276443,0.9988970160484314,-0.01245860569179058,-0.0361526720225811,0.027249788865447044,0.4670409560203552,-1.56309175491333,0.0014526417944580317,0.05548247694969177,0.9984596371650696,0.01138797402381897,-0.056112367659807205,0.047031600028276443,0.015800955999260256,-0.014259947704788731,1.0340208966371203,0.998896999892718,-0.012458605464389661,-0.03615267310925787,0.027249788664596226,-0.05181585020124505,0.0009274213838546091,-0.08905198623435444,0.467040954864334,-1.563091795053114,0.001452641742916469,-0.06320382399704103,0.057039790819154924,-0.13608358654848107,position_error,position_error,position_error,-0.060943332831330244,0.05694992910264648,-0.13263738091708088,0.0011707189526275752,-0.05390874455710974,0.04839923762402561,0.015235833207832561,-0.01423748227566162,1.0331593452292702,0.9987603061773886,-0.009518461485574826,-0.04042371213342228,0.027444001033939548,-0.05977261387870267,0.0030411845455367344,-0.08423814329305528,0.580540820691318,-0.6763888535981027,0.008597382033103174,0.0765559529330525,0.17608418394328607,0.1503832819113782,0.05139054319410433,0.09371705483263831,0.12985157026512253,0.13221489464850233,0.09207295552685649,-0.0017983784526586532,0.007018708884716033,-3.1808242201805115e-06,0.4544139619818211,2.5428202618476333e-05,0.002696754050761269,2.3804096713620068e-05,0.44785647527311967,1478.839479739719,1762.7349777624222,1780.4839842450647,1465.2073945741784,-0.010945618207070277,-2.6250047625883236e-05,-0.010348065670188977,-0.0007946034407385279,-0.0031134397755790445,-0.0,-0.0,0.0,-0.025227977141202708,0.001534378691120598,0.0004348365150866722,0.0010995421760339257,0.010678078958793804,0.005250009525176647,0.005250009525176647,0.024550059057929566,0.003449355223396326,0.7946034407385278,0.0031134397755790445,0.9366108775138855,0.017584195360541344,0.004348365150866722,0.006597253056203555,d_final,hover
0.8,0.81,STEP,STEP,0.0,0.0,1.0,0.0,0.0,1.0,0.015235832892358303,-0.014237482100725174,0.033159345388412476,0.0011707189260050654,-0.05390874296426773,0.04839923605322838,0.9987602829933167,-0.009518461301922798,-0.040423713624477386,0.02744400128722191,0.5805408358573914,-0.6763888597488403,0.008597382344305515,0.05576925724744797,0.9984436631202698,-0.33535388112068176,0.6160750985145569,-0.03228146582841873,0.17669276893138885,-0.33535388112068176,0.6160750985145569,-0.03228146582841873,0.17669276893138885,-0.023518683430658202,False,False,0.8,absolute,0.0,0.0,0.0,0.0,0.0,0.0,-0.05977261387870267,0.0030411845455367344,-0.08423814329305528,-0.06827531845513128,0.004567425882886339,-0.07782323226459904,0.015235832892358303,-0.014237482100725174,0.033159345388412476,0.0011707189260050654,-0.05390874296426773,0.04839923605322838,0.9987602829933167,-0.009518461301922798,-0.040423713624477386,0.02744400128722191,0.5805408358573914,-0.6763888597488403,0.008597382344305515,0.05576925724744797,0.9984436631202698,0.0011707189260050654,-0.05390874296426773,0.04839923605322838,0.015235833207832561,-0.01423748227566162,1.0331593452292702,0.9987603061773886,-0.009518461485574826,-0.04042371213342228,0.027444001033939548,-0.05977261387870267,0.0030411845455367344,-0.08423814329305528,0.580540820691318,-0.6763888535981027,0.008597382033103174,-0.060943332831330244,0.05694992910264648,-0.13263738091708088,position_error,position_error,position_error,-0.05834846943139782,0.05678996001414993,-0.12941338530712088,-0.009926849023733461,-0.05222253413126359,0.05159015304252183,0.014587117357849455,-0.014197490003537483,1.0323533463267802,0.9988330635296736,-0.006889359143205136,-0.0390219795181371,0.027610379298539708,-0.06827531845513128,0.004567425882886339,-0.07782323226459904,0.5130578037876489,0.5088401306613106,0.01482742681391578,0.11222976505847077,0.18029231880788024,0.1420050320709742,0.07937706852836926,0.09699623003832447,0.13873885266737138,0.13397726278030908,0.08972545957678893,-0.002515154108405113,0.004620563238859177,-3.228146582841873e-05,0.5139041844656944,-0.00042540410012467623,0.0030403329253104075,1.4904532612371136e-05,0.45943780506279386,1505.8031937406595,1829.0886688465118,1793.6691673772978,1445.6057303345824,-0.010423961263365695,-2.7436396467909063e-05,-0.009421068929507854,-0.0005223664411847473,-0.003123850400131996,-0.0,-0.0,0.0,-0.023518683430658202,0.0014610917337528027,0.00041435271521221963,0.001046739018540583,0.01073883596945498,0.005487279293581813,0.005487279293581813,0.023377467740044844,0.003140356309835951,0.5223664411847473,0.003123850400131996,0.524273157119751,0.12637865543365479,0.004143527152122196,0.0062804341112434985,d_final,hover
0.81,0.8200000000000001,STEP,STEP,0.0,0.0,1.0,0.0,0.0,1.0,0.014587117359042168,-0.01419749017804861,0.032353345304727554,-0.00992684904485941,-0.05222253501415253,0.05159015208482742,0.9988330602645874,-0.0068893590942025185,-0.03902198001742363,0.027610380202531815,0.5130578279495239,0.5088401436805725,0.0148274265229702,0.05586232244968414,0.9984384775161743,-0.2995607554912567,-0.31218165159225464,-0.11701611429452896,0.12906710803508759,-0.2995607554912567,-0.31218165159225464,-0.11701611429452896,0.12906710803508759,-0.02204470327760746,False,False,0.81,absolute,0.0,0.0,0.0,0.0,0.0,0.0,-0.06827531845513128,0.004567425882886339,-0.07782323226459904,-0.07609519348527856,0.00566784435346016,-0.06971803198751057,0.014587117359042168,-0.01419749017804861,0.032353345304727554,-0.00992684904485941,-0.05222253501415253,0.05159015208482742,0.9988330602645874,-0.0068893590942025185,-0.03902198001742363,0.027610380202531815,0.5130578279495239,0.5088401436805725,0.0148274265229702,0.05586232244968414,0.9984384775161743,-0.00992684904485941,-0.05222253501415253,0.05159015208482742,0.014587117357849455,-0.014197490003537483,1.0323533463267802,0.9988330635296736,-0.006889359143205136,-0.0390219795181371,0.027610379298539708,-0.06827531845513128,0.004567425882886339,-0.07782323226459904,0.5130578037876489,0.5088401306613106,0.01482742681391578,-0.05834846943139782,0.05678996001414993,-0.12941338530712088,position_error,position_error,position_error,-0.055425480771964145,0.05657991178065163,-0.12649149898834455,-0.020669712713314414,-0.05091206742719147,0.05677346700083398,0.013856370192991036,-0.014144977945162908,1.0316228747470861,0.9990905835469626,-0.005440380318164298,-0.031947715402081994,0.02770833106434408,-0.07609519348527856,0.00566784435346016,-0.06971803198751057,0.2764392374664861,1.6107771557695882,0.01585818587344287,0.15004076932664098,0.1267784286294416,0.08515506641154769,0.12811708964991358,0.1061290169532014,0.1365516617443001,0.12467479743908275,0.09637543071611568,-0.002246705666184425,-0.0023413623869419095,-0.00011701611429452897,0.49009135401754383,-0.0007647445789231259,0.002076116717079795,-1.2612271724701937e-05,0.4637309068526999,1579.4503860159796,1812.8551188368324,1723.5692257544538,1500.720966718535,-0.009920831203562944,-3.121251094328314e-05,-0.00630152554451218,-0.002671273179619413,-0.0031198608389696415,-0.0,-0.0,0.0,-0.02204470327760746,0.0013920856032642536,0.0003920793959943555,0.0010000062072698982,0.010683206915388578,0.006242502188656627,0.006242502188656627,0.022273369652228057,0.0021005085148373933,2.671273179619413,0.0031198608389696415,0.21754512190818787,0.8723899126052856,0.003920793959943555,0.006000037243619389,d_final,hover
0.8200000000000001,0.8300000000000001,STEP,STEP,0.0,0.0,1.0,0.0,0.0,1.0,0.013856370002031326,-0.014144977554678917,0.03162287548184395,-0.020669713616371155,-0.05091206729412079,0.05677346885204315,0.9990906119346619,-0.005440380424261093,-0.03194771707057953,0.027708331122994423,0.27643924951553345,1.6107771396636963,0.015858186408877373,0.05582667514681816,0.9984405040740967,-0.1486651599407196,-0.798933207988739,-0.11703180521726608,-0.03522395342588425,-0.1486651599407196,-0.798933207988739,-0.11703180521726608,-0.03522395342588425,-0.02040528113838174,False,False,0.8200000000000001,absolute,0.0,0.0,0.0,0.0,0.0,0.0,-0.07609519348527856,0.00566784435346016,-0.06971803198751057,-0.0819795808591361,0.006637244041423755,-0.06301650133186364,0.013856370002031326,-0.014144977554678917,0.03162287548184395,-0.020669713616371155,-0.05091206729412079,0.05677346885204315,0.9990906119346619,-0.005440380424261093,-0.03194771707057953,0.027708331122994423,0.27643924951553345,1.6107771396636963,0.015858186408877373,0.05582667514681816,0.9984405040740967,-0.020669713616371155,-0.05091206729412079,0.05677346885204315,0.013856370192991036,-0.014144977945162908,1.0316228747470861,0.9990905835469626,-0.005440380318164298,-0.031947715402081994,0.02770833106434408,-0.07609519348527856,0.00566784435346016,-0.06971803198751057,0.2764392374664861,1.6107771557695882,0.01585818587344287,-0.055425480771964145,0.05657991178065163,-0.12649149898834455,position_error,position_error,position_error,-0.05223291967510127,0.0563300852240611,-0.1238727532645667,-0.029746661184034837,-0.049692841182637344,0.06085625193270307,0.013058229918775317,-0.014082521306015275,1.0309681883161417,0.9993715019059917,-0.005691815400916483,-0.021367244843542667,0.02770641195464639,-0.0819795808591361,0.006637244041423755,-0.06301650133186364,-0.06041737701631001,2.210771244123023,0.008878158303306547,0.14731534912213773,0.07242603514980739,0.04680640046606582,0.141398038549047,0.11332401010917588,0.1240810591800906,0.10881427030335998,0.10416830927452395,-0.001114988699555397,-0.005991999059915543,-0.00011703180521726609,0.4079458232870579,-0.0008634571237459308,0.0005445734220766883,-3.62998629699474e-05,0.45038764886715044,1636.1423318598759,1719.0507115893554,1600.7355721699537,1563.807315673668,-0.009442519874963813,-3.528862857848605e-05,-0.0029337354885720646,-0.004891238574981648,-0.003102498571285729,-0.0,-0.0,0.0,-0.02040528113838174,0.0013278634625299868,0.000368834774945973,0.0009590286875840138,0.010735784126413822,0.007057725715697209,0.007057725715697209,0.02124581540047979,0.0009779118295240214,4.8912385749816485,0.003102498571285729,0.67533278465271,0.2866881191730499,0.00368834774945973,0.005754172125504083,d_final,hover
0.8300000000000001,0.84,STEP,STEP,0.0,0.0,1.0,0.0,0.0,1.0,0.01305823028087616,-0.014082521200180054,0.030968189239501953,-0.029746660962700844,-0.04969283938407898,0.060856252908706665,0.9993715286254883,-0.005691815633326769,-0.02136724442243576,0.027706412598490715,-0.06041737645864487,2.210771322250366,0.008878158405423164,0.05567127838730812,0.9984491467475891,-0.01719912514090538,-0.8356269001960754,-0.06873906403779984,-0.11486528813838959,-0.01719912514090538,-0.8356269001960754,-0.06873906403779984,-0.11486528813838959,-0.018102420374112672,False,False,0.8300000000000001,absolute,0.0,0.0,0.0,0.0,0.0,0.0,-0.0819795808591361,0.006637244041423755,-0.06301650133186364,-0.08543279986780197,0.007826862631888013,-0.05995679502271874,0.01305823028087616,-0.014082521200180054,0.030968189239501953,-0.029746660962700844,-0.04969283938407898,0.060856252908706665,0.9993715286254883,-0.005691815633326769,-0.02136724442243576,0.027706412598490715,-0.06041737645864487,2.210771322250366,0.008878158405423164,0.05567127838730812,0.9984491467475891,-0.029746660962700844,-0.04969283938407898,0.060856252908706665,0.013058229918775317,-0.014082521306015275,1.0309681883161417,0.9993715019059917,-0.005691815400916483,-0.021367244843542667,0.02770641195464639,-0.0819795808591361,0.006637244041423755,-0.06301650133186364,-0.06041737701631001,2.210771244123023,0.008878158303306547,-0.05223291967510127,0.0563300852240611,-0.1238727532645667,position_error,position_error,position_error,-0.0488631780017977,0.05603727287075103,-0.12143824786886981,-0.03656962186600427,-0.04821041023886302,0.06148145284615107,0.012215794500449425,-0.014009318217687758,1.0303595619672175,0.9995367695081178,-0.00766509532390568,-0.010266546218840527,0.027605991083238145,-0.08543279986780197,0.007826862631888013,-0.05995679502271874,-0.3984990596368168,2.20659818987059,-0.0029733823337912274,0.1343665944006501,0.05152024376213201,0.04390986706325421,0.13832845070476893,0.11706676264629959,0.10947554764880171,0.09561876894416317,0.1101598237828657,-0.00012899343855679035,-0.0062672017514705655,-6.873906403779984e-05,0.36812515593080525,-0.0007341012346192008,-0.000782486400058866,-4.1282048656755724e-05,0.4323209030221302,1665.2240756746694,1605.9535402270296,1494.5125002999007,1611.3433363394317,-0.008985084339064385,-3.7207749714477516e-05,-0.0009849339455288966,-0.005027885913074094,-0.0030673084267308186,-0.0,-0.0,0.0,-0.018102420374112672,0.001267189635042965,0.00034548663220164855,0.0009217030028413164,0.01095484034130666,0.007441549942895503,0.007441549942895503,0.02027503416068744,0.00032831131517629887,5.027885913074094,0.0030673084267308186,0.7164871692657471,0.027304675430059433,0.0034548663220164855,0.005530218017047899,d_final,hover
0.84,0.85,STEP,STEP,0.0,0.0,1.0,0.0,0.0,1.0,0.012215794064104557,-0.014009318314492702,0.03035956248641014,-0.03656962141394615,-0.04821040853857994,0.061481453478336334,0.9995367527008057,-0.0076650953851640224,-0.010266546159982681,0.027605991810560226,-0.398499071598053,2.2065982818603516,-0.0029733823612332344,0.05535497888922691,0.9984667301177979,0.1146169900894165,-0.8290439248085022,-0.02187686786055565,-0.1185314953327179,0.1146169900894165,-0.8290439248085022,-0.02187686786055565,-0.1185314953327179,-0.015619301159786268,False,False,0.84,absolute,0.0,0.0,0.0,0.0,0.0,0.0,-0.08543279986780197,0.007826862631888013,-0.05995679502271874,-0.08673524485686855,0.009526297988549174,-0.06048418577114774,0.012215794064104557,-0.014009318314492702,0.03035956248641014,-0.03656962141394615,-0.04821040853857994,0.061481453478336334,0.9995367527008057,-0.0076650953851640224,-0.010266546159982681,0.027605991810560226,-0.398499071598053,2.2065982818603516,-0.0029733823612332344,0.05535497888922691,0.9984667301177979,-0.03656962141394615,-0.04821040853857994,0.061481453478336334,0.012215794500449425,-0.014009318217687758,1.0303595619672175,0.9995367695081178,-0.00766509532390568,-0.010266546218840527,0.027605991083238145,-0.08543279986780197,0.007826862631888013,-0.05995679502271874,-0.3984990596368168,2.20659818987059,-0.0029733823337912274,-0.0488631780017977,0.05603727287075103,-0.12143824786886981,position_error,position_error,position_error,-0.045408683741550535,0.05568538415336174,-0.11903756287768008,-0.04132656111531802,-0.04615908616481256,0.05855337710653234,0.011352170935387634,-0.013921346038340434,1.02975939071942,0.9995626296946816,-0.01093868226067421,-0.0012725270410894284,0.02744585985504639,-0.08673524485686855,0.009526297988549174,-0.06048418577114774,-0.6497868232809982,1.6958304155865007,-0.014425932652429467,0.12854084260490722,0.04244809933520271,0.052763696368263883,0.14253941402526732,0.11912530522228931,0.09578457906837232,0.08721017534173862,0.11586334793156505,0.0008596274256706237,-0.006217829436063766,-2.187686786055565e-05,0.3662920523336411,-0.0004184745437686905,-0.0018382442900850486,-3.155593182930204e-05,0.41798340756396535,1681.1091518330848,1495.874310051584,1424.4157921693766,1655.9020980828277,-0.00854048462060138,-3.6335219298842456e-05,-0.0007276445680217548,-0.0032982718216707876,-0.003016564930193503,-0.0,-0.0,0.0,-0.015619301159786268,0.001208296996456579,0.0003226756604654766,0.0008856213359911024,0.01127208978214629,0.007267043859768492,0.007267043859768492,0.019332751943305262,0.00024254818934058491,3.2982718216707876,0.003016564930193503,0.7149792313575745,0.019628331065177917,0.0032267566046547663,0.005313728015946614,d_final,hover
0.85,0.86,STEP,STEP,0.0,0.0,1.0,0.0,0.0,1.0,0.011352171190083027,-0.013921345584094524,0.029759390279650688,-0.04132656008005142,-0.046159084886312485,0.05855337530374527,0.9995626211166382,-0.010938682593405247,-0.0012725270353257656,0.02744586020708084,-0.6497868299484253,1.6958304643630981,-0.014425932429730892,0.05489565432071686,0.9984921216964722,0.28082120418548584,-0.7808340787887573,0.018180325627326965,-0.056065261363983154,0.28082120418548584,-0.7808340787887573,0.018180325627326965,-0.056065261363983154,-0.013660204379126097,False,False,0.85,absolute,0.0,0.0,0.0,0.0,0.0,0.0,-0.08673524485686855,0.009526297988549174,-0.06048418577114774,-0.08659719577864239,0.011911095331021354,-0.06300343565437777,0.011352171190083027,-0.013921345584094524,0.029759390279650688,-0.04132656008005142,-0.046159084886312485,0.05855337530374527,0.9995626211166382,-0.010938682593405247,-0.0012725270353257656,0.02744586020708084,-0.6497868299484253,1.6958304643630981,-0.014425932429730892,0.05489565432071686,0.9984921216964722,-0.04132656008005142,-0.046159084886312485,0.05855337530374527,0.011352170935387634,-0.013921346038340434,1.02975939071942,0.9995626296946816,-0.01093868226067421,-0.0012725270410894284,0.02744585985504639,-0.08673524485686855,0.009526297988549174,-0.06048418577114774,-0.6497868232809982,1.6958304155865007,-0.014425932652429467,-0.045408683741550535,0.05568538415336174,-0.11903756287768008,position_error,position_error,position_error,-0.041939373374749386,0.055249419218465386,-0.11656143373213279,-0.044657822403893,-0.04333832388744403,0.05355799807775502,0.010484843343687347,-0.013812354804616346,1.0291403584330332,0.9995128696807734,-0.014722225439480346,0.0035696775485302298,0.02728620205917678,-0.08659719577864239,0.011911095331021354,-0.06300343565437777,-0.7393531645308408,0.7958949858241334,-0.02198856465503022,0.12666389892643037,0.042312813417608064,0.07362901617258455,0.1549194408013855,0.12048266423556624,0.0849823320743123,0.08469057211147926,0.12273189337465375,0.002106159031391144,-0.0058562555909156796,1.8180325627326964e-05,0.39752516931800846,6.92063227264771e-05,-0.002600065156820667,-1.5093475265408069e-05,0.41288746179601155,1691.5425036939025,1405.4777014548868,1402.985338507749,1708.7620290923023,-0.008102093789536625,-3.37049528866373e-05,-0.0013769191181481784,-0.0011805754273373544,-0.0029669110912173037,-0.0,-0.0,0.0,-0.013660204379126097,0.0011498735747959223,0.0003007130851902731,0.0008491604896056491,0.011610381412964516,0.00674099057732746,0.00674099057732746,0.018397977196734756,0.00045897303938272614,1.1805754273373543,0.0029669110912173037,0.6920362710952759,0.0354546383023262,0.003007130851902731,0.005094962937633894,d_final,hover
0.86,0.87,STEP,STEP,0.0,0.0,1.0,0.0,0.0,1.0,0.010484843514859676,-0.013812354765832424,0.029140358790755272,-0.04465782269835472,-0.04333832487463951,0.053557999432086945,0.9995128512382507,-0.01472222525626421,0.003569677472114563,0.02728620171546936,-0.7393531799316406,0.795894980430603,-0.02198856510221958,0.054442428052425385,0.9985169172286987,0.4588097333908081,-0.4360530376434326,0.05444449931383133,0.09328460693359375,0.4588097333908081,-0.4360530376434326,0.05444449931383133,0.09328460693359375,-0.0130950713837867,False,False,0.86,absolute,0.0,0.0,0.0,0.0,0.0,0.0,-0.08659719577864239,0.011911095331021354,-0.06300343565437777,-0.08594592998389745,0.015041695580344218,-0.06455089207001011,0.010484843514859676,-0.013812354765832424,0.029140358790755272,-0.04465782269835472,-0.04333832487463951,0.053557999432086945,0.9995128512382507,-0.01472222525626421,0.003569677472114563,0.02728620171546936,-0.7393531799316406,0.795894980430603,-0.02198856510221958,0.054442428052425385,0.9985169172286987,-0.04465782269835472,-0.04333832487463951,0.053557999432086945,0.010484843343687347,-0.013812354804616346,1.0291403584330332,0.9995128696807734,-0.014722225439480346,0.0035696775485302298,0.02728620205917678,-0.08659719577864239,0.011911095331021354,-0.06300343565437777,-0.7393531645308408,0.7958949858241334,-0.02198856465503022,-0.041939373374749386,0.055249419218465386,-0.11656143373213279,position_error,position_error,position_error,-0.03849110383178938,0.054700144341617414,-0.11399687391207536,-0.047454826152108075,-0.039658448761273196,0.04944598184206525,0.009622775957947345,-0.013675036085404354,1.0284992184780188,0.9994650314337877,-0.01792857387771643,0.0030401536396583314,0.02718408809609927,-0.08594592998389745,0.015041695580344218,-0.06455089207001011,-0.607131573259293,-0.3117957260551385,-0.02504803342031032,0.11913459340806104,0.06830087056644693,0.12154832863794948,0.1632163108543395,0.12023799634961531,0.081865524933912,0.09106039877695474,0.12987002679453483,0.003441073000431061,-0.0032703977823257445,5.444449931383133e-05,0.4722001034667969,0.0006656252011009054,-0.0027287731254637343,-2.5967102151480854e-06,0.4230339468550169,1689.6642191297478,1378.7004745301565,1456.7726772606597,1762.873898148865,-0.00766927701388671,-3.134829101801589e-05,-0.0019840577726487826,-0.00046645272601278023,-0.002943935580220411,-0.0,-0.0,0.0,-0.0130950713837867,0.0010918098829318112,0.0002796044290739607,0.0008122054538578505,0.011779773153762843,0.006269658203603179,0.006269658203603179,0.01746895812690898,0.0006613525908829276,0.4664527260127802,0.002943935580220411,0.41231483221054077,0.17417435348033905,0.002796044290739607,0.004873232723147103,d_final,hover
0.87,0.88,STEP,STEP,0.0,0.0,1.0,0.0,0.0,1.0,0.009622775949537754,-0.013675035908818245,0.028499217703938484,-0.0474548265337944,-0.039658449590206146,0.0494459830224514,0.9994650483131409,-0.017928574234247208,0.003040153533220291,0.02718408778309822,-0.6071316003799438,-0.311795711517334,-0.025048034265637398,0.0542314276099205,0.9985284209251404,0.3806282877922058,0.38289159536361694,0.08410994708538055,0.26720649003982544,0.3806282877922058,0.38289159536361694,0.08410994708538055,0.26720649003982544,-0.014286208161961115,False,False,0.87,absolute,0.0,0.0,0.0,0.0,0.0,0.0,-0.08594592998389745,0.015041695580344218,-0.06455089207001011,-0.08582154800925923,0.01881672824829397,-0.06201224026918067,0.009622775949537754,-0.013675035908818245,0.028499217703938484,-0.0474548265337944,-0.039658449590206146,0.0494459830224514,0.9994650483131409,-0.017928574234247208,0.003040153533220291,0.02718408778309822,-0.6071316003799438,-0.311795711517334,-0.025048034265637398,0.0542314276099205,0.9985284209251404,-0.0474548265337944,-0.039658449590206146,0.0494459830224514,0.009622775957947345,-0.013675036085404354,1.0284992184780188,0.9994650314337877,-0.01792857387771643,0.0030401536396583314,0.02718408809609927,-0.08594592998389745,0.015041695580344218,-0.06455089207001011,-0.607131573259293,-0.3117957260551385,-0.02504803342031032,-0.03849110383178938,0.054700144341617414,-0.11399687391207536,position_error,position_error,position_error,-0.03505961099489158,0.054009535783570824,-0.1114593320387991,-0.05076193701436765,-0.03519280753527686,0.04944709176961843,0.008764902748722894,-0.013502383945892706,1.0278648330096998,0.9994379182470987,-0.01947501426522359,-0.0025475790060149675,0.027167650440976708,-0.08582154800925923,0.01881672824829397,-0.06201224026918067,-0.26459470186465944,-1.2871914987139668,-0.024429800459194215,0.10283809735011532,0.13637031147801934,0.18382238703571482,0.13613024915606325,0.11702710698651514,0.0911062022850437,0.10658876078581647,0.13099946160758216,0.0028547121584415434,0.002871686965227127,8.410994708538056e-05,0.5591610450199127,0.0010413784534226457,-0.0017794739132740486,8.970611045452156e-06,0.4457215316649575,1664.9173164082954,1457.1548803649055,1583.105825278817,1771.3657294854022,-0.007250072436119437,-3.130161418069367e-05,-0.002314598036535303,-0.001727469125766832,-0.0029627669493588493,-0.0,-0.0,0.0,-0.014286208161961115,0.0010355868110753254,0.0002591378924168712,0.0007764489186584542,0.011564925307878324,0.006260322836138735,0.006260322836138735,0.016569388977205207,0.000771532678845101,1.727469125766832,0.0029627669493588493,0.36995765566825867,0.7079115509986877,0.002591378924168712,0.004658693511950725,d_final,hover
0.88,0.89,STEP,STEP,0.0,0.0,1.0,0.0,0.0,1.0,0.0087649030610919,-0.013502383604645729,0.027864832431077957,-0.05076193809509277,-0.03519280627369881,0.04944709315896034,0.9994379281997681,-0.019475014880299568,-0.0025475791189819574,0.027167649939656258,-0.264594703912735,-1.2871915102005005,-0.024429799988865852,0.05440443009138107,0.9985190033912659,0.10546699166297913,0.8954048156738281,0.06714440882205963,0.19101963937282562,0.10546699166297913,0.8954048156738281,0.06714440882205963,0.19101963937282562,-0.015924483006355822,False,False,0.88,absolute,0.0,0.0,0.0,0.0,0.0,0.0,-0.08582154800925923,0.01881672824829397,-0.06201224026918067,-0.08714961635434784,0.022828017537856193,-0.055900062000247774,0.0087649030610919,-0.013502383604645729,0.027864832431077957,-0.05076193809509277,-0.03519280627369881,0.04944709315896034,0.9994379281997681,-0.019475014880299568,-0.0025475791189819574,0.027167649939656258,-0.264594703912735,-1.2871915102005005,-0.024429799988865852,0.05440443009138107,0.9985190033912659,-0.05076193809509277,-0.03519280627369881,0.04944709315896034,0.008764902748722894,-0.013502383945892706,1.0278648330096998,0.9994379182470987,-0.01947501426522359,-0.0025475790060149675,0.027167650440976708,-0.08582154800925923,0.01881672824829397,-0.06201224026918067,-0.26459470186465944,-1.2871914987139668,-0.024429800459194215,-0.03505961099489158,0.054009535783570824,-0.1114593320387991,position_error,position_error,position_error,-0.03160056851532754,0.05316048268009193,-0.10911743159352838,-0.0555490478390203,-0.030332465142235737,0.053217369593280606,0.007900142128831885,-0.013290120670022982,1.027279357898382,0.9993904997959766,-0.01885310462947461,-0.011031244677306469,0.027230516048131852,-0.08714961635434784,0.022828017537856193,-0.055900062000247774,0.16285371506582566,-1.770037546312445,-0.020063456725592455,0.08001309586160818,0.16933414295243132,0.18617260024608134,0.08554778062629197,0.1100044568384044,0.10429286395946392,0.12022198788640107,0.12235932641555355,0.0007910024374723435,0.006715536117553711,6.714440882205963e-05,0.5210676196864128,0.0009999805903369704,-0.00027749896993312616,2.123107083774065e-05,0.45687863509982296,1610.12042193723,1564.8036585509444,1689.5412882786977,1705.9155993578383,-0.006855375734883295,-3.4189217919272695e-05,-0.002862767479803115,-0.0031599567901623013,-0.0030121937835878355,-0.0,-0.0,0.0,-0.015924483006355822,0.000983202920427538,0.0002390395530795165,0.0007441633673480216,0.011240990947050227,0.006837843583854539,0.006837843583854539,0.01573124672684061,0.0009542558266010385,3.159956790162301,0.0030121937835878355,0.8538699150085449,0.34447580575942993,0.0023903955307951652,0.0044649802040881295,d_final,hover
0.89,0.9,STEP,STEP,0.0,0.0,1.0,0.0,0.0,1.0,0.00790014211088419,-0.013290120288729668,0.027279358357191086,-0.05554904788732529,-0.03033246472477913,0.05321737006306648,0.9993904829025269,-0.01885310374200344,-0.01103124488145113,0.02723051607608795,0.16285371780395508,-1.7700375318527222,-0.020063456147909164,0.05485590547323227,0.9984942674636841,-0.08706030249595642,1.0,0.02350447326898575,0.06274174153804779,-0.08706030249595642,1.0,0.02350447326898575,0.06274174153804779,-0.016403474961147413,False,False,0.89,absolute,0.0,0.0,0.0,0.0,0.0,0.0,-0.08714961635434784,0.022828017537856193,-0.055900062000247774,-0.09029488990802712,0.026514137587564816,-0.049185881527602386,0.00790014211088419,-0.013290120288729668,0.027279358357191086,-0.05554904788732529,-0.03033246472477913,0.05321737006306648,0.9993904829025269,-0.01885310374200344,-0.01103124488145113,0.02723051607608795,0.16285371780395508,-1.7700375318527222,-0.020063456147909164,0.05485590547323227,0.9984942674636841,-0.05554904788732529,-0.03033246472477913,0.05321737006306648,0.007900142128831885,-0.013290120670022982,1.027279357898382,0.9993904997959766,-0.01885310462947461,-0.011031244677306469,0.027230516048131852,-0.08714961635434784,0.022828017537856193,-0.055900062000247774,0.16285371506582566,-1.770037546312445,-0.020063456725592455,-0.03160056851532754,0.05316048268009193,-0.10911743159352838,position_error,position_error,position_error,-0.02804475774723586,0.05215707877604675,-0.10704443649541506,-0.062250132160791255,-0.025642941188481934,0.05785855496781268,0.007011189436808965,-0.013039269694011688,1.0267611091238538,0.9993043214061286,-0.016328627964345376,-0.01940229033674022,0.027345936764493393,-0.09029488990802712,0.026514137587564816,-0.049185881527602386,0.5262312423172363,-1.6357260489591983,-0.012554782909992207,0.06680501006571442,0.1708935534155256,0.16363781633470545,0.05559229095307853,0.10166915329940882,0.1157409822500926,0.12785599263634143,0.109056815590309,-0.0006529522687196731,0.0075,2.350447326898575e-05,0.45692867076902394,0.0006895169925006028,0.001162154417013902,2.808044768637082e-05,0.45432294377615184,1543.73899308229,1654.9527171730522,1747.6850573272066,1602.6505057362579,-0.006488735083952788,-3.9401258848976614e-05,-0.0038584377690549887,-0.0029526766502083286,-0.003064224199082331,-0.0,-0.0,0.0,-0.016403474961147413,0.0009353362930108026,0.00021917933147199326,0.0007161569615388093,0.011275417577162392,0.007880251769795323,0.007880251769795323,0.014965380688172842,0.0012861459230183296,2.9526766502083284,0.003064224199082331,1.012068510055542,0.06636657565832138,0.0021917933147199324,0.004296941769232856,d_final,hover
0.9,0.91,STEP,STEP,0.0,0.0,1.0,0.0,0.0,1.0,0.007011189591139555,-0.013039269484579563,0.02676110900938511,-0.062250133603811264,-0.025642940774559975,0.057858556509017944,0.9993042945861816,-0.01632862724363804,-0.019402289763092995,0.027345936745405197,0.5262312293052673,-1.6357260942459106,-0.012554783374071121,0.055327169597148895,0.998468279838562,-0.2344290018081665,1.0,-0.0002652667462825775,0.04152792692184448,-0.2344290018081665,1.0,-0.0002652667462825775,0.04152792692184448,-0.015380899640806833,False,False,0.9,absolute,0.0,0.0,0.0,0.0,0.0,0.0,-0.09029488990802712,0.026514137587564816,-0.049185881527602386,-0.094942269382095,0.029496690891175556,-0.043232156895739546,0.007011189591139555,-0.013039269484579563,0.02676110900938511,-0.062250133603811264,-0.025642940774559975,0.057858556509017944,0.9993042945861816,-0.01632862724363804,-0.019402289763092995,0.027345936745405197,0.5262312293052673,-1.6357260942459106,-0.012554783374071121,0.055327169597148895,0.998468279838562,-0.062250133603811264,-0.025642940774559975,0.057858556509017944,0.007011189436808965,-0.013039269694011688,1.0267611091238538,0.9993043214061286,-0.016328627964345376,-0.01940229033674022,0.027345936764493393,-0.09029488990802712,0.026514137587564816,-0.049185881527602386,0.5262312423172363,-1.6357260489591983,-0.012554782909992207,-0.02804475774723586,0.05215707877604675,-0.10704443649541506,position_error,position_error,position_error,-0.024325163515879267,0.05102235164681316,-0.10522248288696012,-0.07061710586621574,-0.021525660755637603,0.06199032599122058,0.006081290878969817,-0.01275558791170329,1.02630562072174,0.999233722572643,-0.012681948246782902,-0.02481899185050194,0.027480056510297793,-0.094942269382095,0.029496690891175556,-0.043232156895739546,0.7326703164127123,-0.944368354366643,-0.0033631003378084626,0.07096835375257625,0.17705771696899245,0.1521701991271877,0.0461254936121659,0.09583937935075931,0.12640371109776363,0.13218955953342418,0.09633858622950361,-0.0017582175135612487,0.0075,-2.6526674628257754e-07,0.4463217634609223,0.00022220813064078356,0.0023481131100754494,3.140265084808239e-05,0.45077123621145077,1496.3242243647787,1736.6950489865767,1780.2941289679118,1500.4190124386698,-0.006148785306614556,-4.6464651141924573e-05,-0.004660885006856169,-0.0014286486917253476,-0.003096115984468835,-0.0,-0.0,0.0,-0.015380899640806833,0.0008916728032838711,0.00019968712172783255,0.0006919856815560385,0.011753108678809692,0.009292930228384915,0.009292930228384915,0.014266764852541938,0.0015536283356187232,1.4286486917253476,0.003096115984468835,1.0566816329956055,0.022732559591531754,0.0019968712172783254,0.004151914089336231,d_final,hover
0.91,0.92,STEP,STEP,0.0,0.0,1.0,0.0,0.0,1.0,0.0060812910087406635,-0.012755587697029114,0.02630562148988247,-0.07061710953712463,-0.021525660529732704,0.06199032440781593,0.9992337226867676,-0.012681948021054268,-0.024818992242217064,0.027480056509375572,0.7326703071594238,-0.9443683624267578,-0.0033631003461778164,0.05561404675245285,0.998452365398407,-0.3451912999153137,0.8192650079727173,-0.021862193942070007,0.12604454159736633,-0.3451912999153137,0.8192650079727173,-0.021862193942070007,0.12604454159736633,-0.013823999729353898,False,False,0.91,absolute,0.0,0.0,0.0,0.0,0.0,0.0,-0.094942269382095,0.029496690891175556,-0.043232156895739546,-0.10032673388487097,0.031684093845368376,-0.03673312686016018,0.0060812910087406635,-0.012755587697029114,0.02630562148988247,-0.07061710953712463,-0.021525660529732704,0.06199032440781593,0.9992337226867676,-0.012681948021054268,-0.024818992242217064,0.027480056509375572,0.7326703071594238,-0.9443683624267578,-0.0033631003461778164,0.05561404675245285,0.998452365398407,-0.07061710953712463,-0.021525660529732704,0.06199032440781593,0.006081290878969817,-0.01275558791170329,1.02630562072174,0.999233722572643,-0.012681948246782902,-0.02481899185050194,0.027480056510297793,-0.094942269382095,0.029496690891175556,-0.043232156895739546,0.7326703164127123,-0.944368354366643,-0.0033631003378084626,-0.024325163515879267,0.05102235164681316,-0.10522248288696012,position_error,position_error,position_error,-0.020399000511666866,0.04978751954125153,-0.10364472451262952,-0.07992773337320411,-0.018103425695883156,0.06691159765246935,0.005099750127916716,-0.012446879885312883,1.0259111811281574,0.9992637996400489,-0.008951605514632926,-0.025098737510775765,0.027600377950456004,-0.10032673388487097,0.031684093845368376,-0.03673312686016018,0.7365327180234343,0.15532536137581054,0.005695625364930082,0.09608309554980339,0.1848203573204024,0.14636668783421247,0.061309930094265,0.09588354307715262,0.13664678290449436,0.1347344374374177,0.08959652357112516,-0.002588934749364853,0.006144487559795379,-2.1862193942070006e-05,0.4885800707986832,-0.00028988854862409654,0.0030370352888384393,2.598556379136772e-05,0.45686128699018985,1496.6867525507234,1813.5623708825235,1799.321116147667,1444.5243009805745,-0.005837658547203004,-5.5966692422551546e-05,-0.004260467195546574,-0.0005666388527538115,-0.0031032684414279564,-0.0,-0.0,0.0,-0.013823999729353898,0.0008523215777027721,0.000180932270246593,0.0006713893074561791,0.012418657943732448,0.01119333848451031,0.01119333848451031,0.013637145243244353,0.0014201557318488582,0.5666388527538115,0.0031032684414279564,0.8067173361778259,0.05254290997982025,0.00180932270246593,0.004028335844737075,d_final,hover
0.92,0.93,STEP,STEP,0.0,0.0,1.0,0.0,0.0,1.0,0.0050997501239180565,-0.012446880340576172,0.025911180302500725,-0.07992773503065109,-0.018103426322340965,0.06691160053014755,0.9992638230323792,-0.008951605297625065,-0.025098737329244614,0.027600377798080444,0.7365327477455139,0.15532536804676056,0.0056956252083182335,0.05567818135023117,0.9984487891197205,-0.38630741834640503,0.06113321706652641,-0.09881988912820816,0.16578252613544464,-0.38630741834640503,0.06113321706652641,-0.09881988912820816,0.16578252613544464,-0.01331887638036011,False,False,0.92,absolute,0.0,0.0,0.0,0.0,0.0,0.0,-0.10032673388487097,0.031684093845368376,-0.03673312686016018,-0.10533102073627446,0.03319207932274027,-0.028420090899622535,0.0050997501239180565,-0.012446880340576172,0.025911180302500725,-0.07992773503065109,-0.018103426322340965,0.06691160053014755,0.9992638230323792,-0.008951605297625065,-0.025098737329244614,0.027600377798080444,0.7365327477455139,0.15532536804676056,0.0056956252083182335,0.05567818135023117,0.9984487891197205,-0.07992773503065109,-0.018103426322340965,0.06691160053014755,0.005099750127916716,-0.012446879885312883,1.0259111811281574,0.9992637996400489,-0.008951605514632926,-0.025098737510775765,0.027600377950456004,-0.10032673388487097,0.031684093845368376,-0.03673312686016018,0.7365327180234343,0.15532536137581054,0.005695625364930082,-0.020399000511666866,0.04978751954125153,-0.10364472451262952,position_error,position_error,position_error,-0.016262596987097557,0.048482161758839286,-0.10236839110135687,-0.0890684237491769,-0.015290082436099015,0.07394830020173433,0.004065649246774389,-0.012120540439709821,1.0255920977753392,0.9994084759812996,-0.006192942435662264,-0.019451781711175512,0.02767623148092158,-0.10533102073627446,0.03319207932274027,-0.028420090899622535,0.5347097958223852,1.3436732156333226,0.010499137170942512,0.14019831111515943,0.15500070263618101,0.10570804793316231,0.10754200138321957,0.1035553182764834,0.13993612709223396,0.12933672929777623,0.0927723660410119,-0.0028973056375980375,0.0004584991279989481,-9.881988912820816e-05,0.5084490630677223,-0.0007559729853081473,0.0025789765586237638,1.090313379621872e-06,0.4656005407075055,1558.8986084934563,1837.9499595058724,1758.8578318413718,1471.0160632219547,-0.005564102854739518,-6.817660916395732e-05,-0.0025003460865038914,-0.0020914825080401447,-0.0030947683219125985,-0.0,-0.0,0.0,-0.01331887638036011,0.0008183924728909608,0.00016343700434843833,0.0006549554685425225,0.01300403962585537,0.013635321832791463,0.013635321832791463,0.013094279566255373,0.0008334486955012972,2.0914825080401447,0.0030947683219125985,0.190219908952713,0.5839559435844421,0.0016343700434843832,0.003929732811255135,d_final,hover
0.93,0.9400000000000001,STEP,STEP,0.0,0.0,1.0,0.0,0.0,1.0,0.00406564911827445,-0.012120540253818035,0.025592098012566566,-0.08906842023134232,-0.015290082432329655,0.07394830137491226,0.999408483505249,-0.00619294261559844,-0.01945178210735321,0.027676232159137726,0.5347098112106323,1.3436732292175293,0.010499137453734875,0.055601950734853745,0.9984530210494995,-0.22454360127449036,-0.6777383089065552,-0.13952592015266418,0.0029853954911231995,-0.22454360127449036,-0.6777383089065552,-0.13952592015266418,0.0029853954911231995,-0.013915419093410509,False,False,0.93,absolute,0.0,0.0,0.0,0.0,0.0,0.0,-0.10533102073627446,0.03319207932274027,-0.028420090899622535,-0.10867857208223869,0.03429326780618122,-0.02065166894312353,0.00406564911827445,-0.012120540253818035,0.025592098012566566,-0.08906842023134232,-0.015290082432329655,0.07394830137491226,0.999408483505249,-0.00619294261559844,-0.01945178210735321,0.027676232159137726,0.5347098112106323,1.3436732292175293,0.010499137453734875,0.055601950734853745,0.9984530210494995,-0.08906842023134232,-0.015290082432329655,0.07394830137491226,0.004065649246774389,-0.012120540439709821,1.0255920977753392,0.9994084759812996,-0.006192942435662264,-0.019451781711175512,0.02767623148092158,-0.10533102073627446,0.03319207932274027,-0.028420090899622535,0.5347097958223852,1.3436732156333226,0.010499137170942512,-0.016262596987097557,0.048482161758839286,-0.10236839110135687,position_error,position_error,position_error,-0.01196206338595621,0.047127347866486015,-0.10142471052496038,-0.09671650869628248,-0.012834080060304794,0.08077304158183685,0.0029905158464890525,-0.011781836966621504,1.02535617763124,0.9995603701266556,-0.005191445816216645,-0.009269676229668091,0.027680109558993055,-0.10867857208223869,0.03429326780618122,-0.02065166894312353,0.1827396707614433,2.170814377406196,0.006738876399343124,0.14874150458703128,0.08860041815873197,0.05303913821229294,0.13666943678750545,0.11141492677758456,0.13016805040979573,0.11399168246728107,0.10035669478992407,-0.0016840770095586776,-0.005083037316799164,-0.00013952592015266418,0.42705049774556164,-0.0009628792805313428,0.0011450816753497822,-3.040172757183383e-05,0.45593135444458543,1621.2042225029872,1765.116410479104,1641.3497714719522,1533.1397039670107,-0.0053351631377635145,-8.021540455886772e-05,-0.0006772680423935217,-0.004745874260878576,-0.0030768982478160275,-0.0,-0.0,0.0,-0.013915419093410509,0.0007906906114031518,0.00014775486733615114,0.0006429357440670006,0.01341355167679719,0.016043080911773543,0.016043080911773543,0.012651049782450428,0.0002257560141311739,4.745874260878576,0.0030768982478160275,0.5292254686355591,0.6002585291862488,0.0014775486733615115,0.0038576144644020035,d_final,hover
0.9400000000000001,0.9500000000000001,STEP,STEP,0.0,0.0,1.0,0.0,0.0,1.0,0.0029905159026384354,-0.011781836859881878,0.025356177240610123,-0.09671650826931,-0.012834080494940281,0.08077304065227509,0.9995603561401367,-0.00519144581630826,-0.00926967617124319,0.027680110186338425,0.18273967504501343,2.170814275741577,0.006738876458257437,0.05544135347008705,0.9984619617462158,-0.06986582279205322,-0.7950316071510315,-0.0907217338681221,-0.10888195037841797,-0.06986582279205322,-0.7950316071510315,-0.0907217338681221,-0.10888195037841797,-0.014392627683986782,False,False,0.9400000000000001,absolute,0.0,0.0,0.0,0.0,0.0,0.0,-0.10867857208223869,0.03429326780618122,-0.02065166894312353,-0.10964520398946688,0.03537874742750927,-0.016335880639027682,0.0029905159026384354,-0.011781836859881878,0.025356177240610123,-0.09671650826931,-0.012834080494940281,0.08077304065227509,0.9995603561401367,-0.00519144581630826,-0.00926967617124319,0.027680110186338425,0.18273967504501343,2.170814275741577,0.006738876458257437,0.05544135347008705,0.9984619617462158,-0.09671650826931,-0.012834080494940281,0.08077304065227509,0.0029905158464890525,-0.011781836966621504,1.02535617763124,0.9995603701266556,-0.005191445816216645,-0.009269676229668091,0.027680109558993055,-0.10867857208223869,0.03429326780618122,-0.02065166894312353,0.1827396707614433,2.170814377406196,0.006738876399343124,-0.01196206338595621,0.047127347866486015,-0.10142471052496038,position_error,position_error,position_error,-0.007583801384411112,0.045730161552610935,-0.1007155063705154,-0.10206140260505576,-0.010351414125101661,0.08437962573148772,0.001895950346102778,-0.011432540388152734,1.0251788765926289,0.99959637632383,-0.006178138889275616,0.002630202274212519,0.027604294523306358,-0.10964520398946688,0.03537874742750927,-0.016335880639027682,-0.20868751630855764,2.4079780872396843,-0.0042575348588896715,0.1348295041225654,0.05813936890990287,0.043092398697971365,0.13505555308035144,0.11556925297410686,0.11583402850207368,0.09949307596103527,0.10642751520107362,-0.0005239936709403991,-0.005962737053632736,-9.07217338681221e-05,0.37111682481079106,-0.000900940516054004,-0.00023580596054028876,-4.27633357219507e-05,0.4373238726382894,1653.619873892684,1655.67464713192,1526.1419140202793,1581.8242901805268,-0.005146831033217305,-8.821801457343293e-05,-0.0002705241848307147,-0.005841927074692598,-0.0030451273766727324,-0.0,-0.0,0.0,-0.014392627683986782,0.0007682734339084637,0.0001342976074416307,0.0006339758264668331,0.013540587523683856,0.017643602914686585,0.017643602914686585,0.01229237494253542,9.01747282769049e-05,5.841927074692598,0.0030451273766727324,0.6570422053337097,0.052579086273908615,0.001342976074416307,0.0038038549588009984,d_final,hover
0.9500000000000001,0.96,STEP,STEP,0.0,0.0,1.0,0.0,0.0,1.0,0.001895950292237103,-0.011432540602982044,0.025178875774145126,-0.10206140577793121,-0.010351413860917091,0.08437962830066681,0.999596357345581,-0.00617813877761364,0.0026302023325115442,0.027604294940829277,-0.20868751406669617,2.407978057861328,-0.004257534630596638,0.055154670029878616,0.9984778165817261,0.06867274641990662,-0.7871520519256592,-0.03636312112212181,-0.14162972569465637,0.06867274641990662,-0.7871520519256592,-0.03636312112212181,-0.14162972569465637,-0.014407577353947957,False,False,0.9500000000000001,absolute,0.0,0.0,0.0,0.0,0.0,0.0,-0.10964520398946688,0.03537874742750927,-0.016335880639027682,-0.10828265005838636,0.03681786888190852,-0.016174117559261268,0.001895950292237103,-0.011432540602982044,0.025178875774145126,-0.10206140577793121,-0.010351413860917091,0.08437962830066681,0.999596357345581,-0.00617813877761364,0.0026302023325115442,0.027604294940829277,-0.20868751406669617,2.407978057861328,-0.004257534630596638,0.055154670029878616,0.9984778165817261,-0.10206140577793121,-0.010351413860917091,0.08437962830066681,0.001895950346102778,-0.011432540388152734,1.0251788765926289,0.99959637632383,-0.006178138889275616,0.002630202274212519,0.027604294523306358,-0.10964520398946688,0.03537874742750927,-0.016335880639027682,-0.20868751630855764,2.4079780872396843,-0.0042575348588896715,-0.007583801384411112,0.045730161552610935,-0.1007155063705154,position_error,position_error,position_error,-0.0032239005680199497,0.044282081621834724,-0.1000787223017765,-0.10505874949036641,-0.0074642127399262015,0.08390460474251524,0.0008059751420049874,-0.011070520405458681,1.0250196805754441,0.9994917493538849,-0.008858132165791673,0.013527667430354825,0.027473235738408364,-0.10828265005838636,0.03681786888190852,-0.016174117559261268,-0.5363722266275767,2.115927886518758,-0.016642833059735213,0.12525878449157396,0.04482876953025224,0.049051815303438565,0.13560356782740707,0.1173098882634591,0.10136699606304791,0.08946078842561415,0.11157047767241561,0.0005150455981492996,-0.0059036403894424435,-3.636312112212181e-05,0.35474293715267186,-0.000623860832467813,-0.0013453490170662026,-3.663077445555823e-05,0.4197081504245368,1667.1041652162703,1541.3025383221582,1443.3852943378897,1622.424094634632,-0.004987966676355606,-9.066519006652075e-05,-0.0015687857494374945,-0.004765122970337417,-0.0029950367677509192,-0.0,-0.0,0.0,-0.014407577353947957,0.0007491904340744631,0.000123206017977207,0.000625984416097256,0.013342289851493171,0.01813303801330415,0.01813303801330415,0.011987046945191409,0.0005229285831458315,4.765122970337417,0.0029950367677509192,0.64570552110672,0.02328229881823063,0.00123206017977207,0.0037559064965835363,d_final,hover
0.96,0.97,STEP,STEP,0.0,0.0,1.0,0.0,0.0,1.0,0.0008059751708060503,-0.011070520617067814,0.025019681081175804,-0.10505875200033188,-0.007464212831109762,0.08390460163354874,0.9994917511940002,-0.008858132176101208,0.01352766714990139,0.02747323550283909,-0.5363722443580627,2.1159279346466064,-0.01664283312857151,0.0546996146440506,0.9985028505325317,0.2241775095462799,-0.7803136706352234,0.011179178953170776,-0.11416150629520416,0.2241775095462799,-0.7803136706352234,0.011179178953170776,-0.11416150629520416,-0.013993308016047026,False,False,0.96,absolute,0.0,0.0,0.0,0.0,0.0,0.0,-0.10828265005838636,0.03681786888190852,-0.016174117559261268,-0.10511763246200716,0.038859559591981084,-0.01921480811142187,0.0008059751708060503,-0.011070520617067814,0.025019681081175804,-0.10505875200033188,-0.007464212831109762,0.08390460163354874,0.9994917511940002,-0.008858132176101208,0.01352766714990139,0.02747323550283909,-0.5363722443580627,2.1159279346466064,-0.01664283312857151,0.0546996146440506,0.9985028505325317,-0.10505875200033188,-0.007464212831109762,0.08390460163354874,0.0008059751420049874,-0.011070520405458681,1.0250196805754441,0.9994917493538849,-0.008858132165791673,0.013527667430354825,0.027473235738408364,-0.10828265005838636,0.03681786888190852,-0.016174117559261268,-0.5363722266275767,2.115927886518758,-0.016642833059735213,-0.0032239005680199497,0.044282081621834724,-0.1000787223017765,position_error,position_error,position_error,0.0010360714767419896,0.04276253063918259,-0.09936703771427702,-0.10615370393874915,-0.0039029710472015047,0.08015222960285515,-0.0002590178691854974,-0.010690632659795647,1.0248417594285693,0.9993226134059107,-0.012515110044203453,0.021227922249088378,0.027332428965405792,-0.10511763246200716,0.038859559591981084,-0.01921480811142187,-0.7166957531329282,1.40212193132392,-0.02565007172392783,0.12208362253291463,0.03837705728421658,0.06309590922267584,0.14492045781259094,0.11817137048413111,0.08841814970830307,0.08444866915070644,0.11744475980572423,0.0016813313215970993,-0.005852352529764175,1.1179178953170776e-05,0.36847704685239796,-0.00016603030564890393,-0.002218501905637554,-1.9262647082387164e-05,0.40848294914886485,1673.7573923653406,1434.617107934398,1400.9166930295328,1668.1466629759125,-0.004846245238273924,-8.854110976609855e-05,-0.0036435159745911807,-0.0024802566390377374,-0.002934749054378086,-0.0,-0.0,0.0,-0.013993308016047026,0.0007314697284301561,0.00011435671692324675,0.0006171130115069094,0.012928990876859113,0.017708221953219708,0.017708221953219708,0.011703515654882498,0.001214505324863727,2.480256639037737,0.002934749054378086,0.672302782535553,0.027243267744779587,0.0011435671692324675,0.0037026780690414566,d_final,hover
0.97,0.98,STEP,STEP,0.0,0.0,1.0,0.0,0.0,1.0,-0.0002590178628452122,-0.010690632276237011,0.024841759353876114,-0.106153704226017,-0.0039029710460454226,0.080152228474617,0.9993225932121277,-0.012515109963715076,0.021227922290563583,0.027332428842782974,-0.7166957259178162,1.402121901512146,-0.02565007098019123,0.05414682999253273,0.9985330104827881,0.410778284072876,-0.6527420282363892,0.04829530790448189,-0.019121289253234863,0.410778284072876,-0.6527420282363892,0.04829530790448189,-0.019121289253234863,-0.013344960290177961,False,False,0.97,absolute,0.0,0.0,0.0,0.0,0.0,0.0,-0.10511763246200716,0.038859559591981084,-0.01921480811142187,-0.10089269681389111,0.04161302148320946,-0.02324857025873458,-0.0002590178628452122,-0.010690632276237011,0.024841759353876114,-0.106153704226017,-0.0039029710460454226,0.080152228474617,0.9993225932121277,-0.012515109963715076,0.021227922290563583,0.027332428842782974,-0.7166957259178162,1.402121901512146,-0.02565007098019123,0.05414682999253273,0.9985330104827881,-0.106153704226017,-0.0039029710460454226,0.080152228474617,-0.0002590178691854974,-0.010690632659795647,1.0248417594285693,0.9993226134059107,-0.012515110044203453,0.021227922249088378,0.027332428965405792,-0.10511763246200716,0.038859559591981084,-0.01921480811142187,-0.7166957531329282,1.40212193132392,-0.02565007172392783,0.0010360714767419896,0.04276253063918259,-0.09936703771427702,position_error,position_error,position_error,0.005141410375405992,0.04114433546749991,-0.0985014835183824,-0.10603410718929711,0.00046868601570954765,0.07525291325964781,-0.001285352593851498,-0.010286083866874978,1.0246253708795956,0.9992085042245673,-0.016088988417829814,0.024128003446817273,0.027227724595790453,-0.10089269681389111,0.04161302148320946,-0.02324857025873458,-0.6804891327860544,0.3884038273978026,-0.029254356976013196,0.11886410803113039,0.04556443528211084,0.09319973126368229,0.15836888079645908,0.11829686033112564,0.07991356078858453,0.08601374306102011,0.1246398738913477,0.0030808371305465695,-0.004895565211772919,4.829530790448189e-05,0.4159971553733826,0.0004399291886636107,-0.0027226684108327738,-1.4424178494516987e-06,0.40886403807207794,1674.725437900627,1361.7541872669394,1414.265675228209,1723.3036034672161,-0.004713009871814874,-8.453226254038373e-05,-0.005046096591832128,-0.0006147788103792583,-0.0028865427536113163,-0.0,-0.0,0.0,-0.013344960290177961,0.0007138645435645414,0.00010745565260690647,0.0006064088909576349,0.012451475846417124,0.016906452508076746,0.016906452508076746,0.011421832697032662,0.0016820321972773763,0.6147788103792583,0.0028865427536113163,0.5975090265274048,0.06150462478399277,0.0010745565260690648,0.0036384533457458094,d_final,hover
0.98,0.99,STEP,STEP,0.0,0.0,1.0,0.0,0.0,1.0,-0.0012853526277467608,-0.010286083444952965,0.024625370278954506,-0.10603410750627518,0.00046868601930327713,0.07525291293859482,0.9992085099220276,-0.01608898863196373,0.024128003045916557,0.027227723971009254,-0.6804891228675842,0.38840383291244507,-0.029254356399178505,0.05370071157813072,0.9985570907592773,0.509534478187561,-0.10793858021497726,0.0743354931473732,0.1603517383337021,0.509534478187561,-0.10793858021497726,0.0743354931473732,0.1603517383337021,-0.013012849639880818,False,False,0.98,absolute,0.0,0.0,0.0,0.0,0.0,0.0,-0.10089269681389111,0.04161302148320946,-0.02324857025873458,-0.09643699973200699,0.045047840703282924,-0.024924254875019855,-0.0012853526277467608,-0.010286083444952965,0.024625370278954506,-0.10603410750627518,0.00046868601930327713,0.07525291293859482,0.9992085099220276,-0.01608898863196373,0.024128003045916557,0.027227723971009254,-0.6804891228675842,0.38840383291244507,-0.029254356399178505,0.05370071157813072,0.9985570907592773,-0.10603410750627518,0.00046868601930327713,0.07525291293859482,-0.001285352593851498,-0.010286083866874978,1.0246253708795956,0.9992085042245673,-0.016088988417829814,0.024128003446817273,0.027227724595790453,-0.10089269681389111,0.04161302148320946,-0.02324857025873458,-0.6804891327860544,0.3884038273978026,-0.029254356976013196,0.005141410375405992,0.04114433546749991,-0.0985014835183824,position_error,position_error,position_error,0.009069476424813832,0.039399291690114135,-0.0975193166517121,-0.10550647615682082,0.005648549013168788,0.07259506177669224,-0.002267369106203458,-0.009849822922528534,1.024379829162928,0.9992276247433902,-0.018340981893654056,0.021655206088952772,0.027181140191394948,-0.09643699973200699,0.045047840703282924,-0.024924254875019855,-0.39632004377379887,-0.692461514900496,-0.02849012736653498,0.10826397253245548,0.09055805104253015,0.15086005844384656,0.15605158714801887,0.11645970111742346,0.08180967416851068,0.09696979178001991,0.13020975952680505,0.0038215085864067074,-0.0008095393516123295,7.43354931473732e-05,0.505733669166851,0.0010221192732185955,-0.0024002507624664004,8.375751660638165e-06,0.4254489265927591,1660.5249515708974,1378.2175288867847,1505.5869637540181,1765.4301534152141,-0.004587856162770678,-8.216782805672868e-05,-0.004832037405470179,-0.0006373842140725172,-0.0028734040295107137,-0.0,-0.0,0.0,-0.013012849639880818,0.0006965360442824902,0.00010215997426893442,0.0005943760700135558,0.011950621350414421,0.016433565611345735,0.016433565611345735,0.011144576708519843,0.0016106791351567264,0.6373842140725171,0.0028734040295107137,0.30251455307006836,0.33945220708847046,0.0010215997426893443,0.0035662564200813346,d_final,hover
0.99,1.0,STEP,STEP,0.0,0.0,1.0,0.0,0.0,1.0,-0.002267369069159031,-0.009849823080003262,0.024379828944802284,-0.10550647974014282,0.005648549180477858,0.07259505987167358,0.9992276430130005,-0.018340982496738434,0.021655205637216568,0.027181141078472137,-0.39632004499435425,-0.6924614906311035,-0.028490127995610237,0.05357847362756729,0.9985636472702026,0.2473042607307434,0.6884217858314514,0.08489198982715607,0.2588490843772888,0.2473042607307434,0.6884217858314514,0.08489198982715607,0.2588490843772888,-0.012992295672926594,False,False,0.99,absolute,0.0,0.0,0.0,0.0,0.0,0.0,-0.09643699973200699,0.045047840703282924,-0.024924254875019855,-0.09266263336735388,0.04889669731333757,-0.022149796132036624,-0.002267369069159031,-0.009849823080003262,0.024379828944802284,-0.10550647974014282,0.005648549180477858,0.07259505987167358,0.9992276430130005,-0.018340982496738434,0.021655205637216568,0.027181141078472137,-0.39632004499435425,-0.6924614906311035,-0.028490127995610237,0.05357847362756729,0.9985636472702026,-0.10550647974014282,0.005648549180477858,0.07259505987167358,-0.002267369106203458,-0.009849822922528534,1.024379829162928,0.9992276247433902,-0.018340981893654056,0.021655206088952772,0.027181140191394948,-0.09643699973200699,0.045047840703282924,-0.024924254875019855,-0.39632004377379887,-0.692461514900496,-0.02849012736653498,0.009069476424813832,0.039399291690114135,-0.0975193166517121,position_error,position_error,position_error,0.012832784648373133,0.03750563681785968,-0.09657352817772136,-0.10549541801572701,0.01139106049547789,0.07442373204568473,-0.003208196162093283,-0.00937640920446492,1.0241433820444303,0.9993500565295458,-0.018346096779609945,0.014964572318509676,0.02718357634070613,-0.09266263336735388,0.04889669731333757,-0.022149796132036624,0.05614271953176292,-1.4709858394592967,-0.02425858168962534,0.0926936373731009,0.15856670419950394,0.19194332411071255,0.11177867650532704,0.11203376381931918,0.09460720675097095,0.11297687780304005,0.12681403355122486,0.0018547819554805755,0.005163163393735885,8.489198982715607e-05,0.5549823421886444,0.0011720161564174286,-0.0011053285666285258,2.1321043841770744e-05,0.4464318819245551,1626.0544235066297,1486.1881750288621,1633.4314761306714,1739.803382050709,-0.004479513101100373,-8.398965686566247e-05,-0.003363106150336323,-0.002167539823631786,-0.0028981469409924488,-0.0,-0.0,0.0,-0.012992295672926594,0.0006811124687273658,9.820957218404452e-05,0.0005829028965433213,0.011467864099415583,0.016797931373132496,0.016797931373132496,0.010897799499637853,0.001121035383445441,2.167539823631786,0.0028981469409924488,0.6092934608459473,0.7127677202224731,0.0009820957218404452,0.0034974173792599278,d_final,hover
1.0,1.01,STEP,STEP,0.0,0.0,1.0,0.0,0.0,1.0,-0.0032081962563097477,-0.009376409463584423,0.024143382906913757,-0.10549541562795639,0.011391060426831245,0.07442373037338257,0.9993500709533691,-0.018346097320318222,0.0149645721539855,0.027183575555682182,0.05614272132515907,-1.4709858894348145,-0.024258581921458244,0.053808439522981644,0.9985512495040894,-0.014212187379598618,0.9809958934783936,0.04826638102531433,0.12005384266376495,-0.014212187379598618,0.9809958934783936,0.04826638102531433,0.12005384266376495,-0.012277415993333218,False,False,1.0,absolute,0.0,0.0,0.0,0.0,0.0,0.0,-0.09266263336735388,0.04889669731333757,-0.022149796132036624,-0.09034708354392441,0.05260104745892114,-0.016834115211591824,-0.0032081962563097477,-0.009376409463584423,0.024143382906913757,-0.10549541562795639,0.011391060426831245,0.07442373037338257,0.9993500709533691,-0.018346097320318222,0.0149645721539855,0.027183575555682182,0.05614272132515907,-1.4709858894348145,-0.024258581921458244,0.053808439522981644,0.9985512495040894,-0.10549541562795639,0.011391060426831245,0.07442373037338257,-0.003208196162093283,-0.00937640920446492,1.0241433820444303,0.9993500565295458,-0.018346096779609945,0.014964572318509676,0.02718357634070613,-0.09266263336735388,0.04889669731333757,-0.022149796132036624,0.05614271953176292,-1.4709858394592967,-0.02425858168962534,0.012832784648373133,0.03750563681785968,-0.09657352817772136,position_error,position_error,position_error,0.01647835953494262,0.03545943325881777,-0.09581163385796199,-0.10682544307886703,0.01714161420010337,0.07897751864637016,-0.004119589883735655,-0.008864858314704443,1.0239529084644905,0.9994782942847534,-0.016026633382756707,0.006752203043072158,0.02721569455516007,-0.09034708354392441,0.05260104745892114,-0.016834115211591824,0.505121401484331,-1.6673119172347541,-0.01629736510145676,0.07215565338628756,0.17214415184685708,0.17469953396528623,0.06658538213345169,0.10440104113977411,0.10773517923398182,0.12368639010137494,0.11504458845024526,-0.00010659140534698963,0.007357469201087951,4.826638102531433e-05,0.4855847213318825,0.0009402576753783916,0.00042340934969640294,3.152752152811643e-05,0.45086719892537613,1565.668703304839,1592.2007669544346,1716.0440397607595,1649.5443594604255,-0.004398018280949179,-8.971479338959595e-05,-0.0018146713411209877,-0.0030353422636997768,-0.002939669314173679,-0.0,-0.0,0.0,-0.012277415993333218,0.0006692985576582221,9.555673374996165e-05,0.0005737418239082605,0.01121285313362568,0.01794295867791919,0.01794295867791919,0.010708776922531554,0.0006048904470403292,3.0353422636997767,0.002939669314173679,0.9792974591255188,0.17459601163864136,0.0009555673374996164,0.003442450943449563,d_final,hover
1.01,1.02,STEP,STEP,0.0,0.0,1.0,0.0,0.0,1.0,-0.004119589924812317,-0.00886485818773508,0.0239529088139534,-0.10682544112205505,0.017141614109277725,0.07897751778364182,0.999478280544281,-0.016026632860302925,0.006752203218638897,0.02721569500863552,0.5051214098930359,-1.6673119068145752,-0.016297364607453346,0.054192155599594116,0.9985305070877075,-0.1933313012123108,1.0,0.0126018226146698,0.03264695405960083,-0.1933313012123108,1.0,0.0126018226146698,0.03264695405960083,-0.010544125271685441,False,False,1.01,absolute,0.0,0.0,0.0,0.0,0.0,0.0,-0.09034708354392441,0.05260104745892114,-0.016834115211591824,-0.0896366916153109,0.05562276770088983,-0.011665517622207123,-0.004119589924812317,-0.00886485818773508,0.0239529088139534,-0.10682544112205505,0.017141614109277725,0.07897751778364182,0.999478280544281,-0.016026632860302925,0.006752203218638897,0.02721569500863552,0.5051214098930359,-1.6673119068145752,-0.016297364607453346,0.054192155599594116,0.9985305070877075,-0.10682544112205505,0.017141614109277725,0.07897751778364182,-0.004119589883735655,-0.008864858314704443,1.0239529084644905,0.9994782942847534,-0.016026633382756707,0.006752203043072158,0.02721569455516007,-0.09034708354392441,0.05260104745892114,-0.016834115211591824,0.505121401484331,-1.6673119172347541,-0.01629736510145676,0.01647835953494262,0.03545943325881777,-0.09581163385796199,position_error,position_error,position_error,0.020070585026753386,0.033280083727275436,-0.0952651181808557,-0.10970727664206428,0.022342683973614393,0.08359960055864858,-0.0050176462566883465,-0.008320020931818859,1.023816279545214,0.9995559899742392,-0.012025042707071784,3.454288260876213e-05,0.027262062675098397,-0.0896366916153109,0.05562276770088983,-0.011665517622207123,0.818246034003067,-1.2605342945784441,-0.005715128333628625,0.06822022069909271,0.1732264955854624,0.15378117729515683,0.04665338345008851,0.09747540684126392,0.11903204620151761,0.12902488717349853,0.10118499673984563,-0.001449984759092331,0.0075,1.2601822614669801e-05,0.44188127702980046,0.0004844494434287417,0.001746414310863567,3.7322511375991255e-05,0.4467173369561257,1509.7190252052878,1680.391135585468,1756.5075430281545,1539.833907450929,-0.004347286250886277,-9.761887644464413e-05,-0.0008676170719058355,-0.0022585059426619937,-0.0029730971297866906,-0.0,-0.0,0.0,-0.010544125271685441,0.0006616146936389378,9.439952226316254e-05,0.0005672151713757753,0.011264713071839525,0.019523775288928825,0.019523775288928825,0.010585835098223004,0.00028920569063527847,2.258505942661994,0.0029730971297866906,1.0386016368865967,0.04135673865675926,0.0009439952226316254,0.0034032910282546514,d_final,hover
1.02,1.03,STEP,STEP,0.0,0.0,1.0,0.0,0.0,1.0,-0.005017646122723818,-0.008320020511746407,0.02381628006696701,-0.10970727354288101,0.022342683747410774,0.08359959721565247,0.9995560050010681,-0.012025042437016964,3.4542881621746346e-05,0.027262061834335327,0.8182460069656372,-1.2605342864990234,-0.0057151285000145435,0.054499100893735886,0.9985138177871704,-0.3221166133880615,0.9443953633308411,-0.006690755486488342,0.06037132441997528,-0.3221166133880615,0.9443953633308411,-0.006690755486488342,0.06037132441997528,-0.008780018122576989,False,False,1.02,absolute,0.0,0.0,0.0,0.0,0.0,0.0,-0.0896366916153109,0.05562276770088983,-0.011665517622207123,-0.08999121064843034,0.057708573224771575,-0.006824825249212415,-0.005017646122723818,-0.008320020511746407,0.02381628006696701,-0.10970727354288101,0.022342683747410774,0.08359959721565247,0.9995560050010681,-0.012025042437016964,3.4542881621746346e-05,0.027262061834335327,0.8182460069656372,-1.2605342864990234,-0.0057151285000145435,0.054499100893735886,0.9985138177871704,-0.10970727354288101,0.022342683747410774,0.08359959721565247,-0.0050176462566883465,-0.008320020931818859,1.023816279545214,0.9995559899742392,-0.012025042707071784,3.454288260876213e-05,0.027262062675098397,-0.0896366916153109,0.05562276770088983,-0.011665517622207123,0.818246034003067,-1.2605342945784441,-0.005715128333628625,0.020070585026753386,0.033280083727275436,-0.0952651181808557,position_error,position_error,position_error,0.02366253555102063,0.03100199271168673,-0.09491452488514973,-0.11365374619945097,0.026706580513084846,0.08808969963593731,-0.005915633887755158,-0.007750498177921682,1.0237286312212874,0.9995961192708479,-0.007382992707676022,-0.0026241471786143805,0.02731672763938334,-0.08999121064843034,0.057708573224771575,-0.006824825249212415,0.9256116823541813,-0.359560569999116,0.00591187572242733,0.08065263732174292,0.181385047685251,0.14665589887698086,0.04704987832601294,0.09434958414486516,0.12989618951961954,0.13218100951784043,0.0903425905004405,-0.0024158746004104615,0.007082965224981308,-6.6907554864883425e-06,0.4557434622099877,-6.0887449261534145e-05,0.002735947537384616,3.737337303731463e-05,0.4467693736827656,1484.0636368649514,1763.0708138351536,1780.2300551948715,1450.7747981070468,-0.004328937100814386,-0.00010695105324910376,-0.00036836837841976275,-0.0009860757402831847,-0.002989685849810552,-0.0,-0.0,0.0,-0.008780018122576989,0.0006581128859357813,9.506494629992453e-05,0.0005630479396358568,0.011475275657291272,0.021390210649820753,0.021390210649820753,0.010529806174972501,0.00012278945947325425,0.9860757402831846,0.002989685849810552,0.9993311762809753,0.020818376913666725,0.0009506494629992453,0.0033782876378151408,d_final,hover
1.03,1.04,STEP,STEP,0.0,0.0,1.0,0.0,0.0,1.0,-0.0059156338684260845,-0.007750498130917549,0.0237286314368248,-0.1136537492275238,0.026706580072641373,0.08808969706296921,0.999596118927002,-0.007382992655038834,-0.002624147105962038,0.027316726744174957,0.925611674785614,-0.3595605790615082,0.005911875516176224,0.05465077981352806,0.9985055327415466,-0.41418665647506714,0.4938284456729889,-0.05438028275966644,0.15543629229068756,-0.41418665647506714,0.4938284456729889,-0.05438028275966644,0.15543629229068756,-0.008840243522327082,False,False,1.03,absolute,0.0,0.0,0.0,0.0,0.0,0.0,-0.08999121064843034,0.057708573224771575,-0.006824825249212415,-0.09042108741751206,0.058874523139078955,-0.0005569046903527773,-0.0059156338684260845,-0.007750498130917549,0.0237286314368248,-0.1136537492275238,0.026706580072641373,0.08808969706296921,0.999596118927002,-0.007382992655038834,-0.002624147105962038,0.027316726744174957,0.925611674785614,-0.3595605790615082,0.005911875516176224,0.05465077981352806,0.9985055327415466,-0.1136537492275238,0.026706580072641373,0.08808969706296921,-0.005915633887755158,-0.007750498177921682,1.0237286312212874,0.9995961192708479,-0.007382992707676022,-0.0026241471786143805,0.02731672763938334,-0.08999121064843034,0.057708573224771575,-0.006824825249212415,0.9256116823541813,-0.359560569999116,0.00591187572242733,0.02366253555102063,0.03100199271168673,-0.09491452488514973,position_error,position_error,position_error,0.027274147386758582,0.028662957157434308,-0.0947847897797196,-0.11769523480427065,0.030211565981644647,0.09422788508936683,-0.0068185368466896455,-0.007165739289358577,1.02369619744493,0.9996197201906082,-0.0032649805097869746,0.00036538951876689216,0.027379214722496405,-0.09042108741751206,0.058874523139078955,-0.0005569046903527773,0.8064990090748143,0.8125143351117781,0.015424817108377214,0.119306569901054,0.1762629534977803,0.1277539382928581,0.07995248445365143,0.09874127344727127,0.13807850166679556,0.13137574503932575,0.08842794063012943,-0.0031063999235630036,0.0037037133425474166,-5.438028275966644e-05,0.5032759461453438,-0.000601603842314244,0.002909187328588417,2.144682256665189e-05,0.456623460783522,1520.0348265600876,1824.1937707436514,1774.1908451653603,1434.699603381129,-0.0043474612830218294,-0.00011821900671555295,-6.476164337828108e-05,-0.0013108581213836191,-0.0029989434678277995,-0.0,-0.0,0.0,-0.008840243522327082,0.000659350037641824,9.784026429272154e-05,0.0005615097733491024,0.011642492667453437,0.023643801343110588,0.023643801343110588,0.010549600602269183,2.158721445942703e-05,1.310858121383619,0.0029989434678277995,0.44253477454185486,0.22279907763004303,0.0009784026429272153,0.0033690586400946143,d_final,hover
1.04,1.05,STEP,STEP,0.0,0.0,1.0,0.0,0.0,1.0,-0.006818536669015884,-0.0071657393127679825,0.02369619719684124,-0.11769523471593857,0.030211566016077995,0.09422788769006729,0.999619722366333,-0.003264980623498559,0.00036538951098918915,0.027379214763641357,0.8064990043640137,0.8125143647193909,0.015424816869199276,0.05473524332046509,0.9985008835792542,-0.3304039239883423,-0.4149376451969147,-0.13937821984291077,0.07124678790569305,-0.3304039239883423,-0.4149376451969147,-0.13937821984291077,0.07124678790569305,-0.011620648747806269,False,False,1.04,absolute,0.0,0.0,0.0,0.0,0.0,0.0,-0.09042108741751206,0.058874523139078955,-0.0005569046903527773,-0.08973108313334677,0.0593304977534047,0.006464357643994223,-0.006818536669015884,-0.0071657393127679825,0.02369619719684124,-0.11769523471593857,0.030211566016077995,0.09422788769006729,0.999619722366333,-0.003264980623498559,0.00036538951098918915,0.027379214763641357,0.8064990043640137,0.8125143647193909,0.015424816869199276,0.05473524332046509,0.9985008835792542,-0.11769523471593857,0.030211566016077995,0.09422788769006729,-0.0068185368466896455,-0.007165739289358577,1.02369619744493,0.9996197201906082,-0.0032649805097869746,0.00036538951876689216,0.027379214722496405,-0.09042108741751206,0.058874523139078955,-0.0005569046903527773,0.8064990090748143,0.8125143351117781,0.015424817108377214,0.027274147386758582,0.028662957157434308,-0.0947847897797196,position_error,position_error,position_error,0.030879806897112304,0.02629530588895697,-0.09493157352939274,-0.12061089003045908,0.033035191864447734,0.10139593117338697,-0.007719951724278076,-0.006573826472239242,1.0237328933823482,0.9995853546703696,-0.0006854130971381893,0.008692420059263323,0.02744249935613061,-0.08973108313334677,0.0593304977534047,0.006464357643994223,0.4921189156142079,1.8363739700227395,0.017572487508243077,0.14895729671097166,0.11667826462569035,0.06990112687800122,0.12564450573818337,0.10741589234244933,0.13413302316350106,0.11940207899524184,0.09487544810763221,-0.002478029429912567,-0.00311203233897686,-0.00013937821984291078,0.46118119395284657,-0.0009641799369907644,0.001811723195209722,-1.3011569604646166e-05,0.45582644260882443,1589.6706358648805,1794.8324688082978,1683.2391786296798,1488.398325306977,-0.004407629860910413,-0.00012959722776989297,-0.00045616774560247174,-0.0036147591771996087,-0.0030124947363238826,-0.0,-0.0,0.0,-0.011620648747806269,0.0006660630774102038,0.00010281284911229747,0.0005632502282979064,0.011613563163699816,0.025919445553978595,0.025919445553978595,0.010657009238563261,0.0001520559152008239,3.6147591771996086,0.0030124947363238826,0.30584239959716797,0.847187876701355,0.0010281284911229747,0.003379501369787438,d_final,hover
1.05,1.06,STEP,STEP,0.0,0.0,1.0,0.0,0.0,1.0,-0.007719951681792736,-0.006573826540261507,0.02373289316892624,-0.12061089277267456,0.033035192638635635,0.10139593482017517,0.9995853304862976,-0.0006854130770079792,0.008692420087754726,0.02744249999523163,0.4921189248561859,1.8363739252090454,0.017572486773133278,0.05485864356160164,0.9984941482543945,-0.14985662698745728,-0.7750270366668701,-0.1194683089852333,-0.07558140158653259,-0.14985662698745728,-0.7750270366668701,-0.1194683089852333,-0.07558140158653259,-0.015545669268048075,False,False,1.05,absolute,0.0,0.0,0.0,0.0,0.0,0.0,-0.08973108313334677,0.0593304977534047,0.006464357643994223,-0.08704603351318682,0.05946870479787948,0.011158739387422806,-0.007719951681792736,-0.006573826540261507,0.02373289316892624,-0.12061089277267456,0.033035192638635635,0.10139593482017517,0.9995853304862976,-0.0006854130770079792,0.008692420087754726,0.02744249999523163,0.4921189248561859,1.8363739252090454,0.017572486773133278,0.05485864356160164,0.9984941482543945,-0.12061089277267456,0.033035192638635635,0.10139593482017517,-0.007719951724278076,-0.006573826472239242,1.0237328933823482,0.9995853546703696,-0.0006854130971381893,0.008692420059263323,0.02744249935613061,-0.08973108313334677,0.0593304977534047,0.006464357643994223,0.4921189156142079,1.8363739700227395,0.017572487508243077,0.030879806897112304,0.02629530588895697,-0.09493157352939274,position_error,position_error,position_error,0.03441171176924526,0.02391848554125202,-0.09531417331764924,-0.12145774528243208,0.03555021925662746,0.10647291270507205,-0.008602927942311316,-0.005979621385313005,1.0238285433294123,0.9994214565846838,-0.0001869454923161902,0.020024277814297674,0.027490825152178672,-0.08704603351318682,0.05946870479787948,0.011158739387422806,0.07770012974195384,2.337884061309619,0.010432348603812345,0.14096348098769718,0.06881491662027786,0.04286381365058272,0.13512488794817604,0.11331242108200071,0.12136854044734535,0.10369053187481828,0.10186125275774315,-0.0011239247024059295,-0.005812702775001526,-0.00011946830898523332,0.38776709920673375,-0.001029862049185821,0.00034949826334595155,-3.6987431074720885e-05,0.4402327461619075,1636.051867889008,1698.3347088334654,1559.9821237234075,1545.2868416850165,-0.004504459274133014,-0.00013676141559094165,-0.0024060399036076284,-0.005471848028184866,-0.0030265606465316236,-0.0,-0.0,0.0,-0.015545669268048075,0.0006775657182939733,0.00010976624109229342,0.0005677994772016799,0.011238056265432598,0.027352283118188332,0.027352283118188332,0.010841051492703573,0.0008020133012025428,5.4718480281848665,0.0030265606465316236,0.643109142780304,0.18421661853790283,0.0010976624109229343,0.003406796863210079,d_final,hover
1.06,1.07,STEP,STEP,0.0,0.0,1.0,0.0,0.0,1.0,-0.00860292837023735,-0.005979621317237616,0.023828543722629547,-0.12145774811506271,0.03555021807551384,0.106472909450531,0.9994214773178101,-0.00018694548634812236,0.02002427726984024,0.027490824460983276,0.07770013064146042,2.337883949279785,0.0104323485866189,0.054986439645290375,0.998487114906311,0.004813496023416519,-0.8038005232810974,-0.0614534392952919,-0.14461572468280792,0.004813496023416519,-0.8038005232810974,-0.0614534392952919,-0.14461572468280792,-0.018989574125751287,False,False,1.06,absolute,0.0,0.0,0.0,0.0,0.0,0.0,-0.08704603351318682,0.05946870479787948,0.011158739387422806,-0.0821796927516149,0.05973009208330406,0.01171082752161385,-0.00860292837023735,-0.005979621317237616,0.023828543722629547,-0.12145774811506271,0.03555021807551384,0.106472909450531,0.9994214773178101,-0.00018694548634812236,0.02002427726984024,0.027490824460983276,0.07770013064146042,2.337883949279785,0.0104323485866189,0.054986439645290375,0.998487114906311,-0.12145774811506271,0.03555021807551384,0.106472909450531,-0.008602927942311316,-0.005979621385313005,1.0238285433294123,0.9994214565846838,-0.0001869454923161902,0.020024277814297674,0.027490825152178672,-0.08704603351318682,0.05946870479787948,0.011158739387422806,0.07770012974195384,2.337884061309619,0.010432348603812345,0.03441171176924526,0.02391848554125202,-0.09531417331764924,position_error,position_error,position_error,0.03778341190181565,0.02153448318471168,-0.09578765717707594,-0.11996310465343055,0.03819560889859237,0.10749848469868978,-0.009445852975453913,-0.00538362079617792,1.023946914294269,0.9991235863967348,-0.0017136380904940731,0.03149209705802983,0.027520362881126133,-0.0821796927516149,0.05973009208330406,0.01171082752161385,-0.3179142944305009,2.2656471241475167,-0.0012281003349694005,0.1280991524408357,0.04801526314032621,0.04335296796293273,0.13378255411450146,0.11595596914676645,0.10649924523036972,0.09145247112005735,0.1074633992939705,3.610122017562389e-05,-0.00602850392460823,-6.14534392952919e-05,0.3532499376585961,-0.0008322335058156948,-0.0009004088396529063,-3.893197328964752e-05,0.42137108479116403,1656.6205191721485,1582.3944516181382,1460.0422735583124,1590.047236346227,-0.0046228033384116945,-0.00013702987614869298,-0.005968132395705378,-0.005234227897991589,-0.0030273806174939298,-0.0,-0.0,0.0,-0.018989574125751287,0.0006916622155279951,0.00011820751131093093,0.0005734547042170642,0.010458329282270798,0.027405975229738595,0.027405975229738595,0.011066595448447921,0.001989377465235126,5.234227897991589,0.0030273806174939298,0.6708086729049683,0.032882221043109894,0.0011820751131093093,0.003440728225302385,d_final,hover
1.07,1.08,STEP,STEP,0.0,0.0,1.0,0.0,0.0,1.0,-0.009445852600038052,-0.005383620969951153,0.023946914821863174,-0.11996310204267502,0.03819561004638672,0.10749848186969757,0.9991235733032227,-0.0017136380774900317,0.031492095440626144,0.02752036228775978,-0.31791430711746216,2.2656471729278564,-0.001228100387379527,0.0549938790500164,0.9984866976737976,0.15976786613464355,-0.8024898171424866,-0.007458381354808807,-0.1445375680923462,0.15976786613464355,-0.8024898171424866,-0.007458381354808807,-0.1445375680923462,-0.02121068697332089,False,False,1.07,absolute,0.0,0.0,0.0,0.0,0.0,0.0,-0.0821796927516149,0.05973009208330406,0.01171082752161385,-0.0754758694502768,0.06044953538793558,0.008378942807021396,-0.009445852600038052,-0.005383620969951153,0.023946914821863174,-0.11996310204267502,0.03819561004638672,0.10749848186969757,0.9991235733032227,-0.0017136380774900317,0.031492095440626144,0.02752036228775978,-0.31791430711746216,2.2656471729278564,-0.001228100387379527,0.0549938790500164,0.9984866976737976,-0.11996310204267502,0.03819561004638672,0.10749848186969757,-0.009445852975453913,-0.00538362079617792,1.023946914294269,0.9991235863967348,-0.0017136380904940731,0.03149209705802983,0.027520362881126133,-0.0821796927516149,0.05973009208330406,0.01171082752161385,-0.3179142944305009,2.2656471241475167,-0.0012281003349694005,0.03778341190181565,0.02153448318471168,-0.09578765717707594,position_error,position_error,position_error,0.04091467637352845,0.019129848171531114,-0.09618712783461891,-0.11639054582380526,0.041319687216404465,0.10456607064164031,-0.010228669093382112,-0.004782462042882778,1.0240467819586547,0.9987838767692108,-0.004696375785396449,0.04062010132946995,0.02754485302795978,-0.0754758694502768,0.06044953538793558,0.008378942807021396,-0.5942038254206685,1.714991577486424,-0.011362087351135194,0.12209415468185611,0.03760424954721535,0.05392254341670646,0.13966806830804904,0.11706219056146944,0.09224532633189518,0.08414504348645689,0.11312967677852909,0.0011982589960098267,-0.006018673628568649,-7.4583813548088076e-06,0.35328901595382695,-0.00042541952479632685,-0.001902151944877811,-2.475654823123766e-05,0.4065822371583506,1665.1887094408658,1466.6402676129826,1398.317400860146,1634.6250181484752,-0.004744462481537744,-0.0001309406941912866,-0.010032291465204386,-0.003294403394022904,-0.0030085889383645657,-0.0,-0.0,0.0,-0.02121068697332089,0.0007057453371806075,0.00012749761461352497,0.0005782477225670825,0.009420959880455838,0.02618813883825732,0.02618813883825732,0.01129192539488972,0.0033440971550681288,3.294403394022904,0.0030085889383645657,0.6904624104499817,0.026928048580884933,0.0012749761461352497,0.0034694863354024948,d_final,hover
1.08,1.09,STEP,STEP,0.0,0.0,1.0,0.0,0.0,1.0,-0.01022866927087307,-0.004782462026923895,0.02404678240418434,-0.11639054864645004,0.04131968691945076,0.1045660674571991,0.9987838864326477,-0.0046963756904006,0.0406200997531414,0.02754485234618187,-0.5942038297653198,1.714991569519043,-0.011362086981534958,0.05482310429215431,0.9984960556030273,0.3492012023925781,-0.7486732602119446,0.037067998200654984,-0.08051948994398117,0.3492012023925781,-0.7486732602119446,0.037067998200654984,-0.08051948994398117,-0.02185146612758003,False,False,1.08,absolute,0.0,0.0,0.0,0.0,0.0,0.0,-0.0754758694502768,0.06044953538793558,0.008378942807021396,-0.06753105571538535,0.06179934914994227,0.0028620548548997597,-0.01022866927087307,-0.004782462026923895,0.02404678240418434,-0.11639054864645004,0.04131968691945076,0.1045660674571991,0.9987838864326477,-0.0046963756904006,0.0406200997531414,0.02754485234618187,-0.5942038297653198,1.714991569519043,-0.011362086981534958,0.05482310429215431,0.9984960556030273,-0.11639054864645004,0.04131968691945076,0.1045660674571991,-0.010228669093382112,-0.004782462042882778,1.0240467819586547,0.9987838767692108,-0.004696375785396449,0.04062010132946995,0.02754485302795978,-0.0754758694502768,0.06044953538793558,0.008378942807021396,-0.5942038254206685,1.714991577486424,-0.011362087351135194,0.04091467637352845,0.019129848171531114,-0.09618712783461891,position_error,position_error,position_error,0.043745843496529456,0.016681575627703747,-0.09639404302198162,-0.1112768992119148,0.04511777352223852,0.09925609787688139,-0.010936460874132364,-0.004170393906925937,1.0240985107554954,0.9985508835675733,-0.008152826632510768,0.04548587169738389,0.027580787157881762,-0.06753105571538535,0.06179934914994227,0.0028620548548997597,-0.6687800805206819,0.7968472075225257,-0.016305781026324212,0.11907002293380833,0.03654026864547118,0.0766992064489384,0.15298855699979158,0.1174254525046284,0.08081711739282119,0.08277791042919264,0.12012615873944443,0.002619009017944336,-0.005615049451589584,3.706799820065498e-05,0.38529805502800946,0.00016480730673283346,-0.002614735006886896,-4.395084398760903e-06,0.4011466390660866,1667.9974462591745,1369.6159594688384,1386.5741499485512,1688.8053127298701,-0.004854412941699897,-0.00012134967375783856,-0.012812598637023873,-0.0010824981467325754,-0.0029806067283658483,-0.0,-0.0,0.0,-0.02185146612758003,0.0007177365824230808,0.000136998361790353,0.0005807382206327277,0.008387794399383405,0.02426993475156771,0.02426993475156771,0.011483785318769292,0.004270866212341291,1.0824981467325754,0.0029806067283658483,0.690310537815094,0.04486212134361267,0.0013699836179035302,0.0034844293237963663,d_final,hover
1.09,1.1,STEP,STEP,0.0,0.0,1.0,0.0,0.0,1.0,-0.010936460457742214,-0.0041703940369188786,0.024098509922623634,-0.11127690225839615,0.04511777311563492,0.09925609827041626,0.9985508918762207,-0.008152826689183712,0.04548587277531624,0.027580786496400833,-0.6687800884246826,0.7968472242355347,-0.01630578190088272,0.054567817598581314,0.9985100626945496,0.5189330577850342,-0.39996281266212463,0.07098229229450226,0.06851567327976227,0.5189330577850342,-0.39996281266212463,0.07098229229450226,0.06851567327976227,-0.021196259989299755,False,False,1.09,absolute,0.0,0.0,0.0,0.0,0.0,0.0,-0.06753105571538535,0.06179934914994227,0.0028620548548997597,-0.059006564961069784,0.06378733400320905,-0.001782141372721637,-0.010936460457742214,-0.0041703940369188786,0.024098509922623634,-0.11127690225839615,0.04511777311563492,0.09925609827041626,0.9985508918762207,-0.008152826689183712,0.04548587277531624,0.027580786496400833,-0.6687800884246826,0.7968472242355347,-0.01630578190088272,0.054567817598581314,0.9985100626945496,-0.11127690225839615,0.04511777311563492,0.09925609827041626,-0.010936460874132364,-0.004170393906925937,1.0240985107554954,0.9985508835675733,-0.008152826632510768,0.04548587169738389,0.027580787157881762,-0.06753105571538535,0.06179934914994227,0.0028620548548997597,-0.6687800805206819,0.7968472075225257,-0.016305781026324212,0.043745843496529456,0.016681575627703747,-0.09639404302198162,position_error,position_error,position_error,0.04624313107845821,0.014163738227344272,-0.09638994101678655,-0.105249696039528,0.049623595775864775,0.09460779964406492,-0.011560782769614553,-0.003540934556836068,1.0240974852541966,0.998547214979066,-0.010810188365302844,0.04498153019609354,0.027627182742288234,-0.059006564961069784,0.06378733400320905,-0.001782141372721637,-0.48593970357845945,-0.30859507566577304,-0.015973523202134847,0.11163196883540986,0.06323415901093661,0.12425078991336086,0.16069871888017384,0.11636919556540165,0.07751758223898696,0.08990087418563064,0.12727045647981156,0.0038919979333877563,-0.0029997210949659348,7.098229229450226e-05,0.4598156366398812,0.0008232253664025497,-0.002694800371166158,8.80326433146865e-06,0.4110581084698308,1659.8237882408314,1340.7571176960134,1447.0761753893228,1743.2579192042722,-0.004946031931277472,-0.00011245317763815495,-0.012841189387652423,-0.0003316234696825744,-0.0029649620230491293,-0.0,-0.0,0.0,-0.021196259989299755,0.0007268787113582369,0.00014618991578201258,0.0005806887955762244,0.007553774715614263,0.02249063552763099,0.02249063552763099,0.01163005938173179,0.004280396462550808,0.3316234696825744,0.0029649620230491293,0.4389946460723877,0.1737695336341858,0.001461899157820126,0.003484132773457346,d_final,hover
1.1,1.11,STEP,STEP,0.0,0.0,1.0,0.0,0.0,1.0,-0.011560782790184021,-0.0035409345291554928,0.024097485467791557,-0.10524969547986984,0.04962359741330147,0.09460780024528503,0.9985471963882446,-0.01081018801778555,0.04498153179883957,0.027627183124423027,-0.48593971133232117,-0.30859506130218506,-0.015973523259162903,0.05442456156015396,0.9985178709030151,0.3830438554286957,0.40783098340034485,0.09287634491920471,0.24243737757205963,0.3830438554286957,0.40783098340034485,0.09287634491920471,0.24243737757205963,-0.019876707435109678,False,False,1.1,absolute,0.0,0.0,0.0,0.0,0.0,0.0,-0.059006564961069784,0.06378733400320905,-0.001782141372721637,-0.05063743962478132,0.06622725813292658,-0.0023496155335703183,-0.011560782790184021,-0.0035409345291554928,0.024097485467791557,-0.10524969547986984,0.04962359741330147,0.09460780024528503,0.9985471963882446,-0.01081018801778555,0.04498153179883957,0.027627183124423027,-0.48593971133232117,-0.30859506130218506,-0.015973523259162903,0.05442456156015396,0.9985178709030151,-0.10524969547986984,0.04962359741330147,0.09460780024528503,-0.011560782769614553,-0.003540934556836068,1.0240974852541966,0.998547214979066,-0.010810188365302844,0.04498153019609354,0.027627182742288234,-0.059006564961069784,0.06378733400320905,-0.001782141372721637,-0.48593970357845945,-0.30859507566577304,-0.015973523202134847,0.04624313107845821,0.014163738227344272,-0.09638994101678655,position_error,position_error,position_error,0.04840073217809852,0.011554593321703801,-0.09628848981746252,-0.09903817180287984,0.05467266481122278,0.09393887428389221,-0.01210018304452463,-0.0028886483304259502,1.0240721224543656,0.9987699852119651,-0.011503139609139788,0.039509459941989566,0.027662194307683078,-0.05063743962478132,0.06622725813292658,-0.0023496155335703183,-0.08146572785014847,-1.2657453050482839,-0.011843853988861733,0.09866018491769984,0.1340997336979811,0.18254593362676327,0.13147063654358565,0.11309635693922301,0.08704555307946284,0.10538623113200157,0.1280292706206733,0.0028728289157152176,0.0030587323755025863,9.287634491920471e-05,0.5467764887860298,0.0011763878357551813,-0.00172157083158381,2.0242120364265498e-05,0.43355741177136076,1634.3647895796632,1423.0219517976252,1573.534492619982,1748.9941938308475,-0.005024389665626583,-0.00010811085926670981,-0.010159917874650233,-0.0016088881189432371,-0.0029754009166229165,-0.0,-0.0,0.0,-0.019876707435109678,0.0007342257983458479,0.00015475871888787396,0.0005794670794579739,0.006955720704714259,0.021622171853341962,0.021622171853341962,0.011747612773533566,0.003386639291550078,1.6088881189432371,0.0029754009166229165,0.38045060634613037,0.7017247676849365,0.0015475871888787397,0.0034768024767478437,d_final,hover
1.11,1.12,STEP,STEP,0.0,0.0,1.0,0.0,0.0,1.0,-0.01210018340498209,-0.0028886483050882816,0.02407212182879448,-0.09903816878795624,0.054672665894031525,0.09393887221813202,0.998769998550415,-0.01150313951075077,0.03950946033000946,0.027662193402647972,-0.08146572858095169,-1.2657452821731567,-0.011843853630125523,0.05452018976211548,0.9985126852989197,0.08501380681991577,0.891028642654419,0.07141385227441788,0.15764187276363373,0.08501380681991577,0.891028642654419,0.07141385227441788,0.15764187276363373,-0.017788041135288306,False,False,1.11,absolute,0.0,0.0,0.0,0.0,0.0,0.0,-0.05063743962478132,0.06622725813292658,-0.0023496155335703183,-0.04334827008975533,0.06865843394750012,0.0006219652929528443,-0.01210018340498209,-0.0028886483050882816,0.02407212182879448,-0.09903816878795624,0.054672665894031525,0.09393887221813202,0.998769998550415,-0.01150313951075077,0.03950946033000946,0.027662193402647972,-0.08146572858095169,-1.2657452821731567,-0.011843853630125523,0.05452018976211548,0.9985126852989197,-0.09903816878795624,0.054672665894031525,0.09393887221813202,-0.01210018304452463,-0.0028886483304259502,1.0240721224543656,0.9987699852119651,-0.011503139609139788,0.039509459941989566,0.027662194307683078,-0.05063743962478132,0.06622725813292658,-0.0023496155335703183,-0.08146572785014847,-1.2657453050482839,-0.011843853988861733,0.04840073217809852,0.011554593321703801,-0.09628848981746252,position_error,position_error,position_error,0.050246571346465006,0.008846219800765873,-0.09625793470003874,-0.09359484143622034,0.05981221414673425,0.09687989999299158,-0.012561642836616252,-0.002211554950191468,1.0240644836750097,0.999080442555246,-0.009774796434575817,0.03125708272215311,0.027671599844916173,-0.04334827008975533,0.06865843394750012,0.0006219652929528443,0.39369404224567706,-1.7270457726797044,-0.0039901455819502845,0.07733735359328953,0.16583485222808966,0.18086328162408505,0.08034324893635264,0.10630558125041908,0.10025651136203736,0.1183215459676562,0.11891345776513548,0.0006376035511493683,0.006682714819908142,7.141385227441788e-05,0.5043787363818169,0.0010844407726594524,-0.0002347919075036159,3.2415519059960534e-05,0.4437970963452481,1580.8548102310174,1532.3288870180565,1674.9158331198678,1679.4778828675553,-0.005101454707793133,-0.00010861605163629037,-0.00643531119382151,-0.0031376980210923435,-0.00300496116094503,-0.0,-0.0,0.0,-0.017788041135288306,0.0007417852205972365,0.00016268584605242878,0.0005790993745448076,0.006593439912723252,0.021723210327258075,0.021723210327258075,0.011868563529555783,0.002145103731273837,3.1376980210923433,0.00300496116094503,0.8311102390289307,0.32995280623435974,0.0016268584605242877,0.003474596247268846,d_final,hover
1.12,1.1300000000000001,STEP,STEP,0.0,0.0,1.0,0.0,0.0,1.0,-0.012561642564833164,-0.0022115549072623253,0.024064483121037483,-0.09359484165906906,0.059812214225530624,0.09687989950180054,0.9990804195404053,-0.009774796664714813,0.031257081776857376,0.02767159976065159,0.39369404315948486,-1.7270457744598389,-0.0039901454001665115,0.05479007586836815,0.9984979033470154,-0.11981615424156189,0.9821794629096985,0.028788506984710693,0.024350829422473907,-0.11981615424156189,0.9821794629096985,0.028788506984710693,0.024350829422473907,-0.014881272534626788,False,False,1.12,absolute,0.0,0.0,0.0,0.0,0.0,0.0,-0.04334827008975533,0.06865843394750012,0.0006219652929528443,-0.037723234070298886,0.07052351872514906,0.004076115885818729,-0.012561642564833164,-0.0022115549072623253,0.024064483121037483,-0.09359484165906906,0.059812214225530624,0.09687989950180054,0.9990804195404053,-0.009774796664714813,0.031257081776857376,0.02767159976065159,0.39369404315948486,-1.7270457744598389,-0.0039901454001665115,0.05479007586836815,0.9984979033470154,-0.09359484165906906,0.059812214225530624,0.09687989950180054,-0.012561642836616252,-0.002211554950191468,1.0240644836750097,0.999080442555246,-0.009774796434575817,0.03125708272215311,0.027671599844916173,-0.04334827008975533,0.06865843394750012,0.0006219652929528443,0.39369404224567706,-1.7270457726797044,-0.0039901455819502845,0.050246571346465006,0.008846219800765873,-0.09625793470003874,position_error,position_error,position_error,0.05184004125691531,0.006052567635532278,-0.09636805332151788,-0.0895632753272142,0.06447095108961678,0.1004441692073366,-0.012960010314228828,-0.0015131419088830695,1.0240920133303795,0.9993300525452412,-0.006000110881195123,0.023195266416015454,0.027666303786900322,-0.037723234070298886,0.07052351872514906,0.004076115885818729,0.781154203885251,-1.579212621285712,0.007084535947784423,0.06491078182904633,0.16666436967607978,0.1563791005252852,0.04977896268082573,0.09831575515220908,0.1116307734829434,0.1250264357271812,0.10498061068729728,-0.0008986211568117142,0.0073663459718227384,2.8788506984710692e-05,0.437733214711237,0.0007092396060880699,0.0011794726173682078,3.998099185234863e-05,0.43995357504963095,1516.571824399374,1622.8968193243988,1726.242645871411,1570.298686486041,-0.0051850652956804515,-0.00011133557474745101,-0.0034441302881794227,-0.003104164584125286,-0.0030365767918941774,-0.0,-0.0,0.0,-0.014881272534626788,0.0007506765720925179,0.0001702514657813359,0.000580425106311182,0.006413223802813632,0.022267114949490203,0.022267114949490203,0.012010825153480287,0.001148043429393141,3.104164584125286,0.0030365767918941774,0.98045414686203,0.06984720379114151,0.001702514657813359,0.0034825506378670925,d_final,hover
1.1300000000000001,1.1400000000000001,STEP,STEP,0.0,0.0,1.0,0.0,0.0,1.0,-0.012960010208189487,-0.001513141905888915,0.024092013016343117,-0.0895632728934288,0.06447095423936844,0.10044416785240173,0.9993300437927246,-0.006000110879540443,0.023195266723632812,0.027666304260492325,0.781154215335846,-1.5792126655578613,0.007084535900503397,0.05507725849747658,0.9984821081161499,-0.2675110101699829,0.9653005599975586,0.0059984102845191956,0.0025866851210594177,-0.2675110101699829,0.9653005599975586,0.0059984102845191956,0.0025866851210594177,-0.012190270490498702,False,False,1.1300000000000001,absolute,0.0,0.0,0.0,0.0,0.0,0.0,-0.037723234070298886,0.07052351872514906,0.004076115885818729,-0.03355344139615658,0.07146214682363522,0.006622558089156002,-0.012960010208189487,-0.001513141905888915,0.024092013016343117,-0.0895632728934288,0.06447095423936844,0.10044416785240173,0.9993300437927246,-0.006000110879540443,0.023195266723632812,0.027666304260492325,0.781154215335846,-1.5792126655578613,0.007084535900503397,0.05507725849747658,0.9984821081161499,-0.0895632728934288,0.06447095423936844,0.10044416785240173,-0.012960010314228828,-0.0015131419088830695,1.0240920133303795,0.9993300525452412,-0.006000110881195123,0.023195266416015454,0.027666303786900322,-0.037723234070298886,0.07052351872514906,0.004076115885818729,0.781154203885251,-1.579212621285712,0.007084535947784423,0.05184004125691531,0.006052567635532278,-0.09636805332151788,position_error,position_error,position_error,0.05324527313096996,0.003205830099848358,-0.09659529038816128,-0.08679871452712654,0.06825631672378686,0.10321784847731728,-0.01331131828274249,-0.0008014575249620895,1.0241488225970403,0.9994524696715836,-0.0010840569293054097,0.0180990121628167,0.02767691179804248,-0.03355344139615658,0.07146214682363522,0.006622558089156002,0.9864824543668207,-0.8883496246713392,0.020021064654786383,0.06995900990463974,0.1718406608845325,0.14397147806624125,0.041079993705116294,0.09294099558828131,0.12207438304104903,0.1284118568212958,0.0919184367634452,-0.0020063325762748716,0.007239754199981689,5.998410284519195e-06,0.42685114256052975,0.0001879088182485441,0.002320235779537911,4.371859367419237e-05,0.4353456722140714,1472.414433736468,1703.7370661249638,1751.883091909161,1463.9221841018887,-0.00527732908282788,-0.0001142343293027297,-0.001972496524174571,-0.001762713531457207,-0.0030634970227363142,-0.0,-0.0,0.0,-0.012190270490498702,0.000760999161412118,0.00017783352858879284,0.0005831656328233252,0.006276530133812357,0.02284686586054594,0.02284686586054594,0.012175986582593888,0.0006574988413915237,1.7627135314572069,0.0030634970227363142,1.0034099817276,0.023091735318303108,0.0017783352858879284,0.0034989937969399513,d_final,hover
1.1400000000000001,1.1500000000000001,STEP,STEP,0.0,0.0,1.0,0.0,0.0,1.0,-0.01331131812185049,-0.0008014574996195734,0.02414882183074951,-0.08679871261119843,0.06825631856918335,0.10321784764528275,0.9994524717330933,-0.0010840569157153368,0.018099011853337288,0.027676912024617195,0.9864824414253235,-0.8883496522903442,0.020021064206957817,0.055320609360933304,0.9984686374664307,-0.37537217140197754,0.7535243630409241,-0.016917206346988678,0.08917628228664398,-0.37537217140197754,0.7535243630409241,-0.016917206346988678,0.08917628228664398,-0.011611860787316488,False,False,1.1400000000000001,absolute,0.0,0.0,0.0,0.0,0.0,0.0,-0.03355344139615658,0.07146214682363522,0.006622558089156002,-0.029988710621394146,0.07137155732418779,0.009589206768219461,-0.01331131812185049,-0.0008014574996195734,0.02414882183074951,-0.08679871261119843,0.06825631856918335,0.10321784764528275,0.9994524717330933,-0.0010840569157153368,0.018099011853337288,0.027676912024617195,0.9864824414253235,-0.8883496522903442,0.020021064206957817,0.055320609360933304,0.9984686374664307,-0.08679871261119843,0.06825631856918335,0.10321784764528275,-0.01331131828274249,-0.0008014575249620895,1.0241488225970403,0.9994524696715836,-0.0010840569293054097,0.0180990121628167,0.02767691179804248,-0.03355344139615658,0.07146214682363522,0.006622558089156002,0.9864824543668207,-0.8883496246713392,0.020021064654786383,0.05324527313096996,0.003205830099848358,-0.09659529038816128,position_error,position_error,position_error,0.054501667118646305,0.0003462725571110821,-0.09692734058680852,-0.08449037774004045,0.0710252847670767,0.10651654735502798,-0.013625416779661576,-8.656813927777053e-05,1.0242318351467021,0.9994450028422603,0.0038361628583011486,0.018035061830187805,0.027743588321275114,-0.029988710621394146,0.07137155732418779,0.009589206768219461,0.9702225345653179,0.18520583790472187,0.032720360397119175,0.09676974089867763,0.17811784267701086,0.13687922240471834,0.05837913516291521,0.09363136647117112,0.13188313233791152,0.129936851461684,0.08545418849357475,-0.0028152912855148315,0.00565143272280693,-1.6917206346988678e-05,0.47014594114332203,-0.00035791488777694395,0.0029250757314561076,3.701152878213081e-05,0.44090553876434135,1478.1309002904318,1777.997131678525,1763.376839321963,1409.5024799131302,-0.005379685772083904,-0.00011764494933667489,-0.0020398776041646383,-0.000976703590956857,-0.0030979488707744136,-0.0,-0.0,0.0,-0.011611860787316488,0.0007728413110391699,0.00018565947646222126,0.0005871818345769487,0.006085174846057208,0.02352898986733498,0.02352898986733498,0.012365460976626719,0.0006799592013882127,0.976703590956857,0.0030979488707744136,0.7169418334960938,0.06450606882572174,0.0018565947646222126,0.0035230910074616918,d_final,hover
1.1500000000000001,1.16,STEP,STEP,0.0,0.0,1.0,0.0,0.0,1.0,-0.013625416904687881,-8.656813588459045e-05,0.024231834337115288,-0.08449038118124008,0.07102528214454651,0.10651654750108719,0.9994450211524963,0.003836162853986025,0.01803506165742874,0.027743589133024216,0.970222532749176,0.1852058321237564,0.03272036090493202,0.05563048645853996,0.9984514117240906,-0.4218811094760895,0.010891462676227093,-0.09401518106460571,0.13853757083415985,-0.4218811094760895,0.010891462676227093,-0.09401518106460571,0.13853757083415985,-0.014759336049254678,False,False,1.1500000000000001,absolute,0.0,0.0,0.0,0.0,0.0,0.0,-0.029988710621394146,0.07137155732418779,0.009589206768219461,-0.02587308246119009,0.07035501458277156,0.014304978307226745,-0.013625416904687881,-8.656813588459045e-05,0.024231834337115288,-0.08449038118124008,0.07102528214454651,0.10651654750108719,0.9994450211524963,0.003836162853986025,0.01803506165742874,0.027743589133024216,0.970222532749176,0.1852058321237564,0.03272036090493202,0.05563048645853996,0.9984514117240906,-0.08449038118124008,0.07102528214454651,0.10651654750108719,-0.013625416779661576,-8.656813927777053e-05,1.0242318351467021,0.9994450028422603,0.0038361628583011486,0.018035061830187805,0.027743588321275114,-0.029988710621394146,0.07137155732418779,0.009589206768219461,0.9702225345653179,0.18520583790472187,0.032720360397119175,0.054501667118646305,0.0003462725571110821,-0.09692734058680852,position_error,position_error,position_error,0.05560612887294432,-0.002486778140612166,-0.09741770560305607,-0.08147921133413441,0.07284179272338373,0.11172268391028281,-0.01390153221823608,0.0006216945351530415,1.024354426400764,0.9993020358352095,0.00763334512087605,0.02364438247304366,0.027894737771482925,-0.02587308246119009,0.07035501458277156,0.014304978307226745,0.733746191764617,1.318805336849453,0.040710336400291904,0.14154600495988287,0.1506149658857041,0.09795355196880816,0.10471206260268487,0.1018889533574561,0.13523612370043334,0.12395671213357266,0.08885098385119804,-0.003164108321070671,8.16859700717032e-05,-9.401518106460572e-05,0.49482658541707997,-0.0008597410078401125,0.002420152230899315,1.0445834160020448e-05,0.4499327730426601,1545.509966697804,1803.0617856266128,1718.103680568323,1438.261176594356,-0.005495219532958337,-0.00012213373373452953,-0.003703948681595858,-0.002279288321921502,-0.0031587457790444497,-0.0,-0.0,0.0,-0.014759336049254678,0.0007867771874199264,0.0001936391021096949,0.0005931380853102314,0.005823876877355769,0.024426746746905904,0.024426746746905904,0.012588434998718822,0.0012346495605319527,2.279288321921502,0.0031587457790444497,0.20613381266593933,0.5620473623275757,0.0019363910210969488,0.0035588285118613883,d_final,hover
1.16,1.17,STEP,STEP,0.0,0.0,1.0,0.0,0.0,1.0,-0.013901532627642155,0.0006216945475898683,0.024354426190257072,-0.08147921413183212,0.07284179329872131,0.1117226853966713,0.9993020296096802,0.007633345201611519,0.023644382134079933,0.02789473719894886,0.7337461709976196,1.3188053369522095,0.040710337460041046,0.056173138320446014,0.9984210133552551,-0.2429724633693695,-0.7128275036811829,-0.13717561960220337,-0.014937333762645721,-0.2429724633693695,-0.7128275036811829,-0.13717561960220337,-0.014937333762645721,-0.020666615432673063,False,False,1.16,absolute,0.0,0.0,0.0,0.0,0.0,0.0,-0.02587308246119009,0.07035501458277156,0.014304978307226745,-0.02023029962230145,0.06876310747931162,0.01848961933185306,-0.013901532627642155,0.0006216945475898683,0.024354426190257072,-0.08147921413183212,0.07284179329872131,0.1117226853966713,0.9993020296096802,0.007633345201611519,0.023644382134079933,0.02789473719894886,0.7337461709976196,1.3188053369522095,0.040710337460041046,0.056173138320446014,0.9984210133552551,-0.08147921413183212,0.07284179329872131,0.1117226853966713,-0.01390153221823608,0.0006216945351530415,1.024354426400764,0.9993020358352095,0.00763334512087605,0.02364438247304366,0.027894737771482925,-0.02587308246119009,0.07035501458277156,0.014304978307226745,0.733746191764617,1.318805336849453,0.040710336400291904,0.05560612887294432,-0.002486778140612166,-0.09741770560305607,position_error,position_error,position_error,0.05651158289741282,-0.005263842782730193,-0.09809688075323564,-0.07674188251971427,0.07402695026204181,0.1165865000850887,-0.014127895724353206,0.0013159606956825482,1.024524220188309,0.9990000453794475,0.009461980334756499,0.03344315757757741,0.028123575008303477,-0.02023029962230145,0.06876310747931162,0.01848961933185306,0.3361977856585663,2.0762336201614584,0.03959198357587611,0.1494383325922283,0.08537760258923136,0.048059464640325476,0.13521373329689204,0.110137008487154,0.125732298098381,0.10855209819936604,0.09681957763728957,-0.0018222934752702713,-0.005346206277608871,-0.00013717561960220338,0.4180891331186772,-0.0010782437351266301,0.0009661747286771431,-2.2944848151954162e-05,0.44124098242219056,1611.163785372363,1731.6032639673654,1598.6642776534886,1504.358058660212,-0.005621916156575739,-0.00012480858949929415,-0.007247843163683952,-0.004425342521733951,-0.0032467050011801297,-0.0,-0.0,0.0,-0.020666615432673063,0.0008027665659954372,0.0002013291901507789,0.0006014373758446583,0.005479495996056286,0.024961717899858828,0.024961717899858828,0.012844265055926994,0.002415947721227984,4.425342521733951,0.0032467050011801297,0.5861989259719849,0.5811947584152222,0.002013291901507789,0.0036086242550679498,d_final,hover
1.17,1.18,STEP,STEP,0.0,0.0,1.0,0.0,0.0,1.0,-0.014127896167337894,0.0013159606605768204,0.02452421933412552,-0.07674188166856766,0.07402694970369339,0.11658649891614914,0.999000072479248,0.009461980313062668,0.033443156629800797,0.02812357433140278,0.33619779348373413,2.0762336254119873,0.03959198296070099,0.05694903805851936,0.9983770847320557,-0.06823596358299255,-0.8610631823539734,-0.0885302871465683,-0.12725426256656647,-0.06823596358299255,-0.8610631823539734,-0.0885302871465683,-0.12725426256656647,-0.02657255257557588,False,False,1.17,absolute,0.0,0.0,0.0,0.0,0.0,0.0,-0.02023029962230145,0.06876310747931162,0.01848961933185306,-0.012680996358432594,0.06709734152835387,0.01919807654303311,-0.014127896167337894,0.0013159606605768204,0.02452421933412552,-0.07674188166856766,0.07402694970369339,0.11658649891614914,0.999000072479248,0.009461980313062668,0.033443156629800797,0.02812357433140278,0.33619779348373413,2.0762336254119873,0.03959198296070099,0.05694903805851936,0.9983770847320557,-0.07674188166856766,0.07402694970369339,0.11658649891614914,-0.014127895724353206,0.0013159606956825482,1.024524220188309,0.9990000453794475,0.009461980334756499,0.03344315757757741,0.028123575008303477,-0.02023029962230145,0.06876310747931162,0.01848961933185306,0.3361977856585663,2.0762336201614584,0.03959198357587611,0.05651158289741282,-0.005263842782730193,-0.09809688075323564,position_error,position_error,position_error,0.05714568364796773,-0.007973855935657033,-0.09886692450932433,-0.06982668000640033,0.07507119746401089,0.11806500105235744,-0.014286420911991933,0.0019934639839142582,1.024716731127331,0.9985628027473691,0.009083395373270254,0.044535963388203356,0.028396634710762914,-0.012680996358432594,0.06709734152835387,0.01919807654303311,-0.10007452950497193,2.2268572859847438,0.030806802052381302,0.13604064721693998,0.052162273435752436,0.037472642768811674,0.13625510529521276,0.11472189278165194,0.1109328046770757,0.09381917174265263,0.10367769291822,-0.0005117697268724441,-0.0064579738676548,-8.85302871465683e-05,0.3619306687167168,-0.000995520178568164,-0.0004825112260994778,-3.6052432441687344e-05,0.42315156211960026,1647.0351232599537,1617.4201748939167,1479.6836403314617,1559.8792588943584,-0.005746257997022301,-0.00012225397201444954,-0.012395760638535223,-0.0049698573426516755,-0.003338422625352231,-0.0,-0.0,0.0,-0.02657255257557588,0.0008189925187505409,0.0002080757211297637,0.0006109167976207772,0.0050314270517672986,0.024450794402889907,0.024450794402889907,0.013103880300008655,0.004131920212845075,4.969857342651675,0.003338422625352231,0.7701172232627869,0.06748811900615692,0.0020807572112976373,0.0036655007857246636,d_final,hover
1.18,1.19,STEP,STEP,0.0,0.0,1.0,0.0,0.0,1.0,-0.014286421239376068,0.001993464073166251,0.024716731160879135,-0.06982667744159698,0.07507120072841644,0.1180649995803833,0.9985628128051758,0.009083395823836327,0.04453596472740173,0.02839663438498974,-0.10007452964782715,2.2268571853637695,0.030806802213191986,0.05774694308638573,0.9983312487602234,0.09422236680984497,-0.8729491829872131,-0.03125531226396561,-0.15633121132850647,0.09422236680984497,-0.8729491829872131,-0.03125531226396561,-0.15633121132850647,-0.030700777366229795,False,False,1.18,absolute,0.0,0.0,0.0,0.0,0.0,0.0,-0.012680996358432594,0.06709734152835387,0.01919807654303311,-0.0034162444315203595,0.06578007217503547,0.015748951677545135,-0.014286421239376068,0.001993464073166251,0.024716731160879135,-0.06982667744159698,0.07507120072841644,0.1180649995803833,0.9985628128051758,0.009083395823836327,0.04453596472740173,0.02839663438498974,-0.10007452964782715,2.2268571853637695,0.030806802213191986,0.05774694308638573,0.9983312487602234,-0.06982667744159698,0.07507120072841644,0.1180649995803833,-0.014286420911991933,0.0019934639839142582,1.024716731127331,0.9985628027473691,0.009083395373270254,0.044535963388203356,0.028396634710762914,-0.012680996358432594,0.06709734152835387,0.01919807654303311,-0.10007452950497193,2.2268572859847438,0.030806802052381302,0.05714568364796773,-0.007973855935657033,-0.09886692450932433,position_error,position_error,position_error,0.05743532689712585,-0.01062451974690104,-0.09956469200260987,-0.06085157132864621,0.07640459192193651,0.11531364368015501,-0.014358831724281462,0.00265612993672526,1.0248911730006525,0.9981018668701165,0.006861496060746663,0.05406191980973315,0.028686095040678056,-0.0034162444315203595,0.06578007217503547,0.015748951677545135,-0.45684298440409954,1.8169381113634118,0.02077385477703693,0.1268312113000631,0.036870998849369896,0.044233967327072465,0.13945601685924136,0.116892357033124,0.09552806207989654,0.0838797365369966,0.10994358833521048,0.0007066677510738373,-0.006547118872404098,-3.1255312263965605e-05,0.3473921943357468,-0.0006575002668839603,-0.0016768221283972084,-2.791536765921925e-05,0.4062437439852276,1663.874733553623,1493.7672022115853,1396.0435632060144,1609.6411811075907,-0.005849733707360461,-0.00011418905909358358,-0.017818627810233953,-0.0035104011659663837,-0.0034078256235754146,-0.0,-0.0,0.0,-0.030700777366229795,0.0008328015680754103,0.00021323107472699988,0.0006195704933484104,0.004586718100310421,0.022837811818716715,0.022837811818716715,0.013324825089206564,0.005939542603411318,3.5104011659663836,0.0034078256235754146,0.796334445476532,0.030659878626465797,0.0021323107472699986,0.003717422960090462,d_final,hover
1.19,1.2,STEP,STEP,0.0,0.0,1.0,0.0,0.0,1.0,-0.014358831569552422,0.002656129887327552,0.024891173467040062,-0.0608515702188015,0.07640459388494492,0.11531364172697067,0.9981018900871277,0.00686149625107646,0.05406191945075989,0.028686095029115677,-0.45684298872947693,1.8169381618499756,0.020773854106664658,0.05834343284368515,0.9982965588569641,0.2897566854953766,-0.8464044332504272,0.019375860691070557,-0.11173741519451141,0.2897566854953766,-0.8464044332504272,0.019375860691070557,-0.11173741519451141,-0.03224651394169119,False,False,1.19,absolute,0.0,0.0,0.0,0.0,0.0,0.0,-0.0034162444315203595,0.06578007217503547,0.015748951677545135,0.00706611677043361,0.06504538259663614,0.00941266395496596,-0.014358831569552422,0.002656129887327552,0.024891173467040062,-0.0608515702188015,0.07640459388494492,0.11531364172697067,0.9981018900871277,0.00686149625107646,0.05406191945075989,0.028686095029115677,-0.45684298872947693,1.8169381618499756,0.020773854106664658,0.05834343284368515,0.9982965588569641,-0.0608515702188015,0.07640459388494492,0.11531364172697067,-0.014358831724281462,0.00265612993672526,1.0248911730006525,0.9981018668701165,0.006861496060746663,0.05406191980973315,0.028686095040678056,-0.0034162444315203595,0.06578007217503547,0.015748951677545135,-0.45684298440409954,1.8169381113634118,0.02077385477703693,0.05743532689712585,-0.01062451974690104,-0.09956469200260987,position_error,position_error,position_error,0.05732324374067588,-0.013236053357400425,-0.10004926553124704,-0.05025712697024227,0.07828143595403657,0.109461929486213,-0.01433081093516897,0.003309013339350106,1.0250123163828118,0.9977895369578762,0.0036693941421497,0.05969324142388184,0.028970543873510928,0.00706611677043361,0.06504538259663614,0.00941266395496596,-0.6329475910019832,0.9587924310525204,0.014841938508293573,0.12275874334837074,0.031352170534865234,0.063716767557637,0.1518614109618714,0.11794994362160634,0.08206568038463734,0.0800820265577258,0.11727917481072914,0.0021731751412153244,-0.006348033249378204,1.9375860691070555e-05,0.36968909240274433,-9.38471123590216e-05,-0.0025837933032279714,-7.798536995244003e-06,0.39737682537469865,1672.0485884622599,1380.4303129009543,1363.222298232152,1666.8667175542307,-0.005916912938398796,-0.00010317838016586825,-0.021460485150361714,-0.0013201258619374998,-0.0034458116108273093,-0.0,-0.0,0.0,-0.03224651394169119,0.000841937682173429,0.00021632171133955543,0.0006256159708338736,0.004369430046085294,0.02063567603317365,0.02063567603317365,0.013471002914774865,0.007153495050120571,1.3201258619374998,0.0034458116108273093,0.8132200837135315,0.043490417301654816,0.0021632171133955545,0.0037536958250032415,d_final,hover
1.2,1.21,STEP,STEP,0.0,0.0,1.0,0.0,0.0,1.0,-0.014330810867249966,0.003309013321995735,0.025012316182255745,-0.0502571277320385,0.07828143239021301,0.10946192592382431,0.9977895617485046,0.0036693941801786423,0.059693239629268646,0.028970543295145035,-0.632947564125061,0.9587924480438232,0.014841938391327858,0.05866732820868492,0.9982776045799255,0.503829836845398,-0.5809714198112488,0.06431333720684052,0.022386841475963593,0.503829836845398,-0.5809714198112488,0.06431333720684052,0.022386841475963593,-0.031354289461625294,False,False,1.2,absolute,0.0,0.0,0.0,0.0,0.0,0.0,0.00706611677043361,0.06504538259663614,0.00941266395496596,0.01819583698497877,0.06492172072210166,0.003108399608933446,-0.014330810867249966,0.003309013321995735,0.025012316182255745,-0.0502571277320385,0.07828143239021301,0.10946192592382431,0.9977895617485046,0.0036693941801786423,0.059693239629268646,0.028970543295145035,-0.632947564125061,0.9587924480438232,0.014841938391327858,0.05866732820868492,0.9982776045799255,-0.0502571277320385,0.07828143239021301,0.10946192592382431,-0.01433081093516897,0.003309013339350106,1.0250123163828118,0.9977895369578762,0.0036693941421497,0.05969324142388184,0.028970543873510928,0.00706611677043361,0.06504538259663614,0.00941266395496596,-0.6329475910019832,0.9587924310525204,0.014841938508293573,0.05732324374067588,-0.013236053357400425,-0.10004926553124704,position_error,position_error,position_error,0.0567744387115138,-0.01583310327305579,-0.10027003370219312,-0.03857860172653503,0.08075482399515745,0.10337843331112656,-0.01419360967787845,0.003958275818263948,1.0250675084255483,0.9977773031648168,0.0007765488146560037,0.05988414288596457,0.029218824273014084,0.01819583698497877,0.06492172072210166,0.003108399608933446,-0.5505135148165426,-0.17799095774768725,0.01455186161182126,0.11598568493671038,0.048950188813123824,0.1078035060052469,0.16401184098290075,0.11759320900000537,0.07561178163162416,0.08490614476505234,0.1254692604569224,0.0037787237763404844,-0.004357285648584366,6.431333720684051e-05,0.43675122073798184,0.0006070600078416548,-0.002918362319895183,8.424771358476373e-06,0.4035803958536043,1669.29372893639,1323.8942699133365,1404.8271477622588,1729.6065579360857,-0.005941544903403784,-9.348375291763255e-05,-0.021520281583488985,-0.0003349576677119723,-0.0034640215541029227,-0.0,-0.0,0.0,-0.031354289461625294,0.000845506481806352,0.00021712650314141793,0.000628379978664934,0.004555580453231303,0.01869675058352651,0.01869675058352651,0.013528103708901631,0.007173427194496328,0.3349576677119723,0.0034640215541029227,0.5960096716880798,0.13629069924354553,0.0021712650314141793,0.0037702798719896043,d_final,hover
1.21,1.22,STEP,STEP,0.0,0.0,1.0,0.0,0.0,1.0,-0.014193609356880188,0.003958276007324457,0.025067508220672607,-0.03857860341668129,0.0807548239827156,0.10337843000888824,0.9977772831916809,0.0007765488117001951,0.05988414213061333,0.029218824580311775,-0.550513505935669,-0.17799095809459686,0.014551861211657524,0.058821965008974075,0.9982684850692749,0.46839427947998047,0.20538198947906494,0.10069204121828079,0.21853910386562347,0.46839427947998047,0.20538198947906494,0.10069204121828079,0.21853910386562347,-0.029002130961884705,False,False,1.21,absolute,0.0,0.0,0.0,0.0,0.0,0.0,0.01819583698497877,0.06492172072210166,0.003108399608933446,0.029347167626643387,0.0652326833101229,0.0004829072605606321,-0.014193609356880188,0.003958276007324457,0.025067508220672607,-0.03857860341668129,0.0807548239827156,0.10337843000888824,0.9977772831916809,0.0007765488117001951,0.05988414213061333,0.029218824580311775,-0.550513505935669,-0.17799095809459686,0.014551861211657524,0.058821965008974075,0.9982684850692749,-0.03857860341668129,0.0807548239827156,0.10337843000888824,-0.01419360967787845,0.003958275818263948,1.0250675084255483,0.9977773031648168,0.0007765488146560037,0.05988414288596457,0.029218824273014084,0.01819583698497877,0.06492172072210166,0.003108399608933446,-0.5505135148165426,-0.17799095774768725,0.01455186161182126,0.0567744387115138,-0.01583310327305579,-0.10027003370219312,position_error,position_error,position_error,0.05577781012365979,-0.01843654292272782,-0.10031517170922921,-0.0264306424970164,0.08366922623285072,0.10079807896978984,-0.013944452530914947,0.004609135730681955,1.0250787929273073,0.9980786886404929,-0.0005002630491641614,0.05454210606372582,0.029391149768072746,0.029347167626643387,0.0652326833101229,0.0004829072605606321,-0.211889846959615,-1.2670764218438266,0.018523211065487932,0.10221199316861476,0.11552049065948075,0.1736774438431009,0.1434174242616153,0.11475941124440842,0.08243226093458787,0.09966830374389604,0.12867900036463073,0.0035129570960998535,0.001540364921092987,0.0001006920412182808,0.5348273519328117,0.0011015073668685506,-0.00216859957822978,1.969973491317001e-05,0.425538976287523,1647.3269632118,1383.5947605649344,1527.5632754375108,1753.8989961895195,-0.005930594013852446,-8.929685502604517e-05,-0.017850549581910458,-0.0016507230753853006,-0.003480967435710455,-0.0,-0.0,0.0,-0.029002130961884705,0.0008446377432615482,0.00021569188857078935,0.0006289458546907588,0.005116792418967394,0.017859371005209033,0.017859371005209033,0.013514203892184771,0.005950183193970152,1.6507230753853006,0.003480967435710455,0.31947317719459534,0.6594064831733704,0.0021569188857078936,0.003773675128144553,d_final,hover
1.22,1.23,STEP,STEP,0.0,0.0,1.0,0.0,0.0,1.0,-0.013944452628493309,0.004609135910868645,0.02507879212498665,-0.02643064223229885,0.08366922289133072,0.10079807788133621,0.9980787038803101,-0.0005002630641683936,0.05454210564494133,0.029391149058938026,-0.21188984811306,-1.2670763731002808,0.018523210659623146,0.05896550044417381,0.9982600212097168,0.17679259181022644,0.7792260646820068,0.08574214577674866,0.15947557985782623,0.17679259181022644,0.7792260646820068,0.08574214577674866,0.15947557985782623,-0.02569359031497149,False,False,1.22,absolute,0.0,0.0,0.0,0.0,0.0,0.0,0.029347167626643387,0.0652326833101229,0.0004829072605606321,0.039521063927252,0.06558523281457561,0.0016232950212379594,-0.013944452628493309,0.004609135910868645,0.02507879212498665,-0.02643064223229885,0.08366922289133072,0.10079807788133621,0.9980787038803101,-0.0005002630641683936,0.05454210564494133,0.029391149058938026,-0.21188984811306,-1.2670763731002808,0.018523210659623146,0.05896550044417381,0.9982600212097168,-0.02643064223229885,0.08366922289133072,0.10079807788133621,-0.013944452530914947,0.004609135730681955,1.0250787929273073,0.9980786886404929,-0.0005002630491641614,0.05454210606372582,0.029391149768072746,0.029347167626643387,0.0652326833101229,0.0004829072605606321,-0.211889846959615,-1.2670764218438266,0.018523211065487932,0.05577781012365979,-0.01843654292272782,-0.10031517170922921,position_error,position_error,position_error,0.05435501678440566,-0.021054978586030247,-0.1003525719405447,-0.014833952857153658,0.08664021140060585,0.10197586696178265,-0.013588754196101414,0.005263744646507562,1.0250881429851362,0.9985303302710152,0.0005800818709754754,0.04547543248207849,0.02947588971427837,0.039521063927252,0.06558523281457561,0.0016232950212379594,0.25580558963985495,-1.929344771383275,0.02620395462130621,0.07923154180506785,0.1546643872482482,0.18063360549749885,0.09076605537809825,0.10802330151427134,0.0945214215820809,0.1134317974997606,0.12153292822653793,0.0013259444385766983,0.005844195485115051,8.574214577674866e-05,0.5052955899289131,0.0011462091929817504,-0.0007637744418478054,3.2080450280153744e-05,0.43750944882265075,1594.4820451725893,1485.4809349197162,1636.9835948511409,1699.5936423305538,-0.005900101993712833,-9.062824915758562e-05,-0.012410108726454684,-0.003788494393792771,-0.0035042569518536153,-0.0,-0.0,0.0,-0.02569359031497149,0.0008417761667483383,0.0002123612483057008,0.0006294149184426375,0.00586597234401,0.018125649831517123,0.018125649831517123,0.013468418667973412,0.004136702908818228,3.788494393792771,0.0035042569518536153,0.671233057975769,0.41804057359695435,0.002123612483057008,0.003776489510655825,d_final,hover
1.23,1.24,STEP,STEP,0.0,0.0,1.0,0.0,0.0,1.0,-0.013588754460215569,0.005263744853436947,0.025088142603635788,-0.014833953231573105,0.08664020895957947,0.10197586566209793,0.9985303282737732,0.0005800818908028305,0.04547543078660965,0.02947589010000229,0.2558055818080902,-1.9293447732925415,0.026203954592347145,0.0591621957719326,0.9982483983039856,-0.03600996360182762,0.8923859000205994,0.03374052792787552,-0.005742162466049194,-0.03600996360182762,0.8923859000205994,0.03374052792787552,-0.005742162466049194,-0.021642247578487473,False,False,1.23,absolute,0.0,0.0,0.0,0.0,0.0,0.0,0.039521063927252,0.06558523281457561,0.0016232950212379594,0.04781653880329762,0.06548015262363988,0.003246106526832439,-0.013588754460215569,0.005263744853436947,0.025088142603635788,-0.014833953231573105,0.08664020895957947,0.10197586566209793,0.9985303282737732,0.0005800818908028305,0.04547543078660965,0.02947589010000229,0.2558055818080902,-1.9293447732925415,0.026203954592347145,0.0591621957719326,0.9982483983039856,-0.014833953231573105,0.08664020895957947,0.10197586566209793,-0.013588754196101414,0.005263744646507562,1.0250881429851362,0.9985303302710152,0.0005800818709754754,0.04547543248207849,0.02947588971427837,0.039521063927252,0.06558523281457561,0.0016232950212379594,0.25580558963985495,-1.929344771383275,0.02620395462130621,0.05435501678440566,-0.021054978586030247,-0.1003525719405447,position_error,position_error,position_error,0.052568398838340163,-0.023678062857714385,-0.10045967318759708,-0.004751860035042542,0.08915821548135426,0.10370577971442951,-0.013142099709585041,0.005919515714428596,1.0251149182968993,0.9989263131635512,0.003913668456723373,0.03549962910244643,0.029507294052058663,0.04781653880329762,0.06548015262363988,0.003246106526832439,0.6886134139871479,-2.0069509918400437,0.0369534904430162,0.061675107641911635,0.15348772178843897,0.1525083635200168,0.055015525816608075,0.09900399539027682,0.10461173882912236,0.12029534643220441,0.1082697847773212,-0.00027007472701370713,0.006692894250154495,3.374052792787552e-05,0.42268671876697544,0.0008820859305859199,0.00062342550158878,3.8121840203263636e-05,0.4321808654289248,1522.1706212074382,1567.3527857631948,1690.1045808564568,1596.4322173340956,-0.005862109237059977,-9.363328153895007e-05,-0.0076532428032024796,-0.0045034062780266925,-0.0035298559786593733,-0.0,-0.0,0.0,-0.021642247578487473,0.000838514572129968,0.0002077554510700423,0.0006307591210599257,0.006584608978325983,0.018726656307790013,0.018726656307790013,0.013416233154079488,0.0025510809344008265,4.503406278026692,0.0035298559786593733,0.7988206744194031,0.08809114992618561,0.002077554510700423,0.003784554726359554,d_final,hover
1.24,1.25,STEP,STEP,0.0,0.0,1.0,0.0,0.0,1.0,-0.013142099604010582,0.005919515620917082,0.025114918127655983,-0.004751860164105892,0.08915821462869644,0.10370577871799469,0.9989263415336609,0.0039136684499681,0.03549962863326073,0.029507294297218323,0.6886134147644043,-2.006951093673706,0.03695349022746086,0.05937764421105385,0.9982355833053589,-0.19847583770751953,0.9006080627441406,0.0023123398423194885,-0.06626520305871964,-0.19847583770751953,0.9006080627441406,0.0023123398423194885,-0.06626520305871964,-0.017766366219003422,False,False,1.24,absolute,0.0,0.0,0.0,0.0,0.0,0.0,0.04781653880329762,0.06548015262363988,0.003246106526832439,0.054131349543169706,0.06453303663963172,0.003146696574696722,-0.013142099604010582,0.005919515620917082,0.025114918127655983,-0.004751860164105892,0.08915821462869644,0.10370577871799469,0.9989263415336609,0.0039136684499681,0.03549962863326073,0.029507294297218323,0.6886134147644043,-2.006951093673706,0.03695349022746086,0.05937764421105385,0.9982355833053589,-0.004751860164105892,0.08915821462869644,0.10370577871799469,-0.013142099709585041,0.005919515714428596,1.0251149182968993,0.9989263131635512,0.003913668456723373,0.03549962910244643,0.029507294052058663,0.04781653880329762,0.06548015262363988,0.003246106526832439,0.6886134139871479,-2.0069509918400437,0.0369534904430162,0.052568398838340163,-0.023678062857714385,-0.10045967318759708,position_error,position_error,position_error,0.0504985000095756,-0.026277637687780953,-0.10059379709553085,0.003632849533594107,0.09081067432741267,0.10374049367022757,-0.0126246250023939,0.006569409421945238,1.0251484492738827,0.9991500706993703,0.008797468144933405,0.027363635742151508,0.029546103205890746,0.054131349543169706,0.06453303663963172,0.003146696574696722,0.9769715978286923,-1.5426101847308382,0.049214595873351585,0.06096707889697516,0.1562972638372329,0.13544016173921358,0.03972069399721856,0.0916558445835257,0.11357107266489852,0.12300614327171513,0.09416484380373577,-0.0014885687828063965,0.006754560470581055,2.3123398423194887e-06,0.3924251984706402,0.00042228258873452853,0.0017944970315073461,4.114086403644282e-05,0.42239790432387514,1461.736468690963,1638.0702794061733,1710.855850520179,1482.5389979904483,-0.005820049971328432,-9.510933097237836e-05,-0.004956984040741616,-0.0033365417614462365,-0.003557681114514761,-0.0,-0.0,0.0,-0.017766366219003422,0.000834982797485264,0.00020253829660421205,0.0006324445008810519,0.007104617520630078,0.01902186619447567,0.01902186619447567,0.013359724759764224,0.0016523280135805388,3.3365417614462363,0.003557681114514761,0.8548839688301086,0.031113531440496445,0.0020253829660421205,0.0037946670052863116,d_final,hover
1.25,1.26,STEP,STEP,0.0,0.0,1.0,0.0,0.0,1.0,-0.012624625116586685,0.006569409277290106,0.02514844946563244,0.003632849548012018,0.09081067144870758,0.10374049097299576,0.9991500973701477,0.008797467686235905,0.02736363559961319,0.02954610250890255,0.9769716262817383,-1.5426101684570312,0.049214594066143036,0.059610940515995026,0.9982216954231262,-0.3284550905227661,0.8540539145469666,-0.007106836885213852,-0.022024229168891907,-0.3284550905227661,0.8540539145469666,-0.007106836885213852,-0.022024229168891907,-0.015483214298641083,False,False,1.25,absolute,0.0,0.0,0.0,0.0,0.0,0.0,0.054131349543169706,0.06453303663963172,0.003146696574696722,0.05910307553304923,0.06255647269763785,0.001822762594341484,-0.012624625116586685,0.006569409277290106,0.02514844946563244,0.003632849548012018,0.09081067144870758,0.10374049097299576,0.9991500973701477,0.008797467686235905,0.02736363559961319,0.02954610250890255,0.9769716262817383,-1.5426101684570312,0.049214594066143036,0.059610940515995026,0.9982216954231262,0.003632849548012018,0.09081067144870758,0.10374049097299576,-0.0126246250023939,0.006569409421945238,1.0251484492738827,0.9991500706993703,0.008797468144933405,0.027363635742151508,0.029546103205890746,0.054131349543169706,0.06453303663963172,0.003146696574696722,0.9769715978286923,-1.5426101847308382,0.049214595873351585,0.0504985000095756,-0.026277637687780953,-0.10059379709553085,position_error,position_error,position_error,0.04821108786152433,-0.028814914623535786,-0.10068993069874832,0.010891987671524897,0.09137138732117364,0.1025126932930898,-0.012052771965381083,0.0072037286558839465,1.025172482674687,0.9991869372308803,0.01418197864276156,0.023329726881528092,0.029665801735039337,0.05910307553304923,0.06255647269763785,0.001822762594341484,1.0582300927387454,-0.6429391280070669,0.061960037657375004,0.07546295779219439,0.16664814228965577,0.1312116663225512,0.04122291901115274,0.08864290706498551,0.1228219245293439,0.12448340324831124,0.08345062882279376,-0.0024634131789207456,0.006405404359102249,-7.106836885213852e-06,0.4145456854155541,-0.0001248314171435989,0.002659112902266561,4.071131634928501e-05,0.41939886366543444,1436.510090629921,1709.4495280649523,1722.1132773029676,1392.360715142302,-0.005773553490015324,-9.48810905131784e-05,-0.004472428047542637,-0.0015370606977668441,-0.0036052909728030995,-0.0,-0.0,0.0,-0.015483214298641083,0.0008308169026045009,0.0001971630185970797,0.0006336538840074212,0.007409808277310962,0.01897621810263568,0.01897621810263568,0.013293070441672014,0.001490809349180879,1.5370606977668442,0.0036052909728030995,0.8378264307975769,0.021107880398631096,0.001971630185970797,0.003801923304044527,d_final,hover
1.26,1.27,STEP,STEP,0.0,0.0,1.0,0.0,0.0,1.0,-0.012052771635353565,0.007203728426247835,0.025172483175992966,0.010891987942159176,0.09137138724327087,0.10251269489526749,0.9991869330406189,0.01418197900056839,0.023329727351665497,0.02966580167412758,1.0582300424575806,-0.6429391503334045,0.06196003779768944,0.06000800058245659,0.9981979131698608,-0.4287315011024475,0.4987061619758606,-0.03842867910861969,0.11117057502269745,-0.4287315011024475,0.4987061619758606,-0.03842867910861969,0.11117057502269745,-0.016445146331354327,False,False,1.26,absolute,0.0,0.0,0.0,0.0,0.0,0.0,0.05910307553304923,0.06255647269763785,0.001822762594341484,0.06379920868881193,0.059518995229055176,0.0017526464969833135,-0.012052771635353565,0.007203728426247835,0.025172483175992966,0.010891987942159176,0.09137138724327087,0.10251269489526749,0.9991869330406189,0.01418197900056839,0.023329727351665497,0.02966580167412758,1.0582300424575806,-0.6429391503334045,0.06196003779768944,0.06000800058245659,0.9981979131698608,0.010891987942159176,0.09137138724327087,0.10251269489526749,-0.012052771965381083,0.0072037286558839465,1.025172482674687,0.9991869372308803,0.01418197864276156,0.023329726881528092,0.029665801735039337,0.05910307553304923,0.06255647269763785,0.001822762594341484,1.0582300927387454,-0.6429391280070669,0.061960037657375004,0.04821108786152433,-0.028814914623535786,-0.10068993069874832,position_error,position_error,position_error,0.045735283596574486,-0.031247541715508385,-0.1007535292257895,0.01806392509223745,0.09076653694456356,0.10250617572277282,-0.011433820899143621,0.007811885428877096,1.0251883823064474,0.9990653285010577,0.01889779163160997,0.024807452434458335,0.029932142626850358,0.06379920868881193,0.059518995229055176,0.0017526464969833135,0.911527939236883,0.5007575358099485,0.07282278216700964,0.11495740084868923,0.17108842176808398,0.12237940560827978,0.07271785928629577,0.09325350644254177,0.13130104814107513,0.1241013147126461,0.08146746704201627,-0.0032154862582683564,0.0037402962148189545,-3.842867910861969e-05,0.48114308751134877,-0.0006712419983676875,0.0028524905211467647,2.7242657474253122e-05,0.43012333633827926,1475.0037943951247,1773.6301837176986,1719.2049548200798,1375.2559816728758,-0.005724305762370464,-9.536192839977382e-05,-0.005835217349037964,-0.0010869444512824342,-0.0037033168402636906,-0.0,-0.0,0.0,-0.016445146331354327,0.000826212417523347,0.00019175781430759575,0.0006344546032157512,0.007615921592138257,0.019072385679954763,0.019072385679954763,0.013219398680373551,0.001945072449679321,1.0869444512824342,0.0037033168402636906,0.4463541805744171,0.15504929423332214,0.0019175781430759574,0.0038067276192945074,d_final,hover
1.27,1.28,STEP,STEP,0.0,0.0,1.0,0.0,0.0,1.0,-0.01143382117152214,0.007811885327100754,0.0251883827149868,0.018063925206661224,0.0907665342092514,0.10250617563724518,0.9990653395652771,0.01889779232442379,0.024807453155517578,0.029932143166661263,0.9115279316902161,0.5007575154304504,0.07282277941703796,0.060817331075668335,0.9981489181518555,-0.3991858661174774,-0.36488375067710876,-0.11905612796545029,0.1049511581659317,-0.3991858661174774,-0.36488375067710876,-0.11905612796545029,0.1049511581659317,-0.02111025145894438,False,False,1.27,absolute,0.0,0.0,0.0,0.0,0.0,0.0,0.06379920868881193,0.059518995229055176,0.0017526464969833135,0.06935412635487291,0.05562743556988851,0.0035529784640066387,-0.01143382117152214,0.007811885327100754,0.0251883827149868,0.018063925206661224,0.0907665342092514,0.10250617563724518,0.9990653395652771,0.01889779232442379,0.024807453155517578,0.029932143166661263,0.9115279316902161,0.5007575154304504,0.07282277941703796,0.060817331075668335,0.9981489181518555,0.018063925206661224,0.0907665342092514,0.10250617563724518,-0.011433820899143621,0.007811885428877096,1.0251883823064474,0.9990653285010577,0.01889779163160997,0.024807452434458335,0.029932142626850358,0.06379920868881193,0.059518995229055176,0.0017526464969833135,0.911527939236883,0.5007575358099485,0.07282278216700964,0.045735283596574486,-0.031247541715508385,-0.1007535292257895,position_error,position_error,position_error,0.04305440280018031,-0.03353702608435908,-0.10086200089158748,0.0262997235546926,0.08916446165424759,0.10441497935559411,-0.010763600700045077,0.00838425652108977,1.0252155002228969,0.9988011761821871,0.021877481088801318,0.031551328126406354,0.030366099053860732,0.06935412635487291,0.05562743556988851,0.0035529784640066387,0.5560543431204183,1.5190901696622128,0.07715026420489743,0.1550188641253918,0.12633828639588177,0.07397626582303979,0.12269996273865258,0.103790816873702,0.13039790392911263,0.11444782790400262,0.08854268324728025,-0.0029938939958810804,-0.002736628130078316,-0.0001190561279654503,0.4780333790829659,-0.0011030127022299049,0.0018565699521824628,-4.169537848208184e-06,0.43717923195409747,1560.7854678623028,1766.8450966340006,1644.9024764248788,1435.6661670771364,-0.005676437283359944,-9.772232297487093e-05,-0.00884466291198612,-0.002622783539334336,-0.00386864540128911,-0.0,-0.0,0.0,-0.02111025145894438,0.0008219723089323593,0.00018615085744144722,0.0006358214514909121,0.007917030086495469,0.019544464594974185,0.019544464594974185,0.013151556942917749,0.00294822097066204,2.622783539334336,0.00386864540128911,0.3176786005496979,0.7531999349594116,0.0018615085744144722,0.0038149287089454726,d_final,hover
1.28,1.29,STEP,STEP,0.0,0.0,1.0,0.0,0.0,1.0,-0.010763600468635559,0.00838425662368536,0.025215500965714455,0.026299724355340004,0.08916445821523666,0.10441497713327408,0.9988011717796326,0.021877480670809746,0.03155132755637169,0.030366098508238792,0.5560543537139893,1.519090175628662,0.07715026289224625,0.062158338725566864,0.9980663061141968,-0.17509448528289795,-0.8825883865356445,-0.12136917561292648,-0.05577588826417923,-0.17509448528289795,-0.8825883865356445,-0.12136917561292648,-0.05577588826417923,-0.027126418509230667,False,False,1.28,absolute,0.0,0.0,0.0,0.0,0.0,0.0,0.06935412635487291,0.05562743556988851,0.0035529784640066387,0.07648392346309892,0.051420923041044966,0.004288164529719777,-0.010763600468635559,0.00838425662368536,0.025215500965714455,0.026299724355340004,0.08916445821523666,0.10441497713327408,0.9988011717796326,0.021877480670809746,0.03155132755637169,0.030366098508238792,0.5560543537139893,1.519090175628662,0.07715026289224625,0.062158338725566864,0.9980663061141968,0.026299724355340004,0.08916445821523666,0.10441497713327408,-0.010763600700045077,0.00838425652108977,1.0252155002228969,0.9988011761821871,0.021877481088801318,0.031551328126406354,0.030366099053860732,0.06935412635487291,0.05562743556988851,0.0035529784640066387,0.5560543431204183,1.5190901696622128,0.07715026420489743,0.04305440280018031,-0.03353702608435908,-0.10086200089158748,position_error,position_error,position_error,0.04011468226384253,-0.03566116913624078,-0.10103001088819763,0.036369241199256386,0.08708209217728574,0.10531817541791741,-0.010028670565960632,0.008915292284060196,1.0252575027220494,0.9984163766683736,0.022475588922376964,0.041272886826637566,0.03092144103990783,0.07648392346309892,0.051420923041044966,0.004288164529719777,0.08000200886886166,2.0143715153931305,0.07241950037894038,0.1504019764368425,0.06700470428486044,0.03821669092363405,0.1420464842225735,0.11189185411406105,0.11799422555418064,0.09862665477609761,0.0976827535996038,-0.0013132086396217347,-0.0066194128990173335,-0.00012136917561292649,0.3976698558679104,-0.001187103213547762,0.0002491209683603661,-3.064131336593713e-05,0.4261954880439431,1624.9428711407345,1672.3903930145902,1519.102481854291,1511.4115901645935,-0.005628215360833884,-9.9989652783711e-05,-0.01325161970647264,-0.004069337507485405,-0.004077256281655023,-0.0,-0.0,0.0,-0.027126418509230667,0.0008179981135851217,0.0001800566698307884,0.0006379414437543332,0.008512290229736189,0.0199979305567422,0.0199979305567422,0.013087969817361947,0.004417206568824213,4.069337507485406,0.004077256281655023,0.8274617791175842,0.3440735638141632,0.0018005666983078841,0.0038276486625259997,d_final,hover
1.29,1.3,STEP,STEP,0.0,0.0,1.0,0.0,0.0,1.0,-0.01002867054194212,0.008915292099118233,0.025257503613829613,0.036369241774082184,0.08708209544420242,0.10531817376613617,0.9984163641929626,0.02247558906674385,0.04127288609743118,0.030921440571546555,0.08000200986862183,2.014371633529663,0.07241950184106827,0.06381001323461533,0.9979620575904846,0.01724449172616005,-0.9614760279655457,-0.06269756704568863,-0.13720941543579102,0.01724449172616005,-0.9614760279655457,-0.06269756704568863,-0.13720941543579102,-0.03163230352186627,False,False,1.29,absolute,0.0,0.0,0.0,0.0,0.0,0.0,0.07648392346309892,0.051420923041044966,0.004288164529719777,0.08526405717404927,0.04748821739533469,0.0015586571893024719,-0.01002867054194212,0.008915292099118233,0.025257503613829613,0.036369241774082184,0.08708209544420242,0.10531817376613617,0.9984163641929626,0.02247558906674385,0.04127288609743118,0.030921440571546555,0.08000200986862183,2.014371633529663,0.07241950184106827,0.06381001323461533,0.9979620575904846,0.036369241774082184,0.08708209544420242,0.10531817376613617,-0.010028670565960632,0.008915292284060196,1.0252575027220494,0.9984163766683736,0.022475588922376964,0.041272886826637566,0.03092144103990783,0.07648392346309892,0.051420923041044966,0.004288164529719777,0.08000200886886166,2.0143715153931305,0.07241950037894038,0.04011468226384253,-0.03566116913624078,-0.10103001088819763,position_error,position_error,position_error,0.03684945230660264,-0.03762199617200035,-0.10114832916664085,0.04841460486744663,0.08511021356733503,0.10270698635594332,-0.00921236307665066,0.009405499043000087,1.0252870822916602,0.9979954646370077,0.020758012981094486,0.050799043114868235,0.03152165413891979,0.08526405717404927,0.04748821739533469,0.0015586571893024719,-0.37361375723381907,1.8634072439782354,0.06278456580713834,0.13667540598045286,0.03997206806406015,0.03652356717695557,0.14378205106063596,0.11628512721795092,0.10185607861079474,0.08581003465207218,0.10566321522179997,0.00012933368794620036,-0.007211070209741592,-6.269756704568863e-05,0.35695309228210453,-0.0009428455827845527,-0.0012120482125487324,-3.2219343857675295e-05,0.4096144557026178,1659.1723595223978,1545.2451624970415,1412.5328134216106,1575.7419727943245,-0.005569929641990292,-0.00010068223732134146,-0.018068627305857173,-0.0036158156982085254,-0.004277248638488936,-0.0,-0.0,0.0,-0.03163230352186627,0.0008127675765291075,0.00017333104570391197,0.0006394365308251955,0.009527519649399874,0.020136447464268292,0.020136447464268292,0.01300428122446572,0.006022875768619058,3.615815698208525,0.004277248638488936,0.947490930557251,0.05329132080078125,0.0017333104570391197,0.0038366191849511727,d_final,hover
1.3,1.31,STEP,STEP,0.0,0.0,1.0,0.0,0.0,1.0,-0.009212363511323929,0.009405499324202538,0.0252870824187994,0.04841460660099983,0.08511020988225937,0.10270698368549347,0.9979954361915588,0.02075801230967045,0.050799041986465454,0.03152165561914444,-0.37361374497413635,1.8634072542190552,0.06278456747531891,0.06535406410694122,0.9978621602058411,0.22614550590515137,-0.9567721486091614,-0.0036231577396392822,-0.12673693895339966,0.22614550590515137,-0.9567721486091614,-0.0036231577396392822,-0.12673693895339966,-0.033307236912684696,False,False,1.3,absolute,0.0,0.0,0.0,0.0,0.0,0.0,0.08526405717404927,0.04748821739533469,0.0015586571893024719,0.09531843411311616,0.044191302022656635,-0.004433149936577385,-0.009212363511323929,0.009405499324202538,0.0252870824187994,0.04841460660099983,0.08511020988225937,0.10270698368549347,0.9979954361915588,0.02075801230967045,0.050799041986465454,0.03152165561914444,-0.37361374497413635,1.8634072542190552,0.06278456747531891,0.06535406410694122,0.9978621602058411,0.04841460660099983,0.08511020988225937,0.10270698368549347,-0.00921236307665066,0.009405499043000087,1.0252870822916602,0.9979954646370077,0.020758012981094486,0.050799043114868235,0.03152165413891979,0.08526405717404927,0.04748821739533469,0.0015586571893024719,-0.37361375723381907,1.8634072439782354,0.06278456580713834,0.03684945230660264,-0.03762199617200035,-0.10114832916664085,position_error,position_error,position_error,0.03320070897620338,-0.03944004069830067,-0.10107562773322076,0.062117725136912785,0.0836313427209573,0.09664247779664338,-0.008300177244050844,0.009860010174575167,1.0252689069333052,0.9976904148576239,0.017455018284776896,0.05725956986330988,0.03210140334891042,0.09531843411311616,0.044191302022656635,-0.004433149936577385,-0.6739141008163163,1.153536627138339,0.055350642739333655,0.1291425434370656,0.027965538678088618,0.051647142216870764,0.15343410619127523,0.11858887685324158,0.08606629005080957,0.07916678450315914,0.11397012835332151,0.0016960912942886352,-0.00717579111456871,-3.6231577396392825e-06,0.3621893305233002,-0.00040722787185185506,-0.002380308278222475,-1.3547696863518209e-05,0.39779207976053177,1676.9770058763952,1414.7124481655258,1355.233465715915,1641.1817973973646,-0.005492233374878088,-0.00010096290888084988,-0.021500016025518966,-0.0017878706590804165,-0.0044261539443263736,-0.0,-0.0,0.0,-0.033307236912684696,0.0008046304005294245,0.0001661127429253853,0.0006385176576040392,0.0110581278745943,0.020192581776169977,0.020192581776169977,0.012874086408470792,0.007166672008506321,1.7878706590804165,0.0044261539443263736,0.9826301336288452,0.04726121947169304,0.001661127429253853,0.0038311059456242347,d_final,hover
1.31,1.32,STEP,STEP,0.0,0.0,1.0,0.0,0.0,1.0,-0.008300176821649075,0.009860009886324406,0.025268906727433205,0.06211772561073303,0.08363134413957596,0.09664247930049896,0.9976904392242432,0.017455019056797028,0.05725957080721855,0.032101403921842575,-0.6739140748977661,1.1535366773605347,0.055350642651319504,0.06648027896881104,0.9977877140045166,0.47646617889404297,-0.7870714664459229,0.05183359980583191,-0.02085089311003685,0.47646617889404297,-0.7870714664459229,0.05183359980583191,-0.02085089311003685,-0.0322213557299989,False,False,1.31,absolute,0.0,0.0,0.0,0.0,0.0,0.0,0.09531843411311616,0.044191302022656635,-0.004433149936577385,0.10609274707305455,0.04160897219366783,-0.011314444526335718,-0.008300176821649075,0.009860009886324406,0.025268906727433205,0.06211772561073303,0.08363134413957596,0.09664247930049896,0.9976904392242432,0.017455019056797028,0.05725957080721855,0.032101403921842575,-0.6739140748977661,1.1535366773605347,0.055350642651319504,0.06648027896881104,0.9977877140045166,0.06211772561073303,0.08363134413957596,0.09664247930049896,-0.008300177244050844,0.009860010174575167,1.0252689069333052,0.9976904148576239,0.017455018284776896,0.05725956986330988,0.03210140334891042,0.09531843411311616,0.044191302022656635,-0.004433149936577385,-0.6739141008163163,1.153536627138339,0.055350642739333655,0.03320070897620338,-0.03944004069830067,-0.10107562773322076,position_error,position_error,position_error,0.029130553233641308,-0.04114353368623192,-0.10073208754811525,0.07696219383941325,0.08275250587989975,0.08941764302177953,-0.007282638308410327,0.01028588342155798,1.0251830218870288,0.9976576293243585,0.01384181433435956,0.05852055737110076,0.032603729722375935,0.10609274707305455,0.04160897219366783,-0.011314444526335718,-0.7134123058655134,0.043232652797992106,0.05399688794105777,0.12243712802909111,0.034591694122541095,0.08949214632015323,0.16861138497319622,0.11928398024132494,0.07550043849628277,0.08100655214647545,0.12348881149539817,0.0035734963417053222,-0.005903035998344421,5.183359980583191e-05,0.4151323534449816,0.0003433304570903215,-0.0030499273976771282,7.72961743294965e-06,0.39927978237948136,1682.3304651962774,1322.9045184523513,1371.2603889401455,1714.5378988969405,-0.005393469733105503,-0.0001038333569677433,-0.021697508754547064,-0.0005137418443356196,-0.004512802041042972,-0.0,-0.0,0.0,-0.0322213557299989,0.000793020809855579,0.00015883621849300693,0.0006341845913625722,0.013114994203460075,0.02076667139354866,0.02076667139354866,0.012688332957689265,0.007232502918182355,0.5137418443356196,0.004512802041042972,0.8496230244636536,0.1057460680603981,0.0015883621849300694,0.0038051075481754333,d_final,hover
1.32,1.33,STEP,STEP,0.0,0.0,1.0,0.0,0.0,1.0,-0.00728263845667243,0.010285883210599422,0.025183022022247314,0.0769621953368187,0.08275250345468521,0.08941764384508133,0.9976576566696167,0.013841814361512661,0.05852055922150612,0.032603729516267776,-0.7134122848510742,0.04323265329003334,0.05399688705801964,0.06712687760591507,0.9977444410324097,0.5827220678329468,-0.10892894119024277,0.1033722385764122,0.1816941350698471,0.5827220678329468,-0.10892894119024277,0.1033722385764122,0.1816941350698471,-0.029663211431262455,False,False,1.32,absolute,0.0,0.0,0.0,0.0,0.0,0.0,0.10609274707305455,0.04160897219366783,-0.011314444526335718,0.11697358920080071,0.03955769058730832,-0.015227298093358118,-0.00728263845667243,0.010285883210599422,0.025183022022247314,0.0769621953368187,0.08275250345468521,0.08941764384508133,0.9976576566696167,0.013841814361512661,0.05852055922150612,0.032603729516267776,-0.7134122848510742,0.04323265329003334,0.05399688705801964,0.06712687760591507,0.9977444410324097,0.0769621953368187,0.08275250345468521,0.08941764384508133,-0.007282638308410327,0.01028588342155798,1.0251830218870288,0.9976576293243585,0.01384181433435956,0.05852055737110076,0.032603729722375935,0.10609274707305455,0.04160897219366783,-0.011314444526335718,-0.7134123058655134,0.043232652797992106,0.05399688794105777,0.029130553233641308,-0.04114353368623192,-0.10073208754811525,position_error,position_error,position_error,0.024624785275664998,-0.04275746121982025,-0.10017098061653762,0.09234880392513571,0.08231515180712856,0.0849436825231795,-0.006156196318916249,0.010689365304955062,1.0250427451541344,0.9979421403475073,0.011436880117988067,0.05378824413721989,0.0329773723094735,0.11697358920080071,0.03955769058730832,-0.015227298093358118,-0.45177495090966446,-1.1664727205371206,0.05781577936988018,0.10832498440257182,0.0880698477703887,0.15857881624842632,0.1614312191135367,0.11727557543067382,0.07772938949865704,0.09391892454304304,0.13018983486036223,0.004370415508747101,-0.0008169670589268207,0.0001033722385764122,0.5164048675349235,0.001028964653630901,-0.0026805134378952732,1.9455137151303805e-05,0.41911372433273614,1666.8388893951194,1342.6222506422464,1480.5079739268253,1765.280279869377,-0.0052844473465276836,-0.00011259757502016247,-0.018143864605190404,-0.0015681018783708478,-0.004554200026153359,-0.0,-0.0,0.0,-0.029663211431262455,0.0007793003685947372,0.000152161283739815,0.0006271390848549222,0.015479502062342892,0.022519515004032493,0.022519515004032493,0.012468805897515796,0.006047954868396801,1.5681018783708478,0.004554200026153359,0.39512911438941956,0.5148483514785767,0.00152161283739815,0.0037628345091295333,d_final,hover
1.33,1.34,STEP,STEP,0.0,0.0,1.0,0.0,0.0,1.0,-0.006156196352094412,0.010689365677535534,0.025042744353413582,0.09234880656003952,0.08231515437364578,0.08494368195533752,0.9979421496391296,0.011436880566179752,0.05378824472427368,0.03297737240791321,-0.4517749547958374,-1.1664726734161377,0.057815779000520706,0.06743360310792923,0.9977237582206726,0.3084617853164673,0.5911794304847717,0.09989870339632034,0.19238601624965668,0.3084617853164673,0.5911794304847717,0.09989870339632034,0.19238601624965668,-0.02669969858414455,False,False,1.33,absolute,0.0,0.0,0.0,0.0,0.0,0.0,0.11697358920080071,0.03955769058730832,-0.015227298093358118,0.12696430423720975,0.03767576921899265,-0.014951818519669383,-0.006156196352094412,0.010689365677535534,0.025042744353413582,0.09234880656003952,0.08231515437364578,0.08494368195533752,0.9979421496391296,0.011436880566179752,0.05378824472427368,0.03297737240791321,-0.4517749547958374,-1.1664726734161377,0.057815779000520706,0.06743360310792923,0.9977237582206726,0.09234880656003952,0.08231515437364578,0.08494368195533752,-0.006156196318916249,0.010689365304955062,1.0250427451541344,0.9979421403475073,0.011436880117988067,0.05378824413721989,0.0329773723094735,0.11697358920080071,0.03955769058730832,-0.015227298093358118,-0.45177495090966446,-1.1664727205371206,0.05781577936988018,0.024624785275664998,-0.04275746121982025,-0.10017098061653762,position_error,position_error,position_error,0.01970143941774288,-0.04429480814535584,-0.09955607838529978,0.10726286481946687,0.08197057736434848,0.0846042598656304,-0.00492535985443572,0.01107370203633896,1.024889019596325,0.998404848081205,0.011368738817598952,0.04422232002946097,0.03320990088595973,0.12696430423720975,0.03767576921899265,-0.014951818519669383,0.017540747134786264,-2.0735303112672483,0.06535299013271742,0.08693105503828649,0.14122672224045404,0.18235333079149468,0.11123970005459312,0.1115758928290282,0.08836128520552988,0.10880466322194182,0.1266966624535405,0.0023134633898735046,0.004433845728635788,9.989870339632034e-05,0.5217508081248283,0.0012573704398448765,-0.0014533240853619542,3.1616293847883895e-05,0.4354385037100404,1622.466552955824,1434.1379247385266,1600.6596970708324,1738.914519446448,-0.00518564024365053,-0.0001269118925506749,-0.012509170866545075,-0.004304106642873386,-0.004573868938524885,-0.0,-0.0,0.0,-0.02669969858414455,0.0007663493429515519,0.0001468860464853047,0.0006194632964662472,0.01776295501372668,0.02538237851013498,0.02538237851013498,0.01226158948722483,0.004169723622181692,4.304106642873386,0.004573868938524885,0.49163392186164856,0.5654968023300171,0.001468860464853047,0.003716779778797483,d_final,hover
1.34,1.35,STEP,STEP,0.0,0.0,1.0,0.0,0.0,1.0,-0.004925359971821308,0.0110737020149827,0.02488902024924755,0.10726286470890045,0.08197057992219925,0.08460426330566406,0.998404860496521,0.011368738487362862,0.04422232136130333,0.0332099013030529,0.017540747299790382,-2.0735301971435547,0.06535299122333527,0.06757884472608566,0.9977139234542847,0.07653191685676575,0.7558957934379578,0.032829754054546356,-0.004626557230949402,0.07653191685676575,0.7558957934379578,0.032829754054546356,-0.004626557230949402,-0.023551502693192762,False,False,1.34,absolute,0.0,0.0,0.0,0.0,0.0,0.0,0.12696430423720975,0.03767576921899265,-0.014951818519669383,0.13492100718522662,0.03551310523126765,-0.013677257975814152,-0.004925359971821308,0.0110737020149827,0.02488902024924755,0.10726286470890045,0.08197057992219925,0.08460426330566406,0.998404860496521,0.011368738487362862,0.04422232136130333,0.0332099013030529,0.017540747299790382,-2.0735301971435547,0.06535299122333527,0.06757884472608566,0.9977139234542847,0.10726286470890045,0.08197057992219925,0.08460426330566406,-0.00492535985443572,0.01107370203633896,1.024889019596325,0.998404848081205,0.011368738817598952,0.04422232002946097,0.03320990088595973,0.12696430423720975,0.03767576921899265,-0.014951818519669383,0.017540747134786264,-2.0735303112672483,0.06535299013271742,0.01970143941774288,-0.04429480814535584,-0.09955607838529978,position_error,position_error,position_error,0.014424161472062085,-0.04575157373030323,-0.09899116581475909,0.12049684571316453,0.08126467896157089,0.08531390783894494,-0.0036060403680155213,0.011437893432575808,1.0247477914536898,0.9988247544292594,0.013896203261885154,0.03230937661423647,0.03334830815848928,0.13492100718522662,0.03551310523126765,-0.013677257975814152,0.5222958426009325,-2.451944991151025,0.07548210866712436,0.0630462847242218,0.1404584625127194,0.1513394232790296,0.06840035086855453,0.10212998619779412,0.0972694171797649,0.11624037355178343,0.11534281612112253,0.0005739893764257431,0.005669218450784683,3.2829754054546356e-05,0.42324452138452534,0.0011378577644719904,-0.0001401122746714071,3.420327110521934e-05,0.43098259305046493,1547.450676519147,1508.0364203513543,1658.8255190209247,1651.861582815014,-0.005113008424119106,-0.00014200950372150677,-0.007422001693777188,-0.0062905247355576534,-0.004583958336017309,-0.0,-0.0,0.0,-0.023551502693192762,0.0007562821151460388,0.00014382893331071832,0.0006124531818353205,0.019651926208780035,0.02840190074430135,0.02840190074430135,0.01210051384233662,0.002474000564592396,6.2905247355576535,0.004583958336017309,0.5783348083496094,0.124235138297081,0.0014382893331071833,0.0036747190910119227,d_final,hover
1.35,1.36,STEP,STEP,0.0,0.0,1.0,0.0,0.0,1.0,-0.0036060402635484934,0.011437893845140934,0.02474779076874256,0.12049684673547745,0.0812646821141243,0.08531390875577927,0.9988247752189636,0.013896203599870205,0.03230937570333481,0.03334830701351166,0.5222958326339722,-2.4519450664520264,0.07548210769891739,0.06765322387218475,0.9977089166641235,-0.1023019552230835,0.758470892906189,-0.02098679542541504,-0.11245444416999817,-0.1023019552230835,0.758470892906189,-0.02098679542541504,-0.11245444416999817,-0.020685973300504673,False,False,1.35,absolute,0.0,0.0,0.0,0.0,0.0,0.0,0.13492100718522662,0.03551310523126765,-0.013677257975814152,0.14038483754533815,0.03265337192850622,-0.014579534893886038,-0.0036060402635484934,0.011437893845140934,0.02474779076874256,0.12049684673547745,0.0812646821141243,0.08531390875577927,0.9988247752189636,0.013896203599870205,0.03230937570333481,0.03334830701351166,0.5222958326339722,-2.4519450664520264,0.07548210769891739,0.06765322387218475,0.9977089166641235,0.12049684673547745,0.0812646821141243,0.08531390875577927,-0.0036060403680155213,0.011437893432575808,1.0247477914536898,0.9988247544292594,0.013896203261885154,0.03230937661423647,0.03334830815848928,0.13492100718522662,0.03551310523126765,-0.013677257975814152,0.5222958426009325,-2.451944991151025,0.07548210866712436,0.014424161472062085,-0.04575157373030323,-0.09899116581475909,position_error,position_error,position_error,0.00888836882740366,-0.04710624426023088,-0.09843182253900817,0.1314964687179345,0.07975961618873709,0.08385228764512213,-0.002222092206850915,0.01177656106505772,1.024607955634752,0.9990536248091316,0.018590977502649236,0.02064761008723185,0.033465004241993036,0.14038483754533815,0.03265337192850622,-0.014579534893886038,0.9349982296085559,-2.3153807382577702,0.08563814578899727,0.0566504152115246,0.13886573874630254,0.1262483084744763,0.04756611548269756,0.09323033973734604,0.10449298198414769,0.11803788422880833,0.10163782937761258,-0.0007672646641731261,0.005688531696796417,-2.098679542541504e-05,0.36933057791500096,0.0007761268150915999,0.000978014655899698,3.0516230870100886e-05,0.4173990353279146,1474.811938549145,1566.4037014188184,1672.7273523020863,1543.4865146611526,-0.0050695597260793585,-0.0001534206190159084,-0.0046316894809102106,-0.006242543544480408,-0.004588759930018791,-0.0,-0.0,0.0,-0.020685973300504673,0.0007491765648167058,0.00014362508429478096,0.0006055514805219248,0.02098670814865438,0.030684123803181678,0.030684123803181678,0.011986825037067293,0.0015438964936367369,6.242543544480408,0.004588759930018791,0.5988302230834961,0.04651125892996788,0.0014362508429478097,0.003633308883131549,d_final,hover
1.36,1.37,STEP,STEP,0.0,0.0,1.0,0.0,0.0,1.0,-0.0022220921237021685,0.011776560917496681,0.024607956409454346,0.13149647414684296,0.0797596126794815,0.08385229110717773,0.9990535974502563,0.018590977415442467,0.02064760960638523,0.033465005457401276,0.9349982142448425,-2.315380811691284,0.0856381431221962,0.06768859177827835,0.9977064728736877,-0.26409581303596497,0.7756650447845459,-0.040743403136730194,-0.13441073894500732,-0.26409581303596497,0.7756650447845459,-0.040743403136730194,-0.13441073894500732,-0.018625896788047103,False,False,1.36,absolute,0.0,0.0,0.0,0.0,0.0,0.0,0.14038483754533815,0.03265337192850622,-0.014579534893886038,0.1436684574437449,0.028818414327752985,-0.018473649321075397,-0.0022220921237021685,0.011776560917496681,0.024607956409454346,0.13149647414684296,0.0797596126794815,0.08385229110717773,0.9990535974502563,0.018590977415442467,0.02064760960638523,0.033465005457401276,0.9349982142448425,-2.315380811691284,0.0856381431221962,0.06768859177827835,0.9977064728736877,0.13149647414684296,0.0797596126794815,0.08385229110717773,-0.002222092206850915,0.01177656106505772,1.024607955634752,0.9990536248091316,0.018590977502649236,0.02064761008723185,0.033465004241993036,0.14038483754533815,0.03265337192850622,-0.014579534893886038,0.9349982296085559,-2.3153807382577702,0.08563814578899727,0.00888836882740366,-0.04710624426023088,-0.09843182253900817,position_error,position_error,position_error,0.003188197784543813,-0.04832371733659666,-0.0977644699116027,0.14048025965920108,0.07714213166434965,0.0792908205905273,-0.0007970494461359532,0.012080929334149166,1.0244411174779007,0.999066545515896,0.02455290937934882,0.01146643390985076,0.033640944774705854,0.1436684574437449,0.028818414327752985,-0.018473649321075397,1.165953990977176,-1.743001143053919,0.09474489292526606,0.06074300229540649,0.14644507264546955,0.11500363357972805,0.03616072200689232,0.08699242082838772,0.1118106290213296,0.11748624793021484,0.08807480290735317,-0.001980718597769737,0.005817487835884094,-4.0743403136730195e-05,0.3583524305274964,0.00023892912492546117,0.0019172893894447334,2.7283826769723555e-05,0.40436410068728534,1422.571899700497,1624.3064684141054,1668.4672816096327,1431.722260767232,-0.0050500507553741655,-0.00015986323030777805,-0.004405946793596944,-0.004406478288498294,-0.004603557720269922,-0.0,-0.0,0.0,-0.018625896788047103,0.0007439523649648333,0.00014658414139629144,0.0005973682235685419,0.02181240238786925,0.03197264606155561,0.03197264606155561,0.011903237839437333,0.0014686489311989816,4.406478288498294,0.004603557720269922,0.6911291480064392,0.027345292270183563,0.0014658414139629144,0.0035842093414112514,d_final,hover
1.37,1.3800000000000001,STEP,STEP,0.0,0.0,1.0,0.0,0.0,1.0,-0.0007970494334585965,0.01208092924207449,0.02444111742079258,0.14048026502132416,0.077142134308815,0.07929082214832306,0.9990665316581726,0.024552909657359123,0.011466434225440025,0.033640943467617035,1.1659539937973022,-1.743001103401184,0.09474489092826843,0.0677974745631218,0.9976990818977356,-0.40600496530532837,0.753176748752594,-0.04119911044836044,-0.07193370908498764,-0.40600496530532837,0.753176748752594,-0.04119911044836044,-0.07193370908498764,-0.017766725880016824,False,False,1.37,absolute,0.0,0.0,0.0,0.0,0.0,0.0,0.1436684574437449,0.028818414327752985,-0.018473649321075397,0.14552185454737254,0.023878578903428496,-0.02412108069839243,-0.0007970494334585965,0.01208092924207449,0.02444111742079258,0.14048026502132416,0.077142134308815,0.07929082214832306,0.9990665316581726,0.024552909657359123,0.011466434225440025,0.033640943467617035,1.1659539937973022,-1.743001103401184,0.09474489092826843,0.0677974745631218,0.9976990818977356,0.14048026502132416,0.077142134308815,0.07929082214832306,-0.0007970494461359532,0.012080929334149166,1.0244411174779007,0.999066545515896,0.02455290937934882,0.01146643390985076,0.033640944774705854,0.1436684574437449,0.028818414327752985,-0.018473649321075397,1.165953990977176,-1.743001143053919,0.09474489292526606,0.003188197784543813,-0.04832371733659666,-0.0977644699116027,position_error,position_error,position_error,-0.002606164309137166,-0.04936145806705609,-0.09689307220438259,0.1481280188565097,0.07324003697048459,0.07277199150599016,0.0006515410772842915,0.012340364516764022,1.0242232680510956,0.9989338610664811,0.03057449459330198,0.006572682182951879,0.03395793492099337,0.14552185454737254,0.023878578903428496,-0.02412108069839243,1.1578395374054475,-0.8195275749002571,0.10275127056082717,0.07725202632655714,0.16060718900988835,0.11407550781226665,0.03765622230879411,0.08519786546138006,0.1203248932313278,0.11686591547751919,0.07781659876297758,-0.0030450372397899626,0.005648825615644454,-4.119911044836044e-05,0.3895909454575062,-0.0003832568426079229,0.002622504659249121,2.329839633088748e-05,0.4002052729332046,1407.3170556188218,1690.3314334032752,1663.6701118440317,1343.3896849478033,-0.00504769131227136,-0.00016300887866770177,-0.005867999224283671,-0.0020227756640030215,-0.004665250800791069,-0.0,-0.0,0.0,-0.017766725880016824,0.0007394758172572285,0.0001527091021819973,0.0005867667150752312,0.02232862321541227,0.03260177573354035,0.03260177573354035,0.011831613076115657,0.0019559997414278904,2.0227756640030217,0.004665250800791069,0.7389870882034302,0.0245475172996521,0.0015270910218199729,0.0035206002904513874,d_final,hover
1.3800000000000001,1.3900000000000001,STEP,STEP,0.0,0.0,1.0,0.0,0.0,1.0,0.0006515410495921969,0.0123403649777174,0.024223268032073975,0.14812801778316498,0.07324003428220749,0.07277198880910873,0.9989338517189026,0.03057449497282505,0.006572682410478592,0.033957935869693756,1.1578395366668701,-0.8195275664329529,0.10275126993656158,0.06824954599142075,0.9976682662963867,-0.513346254825592,0.43675461411476135,-0.06236085295677185,0.08470450341701508,-0.513346254825592,0.43675461411476135,-0.06236085295677185,0.08470450341701508,-0.018736673020483378,False,False,1.3800000000000001,absolute,0.0,0.0,0.0,0.0,0.0,0.0,0.14552185454737254,0.023878578903428496,-0.02412108069839243,0.1469165955052074,0.017795044879891815,-0.028528125578303126,0.0006515410495921969,0.0123403649777174,0.024223268032073975,0.14812801778316498,0.07324003428220749,0.07277198880910873,0.9989338517189026,0.03057449497282505,0.006572682410478592,0.033957935869693756,1.1578395366668701,-0.8195275664329529,0.10275126993656158,0.06824954599142075,0.9976682662963867,0.14812801778316498,0.07324003428220749,0.07277198880910873,0.0006515410772842915,0.012340364516764022,1.0242232680510956,0.9989338610664811,0.03057449459330198,0.006572682182951879,0.03395793492099337,0.14552185454737254,0.023878578903428496,-0.02412108069839243,1.1578395374054475,-0.8195275749002571,0.10275127056082717,-0.002606164309137166,-0.04936145806705609,-0.09689307220438259,position_error,position_error,position_error,-0.008460310034361916,-0.050174125519863506,-0.09581420645205085,0.15537690553956932,0.06796917039975532,0.06728608087374773,0.002115077508590479,0.012543531379965877,1.0239535516130127,0.9987554361943385,0.035340277411967616,0.007071871014409173,0.03447654427371621,0.1469165955052074,0.017795044879891815,-0.028528125578303126,0.8923791206566066,0.29593014911591764,0.10800550376323756,0.11841482199739461,0.16998931870895762,0.11029097380999284,0.06921493719216248,0.09096241790076504,0.12903169255051675,0.11566614242441556,0.07623111055415525,-0.0038500969111919404,0.00327565960586071,-6.236085295677186e-05,0.4679100517085076,-0.0009933643959476966,0.002740164757015025,8.112597889821046e-06,0.41189136342985255,1455.9548752111614,1756.5588489391464,1654.3719303391001,1329.390315907916,-0.005060773132738923,-0.0001664460378961587,-0.007793679403195615,-0.0008955803369827785,-0.004820194109669902,-0.0,-0.0,0.0,-0.018736673020483378,0.000735586367224798,0.00016181373234753395,0.000573772634877264,0.02271500360612952,0.03328920757923174,0.03328920757923174,0.011769381875596768,0.0025978931343985383,0.8955803369827785,0.004820194109669902,0.4653427004814148,0.13662846386432648,0.0016181373234753396,0.003442635809263584,d_final,hover
1.3900000000000001,1.4000000000000001,STEP,STEP,0.0,0.0,1.0,0.0,0.0,1.0,0.0021150775719434023,0.012543531134724617,0.023953551426529884,0.15537691116333008,0.0679691731929779,0.06728608161211014,0.9987554550170898,0.03534027561545372,0.007071870844811201,0.034476544708013535,0.892379105091095,0.2959301471710205,0.10800550132989883,0.06937185674905777,0.9975908994674683,-0.47183215618133545,-0.3479626476764679,-0.12332243472337723,0.141410231590271,-0.47183215618133545,-0.3479626476764679,-0.12332243472337723,0.141410231590271,-0.021628322082832857,False,False,1.3900000000000001,absolute,0.0,0.0,0.0,0.0,0.0,0.0,0.1469165955052074,0.017795044879891815,-0.028528125578303126,0.14889596148253847,0.010792171256965985,-0.030060831563410793,0.0021150775719434023,0.012543531134724617,0.023953551426529884,0.15537691116333008,0.0679691731929779,0.06728608161211014,0.9987554550170898,0.03534027561545372,0.007071870844811201,0.034476544708013535,0.892379105091095,0.2959301471710205,0.10800550132989883,0.06937185674905777,0.9975908994674683,0.15537691116333008,0.0679691731929779,0.06728608161211014,0.002115077508590479,0.012543531379965877,1.0239535516130127,0.9987554361943385,0.035340277411967616,0.007071871014409173,0.03447654427371621,0.1469165955052074,0.017795044879891815,-0.028528125578303126,0.8923791206566066,0.29593014911591764,0.10800550376323756,-0.008460310034361916,-0.050174125519863506,-0.09581420645205085,position_error,position_error,position_error,-0.014381011931544199,-0.05072007984404115,-0.09462667401087721,0.16327697341408268,0.06151225110100714,0.06456584244746641,0.0035952529828860496,0.012680019961010288,1.0236566685027193,0.9985904952714411,0.037671612209669775,0.012622766385837985,0.03519287080973754,0.14889596148253847,0.010792171256965985,-0.030060831563410793,0.397092140049335,1.2784161535871719,0.10685358481098871,0.16235199260383676,0.1358253028182668,0.07539878897021442,0.12268683140281761,0.10304045850537556,0.1302567988076107,0.10797796604266899,0.084119240037626,-0.0035387411713600158,-0.002609719857573509,-0.00012332243472337723,0.49626291579513554,-0.0014566278113318006,0.0018057589692938181,-1.9944228925321337e-05,0.42539446339328124,1554.7689269683199,1765.783960746378,1594.1232092948271,1398.0963561483904,-0.005094915290111013,-0.00017305937546863737,-0.009470907586243093,-0.0018034477180285395,-0.005085992112981571,-0.0,-0.0,0.0,-0.021628322082832857,0.0007333467148701218,0.00017370875022257036,0.0005596379646475515,0.02319013190053302,0.03461187509372747,0.03461187509372747,0.011733547437921949,0.0031569691954143643,1.8034477180285395,0.005085992112981571,0.3789088726043701,0.6244364380836487,0.0017370875022257035,0.003357827787885309,d_final,hover
1.4000000000000001,1.41,STEP,STEP,0.0,0.0,1.0,0.0,0.0,1.0,0.003595252986997366,0.012680020183324814,0.02365666814148426,0.16327697038650513,0.06151225045323372,0.06456584483385086,0.9985904693603516,0.037671610713005066,0.012622766196727753,0.03519286960363388,0.39709213376045227,1.2784161567687988,0.10685358196496964,0.07125570625066757,0.9974581003189087,-0.16624265909194946,-0.9299489855766296,-0.11979230493307114,-0.011225815862417221,-0.16624265909194946,-0.9299489855766296,-0.11979230493307114,-0.011225815862417221,-0.024697898060266333,False,False,1.4000000000000001,absolute,0.0,0.0,0.0,0.0,0.0,0.0,0.14889596148253847,0.010792171256965985,-0.030060831563410793,0.15224078279153883,0.0035859765456683727,-0.03112381243543233,0.003595252986997366,0.012680020183324814,0.02365666814148426,0.16327697038650513,0.06151225045323372,0.06456584483385086,0.9985904693603516,0.037671610713005066,0.012622766196727753,0.03519286960363388,0.39709213376045227,1.2784161567687988,0.10685358196496964,0.07125570625066757,0.9974581003189087,0.16327697038650513,0.06151225045323372,0.06456584483385086,0.0035952529828860496,0.012680019961010288,1.0236566685027193,0.9985904952714411,0.037671612209669775,0.012622766385837985,0.03519287080973754,0.14889596148253847,0.010792171256965985,-0.030060831563410793,0.397092140049335,1.2784161535871719,0.10685358481098871,-0.014381011931544199,-0.05072007984404115,-0.09462667401087721,position_error,position_error,position_error,-0.02041206661872826,-0.05097811292942437,-0.09340210712977637,0.1726528494102671,0.05456408947509274,0.06227829469434404,0.005103016654682065,0.012744528232356092,1.023350526782444,0.9984478984829752,0.03692964173638175,0.020992361384359868,0.03601827785529488,0.15224078279153883,0.0035859765456683727,-0.03112381243543233,-0.21217637500801323,1.7493505418185746,0.09810834244019345,0.15807935776480098,0.06952595410454768,0.04180956091832611,0.15053001928111667,0.11255060878600925,0.11842765693519461,0.09445153320785887,0.09530254530414552,-0.001246819943189621,-0.006974617391824722,-0.00011979230493307114,0.41994489206879143,-0.0014574811387812474,0.00017769550465023464,-3.996467785810371e-05,0.42073234423320827,1630.0993768935516,1675.7341213948437,1484.904601784909,1491.9132578244166,-0.005156120394538674,-0.00018332416129882928,-0.010826866051614436,-0.0031148713791288437,-0.005416716073685549,-0.0,-0.0,0.0,-0.024697898060266333,0.0007337108798609229,0.00018846377884328404,0.0005452471010176388,0.02415880687328256,0.036664832259765856,0.036664832259765856,0.011739374077774766,0.003608955350538145,3.114871379128844,0.005416716073685549,0.906917929649353,0.45540323853492737,0.0018846377884328405,0.003271482606105833,d_final,hover
1.41,1.42,STEP,STEP,0.0,0.0,1.0,0.0,0.0,1.0,0.00510301673784852,0.012744528241455555,0.02335052751004696,0.17265285551548004,0.054564088582992554,0.06227829307317734,0.9984478950500488,0.03692964091897011,0.02099236100912094,0.03601827844977379,-0.2121763676404953,1.7493505477905273,0.09810834378004074,0.07353191822767258,0.9972928762435913,0.09980660676956177,-1.0,-0.04791796952486038,-0.09595689177513123,0.09980660676956177,-1.0,-0.04791796952486038,-0.09595689177513123,-0.02592791808284061,False,False,1.41,absolute,0.0,0.0,0.0,0.0,0.0,0.0,0.15224078279153883,0.0035859765456683727,-0.03112381243543233,0.1571177443990372,-0.003042552801511891,-0.03428289866416806,0.00510301673784852,0.012744528241455555,0.02335052751004696,0.17265285551548004,0.054564088582992554,0.06227829307317734,0.9984478950500488,0.03692964091897011,0.02099236100912094,0.03601827844977379,-0.2121763676404953,1.7493505477905273,0.09810834378004074,0.07353191822767258,0.9972928762435913,0.17265285551548004,0.054564088582992554,0.06227829307317734,0.005103016654682065,0.012744528232356092,1.023350526782444,0.9984478984829752,0.03692964173638175,0.020992361384359868,0.03601827785529488,0.15224078279153883,0.0035859765456683727,-0.03112381243543233,-0.21217637500801323,1.7493505418185746,0.09810834244019345,-0.02041206661872826,-0.05097811292942437,-0.09340210712977637,position_error,position_error,position_error,-0.026614211508781387,-0.05095968543539898,-0.0920897020303455,0.18373195590781857,0.04791713263388709,0.05780680336617744,0.006653552877195347,0.012739921358849745,1.0230224255075864,0.9983419095873617,0.03341195377121831,0.028988090455067308,0.036834270977161604,0.1571177443990372,-0.003042552801511891,-0.03428289866416806,-0.7470976468434154,1.5662187279950313,0.08695004212470989,0.14011851075676385,0.0380849755092991,0.0446376671811991,0.15473820066517235,0.1174284623991619,0.10171018150688695,0.08447158086534598,0.10547742791067663,0.0007485495507717132,-0.0075,-4.791796952486038e-05,0.37757935411243443,-0.0010319995500220774,-0.0012983815432340462,-3.140814294915091e-05,0.4090876526820715,1668.020708711118,1544.069654424785,1401.112709008827,1574.261494726104,-0.005245946078707287,-0.00019697554868491012,-0.011740008258247163,-0.003018756307666831,-0.005726231889534419,-0.0,-0.0,0.0,-0.02592791808284061,0.0007366074383716742,0.0002065753621193104,0.0005300320762523637,0.025870559873408788,0.03939510973698202,0.03939510973698202,0.011785719013946786,0.003913336086082388,3.018756307666831,0.005726231889534419,1.0214651823043823,0.08803463727235794,0.002065753621193104,0.0031801924575141824,d_final,hover
1.42,1.43,STEP,STEP,0.0,0.0,1.0,0.0,0.0,1.0,0.006653552874922752,0.012739920988678932,0.023022426292300224,0.18373195827007294,0.04791713133454323,0.05780680477619171,0.9983419179916382,0.03341195359826088,0.02898809127509594,0.036834269762039185,-0.7470976710319519,1.5662187337875366,0.08695004135370255,0.07559967041015625,0.997138261795044,0.36694273352622986,-0.9889510869979858,0.025044996291399002,-0.07953257858753204,0.36694273352622986,-0.9889510869979858,0.025044996291399002,-0.07953257858753204,-0.024904262273985314,False,False,1.42,absolute,0.0,0.0,0.0,0.0,0.0,0.0,0.1571177443990372,-0.003042552801511891,-0.03428289866416806,0.16314579495777579,-0.008671952909338213,-0.0395883278407496,0.006653552874922752,0.012739920988678932,0.023022426292300224,0.18373195827007294,0.04791713133454323,0.05780680477619171,0.9983419179916382,0.03341195359826088,0.02898809127509594,0.036834269762039185,-0.7470976710319519,1.5662187337875366,0.08695004135370255,0.07559967041015625,0.997138261795044,0.18373195827007294,0.04791713133454323,0.05780680477619171,0.006653552877195347,0.012739921358849745,1.0230224255075864,0.9983419095873617,0.03341195377121831,0.028988090455067308,0.036834270977161604,0.1571177443990372,-0.003042552801511891,-0.03428289866416806,-0.7470976468434154,1.5662187279950313,0.08695004212470989,-0.026614211508781387,-0.05095968543539898,-0.0920897020303455,position_error,position_error,position_error,-0.03304094611304311,-0.050699380820283184,-0.09059656717997733,0.1961867410708189,0.04202742791094497,0.051008239339227726,0.008260236528260778,0.012674845205070796,1.0226491417949943,0.998325806762912,0.028257277378710064,0.03371382305067969,0.037556463646501226,0.16314579495777579,-0.008671952909338213,-0.0395883278407496,-1.0447438002489322,0.8155370600385748,0.08122215299563115,0.1304892507137809,0.02348597711215725,0.06451466931032929,0.16730161356996662,0.11976875531199654,0.08465756038294359,0.08071587805578123,0.11614078422892872,0.0027520705014467237,-0.007417133152484894,2.5044996291399003e-05,0.385791510706234,-0.0002676250963186879,-0.0024938038544682975,-1.8634447899215341e-06,0.40128297797965007,1686.0590253925207,1402.7031540943797,1368.7365886653824,1658.0535694969756,-0.005366733829051753,-0.0002142869127464308,-0.011610573537299402,-0.0017631873425921884,-0.005949480652295541,-0.0,-0.0,0.0,-0.024904262273985314,0.0007418668325250789,0.00022888320847531984,0.0005129836240497591,0.02825898888089307,0.04285738254928616,0.04285738254928616,0.011869869320401263,0.003870191179099801,1.7631873425921885,0.005949480652295541,1.1196238994598389,0.07707714289426804,0.0022888320847531986,0.0030779017442985543,d_final,hover
1.43,1.44,STEP,STEP,0.0,0.0,1.0,0.0,0.0,1.0,0.008260236121714115,0.012674844823777676,0.022649141028523445,0.19618673622608185,0.04202742874622345,0.05100823938846588,0.9983258247375488,0.028257276862859726,0.033713821321725845,0.03755646198987961,-1.0447437763214111,0.8155370354652405,0.08122215420007706,0.0770564153790474,0.9970267415046692,0.6245554089546204,-0.6997124552726746,0.09082450717687607,0.040217623114585876,0.6245554089546204,-0.6997124552726746,0.09082450717687607,0.040217623114585876,-0.02273752392443402,False,False,1.43,absolute,0.0,0.0,0.0,0.0,0.0,0.0,0.16314579495777579,-0.008671952909338213,-0.0395883278407496,0.1696608890528064,-0.013305388935696086,-0.0446507353889799,0.008260236121714115,0.012674844823777676,0.022649141028523445,0.19618673622608185,0.04202742874622345,0.05100823938846588,0.9983258247375488,0.028257276862859726,0.033713821321725845,0.03755646198987961,-1.0447437763214111,0.8155370354652405,0.08122215420007706,0.0770564153790474,0.9970267415046692,0.19618673622608185,0.04202742874622345,0.05100823938846588,0.008260236528260778,0.012674845205070796,1.0226491417949943,0.998325806762912,0.028257277378710064,0.03371382305067969,0.037556463646501226,0.16314579495777579,-0.008671952909338213,-0.0395883278407496,-1.0447438002489322,0.8155370600385748,0.08122215299563115,-0.03304094611304311,-0.050699380820283184,-0.09059656717997733,position_error,position_error,position_error,-0.039722925552091844,-0.05023841123437839,-0.08888675339334196,0.20938381460489824,0.036933022298682304,0.044236018004362054,0.009930731388022961,0.012559602808594597,1.0222216883483355,0.9984551946367669,0.023177183354933475,0.033100965354382936,0.038136184486593706,0.1696608890528064,-0.013305388935696086,-0.0446507353889799,-0.9986350598578355,-0.3176361358734894,0.08382999751908177,0.11922507566503104,0.03736349008872868,0.11125339065038953,0.17782465515314375,0.11967015315525473,0.07506333004036535,0.08601442559114908,0.12686884463252338,0.004684165567159652,-0.005247843414545059,9.082450717687607e-05,0.445666611557293,0.0006416857203767924,-0.0030214822164347024,2.228928019667965e-05,0.4076167534192925,1685.3009766015293,1319.014007350519,1414.2714789221147,1740.2183994787022,-0.005526451084410513,-0.00023581227621747807,-0.00979713441396159,-0.0011051921660739537,-0.006072933983770488,-0.0,-0.0,0.0,-0.02273752392443402,0.000750166481661271,0.00025636304861072174,0.0004938034330505492,0.03095553881969553,0.04716245524349561,0.04716245524349561,0.012002663706580336,0.0032657114713205296,1.1051921660739537,0.006072933983770488,0.889533519744873,0.16869032382965088,0.0025636304861072173,0.0029628205983032955,d_final,hover
1.44,1.45,STEP,STEP,0.0,0.0,1.0,0.0,0.0,1.0,0.009930731728672981,0.012559602968394756,0.02222168818116188,0.20938381552696228,0.03693302348256111,0.044236019253730774,0.9984551668167114,0.02317718416452408,0.03310096636414528,0.038136184215545654,-0.9986350536346436,-0.3176361322402954,0.08382999897003174,0.07785017788410187,0.9969650506973267,0.624796986579895,0.016312476247549057,0.12561333179473877,0.2242790013551712,0.624796986579895,0.016312476247549057,0.12561333179473877,0.2242790013551712,-0.021371720137491404,False,False,1.44,absolute,0.0,0.0,0.0,0.0,0.0,0.0,0.1696608890528064,-0.013305388935696086,-0.0446507353889799,0.17581857496074754,-0.017273108614328667,-0.04596838188504704,0.009930731728672981,0.012559602968394756,0.02222168818116188,0.20938381552696228,0.03693302348256111,0.044236019253730774,0.9984551668167114,0.02317718416452408,0.03310096636414528,0.038136184215545654,-0.9986350536346436,-0.3176361322402954,0.08382999897003174,0.07785017788410187,0.9969650506973267,0.20938381552696228,0.03693302348256111,0.044236019253730774,0.009930731388022961,0.012559602808594597,1.0222216883483355,0.9984551946367669,0.023177183354933475,0.033100965354382936,0.038136184486593706,0.1696608890528064,-0.013305388935696086,-0.0446507353889799,-0.9986350598578355,-0.3176361358734894,0.08382999751908177,-0.039722925552091844,-0.05023841123437839,-0.08888675339334196,position_error,position_error,position_error,-0.04665988641597064,-0.04960957712452312,-0.08705287336264522,0.22247846137671817,0.032336468510194456,0.041084491477598184,0.01166497160399266,0.01240239428113078,1.0217632183406613,0.9987019201173685,0.019933310890170836,0.02664842934005547,0.03856162709930149,0.17581857496074754,-0.017273108614328667,-0.04596838188504704,-0.6117597596770852,-1.4886356557751625,0.0922449056711089,0.1057107918451101,0.09686749504651411,0.1737113712710176,0.16140764251494383,0.11710372813464055,0.07887526920784889,0.10062863146078774,0.13298823990930045,0.004685977399349213,0.00012234357185661793,0.00012561333179473877,0.5376973006775856,0.0013306870362457543,-0.002495641122053886,3.4860971840977e-05,0.42959586871257766,1665.5099990798926,1352.6822557153146,1535.3393195089961,1786.2749916164787,-0.005740735499525585,-0.0002611512420611776,-0.006644854016016794,-0.002598795241827585,-0.006126184138060262,-0.0,-0.0,0.0,-0.021371720137491404,0.0007635286189698772,0.00028989094642658056,0.0004736376725432966,0.03332362371555992,0.052230248412235517,0.052230248412235517,0.012216457903518035,0.002214951338672265,2.598795241827585,0.006126184138060262,0.4567171335220337,0.5477806329727173,0.0028989094642658053,0.00284182603525978,d_final,hover
1.45,1.46,STEP,STEP,0.0,0.0,1.0,0.0,0.0,1.0,0.011664971709251404,0.012402393855154514,0.021763218566775322,0.2224784642457962,0.03233646973967552,0.04108449071645737,0.9987019300460815,0.019933311268687248,0.02664843015372753,0.0385616272687912,-0.6117597818374634,-1.4886356592178345,0.09224490821361542,0.07819005101919174,0.9969384670257568,0.3078188896179199,0.5437594056129456,0.08079835027456284,0.16751547157764435,0.3078188896179199,0.5437594056129456,0.08079835027456284,0.16751547157764435,-0.021704472261667974,False,False,1.45,absolute,0.0,0.0,0.0,0.0,0.0,0.0,0.17581857496074754,-0.017273108614328667,-0.04596838188504704,0.1805059071013141,-0.021035442841008774,-0.04345316853621342,0.011664971709251404,0.012402393855154514,0.021763218566775322,0.2224784642457962,0.03233646973967552,0.04108449071645737,0.9987019300460815,0.019933311268687248,0.02664843015372753,0.0385616272687912,-0.6117597818374634,-1.4886356592178345,0.09224490821361542,0.07819005101919174,0.9969384670257568,0.2224784642457962,0.03233646973967552,0.04108449071645737,0.01166497160399266,0.01240239428113078,1.0217632183406613,0.9987019201173685,0.019933310890170836,0.02664842934005547,0.03856162709930149,0.17581857496074754,-0.017273108614328667,-0.04596838188504704,-0.6117597596770852,-1.4886356557751625,0.0922449056711089,-0.04665988641597064,-0.04960957712452312,-0.08705287336264522,position_error,position_error,position_error,-0.05381156087149182,-0.04882857079662535,-0.08526500040029283,0.2343174679728059,0.027793127955616576,0.04181183186407941,0.013452890217872954,0.012207142699156338,1.0213162501000732,0.9989275745277505,0.019642562236217836,0.015707239037291244,0.0388735544905188,0.1805059071013141,-0.021035442841008774,-0.04345316853621342,-0.024462876717904158,-2.332058033525448,0.10390639455637793,0.0855672957623134,0.1364410353885755,0.17589168006766695,0.11141552457026636,0.11116948312517268,0.08857618703384461,0.11346797184440076,0.12900446658113748,0.0023086416721343995,0.004078195542097092,8.079835027456284e-05,0.5093155357888222,0.001510604892062848,-0.0013480787547262307,4.191740004627262e-05,0.4422181085845555,1619.2783910242579,1435.948316964889,1637.2658789175218,1756.3535875797104,-0.006026240990890304,-0.0002871268152128712,-0.003795285656269782,-0.005449889642897601,-0.006145929156397417,-0.0,-0.0,0.0,-0.021704472261667974,0.0007843771064205788,0.0003299945880917077,0.00045438251832887106,0.03491305020982215,0.057425363042574236,0.057425363042574236,0.01255003370272926,0.001265095218756594,5.449889642897601,0.006145929156397417,0.4250165820121765,0.3839058578014374,0.0032999458809170774,0.0027262951099732264,d_final,hover
1.46,1.47,STEP,STEP,0.0,0.0,1.0,0.0,0.0,1.0,0.013452890329062939,0.012207143008708954,0.021316250786185265,0.23431746661663055,0.027793128043413162,0.041811831295490265,0.9989275932312012,0.019642561674118042,0.015707239508628845,0.03887355327606201,-0.024462876841425896,-2.3320579528808594,0.10390639305114746,0.07831569761037827,0.9969286322593689,0.07008019089698792,0.6497718691825867,-0.010417722165584564,-0.01935611665248871,0.07008019089698792,0.6497718691825867,-0.010417722165584564,-0.01935611665248871,-0.02351967360420844,False,False,1.46,absolute,0.0,0.0,0.0,0.0,0.0,0.0,0.1805059071013141,-0.021035442841008774,-0.04345316853621342,0.18279700310009125,-0.025094261864670175,-0.040679267353552935,0.013452890329062939,0.012207143008708954,0.021316250786185265,0.23431746661663055,0.027793128043413162,0.041811831295490265,0.9989275932312012,0.019642561674118042,0.015707239508628845,0.03887355327606201,-0.024462876841425896,-2.3320579528808594,0.10390639305114746,0.07831569761037827,0.9969286322593689,0.23431746661663055,0.027793128043413162,0.041811831295490265,0.013452890217872954,0.012207142699156338,1.0213162501000732,0.9989275745277505,0.019642562236217836,0.015707239037291244,0.0388735544905188,0.1805059071013141,-0.021035442841008774,-0.04345316853621342,-0.024462876717904158,-2.332058033525448,0.10390639455637793,-0.05381156087149182,-0.04882857079662535,-0.08526500040029283,position_error,position_error,position_error,-0.06109525154229562,-0.04789151467811165,-0.08359802091325541,0.24389225464238687,0.022797252813441478,0.042918753559702476,0.015273812885573905,0.011972878669527913,1.0208995052283139,0.998977596451944,0.02246122097153542,0.002588595573570729,0.03914785450725887,0.18279700310009125,-0.025094261864670175,-0.040679267353552935,0.5775635250757751,-2.6945292344215996,0.11598521017909677,0.06535519250099132,0.135151480319659,0.1417077656956858,0.07366530315741959,0.10229589794399582,0.09657798670620163,0.11846407155001201,0.11830808593628483,0.0005256014317274094,0.0048732890188694,-1.0417722165584564e-05,0.4158797416737557,0.0013398934361202944,-0.00019664188043888847,3.4890947298036874e-05,0.43564604213649427,1548.7857265945513,1502.380338838171,1676.0148911302101,1674.8120200239996,-0.006387127749717508,-0.00030922583008752654,-0.0030672436474539146,-0.007607519989630896,-0.006148556387318596,-0.0,-0.0,0.0,-0.02351967360420844,0.000813428502487078,0.00037663918369876,0.00043678931878831804,0.03569926911332925,0.06184516601750531,0.06184516601750531,0.013014856039793249,0.0010224145491513049,7.607519989630896,0.006148556387318596,0.42759791016578674,0.1109996885061264,0.0037663918369876,0.002620735912729908,d_final,hover
1.47,1.48,STEP,STEP,0.0,0.0,1.0,0.0,0.0,1.0,0.015273813158273697,0.011972879059612751,0.02089950442314148,0.24389225244522095,0.022797252982854843,0.04291875287890434,0.9989776015281677,0.022461220622062683,0.0025885954964905977,0.03914785385131836,0.5775635242462158,-2.6945292949676514,0.115985207259655,0.07833240181207657,0.9969273209571838,-0.12937328219413757,0.6462201476097107,-0.07388748973608017,-0.12400395423173904,-0.12937328219413757,0.6462201476097107,-0.07388748973608017,-0.12400395423173904,-0.02652223714380206,False,False,1.47,absolute,0.0,0.0,0.0,0.0,0.0,0.0,0.18279700310009125,-0.025094261864670175,-0.040679267353552935,0.1824606592383802,-0.02990992153100282,-0.040644835042420495,0.015273813158273697,0.011972879059612751,0.02089950442314148,0.24389225244522095,0.022797252982854843,0.04291875287890434,0.9989776015281677,0.022461220622062683,0.0025885954964905977,0.03914785385131836,0.5775635242462158,-2.6945292949676514,0.115985207259655,0.07833240181207657,0.9969273209571838,0.24389225244522095,0.022797252982854843,0.04291875287890434,0.015273812885573905,0.011972878669527913,1.0208995052283139,0.998977596451944,0.02246122097153542,0.002588595573570729,0.03914785450725887,0.18279700310009125,-0.025094261864670175,-0.040679267353552935,0.5775635250757751,-2.6945292344215996,0.11598521017909677,-0.06109525154229562,-0.04789151467811165,-0.08359802091325541,position_error,position_error,position_error,-0.06840715829403125,-0.046775212640917885,-0.08198272161981723,0.25086781753241144,0.016865291109915064,0.04133788657739674,0.017101789573507813,0.011693803160229471,1.0204956804049543,0.9987789663017532,0.027838193153928395,-0.010431133443597498,0.03945634207840445,0.1824606592383802,-0.02990992153100282,-0.040644835042420495,1.0626553516940338,-2.6078524889102233,0.12502370946526253,0.060369005769098434,0.13513114604145787,0.11518942000494663,0.052866251068627634,0.09415811487583496,0.10328645052162837,0.1178686007339222,0.10522154756990158,-0.0009702996164560317,0.00484665110707283,-7.388748973608017e-05,0.3635558228841305,0.0009066995836543735,0.0007698688713709744,2.0901182058269754e-05,0.42053471370128714,1482.4834469764078,1556.7428023268903,1671.4206250584632,1572.2211922509161,-0.0068125998812395006,-0.00032463960392191594,-0.0053026412579613835,-0.007945761928327673,-0.006136594472351586,-0.0,-0.0,0.0,-0.02652223714380206,0.0008492891542287613,0.0004292162389667333,0.000420072915262028,0.035838498191320615,0.06492792078438318,0.06492792078438318,0.013588626467660181,0.001767547085987128,7.945761928327672,0.006136594472351586,0.4551742672920227,0.05477388575673103,0.004292162389667333,0.002520437491572168,d_final,hover
1.48,1.49,STEP,STEP,0.0,0.0,1.0,0.0,0.0,1.0,0.017101788893342018,0.01169380359351635,0.02049568109214306,0.2508678138256073,0.016865290701389313,0.041337884962558746,0.9987789392471313,0.027838192880153656,-0.010431133210659027,0.03945634141564369,1.0626553297042847,-2.6078524589538574,0.1250237077474594,0.07825632393360138,0.9969332814216614,-0.3159525990486145,0.6706963777542114,-0.1007094755768776,-0.16072377562522888,-0.3159525990486145,0.6706963777542114,-0.1007094755768776,-0.16072377562522888,-0.03009735000557491,False,False,1.48,absolute,0.0,0.0,0.0,0.0,0.0,0.0,0.1824606592383802,-0.02990992153100282,-0.040644835042420495,0.1798483805316737,-0.03578812042095578,-0.0443155686009094,0.017101788893342018,0.01169380359351635,0.02049568109214306,0.2508678138256073,0.016865290701389313,0.041337884962558746,0.9987789392471313,0.027838192880153656,-0.010431133210659027,0.03945634141564369,1.0626553297042847,-2.6078524589538574,0.1250237077474594,0.07825632393360138,0.9969332814216614,0.2508678138256073,0.016865290701389313,0.041337884962558746,0.017101789573507813,0.011693803160229471,1.0204956804049543,0.9987789663017532,0.027838193153928395,-0.010431133443597498,0.03945634207840445,0.1824606592383802,-0.02990992153100282,-0.040644835042420495,1.0626553516940338,-2.6078524889102233,0.12502370946526253,-0.06840715829403125,-0.046775212640917885,-0.08198272161981723,position_error,position_error,position_error,-0.07564924221597559,-0.04544141321127871,-0.0802807212516905,0.2554976227476493,0.009653292790322933,0.0359651526507811,0.018912310553993898,0.011360353302819677,1.0200701803129226,0.9983725674621701,0.0347083350402769,-0.021424209341915343,0.039856633974791666,0.1798483805316737,-0.03578812042095578,-0.0443155686009094,1.3315112858821518,-2.1409834527799694,0.12994160182402004,0.06324705347139431,0.14286305780352576,0.10087367403838624,0.03821212687407932,0.08824851724815355,0.11019636038066684,0.11473181094549532,0.09139778858392303,-0.0023696444928646087,0.005030222833156585,-0.00010070947557687759,0.3451959121873856,0.00027169334279564077,0.0016009403545433959,8.233904620610476e-06,0.40457447715823874,1433.1873561659647,1611.6308482569934,1647.1122749876715,1459.5865345155041,-0.0072842040033153106,-0.00033332856748294906,-0.009981991603165956,-0.006373617269393774,-0.006124208562216922,-0.0,-0.0,0.0,-0.03009735000557491,0.0008895452554488219,0.00048673311765559495,0.0004028121377932269,0.035590099163552456,0.06666571349658981,0.06666571349658981,0.01423272408718115,0.0033273305343886517,6.373617269393773,0.006124208562216922,0.5856342315673828,0.03747869282960892,0.0048673311765559495,0.0024168728267593615,d_final,hover
1.49,1.5,STEP,STEP,0.0,0.0,1.0,0.0,0.0,1.0,0.018912309780716896,0.011360352858901024,0.020070180296897888,0.25549763441085815,0.00965329259634018,0.03596515208482742,0.9983725547790527,0.03470833599567413,-0.02142420969903469,0.03985663503408432,1.3315112590789795,-2.1409833431243896,0.12994159758090973,0.07817746698856354,0.996939480304718,-0.48582130670547485,0.6960921287536621,-0.10457577556371689,-0.12995919585227966,-0.48582130670547485,0.6960921287536621,-0.10457577556371689,-0.12995919585227966,-0.03320730513014226,False,False,1.49,absolute,0.0,0.0,0.0,0.0,0.0,0.0,0.1798483805316737,-0.03578812042095578,-0.0443155686009094,0.1755969016545515,-0.04284809556931023,-0.05097459142274734,0.018912309780716896,0.011360352858901024,0.020070180296897888,0.25549763441085815,0.00965329259634018,0.03596515208482742,0.9983725547790527,0.03470833599567413,-0.02142420969903469,0.03985663503408432,1.3315112590789795,-2.1409833431243896,0.12994159758090973,0.07817746698856354,0.996939480304718,0.25549763441085815,0.00965329259634018,0.03596515208482742,0.018912310553993898,0.011360353302819677,1.0200701803129226,0.9983725674621701,0.0347083350402769,-0.021424209341915343,0.039856633974791666,0.1798483805316737,-0.03578812042095578,-0.0443155686009094,1.3315112858821518,-2.1409834527799694,0.12994160182402004,-0.07564924221597559,-0.04544141321127871,-0.0802807212516905,position_error,position_error,position_error,-0.08274520396442299,-0.04384419919050288,-0.07835597847820264,0.25834210561897447,0.000996103621192651,0.0273813870554553,0.020686300991105747,0.01096104979762572,1.0195889946195507,0.9979013736281958,0.04163710067704788,-0.028769321675685668,0.04039215875006644,0.1755969016545515,-0.04284809556931023,-0.05097459142274734,1.3139351341359882,-1.3496929667991513,0.13135460898750584,0.07459181190894305,0.1572269143619148,0.09689461441723646,0.03186486138576592,0.08571558116293745,0.11840237274247103,0.11143308079143285,0.07898062217055882,-0.0036436598002910613,0.005220690965652466,-0.0001045757755637169,0.3605782020738602,-0.00048451379210450157,0.0023029981908354114,-1.3919377744377485e-06,0.39453165686740016,1411.7288714137153,1675.5391573193838,1621.346616385629,1353.6046322202849,-0.007783048874835243,-0.00033745688057575086,-0.01536793213481819,-0.003565350674646313,-0.006153516565266764,-0.0,-0.0,0.0,-0.03320730513014226,0.0009317963715654382,0.0005480676613606535,0.0003837287102047847,0.035268640135310995,0.06749137611515017,0.06749137611515017,0.01490874194504701,0.005122644044939397,3.5653506746463126,0.006153516565266764,0.7483920454978943,0.030461730435490608,0.005480676613606535,0.0023023722612287084,d_final,hover
1.5,1.51,STEP,STEP,0.0,0.0,1.0,0.0,0.0,1.0,0.020686300471425056,0.010961050167679787,0.01958899386227131,0.25834211707115173,0.0009961036266759038,0.02738138660788536,0.9979013800621033,0.04163710027933121,-0.028769321739673615,0.040392160415649414,1.3139351606369019,-1.349692940711975,0.13135461509227753,0.07836392521858215,0.9969248175621033,-0.6162128448486328,0.5546890497207642,-0.10706270486116409,-0.005110561847686768,-0.6162128448486328,0.5546890497207642,-0.10706270486116409,-0.005110561847686768,-0.03514382967925132,False,False,1.5,absolute,0.0,0.0,0.0,0.0,0.0,0.0,0.1755969016545515,-0.04284809556931023,-0.05097459142274734,0.17040856826189438,-0.051107551210337,-0.05805730312381746,0.020686300471425056,0.010961050167679787,0.01958899386227131,0.25834211707115173,0.0009961036266759038,0.02738138660788536,0.9979013800621033,0.04163710027933121,-0.028769321739673615,0.040392160415649414,1.3139351606369019,-1.349692940711975,0.13135461509227753,0.07836392521858215,0.9969248175621033,0.25834211707115173,0.0009961036266759038,0.02738138660788536,0.020686300991105747,0.01096104979762572,1.0195889946195507,0.9979013736281958,0.04163710067704788,-0.028769321675685668,0.04039215875006644,0.1755969016545515,-0.04284809556931023,-0.05097459142274734,1.3139351341359882,-1.3496929667991513,0.13135460898750584,-0.08274520396442299,-0.04384419919050288,-0.07835597847820264,position_error,position_error,position_error,-0.08964635033499924,-0.04193570233762047,-0.07614430191618737,0.2600549185968936,-0.009171848872716527,0.018086998792369913,0.02241158758374981,0.010483925584405118,1.0190360754790468,0.9975587084863078,0.047021572479217046,-0.031270268746250544,0.04108241883395884,0.17040856826189438,-0.051107551210337,-0.05805730312381746,0.9819509464297941,-0.32873102746911886,0.1289862694076495,0.10450744691825711,0.17235368161097803,0.09798180042612056,0.048159590120800996,0.08903249767046989,0.12783128021786572,0.10895678716575316,0.07298760707997937,-0.004621596336364746,0.004160167872905731,-0.00010706270486116409,0.42300251907615666,-0.001234574808684232,0.002643421318895712,-1.680783862203491e-05,0.39880817213406816,1439.787619463217,1747.4983153041906,1601.8609163313656,1300.4286795563767,-0.00829615255469814,-0.00034019911511748056,-0.019133147915285975,-0.0010889292073109735,-0.006285400886838756,-0.0,-0.0,0.0,-0.03514382967925132,0.0009745641233274013,0.0006121919536834328,0.0003623721696439685,0.035021712373796754,0.06803982302349611,0.06803982302349611,0.01559302597323842,0.006377715971761991,1.0889292073109735,0.006285400886838756,0.6988867521286011,0.05259015038609505,0.006121919536834328,0.002174233017863811,d_final,hover
1.51,1.52,STEP,STEP,0.0,0.0,1.0,0.0,0.0,1.0,0.022411586716771126,0.010483925230801105,0.019036075100302696,0.26005491614341736,-0.009171849116683006,0.018086999654769897,0.9975587129592896,0.047021571546792984,-0.03127026930451393,0.04108241945505142,0.9819509387016296,-0.3287310302257538,0.12898626923561096,0.07919749617576599,0.9968589544296265,-0.6228523850440979,0.02402905747294426,-0.13452139496803284,0.17177607119083405,-0.6228523850440979,0.02402905747294426,-0.13452139496803284,0.17177607119083405,-0.03592956652302716,False,False,1.51,absolute,0.0,0.0,0.0,0.0,0.0,0.0,0.17040856826189438,-0.051107551210337,-0.05805730312381746,0.16500686794400823,-0.06046132516711806,-0.062137269516751296,0.022411586716771126,0.010483925230801105,0.019036075100302696,0.26005491614341736,-0.009171849116683006,0.018086999654769897,0.9975587129592896,0.047021571546792984,-0.03127026930451393,0.04108241945505142,0.9819509387016296,-0.3287310302257538,0.12898626923561096,0.07919749617576599,0.9968589544296265,0.26005491614341736,-0.009171849116683006,0.018086999654769897,0.02241158758374981,0.010483925584405118,1.0190360754790468,0.9975587084863078,0.047021572479217046,-0.031270268746250544,0.04108241883395884,0.17040856826189438,-0.051107551210337,-0.05805730312381746,0.9819509464297941,-0.32873102746911886,0.1289862694076495,-0.08964635033499924,-0.04193570233762047,-0.07614430191618737,position_error,position_error,position_error,-0.09633246624412652,-0.03966989585750435,-0.07371034576751523,0.26133933418813476,-0.02079142930961371,0.011573076250763932,0.02408311656103163,0.009917473964376087,1.0184275864418788,0.9974887928141355,0.049377519140720194,-0.028686672974562392,0.0418932405926919,0.16500686794400823,-0.06046132516711806,-0.062137269516751296,0.3629089583403072,0.7022746411571009,0.12066259256126248,0.1539574912587037,0.16782953186824615,0.09044207679422091,0.0992167356742463,0.10003800239220824,0.13490204045678506,0.1055229734556003,0.07753799438625678,-0.004671392887830734,0.00018021793104708195,-0.00013452139496803283,0.511445835595417,-0.001834184696877301,0.0022220270007697533,-4.086161043168572e-05,0.4180010106908504,1530.5595555021903,1800.5711650377166,1574.6245042029584,1340.9369400929506,-0.008820983583700627,-0.00034432233610270127,-0.019566387617050065,-0.0006394520448995869,-0.006558420941274183,-0.0,-0.0,0.0,-0.03592956652302716,0.0010179287351992292,0.0006783527931263134,0.0003395759420729156,0.034743878572652744,0.06886446722054025,0.06886446722054025,0.016286859763187667,0.006522129205683355,0.6394520448995868,0.006558420941274183,0.4361255168914795,0.31368693709373474,0.0067835279312631344,0.0020374556524374934,d_final,hover
1.52,1.53,STEP,STEP,0.0,0.0,1.0,0.0,0.0,1.0,0.02408311702311039,0.00991747435182333,0.018427586182951927,0.26133933663368225,-0.0207914300262928,0.011573076248168945,0.997488796710968,0.04937751963734627,-0.02868667244911194,0.04189324006438255,0.3629089593887329,0.7022746205329895,0.12066259235143661,0.08089558780193329,0.9967225790023804,-0.27143704891204834,-0.7330060601234436,-0.14162251353263855,0.1093854159116745,-0.27143704891204834,-0.7330060601234436,-0.14162251353263855,0.1093854159116745,-0.03549874716580244,False,False,1.52,absolute,0.0,0.0,0.0,0.0,0.0,0.0,0.16500686794400823,-0.06046132516711806,-0.062137269516751296,0.16028117949015447,-0.07023066325346877,-0.06327873771933344,0.02408311702311039,0.00991747435182333,0.018427586182951927,0.26133933663368225,-0.0207914300262928,0.011573076248168945,0.997488796710968,0.04937751963734627,-0.02868667244911194,0.04189324006438255,0.3629089593887329,0.7022746205329895,0.12066259235143661,0.08089558780193329,0.9967225790023804,0.26133933663368225,-0.0207914300262928,0.011573076248168945,0.02408311656103163,0.009917473964376087,1.0184275864418788,0.9974887928141355,0.049377519140720194,-0.028686672974562392,0.0418932405926919,0.16500686794400823,-0.06046132516711806,-0.062137269516751296,0.3629089583403072,0.7022746411571009,0.12066259256126248,-0.09633246624412652,-0.03966989585750435,-0.07371034576751523,position_error,position_error,position_error,-0.10281584492500079,-0.037016748781309436,-0.07119082195139725,0.26309702441515526,-0.03321391447215934,0.007912084232063812,0.025703961231250197,0.009254187195327359,1.0177977054878493,0.9976916648229079,0.04780472566680664,-0.022388291795693252,0.04271784799456323,0.16028117949015447,-0.07023066325346877,-0.06327873771933344,-0.41497906489062275,1.3937836305506923,0.10570637324540855,0.1673712343723488,0.10154454240065203,0.06083293260787298,0.15050179857496349,0.11156275937428486,0.12867029214053718,0.0968306090523337,0.08966251401417238,-0.0020357778668403624,-0.005497545450925827,-0.00014162251353263855,0.4802505079558373,-0.0018999751702902111,0.0008582648210250445,-5.9040260104860505e-05,0.4267261745813281,1622.3635771757545,1753.8332993090626,1504.4483272941784,1445.0778484523332,-0.00936388596003107,-0.00035192904723783995,-0.01671916443364648,-0.0021260142704332616,-0.006937753454453784,-0.0,-0.0,0.0,-0.03549874716580244,0.0010630919242559955,0.000746333603623774,0.00031675832063222156,0.03462660120712943,0.07038580944756799,0.07038580944756799,0.017009470788095928,0.005573054811215494,2.1260142704332616,0.006937753454453784,0.6429980993270874,0.700537919998169,0.0074633360362377395,0.0019005499237933292,d_final,hover
1.53,1.54,STEP,STEP,0.0,0.0,1.0,0.0,0.0,1.0,0.02570396102964878,0.00925418734550476,0.01779770478606224,0.26309701800346375,-0.033213913440704346,0.007912084460258484,0.9976916909217834,0.04780472442507744,-0.022388292476534843,0.04271784797310829,-0.41497907042503357,1.393783688545227,0.10570637136697769,0.08319690078496933,0.9965331554412842,0.11150431632995605,-0.9976099133491516,-0.05902019143104553,-0.017042703926563263,0.11150431632995605,-0.9976099133491516,-0.05902019143104553,-0.017042703926563263,-0.03331689578871023,False,False,1.53,absolute,0.0,0.0,0.0,0.0,0.0,0.0,0.16028117949015447,-0.07023066325346877,-0.06327873771933344,0.1568777173093911,-0.07934440532926569,-0.06428950539831327,0.02570396102964878,0.00925418734550476,0.01779770478606224,0.26309701800346375,-0.033213913440704346,0.007912084460258484,0.9976916909217834,0.04780472442507744,-0.022388292476534843,0.04271784797310829,-0.41497907042503357,1.393783688545227,0.10570637136697769,0.08319690078496933,0.9965331554412842,0.26309701800346375,-0.033213913440704346,0.007912084460258484,0.025703961231250197,0.009254187195327359,1.0177977054878493,0.9976916648229079,0.04780472566680664,-0.022388291795693252,0.04271784799456323,0.16028117949015447,-0.07023066325346877,-0.06327873771933344,-0.41497906489062275,1.3937836305506923,0.10570637324540855,-0.10281584492500079,-0.037016748781309436,-0.07119082195139725,position_error,position_error,position_error,-0.10914083417913889,-0.033985176692800316,-0.06863866398069973,0.26601855148853,-0.045359228636465375,0.004349158582386464,0.027285208544784723,0.008496294173200079,1.017159665995175,0.9980347731292966,0.04254667031682451,-0.015183100009969025,0.04342632777236087,0.1568777173093911,-0.07934440532926569,-0.06428950539831327,-1.1198428382006476,1.4815819459037058,0.089074261862314,0.1487683936236555,0.04792289824260687,0.054781800812965895,0.1655633553574902,0.11809919710822243,0.11223838477024929,0.08861049218102243,0.10245118734954028,0.0008362823724746704,-0.007482074350118637,-5.9020191431045536e-05,0.4170364480367184,-0.0013885995275103227,-0.0006965467978919887,-4.7400504013435656e-05,0.42139926140903444,1673.200509714576,1627.656472552143,1436.2371790636437,1550.0347038330206,-0.009933421022495245,-0.00036421122269462785,-0.012244474085767666,-0.003457067268823409,-0.007317722188929278,-0.0,-0.0,0.0,-0.03331689578871023,0.0011111237570759097,0.0008166696200099468,0.00029445413706596295,0.035039293349619784,0.07284224453892557,0.07284224453892557,0.017777980113214555,0.004081491361922555,3.457067268823409,0.007317722188929278,1.0114326477050781,0.23946650326251984,0.008166696200099468,0.0017667248223957777,d_final,hover
1.54,1.55,STEP,STEP,0.0,0.0,1.0,0.0,0.0,1.0,0.02728520892560482,0.008496293798089027,0.01715966686606407,0.2660185396671295,-0.04535922780632973,0.004349158611148596,0.9980347752571106,0.04254667088389397,-0.015183099545538425,0.04342632740736008,-1.1198428869247437,1.4815819263458252,0.0890742614865303,0.08543939143419266,0.9963433742523193,0.401124507188797,-0.9600315690040588,0.03775813803076744,-0.05024278163909912,0.401124507188797,-0.9600315690040588,0.03775813803076744,-0.05024278163909912,-0.029790191774059366,False,False,1.54,absolute,0.0,0.0,0.0,0.0,0.0,0.0,0.1568777173093911,-0.07934440532926569,-0.06428950539831327,0.15474371335421094,-0.08704901985044386,-0.066697830377842,0.02728520892560482,0.008496293798089027,0.01715966686606407,0.2660185396671295,-0.04535922780632973,0.004349158611148596,0.9980347752571106,0.04254667088389397,-0.015183099545538425,0.04342632740736008,-1.1198428869247437,1.4815819263458252,0.0890742614865303,0.08543939143419266,0.9963433742523193,0.2660185396671295,-0.04535922780632973,0.004349158611148596,0.027285208544784723,0.008496294173200079,1.017159665995175,0.9980347731292966,0.04254667031682451,-0.015183100009969025,0.04342632777236087,0.1568777173093911,-0.07934440532926569,-0.06428950539831327,-1.1198428382006476,1.4815819459037058,0.089074261862314,-0.10914083417913889,-0.033985176692800316,-0.06863866398069973,position_error,position_error,position_error,-0.115361421013279,-0.030621323109161484,-0.06601419175577572,0.27010513436748995,-0.056427696741282375,-0.0006836386220662738,0.02884035525331975,0.007655330777290371,1.016503547938944,0.9983719613133861,0.034932894407297146,-0.01005921139352435,0.04395374861979197,0.15474371335421094,-0.08704901985044386,-0.066697830377842,-1.5466354723565252,0.9701548248718693,0.07933768197899964,0.13133905678503027,0.02633306091626738,0.07205744225222928,0.17070684922692358,0.12047152824765031,0.09364604198265969,0.0855241505744095,0.11415470913455197,0.0030084338039159772,-0.007200236767530441,3.775813803076744e-05,0.4004364091804505,-0.0005104806104822765,-0.001960648464792581,-1.0722129433202122e-05,0.41379642993927146,1691.457036451516,1478.2522706623683,1410.0985992793417,1642.6199698408984,-0.010537904371912295,-0.00038070667966485757,-0.007928969073185894,-0.00333957613635546,-0.007603035512940859,-0.0,-0.0,0.0,-0.029790191774059366,0.0011627372750204377,0.0008903701804474172,0.00027236709457302045,0.03597174925668455,0.07614133593297151,0.07614133593297151,0.018603796400327003,0.0026429896910619647,3.33957613635546,0.007603035512940859,1.086511492729187,0.095760278403759,0.008903701804474173,0.0016342025674381227,d_final,hover
1.55,1.56,STEP,STEP,0.0,0.0,1.0,0.0,0.0,1.0,0.028840355575084686,0.0076553309336304665,0.016503548249602318,0.27010512351989746,-0.05642769858241081,-0.0006836386164650321,0.998371958732605,0.03493289276957512,-0.010059211403131485,0.043953750282526016,-1.5466355085372925,0.9701548218727112,0.07933767884969711,0.08708493411540985,0.9962009191513062,0.6325255632400513,-0.7286978363990784,0.1167101040482521,0.013157017529010773,0.6325255632400513,-0.7286978363990784,0.1167101040482521,0.013157017529010773,-0.026740533219355246,False,False,1.55,absolute,0.0,0.0,0.0,0.0,0.0,0.0,0.15474371335421094,-0.08704901985044386,-0.066697830377842,0.15323132596964842,-0.09316711942157503,-0.06951027411019345,0.028840355575084686,0.0076553309336304665,0.016503548249602318,0.27010512351989746,-0.05642769858241081,-0.0006836386164650321,0.998371958732605,0.03493289276957512,-0.010059211403131485,0.043953750282526016,-1.5466355085372925,0.9701548218727112,0.07933767884969711,0.08708493411540985,0.9962009191513062,0.27010512351989746,-0.05642769858241081,-0.0006836386164650321,0.02884035525331975,0.007655330777290371,1.016503547938944,0.9983719613133861,0.034932894407297146,-0.01005921139352435,0.04395374861979197,0.15474371335421094,-0.08704901985044386,-0.066697830377842,-1.5466354723565252,0.9701548248718693,0.07933768197899964,-0.115361421013279,-0.030621323109161484,-0.06601419175577572,position_error,position_error,position_error,-0.12151429262811801,-0.02698759381048497,-0.06327768877060791,0.2747456185977664,-0.06617952561109006,-0.006232585339585539,0.030378573157029503,0.006746898452621243,1.015819422192652,0.9986119427847256,0.02691024793509125,-0.009269406794533969,0.044318217264070654,0.15323132596964842,-0.09316711942157503,-0.06951027411019345,-1.5867092564391527,0.031572567040126044,0.08074316588769745,0.11804647250839177,0.030931571220481298,0.10784576470620538,0.17531250032942697,0.12003094874686923,0.08048974214834595,0.08944668059582345,0.12477816282196588,0.004743941724300384,-0.005465233772993088,0.00011671010404825211,0.43213630876450543,0.00048451031243560913,-0.002647123913396057,2.5005762771942216e-05,0.41474553431300454,1688.0739353524552,1366.7709934686957,1443.2668775640598,1724.3552909128841,-0.011185308168925984,-0.00039951864834396735,-0.004860500077503812,-0.0025251625502967605,-0.007770043774284723,-0.0,-0.0,0.0,-0.026740533219355246,0.0012186324642963463,0.0009683783457869764,0.0002502541185093699,0.0369916296066049,0.07990372966879347,0.07990372966879347,0.01949811942874154,0.0016201666925012707,2.5251625502967605,0.007770043774284723,0.9448834657669067,0.11731468886137009,0.009683783457869764,0.0015015247110562193,d_final,hover
1.56,1.57,STEP,STEP,0.0,0.0,1.0,0.0,0.0,1.0,0.030378572642803192,0.006746898405253887,0.015819422900676727,0.2747456133365631,-0.06617952883243561,-0.006232585292309523,0.9986119270324707,0.026910247281193733,-0.009269407019019127,0.044318217784166336,-1.5867092609405518,0.03157256543636322,0.08074316382408142,0.08803374320268631,0.9961174726486206,0.7454330325126648,-0.22125816345214844,0.15175792574882507,0.16203391551971436,0.7454330325126648,-0.22125816345214844,0.15175792574882507,0.16203391551971436,-0.0264371299051368,False,False,1.56,absolute,0.0,0.0,0.0,0.0,0.0,0.0,0.15323132596964842,-0.09316711942157503,-0.06951027411019345,0.15136160036089596,-0.09797091340193613,-0.06996978073732112,0.030378572642803192,0.006746898405253887,0.015819422900676727,0.2747456133365631,-0.06617952883243561,-0.006232585292309523,0.9986119270324707,0.026910247281193733,-0.009269407019019127,0.044318217784166336,-1.5867092609405518,0.03157256543636322,0.08074316382408142,0.08803374320268631,0.9961174726486206,0.2747456133365631,-0.06617952883243561,-0.006232585292309523,0.030378573157029503,0.006746898452621243,1.015819422192652,0.9986119427847256,0.02691024793509125,-0.009269406794533969,0.044318217264070654,0.15323132596964842,-0.09316711942157503,-0.06951027411019345,-1.5867092564391527,0.031572567040126044,0.08074316588769745,-0.12151429262811801,-0.02698759381048497,-0.06327768877060791,position_error,position_error,position_error,-0.12760154311341687,-0.023142109367781126,-0.06047491732463328,0.27896314347431284,-0.07482880403415501,-0.009494863412687835,0.03190038577835422,0.0057855273419452815,1.0151187293311583,0.9987001267173293,0.020513183671255094,-0.01373713874746404,0.0445932417468452,0.15136160036089596,-0.09797091340193613,-0.06996978073732112,-1.2307190882881547,-1.0470677590908533,0.09089246910190497,0.10523197060189134,0.06898953720117305,0.1608296444521808,0.17152360550461201,0.11730785757190355,0.07835926113404326,0.10150289972974261,0.13300432724328,0.005590747743844986,-0.0016594362258911131,0.00015175792574882507,0.5065747577598572,0.0013731920277824648,-0.0024907605968016657,4.423618341047801e-05,0.43017434567896945,1667.0884663395252,1348.1583824998497,1542.3986766651183,1786.3953706098077,-0.011882525253855167,-0.0004175496888073881,-0.003656998111786347,-0.0026192818073438088,-0.00786077504334409,-0.0,-0.0,0.0,-0.0264371299051368,0.0012796829160210475,0.0010511069394322206,0.0002285759765888269,0.03740440415305004,0.08350993776147762,0.08350993776147762,0.02047492665633676,0.001218999370595449,2.6192818073438087,0.00786077504334409,0.6539109945297241,0.2936357855796814,0.010511069394322206,0.0013714558595329615,d_final,hover
1.57,1.58,STEP,STEP,0.0,0.0,1.0,0.0,0.0,1.0,0.03190038725733757,0.0057855271734297276,0.015118729323148727,0.2789631485939026,-0.07482880353927612,-0.009494863450527191,0.9987001419067383,0.020513184368610382,-0.013737138360738754,0.044593241065740585,-1.2307190895080566,-1.0470677614212036,0.09089247137308121,0.08854489773511887,0.9960721731185913,0.47351914644241333,0.3618644177913666,0.1095641478896141,0.24467439949512482,0.47351914644241333,0.3618644177913666,0.1095641478896141,0.24467439949512482,-0.029988343924016756,False,False,1.57,absolute,0.0,0.0,0.0,0.0,0.0,0.0,0.15136160036089596,-0.09797091340193613,-0.06996978073732112,0.1480576193921149,-0.10197786092987553,-0.06625794009662221,0.03190038725733757,0.0057855271734297276,0.015118729323148727,0.2789631485939026,-0.07482880353927612,-0.009494863450527191,0.9987001419067383,0.020513184368610382,-0.013737138360738754,0.044593241065740585,-1.2307190895080566,-1.0470677614212036,0.09089247137308121,0.08854489773511887,0.9960721731185913,0.2789631485939026,-0.07482880353927612,-0.009494863450527191,0.03190038577835422,0.0057855273419452815,1.0151187293311583,0.9987001267173293,0.020513183671255094,-0.01373713874746404,0.0445932417468452,0.15136160036089596,-0.09797091340193613,-0.06996978073732112,-1.2307190882881547,-1.0470677590908533,0.09089246910190497,-0.12760154311341687,-0.023142109367781126,-0.06047491732463328,position_error,position_error,position_error,-0.13358292908009303,-0.019125579101064678,-0.0577509839709025,0.28164054847220793,-0.08285228182881085,-0.008506956125719708,0.03339573227002326,0.004781394775266169,1.0144377459927256,0.9985838235142334,0.017278053938781086,-0.022752370951722407,0.04487923666750733,0.1480576193921149,-0.10197786092987553,-0.06625794009662221,-0.5907406099372601,-1.9328136539076526,0.10567917156297194,0.09728170701440927,0.1264410212808375,0.18588836423055158,0.1382839072217641,0.11359737058918838,0.0865286145528619,0.11585665306906784,0.1339577162053589,0.0035513935983181,0.002713983133435249,0.00010956414788961411,0.5478949997475624,0.0017567328210001693,-0.0015969789568478932,5.3268095826210335e-05,0.44994035441647706,1638.2754247187904,1418.6393842796354,1655.8501628493411,1793.5231602095962,-0.012632057754582942,-0.00043129133725245864,-0.004897209191017261,-0.004095911176263133,-0.007931874464900963,-0.0,-0.0,0.0,-0.029988343924016756,0.0013465851791984802,0.0011381366698480153,0.00020844850935046488,0.03671065740574097,0.08625826745049173,0.08625826745049173,0.021545362867175684,0.0016324030636724204,4.095911176263133,0.007931874464900963,0.4270361065864563,0.422578901052475,0.011381366698480153,0.0012506910561027893,d_final,hover
1.58,1.59,STEP,STEP,0.0,0.0,1.0,0.0,0.0,1.0,0.033395733684301376,0.0047813947312533855,0.01443774625658989,0.28164055943489075,-0.08285228163003922,-0.0085069565102458,0.9985838532447815,0.017278054729104042,-0.022752370685338974,0.044879235327243805,-0.5907406210899353,-1.9328136444091797,0.10567916929721832,0.08894338458776474,0.99603670835495,0.17094017565250397,0.6210970878601074,0.008494101464748383,0.12411502003669739,0.17094017565250397,0.6210970878601074,0.008494101464748383,0.12411502003669739,-0.03668213121758399,False,False,1.58,absolute,0.0,0.0,0.0,0.0,0.0,0.0,0.1480576193921149,-0.10197786092987553,-0.06625794009662221,0.14252431230311666,-0.10581491158831112,-0.06011838088227275,0.033395733684301376,0.0047813947312533855,0.01443774625658989,0.28164055943489075,-0.08285228163003922,-0.0085069565102458,0.9985838532447815,0.017278054729104042,-0.022752370685338974,0.044879235327243805,-0.5907406210899353,-1.9328136444091797,0.10567916929721832,0.08894338458776474,0.99603670835495,0.28164055943489075,-0.08285228163003922,-0.0085069565102458,0.03339573227002326,0.004781394775266169,1.0144377459927256,0.9985838235142334,0.017278053938781086,-0.022752370951722407,0.04487923666750733,0.1480576193921149,-0.10197786092987553,-0.06625794009662221,-0.5907406099372601,-1.9328136539076526,0.10567917156297194,-0.13358292908009303,-0.019125579101064678,-0.0577509839709025,position_error,position_error,position_error,-0.13938032711022066,-0.014954930203474133,-0.055244519317207086,0.2819046394133373,-0.09085998138483699,-0.004873861565065661,0.034845081777555166,0.0037387325508685333,1.0138111298293018,0.9982248898965014,0.017726378271410693,-0.034400467033782856,0.04527087996001808,0.14252431230311666,-0.10581491158831112,-0.06011838088227275,0.13118106563511428,-2.406051483015707,0.12138151905833988,0.08025680153351913,0.14541973599023833,0.16426584518144213,0.09767292731314917,0.1072925500356404,0.09652735209700952,0.12432617829865952,0.127153164685303,0.0012820513173937796,0.004658228158950805,8.494101464748382e-06,0.48761531001834874,0.001684999531298157,-0.000480551676820074,4.715297661880521e-05,0.45529924511661246,1588.6926384271349,1501.965634681981,1720.9168195690722,1742.37047305908,-0.013426062294685286,-0.00043874758233286045,-0.008985699712581133,-0.005821025684072158,-0.008010595943912558,-0.0,-0.0,0.0,-0.03668213121758399,0.0014189051523332602,0.001228157845171431,0.00019074730716182918,0.03512419483182445,0.08774951646657209,0.08774951646657209,0.022702482437332163,0.002995233237527044,5.821025684072158,0.008010595943912558,0.43045881390571594,0.1835053414106369,0.01228157845171431,0.001144483842970975,d_final,hover
1.59,1.6,STEP,STEP,0.0,0.0,1.0,0.0,0.0,1.0,0.034845080226659775,0.0037387325428426266,0.013811130076646805,0.2819046378135681,-0.09085997939109802,-0.004873861558735371,0.9982249140739441,0.01772637851536274,-0.034400466829538345,0.045270878821611404,0.13118106126785278,-2.4060513973236084,0.12138152122497559,0.08938248455524445,0.9959973692893982,-0.0817769467830658,0.6760308146476746,-0.08253312110900879,-0.004348739981651306,-0.0817769467830658,0.6760308146476746,-0.08253312110900879,-0.004348739981651306,-0.04498306069977211,False,False,1.59,absolute,0.0,0.0,0.0,0.0,0.0,0.0,0.14252431230311666,-0.10581491158831112,-0.06011838088227275,0.13456369212708102,-0.110122895001264,-0.05473441629568581,0.034845080226659775,0.0037387325428426266,0.013811130076646805,0.2819046378135681,-0.09085997939109802,-0.004873861558735371,0.9982249140739441,0.01772637851536274,-0.034400466829538345,0.045270878821611404,0.13118106126785278,-2.4060513973236084,0.12138152122497559,0.08938248455524445,0.9959973692893982,0.2819046378135681,-0.09085997939109802,-0.004873861558735371,0.034845081777555166,0.0037387325508685333,1.0138111298293018,0.9982248898965014,0.017726378271410693,-0.034400467033782856,0.04527087996001808,0.14252431230311666,-0.10581491158831112,-0.06011838088227275,0.13118106563511428,-2.406051483015707,0.12138151905833988,-0.13938032711022066,-0.014954930203474133,-0.055244519317207086,position_error,position_error,position_error,-0.1448977714201917,-0.010621399229394243,-0.052975000516007675,0.27946146354727275,-0.09950149577186976,-0.0017594157796781348,0.036224442855047924,0.002655349807348561,1.013243750129002,0.9976381220771539,0.021470733033041783,-0.04644754483487188,0.045823690163562185,0.13456369212708102,-0.110122895001264,-0.05473441629568581,0.7637337035772526,-2.4276996441761933,0.13366668116878566,0.07085686858162325,0.14950868464772643,0.13388761400638075,0.06913026277344403,0.10033268767887282,0.10564610544109442,0.12604600504140837,0.11586402644710493,-0.0006133271008729934,0.005070231109857559,-8.253312110900878e-05,0.4233834300091744,0.0012703489325199455,0.0005478397381849429,2.8919251342566198e-05,0.44788882460848056,1532.9454293793651,1575.6056630721382,1733.983188280689,1655.9073616040175,-0.014244992932456816,-0.0004400117640635443,-0.015710200788981513,-0.006494881513967719,-0.00809297370030251,-0.0,-0.0,0.0,-0.04498306069977211,0.001494658060237457,0.0013192611427580187,0.00017539691747943834,0.033230295569560704,0.08800235281270885,0.08800235281270885,0.023914528963799312,0.00523673359632717,6.494881513967719,0.00809297370030251,0.4705357551574707,0.09167256206274033,0.013192611427580186,0.00105238150487663,d_final,hover
1.6,1.61,STEP,STEP,0.0,0.0,1.0,0.0,0.0,1.0,0.03622444346547127,0.0026553499046713114,0.013243749737739563,0.27946147322654724,-0.09950149804353714,-0.0017594157252460718,0.9976381063461304,0.021470732986927032,-0.046447545289993286,0.04582368955016136,0.7637336850166321,-2.427699565887451,0.13366667926311493,0.08983966708183289,0.9959562420845032,-0.3340260982513428,0.7051656246185303,-0.13370409607887268,-0.0737709105014801,-0.3340260982513428,0.7051656246185303,-0.13370409607887268,-0.0737709105014801,-0.053140128893717095,False,False,1.6,absolute,0.0,0.0,0.0,0.0,0.0,0.0,0.13456369212708102,-0.110122895001264,-0.05473441629568581,0.12451185212108844,-0.11539531395557409,-0.05207406224915228,0.03622444346547127,0.0026553499046713114,0.013243749737739563,0.27946147322654724,-0.09950149804353714,-0.0017594157252460718,0.9976381063461304,0.021470732986927032,-0.046447545289993286,0.04582368955016136,0.7637336850166321,-2.427699565887451,0.13366667926311493,0.08983966708183289,0.9959562420845032,0.27946147322654724,-0.09950149804353714,-0.0017594157252460718,0.036224442855047924,0.002655349807348561,1.013243750129002,0.9976381220771539,0.021470733033041783,-0.04644754483487188,0.045823690163562185,0.13456369212708102,-0.110122895001264,-0.05473441629568581,0.7637337035772526,-2.4276996441761933,0.13366668116878566,-0.1448977714201917,-0.010621399229394243,-0.052975000516007675,position_error,position_error,position_error,-0.15004487394156765,-0.00609357012119378,-0.0508595072038025,0.2745567260626561,-0.10930174383438031,-0.0012145550453497786,0.03751121848539191,0.001523392530298445,1.0127148768009506,0.9969198809720976,0.027421706314857554,-0.05685328839665815,0.04654572530154529,0.12451185212108844,-0.11539531395557409,-0.05207406224915228,1.1709339664119982,-2.041484563741299,0.14010622657825844,0.07185797496748589,0.1579073550494159,0.11122364386515146,0.04768337086720678,0.09494239423793312,0.11470891875452145,0.1233222603405787,0.10207691249329788,-0.0025051957368850707,0.005288742184638977,-0.00013370409607887267,0.38867234474926,0.0005567655846934749,0.0014499747474245933,8.784210584313295e-06,0.4350504858263311,1488.9496116455607,1646.9341976578544,1713.2677878230031,1547.023466214031,-0.015064130922981887,-0.0004366487108771952,-0.023905478272391298,-0.005558375332417336,-0.008175495655049382,-0.0,-0.0,0.0,-0.053140128893717095,0.0015710803291235295,0.0014094122370601771,0.0001616680920633524,0.031530987760657894,0.08732974217543904,0.08732974217543904,0.025137285265976472,0.007968492757463766,5.558375332417335,0.008175495655049382,0.6321508884429932,0.0719163790345192,0.014094122370601772,0.0009700085523801144,d_final,hover
1.61,1.62,STEP,STEP,0.0,0.0,1.0,0.0,0.0,1.0,0.03751121833920479,0.0015233925078064203,0.012714876793324947,0.2745567262172699,-0.10930174589157104,-0.001214554999023676,0.9969198703765869,0.027421705424785614,-0.056853286921978,0.04654572531580925,1.1709339618682861,-2.0414845943450928,0.1401062309741974,0.09029529243707657,0.9959150552749634,-0.5613098740577698,0.7118169665336609,-0.15652772784233093,-0.07535766810178757,-0.5613098740577698,0.7118169665336609,-0.15652772784233093,-0.07535766810178757,-0.05924569249864836,False,False,1.61,absolute,0.0,0.0,0.0,0.0,0.0,0.0,0.12451185212108844,-0.11539531395557409,-0.05207406224915228,0.11298567458883267,-0.12186305125962842,-0.052339960476112925,0.03751121833920479,0.0015233925078064203,0.012714876793324947,0.2745567262172699,-0.10930174589157104,-0.001214554999023676,0.9969198703765869,0.027421705424785614,-0.056853286921978,0.04654572531580925,1.1709339618682861,-2.0414845943450928,0.1401062309741974,0.09029529243707657,0.9959150552749634,0.2745567262172699,-0.10930174589157104,-0.001214554999023676,0.03751121848539191,0.001523392530298445,1.0127148768009506,0.9969198809720976,0.027421706314857554,-0.05685328839665815,0.04654572530154529,0.12451185212108844,-0.11539531395557409,-0.05207406224915228,1.1709339664119982,-2.041484563741299,0.14010622657825844,-0.15004487394156765,-0.00609357012119378,-0.0508595072038025,position_error,position_error,position_error,-0.154752281515179,-0.0013264080050598543,-0.04877866144662235,0.2677379561040117,-0.12053664325456856,-0.0035612990294905736,0.03868807037879475,0.00033160200126496357,1.0121946653616556,0.9962531668146329,0.033932424937204865,-0.06388471303492578,0.04740212643058721,0.11298567458883267,-0.12186305125962842,-0.052339960476112925,1.2451164679649713,-1.3051685136870559,0.14057940350112566,0.08239995367888256,0.17107600299717302,0.0983637946288077,0.03603921464424298,0.09262598161491774,0.12452515521809679,0.11868058100838466,0.08838739988685985,-0.0042098240554332735,0.005338627249002456,-0.00015652772784233095,0.38787896594910626,-0.0003564899781798589,0.0021988107012919046,-9.539595341026075e-06,0.42421911772825904,1469.8014983362955,1722.4309370903743,1677.6837700995516,1434.3579993540764,-0.015861026674914763,-0.0004311268917830513,-0.03139599613004315,-0.0032735424366063764,-0.008284000365301017,-0.0,-0.0,0.0,-0.05924569249864836,0.0016455866128045815,0.0014968767495218188,0.00014870986328276262,0.030355837387241475,0.08622537835661026,0.08622537835661026,0.026329385804873304,0.010465332043347717,3.2735424366063763,0.008284000365301017,0.8519318699836731,0.052225589752197266,0.014968767495218189,0.0008922591796965757,d_final,hover
1.62,1.6300000000000001,STEP,STEP,0.0,0.0,1.0,0.0,0.0,1.0,0.03868807107210159,0.0003316020010970533,0.012194665148854256,0.2677379548549652,-0.12053664028644562,-0.0035612990614026785,0.9962531924247742,0.03393242508172989,-0.06388471275568008,0.04740212485194206,1.2451164722442627,-1.3051685094833374,0.14057940244674683,0.09089086949825287,0.9958608746528625,-0.7303578853607178,0.5593540668487549,-0.17382261157035828,0.019786447286605835,-0.7303578853607178,0.5593540668487549,-0.17382261157035828,0.019786447286605835,-0.06202447257217536,False,False,1.62,absolute,0.0,0.0,0.0,0.0,0.0,0.0,0.11298567458883267,-0.12186305125962842,-0.052339960476112925,0.10059964121779308,-0.12952747192778533,-0.05364452069497131,0.03868807107210159,0.0003316020010970533,0.012194665148854256,0.2677379548549652,-0.12053664028644562,-0.0035612990614026785,0.9962531924247742,0.03393242508172989,-0.06388471275568008,0.04740212485194206,1.2451164722442627,-1.3051685094833374,0.14057940244674683,0.09089086949825287,0.9958608746528625,0.2677379548549652,-0.12053664028644562,-0.0035612990614026785,0.03868807037879475,0.00033160200126496357,1.0121946653616556,0.9962531668146329,0.033932424937204865,-0.06388471303492578,0.04740212643058721,0.11298567458883267,-0.12186305125962842,-0.052339960476112925,1.2451164679649713,-1.3051685136870559,0.14057940350112566,-0.154752281515179,-0.0013264080050598543,-0.04877866144662235,position_error,position_error,position_error,-0.15897614044907787,0.003728533872645077,-0.04665361867558193,0.25957578166687095,-0.1332560058004304,-0.006990902019389379,0.03974403511226947,-0.0009321334681612692,1.0116634046688955,0.9958647606125701,0.03905372116584159,-0.06628523012080217,0.048316184669336244,0.10059964121779308,-0.12952747192778533,-0.05364452069497131,0.9334157937061599,-0.3226813490562434,0.13447332439157106,0.11061592337798032,0.18457648336949967,0.09247805548320331,0.04778056141261969,0.09581315357874691,0.1350363028600417,0.1137901063511755,0.0803804283302896,-0.005477684140205383,0.0041951555013656616,-0.00017382261157035828,0.43545102364330296,-0.001296783278730172,0.002567933609268598,-3.453201928682885e-05,0.4250199911202537,1496.108919024506,1801.5722795313563,1639.7785113771474,1365.8201487113683,-0.016620782048900225,-0.0004259281111044805,-0.035513549214402015,-0.0009934713719417785,-0.008470741825826862,-0.0,-0.0,0.0,-0.06202447257217536,0.0017164922082781877,0.0015804571998077747,0.00013603500847041294,0.029775388397745114,0.0851856222208961,0.0851856222208961,0.027463875332451003,0.011837849738134006,0.9934713719417784,0.008470741825826862,0.8769054412841797,0.061173681169748306,0.015804571998077745,0.0008162100508224777,d_final,hover
1.6300000000000001,1.6400000000000001,STEP,STEP,0.0,0.0,1.0,0.0,0.0,1.0,0.03974403440952301,-0.000932133465539664,0.011663404293358326,0.2595757842063904,-0.1332560032606125,-0.006990902125835419,0.995864748954773,0.039053719490766525,-0.06628523021936417,0.04831618443131447,0.9334157705307007,-0.32268133759498596,0.13447332382202148,0.09190674871206284,0.9957675933837891,-0.7294362783432007,0.05229806527495384,-0.2011442482471466,0.17461036145687103,-0.7294362783432007,0.05229806527495384,-0.2011442482471466,0.17461036145687103,-0.061543235085817376,False,False,1.6300000000000001,absolute,0.0,0.0,0.0,0.0,0.0,0.0,0.10059964121779308,-0.12952747192778533,-0.05364452069497131,0.08790637898204874,-0.13816719728586507,-0.052860229432223675,0.03974403440952301,-0.000932133465539664,0.011663404293358326,0.2595757842063904,-0.1332560032606125,-0.006990902125835419,0.995864748954773,0.039053719490766525,-0.06628523021936417,0.04831618443131447,0.9334157705307007,-0.32268133759498596,0.13447332382202148,0.09190674871206284,0.9957675933837891,0.2595757842063904,-0.1332560032606125,-0.006990902125835419,0.03974403511226947,-0.0009321334681612692,1.0116634046688955,0.9958647606125701,0.03905372116584159,-0.06628523012080217,0.048316184669336244,0.10059964121779308,-0.12952747192778533,-0.05364452069497131,0.9334157937061599,-0.3226813490562434,0.13447332439157106,-0.15897614044907787,0.003728533872645077,-0.04665361867558193,position_error,position_error,position_error,-0.16269544491600454,0.009114612132512117,-0.04451594382457191,0.2506018238980533,-0.14728180941837718,-0.008344285607651762,0.040673861229001136,-0.0022786530331280292,1.011128985956143,0.9959113346902635,0.04093983840637037,-0.06377775160512321,0.04916239891332951,0.08790637898204874,-0.13816719728586507,-0.052860229432223675,0.2642142070205067,0.6829568911436683,0.1194467559142626,0.15566109922626525,0.1781395339405819,0.08383905711041491,0.09522329045117348,0.10606073989678515,0.14267074806219887,0.10815619049875158,0.08300842714639903,-0.005470772087574005,0.0003922354895621538,-0.0002011442482471466,0.5128629807284355,-0.0020352766999455797,0.0021834460120106263,-6.808573418958322e-05,0.4398961056041346,1578.9071117368549,1858.1256630070698,1595.5336231139772,1388.5587868674374,-0.01733867843968642,-0.00042281416314442075,-0.034462031811267085,-0.000550506789850541,-0.008769203881868906,-0.0,-0.0,0.0,-0.061543235085817376,0.001783409575333453,0.0016595552469214254,0.00012385432841202764,0.029611909727194068,0.08456283262888414,0.08456283262888414,0.02853455320533525,0.011487343937089028,0.5505067898505409,0.008769203881868906,0.6057601571083069,0.2818235754966736,0.016595552469214254,0.0007431259704721658,d_final,hover
1.6400000000000001,1.6500000000000001,STEP,STEP,0.0,0.0,1.0,0.0,0.0,1.0,0.04067385941743851,-0.002278652973473072,0.01112898625433445,0.2506018280982971,-0.14728181064128876,-0.008344285190105438,0.9959113597869873,0.04093983769416809,-0.06377775222063065,0.049162399023771286,0.2642142176628113,0.682956874370575,0.1194467544555664,0.09350722283124924,0.9956185817718506,-0.3321070671081543,-0.6686891913414001,-0.1936292052268982,0.11534826457500458,-0.3321070671081543,-0.6686891913414001,-0.1936292052268982,0.11534826457500458,-0.058652029787678396,False,False,1.6400000000000001,absolute,0.0,0.0,0.0,0.0,0.0,0.0,0.08790637898204874,-0.13816719728586507,-0.052860229432223675,0.07579097248092266,-0.146994871962729,-0.049880329250304736,0.04067385941743851,-0.002278652973473072,0.01112898625433445,0.2506018280982971,-0.14728181064128876,-0.008344285190105438,0.9959113597869873,0.04093983769416809,-0.06377775222063065,0.049162399023771286,0.2642142176628113,0.682956874370575,0.1194467544555664,0.09350722283124924,0.9956185817718506,0.2506018280982971,-0.14728181064128876,-0.008344285190105438,0.040673861229001136,-0.0022786530331280292,1.011128985956143,0.9959113346902635,0.04093983840637037,-0.06377775160512321,0.04916239891332951,0.08790637898204874,-0.13816719728586507,-0.052860229432223675,0.2642142070205067,0.6829568911436683,0.1194467559142626,-0.16269544491600454,0.009114612132512117,-0.04451594382457191,position_error,position_error,position_error,-0.16591763225710962,0.014854277922896902,-0.042468315875056284,0.2417086047380323,-0.1618491498856259,-0.007412013375248452,0.041479408064277405,-0.0037135694807242255,1.010617078968764,0.9963528443606542,0.038457796455447196,-0.057649506782515895,0.04978495549820297,0.07579097248092266,-0.146994871962729,-0.049880329250304736,-0.6057230440264626,1.3712029666002636,0.09528812465937654,0.1657343513165365,0.11110722652727209,0.059582860178485894,0.1468074942652079,0.11636955360531005,0.13680539179794743,0.09866072622230715,0.09375826434666801,-0.002490803003311157,-0.005015168935060501,-0.0001936292052268982,0.48323193228750233,-0.0021480267831660515,0.0008958355989139165,-9.226825532296953e-05,0.4455939359722326,1659.8265623406194,1814.7414152070294,1519.3796650388388,1479.180178103451,-0.018019653111483912,-0.00042336567432690495,-0.028814806442855723,-0.0022561778083791486,-0.009138026750632711,-0.0,-0.0,0.0,-0.058652029787678396,0.0018470542574799804,0.001734331891651008,0.00011272236582897235,0.029839811139061877,0.08467313486538099,0.08467313486538099,0.029552868119679686,0.009604935480951907,2.2561778083791486,0.009138026750632711,0.6082378029823303,0.6812616586685181,0.01734331891651008,0.0006763341949738341,d_final,hover
1.6500000000000001,1.6600000000000001,STEP,STEP,0.0,0.0,1.0,0.0,0.0,1.0,0.041479408740997314,-0.0037135693710297346,0.010617079213261604,0.24170860648155212,-0.16184915602207184,-0.0074120135977864265,0.9963528513908386,0.03845779597759247,-0.057649508118629456,0.04978495463728905,-0.6057230234146118,1.3712029457092285,0.09528812766075134,0.09544750303030014,0.9954344630241394,0.07853299379348755,-0.9071550369262695,-0.08801723271608353,-0.005388353019952774,0.07853299379348755,-0.9071550369262695,-0.08801723271608353,-0.005388353019952774,-0.05419100762646179,False,False,1.6500000000000001,absolute,0.0,0.0,0.0,0.0,0.0,0.0,0.07579097248092266,-0.146994871962729,-0.049880329250304736,0.06505605448698185,-0.1548664282507946,-0.0471682579006274,0.041479408740997314,-0.0037135693710297346,0.010617079213261604,0.24170860648155212,-0.16184915602207184,-0.0074120135977864265,0.9963528513908386,0.03845779597759247,-0.057649508118629456,0.04978495463728905,-0.6057230234146118,1.3712029457092285,0.09528812766075134,0.09544750303030014,0.9954344630241394,0.24170860648155212,-0.16184915602207184,-0.0074120135977864265,0.041479408064277405,-0.0037135694807242255,1.010617078968764,0.9963528443606542,0.038457796455447196,-0.057649506782515895,0.04978495549820297,0.07579097248092266,-0.146994871962729,-0.049880329250304736,-0.6057230440264626,1.3712029666002636,0.09528812465937654,-0.16591763225710962,0.014854277922896902,-0.042468315875056284,position_error,position_error,position_error,-0.16868664790493376,0.020927689063867334,-0.040542327218511254,0.2337427023919156,-0.17579411731466194,-0.0066259306821161434,0.04217166197623344,-0.005231922265966834,1.0101355818046278,0.996960210049799,0.03177673756370457,-0.050525817274355796,0.050077143648838904,0.06505605448698185,-0.1548664282507946,-0.0471682579006274,-1.4146935253423816,1.495288837902263,0.06818426255915719,0.1459562182487166,0.0571458317447572,0.05806673552356091,0.16169483797298895,0.12160503232610669,0.12087297443444993,0.09077066804573107,0.10531028652580879,0.0005889974534511566,-0.006803662776947021,-8.801723271608353e-05,0.42286362349002365,-0.0016403677801426872,-0.0005399301181226728,-8.201690989522055e-05,0.4385589613320965,1700.1456947396412,1694.5367425766522,1454.3535968882873,1572.9289342269228,-0.018674600955457945,-0.0004279156278066048,-0.02137571556860486,-0.004241895573061492,-0.009470879901530891,-0.0,-0.0,0.0,-0.05419100762646179,0.0019085521029531154,0.001805822084434813,0.0001027300185183024,0.030440745377951762,0.08558312556132096,0.08558312556132096,0.030536833647249847,0.007125238522868287,4.241895573061492,0.009470879901530891,0.8368737697601318,0.2512224316596985,0.01805822084434813,0.0006163801111098144,d_final,hover
1.6600000000000001,1.67,STEP,STEP,0.0,0.0,1.0,0.0,0.0,1.0,0.042171660810709,-0.005231922492384911,0.010135581716895103,0.23374269902706146,-0.17579412460327148,-0.006625930778682232,0.9969602227210999,0.03177673742175102,-0.05052581802010536,0.05007714405655861,-1.4146934747695923,1.4952888488769531,0.0681842640042305,0.09716490656137466,0.9952682852745056,0.3665786683559418,-0.8585899472236633,0.031061820685863495,-0.04857911542057991,0.3665786683559418,-0.8585899472236633,0.031061820685863495,-0.04857911542057991,-0.049567107154350865,False,False,1.6600000000000001,absolute,0.0,0.0,0.0,0.0,0.0,0.0,0.06505605448698185,-0.1548664282507946,-0.0471682579006274,0.05576823468298115,-0.16093749319129114,-0.04623235626021886,0.042171660810709,-0.005231922492384911,0.010135581716895103,0.23374269902706146,-0.17579412460327148,-0.006625930778682232,0.9969602227210999,0.03177673742175102,-0.05052581802010536,0.05007714405655861,-1.4146934747695923,1.4952888488769531,0.0681842640042305,0.09716490656137466,0.9952682852745056,0.23374269902706146,-0.17579412460327148,-0.006625930778682232,0.04217166197623344,-0.005231922265966834,1.0101355818046278,0.996960210049799,0.03177673756370457,-0.050525817274355796,0.050077143648838904,0.06505605448698185,-0.1548664282507946,-0.0471682579006274,-1.4146935253423816,1.495288837902263,0.06818426255915719,-0.16868664790493376,0.020927689063867334,-0.040542327218511254,position_error,position_error,position_error,-0.1710620042436368,0.027274631179391492,-0.038684403088349306,0.22683023892661794,-0.18821212437068263,-0.007547953171869556,0.0427655010609092,-0.006818657794847873,1.0096711007720873,0.9974786264871928,0.022211792787539306,-0.04513943934045979,0.05005454003800219,0.05576823468298115,-0.16093749319129114,-0.04623235626021886,-1.9484278141858753,1.0699542021303996,0.04793392764865094,0.12771746486985078,0.03403474406075375,0.07553128764586818,0.1639847457132374,0.1227071873953796,0.10254489474945654,0.08793892837322312,0.11544583069651072,0.002749340012669563,-0.0064394246041774746,3.10618206858635e-05,0.4012682422897101,-0.0007731192073202418,-0.0016853443881364432,-4.362698148354543e-05,0.42863684121456996,1708.5733451249162,1550.7881043347875,1430.575639152063,1652.6616145098226,-0.019315002892001863,-0.0004346636632435831,-0.015185596336845792,-0.004943470603169474,-0.009688373659090154,-0.0,-0.0,0.0,-0.049567107154350865,0.0019689123652577335,0.0018753821751138653,9.353019014386808e-05,0.031148403479724744,0.08693273264871662,0.08693273264871662,0.031502597844123736,0.005061865445615264,4.943470603169474,0.009688373659090154,0.874881386756897,0.10137414187192917,0.018753821751138655,0.0005611811408632085,d_final,hover
1.67,1.68,STEP,STEP,0.0,0.0,1.0,0.0,0.0,1.0,0.042765501886606216,-0.006818657740950584,0.009671100415289402,0.22683024406433105,-0.18821212649345398,-0.0075479531660676,0.9974786043167114,0.022211791947484016,-0.04513943940401077,0.05005453899502754,-1.9484277963638306,1.0699541568756104,0.04793392866849899,0.09827067703008652,0.9951597452163696,0.5707445740699768,-0.6422733664512634,0.12921498715877533,-0.011662047356367111,0.5707445740699768,-0.6422733664512634,0.12921498715877533,-0.011662047356367111,-0.04685675345147122,False,False,1.67,absolute,0.0,0.0,0.0,0.0,0.0,0.0,0.05576823468298115,-0.16093749319129114,-0.04623235626021886,0.04729471860316721,-0.16489912115604524,-0.04653816860232422,0.042765501886606216,-0.006818657740950584,0.009671100415289402,0.22683024406433105,-0.18821212649345398,-0.0075479531660676,0.9974786043167114,0.022211791947484016,-0.04513943940401077,0.05005453899502754,-1.9484277963638306,1.0699541568756104,0.04793392866849899,0.09827067703008652,0.9951597452163696,0.22683024406433105,-0.18821212649345398,-0.0075479531660676,0.0427655010609092,-0.006818657794847873,1.0096711007720873,0.9974786264871928,0.022211792787539306,-0.04513943934045979,0.05005454003800219,0.05576823468298115,-0.16093749319129114,-0.04623235626021886,-1.9484278141858753,1.0699542021303996,0.04793392764865094,-0.1710620042436368,0.027274631179391492,-0.038684403088349306,position_error,position_error,position_error,-0.17308817096846063,0.033814018277892606,-0.036830094367307,0.22038288957162783,-0.19871313943393784,-0.009708074235017225,0.04327204274211516,-0.008453504569473152,1.0092075235918267,0.9977404109762542,0.011675565997433092,-0.04351619400861195,0.049840689427212696,0.04729471860316721,-0.16489912115604524,-0.04653816860232422,-2.102925062759637,0.25735207106595903,0.04012772918797894,0.11416345873066175,0.03516274507831733,0.10657661185101883,0.16382396066181862,0.12114608927871191,0.08852930550712322,0.09123234834903893,0.12390796648971834,0.0042805843055248255,-0.004817050248384475,0.00012921498715877532,0.4197267763218165,0.0001932122484710622,-0.002308412869608239,-3.494761523988336e-07,0.42481570962459236,1696.6303811728249,1435.553497519628,1458.207172059867,1717.732364311051,-0.019947985169979723,-0.0004407488825249227,-0.012179867894133424,-0.0044901341427143445,-0.009798017362118808,-0.0,-0.0,0.0,-0.04685675345147122,0.0020287099132755906,0.0019439314225815445,8.477849069404617e-05,0.03159431170264721,0.08814977650498454,0.08814977650498454,0.03245935861240945,0.004059955964711141,4.490134142714345,0.009798017362118808,0.755096971988678,0.0994734987616539,0.019439314225815445,0.0005086709441642771,d_final,hover
1.68,1.69,STEP,STEP,0.0,0.0,1.0,0.0,0.0,1.0,0.04327204450964928,-0.00845350418239832,0.009207523427903652,0.22038288414478302,-0.19871313869953156,-0.009708073921501637,0.9977403879165649,0.01167556643486023,-0.043516192585229874,0.049840688705444336,-2.1029250621795654,0.2573520839214325,0.04012772813439369,0.09882336854934692,0.995104968547821,0.7274628281593323,-0.21749743819236755,0.18297502398490906,0.10115145146846771,0.7274628281593323,-0.21749743819236755,0.18297502398490906,0.10115145146846771,-0.047834258301370995,False,False,1.68,absolute,0.0,0.0,0.0,0.0,0.0,0.0,0.04729471860316721,-0.16489912115604524,-0.04653816860232422,0.03860542561208707,-0.16685850787709694,-0.0459832465621468,0.04327204450964928,-0.00845350418239832,0.009207523427903652,0.22038288414478302,-0.19871313869953156,-0.009708073921501637,0.9977403879165649,0.01167556643486023,-0.043516192585229874,0.049840688705444336,-2.1029250621795654,0.2573520839214325,0.04012772813439369,0.09882336854934692,0.995104968547821,0.22038288414478302,-0.19871313869953156,-0.009708073921501637,0.04327204274211516,-0.008453504569473152,1.0092075235918267,0.9977404109762542,0.011675565997433092,-0.04351619400861195,0.049840689427212696,0.04729471860316721,-0.16489912115604524,-0.04653816860232422,-2.102925062759637,0.25735207106595903,0.04012772918797894,-0.17308817096846063,0.033814018277892606,-0.036830094367307,position_error,position_error,position_error,-0.1747738436699173,0.040462964940591956,-0.03497606282384513,0.21337926928200437,-0.2073214728176889,-0.011007183738301667,0.043693460917479325,-0.010115741235147989,1.0087440157059613,0.9976831018220359,0.002187811245337114,-0.04650082499989234,0.04961164273681442,0.03860542561208707,-0.16685850787709694,-0.0459832465621468,-1.8601902126344168,-0.6898362164155978,0.043991167470564474,0.09968909218501502,0.061217845887941706,0.1537796087279697,0.1614469789333075,0.11716893064375458,0.08332215194278987,0.10187610899073264,0.13054037434063345,0.005455971211194992,-0.0016312307864427566,0.00018297502398490907,0.4761335257342339,0.0011287225433331688,-0.0022100779624183503,3.078412930531966e-05,0.4329075659179106,1666.014271562018,1391.25680997115,1545.4065091662778,1767.9162105430717,-0.02057321434083425,-0.0004431703187223329,-0.013002679462295014,-0.003938116855474888,-0.009877077324044505,-0.0,-0.0,0.0,-0.047834258301370995,0.002087904558349864,0.0020114467476837665,7.64578106660976e-05,0.0314465995020568,0.08863406374446658,0.08863406374446658,0.033406472933597824,0.0043342264874316715,3.9381168554748878,0.009877077324044505,0.6202187538146973,0.22061222791671753,0.020114467476837664,0.00045874686399658554,d_final,hover
1.69,1.7,STEP,STEP,0.0,0.0,1.0,0.0,0.0,1.0,0.043693460524082184,-0.010115740820765495,0.008744015358388424,0.21337926387786865,-0.20732147991657257,-0.011007184162735939,0.9976831078529358,0.002187811303883791,-0.04650082439184189,0.049611642956733704,-1.8601901531219482,-0.6898362040519714,0.04399116709828377,0.09921996295452118,0.9950655102729797,0.6317149996757507,0.2514505982398987,0.14608609676361084,0.20335818827152252,0.6317149996757507,0.2514505982398987,0.14608609676361084,0.20335818827152252,-0.05280991377059644,False,False,1.69,absolute,0.0,0.0,0.0,0.0,0.0,0.0,0.03860542561208707,-0.16685850787709694,-0.0459832465621468,0.028610321389096742,-0.1671935602827679,-0.04254745044463441,0.043693460524082184,-0.010115740820765495,0.008744015358388424,0.21337926387786865,-0.20732147991657257,-0.011007184162735939,0.9976831078529358,0.002187811303883791,-0.04650082439184189,0.049611642956733704,-1.8601901531219482,-0.6898362040519714,0.04399116709828377,0.09921996295452118,0.9950655102729797,0.21337926387786865,-0.20732147991657257,-0.011007184162735939,0.043693460917479325,-0.010115741235147989,1.0087440157059613,0.9976831018220359,0.002187811245337114,-0.04650082499989234,0.04961164273681442,0.03860542561208707,-0.16685850787709694,-0.0459832465621468,-1.8601902126344168,-0.6898362164155978,0.043991167470564474,-0.1747738436699173,0.040462964940591956,-0.03497606282384513,position_error,position_error,position_error,-0.17608390837920224,0.04714969047206119,-0.033208153937652085,0.20469422976829899,-0.2143432507548291,-0.009339296506982328,0.04402097709480056,-0.011787422618015297,1.008302038484413,0.9973258052997915,-0.0045099255116143565,-0.053542199511050284,0.04953919182345595,0.028610321389096742,-0.1671935602827679,-0.04254745044463441,-1.2799155239204056,-1.4896424895938076,0.05542953713098669,0.09112025036751295,0.1054940601204186,0.18479500619225409,0.14582757745557562,0.11230473004330352,0.08721468490609073,0.11599409124760326,0.13328180918275373,0.004737862497568131,0.00188587948679924,0.00014608609676361085,0.5272368941357612,0.0017591405441794378,-0.0014982658134234028,4.634582358025027e-05,0.44879531537975126,1628.1757336497258,1424.4539619213538,1656.9161687353592,1788.4711694610241,-0.02118144062154659,-0.00043964989651915033,-0.01732263933960854,-0.003860290928762239,-0.01000589298415992,-0.0,-0.0,0.0,-0.05280991377059644,0.002145713599353329,0.0020767897563566543,6.892384299667486e-05,0.030582522629353574,0.08792997930383006,0.08792997930383006,0.03433141758965327,0.005774213113202847,3.860290928762239,0.01000589298415992,0.524986982345581,0.24088691174983978,0.02076789756356654,0.00041354305798004914,d_final,hover
1.7,1.71,STEP,STEP,0.0,0.0,1.0,0.0,0.0,1.0,0.04402097687125206,-0.011787422932684422,0.008302038535475731,0.2046942263841629,-0.21434324979782104,-0.009339296258985996,0.9973257780075073,-0.004509925376623869,-0.05354220047593117,0.049539193511009216,-1.2799155712127686,-1.4896425008773804,0.05542953684926033,0.0998627319931984,0.9950011968612671,0.3138236701488495,0.6594890356063843,0.0629902109503746,0.2096128612756729,0.3138236701488495,0.6594890356063843,0.0629902109503746,0.2096128612756729,-0.06046637160520349,False,False,1.7,absolute,0.0,0.0,0.0,0.0,0.0,0.0,0.028610321389096742,-0.1671935602827679,-0.04254745044463441,0.016529534822927214,-0.16652919947429784,-0.03603330433116544,0.04402097687125206,-0.011787422932684422,0.008302038535475731,0.2046942263841629,-0.21434324979782104,-0.009339296258985996,0.9973257780075073,-0.004509925376623869,-0.05354220047593117,0.049539193511009216,-1.2799155712127686,-1.4896425008773804,0.05542953684926033,0.0998627319931984,0.9950011968612671,0.2046942263841629,-0.21434324979782104,-0.009339296258985996,0.04402097709480056,-0.011787422618015297,1.008302038484413,0.9973258052997915,-0.0045099255116143565,-0.053542199511050284,0.04953919182345595,0.028610321389096742,-0.1671935602827679,-0.04254745044463441,-1.2799155239204056,-1.4896424895938076,0.05542953713098669,-0.17608390837920224,0.04714969047206119,-0.033208153937652085,position_error,position_error,position_error,-0.17694583720423415,0.05382346549440571,-0.03165376927329078,0.19347537202716136,-0.22035266496870354,-0.00437953505787466,0.04423645930105854,-0.013455866373601428,1.0079134423183227,0.9967489329628008,-0.0074494813424297295,-0.06294559137813716,0.049738540301297346,0.016529534822927214,-0.16652919947429784,-0.03603330433116544,-0.5248311739558598,-1.9193123207198965,0.07016243195129847,0.08362396470897004,0.1482718046034933,0.1868603569189023,0.11160810440647087,0.10691532788371508,0.09757213797333972,0.12827501191985902,0.12927934121583443,0.002353677526116371,0.004946167767047882,6.29902109503746e-05,0.5303642306378364,0.0018761797997362698,-0.00036583654154053163,4.953283204953574e-05,0.4620418189927482,1585.6995304092177,1510.5087785501635,1750.8500301811207,1758.4254167051147,-0.021754982129536787,-0.00043003598433590673,-0.02410585347728774,-0.0039641303124804015,-0.010211369701562651,-0.0,-0.0,0.0,-0.06046637160520349,0.0022005472406838467,0.002137924671358426,6.262256932542046e-05,0.02930359882003523,0.08600719686718135,0.08600719686718135,0.03520875585094155,0.008035284492429247,3.9641303124804015,0.010211369701562651,0.5813164114952087,0.27449432015419006,0.021379246713584262,0.0003757354159525228,d_final,hover
1.71,1.72,STEP,STEP,0.0,0.0,1.0,0.0,0.0,1.0,0.04423645883798599,-0.01345586683601141,0.007913442328572273,0.1934753656387329,-0.2203526645898819,-0.0043795350939035416,0.9967489242553711,-0.0074494811706244946,-0.06294558942317963,0.04973854124546051,-0.5248311758041382,-1.9193123579025269,0.07016243040561676,0.10087943077087402,0.9948986768722534,0.03276849165558815,0.8065803647041321,-0.035284362733364105,0.1314982920885086,0.03276849165558815,0.8065803647041321,-0.035284362733364105,0.1314982920885086,-0.0684212082228992,False,False,1.71,absolute,0.0,0.0,0.0,0.0,0.0,0.0,0.016529534822927214,-0.16652919947429784,-0.03603330433116544,0.0021971311711253376,-0.1656620598621401,-0.0280796041132806,0.04423645883798599,-0.01345586683601141,0.007913442328572273,0.1934753656387329,-0.2203526645898819,-0.0043795350939035416,0.9967489242553711,-0.0074494811706244946,-0.06294558942317963,0.04973854124546051,-0.5248311758041382,-1.9193123579025269,0.07016243040561676,0.10087943077087402,0.9948986768722534,0.1934753656387329,-0.2203526645898819,-0.0043795350939035416,0.04423645930105854,-0.013455866373601428,1.0079134423183227,0.9967489329628008,-0.0074494813424297295,-0.06294559137813716,0.049738540301297346,0.016529534822927214,-0.16652919947429784,-0.03603330433116544,-0.5248311739558598,-1.9193123207198965,0.07016243195129847,-0.17694583720423415,0.05382346549440571,-0.03165376927329078,position_error,position_error,position_error,-0.1772699230002389,0.06046318196123235,-0.030401440611712793,0.17946705417136422,-0.22612524182337246,0.002321836498432192,0.04431748075005972,-0.015115795490308087,1.0076003601529282,0.9960873888330827,-0.006663962595174081,-0.07239796010273306,0.05023983263491552,0.0021971311711253376,-0.1656620598621401,-0.0280796041132806,0.21001800376996912,-1.8717600069126192,0.08412076090275716,0.07682808241332399,0.16534973387825652,0.16585532640565806,0.08327380334701581,0.1012298813614242,0.1091426609221989,0.13492714325694427,0.12051539678979503,0.0002457636874169111,0.006049352735280991,-3.528436273336411e-05,0.49130694604425434,0.0015934497709149723,0.000789283617717251,3.860386342386475e-05,0.4658150823303624,1540.1961759565868,1603.3279702108819,1800.75835964787,1691.793709430148,-0.022271856580092637,-0.0004167321972367576,-0.03171523814704084,-0.00355466938779991,-0.010462711910729044,-0.0,-0.0,0.0,-0.0684212082228992,0.0022502918477909513,0.0021925263733367324,5.7765474454218745e-05,0.028237209630308988,0.08334643944735151,0.08334643944735151,0.03600466956465522,0.010571746049013613,3.55466938779991,0.010462711910729044,0.670182466506958,0.11638765037059784,0.021925263733367326,0.0003465928467253125,d_final,hover
1.72,1.73,STEP,STEP,0.0,0.0,1.0,0.0,0.0,1.0,0.04431748017668724,-0.015115795657038689,0.007600360084325075,0.17946705222129822,-0.22612524032592773,0.0023218365386128426,0.996087372303009,-0.006663962733000517,-0.07239796221256256,0.05023983120918274,0.21001800894737244,-1.8717600107192993,0.08412075787782669,0.10210912674665451,0.9947732090950012,-0.281862735748291,0.8413366079330444,-0.10741614550352097,0.07084061205387115,-0.281862735748291,0.8413366079330444,-0.10741614550352097,0.07084061205387115,-0.0743665335915151,False,False,1.72,absolute,0.0,0.0,0.0,0.0,0.0,0.0,0.0021971311711253376,-0.1656620598621401,-0.0280796041132806,-0.013960124226211746,-0.16533063267158146,-0.020416174174662585,0.04431748017668724,-0.015115795657038689,0.007600360084325075,0.17946705222129822,-0.22612524032592773,0.0023218365386128426,0.996087372303009,-0.006663962733000517,-0.07239796221256256,0.05023983120918274,0.21001800894737244,-1.8717600107192993,0.08412075787782669,0.10210912674665451,0.9947732090950012,0.17946705222129822,-0.22612524032592773,0.0023218365386128426,0.04431748075005972,-0.015115795490308087,1.0076003601529282,0.9960873888330827,-0.006663962595174081,-0.07239796010273306,0.05023983263491552,0.0021971311711253376,-0.1656620598621401,-0.0280796041132806,0.21001800376996912,-1.8717600069126192,0.08412076090275716,-0.1772699230002389,0.06046318196123235,-0.030401440611712793,position_error,position_error,position_error,-0.1769747855604655,0.06707906066860965,-0.029464710471027722,0.16301466133425377,-0.23240969334019113,0.009048536296365137,0.044243696390116376,-0.016769765167152412,1.007366177617757,0.995515658258296,-0.0030381200937199043,-0.07962025512886357,0.050989792724254836,-0.013960124226211746,-0.16533063267158146,-0.020416174174662585,0.7576580073919273,-1.3657222829033704,0.0938671194978041,0.0810527777481016,0.17933261974439524,0.14039451217584425,0.06019819635859455,0.09746646587460078,0.12123963927259991,0.1359144388903401,0.10862871125333197,-0.0021139705181121827,0.006310024559497833,-0.00010741614550352096,0.4609781060269356,0.000913468725850246,0.0018051874460926825,2.0864572179713652e-05,0.4632492552908728,1509.64601502342,1697.347224006683,1808.1142001270337,1599.2697114489083,-0.022712860376400412,-0.00040334960688754885,-0.038091691202935145,-0.0024480540463067144,-0.010710578358985277,-0.0,-0.0,0.0,-0.0743665335915151,0.002292990266718578,0.002238729694022235,5.426057269634317e-05,0.027945923335926826,0.08066992137750977,0.08066992137750977,0.03668784426749725,0.012697230400978381,2.4480540463067144,0.010710578358985277,0.803850531578064,0.1090831533074379,0.022387296940222352,0.000325563436178059,d_final,hover
1.73,1.74,STEP,STEP,0.0,0.0,1.0,0.0,0.0,1.0,0.044243697077035904,-0.016769764944911003,0.007366177625954151,0.16301466524600983,-0.23240970075130463,0.00904853641986847,0.9955156445503235,-0.0030381199903786182,-0.07962025701999664,0.0509897917509079,0.7576580047607422,-1.3657222986221313,0.09386712312698364,0.10330727696418762,0.9946494698524475,-0.5942187309265137,0.7476606965065002,-0.16301816701889038,0.06810913980007172,-0.5942187309265137,0.7476606965065002,-0.16301816701889038,0.06810913980007172,-0.07667439815473501,False,False,1.73,absolute,0.0,0.0,0.0,0.0,0.0,0.0,-0.013960124226211746,-0.16533063267158146,-0.020416174174662585,-0.031190446165805307,-0.16598027787063604,-0.013485357745617947,0.044243697077035904,-0.016769764944911003,0.007366177625954151,0.16301466524600983,-0.23240970075130463,0.00904853641986847,0.9955156445503235,-0.0030381199903786182,-0.07962025701999664,0.0509897917509079,0.7576580047607422,-1.3657222986221313,0.09386712312698364,0.10330727696418762,0.9946494698524475,0.16301466524600983,-0.23240970075130463,0.00904853641986847,0.044243696390116376,-0.016769765167152412,1.007366177617757,0.995515658258296,-0.0030381200937199043,-0.07962025512886357,0.050989792724254836,-0.013960124226211746,-0.16533063267158146,-0.020416174174662585,0.7576580073919273,-1.3657222829033704,0.0938671194978041,-0.1769747855604655,0.06707906066860965,-0.029464710471027722,position_error,position_error,position_error,-0.1760048657103164,0.0737044327426212,-0.028816386034039354,0.1448144195445111,-0.23968471061325725,0.015331028288421407,0.0440012164275791,-0.0184261081856553,1.0072040965085098,0.9952187930229999,0.001783876173995562,-0.08274578989995543,0.0518604478718791,-0.031190446165805307,-0.16598027787063604,-0.013485357745617947,0.9664459873523706,-0.4891645214280283,0.09730067457504912,0.09990449139140926,0.19292871211254461,0.11617962562772566,0.0505995407683564,0.09790701020850791,0.13371180969267366,0.13227940934089039,0.09704099917275484,-0.004456640481948853,0.005607455223798752,-0.00016301816701889038,0.4596123699000359,-8.126033460634707e-05,0.002511732677257111,-3.36435253721931e-06,0.46093922841482676,1513.2409241295838,1791.6858726462829,1780.9674017578661,1506.1693038136002,-0.02306767913878484,-0.0003932750851907747,-0.04110028776223029,-0.0011827671967661701,-0.010930388971762938,-0.0,-0.0,0.0,-0.07667439815473501,0.0023275275164800534,0.00227562850997613,5.1899006503923646e-05,0.02870415144756285,0.07865501703815493,0.07865501703815493,0.037240440263680855,0.01370009592074343,1.1827671967661701,0.010930388971762938,0.9433061480522156,0.10944049060344696,0.022756285099761298,0.0003113940390235419,d_final,hover
1.74,1.75,STEP,STEP,0.0,0.0,1.0,0.0,0.0,1.0,0.04400121793150902,-0.018426109105348587,0.007204096298664808,0.1448144167661667,-0.23968471586704254,0.015331028029322624,0.995218813419342,0.0017838762141764164,-0.08274579048156738,0.051860447973012924,0.9664459824562073,-0.4891645312309265,0.09730067104101181,0.10435814410448074,0.9945397973060608,-0.7955793142318726,0.3151267170906067,-0.22887003421783447,0.13188190758228302,-0.7955793142318726,0.3151267170906067,-0.22887003421783447,0.13188190758228302,-0.07511052878992186,False,False,1.74,absolute,0.0,0.0,0.0,0.0,0.0,0.0,-0.031190446165805307,-0.16598027787063604,-0.013485357745617947,-0.04867478968962742,-0.16764619820213408,-0.006176124098355209,0.04400121793150902,-0.018426109105348587,0.007204096298664808,0.1448144167661667,-0.23968471586704254,0.015331028029322624,0.995218813419342,0.0017838762141764164,-0.08274579048156738,0.051860447973012924,0.9664459824562073,-0.4891645312309265,0.09730067104101181,0.10435814410448074,0.9945397973060608,0.1448144167661667,-0.23968471586704254,0.015331028029322624,0.0440012164275791,-0.0184261081856553,1.0072040965085098,0.9952187930229999,0.001783876173995562,-0.08274578989995543,0.0518604478718791,-0.031190446165805307,-0.16598027787063604,-0.013485357745617947,0.9664459873523706,-0.4891645214280283,0.09730067457504912,-0.1760048657103164,0.0737044327426212,-0.028816386034039354,position_error,position_error,position_error,-0.17433703508948445,0.08038076517866413,-0.028449067960326424,0.12566224539985704,-0.24802696338079822,0.022272943861971213,0.04358425877237111,-0.020095191294666033,1.0071122669900816,0.9953205534185859,0.005685988444451375,-0.08081624556873049,0.05266307938303627,-0.04867478968962742,-0.16764619820213408,-0.006176124098355209,0.7478474777226163,0.5535101594670764,0.09082523778371708,0.13872220231610552,0.19141191304275162,0.08776202018402465,0.07360261824825978,0.1050023301189597,0.14387629631148027,0.12383564304932444,0.09263502196832307,-0.005966844856739044,0.00236345037817955,-0.00022887003421783448,0.49149875379114155,-0.0011457834757492768,0.0024774870330553688,-4.55796699624241e-05,0.46534929144808745,1570.4720463242836,1866.9927633075852,1717.1813754030713,1469.8765248674679,-0.023337549309491522,-0.0003890222925555612,-0.039381576074494704,-0.0008738985703878161,-0.01112848254299226,-0.0,-0.0,0.0,-0.07511052878992186,0.002353988667644434,0.0023034043259062297,5.058434173820447e-05,0.03051262743183697,0.07780445851111224,0.07780445851111224,0.037663818682310946,0.013127192024831568,0.873898570387816,0.01112848254299226,0.8020256161689758,0.23603516817092896,0.023034043259062296,0.0003035060504292268,d_final,hover
1.75,1.76,STEP,STEP,0.0,0.0,1.0,0.0,0.0,1.0,0.04358425736427307,-0.02009519189596176,0.0071122669614851475,0.12566225230693817,-0.24802696704864502,0.022272944450378418,0.9953205585479736,0.0056859883479774,-0.08081624656915665,0.052663080394268036,0.7478474974632263,0.5535101890563965,0.09082523733377457,0.1052960753440857,0.9944409132003784,-0.6333056092262268,-0.4163978695869446,-0.2753830850124359,0.09856335818767548,-0.6333056092262268,-0.4163978695869446,-0.2753830850124359,0.09856335818767548,-0.07080834558877112,False,False,1.75,absolute,0.0,0.0,0.0,0.0,0.0,0.0,-0.04867478968962742,-0.16764619820213408,-0.006176124098355209,-0.06537038429181859,-0.16990130642696777,0.0015862058350142128,0.04358425736427307,-0.02009519189596176,0.0071122669614851475,0.12566225230693817,-0.24802696704864502,0.022272944450378418,0.9953205585479736,0.0056859883479774,-0.08081624656915665,0.052663080394268036,0.7478474974632263,0.5535101890563965,0.09082523733377457,0.1052960753440857,0.9944409132003784,0.12566225230693817,-0.24802696704864502,0.022272944450378418,0.04358425877237111,-0.020095191294666033,1.0071122669900816,0.9953205534185859,0.005685988444451375,-0.08081624556873049,0.05266307938303627,-0.04867478968962742,-0.16764619820213408,-0.006176124098355209,0.7478474777226163,0.5535101594670764,0.09082523778371708,-0.17433703508948445,0.08038076517866413,-0.028449067960326424,position_error,position_error,position_error,-0.17198518701019325,0.08713995979783727,-0.028387881547864424,0.10661480271837466,-0.25704126622480505,0.02997408738287864,0.04299629675254831,-0.021784989949459318,1.007096970386966,0.9957787152840095,0.006721210924949538,-0.07450287284651287,0.05318738053943099,-0.06537038429181859,-0.16990130642696777,0.0015862058350142128,0.1487154153526943,1.4063391288320992,0.06991311438761535,0.16278914007334655,0.14180344729137198,0.05145020511225619,0.11879668661686309,0.11498694281346572,0.143500062857359,0.10926497317195018,0.09722919673068295,-0.0047497920691967005,-0.0031229840219020844,-0.0002753830850124359,0.4748394790938378,-0.0018382067085844136,0.0014336062352328493,-9.787542099959877e-05,0.46498117557345786,1649.0962600485902,1864.2272266894615,1604.2929517384923,1507.7077534596533,-0.02353487514735324,-0.00039167687307782746,-0.03357511643208796,-0.002004793863611128,-0.011301883272640968,-0.0,-0.0,0.0,-0.07080834558877112,0.002373634310204714,0.00232326732153124,5.0366988673473844e-05,0.03314225711700147,0.07833537461556549,0.07833537461556549,0.03797814896327542,0.011191705477362653,2.0047938636111278,0.011301883272640968,0.660013735294342,0.5647345781326294,0.0232326732153124,0.00030220193204084304,d_final,hover
1.76,1.77,STEP,STEP,0.0,0.0,1.0,0.0,0.0,1.0,0.042996298521757126,-0.021784989163279533,0.0070969704538583755,0.10661480575799942,-0.2570412755012512,0.029974088072776794,0.9957787394523621,0.00672121113166213,-0.0745028704404831,0.053187381476163864,0.14871542155742645,1.406339168548584,0.0699131116271019,0.10611017793416977,0.9943543672561646,-0.29854723811149597,-0.7626054883003235,-0.2183104157447815,-0.011666513979434967,-0.29854723811149597,-0.7626054883003235,-0.2183104157447815,-0.011666513979434967,-0.06530544430169304,False,False,1.76,absolute,0.0,0.0,0.0,0.0,0.0,0.0,-0.06537038429181859,-0.16990130642696777,0.0015862058350142128,-0.08028331804123304,-0.17194495075647248,0.008012395499888088,0.042996298521757126,-0.021784989163279533,0.0070969704538583755,0.10661480575799942,-0.2570412755012512,0.029974088072776794,0.9957787394523621,0.00672121113166213,-0.0745028704404831,0.053187381476163864,0.14871542155742645,1.406339168548584,0.0699131116271019,0.10611017793416977,0.9943543672561646,0.10661480575799942,-0.2570412755012512,0.029974088072776794,0.04299629675254831,-0.021784989949459318,1.007096970386966,0.9957787152840095,0.006721210924949538,-0.07450287284651287,0.05318738053943099,-0.06537038429181859,-0.16990130642696777,0.0015862058350142128,0.1487154153526943,1.4063391288320992,0.06991311438761535,-0.17198518701019325,0.08713995979783727,-0.028387881547864424,position_error,position_error,position_error,-0.16900581823738553,0.09398715882102597,-0.028612469437695687,0.08872250019615249,-0.26593210957749847,0.036624864937583775,0.04225145455934638,-0.023496789705256493,1.007153117359424,0.996383974817742,0.003854768528968357,-0.06606773527814427,0.05328386098250102,-0.08028331804123304,-0.17194495075647248,0.008012395499888088,-0.6404426878103369,1.7684200375920258,0.03594780902208475,0.1520196482915622,0.08950864337814039,0.03946632559196451,0.1387299257486155,0.12150479323602018,0.1332207293141266,0.09488177711477187,0.10443650603733257,-0.0022391042858362197,-0.005719541162252426,-0.0002183104157447815,0.41972454301028256,-0.0019589229489177865,7.64094789843196e-05,-0.00012634775010396263,0.4540438057022512,1699.3782079826847,1788.0143304601543,1488.4504485527896,1565.952241615018,-0.023679847916081746,-0.0003996647483854559,-0.026278829311169247,-0.0035387685107001994,-0.011408333815356391,-0.0,-0.0,0.0,-0.06530544430169304,0.0023884516267912515,0.0023372845388335596,5.116708795769186e-05,0.036074675728002145,0.07993294967709118,0.07993294967709118,0.038215226028660024,0.008759609770389748,3.538768510700199,0.011408333815356391,0.7184931039810181,0.24733079969882965,0.023372845388335596,0.00030700252774615115,d_final,hover
1.77,1.78,STEP,STEP,0.0,0.0,1.0,0.0,0.0,1.0,0.042251452803611755,-0.02349678985774517,0.007153117563575506,0.08872249722480774,-0.2659321129322052,0.03662486374378204,0.9963839650154114,0.0038547685835510492,-0.06606773287057877,0.05328386276960373,-0.6404426693916321,1.7684199810028076,0.03594781085848808,0.10660683363676071,0.9943012595176697,0.0077716149389743805,-0.7964052557945251,-0.10449207574129105,-0.07013856619596481,0.0077716149389743805,-0.7964052557945251,-0.10449207574129105,-0.07013856619596481,-0.06044532614206593,False,False,1.77,absolute,0.0,0.0,0.0,0.0,0.0,0.0,-0.08028331804123304,-0.17194495075647248,0.008012395499888088,-0.09311708063095492,-0.17293386028195673,0.011785165138327003,0.042251452803611755,-0.02349678985774517,0.007153117563575506,0.08872249722480774,-0.2659321129322052,0.03662486374378204,0.9963839650154114,0.0038547685835510492,-0.06606773287057877,0.05328386276960373,-0.6404426693916321,1.7684199810028076,0.03594781085848808,0.10660683363676071,0.9943012595176697,0.08872249722480774,-0.2659321129322052,0.03662486374378204,0.04225145455934638,-0.023496789705256493,1.007153117359424,0.996383974817742,0.003854768528968357,-0.06606773527814427,0.05328386098250102,-0.08028331804123304,-0.17194495075647248,0.008012395499888088,-0.6404426878103369,1.7684200375920258,0.03594780902208475,-0.16900581823738553,0.09398715882102597,-0.028612469437695687,position_error,position_error,position_error,-0.16548016699341722,0.10089322944342864,-0.02903264143717088,0.0723630863624623,-0.2738270897253854,0.040817806575497884,0.041370041748354305,-0.02522330736085716,1.0072581603592927,0.9968987839597573,-0.0028083586482687962,-0.05816257842613643,0.05293431903863203,-0.09311708063095492,-0.17293386028195673,0.011785165138327003,-1.3923388915608934,1.5989183455111797,-0.001888824061844152,0.13504833033322147,0.05937161596897677,0.05140029884663489,0.1446682717531845,0.12393248077429433,0.1185397303514621,0.08632740106021491,0.11146232153248196,5.828711204230785e-05,-0.005973039418458939,-0.00010449207574129105,0.39048851690201763,-0.0015797493820863214,-0.0010793058044962348,-0.00011726849009364288,0.44026193371845335,1717.9191048052246,1676.5981722063184,1416.9311587735883,1621.5759567568018,-0.02379304123561574,-0.00040941892334505096,-0.020344634444842663,-0.004495151032221562,-0.011403080506040912,-0.0,-0.0,0.0,-0.06044532614206593,0.0024003764802820573,0.002347695588480849,5.268089180120823e-05,0.03871580085458873,0.0818837846690102,0.0818837846690102,0.038406023684512916,0.006781544814947554,4.495151032221562,0.011403080506040912,0.6501597166061401,0.1113472580909729,0.02347695588480849,0.00031608535080724937,d_final,hover
1.78,1.79,STEP,STEP,0.0,0.0,1.0,0.0,0.0,1.0,0.04137004166841507,-0.02522330731153488,0.007258160505443811,0.07236308604478836,-0.27382707595825195,0.040817808359861374,0.9968987703323364,-0.0028083587531000376,-0.05816257745027542,0.05293431878089905,-1.3923388719558716,1.5989183187484741,-0.001888824044726789,0.10658237338066101,0.9943038821220398,0.29824429750442505,-0.73115473985672,0.01512753963470459,-0.062295399606227875,0.29824429750442505,-0.73115473985672,0.01512753963470459,-0.062295399606227875,-0.05803850197492806,False,False,1.78,absolute,0.0,0.0,0.0,0.0,0.0,0.0,-0.09311708063095492,-0.17293386028195673,0.011785165138327003,-0.10431239154889466,-0.17224696383670401,0.01304668336202452,0.04137004166841507,-0.02522330731153488,0.007258160505443811,0.07236308604478836,-0.27382707595825195,0.040817808359861374,0.9968987703323364,-0.0028083587531000376,-0.05816257745027542,0.05293431878089905,-1.3923388719558716,1.5989183187484741,-0.001888824044726789,0.10658237338066101,0.9943038821220398,0.07236308604478836,-0.27382707595825195,0.040817808359861374,0.041370041748354305,-0.02522330736085716,1.0072581603592927,0.9968987839597573,-0.0028083586482687962,-0.05816257842613643,0.05293431903863203,-0.09311708063095492,-0.17293386028195673,0.011785165138327003,-1.3923388915608934,1.5989183455111797,-0.001888824061844152,-0.16548016699341722,0.10089322944342864,-0.02903264143717088,position_error,position_error,position_error,-0.16148273336918956,0.10780015152980814,-0.029541385293194722,0.0571703418202949,-0.28004711536651217,0.04258806865521924,0.04037068334229739,-0.026950037882452035,1.0073853463232987,0.9971521812399717,-0.012216883652227744,-0.05298948936424663,0.05225312640513742,-0.10431239154889466,-0.17224696383670401,0.01304668336202452,-1.9217920785792053,0.9997062667791037,-0.0334174030566613,0.1221979693934072,0.043373192552253026,0.07628044262714902,0.1525584956240769,0.12361758949812732,0.10313897581462615,0.08447499665960562,0.1186639815031947,0.0022368322312831877,-0.0054836605489253995,1.512753963470459e-05,0.3944101001968861,-0.0008349997936865938,-0.0019327729459252753,-8.143960469092222e-05,0.4298955434755538,1715.51964485656,1555.5596152929145,1401.141930531186,1677.5558487122537,-0.023888226195786844,-0.000417542892003678,-0.017742829375534057,-0.004693814135954246,-0.011296089375649238,-0.0,-0.0,0.0,-0.05803850197492806,0.002410639955704709,0.0023560966153896475,5.454334031506134e-05,0.04072030752836166,0.0835085784007356,0.0835085784007356,0.03857023929127534,0.005914276458511352,4.693814135954246,0.011296089375649238,0.6276465058326721,0.10300237685441971,0.023560966153896475,0.000327260041890368,d_final,hover
1.79,1.8,STEP,STEP,0.0,0.0,1.0,0.0,0.0,1.0,0.04037068411707878,-0.026950037106871605,0.007385346107184887,0.05717034265398979,-0.28004711866378784,0.042588070034980774,0.9971522092819214,-0.012216883711516857,-0.05298949033021927,0.052253127098083496,-1.9217920303344727,0.9997062683105469,-0.03341740369796753,0.10608308017253876,0.9943572878837585,0.5551464557647705,-0.4671175181865692,0.12482745945453644,0.0036819279193878174,0.5551464557647705,-0.4671175181865692,0.12482745945453644,0.0036819279193878174,-0.05931638698769267,False,False,1.79,absolute,0.0,0.0,0.0,0.0,0.0,0.0,-0.10431239154889466,-0.17224696383670401,0.01304668336202452,-0.1147679548131338,-0.16955261545877132,0.013148344931953024,0.04037068411707878,-0.026950037106871605,0.007385346107184887,0.05717034265398979,-0.28004711866378784,0.042588070034980774,0.9971522092819214,-0.012216883711516857,-0.05298949033021927,0.052253127098083496,-1.9217920303344727,0.9997062683105469,-0.03341740369796753,0.10608308017253876,0.9943572878837585,0.05717034265398979,-0.28004711866378784,0.042588070034980774,0.04037068334229739,-0.026950037882452035,1.0073853463232987,0.9971521812399717,-0.012216883652227744,-0.05298948936424663,0.05225312640513742,-0.10431239154889466,-0.17224696383670401,0.01304668336202452,-1.9217920785792053,0.9997062667791037,-0.0334174030566613,-0.16148273336918956,0.10780015152980814,-0.029541385293194722,position_error,position_error,position_error,-0.1570585544906826,0.11463201904774874,-0.030067197964218195,0.04229059967754879,-0.28418463450652004,0.043215542896171216,0.03926463862267065,-0.028658004761937184,1.0075167994910545,0.9970651067890658,-0.02269241819551123,-0.051964862928888016,0.051438118170582615,-0.1147679548131338,-0.16955261545877132,0.013148344931953024,-2.1084584925286265,0.13666637632252795,-0.052993247711440455,0.10743488776975418,0.04738175600848258,0.11677185611704029,0.15581026406441692,0.12063798996444502,0.09196236601590718,0.09008256613448845,0.12521281038469068,0.004163598418235779,-0.0035033813863992688,0.00012482745945453644,0.42739876395969395,9.528245115022647e-05,-0.0022558564701664545,-3.834044459188641e-05,0.42789573249953133,1692.734386706962,1464.2876368390532,1448.598253063147,1727.658814389229,-0.023968944478573645,-0.0004220849222925094,-0.019291756936668535,-0.004467083197436225,-0.011166517452721757,-0.0,-0.0,0.0,-0.05931638698769267,0.0024194953576928517,0.0023629930831041337,5.650227458871792e-05,0.04209265183534911,0.08441698445850188,0.08441698445850188,0.03871192572308563,0.006430585645556179,4.467083197436224,0.011166517452721757,0.5419818162918091,0.15210145711898804,0.023629930831041337,0.00033901364753230755,d_final,hover
1.8,1.81,STEP,STEP,0.0,0.0,1.0,0.0,0.0,1.0,0.03926463797688484,-0.028658004477620125,0.007516799494624138,0.04229059815406799,-0.28418463468551636,0.043215543031692505,0.9970651268959045,-0.022692417725920677,-0.05196486413478851,0.051438119262456894,-2.1084585189819336,0.13666637241840363,-0.05299324914813042,0.10547518730163574,0.9944219589233398,0.7218797206878662,0.02883797511458397,0.18878883123397827,0.11808234453201294,0.7218797206878662,0.02883797511458397,0.18878883123397827,0.11808234453201294,-0.06435607196997113,False,False,1.8,absolute,0.0,0.0,0.0,0.0,0.0,0.0,-0.1147679548131338,-0.16955261545877132,0.013148344931953024,-0.1255910142625264,-0.16477551855799272,0.014224274125734692,0.03926463797688484,-0.028658004477620125,0.007516799494624138,0.04229059815406799,-0.28418463468551636,0.043215543031692505,0.9970651268959045,-0.022692417725920677,-0.05196486413478851,0.051438119262456894,-2.1084585189819336,0.13666637241840363,-0.05299324914813042,0.10547518730163574,0.9944219589233398,0.04229059815406799,-0.28418463468551636,0.043215543031692505,0.03926463862267065,-0.028658004761937184,1.0075167994910545,0.9970651067890658,-0.02269241819551123,-0.051964862928888016,0.051438118170582615,-0.1147679548131338,-0.16955261545877132,0.013148344931953024,-2.1084584925286265,0.13666637632252795,-0.052993247711440455,-0.1570585544906826,0.11463201904774874,-0.030067197964218195,position_error,position_error,position_error,-0.15221095996295303,0.12130597251503114,-0.030613044173440684,0.02661994570042664,-0.28608149107302383,0.04483731829917538,0.03805273999073826,-0.030326493128757785,1.0076532610433602,0.9966581710409013,-0.032319093070723344,-0.05529402461307767,0.050700465112065496,-0.1255910142625264,-0.16477551855799272,0.014224274125734692,-1.9069971944128612,-0.7322730496585694,-0.06045580155785571,0.08928220112690302,0.07644964386398362,0.16890860076653613,0.1499585265085838,0.11475122121073238,0.08907986186191678,0.10334945016406594,0.12961870607950443,0.005414097905158996,0.00021628481335937976,0.00018878883123397828,0.4845989722660065,0.0010301412219579195,-0.0018363604526677037,-3.551505605740076e-06,0.43679923931621956,1647.2632587558262,1440.1857610604154,1557.2480913825812,1760.9818094339444,-0.024028506490500125,-0.0004228081307795992,-0.024611717608954302,-0.004176517022696789,-0.011116522717040325,-0.0,-0.0,0.0,-0.06435607196997113,0.002426279610889138,0.0023677072062913236,5.8572404597814413e-05,0.04312640435394956,0.08456162615591985,0.08456162615591985,0.038820473774226205,0.008203905869651433,4.176517022696789,0.011116522717040325,0.5715266466140747,0.29095035791397095,0.023677072062913238,0.0003514344275868865,d_final,hover
1.81,1.82,STEP,STEP,0.0,0.0,1.0,0.0,0.0,1.0,0.038052741438150406,-0.030326493084430695,0.0076532610692083836,0.02661994658410549,-0.2860814929008484,0.04483731836080551,0.9966581463813782,-0.0323190912604332,-0.05529402568936348,0.050700463354587555,-1.9069972038269043,-0.7322730422019958,-0.0604558028280735,0.10523968189954758,0.994446873664856,0.617210865020752,0.4884684979915619,0.1642606258392334,0.19079343974590302,0.617210865020752,0.4884684979915619,0.1642606258392334,0.19079343974590302,-0.07154646060154868,False,False,1.81,absolute,0.0,0.0,0.0,0.0,0.0,0.0,-0.1255910142625264,-0.16477551855799272,0.014224274125734692,-0.13776379260784555,-0.15812851176121326,0.017797212995853857,0.038052741438150406,-0.030326493084430695,0.0076532610692083836,0.02661994658410549,-0.2860814929008484,0.04483731836080551,0.9966581463813782,-0.0323190912604332,-0.05529402568936348,0.050700463354587555,-1.9069972038269043,-0.7322730422019958,-0.0604558028280735,0.10523968189954758,0.994446873664856,0.02661994658410549,-0.2860814929008484,0.04483731836080551,0.03805273999073826,-0.030326493128757785,1.0076532610433602,0.9966581710409013,-0.032319093070723344,-0.05529402461307767,0.050700465112065496,-0.1255910142625264,-0.16477551855799272,0.014224274125734692,-1.9069971944128612,-0.7322730496585694,-0.06045580155785571,-0.15221095996295303,0.12130597251503114,-0.030613044173440684,position_error,position_error,position_error,-0.14690070000613323,0.12774276014669494,-0.03125869301654127,0.00913690739828768,-0.2858712719079082,0.04905590601239513,0.03672517500153331,-0.031935690036673736,1.0078146732541353,0.9960466771102846,-0.0393985417574496,-0.06179915795360246,0.05019597594601371,-0.13776379260784555,-0.15812851176121326,0.017797212995853857,-1.3679133567956887,-1.3315796022544573,-0.05864583842074818,0.07851389047452538,0.11649764343089819,0.19579002146861985,0.13015296449890812,0.10787280490314714,0.093879202684365,0.11906203603337692,0.12971551000252476,0.004629081487655639,0.003663513734936714,0.0001642606258392334,0.5209545198729515,0.0016625879118428114,-0.0008713973786242642,1.9840361802827742e-05,0.45052955362341385,1593.290675247162,1480.1797554370119,1680.6220488320619,1761.7107141299798,-0.024052682478530877,-0.000421061745468735,-0.032228286098326835,-0.0036477305232042604,-0.011196699756017982,-0.0,-0.0,0.0,-0.07154646060154868,0.002429695895080647,0.002368626777011749,6.106911806889789e-05,0.04430022957593343,0.084212349093747,0.084212349093747,0.038875134321290354,0.010742762032775612,3.6477305232042605,0.011196699756017982,0.6829344034194946,0.22810432314872742,0.02368626777011749,0.0003664147084133873,d_final,hover
1.82,1.83,STEP,STEP,0.0,0.0,1.0,0.0,0.0,1.0,0.03672517463564873,-0.031935691833496094,0.007814673706889153,0.009136907756328583,-0.2858712673187256,0.049055904150009155,0.9960466623306274,-0.039398543536663055,-0.06179915741086006,0.050195977091789246,-1.3679133653640747,-1.331579566001892,-0.058645837008953094,0.10561710596084595,0.9944068789482117,0.3342397212982178,0.8512284159660339,0.10362307727336884,0.20136256515979767,0.3342397212982178,0.8512284159660339,0.10362307727336884,0.20136256515979767,-0.07829920131116355,False,False,1.82,absolute,0.0,0.0,0.0,0.0,0.0,0.0,-0.13776379260784555,-0.15812851176121326,0.017797212995853857,-0.15182658993367576,-0.15016916544334213,0.023982098821558908,0.03672517463564873,-0.031935691833496094,0.007814673706889153,0.009136907756328583,-0.2858712673187256,0.049055904150009155,0.9960466623306274,-0.039398543536663055,-0.06179915741086006,0.050195977091789246,-1.3679133653640747,-1.331579566001892,-0.058645837008953094,0.10561710596084595,0.9944068789482117,0.009136907756328583,-0.2858712673187256,0.049055904150009155,0.03672517500153331,-0.031935690036673736,1.0078146732541353,0.9960466771102846,-0.0393985417574496,-0.06179915795360246,0.05019597594601371,-0.13776379260784555,-0.15812851176121326,0.017797212995853857,-1.3679133567956887,-1.3315796022544573,-0.05864583842074818,-0.14690070000613323,0.12774276014669494,-0.03125869301654127,position_error,position_error,position_error,-0.14105899865958904,0.13387991752003223,-0.03211127669114511,-0.010767591274086719,-0.2840490829633744,0.05609337551270402,0.03526474966489726,-0.03346997938000806,1.0080278191727863,0.9954155281752339,-0.042965836435207495,-0.0693093098924875,0.04998082361536523,-0.15182658993367576,-0.15016916544334213,0.023982098821558908,-0.6466647481186829,-1.472250333186522,-0.050701887523157824,0.07305146644362169,0.1546162588410006,0.1987905560982948,0.09978080119698177,0.10124373107522618,0.10425425700530225,0.1328773320696387,0.12413117472222218,0.002506797909736633,0.006384213119745254,0.00010362307727336884,0.5262390825798988,0.0018211543890391591,0.0004156575372757502,3.406965061900221e-05,0.46250649487238926,1540.3079485104774,1564.49487056621,1785.4449894861102,1719.432322871372,-0.024025096170286087,-0.0004197314466529448,-0.03989906123009922,-0.0025882670214256356,-0.011367045442699682,-0.0,-0.0,0.0,-0.07829920131116355,0.0024282879692969907,0.002363842088626036,6.444588067095494e-05,0.04617723272472541,0.08394628933058895,0.08394628933058895,0.03885260750875185,0.013299687076699738,2.5882670214256356,0.011367045442699682,0.8875906467437744,0.2154560536146164,0.023638420886260357,0.00038667528402572965,d_final,hover
1.83,1.84,STEP,STEP,0.0,0.0,1.0,0.0,0.0,1.0,0.0352647490799427,-0.03346997871994972,0.008027818985283375,-0.010767591185867786,-0.2840490937232971,0.056093376129865646,0.9954155087471008,-0.0429658368229866,-0.0693093091249466,0.04998082295060158,-0.6466647386550903,-1.4722503423690796,-0.05070188641548157,0.10641447454690933,0.994321882724762,0.04174301400780678,0.9928240776062012,0.02794305980205536,0.17358827590942383,0.04174301400780678,0.9928240776062012,0.02794305980205536,0.17358827590942383,-0.08208081573954859,False,False,1.83,absolute,0.0,0.0,0.0,0.0,0.0,0.0,-0.15182658993367576,-0.15016916544334213,0.023982098821558908,-0.167698814303512,-0.1416773712274568,0.032003577953333,0.0352647490799427,-0.03346997871994972,0.008027818985283375,-0.010767591185867786,-0.2840490937232971,0.056093376129865646,0.9954155087471008,-0.0429658368229866,-0.0693093091249466,0.04998082295060158,-0.6466647386550903,-1.4722503423690796,-0.05070188641548157,0.10641447454690933,0.994321882724762,-0.010767591185867786,-0.2840490937232971,0.056093376129865646,0.03526474966489726,-0.03346997938000806,1.0080278191727863,0.9954155281752339,-0.042965836435207495,-0.0693093098924875,0.04998082361536523,-0.15182658993367576,-0.15016916544334213,0.023982098821558908,-0.6466647481186829,-1.472250333186522,-0.050701887523157824,-0.14105899865958904,0.13387991752003223,-0.03211127669114511,position_error,position_error,position_error,-0.13461005360734976,0.139683321996282,-0.03325840374257805,-0.033088760696162234,-0.2813606932237388,0.06526198169591105,0.03365251340183744,-0.0349208304990705,1.0083146009356445,0.994984291382609,-0.043009600845258726,-0.07520713215426056,0.05000321399780756,-0.167698814303512,-0.1416773712274568,0.032003577953333,0.06705643427870606,-1.0794000576760128,-0.039663499672813116,0.07439730756421889,0.17735110371184176,0.18413077082408447,0.0764727558545668,0.09617974336593207,0.1167807731874091,0.14191983395992627,0.11498969411489192,0.0003130726050585508,0.007446180582046508,2.794305980205536e-05,0.5123519379547119,0.0015538173023418199,0.0016804645035595088,3.7594913539930504e-05,0.4698700446281594,1499.1168185891293,1663.01113918621,1852.594174314615,1649.117648293893,-0.023934356142370734,-0.00042258916015314093,-0.04503563095042136,-0.0011711742430954492,-0.011517065243507917,-0.0,-0.0,0.0,-0.08208081573954859,0.0024210886497246817,0.002351956061005661,6.913258871902058e-05,0.04921959883854146,0.08451783203062818,0.08451783203062818,0.03873741839559491,0.015011876983473785,1.1711742430954493,0.011517065243507917,1.0183558464050293,0.11210253089666367,0.02351956061005661,0.0004147955323141235,d_final,hover
1.84,1.85,STEP,STEP,0.0,0.0,1.0,0.0,0.0,1.0,0.03365251421928406,-0.0349208302795887,0.008314601145684719,-0.03308876231312752,-0.2813606858253479,0.06526198238134384,0.9949842691421509,-0.04300960153341293,-0.07520712912082672,0.05000321567058563,0.06705643236637115,-1.0794000625610352,-0.03966350108385086,0.10711171478033066,0.9942470192909241,-0.29135531187057495,0.9175712466239929,-0.049835316836833954,0.16055352985858917,-0.29135531187057495,0.9175712466239929,-0.049835316836833954,0.16055352985858917,-0.08160049880726047,False,False,1.84,absolute,0.0,0.0,0.0,0.0,0.0,0.0,-0.167698814303512,-0.1416773712274568,0.032003577953333,-0.184727458877282,-0.13337264645517338,0.04127532872101485,0.03365251421928406,-0.0349208302795887,0.008314601145684719,-0.03308876231312752,-0.2813606858253479,0.06526198238134384,0.9949842691421509,-0.04300960153341293,-0.07520712912082672,0.05000321567058563,0.06705643236637115,-1.0794000625610352,-0.03966350108385086,0.10711171478033066,0.9942470192909241,-0.03308876231312752,-0.2813606858253479,0.06526198238134384,0.03365251340183744,-0.0349208304990705,1.0083146009356445,0.994984291382609,-0.043009600845258726,-0.07520713215426056,0.05000321399780756,-0.167698814303512,-0.1416773712274568,0.032003577953333,0.06705643427870606,-1.0794000576760128,-0.039663499672813116,-0.13461005360734976,0.139683321996282,-0.03325840374257805,position_error,position_error,position_error,-0.12749559780232042,0.14514960414188655,-0.03475743654965946,-0.05723186107496159,-0.27852225059705993,0.07603276527067432,0.031873899450580105,-0.036287401035471636,1.0086893591374149,0.9949431802578933,-0.040393492252703625,-0.07709539247646213,0.050127181257679024,-0.184727458877282,-0.13337264645517338,0.04127532872101485,0.5975069775564426,-0.21418520975224317,-0.029029474049512644,0.09115076170158129,0.19266971463987648,0.15757162877343353,0.06444245981440333,0.09526175758269304,0.12991922925791316,0.14473163831802888,0.10515153445961466,-0.002185164839029312,0.006881784349679947,-4.9835316836833957e-05,0.5058345649292946,0.0008733457838039551,0.002624669482991643,2.924043516817291e-05,0.47506415961824977,1491.5777986695457,1763.2442159402772,1873.2741924573493,1571.6626731629794,-0.023780239174262238,-0.0004331555569723031,-0.04545200254481377,-0.0004037326026688389,-0.011531368928543333,-0.0,-0.0,0.0,-0.08160049880726047,0.002408225902313814,0.0023327209400948387,7.550496221897521e-05,0.05361614964674242,0.08663111139446061,0.08663111139446061,0.03853161443702102,0.015150667514937924,0.40373260266883887,0.011531368928543333,0.9550859332084656,0.12283686548471451,0.023327209400948387,0.00045302977331385124,d_final,hover
1.85,1.86,STEP,STEP,0.0,0.0,1.0,0.0,0.0,1.0,0.031873900443315506,-0.036287400871515274,0.008689358830451965,-0.05723186209797859,-0.278522253036499,0.07603276520967484,0.9949432015419006,-0.04039349406957626,-0.0770953893661499,0.05012718215584755,0.5975069999694824,-0.2141852080821991,-0.029029473662376404,0.10717795044183731,0.994239866733551,-0.5943006873130798,0.3685600757598877,-0.1624540388584137,0.13991712033748627,-0.5943006873130798,0.3685600757598877,-0.1624540388584137,0.13991712033748627,-0.0773879453265235,False,False,1.85,absolute,0.0,0.0,0.0,0.0,0.0,0.0,-0.184727458877282,-0.13337264645517338,0.04127532872101485,-0.20180908338293102,-0.1256985968890614,0.05146199816957549,0.031873900443315506,-0.036287400871515274,0.008689358830451965,-0.05723186209797859,-0.278522253036499,0.07603276520967484,0.9949432015419006,-0.04039349406957626,-0.0770953893661499,0.05012718215584755,0.5975069999694824,-0.2141852080821991,-0.029029473662376404,0.10717795044183731,0.994239866733551,-0.05723186209797859,-0.278522253036499,0.07603276520967484,0.031873899450580105,-0.036287401035471636,1.0086893591374149,0.9949431802578933,-0.040393492252703625,-0.07709539247646213,0.050127181257679024,-0.184727458877282,-0.13337264645517338,0.04127532872101485,0.5975069775564426,-0.21418520975224317,-0.029029474049512644,-0.12749559780232042,0.14514960414188655,-0.03475743654965946,position_error,position_error,position_error,-0.11969468934634252,0.15029799625747772,-0.0366503747356548,-0.0821143940365885,-0.2759965931465391,0.08811237290523029,0.02992367233658563,-0.03757449906436943,1.0091625936839137,0.9953485612051587,-0.03670873255836955,-0.07359873988343335,0.050169075617847336,-0.20180908338293102,-0.1256985968890614,0.05146199816957549,0.7949924109280786,0.8849649557869468,-0.02447715230817597,0.12901361744611614,0.18178027406306146,0.10506998024276606,0.0796524884167995,0.10115428638022711,0.13905242213595667,0.13730905277599081,0.10036413693486437,-0.004457255154848099,0.0027642005681991575,-0.0001624540388584137,0.4955163601687432,-8.957255736239192e-05,0.002646076089206844,-5.66212629274246e-06,0.47787989822703897,1539.5860125096726,1831.4111480952051,1818.4833427159756,1533.1999256991883,-0.023576410198555366,-0.0004534034169774137,-0.040585833350827105,-0.0014157750373893494,-0.011356523322774275,-0.0,-0.0,0.0,-0.0773879453265235,0.0023912222690621347,0.0023072691460456394,8.395312301649523e-05,0.05917538065134295,0.09068068339548274,0.09068068339548274,0.038259556304994155,0.013528611116942368,1.4157750373893494,0.011356523322774275,0.5349979400634766,0.4062980115413666,0.023072691460456395,0.0005037187380989714,d_final,hover
1.86,1.87,STEP,STEP,0.0,0.0,1.0,0.0,0.0,1.0,0.02992367185652256,-0.03757449984550476,0.009162593632936478,-0.08211439102888107,-0.275996595621109,0.08811237663030624,0.9953485727310181,-0.036708731204271317,-0.07359874248504639,0.05016907677054405,0.7949923872947693,0.8849649429321289,-0.024477152153849602,0.1063653975725174,0.9943271279335022,-0.5714954137802124,-0.41256237030029297,-0.24955764412879944,0.027961567044258118,-0.5714954137802124,-0.41256237030029297,-0.24955764412879944,0.027961567044258118,-0.07089966332221556,False,False,1.86,absolute,0.0,0.0,0.0,0.0,0.0,0.0,-0.20180908338293102,-0.1256985968890614,0.05146199816957549,-0.21748799995418214,-0.1187959735783133,0.06078829847683979,0.02992367185652256,-0.03757449984550476,0.009162593632936478,-0.08211439102888107,-0.275996595621109,0.08811237663030624,0.9953485727310181,-0.036708731204271317,-0.07359874248504639,0.05016907677054405,0.7949923872947693,0.8849649429321289,-0.024477152153849602,0.1063653975725174,0.9943271279335022,-0.08211439102888107,-0.275996595621109,0.08811237663030624,0.02992367233658563,-0.03757449906436943,1.0091625936839137,0.9953485612051587,-0.03670873255836955,-0.07359873988343335,0.050169075617847336,-0.20180908338293102,-0.1256985968890614,0.05146199816957549,0.7949924109280786,0.8849649557869468,-0.02447715230817597,-0.11969468934634252,0.15029799625747772,-0.0366503747356548,position_error,position_error,position_error,-0.11123946144093988,0.15515800288565787,-0.03893846329501294,-0.10624853851324226,-0.2739539764639712,0.09972676177185272,0.02780986536023497,-0.03878950072141447,1.0097346158237532,0.9960409852208856,-0.03379651862513827,-0.06530033802840142,0.04996015354665044,-0.21748799995418214,-0.1187959735783133,0.06078829847683979,0.6146661509089568,1.7979450687464833,-0.03392521340839654,0.15156942343095323,0.12881669202338686,0.047193332629033954,0.11195913543875513,0.10987813116920477,0.13718323024514795,0.11887602111662973,0.1024376240716155,-0.004286215603351593,-0.0030942177772521973,-0.0002495576441287994,0.4395385835221291,-0.0009103105071740299,0.001546551305356449,-6.454821006371793e-05,0.46837500660259795,1609.125726063648,1817.5488502429318,1679.1895307269413,1549.9256387218372,-0.023348716247126505,-0.00048142480085060934,-0.032438032906816835,-0.003611571867407834,-0.011019917500013783,-0.0,-0.0,0.0,-0.07089966332221556,0.0023727767228070773,0.0022780139775710104,9.476274523606687e-05,0.06510873069419901,0.09628496017012186,0.09628496017012186,0.037964427564913236,0.010812677635605613,3.611571867407834,0.011019917500013783,0.5598756074905396,0.6307934522628784,0.022780139775710105,0.0005685764714164012,d_final,hover
1.87,1.8800000000000001,STEP,STEP,0.0,0.0,1.0,0.0,0.0,1.0,0.02780986577272415,-0.038789499551057816,0.009734615683555603,-0.10624853521585464,-0.27395397424697876,0.09972675889730453,0.9960409998893738,-0.0337965190410614,-0.0653003379702568,0.04996015504002571,0.6146661639213562,1.7979450225830078,-0.03392521291971207,0.10478309541940689,0.9944950938224792,-0.3843000531196594,-0.6456047296524048,-0.22502219676971436,-0.06632044911384583,-0.3843000531196594,-0.6456047296524048,-0.22502219676971436,-0.06632044911384583,-0.06355317462830967,False,False,1.87,absolute,0.0,0.0,0.0,0.0,0.0,0.0,-0.21748799995418214,-0.1187959735783133,0.06078829847683979,-0.23068813530201615,-0.11243778959791476,0.06721098826830284,0.02780986577272415,-0.038789499551057816,0.009734615683555603,-0.10624853521585464,-0.27395397424697876,0.09972675889730453,0.9960409998893738,-0.0337965190410614,-0.0653003379702568,0.04996015504002571,0.6146661639213562,1.7979450225830078,-0.03392521291971207,0.10478309541940689,0.9944950938224792,-0.10624853521585464,-0.27395397424697876,0.09972675889730453,0.02780986536023497,-0.03878950072141447,1.0097346158237532,0.9960409852208856,-0.03379651862513827,-0.06530033802840142,0.04996015354665044,-0.21748799995418214,-0.1187959735783133,0.06078829847683979,0.6146661509089568,1.7979450687464833,-0.03392521340839654,-0.11123946144093988,0.15515800288565787,-0.03893846329501294,position_error,position_error,position_error,-0.1022143801174207,0.15975621747960064,-0.04153518407070678,-0.12847375518459545,-0.2721940070775154,0.10874617233900961,0.025553595029355176,-0.03993905436990016,1.0103837960176767,0.9967445231690433,-0.03303274510264565,-0.05447537123227801,0.049412824373898025,-0.23068813530201615,-0.11243778959791476,0.06721098826830284,0.15936270582288936,2.225415631743219,-0.05947907184710585,0.14324823567744369,0.0937121189850843,0.03400928968974183,0.12142793109080731,0.11575120983541445,0.12897664971413564,0.10097855344317351,0.10580987347374668,-0.0028822503983974455,-0.004842035472393036,-0.00022502219676971436,0.39239757544307713,-0.0013413486407266306,0.000296774107231273,-0.00010725715386120842,0.45151628646647024,1655.0320791706981,1756.143860095672,1538.1670465382306,1576.9100957300607,-0.023128082147281577,-0.0005121040662926572,-0.024352369919465176,-0.0049814089660020575,-0.010579209529268207,-0.0,-0.0,0.0,-0.06355317462830967,0.002355937502622845,0.0022481142828861267,0.00010782321973671838,0.0703765892427882,0.10242081325853145,0.10242081325853145,0.03769500004196552,0.008117456639821725,4.981408966002057,0.010579209529268207,0.6195253729820251,0.09884193539619446,0.022481142828861267,0.0006469393184203103,d_final,hover
1.8800000000000001,1.8900000000000001,STEP,STEP,0.0,0.0,1.0,0.0,0.0,1.0,0.025553595274686813,-0.03993905335664749,0.010383795946836472,-0.12847375869750977,-0.2721939980983734,0.10874617099761963,0.9967445135116577,-0.033032745122909546,-0.05447537079453468,0.04941282421350479,0.15936270356178284,2.2254157066345215,-0.05947907269001007,0.10267402231693268,0.9947150349617004,-0.20526134967803955,-0.6622136235237122,-0.15697020292282104,-0.1139022707939148,-0.20526134967803955,-0.6622136235237122,-0.15697020292282104,-0.1139022707939148,-0.057213833941388646,False,False,1.8800000000000001,absolute,0.0,0.0,0.0,0.0,0.0,0.0,-0.23068813530201615,-0.11243778959791476,0.06721098826830284,-0.24116874529017465,-0.10613035093630269,0.06998655903564394,0.025553595274686813,-0.03993905335664749,0.010383795946836472,-0.12847375869750977,-0.2721939980983734,0.10874617099761963,0.9967445135116577,-0.033032745122909546,-0.05447537079453468,0.04941282421350479,0.15936270356178284,2.2254157066345215,-0.05947907269001007,0.10267402231693268,0.9947150349617004,-0.12847375869750977,-0.2721939980983734,0.10874617099761963,0.025553595029355176,-0.03993905436990016,1.0103837960176767,0.9967445231690433,-0.03303274510264565,-0.05447537123227801,0.049412824373898025,-0.23068813530201615,-0.11243778959791476,0.06721098826830284,0.15936270582288936,2.225415631743219,-0.05947907184710585,-0.1022143801174207,0.15975621747960064,-0.04153518407070678,position_error,position_error,position_error,-0.09272695560227667,0.16410308166102414,-0.04430187062917401,-0.14844178968789798,-0.2702334325973268,0.11428842966481795,0.023181738900569168,-0.041025770415256034,1.0110754676572935,0.9972544848553331,-0.03502733599285603,-0.043598289228018415,0.048536247749056745,-0.24116874529017465,-0.10613035093630269,0.06998655903564394,-0.41156972629483757,2.170603742208636,-0.09442963302007815,0.13155042502575157,0.07452436990602315,0.03953992723176125,0.12299194243950669,0.11857493054445942,0.11846656450202252,0.08839986099942147,0.10886936896312743,-0.0015394601225852966,-0.004966602176427841,-0.00015697020292282105,0.36860666460304264,-0.0014061484320424529,-0.0007275307354871808,-0.00012094518301233826,0.43431072500903084,1676.8695085583615,1676.0341118210001,1434.4630045560566,1601.170694220805,-0.02294106446916112,-0.0005406145908716507,-0.018766350542198246,-0.00488982720088485,-0.010075977138272777,-0.0,-0.0,0.0,-0.057213833941388646,0.0023431728404472137,0.002220506856619459,0.00012266598382775444,0.07432413354034959,0.10812291817433013,0.10812291817433013,0.03749076544715542,0.006255450180732748,4.88982720088485,0.010075977138272777,0.5182724595069885,0.03922581672668457,0.022205068566194593,0.0007359959029665267,d_final,hover
1.8900000000000001,1.9000000000000001,STEP,STEP,0.0,0.0,1.0,0.0,0.0,1.0,0.023181738331913948,-0.04102576896548271,0.011075467802584171,-0.14844179153442383,-0.2702334225177765,0.11428842693567276,0.997254490852356,-0.035027336329221725,-0.04359829053282738,0.04853624850511551,-0.4115697145462036,2.1706037521362305,-0.0944296345114708,0.10021068155765533,0.9949662685394287,-0.03956007584929466,-0.6599505543708801,-0.07430686056613922,-0.11613105237483978,-0.03956007584929466,-0.6599505543708801,-0.07430686056613922,-0.11613105237483978,-0.05352268416264429,False,False,1.8900000000000001,absolute,0.0,0.0,0.0,0.0,0.0,0.0,-0.24116874529017465,-0.10613035093630269,0.06998655903564394,-0.24931599056804313,-0.09932188228754177,0.06948712532573677,0.023181738331913948,-0.04102576896548271,0.011075467802584171,-0.14844179153442383,-0.2702334225177765,0.11428842693567276,0.997254490852356,-0.035027336329221725,-0.04359829053282738,0.04853624850511551,-0.4115697145462036,2.1706037521362305,-0.0944296345114708,0.10021068155765533,0.9949662685394287,-0.14844179153442383,-0.2702334225177765,0.11428842693567276,0.023181738900569168,-0.041025770415256034,1.0110754676572935,0.9972544848553331,-0.03502733599285603,-0.043598289228018415,0.048536247749056745,-0.24116874529017465,-0.10613035093630269,0.06998655903564394,-0.41156972629483757,2.170603742208636,-0.09442963302007815,-0.09272695560227667,0.16410308166102414,-0.04430187062917401,position_error,position_error,position_error,-0.08287821047970428,0.16818731046847502,-0.047098761481986884,-0.16643778008833884,-0.2675091927560168,0.11658588680772365,0.02071955261992607,-0.042046827617118754,1.0117746903704967,0.9974821113608487,-0.039705704940851294,-0.03470527974666654,0.04741769783487074,-0.24931599056804313,-0.09932188228754177,0.06948712532573677,-0.9610821804493199,1.7259281034667817,-0.13041276405475072,0.12584318435904848,0.06209897247185804,0.05164816630430056,0.12790195067737306,0.11988383989648657,0.10741631297775237,0.0812290656838221,0.11225572418282992,-0.00029670056886970997,-0.004949629157781601,-7.430686056613923e-05,0.36749227381258015,-0.0011955421591332352,-0.0015377369254442694,-0.00011024124158682527,0.42078494274089095,1686.9435767110367,1589.6739705705168,1373.1902876665724,1627.792190492592,-0.022804215734262268,-0.0005642748592622668,-0.016685996682865953,-0.003919514264942061,-0.009548682621311737,-0.0,-0.0,0.0,-0.05352268416264429,0.002335878906754654,0.002197235573433586,0.0001386433333210682,0.07685176004009953,0.11285497185245336,0.11285497185245336,0.037374062508074464,0.005561998894288651,3.919514264942061,0.009548682621311737,0.4561076760292053,0.03430022671818733,0.02197235573433586,0.0008318599999264093,d_final,hover
1.9000000000000001,1.9100000000000001,STEP,STEP,0.0,0.0,1.0,0.0,0.0,1.0,0.020719552412629128,-0.04204682633280754,0.011774690821766853,-0.1664377748966217,-0.26750919222831726,0.11658588796854019,0.9974821209907532,-0.039705704897642136,-0.034705281257629395,0.04741769656538963,-0.9610821604728699,1.7259280681610107,-0.130412757396698,0.09756192564964294,0.9952294826507568,0.18711698055267334,-0.6003450751304626,0.015042491257190704,-0.07368621975183487,0.18711698055267334,-0.6003450751304626,0.015042491257190704,-0.07368621975183487,-0.0533421235865955,False,False,1.9000000000000001,absolute,0.0,0.0,0.0,0.0,0.0,0.0,-0.24931599056804313,-0.09932188228754177,0.06948712532573677,-0.2558707406639839,-0.09151710084482537,0.06686411771457898,0.020719552412629128,-0.04204682633280754,0.011774690821766853,-0.1664377748966217,-0.26750919222831726,0.11658588796854019,0.9974821209907532,-0.039705704897642136,-0.034705281257629395,0.04741769656538963,-0.9610821604728699,1.7259280681610107,-0.130412757396698,0.09756192564964294,0.9952294826507568,-0.1664377748966217,-0.26750919222831726,0.11658588796854019,0.02071955261992607,-0.042046827617118754,1.0117746903704967,0.9974821113608487,-0.039705704940851294,-0.03470527974666654,0.04741769783487074,-0.24931599056804313,-0.09932188228754177,0.06948712532573677,-0.9610821804493199,1.7259281034667817,-0.13041276405475072,-0.08287821047970428,0.16818731046847502,-0.047098761481986884,position_error,position_error,position_error,-0.07274452645389609,0.17197670136197823,-0.049820249713495635,-0.18312621421008782,-0.26349380220680363,0.11668436742807461,0.018186131613474023,-0.04299417534049456,1.012455062428374,0.9974215437745337,-0.04642828621544221,-0.029336564480921135,0.046195716662690185,-0.2558707406639839,-0.09151710084482537,0.06686411771457898,-1.37276055619251,0.9863631900035763,-0.16078195757708497,0.11972671326914004,0.05478368858621012,0.07589683476067825,0.13830745350805418,0.11985535353358125,0.09702243018868659,0.0802532472945466,0.11686997185344193,0.00140337735414505,-0.00450258806347847,1.5042491257190705e-05,0.3887146901240826,-0.0006984226305236443,-0.002101842301638495,-8.187577921116404e-05,0.4140010028702563,1686.7246491564702,1506.0174580448065,1364.7133311151867,1663.701503512919,-0.022723116443286045,-0.0005828971786720353,-0.01809731865867759,-0.00288323472511432,-0.009055556580845512,-0.0,-0.0,0.0,-0.0533421235865955,0.002334363076366481,0.0021792344962717897,0.00015512858009469137,0.07831602591272671,0.11657943573440704,0.11657943573440704,0.0373498092218637,0.00603243955289253,2.88323472511432,0.009055556580845512,0.4010829031467438,0.06472017616033554,0.021792344962717897,0.0009307714805681482,d_final,hover
1.9100000000000001,1.92,STEP,STEP,0.0,0.0,1.0,0.0,0.0,1.0,0.018186131492257118,-0.042994175106287,0.012455062009394169,-0.18312621116638184,-0.2634938061237335,0.11668436974287033,0.9974215626716614,-0.04642828553915024,-0.029336564242839813,0.04619571566581726,-1.372760534286499,0.9863631725311279,-0.16078196465969086,0.09501712769269943,0.9954756498336792,0.4817025661468506,-0.29571253061294556,0.10832957923412323,0.024576842784881592,0.4817025661468506,-0.29571253061294556,0.10832957923412323,0.024576842784881592,-0.05666043667496412,False,False,1.9100000000000001,absolute,0.0,0.0,0.0,0.0,0.0,0.0,-0.2558707406639839,-0.09151710084482537,0.06686411771457898,-0.2617694305169321,-0.08230785149967704,0.06403320232007766,0.018186131492257118,-0.042994175106287,0.012455062009394169,-0.18312621116638184,-0.2634938061237335,0.11668436974287033,0.9974215626716614,-0.04642828553915024,-0.029336564242839813,0.04619571566581726,-1.372760534286499,0.9863631725311279,-0.16078196465969086,0.09501712769269943,0.9954756498336792,-0.18312621116638184,-0.2634938061237335,0.11668436974287033,0.018186131613474023,-0.04299417534049456,1.012455062428374,0.9974215437745337,-0.04642828621544221,-0.029336564480921135,0.046195716662690185,-0.2558707406639839,-0.09151710084482537,0.06686411771457898,-1.37276055619251,0.9863631900035763,-0.16078195757708497,-0.07274452645389609,0.17197670136197823,-0.049820249713495635,position_error,position_error,position_error,-0.06236756435292393,0.1754212988222683,-0.05242483733212033,-0.19940186616400815,-0.2577291503219453,0.11645803965219799,0.015591891088230983,-0.04385532470556708,1.01310620933303,0.9971226414890643,-0.05400438402089954,-0.02833105020644475,0.045025725208974535,-0.2617694305169321,-0.08230785149967704,0.06403320232007766,-1.5294785189768159,0.10208263046718617,-0.181678002830275,0.10415717532812346,0.06367317273054277,0.12388458681878071,0.1461312865149939,0.11696377777834165,0.09063100556875134,0.08771356434438303,0.12205001271946588,0.0036127692461013793,-0.0022178439795970915,0.00010832957923412323,0.43784622139244084,7.667770185590525e-05,-0.0021449602937711194,-4.754183642302558e-05,0.4173583604109419,1664.4273691136823,1453.1866008750321,1428.67254018749,1703.550680245252,-0.02269460206586702,-0.0005987394707749691,-0.022314731395661296,-0.0023827323001670117,-0.008669631442493813,-0.0,-0.0,0.0,-0.05666043667496412,0.002338169295819184,0.002166396572737979,0.00017177272308120485,0.07939806817101581,0.11974789415499382,0.11974789415499382,0.037410708733106944,0.007438243798553765,2.3827323001670115,0.008669631442493813,0.33182257413864136,0.19793976843357086,0.021663965727379792,0.001030636338487229,d_final,hover
1.92,1.93,STEP,STEP,0.0,0.0,1.0,0.0,0.0,1.0,0.01559189148247242,-0.043855324387550354,0.013106209225952625,-0.1994018703699112,-0.2577291429042816,0.11645803600549698,0.9971226453781128,-0.05400438234210014,-0.028331050649285316,0.04502572491765022,-1.5294785499572754,0.10208263248205185,-0.18167799711227417,0.09297637641429901,0.9956682920455933,0.641274631023407,0.2846214175224304,0.16853901743888855,0.15299218893051147,0.641274631023407,0.2846214175224304,0.16853901743888855,0.15299218893051147,-0.06219085440856678,False,False,1.92,absolute,0.0,0.0,0.0,0.0,0.0,0.0,-0.2617694305169321,-0.08230785149967704,0.06403320232007766,-0.2679924837087765,-0.07143352227990324,0.06325314335304609,0.01559189148247242,-0.043855324387550354,0.013106209225952625,-0.1994018703699112,-0.2577291429042816,0.11645803600549698,0.9971226453781128,-0.05400438234210014,-0.028331050649285316,0.04502572491765022,-1.5294785499572754,0.10208263248205185,-0.18167799711227417,0.09297637641429901,0.9956682920455933,-0.1994018703699112,-0.2577291429042816,0.11645803600549698,0.015591891088230983,-0.04385532470556708,1.01310620933303,0.9971226414890643,-0.05400438402089954,-0.02833105020644475,0.045025725208974535,-0.2617694305169321,-0.08230785149967704,0.06403320232007766,-1.5294785189768159,0.10208263046718617,-0.181678002830275,-0.06236756435292393,0.1754212988222683,-0.05242483733212033,position_error,position_error,position_error,-0.05174989383376037,0.17845806347716472,-0.05495817779588741,-0.2162425898750161,-0.24989158575706796,0.1182113211489335,0.012937473458440093,-0.04461451586929118,1.0137395444489719,0.9966831424958852,-0.060864177080730004,-0.03131312741951405,0.044019921217807775,-0.2679924837087765,-0.07143352227990324,0.06325314335304609,-1.3565640007532713,-0.6652859191856619,-0.19267181938765943,0.0835033426060682,0.09950550629993521,0.1817103906062641,0.13733465495298827,0.11064921267764,0.09221995748098416,0.10336808973825601,0.12478652836995713,0.004809559732675552,0.002134660631418228,0.00016853901743888854,0.5020538944652557,0.0008939670122577181,-0.0014088152153015603,-1.7755749604168934e-05,0.4310237882668373,1615.1921237727622,1466.4294373334856,1557.3975723365613,1724.4189011745514,-0.022710982947382403,-0.0006159028937790638,-0.028109760003031094,-0.0023199936723925837,-0.008434214891981637,-0.0,-0.0,0.0,-0.06219085440856678,0.0023466083274043493,0.0021578332457390763,0.00018877508166527323,0.08092367957375325,0.12318057875581276,0.12318057875581276,0.03754573323846959,0.009369920001010364,2.3199936723925836,0.008434214891981637,0.5440545082092285,0.382366418838501,0.021578332457390763,0.0011326504899916393,d_final,hover
1.93,1.94,STEP,STEP,0.0,0.0,1.0,0.0,0.0,1.0,0.012937473133206367,-0.0446145161986351,0.01373954489827156,-0.21624259650707245,-0.24989157915115356,0.11821132153272629,0.9966831207275391,-0.060864176601171494,-0.031313128769397736,0.044019922614097595,-1.3565640449523926,-0.6652859449386597,-0.19267182052135468,0.09170893579721451,0.9957858324050903,0.4832218289375305,0.7764670252799988,0.16908800601959229,0.21157611906528473,0.4832218289375305,0.7764670252799988,0.16908800601959229,0.21157611906528473,-0.0675010498944865,False,False,1.93,absolute,0.0,0.0,0.0,0.0,0.0,0.0,-0.2679924837087765,-0.07143352227990324,0.06325314335304609,-0.27528928224459376,-0.05899166205586527,0.06558231201709684,0.012937473133206367,-0.0446145161986351,0.01373954489827156,-0.21624259650707245,-0.24989157915115356,0.11821132153272629,0.9966831207275391,-0.060864176601171494,-0.031313128769397736,0.044019922614097595,-1.3565640449523926,-0.6652859449386597,-0.19267182052135468,0.09170893579721451,0.9957858324050903,-0.21624259650707245,-0.24989157915115356,0.11821132153272629,0.012937473458440093,-0.04461451586929118,1.0137395444489719,0.9966831424958852,-0.060864177080730004,-0.03131312741951405,0.044019921217807775,-0.2679924837087765,-0.07143352227990324,0.06325314335304609,-1.3565640007532713,-0.6652859191856619,-0.19267181938765943,-0.05174989383376037,0.17845806347716472,-0.05495817779588741,position_error,position_error,position_error,-0.0408592783392295,0.18102124490814692,-0.05753402436436694,-0.23443000390536425,-0.24001290696401217,0.12311633638146378,0.010214819584807374,-0.04525531122703673,1.0143835060910917,0.9962403640603879,-0.06562501326361529,-0.0365100585798968,0.04319155326529337,-0.27528928224459376,-0.05899166205586527,0.06558231201709684,-0.9080274399528684,-1.0405083745066261,-0.19557358855636406,0.07314723295780635,0.1412717904723314,0.2,0.11016814215429348,0.10349254779196315,0.1006562918959419,0.119773206296188,0.12210008748560947,0.0036241637170314786,0.00582350268959999,0.0001690880060195923,0.5313458595326424,0.001333748074489566,-0.00018254271165582753,3.0256857572026835e-06,0.4460221334697025,1558.3954606864174,1535.5629540095806,1686.0932403648965,1703.933644745054,-0.022765168818896047,-0.0006386062726218921,-0.03383776046014308,-0.0019454205376665955,-0.008314093805158893,-0.0,-0.0,0.0,-0.0675010498944865,0.002359270980878594,0.002152385733406121,0.00020688524747247306,0.08356524476036485,0.1277212545243784,0.1277212545243784,0.03774833569405751,0.01127925348671436,1.9454205376665954,0.008314093805158893,0.9097595810890198,0.2703251540660858,0.02152385733406121,0.0012413114848348384,d_final,hover
1.94,1.95,STEP,STEP,0.0,0.0,1.0,0.0,0.0,1.0,0.010214819572865963,-0.04525531083345413,0.014383506029844284,-0.2344300001859665,-0.24001291394233704,0.12311633676290512,0.9962403774261475,-0.06562501192092896,-0.036510057747364044,0.04319155216217041,-0.9080274105072021,-1.0405083894729614,-0.1955735832452774,0.09105535596609116,0.9958458542823792,0.2263597846031189,1.0,0.13728249073028564,0.20230485498905182,0.2263597846031189,1.0,0.13728249073028564,0.20230485498905182,-0.070383345936654,False,False,1.94,absolute,0.0,0.0,0.0,0.0,0.0,0.0,-0.27528928224459376,-0.05899166205586527,0.06558231201709684,-0.28392523746876164,-0.045452577119794904,0.0707813676441636,0.010214819572865963,-0.04525531083345413,0.014383506029844284,-0.2344300001859665,-0.24001291394233704,0.12311633676290512,0.9962403774261475,-0.06562501192092896,-0.036510057747364044,0.04319155216217041,-0.9080274105072021,-1.0405083894729614,-0.1955735832452774,0.09105535596609116,0.9958458542823792,-0.2344300001859665,-0.24001291394233704,0.12311633676290512,0.010214819584807374,-0.04525531122703673,1.0143835060910917,0.9962403640603879,-0.06562501326361529,-0.0365100585798968,0.04319155326529337,-0.27528928224459376,-0.05899166205586527,0.06558231201709684,-0.9080274399528684,-1.0405083745066261,-0.19557358855636406,-0.0408592783392295,0.18102124490814692,-0.05753402436436694,position_error,position_error,position_error,-0.029644574173768472,0.18305853858798554,-0.06027368293625379,-0.25428066329499316,-0.22851111570778043,0.1310550505804174,0.007411143543442118,-0.045764634646996386,1.0150684207340634,0.9959468127653353,-0.06766361264118018,-0.04134088917515978,0.042456007220672894,-0.28392523746876164,-0.045452577119794904,0.0707813676441636,-0.3434028646005653,-0.8823424951246842,-0.19181917685411357,0.07241726677100721,0.16692853592373932,0.2,0.08487081261053665,0.09759586054445474,0.11201236122081282,0.1336816316286167,0.11505948366892459,0.0016976983845233917,0.0075,0.00013728249073028564,0.5267102274945259,0.0013835434508335386,0.0011680814225275547,2.4981544863004307e-05,0.4583493370628089,1510.7024220607727,1625.8868067468636,1791.4603415676095,1649.6601349006357,-0.022855612150458178,-0.0006702570600519603,-0.03772460156069112,-0.0009332484027277172,-0.008199626762725036,-0.0,-0.0,0.0,-0.070383345936654,0.002376384136413319,0.0021493268329945657,0.00022705730341875322,0.08768947924410184,0.13405141201039206,0.13405141201039206,0.038022146182613105,0.012574867186897041,0.9332484027277171,0.008199626762725036,1.1110124588012695,0.1170426458120346,0.021493268329945657,0.0013623438205125193,d_final,hover
1.95,1.96,STEP,STEP,0.0,0.0,1.0,0.0,0.0,1.0,0.007411143742501736,-0.04576463624835014,0.015068421140313148,-0.2542806565761566,-0.22851110994815826,0.1310550570487976,0.9959468245506287,-0.06766360998153687,-0.04134088754653931,0.0424560084939003,-0.3434028625488281,-0.882342517375946,-0.1918191760778427,0.09042809158563614,0.9959030151367188,-0.0028888247907161713,1.0,0.08728819340467453,0.1904134899377823,-0.0028888247907161713,1.0,0.08728819340467453,0.1904134899377823,-0.06996859274211839,False,False,1.95,absolute,0.0,0.0,0.0,0.0,0.0,0.0,-0.28392523746876164,-0.045452577119794904,0.0707813676441636,-0.29357912518084917,-0.0314137154383087,0.0783725434960657,0.007411143742501736,-0.04576463624835014,0.015068421140313148,-0.2542806565761566,-0.22851110994815826,0.1310550570487976,0.9959468245506287,-0.06766360998153687,-0.04134088754653931,0.0424560084939003,-0.3434028625488281,-0.882342517375946,-0.1918191760778427,0.09042809158563614,0.9959030151367188,-0.2542806565761566,-0.22851110994815826,0.1310550570487976,0.007411143543442118,-0.045764634646996386,1.0150684207340634,0.9959468127653353,-0.06766361264118018,-0.04134088917515978,0.042456007220672894,-0.28392523746876164,-0.045452577119794904,0.0707813676441636,-0.3434028646005653,-0.8823424951246842,-0.19181917685411357,-0.029644574173768472,0.18305853858798554,-0.06027368293625379,position_error,position_error,position_error,-0.018058024640630613,0.18454039452280543,-0.06328004834692003,-0.27552110054021856,-0.21595410996111414,0.14165259184298573,0.004514506160157653,-0.04613509863070136,1.01582001208673,0.9959400643872508,-0.0671158472461873,-0.043149139617405324,0.041677367323558506,-0.29357912518084917,-0.0314137154383087,0.0783725434960657,0.18920063477812005,-0.19767787942294673,-0.18209883882874928,0.08098456911220439,0.17970411245059398,0.18674519439957066,0.07333066900652213,0.09451054988803798,0.12371906575957643,0.14304205984278345,0.10706838132900776,-2.1666185930371284e-05,0.0075,8.728819340467453e-05,0.5207645449688911,0.0011271465864072707,0.0023045164824927813,4.01850660948892e-05,0.4683400568194056,1485.3912906282308,1716.2930652305336,1860.8584957099135,1586.9143245311789,-0.022989917609892135,-0.0007130675561391285,-0.03819831120777531,-0.00010803341131637545,-0.00795926295699544,-0.0,-0.0,0.0,-0.06996859274211839,0.0023991008739589273,0.0021488280915346438,0.0002502727824242835,0.09331777983363444,0.1426135112278257,0.1426135112278257,0.03838561398334284,0.01273277040259177,0.10803341131637545,0.00795926295699544,1.0438848733901978,0.05519576370716095,0.021488280915346436,0.001501636694545701,d_final,hover
1.96,1.97,STEP,STEP,0.0,0.0,1.0,0.0,0.0,1.0,0.004514506086707115,-0.04613509774208069,0.015820011496543884,-0.27552109956741333,-0.21595411002635956,0.14165259897708893,0.995940089225769,-0.06711585074663162,-0.04314913973212242,0.04167736694216728,0.18920063972473145,-0.197677880525589,-0.18209883570671082,0.08909640461206436,0.9960229992866516,-0.21248012781143188,0.6244392991065979,0.0009479280561208725,0.16339324414730072,-0.21248012781143188,0.6244392991065979,0.0009479280561208725,0.16339324414730072,-0.06722772690459879,False,False,1.96,absolute,0.0,0.0,0.0,0.0,0.0,0.0,-0.29357912518084917,-0.0314137154383087,0.0783725434960657,-0.30335728524509925,-0.017423073200964534,0.08781408867372455,0.004514506086707115,-0.04613509774208069,0.015820011496543884,-0.27552109956741333,-0.21595411002635956,0.14165259897708893,0.995940089225769,-0.06711585074663162,-0.04314913973212242,0.04167736694216728,0.18920063972473145,-0.197677880525589,-0.18209883570671082,0.08909640461206436,0.9960229992866516,-0.27552109956741333,-0.21595411002635956,0.14165259897708893,0.004514506160157653,-0.04613509863070136,1.01582001208673,0.9959400643872508,-0.0671158472461873,-0.043149139617405324,0.041677367323558506,-0.29357912518084917,-0.0314137154383087,0.0783725434960657,0.18920063477812005,-0.19767787942294673,-0.18209883882874928,-0.018058024640630613,0.18454039452280543,-0.06328004834692003,position_error,position_error,position_error,-0.0060787138332348695,0.1854602993625962,-0.06663644326840679,-0.29727857141186437,-0.20288337256356073,0.15445053194213132,0.0015196784583087174,-0.04636507484064905,1.0166591108171017,0.9962720812308579,-0.06468585716872148,-0.03999552517795273,0.0407190128566836,-0.30335728524509925,-0.017423073200964534,0.08781408867372455,0.5750794402045044,0.8382899940485234,-0.1702778944837128,0.10500585769085141,0.17115849036458053,0.14870114526988965,0.08238892874832877,0.09638738379584266,0.132060066403656,0.14406437798833405,0.10244574984786187,-0.0015936009585857391,0.004683294743299484,9.479280561208725e-07,0.5072544220736503,0.000638605967845431,0.002732634291505635,3.5318916463993456e-05,0.4749575780356946,1500.8189188320903,1779.3235995468501,1868.3746833908644,1549.9909802899479,-0.023185451715255198,-0.0007669558935032543,-0.034703412911474926,-0.001062441038017606,-0.007509465346347792,-0.0,-0.0,0.0,-0.06722772690459879,0.0024295555608121098,0.002152029587595635,0.00027752597321647473,0.10004052016063944,0.15339117870065086,0.15339117870065086,0.038872888972993756,0.011567804303824975,1.062441038017606,0.007509465346347792,0.46177050471305847,0.1931590884923935,0.02152029587595635,0.0016651558392988485,d_final,hover
1.97,1.98,STEP,STEP,0.0,0.0,1.0,0.0,0.0,1.0,0.0015196785097941756,-0.046365074813365936,0.01665911078453064,-0.29727858304977417,-0.20288337767124176,0.15445053577423096,0.996272087097168,-0.06468585878610611,-0.039995525032281876,0.040719013661146164,0.5750794410705566,0.8382899761199951,-0.1702778935432434,0.08654875308275223,0.9962475895881653,-0.34000056982040405,-0.2148066610097885,-0.11866804212331772,0.02836102992296219,-0.34000056982040405,-0.2148066610097885,-0.11866804212331772,0.02836102992296219,-0.06376539290868231,False,False,1.97,absolute,0.0,0.0,0.0,0.0,0.0,0.0,-0.30335728524509925,-0.017423073200964534,0.08781408867372455,-0.3119124333167212,-0.004049264447464583,0.09693903109509594,0.0015196785097941756,-0.046365074813365936,0.01665911078453064,-0.29727858304977417,-0.20288337767124176,0.15445053577423096,0.996272087097168,-0.06468585878610611,-0.039995525032281876,0.040719013661146164,0.5750794410705566,0.8382899761199951,-0.1702778935432434,0.08654875308275223,0.9962475895881653,-0.29727858304977417,-0.20288337767124176,0.15445053577423096,0.0015196784583087174,-0.04636507484064905,1.0166591108171017,0.9962720812308579,-0.06468585716872148,-0.03999552517795273,0.0407190128566836,-0.30335728524509925,-0.017423073200964534,0.08781408867372455,0.5750794402045044,0.8382899940485234,-0.1702778944837128,-0.0060787138332348695,0.1854602993625962,-0.06663644326840679,position_error,position_error,position_error,0.006266918066475405,0.1858336045741648,-0.07037268654033735,-0.3181793513831966,-0.1898828690216294,0.1673117176354333,-0.0015667295166188512,-0.0464584011435412,1.0175931716350843,0.9968267597961431,-0.06141991669061687,-0.03167238062947403,0.03950778522395218,-0.3119124333167212,-0.004049264447464583,0.09693903109509594,0.7381305680926088,1.8378124678596182,-0.16387989503800693,0.13436351133246616,0.12156849827177824,0.07551675371365171,0.10828955164358506,0.1029977975723401,0.13014199150213906,0.130754302782956,0.10349781541055764,-0.00255000427365303,-0.0016110499575734138,-0.00011866804212331772,0.43973831496148114,3.9326396003463646e-05,0.0019233360874391864,6.670230490403092e-07,0.4673919072679928,1554.4264642242651,1764.9203783348933,1769.5240125173339,1558.4376877516638,-0.023465494911013567,-0.0008264340722631795,-0.028653275166123586,-0.003949248022570646,-0.006870940736711336,-0.0,-0.0,0.0,-0.06376539290868231,0.002470357366373971,0.002160837678192435,0.0003095196881815361,0.10670293834977951,0.1652868144526359,0.1652868144526359,0.039525717861983535,0.009551091722041195,3.9492480225706457,0.006870940736711336,0.1766287386417389,0.753136932849884,0.02160837678192435,0.0018571181290892164,d_final,hover
1.98,1.99,STEP,STEP,0.0,0.0,1.0,0.0,0.0,1.0,-0.0015667295083403587,-0.046458400785923004,0.017593171447515488,-0.31817933917045593,-0.18988287448883057,0.16731171309947968,0.9968267679214478,-0.06141991540789604,-0.03167238086462021,0.03950778394937515,0.7381305694580078,1.8378124237060547,-0.1638799011707306,0.08279624581336975,0.9965664744377136,-0.3003740906715393,-0.5397515296936035,-0.14201664924621582,-0.07825876027345657,-0.3003740906715393,-0.5397515296936035,-0.14201664924621582,-0.07825876027345657,-0.060146181811829826,False,False,1.98,absolute,0.0,0.0,0.0,0.0,0.0,0.0,-0.3119124333167212,-0.004049264447464583,0.09693903109509594,-0.3181142391797466,0.008357331703485961,0.1031983583269993,-0.0015667295083403587,-0.046458400785923004,0.017593171447515488,-0.31817933917045593,-0.18988287448883057,0.16731171309947968,0.9968267679214478,-0.06141991540789604,-0.03167238086462021,0.03950778394937515,0.7381305694580078,1.8378124237060547,-0.1638799011707306,0.08279624581336975,0.9965664744377136,-0.31817933917045593,-0.18988287448883057,0.16731171309947968,-0.0015667295166188512,-0.0464584011435412,1.0175931716350843,0.9968267597961431,-0.06141991669061687,-0.03167238062947403,0.03950778522395218,-0.3119124333167212,-0.004049264447464583,0.09693903109509594,0.7381305680926088,1.8378124678596182,-0.16387989503800693,0.006266918066475405,0.1858336045741648,-0.07037268654033735,position_error,position_error,position_error,0.018900876612026614,0.18569462198942693,-0.07441202640566047,-0.33701511579177323,-0.17733729028594097,0.17761038473265978,-0.0047252191530066535,-0.04642365549735673,1.0186030066014151,0.9973688948246809,-0.05838769742316072,-0.019927809770660877,0.03806634765196557,-0.3181142391797466,0.008357331703485961,0.1031983583269993,0.6737787930585291,2.438745151481258,-0.16848426763791957,0.1351847897869309,0.08988920914253364,0.04607515674014134,0.11527926419366588,0.10864862351605889,0.12253882702237172,0.11342695989674416,0.10560561793525367,-0.0022528056800365445,-0.004048136472702026,-0.00014201664924621583,0.38642841986327175,-0.0004297355245359317,0.0007676116900141861,-3.6049037576244653e-05,0.4502200283704284,1599.4270474108953,1707.2872790125227,1636.9458430075144,1575.2830821027183,-0.023851265985485776,-0.000882865757814929,-0.022837444875805295,-0.0064298427242902405,-0.006144762468433591,-0.0,-0.0,0.0,-0.060146181811829826,0.0025235553403934953,0.002177483485781201,0.00034607185461229444,0.11191641532349889,0.1765731515629858,0.1765731515629858,0.040376885446295925,0.007612481625268432,6.42984272429024,0.006144762468433591,0.4078494608402252,0.11907235532999039,0.02177483485781201,0.0020764311276737666,d_final,hover
1.99,2.0,STEP,STEP,0.0,0.0,1.0,0.0,0.0,1.0,-0.004725219216197729,-0.04642365500330925,0.0186030063778162,-0.3370151221752167,-0.17733728885650635,0.177610382437706,0.9973688721656799,-0.058387696743011475,-0.01992780901491642,0.03806634619832039,0.673778772354126,2.4387452602386475,-0.16848427057266235,0.07830827683210373,0.9969291687011719,-0.19361156225204468,-0.5616363883018494,-0.12002696841955185,-0.1302739977836609,-0.19361156225204468,-0.5616363883018494,-0.12002696841955185,-0.1302739977836609,-0.0569966587640925,False,False,1.99,absolute,0.0,0.0,0.0,0.0,0.0,0.0,-0.3181142391797466,0.008357331703485961,0.1031983583269993,-0.32154067275426096,0.019844370143690497,0.1055391206364053,-0.004725219216197729,-0.04642365500330925,0.0186030063778162,-0.3370151221752167,-0.17733728885650635,0.177610382437706,0.9973688721656799,-0.058387696743011475,-0.01992780901491642,0.03806634619832039,0.673778772354126,2.4387452602386475,-0.16848427057266235,0.07830827683210373,0.9969291687011719,-0.3370151221752167,-0.17733728885650635,0.177610382437706,-0.0047252191530066535,-0.04642365549735673,1.0186030066014151,0.9973688948246809,-0.05838769742316072,-0.019927809770660877,0.03806634765196557,-0.3181142391797466,0.008357331703485961,0.1031983583269993,0.6737787930585291,2.438745151481258,-0.16848426763791957,0.018900876612026614,0.18569462198942693,-0.07441202640566047,position_error,position_error,position_error,0.03171657529528317,0.1850820778657544,-0.07860883317193856,-0.3532572480495441,-0.1652377077220639,0.18414795380834387,-0.007929143823820792,-0.0462705194664386,1.0196522082929846,0.9977205663356271,-0.0563396222584186,-0.007035767826548743,0.03646939053213134,-0.32154067275426096,0.019844370143690497,0.1055391206364053,0.4573423723629011,2.5893050850558907,-0.18243503566095037,0.12510701535506327,0.07563918942600865,0.04500010502902557,0.11467449129807211,0.11158345139390677,0.1135407942043673,0.09951311365526674,0.10723329467216339,-0.001452086716890335,-0.00421227291226387,-0.00012002696841955186,0.3604208011081696,-0.0006497484367106875,-0.00020374514478854874,-5.748449153450169e-05,0.43187065392570423,1622.525815991597,1637.8340659985247,1526.3044891523239,1588.2226768009418,-0.02435557867947421,-0.0009300232612228965,-0.01934193039078237,-0.006946945411291433,-0.005422181021321597,-0.0,-0.0,0.0,-0.0569966587640925,0.0025900415842637628,0.0022038322934729085,0.0003862092907908543,0.11492070924636824,0.1860046522445793,0.1860046522445793,0.041440665348220204,0.0064473101302607895,6.946945411291432,0.005422181021321597,0.3842986524105072,0.015066315419971943,0.022038322934729085,0.0023172557447451256,d_final,hover
2.0,2.0100000000000002,STEP,STEP,0.0,0.0,1.0,0.0,0.0,1.0,-0.007929143495857716,-0.046270519495010376,0.01965220831334591,-0.3532572388648987,-0.16523770987987518,0.18414795398712158,0.9977205395698547,-0.05633962154388428,-0.007035767659544945,0.036469388753175735,0.45734238624572754,2.5893051624298096,-0.1824350357055664,0.0735689327120781,0.9972901344299316,-0.11541575193405151,-0.564543604850769,-0.08474058657884598,-0.14534607529640198,-0.11541575193405151,-0.564543604850769,-0.08474058657884598,-0.14534607529640198,-0.05508186196176978,False,False,2.0,absolute,0.0,0.0,0.0,0.0,0.0,0.0,-0.32154067275426096,0.019844370143690497,0.1055391206364053,-0.3223386469214114,0.030689489995599926,0.1041200535756952,-0.007929143495857716,-0.046270519495010376,0.01965220831334591,-0.3532572388648987,-0.16523770987987518,0.18414795398712158,0.9977205395698547,-0.05633962154388428,-0.007035767659544945,0.036469388753175735,0.45734238624572754,2.5893051624298096,-0.1824350357055664,0.0735689327120781,0.9972901344299316,-0.3532572388648987,-0.16523770987987518,0.18414795398712158,-0.007929143823820792,-0.0462705194664386,1.0196522082929846,0.9977205663356271,-0.0563396222584186,-0.007035767826548743,0.03646939053213134,-0.32154067275426096,0.019844370143690497,0.1055391206364053,0.4573423723629011,2.5893050850558907,-0.18243503566095037,0.03171657529528317,0.1850820778657544,-0.07860883317193856,position_error,position_error,position_error,0.04460515393322617,0.18402648707681174,-0.08280754166832249,-0.36694380085463757,-0.15333699708121182,0.1869275952440177,-0.011151288483306543,-0.046006621769202935,1.0207018854170806,0.9978334728412078,-0.055597686080254456,0.005053035442777632,0.03480983500377699,-0.3223386469214114,0.030689489995599926,0.1041200535756952,0.1785846123934113,2.3678138821904815,-0.20114062023004153,0.12071530381548295,0.06796888388714989,0.04859403135209621,0.11560654329707001,0.11322379724818182,0.10474065871448852,0.08937322697413405,0.10873755704320026,-0.0008656181395053864,-0.0042340770363807675,-8.474058657884598e-05,0.35288476235179905,-0.0007019265716273555,-0.0009845472524505623,-6.463427772011507e-05,0.4160752399800046,1635.3599832448667,1568.3827251661764,1442.6502315970665,1600.1296492078864,-0.024981013173455836,-0.0009655095676162138,-0.01869981518798692,-0.00567889259358419,-0.004756631439126615,-0.0,-0.0,0.0,-0.05508186196176978,0.002669528541274358,0.0022409604814524224,0.0004285680598219354,0.11568503365192198,0.19310191352324277,0.19310191352324277,0.042712456660389725,0.006233271729328973,5.67889259358419,0.004756631439126615,0.3603367507457733,0.007595332805067301,0.022409604814524225,0.002571408358931612,d_final,hover
2.0100000000000002,2.02,STEP,STEP,0.0,0.0,1.0,0.0,0.0,1.0,-0.011151288636028767,-0.046006619930267334,0.020701885223388672,-0.3669438064098358,-0.1533370018005371,0.18692760169506073,0.9978334903717041,-0.055597685277462006,0.005053035449236631,0.03480983525514603,0.17858460545539856,2.3678138256073,-0.2011406272649765,0.06891367584466934,0.9976226091384888,-0.05747383460402489,-0.5823159217834473,-0.043089210987091064,-0.1331375241279602,-0.05747383460402489,-0.5823159217834473,-0.043089210987091064,-0.1331375241279602,-0.05459891406079685,False,False,2.0100000000000002,absolute,0.0,0.0,0.0,0.0,0.0,0.0,-0.3223386469214114,0.030689489995599926,0.1041200535756952,-0.3209730917058233,0.041234463581444794,0.09970678714616153,-0.011151288636028767,-0.046006619930267334,0.020701885223388672,-0.3669438064098358,-0.1533370018005371,0.18692760169506073,0.9978334903717041,-0.055597685277462006,0.005053035449236631,0.03480983525514603,0.17858460545539856,2.3678138256073,-0.2011406272649765,0.06891367584466934,0.9976226091384888,-0.3669438064098358,-0.1533370018005371,0.18692760169506073,-0.011151288483306543,-0.046006621769202935,1.0207018854170806,0.9978334728412078,-0.055597686080254456,0.005053035442777632,0.03480983500377699,-0.3223386469214114,0.030689489995599926,0.1041200535756952,0.1785846123934113,2.3678138821904815,-0.20114062023004153,0.04460515393322617,0.18402648707681174,-0.08280754166832249,position_error,position_error,position_error,0.05747189964723462,0.18254538935470177,-0.08687466710997516,-0.37844499135305787,-0.141310925773257,0.1865814542561367,-0.014367974911808655,-0.04563634733867544,1.0217186667774938,0.9977595430429179,-0.056184009352757906,0.014764258543981126,0.03318535866136426,-0.3209730917058233,0.041234463581444794,0.09970678714616153,-0.10413127469800382,1.8443159339657218,-0.22058116075053635,0.12186404154185877,0.06372655661622488,0.054003439464274834,0.11939500031366147,0.1147768981888285,0.09681718049104031,0.0825054029088102,0.11064830361759899,-0.00043105375953018666,-0.004367369413375855,-4.3089210987091066e-05,0.35898903793601994,-0.0006519593574855647,-0.0016299580737645296,-6.048810708534345e-05,0.40474778520627797,1647.4629774622206,1504.3384426963837,1384.2255743231742,1615.184979060255,-0.02572135193437679,-0.0009900101414772292,-0.020247757423825848,-0.003461000635128138,-0.004178793925988848,-0.0,-0.0,0.0,-0.05459891406079685,0.002760815388074404,0.0022891149014825918,0.00047170048659181244,0.11466544998905431,0.19800202829544583,0.19800202829544583,0.044173046209190464,0.006749252474608615,3.461000635128138,0.004178793925988848,0.36197736859321594,0.005557006690651178,0.022891149014825918,0.0028302029195508747,d_final,hover
2.02,2.0300000000000002,STEP,STEP,0.0,0.0,1.0,0.0,0.0,1.0,-0.014367975294589996,-0.04563634842634201,0.021718665957450867,-0.37844499945640564,-0.1413109302520752,0.18658144772052765,0.9977595210075378,-0.056184008717536926,0.01476425863802433,0.033185359090566635,-0.10413127392530441,1.8443158864974976,-0.22058115899562836,0.06459857523441315,0.9979113340377808,0.04277360811829567,-0.5310443639755249,0.0016194283962249756,-0.08711069822311401,0.04277360811829567,-0.5310443639755249,0.0016194283962249756,-0.08711069822311401,-0.0553644894543236,False,False,2.02,absolute,0.0,0.0,0.0,0.0,0.0,0.0,-0.3209730917058233,0.041234463581444794,0.09970678714616153,-0.31807474205303704,0.05183886506790377,0.0935981674863865,-0.014367975294589996,-0.04563634842634201,0.021718665957450867,-0.37844499945640564,-0.1413109302520752,0.18658144772052765,0.9977595210075378,-0.056184008717536926,0.01476425863802433,0.033185359090566635,-0.10413127392530441,1.8443158864974976,-0.22058115899562836,0.06459857523441315,0.9979113340377808,-0.37844499945640564,-0.1413109302520752,0.18658144772052765,-0.014367974911808655,-0.04563634733867544,1.0217186667774938,0.9977595430429179,-0.056184009352757906,0.014764258543981126,0.03318535866136426,-0.3209730917058233,0.041234463581444794,0.09970678714616153,-0.10413127469800382,1.8443159339657218,-0.22058116075053635,0.05747189964723462,0.18254538935470177,-0.08687466710997516,position_error,position_error,position_error,0.07024504068628187,0.18064219694812006,-0.090719818537087,-0.3883197827393189,-0.12880333188021628,0.1843179860234735,-0.01756126017157047,-0.045160549237030015,1.0226799546342717,0.9976012710361694,-0.057896257633368316,0.02086897350113101,0.031689325080837896,-0.31807474205303704,0.05183886506790377,0.0935981674863865,-0.3429344535230083,1.0879496727012938,-0.2375896291731554,0.12146348600353624,0.0650008696784551,0.06967405496225304,0.1258640402441987,0.11598120994938009,0.09073777377905416,0.08012380885777971,0.11336589177217506,0.0003208020608872175,-0.003982832729816437,1.6194283962249755e-06,0.38200245088844303,-0.0004677213039467423,-0.0020677555272403205,-4.7511961659772294e-05,0.400208684358389,1656.8162730119716,1454.078790601573,1363.5862498007832,1636.4692383405547,-0.026565012715313745,-0.0010067783597095315,-0.022724944217641603,-0.0013576873616346144,-0.00371006680002411,-0.0,-0.0,0.0,-0.0553644894543236,0.0028622534084164243,0.0023478730662037997,0.0005143803422126246,0.11261942642044404,0.20135567194190632,0.20135567194190632,0.04579605453466279,0.007574981405880535,1.3576873616346143,0.00371006680002411,0.2914285957813263,0.016795653849840164,0.023478730662037997,0.0030862820532757476,d_final,hover
2.0300000000000002,2.04,STEP,STEP,0.0,0.0,1.0,0.0,0.0,1.0,-0.017561260610818863,-0.045160550624132156,0.022679954767227173,-0.38831979036331177,-0.1288033276796341,0.18431799113750458,0.9976012706756592,-0.05789625644683838,0.020868973806500435,0.031689323484897614,-0.3429344594478607,1.0879496335983276,-0.23758962750434875,0.06087266281247139,0.9981455206871033,0.205416738986969,-0.25143739581108093,0.055103082209825516,0.008740164339542389,0.205416738986969,-0.25143739581108093,0.055103082209825516,0.008740164339542389,-0.057108732820445596,False,False,2.0300000000000002,absolute,0.0,0.0,0.0,0.0,0.0,0.0,-0.31807474205303704,0.05183886506790377,0.0935981674863865,-0.31434185052819136,0.06287602468191791,0.08773765790214894,-0.017561260610818863,-0.045160550624132156,0.022679954767227173,-0.38831979036331177,-0.1288033276796341,0.18431799113750458,0.9976012706756592,-0.05789625644683838,0.020868973806500435,0.031689323484897614,-0.3429344594478607,1.0879496335983276,-0.23758962750434875,0.06087266281247139,0.9981455206871033,-0.38831979036331177,-0.1288033276796341,0.18431799113750458,-0.01756126017157047,-0.045160549237030015,1.0226799546342717,0.9976012710361694,-0.057896257633368316,0.02086897350113101,0.031689325080837896,-0.31807474205303704,0.05183886506790377,0.0935981674863865,-0.3429344535230083,1.0879496727012938,-0.2375896291731554,0.07024504068628187,0.18064219694812006,-0.090719818537087,position_error,position_error,position_error,0.0828799448703289,0.1783056001743983,-0.09431963661371068,-0.39722179539852026,-0.1154295754924804,0.1820572945158596,-0.020719986217582226,-0.04457640004359958,1.0235799091534277,0.9974614274042879,-0.06025721641574666,0.022724932122401394,0.03038661169756626,-0.31434185052819136,0.06287602468191791,0.08773765790214894,-0.4757129182113021,0.22973919520033692,-0.24998768117878442,0.1122417611285496,0.08093423564291018,0.10736048653965467,0.1293913988586568,0.11530080882609739,0.08893318749930085,0.08486652572207473,0.1162279446909572,0.0015406255424022673,-0.0018857804685831069,5.510308220982552e-05,0.42992788216977124,-0.00011099793863171125,-0.0020410102196537303,-2.966315799399037e-05,0.40532846673843015,1651.5352884688268,1438.9525960514898,1404.488768448096,1658.7291888823445,-0.027499805391141628,-0.0010212700006221628,-0.024884128020851277,-0.0003415767191055571,-0.0033619526887249743,-0.0,-0.0,0.0,-0.057108732820445596,0.0029723853853877236,0.0024163732697038216,0.000556012115683902,0.11046209008744347,0.20425400012443257,0.20425400012443257,0.04755816616620358,0.008294709340283759,0.3415767191055571,0.0033619526887249743,0.10852953791618347,0.11668074131011963,0.024163732697038216,0.0033360726941034117,d_final,hover
2.04,2.05,STEP,STEP,0.0,0.0,1.0,0.0,0.0,1.0,-0.0207199864089489,-0.04457639902830124,0.023579908534884453,-0.39722180366516113,-0.11542957276105881,0.18205729126930237,0.9974614381790161,-0.060257215052843094,0.022724932059645653,0.030386611819267273,-0.47571292519569397,0.22973918914794922,-0.2499876767396927,0.057949863374233246,0.9983195066452026,0.2992306351661682,0.3578701615333557,0.11579207330942154,0.14098785817623138,0.2992306351661682,0.3578701615333557,0.11579207330942154,0.14098785817623138,-0.059258033261484426,False,False,2.04,absolute,0.0,0.0,0.0,0.0,0.0,0.0,-0.31434185052819136,0.06287602468191791,0.08773765790214894,-0.3104601904894178,0.07467079290191511,0.08437049422423577,-0.0207199864089489,-0.04457639902830124,0.023579908534884453,-0.39722180366516113,-0.11542957276105881,0.18205729126930237,0.9974614381790161,-0.060257215052843094,0.022724932059645653,0.030386611819267273,-0.47571292519569397,0.22973918914794922,-0.2499876767396927,0.057949863374233246,0.9983195066452026,-0.39722180366516113,-0.11542957276105881,0.18205729126930237,-0.020719986217582226,-0.04457640004359958,1.0235799091534277,0.9974614274042879,-0.06025721641574666,0.022724932122401394,0.03038661169756626,-0.31434185052819136,0.06287602468191791,0.08773765790214894,-0.4757129182113021,0.22973919520033692,-0.24998768117878442,0.0828799448703289,0.1783056001743983,-0.09431963661371068,position_error,position_error,position_error,0.09535990281616628,0.17551021441566647,-0.09773765744792051,-0.4058200933055841,-0.10083942151375136,0.18210815167215627,-0.02383997570404157,-0.04387755360391662,1.0244344143619801,0.9973952807817272,-0.06255001608618725,0.020814974174334845,0.029272618811422912,-0.3104601904894178,0.07467079290191511,0.08437049422423577,-0.4532711144931679,-0.48160325369556933,-0.25657821661764035,0.0940379696382076,0.12224938884240347,0.16373470242347835,0.11602966818402637,0.1113521224138793,0.09472906304811268,0.09805282364818335,0.11619199627461291,0.0022442297637462615,0.0026840262115001676,0.00011579207330942154,0.49605172908811573,0.00028862529636173445,-0.0012290187120840958,-9.005712768337813e-06,0.42032600538478826,1620.7115550869296,1487.1924458583633,1514.4296687364279,1658.4505538369117,-0.02851808514961633,-0.0010401095798361504,-0.026074605973563064,-0.0005032287784467262,-0.003122003780022154,-0.0,-0.0,0.0,-0.059258033261484426,0.003090624757046809,0.0024935841518338685,0.0005970406052129407,0.10907963748696808,0.20802191596723008,0.20802191596723008,0.049449996112748945,0.008691535324521021,0.5032287784467262,0.003122003780022154,0.2508954107761383,0.4012293219566345,0.024935841518338685,0.0035822436312776445,d_final,hover
2.05,2.06,STEP,STEP,0.0,0.0,1.0,0.0,0.0,1.0,-0.023839974775910378,-0.043877553194761276,0.024434413760900497,-0.4058201014995575,-0.10083942115306854,0.18210814893245697,0.9973952770233154,-0.06255001574754715,0.02081497386097908,0.029272619634866714,-0.45327112078666687,-0.4816032648086548,-0.2565782070159912,0.055845823138952255,0.9984394311904907,0.19928422570228577,0.893753707408905,0.1549999713897705,0.19977714121341705,0.19928422570228577,0.893753707408905,0.1549999713897705,0.19977714121341705,-0.060780640522406316,False,False,2.05,absolute,0.0,0.0,0.0,0.0,0.0,0.0,-0.3104601904894178,0.07467079290191511,0.08437049422423577,-0.30699328905466006,0.087303543471216,0.08462988529137143,-0.023839974775910378,-0.043877553194761276,0.024434413760900497,-0.4058201014995575,-0.10083942115306854,0.18210814893245697,0.9973952770233154,-0.06255001574754715,0.02081497386097908,0.029272619634866714,-0.45327112078666687,-0.4816032648086548,-0.2565782070159912,0.055845823138952255,0.9984394311904907,-0.4058201014995575,-0.10083942115306854,0.18210814893245697,-0.02383997570404157,-0.04387755360391662,1.0244344143619801,0.9973952807817272,-0.06255001608618725,0.020814974174334845,0.029272618811422912,-0.3104601904894178,0.07467079290191511,0.08437049422423577,-0.4532711144931679,-0.48160325369556933,-0.25657821661764035,0.09535990281616628,0.17551021441566647,-0.09773765744792051,position_error,position_error,position_error,0.107693172553026,0.17222272411937567,-0.10110669802315808,-0.4146864616076861,-0.08491918064815968,0.18573658331452952,-0.0269232931382565,-0.04305568102984392,1.0252766745057895,0.9973953263272883,-0.06413052183644857,0.017072808057943062,0.028255236939084546,-0.30699328905466006,0.087303543471216,0.08462988529137143,-0.2985014352235489,-0.7553449861120498,-0.2560311938918364,0.07991751446394194,0.16166818402330158,0.1958528064782819,0.08800786564118315,0.10541662357121999,0.10612948658923735,0.11454324237852484,0.11091104866559164,0.0014946316927671433,0.006703152805566787,0.0001549999713897705,0.5254463706067085,0.0004917237351417694,0.00015361948072275698,1.734082432780016e-05,0.4370004012045738,1573.7767958190245,1579.4541225067146,1645.6451107374978,1617.2493062174838,-0.02962001546795129,-0.0010683710353200642,-0.026425227635991443,-0.0007252011271208105,-0.0029418252560227095,-0.0,-0.0,0.0,-0.060780640522406316,0.0032175656564237807,0.002578655382352151,0.0006389102740716299,0.10902900571165926,0.21367420706401283,0.21367420706401283,0.05148105050278049,0.008808409211997147,0.7252011271208104,0.0029418252560227095,0.9024457931518555,0.30215391516685486,0.025786553823521508,0.0038334616444297793,d_final,hover
2.06,2.07,STEP,STEP,0.0,0.0,1.0,0.0,0.0,1.0,-0.026923293247818947,-0.04305567964911461,0.025276673957705498,-0.4146864712238312,-0.08491917699575424,0.18573658168315887,0.9973953366279602,-0.0641305223107338,0.017072807997465134,0.028255237266421318,-0.2985014319419861,-0.7553449869155884,-0.25603118538856506,0.05421200767159462,0.9985294342041016,0.10329684615135193,1.0,0.15524005889892578,0.1824265867471695,0.10329684615135193,1.0,0.15524005889892578,0.1824265867471695,-0.061309113980866276,False,False,2.06,absolute,0.0,0.0,0.0,0.0,0.0,0.0,-0.30699328905466006,0.087303543471216,0.08462988529137143,-0.3041400210276923,0.10057305719604867,0.08813754812630176,-0.026923293247818947,-0.04305567964911461,0.025276673957705498,-0.4146864712238312,-0.08491917699575424,0.18573658168315887,0.9973953366279602,-0.0641305223107338,0.017072807997465134,0.028255237266421318,-0.2985014319419861,-0.7553449869155884,-0.25603118538856506,0.05421200767159462,0.9985294342041016,-0.4146864712238312,-0.08491917699575424,0.18573658168315887,-0.0269232931382565,-0.04305568102984392,1.0252766745057895,0.9973953263272883,-0.06413052183644857,0.017072808057943062,0.028255236939084546,-0.30699328905466006,0.087303543471216,0.08462988529137143,-0.2985014352235489,-0.7553449861120498,-0.2560311938918364,0.107693172553026,0.17222272411937567,-0.10110669802315808,position_error,position_error,position_error,0.11990269465528192,0.16841369587957467,-0.10456692237430598,-0.4240427156829742,-0.067840638683526,0.19270447050060774,-0.02997567366382048,-0.042103423969893666,1.0261417305935765,0.9974308875039467,-0.06472081578513571,0.014253352752367091,0.02719710632608469,-0.3041400210276923,0.10057305719604867,0.08813754812630176,-0.0865810474231228,-0.46492533314516504,-0.24747173144543977,0.07721473360781445,0.17021442294837144,0.19423815810414002,0.07510377871325886,0.10009899151118909,0.11717624920220066,0.12829777472629847,0.10409912492819359,0.0007747263461351394,0.0075,0.0001552400588989258,0.5167710933735847,0.0005346262518626721,0.0014593097092777119,4.230106911613427e-05,0.44967214036788183,1531.0535222589663,1666.070868039873,1751.0218891686595,1563.2537384848513,-0.030812733686447567,-0.0011077479496585,-0.026351652363461292,-0.0002848941010376316,-0.002752085880261288,-0.0,-0.0,0.0,-0.061309113980866276,0.0033546294000156105,0.002671239321588477,0.0006833900784271334,0.11038431961420093,0.2215495899317,0.2215495899317,0.05367407040024977,0.008783884121153765,0.2848941010376316,0.002752085880261288,1.0680491924285889,0.020802950486540794,0.02671239321588477,0.0041003404705628,d_final,hover
2.07,2.08,STEP,STEP,0.0,0.0,1.0,0.0,0.0,1.0,-0.02997567318379879,-0.04210342466831207,0.026141731068491936,-0.4240427017211914,-0.06784063577651978,0.1927044689655304,0.9974308609962463,-0.06472081691026688,0.014253352768719196,0.027197105810046196,-0.0865810438990593,-0.4649253189563751,-0.24747173488140106,0.05243626609444618,0.9986242651939392,0.057227972894907,0.9152480363845825,0.1324552595615387,0.17910537123680115,0.057227972894907,0.9152480363845825,0.1324552595615387,0.17910537123680115,-0.0620728713893145,False,False,2.07,absolute,0.0,0.0,0.0,0.0,0.0,0.0,-0.3041400210276923,0.10057305719604867,0.08813754812630176,-0.30153590259163165,0.11421628402875826,0.09431104791023015,-0.02997567318379879,-0.04210342466831207,0.026141731068491936,-0.4240427017211914,-0.06784063577651978,0.1927044689655304,0.9974308609962463,-0.06472081691026688,0.014253352768719196,0.027197105810046196,-0.0865810438990593,-0.4649253189563751,-0.24747173488140106,0.05243626609444618,0.9986242651939392,-0.4240427017211914,-0.06784063577651978,0.1927044689655304,-0.02997567366382048,-0.042103423969893666,1.0261417305935765,0.9974308875039467,-0.06472081578513571,0.014253352752367091,0.02719710632608469,-0.3041400210276923,0.10057305719604867,0.08813754812630176,-0.0865810474231228,-0.46492533314516504,-0.24747173144543977,0.11990269465528192,0.16841369587957467,-0.10456692237430598,position_error,position_error,position_error,0.13200615547356664,0.1640641484926895,-0.10823268913828787,-0.4335420580651983,-0.04984786446393123,0.20254373704851802,-0.03300153886839166,-0.04101603712317237,1.027058172284572,0.9974807853736832,-0.06431176845792037,0.014885081037949803,0.025971399858476834,-0.30153590259163165,0.11421628402875826,0.09431104791023015,0.13243497029796816,0.31157678192395827,-0.23220951521897107,0.08277851456806988,0.16870672687340516,0.18592616086415553,0.07769908331277,0.09688150966993017,0.12618519038769457,0.13841714592876728,0.09913213348861791,0.0004292097967118025,0.006864360272884369,0.0001324552595615387,0.5151104856184006,0.0005120315932643305,0.002424953246598041,5.9289110430966584e-05,0.46061597947500993,1504.8647985312002,1735.0386228646364,1826.704667148865,1523.2116791016572,-0.03210703681400367,-0.0011573374556030072,-0.026145415198148968,-0.0001685403713501431,-0.0024945415502087127,-0.0,-0.0,0.0,-0.0620728713893145,0.003503561556352998,0.0027714168689714196,0.0007321446873815786,0.11286383384701366,0.23146749112060144,0.23146749112060144,0.05605698490164797,0.00871513839938299,0.1685403713501431,0.0024945415502087127,0.8905771374702454,0.009835413657128811,0.027714168689714196,0.004392868124289472,d_final,hover
2.08,2.09,STEP,STEP,0.0,0.0,1.0,0.0,0.0,1.0,-0.03300153836607933,-0.04101603850722313,0.027058172971010208,-0.43354207277297974,-0.049847863614559174,0.2025437355041504,0.9974808096885681,-0.06431176513433456,0.014885080978274345,0.02597139962017536,0.13243496417999268,0.311576783657074,-0.23220951855182648,0.04992462322115898,0.998753011226654,0.061919573694467545,0.3208429515361786,0.06564569473266602,0.1108914464712143,0.061919573694467545,0.3208429515361786,0.06564569473266602,0.1108914464712143,-0.06508306446138135,False,False,2.08,absolute,0.0,0.0,0.0,0.0,0.0,0.0,-0.30153590259163165,0.11421628402875826,0.09431104791023015,-0.29832726491421374,0.12789658635055468,0.10197491767714455,-0.03300153836607933,-0.04101603850722313,0.027058172971010208,-0.43354207277297974,-0.049847863614559174,0.2025437355041504,0.9974808096885681,-0.06431176513433456,0.014885080978274345,0.02597139962017536,0.13243496417999268,0.311576783657074,-0.23220951855182648,0.04992462322115898,0.998753011226654,-0.43354207277297974,-0.049847863614559174,0.2025437355041504,-0.03300153886839166,-0.04101603712317237,1.027058172284572,0.9974807853736832,-0.06431176845792037,0.014885081037949803,0.025971399858476834,-0.30153590259163165,0.11421628402875826,0.09431104791023015,0.13243497029796816,0.31157678192395827,-0.23220951521897107,0.13200615547356664,0.1640641484926895,-0.10823268913828787,position_error,position_error,position_error,0.14399419065595534,0.15916672650794095,-0.11218643694794928,-0.4423214555701691,-0.03127014015738627,0.21416135462509384,-0.035998547663988835,-0.03979168162698524,1.0280466092369873,0.9975056346528122,-0.06296121755831316,0.020444040443441884,0.024503777868166148,-0.29832726491421374,0.12789658635055468,0.10197491767714455,0.34524861992505385,1.3230634037730127,-0.21373978966307722,0.1027145037900542,0.13121963227678676,0.14331298970760345,0.10375639746116282,0.0979309794983397,0.12709407293882996,0.1393017530975339,0.09996555651651248,0.00046439680270850655,0.002406322136521339,6.564569473266602e-05,0.4810035232356072,0.0005035350024884771,0.002421792398710545,6.042823265475501e-05,0.46429236205121605,1513.4363718392772,1741.9232974853433,1833.2569835811505,1529.9726766314247,-0.03351240734435188,-0.0012124558876901545,-0.026292442236469975,-0.0019153780776488007,-0.002150380915220528,-0.0,-0.0,0.0,-0.06508306446138135,0.0036658856503120926,0.0028792733606198303,0.0007866122896922624,0.11575557762658076,0.2424911775380309,0.2424911775380309,0.05865417040499348,0.008764147412156658,1.9153780776488007,0.002150380915220528,0.12338050454854965,0.3624560534954071,0.028792733606198304,0.0047196737381535745,d_final,hover
2.09,2.1,STEP,STEP,0.0,0.0,1.0,0.0,0.0,1.0,-0.035998549312353134,-0.03979168087244034,0.028046609833836555,-0.44232144951820374,-0.031270138919353485,0.21416135132312775,0.9975056052207947,-0.06296122074127197,0.02044404111802578,0.02450377866625786,0.34524860978126526,1.3230633735656738,-0.2137397825717926,0.046355582773685455,0.9989250302314758,0.014205101877450943,-0.33779099583625793,-0.003924073651432991,-0.038101889193058014,0.014205101877450943,-0.33779099583625793,-0.003924073651432991,-0.038101889193058014,-0.07079936521967618,False,False,2.09,absolute,0.0,0.0,0.0,0.0,0.0,0.0,-0.29832726491421374,0.12789658635055468,0.10197491767714455,-0.29356267010235293,0.14107817996534264,0.10830183846300195,-0.035998549312353134,-0.03979168087244034,0.028046609833836555,-0.44232144951820374,-0.031270138919353485,0.21416135132312775,0.9975056052207947,-0.06296122074127197,0.02044404111802578,0.02450377866625786,0.34524860978126526,1.3230633735656738,-0.2137397825717926,0.046355582773685455,0.9989250302314758,-0.44232144951820374,-0.031270138919353485,0.21416135132312775,-0.035998547663988835,-0.03979168162698524,1.0280466092369873,0.9975056346528122,-0.06296121755831316,0.020444040443441884,0.024503777868166148,-0.29832726491421374,0.12789658635055468,0.10197491767714455,0.34524861992505385,1.3230634037730127,-0.21373978966307722,0.14399419065595534,0.15916672650794095,-0.11218643694794928,position_error,position_error,position_error,0.15581919846655223,0.1537321282156346,-0.116425684724482,-0.44938186856890516,-0.012653948250291952,0.22472752318748396,-0.03895479961663806,-0.03843303205390865,1.0291064211811205,0.9974282763376473,-0.060706639513813304,0.03051020664770869,0.022818079922817366,-0.29356267010235293,0.14107817996534264,0.10830183846300195,0.5431671844882716,2.1725948629530776,-0.19669421406206394,0.11862245730330327,0.08312427736942707,0.08430066116851365,0.12045945956222708,0.10159337688003181,0.11872808845089751,0.12877953535385583,0.10359642221136711,0.00010653826408088207,-0.0025334324687719344,-3.924073651432991e-06,0.40650685540347103,0.00042618657294345164,0.0014961466927406455,4.780750533544067e-05,0.4526974228961522,1543.1281758718865,1678.049851499939,1754.6573745877683,1559.2280343224188,-0.035028846184128624,-0.001263033229413915,-0.0276970127444758,-0.005053887642680511,-0.0017565854189773259,-0.0,-0.0,0.0,-0.07079936521967618,0.0038417581200019743,0.002994574366029194,0.0008471837539727801,0.11781138235442268,0.252606645882783,0.252606645882783,0.06146812992003159,0.009232337581491933,5.053887642680511,0.0017565854189773259,0.11577169597148895,0.46311432123184204,0.029945743660291943,0.0050831025238366806,d_final,hover
2.1,2.11,STEP,STEP,0.0,0.0,1.0,0.0,0.0,1.0,-0.03895479813218117,-0.03843303024768829,0.029106421396136284,-0.44938185811042786,-0.012653947807848454,0.22472752630710602,0.997428297996521,-0.06070663779973984,0.030510205775499344,0.022818079218268394,0.5431671738624573,2.1725947856903076,-0.19669421017169952,0.04189936816692352,0.9991218447685242,-0.03429919108748436,-0.5425885319709778,-0.0266229510307312,-0.1332048773765564,-0.03429919108748436,-0.5425885319709778,-0.0266229510307312,-0.1332048773765564,-0.07780099693479951,False,False,2.1,absolute,0.0,0.0,0.0,0.0,0.0,0.0,-0.29356267010235293,0.14107817996534264,0.10830183846300195,-0.28665104634377664,0.15330957809877746,0.110841576448869,-0.03895479813218117,-0.03843303024768829,0.029106421396136284,-0.44938185811042786,-0.012653947807848454,0.22472752630710602,0.997428297996521,-0.06070663779973984,0.030510205775499344,0.022818079218268394,0.5431671738624573,2.1725947856903076,-0.19669421017169952,0.04189936816692352,0.9991218447685242,-0.44938185811042786,-0.012653947807848454,0.22472752630710602,-0.03895479961663806,-0.03843303205390865,1.0291064211811205,0.9974282763376473,-0.060706639513813304,0.03051020664770869,0.022818079922817366,-0.29356267010235293,0.14107817996534264,0.10830183846300195,0.5431671844882716,2.1725948629530776,-0.19669421406206394,0.15581919846655223,0.1537321282156346,-0.116425684724482,position_error,position_error,position_error,0.16740314934295686,0.14779200056495154,-0.1208326800092312,-0.4540541956867335,0.005517577533825924,0.2316742564581002,-0.041850787335739215,-0.036948000141237884,1.0302081700023078,0.997178806517341,-0.05767987422974487,0.043196297398477,0.021012849225049656,-0.28665104634377664,0.15330957809877746,0.110841576448869,0.6982043377033549,2.6089334336705345,-0.18405625011789367,0.11921273072933111,0.06390296340632132,0.05802396078252887,0.11781570639354055,0.10472552867678192,0.10801652167664898,0.11470539699816526,0.10613413043725411,-0.0002572439331561327,-0.004069413989782333,-2.66229510307312e-05,0.35895536131172184,0.0002862863022337031,0.00041939018677131365,3.136482495260187e-05,0.4335815777888503,1568.2618711955465,1594.4283847324791,1646.9068011868064,1579.4910693536638,-0.036641632359911816,-0.0012993430869399092,-0.031157328000581144,-0.007327899661719166,-0.0013747938256474799,-0.0,-0.0,0.0,-0.07780099693479951,0.004029176649946514,0.003116643115058185,0.0009125335348883288,0.1179585041764776,0.25986861738798184,0.25986861738798184,0.06446682639914422,0.010385776000193714,7.327899661719166,0.0013747938256474799,0.31403106451034546,0.05385451391339302,0.031166431150581847,0.0054752012093299725,d_final,hover
2.11,2.12,STEP,STEP,0.0,0.0,1.0,0.0,0.0,1.0,-0.04185078665614128,-0.03694799914956093,0.030208170413970947,-0.45405420660972595,0.00551757775247097,0.23167425394058228,0.9971787929534912,-0.05767987295985222,0.04319629818201065,0.02101285010576248,0.6982043385505676,2.608933448791504,-0.18405625224113464,0.037069715559482574,0.999312698841095,-0.040144797414541245,-0.5610408186912537,-0.03613130748271942,-0.17044883966445923,-0.040144797414541245,-0.5610408186912537,-0.03613130748271942,-0.17044883966445923,-0.08488255858287633,False,False,2.11,absolute,0.0,0.0,0.0,0.0,0.0,0.0,-0.28665104634377664,0.15330957809877746,0.110841576448869,-0.277475503668824,0.1644179220562391,0.1089189444120345,-0.04185078665614128,-0.03694799914956093,0.030208170413970947,-0.45405420660972595,0.00551757775247097,0.23167425394058228,0.9971787929534912,-0.05767987295985222,0.04319629818201065,0.02101285010576248,0.6982043385505676,2.608933448791504,-0.18405625224113464,0.037069715559482574,0.999312698841095,-0.45405420660972595,0.00551757775247097,0.23167425394058228,-0.041850787335739215,-0.036948000141237884,1.0302081700023078,0.997178806517341,-0.05767987422974487,0.043196297398477,0.021012849225049656,-0.28665104634377664,0.15330957809877746,0.110841576448869,0.6982043377033549,2.6089334336705345,-0.18405625011789367,0.16740314934295686,0.14779200056495154,-0.1208326800092312,position_error,position_error,position_error,0.1786560230556735,0.14138937219256423,-0.1252341503677208,-0.4561315267244975,0.023028549863674863,0.23415309477975527,-0.04466400576391837,-0.03534734304814106,1.0313085375919302,0.9967579809521596,-0.05410075645273368,0.05637557527854409,0.019194532331623066,-0.277475503668824,0.1644179220562391,0.1089189444120345,0.7978487260719758,2.625672095038541,-0.17633056118943674,0.11544565481941987,0.0589790748714373,0.05167967941575158,0.11422897106116169,0.10664601173689284,0.09841893896940947,0.10209673316483492,0.10758856822739843,-0.0003010859806090593,-0.004207806140184402,-3.6131307482719425e-05,0.3403333801677704,0.00016335249850109182,-0.00048503198633130734,1.6247311967224022e-05,0.41475025209853567,1583.5607015423375,1517.4119950987285,1547.1830182140882,1591.039249407808,-0.03832442787129483,-0.0013170697778789092,-0.03663058402046877,-0.007561809007168137,-0.0010486679060656633,-0.0,-0.0,0.0,-0.08488255858287633,0.004224532597587606,0.0032443080714422996,0.0009802245261453064,0.11588924468139093,0.26341395557578184,0.26341395557578184,0.06759252156140169,0.012210194673489591,7.5618090071681365,0.0010486679060656633,0.3467366695404053,0.0018521796446293592,0.03244308071442299,0.005881347156871839,d_final,hover
2.12,2.13,STEP,STEP,0.0,0.0,1.0,0.0,0.0,1.0,-0.04466400668025017,-0.0353473424911499,0.03130853921175003,-0.4561315178871155,0.023028550669550896,0.23415309190750122,0.996757984161377,-0.05410075560212135,0.05637557432055473,0.019194532185792923,0.7978487014770508,2.6256721019744873,-0.17633056640625,0.03237748146057129,0.9994757175445557,-0.051833685487508774,-0.5668196082115173,-0.04165998101234436,-0.17242702841758728,-0.051833685487508774,-0.5668196082115173,-0.04165998101234436,-0.17242702841758728,-0.09122264210717494,False,False,2.12,absolute,0.0,0.0,0.0,0.0,0.0,0.0,-0.277475503668824,0.1644179220562391,0.1089189444120345,-0.26624840212490863,0.1744197775076696,0.10304626858444517,-0.04466400668025017,-0.0353473424911499,0.03130853921175003,-0.4561315178871155,0.023028550669550896,0.23415309190750122,0.996757984161377,-0.05410075560212135,0.05637557432055473,0.019194532185792923,0.7978487014770508,2.6256721019744873,-0.17633056640625,0.03237748146057129,0.9994757175445557,-0.4561315178871155,0.023028550669550896,0.23415309190750122,-0.04466400576391837,-0.03534734304814106,1.0313085375919302,0.9967579809521596,-0.05410075645273368,0.05637557527854409,0.019194532331623066,-0.277475503668824,0.1644179220562391,0.1089189444120345,0.7978487260719758,2.625672095038541,-0.17633056118943674,0.1786560230556735,0.14138937219256423,-0.1252341503677208,position_error,position_error,position_error,0.18949157803183447,0.13456918219577887,-0.1294613206527444,-0.4557399801567431,0.039850595311890724,0.23250758923718956,-0.04737289450795862,-0.03364229554894472,1.032365330163186,0.9962532305955802,-0.05018926935394724,0.06823571248773587,0.01744778813711328,-0.26624840212490863,0.1744197775076696,0.10304626858444517,0.8475274886259639,2.295133536063735,-0.17300564191177048,0.11589206532519777,0.05927792287030987,0.05027334516195893,0.11390095243373984,0.108305457632445,0.09083403011173159,0.09179722466010276,0.10872504603297152,-0.0003887526411563158,-0.0042511470615863795,-4.165998101234436e-05,0.3393442857912064,4.8888291158277145e-05,-0.0012161854446325975,3.229020518197268e-06,0.3996617584372509,1596.7143524586963,1454.8828469092025,1462.913512980353,1600.0308186033726,-0.04004503941807948,-0.001316733892564352,-0.043050451301952126,-0.006015871744474362,-0.000794545750104628,-0.0,-0.0,0.0,-0.09122264210717494,0.0044235097804367655,0.0033759951838647217,0.001047514596572044,0.11192900388906964,0.26334677851287036,0.26334677851287036,0.07077615648698825,0.014350150433984042,6.015871744474362,0.000794545750104628,0.35543784499168396,0.00020450397278182209,0.03375995183864722,0.006285087579432264,d_final,hover
2.13,2.14,STEP,STEP,0.0,0.0,1.0,0.0,0.0,1.0,-0.04737289622426033,-0.03364229574799538,0.032365329563617706,-0.45573997497558594,0.03985059633851051,0.232507586479187,0.996253252029419,-0.050189267843961716,0.06823571026325226,0.017447788268327713,0.8475275039672852,2.295133590698242,-0.17300564050674438,0.0281839556992054,0.999602735042572,-0.0798349380493164,-0.57066410779953,-0.044513314962387085,-0.14535993337631226,-0.0798349380493164,-0.57066410779953,-0.044513314962387085,-0.14535993337631226,-0.09592992646862845,False,False,2.13,absolute,0.0,0.0,0.0,0.0,0.0,0.0,-0.26624840212490863,0.1744197775076696,0.10304626858444517,-0.25335140853908333,0.18342763896645262,0.0943613724484075,-0.04737289622426033,-0.03364229574799538,0.032365329563617706,-0.45573997497558594,0.03985059633851051,0.232507586479187,0.996253252029419,-0.050189267843961716,0.06823571026325226,0.017447788268327713,0.8475275039672852,2.295133590698242,-0.17300564050674438,0.0281839556992054,0.999602735042572,-0.45573997497558594,0.03985059633851051,0.232507586479187,-0.04737289450795862,-0.03364229554894472,1.032365330163186,0.9962532305955802,-0.05018926935394724,0.06823571248773587,0.01744778813711328,-0.26624840212490863,0.1744197775076696,0.10304626858444517,0.8475274886259639,2.295133536063735,-0.17300564191177048,0.18949157803183447,0.13456918219577887,-0.1294613206527444,position_error,position_error,position_error,0.1998365628472969,0.12737321999826717,-0.1333819136165708,-0.45318797138638023,0.05605441896818544,0.22774328606497832,-0.049959140711824224,-0.03184330499956679,1.0333454784041427,0.9958108588428382,-0.046175545525101565,0.07731600973952683,0.01583625726318934,-0.25335140853908333,0.18342763896645262,0.0943613724484075,0.846645984562026,1.6853994394161003,-0.17341980486876102,0.12084425463648349,0.0640625171370993,0.0518477499855675,0.11612331155269363,0.1105492819909548,0.08574598220135554,0.08397421940847845,0.11005572361606714,-0.000598762035369873,-0.004279980808496475,-4.451331496238709e-05,0.3528778333118439,-8.009042988632326e-05,-0.0017990322453205797,-7.592534242857152e-06,0.39032520721685593,1614.4066219078402,1411.9876624896278,1396.8536147981317,1610.5240050607629,-0.041770643719599765,-0.00130194219821419,-0.04865967819950001,-0.0035874551222798267,-0.0006102072290346524,-0.0,-0.0,0.0,-0.09592992646862845,0.004621832743960436,0.003509911813959288,0.0011119209300011475,0.10673670355589188,0.260388439642838,0.260388439642838,0.07394932390336698,0.01621989273316667,3.5874551222798265,0.0006102072290346524,0.35514208674430847,0.001539619523100555,0.03509911813959288,0.006671525580006885,d_final,hover
2.14,2.15,STEP,STEP,0.0,0.0,1.0,0.0,0.0,1.0,-0.04995914176106453,-0.03184330463409424,0.033345479518175125,-0.4531879723072052,0.05605442076921463,0.22774328291416168,0.995810866355896,-0.04617554694414139,0.07731600850820541,0.015836257487535477,0.8466460108757019,1.6853994131088257,-0.1734198033809662,0.02469986118376255,0.9996948838233948,-0.09704631567001343,-0.48722222447395325,-0.04128969460725784,-0.08269648998975754,-0.09704631567001343,-0.48722222447395325,-0.04128969460725784,-0.08269648998975754,-0.09826976152433864,False,False,2.14,absolute,0.0,0.0,0.0,0.0,0.0,0.0,-0.25335140853908333,0.18342763896645262,0.0943613724484075,-0.2392162982045704,0.19162133848488694,0.08454030836340565,-0.04995914176106453,-0.03184330463409424,0.033345479518175125,-0.4531879723072052,0.05605442076921463,0.22774328291416168,0.995810866355896,-0.04617554694414139,0.07731600850820541,0.015836257487535477,0.8466460108757019,1.6853994131088257,-0.1734198033809662,0.02469986118376255,0.9996948838233948,-0.4531879723072052,0.05605442076921463,0.22774328291416168,-0.049959140711824224,-0.03184330499956679,1.0333454784041427,0.9958108588428382,-0.046175545525101565,0.07731600973952683,0.01583625726318934,-0.25335140853908333,0.18342763896645262,0.0943613724484075,0.846645984562026,1.6853994394161003,-0.17341980486876102,0.1998365628472969,0.12737321999826717,-0.1333819136165708,position_error,position_error,position_error,0.20963451834177427,0.11983712742064805,-0.13692191994169445,-0.4488508165463447,0.07178421106423889,0.2214622283051001,-0.05240862958544357,-0.02995928185516201,1.0342304799854236,0.9955857185142349,-0.04231359620494926,0.08252954518418484,0.014405236492008753,-0.2392162982045704,0.19162133848488694,0.08454030836340565,0.7929924966282268,0.8747596843595637,-0.1766772632344641,0.12530042265484434,0.07709776974695293,0.06332879132858685,0.11848257127473719,0.11318491762477147,0.08415523390325479,0.08008176082623614,0.11157012675268353,-0.0007278473675251006,-0.003654166683554649,-4.1289694607257844e-05,0.3842095550051213,-0.00020110857192066336,-0.00213961564530377,-1.4604572297288536e-05,0.3889920391069459,1635.0564022432866,1398.404690568776,1363.2199833258112,1622.421343177144,-0.04347258480320763,-0.0012783277351914794,-0.05160939751262342,-0.001425256460433532,-0.00048419501288258165,-0.0,-0.0,0.0,-0.09826976152433864,0.004815948784333757,0.0036442230243012705,0.0011717257600324866,0.10109023842761729,0.25566554703829586,0.25566554703829586,0.07705518054934012,0.017203132504207807,1.425256460433532,0.00048419501288258165,0.25534704327583313,0.011195878498256207,0.036442230243012706,0.007030354560194919,d_final,hover
2.15,2.16,STEP,STEP,0.0,0.0,1.0,0.0,0.0,1.0,-0.05240862816572189,-0.029959281906485558,0.03423048183321953,-0.4488508105278015,0.07178421318531036,0.22146223485469818,0.9955857396125793,-0.0423135943710804,0.08252954483032227,0.014405236579477787,0.7929924726486206,0.8747596740722656,-0.17667725682258606,0.022002656012773514,0.9997578859329224,-0.1027841567993164,-0.14585144817829132,-0.007684614509344101,0.0211636945605278,-0.1027841567993164,-0.14585144817829132,-0.007684614509344101,0.0211636945605278,-0.09813333320763865,False,False,2.15,absolute,0.0,0.0,0.0,0.0,0.0,0.0,-0.2392162982045704,0.19162133848488694,0.08454030836340565,-0.2242626327494222,0.19922610222579773,0.07572141358233463,-0.05240862816572189,-0.029959281906485558,0.03423048183321953,-0.4488508105278015,0.07178421318531036,0.22146223485469818,0.9955857396125793,-0.0423135943710804,0.08252954483032227,0.014405236579477787,0.7929924726486206,0.8747596740722656,-0.17667725682258606,0.022002656012773514,0.9997578859329224,-0.4488508105278015,0.07178421318531036,0.22146223485469818,-0.05240862958544357,-0.02995928185516201,1.0342304799854236,0.9955857185142349,-0.04231359620494926,0.08252954518418484,0.014405236492008753,-0.2392162982045704,0.19162133848488694,0.08454030836340565,0.7929924966282268,0.8747596843595637,-0.1766772632344641,0.20963451834177427,0.11983712742064805,-0.13692191994169445,position_error,position_error,position_error,0.21884610465439291,0.11198817844838474,-0.14008591582644403,-0.4431087374038151,0.08723792377741299,0.21580732940877867,-0.05471152616359823,-0.027997044612096185,1.035021478956611,0.9956674497741645,-0.03884764835422596,0.08344855640410369,0.01317300693195257,-0.2242626327494222,0.19922610222579773,0.07572141358233463,0.6919651020578675,0.012849405896729288,-0.18098641915519995,0.12189750591232754,0.10707432841928795,0.0955254646546273,0.11164234829402116,0.11475091004340567,0.08817699344858725,0.0828134569422176,0.1115832173017933,-0.000770881175994873,-0.001093885861337185,-7.6846145093441e-06,0.43613964728026394,-0.00030162161006240355,-0.001956675698722604,-1.3043311962658306e-05,0.3973245777360038,1647.260838380988,1432.5842444186753,1386.8803101537953,1622.5239806063314,-0.04513087995146806,-0.0012526430596757302,-0.05083680809149481,-0.0005117368936164757,-0.0004012652113835716,-0.0,-0.0,0.0,-0.09813333320763865,0.005003689590470145,0.0037771856021617976,0.0012265039883083476,0.09571850073069318,0.25052861193514603,0.25052861193514603,0.08005903344752233,0.016945602697164937,0.5117368936164757,0.0004012652113835716,0.032344184815883636,0.12848316133022308,0.03777185602161798,0.007359023929850085,d_final,hover
2.16,2.17,STEP,STEP,0.0,0.0,1.0,0.0,0.0,1.0,-0.05471152439713478,-0.02799704484641552,0.03502148017287254,-0.4431087374687195,0.08723792433738708,0.21580733358860016,0.9956674575805664,-0.03884764760732651,0.08344855904579163,0.013173006474971771,0.6919651031494141,0.012849406339228153,-0.1809864193201065,0.020030265673995018,0.999799370765686,-0.1301911473274231,0.5138861536979675,0.07165797054767609,0.12374056875705719,-0.1301911473274231,0.5138861536979675,0.07165797054767609,0.12374056875705719,-0.09606117196711952,False,False,2.16,absolute,0.0,0.0,0.0,0.0,0.0,0.0,-0.2242626327494222,0.19922610222579773,0.07572141358233463,-0.20894523320096917,0.20644373860914908,0.06971491346188403,-0.05471152439713478,-0.02799704484641552,0.03502148017287254,-0.4431087374687195,0.08723792433738708,0.21580733358860016,0.9956674575805664,-0.03884764760732651,0.08344855904579163,0.013173006474971771,0.6919651031494141,0.012849406339228153,-0.1809864193201065,0.020030265673995018,0.999799370765686,-0.4431087374687195,0.08723792433738708,0.21580733358860016,-0.05471152616359823,-0.027997044612096185,1.035021478956611,0.9956674497741645,-0.03884764835422596,0.08344855640410369,0.01317300693195257,-0.2242626327494222,0.19922610222579773,0.07572141358233463,0.6919651020578675,0.012849405896729288,-0.18098641915519995,0.21884610465439291,0.11198817844838474,-0.14008591582644403,position_error,position_error,position_error,0.22744938297142298,0.10384493226619818,-0.14295981687488535,-0.43639461617239217,0.1025988063429509,0.21267473033676937,-0.056862345742855744,-0.025961233066549544,1.0357399542187213,0.9960000648159667,-0.036024892114757456,0.08086486725653796,0.012122346237129685,-0.20894523320096917,0.20644373860914908,0.06971491346188403,0.5435678440863667,-0.6307094940525693,-0.18293601089904094,0.10452423323263525,0.15299879785431844,0.1452216246592954,0.0846834286322796,0.11287676212173511,0.09915553840047396,0.09333761059877263,0.10653986904234536,-0.0009764336049556732,0.0038541461527347564,7.165797054767609e-05,0.48742808437852864,-0.00042973369225097514,-0.0009518797119377016,3.0826537494692274e-06,0.4119097801633271,1632.6492045805237,1523.4017871501378,1475.700177257557,1582.717308098179,-0.04673718582249549,-0.001230986585055327,-0.047021517649784524,-0.0007267260510964026,-0.00034475585868778155,-0.0,-0.0,0.0,-0.09606117196711952,0.005184656313272067,0.00390731198571577,0.0012773443275562971,0.09113729684732803,0.2461973170110654,0.2461973170110654,0.08295450101235308,0.01567383921659484,0.7267260510964026,0.00034475585868778155,0.30147531628608704,0.45282208919525146,0.0390731198571577,0.007664065965337783,d_final,hover
2.17,2.18,STEP,STEP,0.0,0.0,1.0,0.0,0.0,1.0,-0.056862346827983856,-0.02596123330295086,0.0357399545609951,-0.436394602060318,0.10259880870580673,0.21267473697662354,0.9960000514984131,-0.03602489084005356,0.08086486905813217,0.012122346088290215,0.5435678362846375,-0.6307094693183899,-0.18293601274490356,0.018566535785794258,0.9998276233673096,-0.10816365480422974,0.9243295788764954,0.12170141935348511,0.12301640212535858,-0.10816365480422974,0.9243295788764954,0.12170141935348511,0.12301640212535858,-0.09311200970164916,False,False,2.17,absolute,0.0,0.0,0.0,0.0,0.0,0.0,-0.20894523320096917,0.20644373860914908,0.06971491346188403,-0.1937795692045171,0.21338614204243284,0.06666616794912146,-0.056862346827983856,-0.02596123330295086,0.0357399545609951,-0.436394602060318,0.10259880870580673,0.21267473697662354,0.9960000514984131,-0.03602489084005356,0.08086486905813217,0.012122346088290215,0.5435678362846375,-0.6307094693183899,-0.18293601274490356,0.018566535785794258,0.9998276233673096,-0.436394602060318,0.10259880870580673,0.21267473697662354,-0.056862345742855744,-0.025961233066549544,1.0357399542187213,0.9960000648159667,-0.036024892114757456,0.08086486725653796,0.012122346237129685,-0.20894523320096917,0.20644373860914908,0.06971491346188403,0.5435678440863667,-0.6307094940525693,-0.18293601089904094,0.22744938297142298,0.10384493226619818,-0.14295981687488535,position_error,position_error,position_error,0.23544212575385332,0.09541984608700645,-0.14566674168923655,-0.4292216949583704,0.11796629595542639,0.212332909638358,-0.05886053143846333,-0.02385496152175161,1.0364166854223091,0.9963863624642972,-0.034114156517315676,0.07697288161387161,0.011207877423283582,-0.1937795692045171,0.21338614204243284,0.06666616794912146,0.34809928240166405,-0.7866321007843854,-0.17904205836084858,0.08360446431647202,0.17140113430610907,0.17017276343317447,0.06188763900692382,0.10737314884178056,0.11147948847952405,0.10633270934996025,0.09786604098288151,-0.000811227411031723,0.006932471841573715,0.00012170141935348512,0.48706600106267933,-0.0005180881744771037,0.00044451869801048934,2.590035265225151e-05,0.4230513876541464,1589.3317545507712,1621.710592146454,1581.070530549852,1512.906822794768,-0.04829326336711034,-0.0012161628745993537,-0.042531601072986036,-0.0007720192310550984,-0.0002989631558983381,-0.0,-0.0,0.0,-0.09311200970164916,0.005359796327570002,0.00403362135042258,0.0013261749771474227,0.08752854500586203,0.24323257491987074,0.24323257491987074,0.08575674124112004,0.014177200357662012,0.7720192310550984,0.0002989631558983381,0.8960288166999817,0.17145389318466187,0.0403362135042258,0.007957049862884535,d_final,hover
2.18,2.19,STEP,STEP,0.0,0.0,1.0,0.0,0.0,1.0,-0.05886053293943405,-0.02385496161878109,0.036416687071323395,-0.4292216897010803,0.11796629428863525,0.21233290433883667,0.9963863492012024,-0.034114155918359756,0.07697287946939468,0.011207877658307552,0.3480992913246155,-0.7866321206092834,-0.1790420562028885,0.01728968881070614,0.9998505115509033,-0.04046350345015526,0.9902475476264954,0.1403084099292755,0.12252441048622131,-0.04046350345015526,0.9902475476264954,0.1403084099292755,0.12252441048622131,-0.0914277273776309,False,False,2.18,absolute,0.0,0.0,0.0,0.0,0.0,0.0,-0.1937795692045171,0.21338614204243284,0.06666616794912146,-0.17892057092739114,0.22018789314518605,0.06609003543814286,-0.05886053293943405,-0.02385496161878109,0.036416687071323395,-0.4292216897010803,0.11796629428863525,0.21233290433883667,0.9963863492012024,-0.034114155918359756,0.07697287946939468,0.011207877658307552,0.3480992913246155,-0.7866321206092834,-0.1790420562028885,0.01728968881070614,0.9998505115509033,-0.4292216897010803,0.11796629428863525,0.21233290433883667,-0.05886053143846333,-0.02385496152175161,1.0364166854223091,0.9963863624642972,-0.034114156517315676,0.07697288161387161,0.011207877423283582,-0.1937795692045171,0.21338614204243284,0.06666616794912146,0.34809928240166405,-0.7866321007843854,-0.17904205836084858,0.23544212575385332,0.09541984608700645,-0.14566674168923655,position_error,position_error,position_error,0.24283606115304798,0.08672099442740319,-0.14831222455353466,-0.4217566320804391,0.13346689871778286,0.2144022599916775,-0.060709015288261996,-0.021680248606850798,1.0370780561383837,0.9966098693716862,-0.0332677569323487,0.0745282083765994,0.010371633227945749,-0.17892057092739114,0.22018789314518605,0.06609003543814286,0.13537560535515014,-0.38484158716275313,-0.16839967277817466,0.07723984899208013,0.17046199744047966,0.1779806258457442,0.06113753296480674,0.10168032158888038,0.12171496056814077,0.11864248543487368,0.09078204672250575,-0.0003034762758761644,0.007426856607198715,0.00014030840992927551,0.4868200052431107,-0.0004939358662373328,0.0016933304717875195,4.6485250414658816e-05,0.4328198143144006,1543.8290064562077,1700.9871729762015,1677.3901854993117,1454.4486494345222,-0.049804870651259624,-0.0012083019942335834,-0.039967184970813946,-0.00019478805152701656,-0.00025258170979671656,-0.0,-0.0,0.0,-0.0914277273776309,0.0055303999639264145,0.004155617716925284,0.0013747822470011304,0.08486317177291446,0.24166039884671667,0.24166039884671667,0.08848639942282263,0.013322394990271314,0.19478805152701656,0.00025258170979671656,1.0169261693954468,0.009274950250983238,0.04155617716925284,0.008248693482006783,d_final,hover
2.19,2.2,STEP,STEP,0.0,0.0,1.0,0.0,0.0,1.0,-0.060709014534950256,-0.021680248901247978,0.03707805648446083,-0.4217566251754761,0.133466899394989,0.21440225839614868,0.9966098666191101,-0.033267758786678314,0.07452820986509323,0.010371632874011993,0.13537560403347015,-0.38484159111976624,-0.16839967668056488,0.01589214988052845,0.999873697757721,0.0832129716873169,0.7819370031356812,0.14385908842086792,0.1563044786453247,0.0832129716873169,0.7819370031356812,0.14385908842086792,0.1563044786453247,-0.09410826933305932,False,False,2.19,absolute,0.0,0.0,0.0,0.0,0.0,0.0,-0.17892057092739114,0.22018789314518605,0.06609003543814286,-0.163880300635708,0.22706544403039103,0.06812507029975114,-0.060709014534950256,-0.021680248901247978,0.03707805648446083,-0.4217566251754761,0.133466899394989,0.21440225839614868,0.9966098666191101,-0.033267758786678314,0.07452820986509323,0.010371632874011993,0.13537560403347015,-0.38484159111976624,-0.16839967668056488,0.01589214988052845,0.999873697757721,-0.4217566251754761,0.133466899394989,0.21440225839614868,-0.060709015288261996,-0.021680248606850798,1.0370780561383837,0.9966098693716862,-0.0332677569323487,0.0745282083765994,0.010371633227945749,-0.17892057092739114,0.22018789314518605,0.06609003543814286,0.13537560535515014,-0.38484158716275313,-0.16839967277817466,0.24283606115304798,0.08672099442740319,-0.14831222455353466,position_error,position_error,position_error,0.2496337863554185,0.07774900090858046,-0.15099602267346413,-0.41351408699112646,0.14931644312181058,0.21912109297321525,-0.062408446588854624,-0.019437250227145115,1.037749005668366,0.9965150647937453,-0.03336880044120896,0.07584831261810601,0.009554175486065186,-0.163880300635708,0.22706544403039103,0.06812507029975114,-0.03705935122054456,0.44991075462672137,-0.152009137328394,0.08610023921372797,0.15692862731997023,0.17786413132478063,0.08281704146418353,0.09879558044632489,0.1279383809193458,0.12897090502368824,0.0893203450988391,0.0006240972876548767,0.005864527523517608,0.0001438590884208679,0.5037100393226623,-0.0002984920560013334,0.0024321892568666963,6.241609114385964e-05,0.44502521148819807,1520.4764593523655,1748.3075670166074,1756.1005461281925,1442.2061833880684,-0.05127613359396771,-0.0012065167685621513,-0.041198660219395,-0.0002268998604729961,-0.00020005889066146,-0.0,-0.0,0.0,-0.09410826933305932,0.005697608330976904,0.004272620902026573,0.0014249874289503307,0.08305649401251469,0.24130335371243025,0.24130335371243025,0.09116173329563046,0.013732886739798333,0.2268998604729961,0.00020005889066146,0.6634764075279236,0.059842854738235474,0.04272620902026573,0.008549924573701984,d_final,hover
2.2,2.21,STEP,STEP,0.0,0.0,1.0,0.0,0.0,1.0,-0.062408447265625,-0.01943724974989891,0.03774900734424591,-0.41351407766342163,0.1493164449930191,0.21912109851837158,0.9965150356292725,-0.0333687998354435,0.07584831118583679,0.009554175660014153,-0.03705935180187225,0.4499107599258423,-0.15200914442539215,0.014143746346235275,0.9998999834060669,0.2944678068161011,0.12207771092653275,0.11237690597772598,0.07265125215053558,0.2944678068161011,0.12207771092653275,0.11237690597772598,0.07265125215053558,-0.1032635410869457,False,False,2.2,absolute,0.0,0.0,0.0,0.0,0.0,0.0,-0.163880300635708,0.22706544403039103,0.06812507029975114,-0.14795914911725944,0.23410211974879827,0.07150137157946217,-0.062408447265625,-0.01943724974989891,0.03774900734424591,-0.41351407766342163,0.1493164449930191,0.21912109851837158,0.9965150356292725,-0.0333687998354435,0.07584831118583679,0.009554175660014153,-0.03705935180187225,0.4499107599258423,-0.15200914442539215,0.014143746346235275,0.9998999834060669,-0.41351407766342163,0.1493164449930191,0.21912109851837158,-0.062408446588854624,-0.019437250227145115,1.037749005668366,0.9965150647937453,-0.03336880044120896,0.07584831261810601,0.009554175486065186,-0.163880300635708,0.22706544403039103,0.06812507029975114,-0.03705935122054456,0.44991075462672137,-0.152009137328394,0.2496337863554185,0.07774900090858046,-0.15099602267346413,position_error,position_error,position_error,0.2558108891114747,0.06849796719780135,-0.15380072320241656,-0.40377003822873414,0.16560415255099692,0.22530209478187874,-0.06395272227786868,-0.017124491799450338,1.0384501808006041,0.9960227287806086,-0.03388470505702496,0.08194383234360582,0.008703956368893996,-0.14795914911725944,0.23410211974879827,0.07150137157946217,-0.08305667546984123,1.4178550676399386,-0.1313008339151364,0.09810965040617464,0.10159873564629698,0.14229139815146985,0.11988364187132636,0.09867113197275407,0.12304110491217259,0.13136206433496117,0.09465344226396175,0.002208508551120758,0.0009155828319489956,0.00011237690597772598,0.46188342607526783,0.00015214210073833789,0.002159433726593326,7.329157584159052e-05,0.4477277434838496,1519.4643135336726,1711.122684208526,1774.08816613779,1486.5692705059907,-0.0527024874829913,-0.0012060800651323498,-0.04717778937575132,-0.002034451313159168,-0.00014273284991156635,-0.0,-0.0,0.0,-0.1032635410869457,0.005861615309738789,0.004383198906139642,0.0014784164035991471,0.08180815841612842,0.24121601302646994,0.24121601302646994,0.09378584495582062,0.015725929791917104,2.0344513131591677,0.00014273284991156635,0.11952102929353714,0.48803189396858215,0.04383198906139642,0.008870498421594883,d_final,hover
2.21,2.22,STEP,STEP,0.0,0.0,1.0,0.0,0.0,1.0,-0.0639527216553688,-0.017124492675065994,0.03845018148422241,-0.4037700295448303,0.16560415923595428,0.2253021001815796,0.9960227012634277,-0.03388470411300659,0.08194383233785629,0.008703956380486488,-0.08305667340755463,1.4178550243377686,-0.13130083680152893,0.011946801096200943,0.9999286532402039,0.351811021566391,-0.4514428973197937,0.09070200473070145,-0.08323302119970322,0.351811021566391,-0.4514428973197937,0.09070200473070145,-0.08323302119970322,-0.11751988420757774,False,False,2.21,absolute,0.0,0.0,0.0,0.0,0.0,0.0,-0.14795914911725944,0.23410211974879827,0.07150137157946217,-0.13074164314061554,0.24109514821768901,0.07292714774967556,-0.0639527216553688,-0.017124492675065994,0.03845018148422241,-0.4037700295448303,0.16560415923595428,0.2253021001815796,0.9960227012634277,-0.03388470411300659,0.08194383233785629,0.008703956380486488,-0.08305667340755463,1.4178550243377686,-0.13130083680152893,0.011946801096200943,0.9999286532402039,-0.4037700295448303,0.16560415923595428,0.2253021001815796,-0.06395272227786868,-0.017124491799450338,1.0384501808006041,0.9960227287806086,-0.03388470505702496,0.08194383234360582,0.008703956368893996,-0.14795914911725944,0.23410211974879827,0.07150137157946217,-0.08305667546984123,1.4178550676399386,-0.1313008339151364,0.2558108891114747,0.06849796719780135,-0.15380072320241656,position_error,position_error,position_error,0.2613206164395578,0.05896542943752858,-0.15670572151200712,-0.3920622595801733,0.18212971878016043,0.2296328692616827,-0.06533015410988945,-0.014741357359382146,1.0391764303780018,0.995158276241513,-0.033878574230203885,0.09193219035414517,0.0077922918861264645,-0.13074164314061554,0.24109514821768901,0.07292714774967556,0.06584158572462245,2.135199432791444,-0.10694646802662919,0.10508657558629296,0.049568517399059056,0.09451891799683691,0.13476727841795952,0.09982483415945456,0.1081912312926843,0.124438131756039,0.10161543148142299,0.0026385826617479325,-0.0033858217298984527,9.070200473070145e-05,0.38394128940014843,0.0006377157342000988,0.0011026905388543864,8.58704406598344e-05,0.43406962868960086,1528.8323191641753,1595.8108449092854,1721.7688086612368,1543.3059675826566,-0.054062122711163674,-0.001198076522477023,-0.057595712491093305,-0.0045748492792270085,-8.912320361672647e-05,-0.0,-0.0,0.0,-0.11751988420757774,0.0060201293499813355,0.004485336652818915,0.0015347926971624208,0.0805386166241205,0.23961530449540458,0.23961530449540458,0.09632206959970137,0.019198570830364435,4.574849279227008,8.912320361672647e-05,0.34272629022598267,0.35698384046554565,0.04485336652818915,0.009208756182974525,d_final,hover
2.22,2.23,STEP,STEP,0.0,0.0,1.0,0.0,0.0,1.0,-0.0653301551938057,-0.014741357415914536,0.03917643055319786,-0.392062246799469,0.18212972581386566,0.22963286936283112,0.9951582551002502,-0.03387857601046562,0.09193219244480133,0.007792291697114706,0.06584158539772034,2.135199546813965,-0.10694646835327148,0.009440368041396141,0.999955415725708,0.2673526704311371,-0.6334402561187744,0.07036852836608887,-0.17010721564292908,0.2673526704311371,-0.6334402561187744,0.07036852836608887,-0.17010721564292908,-0.13323339508785953,False,False,2.22,absolute,0.0,0.0,0.0,0.0,0.0,0.0,-0.13074164314061554,0.24109514821768901,0.07292714774967556,-0.11212074396758251,0.24770307897606664,0.06999905906325739,-0.0653301551938057,-0.014741357415914536,0.03917643055319786,-0.392062246799469,0.18212972581386566,0.22963286936283112,0.9951582551002502,-0.03387857601046562,0.09193219244480133,0.007792291697114706,0.06584158539772034,2.135199546813965,-0.10694646835327148,0.009440368041396141,0.999955415725708,-0.392062246799469,0.18212972581386566,0.22963286936283112,-0.06533015410988945,-0.014741357359382146,1.0391764303780018,0.995158276241513,-0.033878574230203885,0.09193219035414517,0.0077922918861264645,-0.13074164314061554,0.24109514821768901,0.07292714774967556,0.06584158572462245,2.135199432791444,-0.10694646802662919,0.2613206164395578,0.05896542943752858,-0.15670572151200712,position_error,position_error,position_error,0.26610785390610286,0.049161259824550566,-0.15956790361395434,-0.37822859787368535,0.19854181915151609,0.22956696267721172,-0.06652696347652572,-0.012290314956137641,1.0398919759034886,0.9940584623410899,-0.03243968260990478,0.10367703614665179,0.006820015841822395,-0.11212074396758251,0.24770307897606664,0.06999905906325739,0.3837152015755982,2.3938481737204333,-0.07956214775882703,0.10750259870987633,0.034392192497004155,0.06867277417788373,0.1299366267937713,0.10120371900364845,0.09273912135883185,0.113597746782126,0.10660032877009326,0.002005145028233528,-0.004750801920890808,7.036852836608887e-05,0.3405041921785355,0.0009282538401332212,-5.1872135917073285e-05,9.184437300168509e-05,0.4141409159146996,1539.9850228022663,1470.7402832524767,1638.2783592337648,1583.1977422812524,-0.05531710556018755,-0.0011758835827716382,-0.07080756499191299,-0.005884076570100854,-4.876438288651266e-05,-0.0,-0.0,0.0,-0.13323339508785953,0.0061682584526125605,0.0045768887111280465,0.001591369741484514,0.0788277448318091,0.23517671655432762,0.23517671655432762,0.09869213524180097,0.023602521663970998,5.884076570100854,4.876438288651266e-05,0.5066121816635132,0.04821682721376419,0.045768887111280465,0.009548218448907084,d_final,hover
2.23,2.24,STEP,STEP,0.0,0.0,1.0,0.0,0.0,1.0,-0.06652696430683136,-0.01229031477123499,0.03989197686314583,-0.3782286047935486,0.1985418200492859,0.22956696152687073,0.9940584897994995,-0.03243968263268471,0.10367703437805176,0.006820015609264374,0.3837152123451233,2.393848180770874,-0.07956214994192123,0.006983092986047268,0.9999756217002869,0.1541920006275177,-0.6811709403991699,0.032822079956531525,-0.19376415014266968,0.1541920006275177,-0.6811709403991699,0.032822079956531525,-0.19376415014266968,-0.14729821463689935,False,False,2.23,absolute,0.0,0.0,0.0,0.0,0.0,0.0,-0.11212074396758251,0.24770307897606664,0.06999905906325739,-0.0921735636331062,0.25360394763711697,0.062438745673218596,-0.06652696430683136,-0.01229031477123499,0.03989197686314583,-0.3782286047935486,0.1985418200492859,0.22956696152687073,0.9940584897994995,-0.03243968263268471,0.10367703437805176,0.006820015609264374,0.3837152123451233,2.393848180770874,-0.07956214994192123,0.006983092986047268,0.9999756217002869,-0.3782286047935486,0.1985418200492859,0.22956696152687073,-0.06652696347652572,-0.012290314956137641,1.0398919759034886,0.9940584623410899,-0.03243968260990478,0.10367703614665179,0.006820015841822395,-0.11212074396758251,0.24770307897606664,0.06999905906325739,0.3837152015755982,2.3938481737204333,-0.07956214775882703,0.26610785390610286,0.049161259824550566,-0.15956790361395434,position_error,position_error,position_error,0.270117885483976,0.03910878274809475,-0.1622003043491489,-0.36229144911708216,0.2144951648890222,0.2246390500223675,-0.067529471370994,-0.009777195687023687,1.0405500760872872,0.9929360678780527,-0.029061694422969055,0.11489013954091916,0.00579990175825015,-0.0921735636331062,0.25360394763711697,0.062438745673218596,0.781145708847426,2.198161366429017,-0.052209651624279596,0.11149787856112195,0.036485295673731696,0.05560278524635303,0.12508976544745853,0.10304750614817912,0.0811904677363972,0.10211036471857568,0.10988941944775013,0.0011564400047063828,-0.005108782052993774,3.282207995653153e-05,0.3286757249286652,0.0009815188025112539,-0.0010477840729985126,8.362322307468829e-05,0.3962377580509021,1554.8254981294108,1372.8556505623962,1547.2927437084663,1609.214624143162,-0.05642408261559122,-0.0011386298632953796,-0.08426595747879545,-0.00544482785903456,-2.471682018273689e-05,-0.0,-0.0,0.0,-0.14729821463689935,0.006300131729833035,0.004655823059148252,0.001644308670684783,0.07670952505120072,0.2277259726590759,0.2277259726590759,0.10080210767732856,0.028088652492931816,5.44482785903456,2.471682018273689e-05,0.5263908505439758,0.017052941024303436,0.04655823059148252,0.009865852024108699,d_final,hover
2.24,2.25,STEP,STEP,0.0,0.0,1.0,0.0,0.0,1.0,-0.06752946972846985,-0.009777195751667023,0.040550075471401215,-0.36229145526885986,0.21449516713619232,0.22463904321193695,0.9929360747337341,-0.0290616936981678,0.11489013582468033,0.00579990167170763,0.7811456918716431,2.1981613636016846,-0.052209652960300446,0.004971581045538187,0.9999876618385315,0.03025234118103981,-0.6864956021308899,-0.016792580485343933,-0.16614875197410583,0.03025234118103981,-0.6864956021308899,-0.016792580485343933,-0.16614875197410583,-0.15748745888469692,False,False,2.24,absolute,0.0,0.0,0.0,0.0,0.0,0.0,-0.0921735636331062,0.25360394763711697,0.062438745673218596,-0.07106900915614928,0.2585430289738174,0.05141196272706728,-0.06752946972846985,-0.009777195751667023,0.040550075471401215,-0.36229145526885986,0.21449516713619232,0.22463904321193695,0.9929360747337341,-0.0290616936981678,0.11489013582468033,0.00579990167170763,0.7811456918716431,2.1981613636016846,-0.052209652960300446,0.004971581045538187,0.9999876618385315,-0.36229145526885986,0.21449516713619232,0.22463904321193695,-0.067529471370994,-0.009777195687023687,1.0405500760872872,0.9929360678780527,-0.029061694422969055,0.11489013954091916,0.00579990175825015,-0.0921735636331062,0.25360394763711697,0.062438745673218596,0.781145708847426,2.198161366429017,-0.052209651624279596,0.270117885483976,0.03910878274809475,-0.1622003043491489,position_error,position_error,position_error,0.2733015703922836,0.028842642127004076,-0.1644420951310659,-0.34437057954843286,0.22970038684681335,0.21585405785813316,-0.0683253925980709,-0.007210660531751019,1.0411105237827665,0.9920363004452347,-0.02371693152046642,0.12360805321027075,0.004747098034839251,-0.07106900915614928,0.2585430289738174,0.05141196272706728,1.1644773175800183,1.62320051004515,-0.029096775755069193,0.11971698582102051,0.04831595007375915,0.05011120930958235,0.12433927880858514,0.10601485598559324,0.07478000661282772,0.09177147362347837,0.11247153505401275,0.00022689255885779858,-0.005148717015981674,-1.6792580485343934e-05,0.3424834240129471,0.0008290092046255256,-0.0018361587714506677,6.257664037685284e-05,0.38503787127591205,1578.5419591879145,1316.488014449024,1462.6991692771714,1629.480870973188,-0.05734397998400717,-0.0010897316903496076,-0.09504866195507772,-0.00399163394132853,-1.3451313933881802e-05,-0.0,-0.0,0.0,-0.15748745888469692,0.006410428064678081,0.004720352898984673,0.0016900751656934079,0.07453849180484237,0.21794633806992153,0.21794633806992153,0.10256684903484929,0.03168288731835924,3.9916339413285304,1.3451313933881802e-05,0.5000787973403931,0.01861361600458622,0.04720352898984673,0.010140450994160447,d_final,hover
2.25,2.2600000000000002,STEP,STEP,0.0,0.0,1.0,0.0,0.0,1.0,-0.06832539290189743,-0.0072106607258319855,0.04111052304506302,-0.344370573759079,0.22970038652420044,0.21585406363010406,0.9920362830162048,-0.02371693216264248,0.1236080527305603,0.004747097846120596,1.1644773483276367,1.623200535774231,-0.029096776619553566,0.003667595097795129,0.9999932646751404,-0.12057411670684814,-0.5854806303977966,-0.06354841589927673,-0.0845859944820404,-0.12057411670684814,-0.5854806303977966,-0.06354841589927673,-0.0845859944820404,-0.1623520726247954,False,False,2.25,absolute,0.0,0.0,0.0,0.0,0.0,0.0,-0.07106900915614928,0.2585430289738174,0.05141196272706728,-0.04895871181067497,0.2623401727579414,0.03904230892740298,-0.06832539290189743,-0.0072106607258319855,0.04111052304506302,-0.344370573759079,0.22970038652420044,0.21585406363010406,0.9920362830162048,-0.02371693216264248,0.1236080527305603,0.004747097846120596,1.1644773483276367,1.623200535774231,-0.029096776619553566,0.003667595097795129,0.9999932646751404,-0.344370573759079,0.22970038652420044,0.21585406363010406,-0.0683253925980709,-0.007210660531751019,1.0411105237827665,0.9920363004452347,-0.02371693152046642,0.12360805321027075,0.004747098034839251,-0.07106900915614928,0.2585430289738174,0.05141196272706728,1.1644773175800183,1.62320051004515,-0.029096775755069193,0.2733015703922836,0.028842642127004076,-0.1644420951310659,position_error,position_error,position_error,0.27561645164854015,0.01840586595394214,-0.16620289796254006,-0.3245751634592151,0.24393430680399927,0.20524520688994305,-0.06890411291213504,-0.004601466488485535,1.041550724490635,0.9915788513037079,-0.016797728001549016,0.1283575363900491,0.003682503643230361,-0.04895871181067497,0.2623401727579414,0.03904230892740298,1.45362919921827,0.7740802570975892,-0.01314475855148789,0.13058617062360067,0.07383516973624961,0.055697037498374374,0.1231464249007552,0.11036176385457747,0.07460842242075293,0.08477543584511321,0.11438658386179595,-0.000904305875301361,-0.0043911047279834746,-6.354841589927674e-05,0.38326480275897984,0.0005017522709734679,-0.002310961524522685,3.648462889782242e-05,0.38413220598223957,1612.9320875558224,1314.9566035975247,1403.710584678003,1644.4257071938302,-0.05804827893470904,-0.0010348928886090968,-0.10054692488482081,-0.0027124108779255957,-9.565038730864931e-06,-0.0,-0.0,0.0,-0.1623520726247954,0.006495412975749566,0.00476895027005291,0.0017264627056966565,0.07274362359121003,0.20697857772181938,0.20697857772181938,0.10392660761199306,0.033515641628273606,2.7124108779255955,9.565038730864931e-06,0.3685188591480255,0.04179123416543007,0.0476895027005291,0.01035877623417994,d_final,hover
2.2600000000000002,2.27,STEP,STEP,0.0,0.0,1.0,0.0,0.0,1.0,-0.06890410929918289,-0.004601466469466686,0.04155072569847107,-0.32457515597343445,0.24393430352210999,0.2052452117204666,0.9915788769721985,-0.016797728836536407,0.12835752964019775,0.0036825037095695734,1.4536292552947998,0.7740802764892578,-0.01314475852996111,0.003092734841629863,0.999995231628418,-0.309870183467865,-0.18754002451896667,-0.05929148942232132,0.03667299449443817,-0.309870183467865,-0.18754002451896667,-0.05929148942232132,0.03667299449443817,-0.1615691312065797,False,False,2.2600000000000002,absolute,0.0,0.0,0.0,0.0,0.0,0.0,-0.04895871181067497,0.2623401727579414,0.03904230892740298,-0.025985903357928265,0.26486291802745876,0.02790725905793081,-0.06890410929918289,-0.004601466469466686,0.04155072569847107,-0.32457515597343445,0.24393430352210999,0.2052452117204666,0.9915788769721985,-0.016797728836536407,0.12835752964019775,0.0036825037095695734,1.4536292552947998,0.7740802764892578,-0.01314475852996111,0.003092734841629863,0.999995231628418,-0.32457515597343445,0.24393430352210999,0.2052452117204666,-0.06890411291213504,-0.004601466488485535,1.041550724490635,0.9915788513037079,-0.016797728001549016,0.1283575363900491,0.003682503643230361,-0.04895871181067497,0.2623401727579414,0.03904230892740298,1.45362919921827,0.7740802570975892,-0.01314475855148789,0.27561645164854015,0.01840586595394214,-0.16620289796254006,position_error,position_error,position_error,0.2770256927987227,0.007847436002285114,-0.1674901687501844,-0.30301159615665096,0.25701548202517366,0.19539742780811523,-0.06925642319968067,-0.0019618590005712785,1.041872542187546,0.9916668806166874,-0.009058648006044338,0.12848244642520115,0.0026457030949542026,-0.025985903357928265,0.26486291802745876,0.02790725905793081,1.5782509473362532,-0.16492852553810267,-0.0037381316143645926,0.13485755406750863,0.11995660595489757,0.08209872844311093,0.10698140878170202,0.11470261300993179,0.0823039592726861,0.08428808341225427,0.113033720943715,-0.0023240263760089873,-0.00140655018389225,-5.929148942232132e-05,0.4438942972472191,1.1145029953338152e-05,-0.002161756417805115,2.169891626236265e-05,0.39432837663858716,1646.8851437993624,1382.4877621281514,1399.5423358808428,1633.8755423203722,-0.05852286918700087,-0.0009802657010003065,-0.09953878885861257,-0.0025180914449319195,-9.11601503403391e-06,-0.0,-0.0,0.0,-0.1615691312065797,0.006553610834399219,0.00480030104515139,0.001753309789247828,0.07160644762747438,0.19605314020006132,0.19605314020006132,0.1048577733503875,0.03317959628620419,2.5180914449319194,9.11601503403391e-06,0.13605117797851562,0.20891159772872925,0.0480030104515139,0.010519858735486968,d_final,hover
2.27,2.2800000000000002,STEP,STEP,0.0,0.0,1.0,0.0,0.0,1.0,-0.06925642490386963,-0.001961858943104744,0.0418725423514843,-0.30301159620285034,0.25701549649238586,0.19539742171764374,0.991666853427887,-0.00905864778906107,0.12848244607448578,0.0026457030326128006,1.5782510042190552,-0.16492852568626404,-0.003738131606951356,0.00301926932297647,0.9999954700469971,-0.3881426453590393,0.4336874485015869,0.00448187068104744,0.07652322947978973,-0.3881426453590393,0.4336874485015869,0.00448187068104744,0.07652322947978973,-0.1560246100691644,False,False,2.27,absolute,0.0,0.0,0.0,0.0,0.0,0.0,-0.025985903357928265,0.26486291802745876,0.02790725905793081,-0.002671530319174098,0.2660094312573632,0.019216735607283764,-0.06925642490386963,-0.001961858943104744,0.0418725423514843,-0.30301159620285034,0.25701549649238586,0.19539742171764374,0.991666853427887,-0.00905864778906107,0.12848244607448578,0.0026457030326128006,1.5782510042190552,-0.16492852568626404,-0.003738131606951356,0.00301926932297647,0.9999954700469971,-0.30301159620285034,0.25701549649238586,0.19539742171764374,-0.06925642319968067,-0.0019618590005712785,1.041872542187546,0.9916668806166874,-0.009058648006044338,0.12848244642520115,0.0026457030949542026,-0.025985903357928265,0.26486291802745876,0.02790725905793081,1.5782509473362532,-0.16492852553810267,-0.0037381316143645926,0.2770256927987227,0.007847436002285114,-0.1674901687501844,position_error,position_error,position_error,0.2775055460380814,-0.0027790513793331272,-0.16838968990279657,-0.28017707635725553,0.26878848263669636,0.18760642551008033,-0.06937638650952035,0.0006947628448332818,1.0420974224756991,0.9921957138357156,-0.0015125267875911496,0.12466937035961376,0.0017104978483173216,-0.002671530319174098,0.2660094312573632,0.019216735607283764,1.4938672839804144,-0.9034903760194293,0.003622399597983661,0.1137280835058426,0.15935076316820238,0.11855888570594386,0.07218168235990609,0.11452578706567226,0.09515605108748454,0.09022500590954137,0.10520819981639676,-0.0029110698401927947,0.0032526558637619015,4.48187068104744e-06,0.4638194147398949,-0.0005037603994643165,-0.0012145478360856997,2.6056059903714038e-05,0.4051150438790949,1645.509264754599,1490.7082019136571,1449.7908047987517,1572.1147211307014,-0.05876881487987419,-0.0009297130670345318,-0.09326843785887434,-0.0030479474434855973,-9.696819895728367e-06,-0.0,-0.0,0.0,-0.1560246100691644,0.006585758679626418,0.004813565700528919,0.0017721929790974994,0.07113743751951236,0.18594261340690635,0.18594261340690635,0.10537213887402269,0.031089479286291445,3.0479474434855973,9.696819895728367e-06,0.3446153998374939,0.3977052867412567,0.04813565700528919,0.010633157874584995,d_final,hover
2.2800000000000002,2.29,STEP,STEP,0.0,0.0,1.0,0.0,0.0,1.0,-0.0693763867020607,0.0006947628571651876,0.04209742322564125,-0.2801770865917206,0.26878848671913147,0.18760642409324646,0.992195725440979,-0.0015125267673283815,0.12466937303543091,0.001710497890599072,1.49386727809906,-0.9034903645515442,0.0036223996430635452,0.003113966668024659,0.9999951720237732,-0.3369295597076416,0.8003475069999695,0.04632402956485748,0.014016792178153992,-0.3369295597076416,0.8003475069999695,0.04632402956485748,0.014016792178153992,-0.1476388454950544,False,False,2.2800000000000002,absolute,0.0,0.0,0.0,0.0,0.0,0.0,-0.002671530319174098,0.2660094312573632,0.019216735607283764,0.02009908932744069,0.26582481231722227,0.012001147825483633,-0.0693763867020607,0.0006947628571651876,0.04209742322564125,-0.2801770865917206,0.26878848671913147,0.18760642409324646,0.992195725440979,-0.0015125267673283815,0.12466937303543091,0.001710497890599072,1.49386727809906,-0.9034903645515442,0.0036223996430635452,0.003113966668024659,0.9999951720237732,-0.2801770865917206,0.26878848671913147,0.18760642409324646,-0.06937638650952035,0.0006947628448332818,1.0420974224756991,0.9921957138357156,-0.0015125267875911496,0.12466937035961376,0.0017104978483173216,-0.002671530319174098,0.2660094312573632,0.019216735607283764,1.4938672839804144,-0.9034903760194293,0.003622399597983661,0.2775055460380814,-0.0027790513793331272,-0.16838968990279657,position_error,position_error,position_error,0.2770630292828442,-0.013418949591285107,-0.16898260429034195,-0.2569639399554035,0.27924376190850736,0.1809837521158256,-0.06926575732071105,0.003354737397821277,1.0422456510725855,0.992885032767859,0.004845900228932419,0.11897426868529365,0.0009758828507445288,0.02009908932744069,0.26582481231722227,0.012001147825483633,1.2160514333125911,-1.1822158261202906,0.013330091152310597,0.08551452989567132,0.16650568733720364,0.13466789723681816,0.04587808161938394,0.10907850584109795,0.10728277442908782,0.09788481408645591,0.0932455736879669,-0.0025269716978073118,0.006002606302499771,4.6324029564857485e-05,0.43256619608907704,-0.0008920382041876992,0.00010053226021696123,3.822373255436492e-05,0.40749166804460857,1602.8216930912633,1588.6151121614432,1513.0599216448754,1474.9381007447337,-0.058798164209479635,-0.0008838133176607098,-0.08507015614937528,-0.002876593039321017,-1.0118779217736207e-05,-0.0,-0.0,0.0,-0.1476388454950544,0.006593694434766621,0.004808999400219977,0.0017846950345466435,0.07121083178440799,0.17676266353214196,0.17676266353214196,0.10549911095626593,0.028356718716458427,2.8765930393210173,1.0118779217736207e-05,0.7564200758934021,0.14272020757198334,0.04808999400219977,0.010708170207279861,d_final,hover
2.29,2.3000000000000003,STEP,STEP,0.0,0.0,1.0,0.0,0.0,1.0,-0.06926576048135757,0.003354737302288413,0.04224565252661705,-0.25696393847465515,0.2792437672615051,0.1809837520122528,0.9928850531578064,0.00484590046107769,0.11897426843643188,0.0009758828673511744,1.216051459312439,-1.1822158098220825,0.013330090790987015,0.00318099744617939,0.9999949336051941,-0.2561270594596863,0.8795388340950012,0.06109319627285004,0.000815756618976593,-0.2561270594596863,0.8795388340950012,0.06109319627285004,0.000815756618976593,-0.13948920802953516,False,False,2.29,absolute,0.0,0.0,0.0,0.0,0.0,0.0,0.02009908932744069,0.26582481231722227,0.012001147825483633,0.041933367246126604,0.2645704730387592,0.005418469109769375,-0.06926576048135757,0.003354737302288413,0.04224565252661705,-0.25696393847465515,0.2792437672615051,0.1809837520122528,0.9928850531578064,0.00484590046107769,0.11897426843643188,0.0009758828673511744,1.216051459312439,-1.1822158098220825,0.013330090790987015,0.00318099744617939,0.9999949336051941,-0.25696393847465515,0.2792437672615051,0.1809837520122528,-0.06926575732071105,0.003354737397821277,1.0422456510725855,0.992885032767859,0.004845900228932419,0.11897426868529365,0.0009758828507445288,0.02009908932744069,0.26582481231722227,0.012001147825483633,1.2160514333125911,-1.1822158261202906,0.013330091152310597,0.2770630292828442,-0.013418949591285107,-0.16898260429034195,position_error,position_error,position_error,0.2757322007053859,-0.024024684251224417,-0.16930298459683168,-0.23379883345925928,0.2885951572899836,0.17472145370660105,-0.06893305017634647,0.006006171062806104,1.042325746149208,0.9934378771878883,0.009297486131889259,0.11399321143986779,0.0005372761627276879,0.041933367246126604,0.2645704730387592,0.005418469109769375,0.8076507631558012,-0.9330291782199388,0.02633192455841102,0.07600096298464898,0.16414851378779582,0.1421244011088873,0.04369180042815629,0.10280610433718969,0.1171304996799098,0.10555507240275377,0.08330234413564416,-0.0019209529459476471,0.0065965412557125085,6.109319627285004e-05,0.42596567830948834,-0.001098804673309493,0.001293184205225529,4.709429757087378e-05,0.4087940205554974,1552.8871057447657,1665.7170580579282,1574.8803127976291,1391.0865652144014,-0.058627207697027034,-0.0008423832286174439,-0.07848537301648248,-0.0015235365728868725,-1.0707514521306895e-05,-0.0,-0.0,0.0,-0.13948920802953516,0.006579308284537579,0.00478783949745039,0.001791468787087189,0.07178530230004485,0.16847664572348878,0.16847664572348878,0.10526893255260127,0.026161791005494157,1.5235365728868724,1.0707514521306895e-05,0.8429226279258728,0.013192705810070038,0.0478783949745039,0.010748812722523135,d_final,hover
2.3000000000000003,2.31,STEP,STEP,0.0,0.0,1.0,0.0,0.0,1.0,-0.06893304735422134,0.006006170995533466,0.04232574626803398,-0.2337988317012787,0.28859516978263855,0.17472144961357117,0.9934378862380981,0.009297486394643784,0.11399321258068085,0.0005372761515900493,0.8076507449150085,-0.9330291748046875,0.02633192390203476,0.003272227942943573,0.9999946355819702,-0.12931782007217407,0.797252357006073,0.0765000656247139,0.08205555379390717,-0.12931782007217407,0.797252357006073,0.0765000656247139,0.08205555379390717,-0.13534657888678425,False,False,2.3000000000000003,absolute,0.0,0.0,0.0,0.0,0.0,0.0,0.041933367246126604,0.2645704730387592,0.005418469109769375,0.06337362504133424,0.26261043448973875,0.00044666883720337195,-0.06893304735422134,0.006006170995533466,0.04232574626803398,-0.2337988317012787,0.28859516978263855,0.17472144961357117,0.9934378862380981,0.009297486394643784,0.11399321258068085,0.0005372761515900493,0.8076507449150085,-0.9330291748046875,0.02633192390203476,0.003272227942943573,0.9999946355819702,-0.2337988317012787,0.28859516978263855,0.17472144961357117,-0.06893305017634647,0.006006171062806104,1.042325746149208,0.9934378771878883,0.009297486131889259,0.11399321143986779,0.0005372761627276879,0.041933367246126604,0.2645704730387592,0.005418469109769375,0.8076507631558012,-0.9330291782199388,0.02633192455841102,0.2757322007053859,-0.024024684251224417,-0.16930298459683168,position_error,position_error,position_error,0.2735404232473614,-0.034562101853205594,-0.16939329583799445,-0.21016679820602713,0.2971725363429443,0.16983996467519782,-0.06838510581184035,0.008640525463301399,1.0423483239594986,0.9936407162514753,0.011520374568406709,0.11200535014726128,0.0004577285748799496,0.06337362504133424,0.26261043448973875,0.00044666883720337195,0.3521073897911496,-0.24863698436392298,0.04151513074641997,0.08444317621440874,0.16256596989976266,0.15528901169742781,0.06428741908535446,0.09939315095848267,0.12509793951732334,0.11419217377563369,0.0797284765019762,-0.0009698836505413056,0.0059793926775455475,7.65000656247139e-05,0.4665855768969536,-0.0010808179132072234,0.002127256816607972,5.202791776601196e-05,0.4184117407534159,1525.3310245066637,1726.786032436146,1642.9117977778308,1360.1400256049228,-0.058272097024857465,-0.0008066360651277197,-0.07606750495084195,-0.00018752347002001457,-1.2817375937086934e-05,-0.0,-0.0,0.0,-0.13534657888678425,0.006544561919357204,0.00475118137717856,0.0017933805421786442,0.0729806561668191,0.16132721302554395,0.16132721302554395,0.10471299070971526,0.025355834983613986,0.18752347002001457,1.2817375937086934e-05,0.6649197936058044,0.029688922688364983,0.0475118137717856,0.010760283253071865,d_final,hover
2.31,2.32,STEP,STEP,0.0,0.0,1.0,0.0,0.0,1.0,-0.06838510930538177,0.008640525862574577,0.04234832525253296,-0.210166797041893,0.29717254638671875,0.16983996331691742,0.9936407208442688,0.011520374566316605,0.11200535297393799,0.0004577285726554692,0.35210737586021423,-0.24863699078559875,0.041515130549669266,0.0035801285412162542,0.9999935626983643,0.09495812654495239,0.41657766699790955,0.08168965578079224,0.16693170368671417,0.09495812654495239,0.41657766699790955,0.08168965578079224,0.16693170368671417,-0.1383448072743939,False,False,2.31,absolute,0.0,0.0,0.0,0.0,0.0,0.0,0.06337362504133424,0.26261043448973875,0.00044666883720337195,0.08545773243522262,0.26032105968395747,-0.0014817960820778927,-0.06838510930538177,0.008640525862574577,0.04234832525253296,-0.210166797041893,0.29717254638671875,0.16983996331691742,0.9936407208442688,0.011520374566316605,0.11200535297393799,0.0004577285726554692,0.35210737586021423,-0.24863699078559875,0.041515130549669266,0.0035801285412162542,0.9999935626983643,-0.210166797041893,0.29717254638671875,0.16983996331691742,-0.06838510581184035,0.008640525463301399,1.0423483239594986,0.9936407162514753,0.011520374568406709,0.11200535014726128,0.0004577285748799496,0.06337362504133424,0.26261043448973875,0.00044666883720337195,0.3521073897911496,-0.24863698436392298,0.04151513074641997,0.2735404232473614,-0.034562101853205594,-0.16939329583799445,position_error,position_error,position_error,0.2704792361312105,-0.04501203367206384,-0.16935392577693165,-0.18502150369598788,0.3053330933560213,0.16787212969485377,-0.06761980903280262,0.01125300841801596,1.042338481444233,0.9933653767920081,0.011692541876409356,0.11440262672608403,0.0007427338100464645,0.08545773243522262,0.26032105968395747,-0.0014817960820778927,-0.0454372431988003,0.6700300212723562,0.058251291092670035,0.10356548749012667,0.14087441156000322,0.15782257208313372,0.10676118071009351,0.1001455525157548,0.1279232526263754,0.12183802274691595,0.08443563267496852,0.0007121859490871429,0.0031243325024843216,8.168965578079224e-05,0.5090236518433571,-0.000770567518359288,0.002304442088404693,5.7170658370281195e-05,0.4343424605640147,1531.4305694239172,1748.1932682290815,1701.928948403503,1400.8051544375141,-0.05774596978690826,-0.0007782115332828354,-0.07934805922415583,-0.00045439798538970407,-1.816874465726645e-05,-0.0,-0.0,0.0,-0.1383448072743939,0.006491615783092288,0.004699068772088633,0.0017925470110036546,0.07507227386757752,0.1556423066565671,0.1556423066565671,0.10386585252947661,0.026449353074718608,0.45439798538970405,1.816874465726645e-05,0.21709339320659637,0.20244382321834564,0.04699068772088633,0.010755282066021927,d_final,hover
2.32,2.33,STEP,STEP,0.0,0.0,1.0,0.0,0.0,1.0,-0.06761980801820755,0.011253008618950844,0.04233848303556442,-0.1850215047597885,0.30533310770988464,0.1678721308708191,0.9933653473854065,0.011692541651427746,0.11440262943506241,0.0007427338277921081,-0.04543724283576012,0.6700299978256226,0.05825129151344299,0.004262468311935663,0.9999909400939941,0.41883838176727295,-0.3468009829521179,0.06488516926765442,0.03756703436374664,0.41883838176727295,-0.3468009829521179,0.06488516926765442,0.03756703436374664,-0.1486250559625037,False,False,2.32,absolute,0.0,0.0,0.0,0.0,0.0,0.0,0.08545773243522262,0.26032105968395747,-0.0014817960820778927,0.10867995911605548,0.258092191072891,-0.00221582362353633,-0.06761980801820755,0.011253008618950844,0.04233848303556442,-0.1850215047597885,0.30533310770988464,0.1678721308708191,0.9933653473854065,0.011692541651427746,0.11440262943506241,0.0007427338277921081,-0.04543724283576012,0.6700299978256226,0.05825129151344299,0.004262468311935663,0.9999909400939941,-0.1850215047597885,0.30533310770988464,0.1678721308708191,-0.06761980903280262,0.01125300841801596,1.042338481444233,0.9933653767920081,0.011692541876409356,0.11440262672608403,0.0007427338100464645,0.08545773243522262,0.26032105968395747,-0.0014817960820778927,-0.0454372431988003,0.6700300212723562,0.058251291092670035,0.2704792361312105,-0.04501203367206384,-0.16935392577693165,position_error,position_error,position_error,0.2665075812865033,-0.0553706956117679,-0.1692778062811673,-0.15782762217044782,0.3134628866846589,0.16706198265763095,-0.06662689532162583,0.013842673902941974,1.0423194515702918,0.9925934642676769,0.010653127405649079,0.12100831078957422,0.0013093087584571202,0.10867995911605548,0.258092191072891,-0.00221582362353633,-0.24409242334157627,1.4776305723948069,0.07744433099174418,0.10999578996000539,0.06774992359833866,0.11763658321575068,0.14895902040777864,0.10191034376574279,0.11618167871430499,0.1210734836485327,0.09531989245421137,0.003141287863254547,-0.0026010073721408843,6.488516926765442e-05,0.44434131718187336,-6.005564266957277e-05,0.0014150812637816479,6.820460209980923e-05,0.43448539858279184,1545.682251198453,1658.3705783267008,1696.073925911255,1492.0559158793433,-0.05705324389708241,-0.0007553912284907775,-0.08853900242200306,-0.0022489708440113264,-2.8447570916137307e-05,-0.0,-0.0,0.0,-0.1486250559625037,0.006421698782192352,0.004630762800982077,0.001790935981210275,0.07842782248060377,0.1510782456981555,0.1510782456981555,0.10274718051507763,0.029513000807334353,2.2489708440113265,2.8447570916137307e-05,0.30131787061691284,0.7046629786491394,0.046307628009820766,0.01074561588726165,d_final,hover
2.33,2.34,STEP,STEP,0.0,0.0,1.0,0.0,0.0,1.0,-0.0666268989443779,0.013842673972249031,0.04231945052742958,-0.15782761573791504,0.31346288323402405,0.16706198453903198,0.9925934672355652,0.010653126984834671,0.12100831419229507,0.0013093088055029511,-0.2440924197435379,1.477630615234375,0.07744432985782623,0.005333601031452417,0.9999857544898987,0.49647748470306396,-0.7412868142127991,0.06716398894786835,-0.10585542023181915,0.49647748470306396,-0.7412868142127991,0.06716398894786835,-0.10585542023181915,-0.1620765529448166,False,False,2.33,absolute,0.0,0.0,0.0,0.0,0.0,0.0,0.10867995911605548,0.258092191072891,-0.00221582362353633,0.13286174744896584,0.25613867279511704,-0.0054578664299015115,-0.0666268989443779,0.013842673972249031,0.04231945052742958,-0.15782761573791504,0.31346288323402405,0.16706198453903198,0.9925934672355652,0.010653126984834671,0.12100831419229507,0.0013093088055029511,-0.2440924197435379,1.477630615234375,0.07744432985782623,0.005333601031452417,0.9999857544898987,-0.15782761573791504,0.31346288323402405,0.16706198453903198,-0.06662689532162583,0.013842673902941974,1.0423194515702918,0.9925934642676769,0.010653127405649079,0.12100831078957422,0.0013093087584571202,0.10867995911605548,0.258092191072891,-0.00221582362353633,-0.24409242334157627,1.4776305723948069,0.07744433099174418,0.2665075812865033,-0.0553706956117679,-0.1692778062811673,position_error,position_error,position_error,0.26158265938381076,-0.06564663316914601,-0.16912348418861178,-0.12872091193484492,0.321785305964263,0.16366561775871027,-0.06539566484595269,0.016411658292286503,1.042280871047153,0.991483540788846,0.00985562675987521,0.1298434413340096,0.0019838620225293598,0.13286174744896584,0.25613867279511704,-0.0054578664299015115,-0.13461994698555246,1.8287592332264335,0.1015086677368721,0.10896738946571144,0.024687761044526964,0.08300118989955503,0.15597374947429707,0.10317901353787601,0.09620572120275317,0.11385951076901243,0.10569542545859384,0.0037235811352729796,-0.005559651106595993,6.716398894786835e-05,0.37263008988409047,0.0007131174735720757,4.210048564158141e-05,8.991602321451603e-05,0.4189396709682355,1555.8808879147111,1499.3298313109506,1640.3195986513915,1575.9985665415159,-0.05618538742450535,-0.0007345064537009636,-0.10173871581773015,-0.0033727868728630405,-4.515637601707547e-05,-0.0,-0.0,0.0,-0.1620765529448166,0.006333607565052926,0.004545935508546949,0.0017876720565059762,0.08328905194240345,0.14690129074019273,0.14690129074019273,0.10133772104084682,0.03391290527257672,3.3727868728630406,4.515637601707547e-05,0.811712384223938,0.18222209811210632,0.04545935508546949,0.010726032339035858,d_final,hover
2.34,2.35,STEP,STEP,0.0,0.0,1.0,0.0,0.0,1.0,-0.06539566814899445,0.016411658376455307,0.04228087142109871,-0.12872090935707092,0.3217853009700775,0.16366562247276306,0.9914835691452026,0.009855627082288265,0.12984344363212585,0.0019838621374219656,-0.13461995124816895,1.8287591934204102,0.10150866955518723,0.006719798780977726,0.9999774098396301,0.41737088561058044,-0.8456406593322754,0.04659976437687874,-0.15510928630828857,0.41737088561058044,-0.8456406593322754,0.04659976437687874,-0.15510928630828857,-0.17390160405452704,False,False,2.34,absolute,0.0,0.0,0.0,0.0,0.0,0.0,0.13286174744896584,0.25613867279511704,-0.0054578664299015115,0.15772988198964197,0.25432467042596646,-0.012815707671551246,-0.06539566814899445,0.016411658376455307,0.04228087142109871,-0.12872090935707092,0.3217853009700775,0.16366562247276306,0.9914835691452026,0.009855627082288265,0.12984344363212585,0.0019838621374219656,-0.13461995124816895,1.8287591934204102,0.10150866955518723,0.006719798780977726,0.9999774098396301,-0.12872090935707092,0.3217853009700775,0.16366562247276306,-0.06539566484595269,0.016411658292286503,1.042280871047153,0.991483540788846,0.00985562675987521,0.1298434413340096,0.0019838620225293598,0.13286174744896584,0.25613867279511704,-0.0054578664299015115,-0.13461994698555246,1.8287592332264335,0.1015086677368721,0.26158265938381076,-0.06564663316914601,-0.16912348418861178,position_error,position_error,position_error,0.2556731478822358,-0.07584872664974646,-0.16874176891911397,-0.0979432658925938,0.3301733970757129,0.15592606124756273,-0.06391828697055894,0.018962181662436614,1.0421854422297785,0.9903438221221016,0.010748128251272283,0.13819178208993893,0.0025735357950153145,0.15772988198964197,0.25432467042596646,-0.012815707671551246,0.25402951857559886,1.6221209798769305,0.13076640911517032,0.1116747111595136,0.01805757519610507,0.06624940635237714,0.15202146413786,0.10470416923245301,0.07872899600118355,0.10463353750538344,0.11375865351357495,0.003130281642079353,-0.0063423049449920655,4.659976437687874e-05,0.34800315684585575,0.0012359763566400527,-0.0012409707260611423,0.00010008933990508307,0.40182535625259497,1568.091249767976,1351.4009120371147,1567.5269618822506,1639.5332696114087,-0.05512878664323159,-0.0007146014602320119,-0.11527494538859377,-0.0027129073234175194,-7.036323905212307e-05,-0.0,-0.0,0.0,-0.17390160405452704,0.006224723278771951,0.004445111742649973,0.0017796115361219786,0.08972399602286549,0.1429202920464024,0.1429202920464024,0.09959557246035122,0.038424981796197924,2.7129073234175194,7.036323905212307e-05,0.9155369997024536,0.019996410235762596,0.04445111742649972,0.010677669216731871,d_final,hover
2.35,2.36,STEP,STEP,0.0,0.0,1.0,0.0,0.0,1.0,-0.06391828507184982,0.018962182104587555,0.04218544065952301,-0.0979432687163353,0.33017340302467346,0.15592606365680695,0.9903438091278076,0.010748128406703472,0.13819178938865662,0.002573535777628422,0.2540295124053955,1.622120976448059,0.13076640665531158,0.00838818121701479,0.9999648332595825,0.2595576345920563,-0.854982316493988,-0.007729724049568176,-0.11638977378606796,0.2595576345920563,-0.854982316493988,-0.007729724049568176,-0.11638977378606796,-0.18110137124723494,False,False,2.35,absolute,0.0,0.0,0.0,0.0,0.0,0.0,0.15772988198964197,0.25432467042596646,-0.012815707671551246,0.18320358892357883,0.2522392856598091,-0.023116504416174983,-0.06391828507184982,0.018962182104587555,0.04218544065952301,-0.0979432687163353,0.33017340302467346,0.15592606365680695,0.9903438091278076,0.010748128406703472,0.13819178938865662,0.002573535777628422,0.2540295124053955,1.622120976448059,0.13076640665531158,0.00838818121701479,0.9999648332595825,-0.0979432687163353,0.33017340302467346,0.15592606365680695,-0.06391828697055894,0.018962181662436614,1.0421854422297785,0.9903438221221016,0.010748128251272283,0.13819178208993893,0.0025735357950153145,0.15772988198964197,0.25432467042596646,-0.012815707671551246,0.25402951857559886,1.6221209798769305,0.13076640911517032,0.2556731478822358,-0.07584872664974646,-0.16874176891911397,position_error,position_error,position_error,0.24875426154182176,-0.08597333362784237,-0.16798853992564045,-0.06555067261824293,0.33821261928765145,0.14487203550946545,-0.06218856538545544,0.021493333406960594,1.0419971349814101,0.9895329622969518,0.014224152644371109,0.14357463046568703,0.002918132281169776,0.18320358892357883,0.2522392856598091,-0.023116504416174983,0.7937617739137136,0.9323782438357207,0.1596873577982422,0.12309286828922435,0.033058079716097075,0.05993793809173611,0.15127402700990852,0.10797377786666809,0.0693826971623594,0.09593058689915104,0.12035548689284109,0.001946682259440422,-0.00641236737370491,-7.729724049568177e-06,0.36736291310696606,0.0013763559642646153,-0.0022279299975777453,8.414711342107474e-05,0.3936425488210196,1594.090057128278,1267.6978406871392,1497.072864579064,1690.5663076612748,-0.05387636653631903,-0.0006983628659938687,-0.12489600619085371,-0.0015248869955454116,-0.00010574865852292069,-0.0,-0.0,0.0,-0.18110137124723494,0.006093140392290615,0.004329381045643834,0.0017637593466467809,0.09772258500107345,0.13967257319877374,0.13967257319877374,0.09749024627664984,0.041632002063617904,1.5248869955454116,0.00010574865852292069,0.8119712471961975,0.029443182051181793,0.04329381045643835,0.010582556079880685,d_final,hover
2.36,2.37,STEP,STEP,0.0,0.0,1.0,0.0,0.0,1.0,-0.062188565731048584,0.0214933343231678,0.04199713468551636,-0.06555067002773285,0.33821260929107666,0.1448720395565033,0.9895329475402832,0.014224153012037277,0.14357462525367737,0.002918132347986102,0.7937617897987366,0.9323782324790955,0.1596873551607132,0.01028323546051979,0.9999471306800842,0.009765688329935074,-0.6294119358062744,-0.06306517869234085,0.017081215977668762,0.009765688329935074,-0.6294119358062744,-0.06306517869234085,0.017081215977668762,-0.18240441158162507,False,False,2.36,absolute,0.0,0.0,0.0,0.0,0.0,0.0,0.18320358892357883,0.2522392856598091,-0.023116504416174983,0.20939475231120866,0.2493228417131105,-0.03337193725609123,-0.062188565731048584,0.0214933343231678,0.04199713468551636,-0.06555067002773285,0.33821260929107666,0.1448720395565033,0.9895329475402832,0.014224153012037277,0.14357462525367737,0.002918132347986102,0.7937617897987366,0.9323782324790955,0.1596873551607132,0.01028323546051979,0.9999471306800842,-0.06555067002773285,0.33821260929107666,0.1448720395565033,-0.06218856538545544,0.021493333406960594,1.0419971349814101,0.9895329622969518,0.014224152644371109,0.14357463046568703,0.002918132281169776,0.18320358892357883,0.2522392856598091,-0.023116504416174983,0.7937617739137136,0.9323782438357207,0.1596873577982422,0.24875426154182176,-0.08597333362784237,-0.16798853992564045,position_error,position_error,position_error,0.2407996478963103,-0.0959965099713951,-0.16681326860244106,-0.03140489558510165,0.3453193516845056,0.13344133134634983,-0.06019991197407758,0.023999127492848774,1.0417033171506103,0.9893277333296236,0.020406070922196266,0.1442417387583251,0.002923890278805111,0.20939475231120866,0.2493228417131105,-0.03337193725609123,1.3265465989303946,-0.07496877645143257,0.18209651272255922,0.13873236354756657,0.07728102284715327,0.07300832372190613,0.14507669787220848,0.1133928143621371,0.07079186617881782,0.0916227803242093,0.1247504500136495,7.324266247451305e-05,-0.004720589518547058,-6.306517869234085e-05,0.4340984079888344,0.0011380261780695364,-0.002677385284891412,5.6271274253641814e-05,0.4005579108788137,1636.6793639952825,1280.5632597614654,1461.4611110560772,1724.1445593099306,-0.05243487518923329,-0.0006901915551300236,-0.12733252158303965,-0.0017985053365221393,-0.00014831791769994256,-0.0,-0.0,0.0,-0.18240441158162507,0.005939154183469082,0.0041999875221046985,0.0017391666613643842,0.10712172789159766,0.13803831102600472,0.13803831102600472,0.09502646693550532,0.04244417386101322,1.7985053365221393,0.00014831791769994256,0.40052372217178345,0.1341545283794403,0.041999875221046985,0.010434999968186306,d_final,hover
2.37,2.38,STEP,STEP,0.0,0.0,1.0,0.0,0.0,1.0,-0.06019991263747215,0.023999126628041267,0.04170331731438637,-0.03140489384531975,0.34531936049461365,0.13344132900238037,0.9893277287483215,0.020406071096658707,0.14424173533916473,0.0029238902498036623,1.326546549797058,-0.07496877759695053,0.18209651112556458,0.01217828318476677,0.9999258518218994,-0.2931634485721588,0.07089361548423767,-0.044068895280361176,0.143630251288414,-0.2931634485721588,0.07089361548423767,-0.044068895280361176,0.143630251288414,-0.17800869520383558,False,False,2.37,absolute,0.0,0.0,0.0,0.0,0.0,0.0,0.20939475231120866,0.2493228417131105,-0.03337193725609123,0.23614386788633668,0.24497933332043556,-0.04084245887961811,-0.06019991263747215,0.023999126628041267,0.04170331731438637,-0.03140489384531975,0.34531936049461365,0.13344132900238037,0.9893277287483215,0.020406071096658707,0.14424173533916473,0.0029238902498036623,1.326546549797058,-0.07496877759695053,0.18209651112556458,0.01217828318476677,0.9999258518218994,-0.03140489384531975,0.34531936049461365,0.13344132900238037,-0.06019991197407758,0.023999127492848774,1.0417033171506103,0.9893277333296236,0.020406070922196266,0.1442417387583251,0.002923890278805111,0.20939475231120866,0.2493228417131105,-0.03337193725609123,1.3265465989303946,-0.07496877645143257,0.18209651272255922,0.2407996478963103,-0.0959965099713951,-0.16681326860244106,position_error,position_error,position_error,0.23178281599298678,-0.10587061844613435,-0.1652874552340391,0.004361051893349899,0.3508499517665699,0.12444499635442098,-0.057945703998246695,0.026467654611533588,1.0413218638085098,0.9897653635159178,0.02866638733370576,0.1397710815707142,0.002609248548907172,0.23614386788633668,0.24497933332043556,-0.04084245887961811,1.7050377429206274,-1.0988703003458866,0.19813784695787728,0.13427623093848715,0.1455052094580912,0.110700728913889,0.1068907563337397,0.11710779874321472,0.08306342917817336,0.09499724520644018,0.12145715091151771,-0.002198725864291191,0.0005317021161317825,-4.406889528036118e-05,0.49737292564420704,0.0005756914115897251,-0.0021391286521750537,4.5051715328185194e-05,0.416625624039346,1665.541483202118,1389.0320516712343,1489.401204920727,1699.0133723094832,-0.05082739209653276,-0.0006930063227293639,-0.1221463020372797,-0.00415392824816323,-0.0001880664991304923,-0.0,-0.0,0.0,-0.17800869520383558,0.005765737781096888,0.004058241352487858,0.0017074964286090297,0.117446906541778,0.13860126454587277,0.13860126454587277,0.0922518044975502,0.04071543401242657,4.15392824816323,0.0001880664991304923,0.11354243010282516,0.5985695123672485,0.04058241352487858,0.010244978571654179,d_final,hover
2.38,2.39,STEP,STEP,0.0,0.0,1.0,0.0,0.0,1.0,-0.057945702224969864,0.02646765485405922,0.04132186248898506,0.004361052066087723,0.3508499562740326,0.12444499880075455,0.9897653460502625,0.028666388243436813,0.13977108895778656,0.0026092485059052706,1.7050377130508423,-1.0988702774047852,0.19813784956932068,0.013713303953409195,0.9999059438705444,-0.3636833429336548,0.5749072432518005,-0.020441845059394836,0.00802341103553772,-0.3636833429336548,0.5749072432518005,-0.020441845059394836,0.00802341103553772,-0.16898371225107892,False,False,2.38,absolute,0.0,0.0,0.0,0.0,0.0,0.0,0.23614386788633668,0.24497933332043556,-0.04084245887961811,0.26214543307049887,0.2388977588856178,-0.04671450950783586,-0.057945702224969864,0.02646765485405922,0.04132186248898506,0.004361052066087723,0.3508499562740326,0.12444499880075455,0.9897653460502625,0.028666388243436813,0.13977108895778656,0.0026092485059052706,1.7050377130508423,-1.0988702774047852,0.19813784956932068,0.013713303953409195,0.9999059438705444,0.004361052066087723,0.3508499562740326,0.12444499880075455,-0.057945703998246695,0.026467654611533588,1.0413218638085098,0.9897653635159178,0.02866638733370576,0.1397710815707142,0.002609248548907172,0.23614386788633668,0.24497933332043556,-0.04084245887961811,1.7050377429206274,-1.0988703003458866,0.19813784695787728,0.23178281599298678,-0.10587061844613435,-0.1652874552340391,position_error,position_error,position_error,0.22170822967059794,-0.11552949829554172,-0.16351173493089988,0.04043720339990092,0.3544272571811595,0.11679722542306402,-0.055427057417649486,0.02888237457388543,1.040877933732725,0.9905919892648533,0.03786546998743975,0.1314883876429917,0.0021262412792554487,0.26214543307049887,0.2388977588856178,-0.04671450950783586,1.8425600871507979,-1.7878291792693262,0.21210864920209166,0.09533008301820466,0.15802948337386272,0.11773397571211121,0.05847596341359034,0.11306361785553695,0.09559780939945835,0.09900850760137006,0.1089934361535663,-0.002727625072002411,0.004311804324388504,-2.0441845059394836e-05,0.4295695055177689,-2.331603914458363e-05,-0.0009705208069275572,4.443642662906131e-05,0.41666337100993167,1634.1090755105452,1494.3403049216806,1522.207287769771,1602.1502351849774,-0.04908953534759869,-0.0007044771995914539,-0.1123379394139401,-0.006636350928074324,-0.00021540936187432397,-0.0,-0.0,0.0,-0.16898371225107892,0.005577355721262691,0.003906350255005637,0.001671005466257054,0.12797461267884788,0.1408954399182908,0.1408954399182908,0.08923769154020306,0.0374459798046467,6.636350928074324,0.00021540936187432397,0.46326613426208496,0.2779502868652344,0.03906350255005637,0.010026032797542325,d_final,hover
2.39,2.4,STEP,STEP,0.0,0.0,1.0,0.0,0.0,1.0,-0.055427055805921555,0.028882374987006187,0.04087793454527855,0.04043720290064812,0.3544272482395172,0.11679722368717194,0.9905920028686523,0.037865471094846725,0.1314883828163147,0.002126241335645318,1.842560052871704,-1.7878291606903076,0.21210864186286926,0.01467630360275507,0.9998922944068909,-0.35074126720428467,0.680158257484436,-0.03287506476044655,-0.12347038090229034,-0.35074126720428467,0.680158257484436,-0.03287506476044655,-0.12347038090229034,-0.15728426369445012,False,False,2.39,absolute,0.0,0.0,0.0,0.0,0.0,0.0,0.26214543307049887,0.2388977588856178,-0.04671450950783586,0.2860042533347421,0.2311929356333824,-0.053942506679683484,-0.055427055805921555,0.028882374987006187,0.04087793454527855,0.04043720290064812,0.3544272482395172,0.11679722368717194,0.9905920028686523,0.037865471094846725,0.1314883828163147,0.002126241335645318,1.842560052871704,-1.7878291606903076,0.21210864186286926,0.01467630360275507,0.9998922944068909,0.04043720290064812,0.3544272482395172,0.11679722368717194,-0.055427057417649486,0.02888237457388543,1.040877933732725,0.9905919892648533,0.03786546998743975,0.1314883876429917,0.0021262412792554487,0.26214543307049887,0.2388977588856178,-0.04671450950783586,1.8425600871507979,-1.7878291792693262,0.21210864920209166,0.22170822967059794,-0.11552949829554172,-0.16351173493089988,position_error,position_error,position_error,0.21064177950996568,-0.12490524925451614,-0.1614771349728592,0.07536247382477643,0.3560981848878985,0.10753462829317573,-0.05266044487749142,0.031226312313629035,1.0403692837432148,0.9914605582710349,0.04681598728248347,0.12170197461325569,0.0016894090353685557,0.2860042533347421,0.2311929356333824,-0.053942506679683484,1.7459379404949507,-1.9887680802760586,0.22558346939397916,0.07210188010112928,0.14701151071533042,0.10704216332982622,0.037667055402568955,0.10521578336866182,0.10444964895767059,0.10045053651501117,0.09421428199182522,-0.002630559504032135,0.00510118693113327,-3.287506476044655e-05,0.36382260954885487,-0.0005303467015882819,0.0001933960965666442,4.159419026901251e-05,0.40433025083316876,1572.1752134017102,1566.0573105964827,1533.8989692022665,1482.947098659192,-0.04726012477367725,-0.0007202455801179877,-0.10201864373999511,-0.007054385670848493,-0.00023086392981128926,-0.0,-0.0,0.0,-0.15728426369445012,0.0053778841053438,0.003748205035403613,0.0016296790699401869,0.13815840043923233,0.14404911602359755,0.14404911602359755,0.0860461456855008,0.03400621457999837,7.054385670848493,0.00023086392981128926,0.6019603610038757,0.02869047410786152,0.03748205035403613,0.009778074419641122,d_final,hover
2.4,2.41,STEP,STEP,0.0,0.0,1.0,0.0,0.0,1.0,-0.05266044661402702,0.03122631274163723,0.04036928340792656,0.07536247372627258,0.3560981750488281,0.10753462463617325,0.9914605617523193,0.046815987676382065,0.12170197814702988,0.001689409022219479,1.7459379434585571,-1.9887681007385254,0.22558346390724182,0.015193622559309006,0.9998845458030701,-0.3163990378379822,0.662615954875946,-0.04047316312789917,-0.14606274664402008,-0.3163990378379822,0.662615954875946,-0.04047316312789917,-0.14606274664402008,-0.14562567976109989,False,False,2.4,absolute,0.0,0.0,0.0,0.0,0.0,0.0,0.2860042533347421,0.2311929356333824,-0.053942506679683484,0.3074466285297851,0.2221417371487718,-0.06347584529897292,-0.05266044661402702,0.03122631274163723,0.04036928340792656,0.07536247372627258,0.3560981750488281,0.10753462463617325,0.9914605617523193,0.046815987676382065,0.12170197814702988,0.001689409022219479,1.7459379434585571,-1.9887681007385254,0.22558346390724182,0.015193622559309006,0.9998845458030701,0.07536247372627258,0.3560981750488281,0.10753462463617325,-0.05266044487749142,0.031226312313629035,1.0403692837432148,0.9914605582710349,0.04681598728248347,0.12170197461325569,0.0016894090353685557,0.2860042533347421,0.2311929356333824,-0.053942506679683484,1.7459379404949507,-1.9887680802760586,0.22558346939397916,0.21064177950996568,-0.12490524925451614,-0.1614771349728592,position_error,position_error,position_error,0.19867977243315027,-0.13393956981282448,-0.15909767471547642,0.10876685609663483,0.3560813069615963,0.0956218294165035,-0.04966994310828757,0.03348489245320612,1.039774418678869,0.9921332438675214,0.054536749059255124,0.11267258928300838,0.0015023445741961581,0.3074466285297851,0.2221417371487718,-0.06347584529897292,1.4635661420943316,-1.7467977031448167,0.23747642674614877,0.0680670898942064,0.14175563106442987,0.10478929153166577,0.037914414187687956,0.09809704776369597,0.1109783966879144,0.10123286106971913,0.08269634664972467,-0.0023729927837848664,0.004969619661569595,-4.047316312789917e-05,0.35252642667799,-0.0008890451996657494,0.0011107785585346467,3.359168304490972e-05,0.3930046521710542,1514.7900968084398,1617.7782168521114,1540.2202237522913,1385.8714769842495,-0.04537543899728486,-0.0007388383020679178,-0.09401621624213796,-0.005249723121257012,-0.00024546309835213716,-0.0,-0.0,0.0,-0.14562567976109989,0.005170345652225275,0.0035883412709833036,0.0015820043812419715,0.14789956371422486,0.14776766041358355,0.14776766041358355,0.0827255304356044,0.03133873874737932,5.249723121257012,0.00024546309835213716,0.5621406435966492,0.0020552671048790216,0.035883412709833036,0.009492026287451829,d_final,hover
2.41,2.42,STEP,STEP,0.0,0.0,1.0,0.0,0.0,1.0,-0.04966994374990463,0.033484891057014465,0.039774417877197266,0.10876685380935669,0.3560813069343567,0.09562183171510696,0.9921332597732544,0.05453674867749214,0.1126725897192955,0.0015023446176201105,1.4635661840438843,-1.7467976808547974,0.2374764233827591,0.015666620805859566,0.9998772740364075,-0.2679302394390106,0.6261191964149475,-0.029766514897346497,-0.07334441691637039,-0.2679302394390106,0.6261191964149475,-0.029766514897346497,-0.07334441691637039,-0.1365554679036331,False,False,2.41,absolute,0.0,0.0,0.0,0.0,0.0,0.0,0.3074466285297851,0.2221417371487718,-0.06347584529897292,0.32715770787452586,0.21194346942929698,-0.07397550158834275,-0.04966994374990463,0.033484891057014465,0.039774417877197266,0.10876685380935669,0.3560813069343567,0.09562183171510696,0.9921332597732544,0.05453674867749214,0.1126725897192955,0.0015023446176201105,1.4635661840438843,-1.7467976808547974,0.2374764233827591,0.015666620805859566,0.9998772740364075,0.10876685380935669,0.3560813069343567,0.09562183171510696,-0.04966994310828757,0.03348489245320612,1.039774418678869,0.9921332438675214,0.054536749059255124,0.11267258928300838,0.0015023445741961581,0.3074466285297851,0.2221417371487718,-0.06347584529897292,1.4635661420943316,-1.7467977031448167,0.23747642674614877,0.19867977243315027,-0.13393956981282448,-0.15909767471547642,position_error,position_error,position_error,0.1859047268643541,-0.1425838336871974,-0.1563072010605122,0.14125298101017175,0.3545273031164944,0.08233169947216946,-0.04647618171608853,0.03564595842179935,1.039076800265128,0.9925115742978667,0.06034916554095758,0.10618751561712406,0.0017218101937740255,0.32715770787452586,0.21194346942929698,-0.07397550158834275,1.0576704194519673,-1.1672489298951034,0.24673415746774782,0.07697257823241807,0.1458887834526817,0.11496461864140632,0.05105961121530876,0.09414459655690735,0.11711922614726986,0.10368335723845588,0.07656112082835893,-0.0020094767957925795,0.004695893973112106,-2.9766514897346496e-05,0.38888559154181485,-0.0010966889296539473,0.001771174697446244,2.4636784509222585e-05,0.391508300770992,1482.371841959414,1665.6298668447748,1559.9246415091895,1332.3125086521293,-0.04346867610091956,-0.0007621026101864513,-0.0895068615265612,-0.002542014524986284,-0.0002758131409796146,-0.0,-0.0,0.0,-0.1365554679036331,0.004957666137676241,0.0034306698187155293,0.0015269963189607119,0.15742457489068784,0.15242052203729026,0.15242052203729026,0.07932265820281986,0.029835620508853737,2.5420145249862838,0.0002758131409796146,0.4700773358345032,0.009083826094865799,0.034306698187155295,0.00916197791376427,d_final,hover
2.42,2.43,STEP,STEP,0.0,0.0,1.0,0.0,0.0,1.0,-0.04647618159651756,0.03564595803618431,0.039076801389455795,0.14125297963619232,0.3545272946357727,0.08233170211315155,0.9925115704536438,0.06034916639328003,0.10618751496076584,0.0017218102002516389,1.0576704740524292,-1.1672489643096924,0.246734157204628,0.016606859862804413,0.9998620748519897,-0.1624443531036377,0.4685218334197998,-0.012034453451633453,0.08518753945827484,-0.1624443531036377,0.4685218334197998,-0.012034453451633453,0.08518753945827484,-0.13197826220035477,False,False,2.42,absolute,0.0,0.0,0.0,0.0,0.0,0.0,0.32715770787452586,0.21194346942929698,-0.07397550158834275,0.34634462484690237,0.20064361585719892,-0.0826422765298099,-0.04647618159651756,0.03564595803618431,0.039076801389455795,0.14125297963619232,0.3545272946357727,0.08233170211315155,0.9925115704536438,0.06034916639328003,0.10618751496076584,0.0017218102002516389,1.0576704740524292,-1.1672489643096924,0.246734157204628,0.016606859862804413,0.9998620748519897,0.14125297963619232,0.3545272946357727,0.08233170211315155,-0.04647618171608853,0.03564595842179935,1.039076800265128,0.9925115742978667,0.06034916554095758,0.10618751561712406,0.0017218101937740255,0.32715770787452586,0.21194346942929698,-0.07397550158834275,1.0576704194519673,-1.1672489298951034,0.24673415746774782,0.1859047268643541,-0.1425838336871974,-0.1563072010605122,position_error,position_error,position_error,0.17235815953701653,-0.15079376085110294,-0.15313054963861727,0.17398646530988585,0.3514373767083019,0.07048827310880737,-0.04308953988425413,0.037698440212775734,1.0382826374096543,0.9925769056652486,0.06390759383591546,0.10344525392877178,0.0024464729133415906,0.34634462484690237,0.20064361585719892,-0.0826422765298099,0.5968308174229126,-0.37424021842985394,0.2535094748960833,0.10029902655450428,0.15100674909322423,0.13276375717777208,0.0840820369036369,0.09525107063856239,0.12310103174631529,0.10880349134477196,0.07790636622488835,-0.0012183326482772827,0.0035139137506484982,-1.2034453451633454e-05,0.46815156972913746,-0.0011187115654420102,0.0020770032335780887,1.810015423205655e-05,0.405061959954538,1491.4898962194159,1711.5800103181853,1600.6504416497257,1344.1793193741005,-0.04157217038136392,-0.0007937405825225141,-0.08871060666170648,-0.0005605298195782147,-0.00034121475518364154,-0.0,-0.0,0.0,-0.13197826220035477,0.004743441168952018,0.003277880841912954,0.0014655603270390643,0.16704220561462232,0.15874811650450282,0.15874811650450282,0.0758950587032323,0.029570202220568827,0.5605298195782147,0.00034121475518364154,0.25330260396003723,0.06141101196408272,0.032778808419129536,0.008793361962234385,d_final,hover
2.43,2.44,STEP,STEP,0.0,0.0,1.0,0.0,0.0,1.0,-0.04308953881263733,0.03769844025373459,0.03828263655304909,0.17398646473884583,0.35143738985061646,0.07048827409744263,0.9925768971443176,0.06390759348869324,0.10344525426626205,0.002446472877636552,0.5968308448791504,-0.3742402195930481,0.2535094618797302,0.018470948562026024,0.9998294115066528,0.021809015423059464,0.058864232152700424,-0.008330605924129486,0.22501154243946075,0.021809015423059464,0.058864232152700424,-0.008330605924129486,0.22501154243946075,-0.13276106947441962,False,False,2.43,absolute,0.0,0.0,0.0,0.0,0.0,0.0,0.34634462484690237,0.20064361585719892,-0.0826422765298099,0.3662649916095026,0.18830720762104938,-0.08700272796991702,-0.04308953881263733,0.03769844025373459,0.03828263655304909,0.17398646473884583,0.35143738985061646,0.07048827409744263,0.9925768971443176,0.06390759348869324,0.10344525426626205,0.002446472877636552,0.5968308448791504,-0.3742402195930481,0.2535094618797302,0.018470948562026024,0.9998294115066528,0.17398646473884583,0.35143738985061646,0.07048827409744263,-0.04308953988425413,0.037698440212775734,1.0382826374096543,0.9925769056652486,0.06390759383591546,0.10344525392877178,0.0024464729133415906,0.34634462484690237,0.20064361585719892,-0.0826422765298099,0.5968308174229126,-0.37424021842985394,0.2535094748960833,0.17235815953701653,-0.15079376085110294,-0.15313054963861727,position_error,position_error,position_error,0.15803035446924457,-0.15852642756826854,-0.14970428562787763,0.20823463714025803,0.3468336351893179,0.06270155765796061,-0.03950758861731114,0.039631606892067135,1.0374260714069694,0.9923431719063301,0.06527166543194314,0.10479037550311117,0.0036899951952953512,0.3662649916095026,0.18830720762104938,-0.08700272796991702,0.1664030810045779,0.4467108813150896,0.25877130782946794,0.12988689201597933,0.1368316760055246,0.13844366413899278,0.1329013390592337,0.10129311774589982,0.12556262568589563,0.1140318465142407,0.08718465660733107,0.00016356761567294596,0.00044148174114525316,-8.330605924129486e-06,0.5380635712197304,-0.0009064753411679584,0.001807230852377341,1.531143088346796e-05,0.42807224655336723,1540.7064799167579,1730.3154126913012,1641.6627513110095,1424.199784750161,-0.0397194031577778,-0.0008379335996815317,-0.09144847863805537,-0.0002942031866088935,-0.00046105089229603763,-0.0,-0.0,0.0,-0.13276106947441962,0.004532224644161609,0.0031315138232020363,0.001400710820959573,0.17717912319495338,0.16758671993630633,0.16758671993630633,0.07251559430658575,0.030482826212685124,0.29420318660889344,0.00046105089229603763,0.05464022234082222,0.2213331162929535,0.03131513823202036,0.008404264925757438,d_final,hover
2.44,2.45,STEP,STEP,0.0,0.0,1.0,0.0,0.0,1.0,-0.03950759023427963,0.03963160514831543,0.03742607310414314,0.20823463797569275,0.34683364629745483,0.06270156055688858,0.9923431873321533,0.06527166813611984,0.10479037463665009,0.0036899952683597803,0.16640308499336243,0.44671088457107544,0.25877130031585693,0.02147044613957405,0.9997695088386536,0.2923808991909027,-0.5928443074226379,-0.023031797260046005,0.13428954780101776,0.2923808991909027,-0.5928443074226379,-0.023031797260046005,0.13428954780101776,-0.13758653939913662,False,False,2.44,absolute,0.0,0.0,0.0,0.0,0.0,0.0,0.3662649916095026,0.18830720762104938,-0.08700272796991702,0.387445652796654,0.1754430385575125,-0.08818017103345681,-0.03950759023427963,0.03963160514831543,0.03742607310414314,0.20823463797569275,0.34683364629745483,0.06270156055688858,0.9923431873321533,0.06527166813611984,0.10479037463665009,0.0036899952683597803,0.16640308499336243,0.44671088457107544,0.25877130031585693,0.02147044613957405,0.9997695088386536,0.20823463797569275,0.34683364629745483,0.06270156055688858,-0.03950758861731114,0.039631606892067135,1.0374260714069694,0.9923431719063301,0.06527166543194314,0.10479037550311117,0.0036899951952953512,0.3662649916095026,0.18830720762104938,-0.08700272796991702,0.1664030810045779,0.4467108813150896,0.25877130782946794,0.15803035446924457,-0.15852642756826854,-0.14970428562787763,position_error,position_error,position_error,0.14287568894752264,-0.16575066402849148,-0.14618956960410578,0.24456996384913135,0.341193702586004,0.058009398570648976,-0.03571892223688066,0.04143766600712287,1.0365473924010264,0.9918697504223732,0.06504057835806502,0.10925065237639897,0.005330695943188521,0.387445652796654,0.1754430385575125,-0.08818017103345681,-0.11820031351833739,1.0104759310915363,0.26381255065142595,0.13814092306187087,0.07719838900602094,0.10627166041531576,0.1710916014173014,0.10773229525279737,0.1162874504349301,0.11261350334876147,0.10121691758514514,0.0021928567439317703,-0.0044463323056697845,-2.3031797260046007e-05,0.4927025739005089,-0.00036024357667133666,0.0007053938011369588,1.68780976540126e-05,0.4378501666216341,1592.1779232643964,1659.1903634202044,1630.5912426890163,1540.091549013139,-0.03794348704670957,-0.000897963501120202,-0.09699589126692221,-0.0011046299833123519,-0.0006445676010722874,-0.0,-0.0,0.0,-0.13758653939913662,0.0043286334611968,0.002992921569882194,0.0013357118913146055,0.18867013621280787,0.1795927002240404,0.1795927002240404,0.0692581353791488,0.032331963755640736,1.1046299833123518,0.0006445676010722874,0.4555150866508484,0.5063797831535339,0.02992921569882194,0.008014271347887634,d_final,hover
2.45,2.46,STEP,STEP,0.0,0.0,1.0,0.0,0.0,1.0,-0.035718921571969986,0.04143766686320305,0.03654739260673523,0.24456995725631714,0.34119370579719543,0.058009397238492966,0.9918697476387024,0.06504058092832565,0.10925064980983734,0.005330695770680904,-0.11820031702518463,1.0104758739471436,0.2638125419616699,0.02538560889661312,0.9996777176856995,0.4237898588180542,-0.9459497332572937,-0.019084401428699493,0.007503345608711243,0.4237898588180542,-0.9459497332572937,-0.019084401428699493,0.007503345608711243,-0.14278722353934353,False,False,2.45,absolute,0.0,0.0,0.0,0.0,0.0,0.0,0.387445652796654,0.1754430385575125,-0.08818017103345681,0.4096530567956996,0.16271232335407643,-0.08943226349122194,-0.035718921571969986,0.04143766686320305,0.03654739260673523,0.24456995725631714,0.34119370579719543,0.058009397238492966,0.9918697476387024,0.06504058092832565,0.10925064980983734,0.005330695770680904,-0.11820031702518463,1.0104758739471436,0.2638125419616699,0.02538560889661312,0.9996777176856995,0.24456995725631714,0.34119370579719543,0.058009397238492966,-0.03571892223688066,0.04143766600712287,1.0365473924010264,0.9918697504223732,0.06504057835806502,0.10925065237639897,0.005330695943188521,0.387445652796654,0.1754430385575125,-0.08818017103345681,-0.11820031351833739,1.0104759310915363,0.26381255065142595,0.14287568894752264,-0.16575066402849148,-0.14618956960410578,position_error,position_error,position_error,0.1268475050075148,-0.17246177761612771,-0.14263646098493155,0.2828055517881848,0.33517410097020417,0.05320419749370961,-0.0317118762518787,0.04311544440403193,1.0356591152462329,0.9913150328365862,0.06438619423417782,0.11444895546706417,0.00709649608855916,0.4096530567956996,0.16271232335407643,-0.08943226349122194,-0.15013965903388904,1.0492004202768717,0.2704632794053228,0.1342161273260154,0.03548847555706324,0.07883217797947055,0.18077269194180648,0.11241332047516758,0.09935349749153363,0.10621651909138227,0.114771248797438,0.0031784239411354063,-0.007094622999429702,-1.9084401428699494e-05,0.42930947280435566,0.0003260066844965187,-0.0007641825103439784,2.676025406881462e-05,0.4327545858555215,1629.0254437438132,1525.0091673491586,1580.1464805348728,1647.4190368748114,-0.036275281416581075,-0.0009757567235717697,-0.10346487249277987,-0.0011965138246306584,-0.0008747990817801797,-0.0,-0.0,0.0,-0.14278722353934353,0.004136157141715755,0.002864584641571636,0.0012715725001441187,0.20228905686650556,0.19515134471435394,0.19515134471435394,0.06617851426745208,0.034488290830926624,1.1965138246306584,0.0008747990817801797,1.0748392343521118,0.1580420732498169,0.02864584641571636,0.007629435000864712,d_final,hover
2.46,2.47,STEP,STEP,0.0,0.0,1.0,0.0,0.0,1.0,-0.0317118763923645,0.04311544448137283,0.03565911576151848,0.28280556201934814,0.3351741135120392,0.05320419743657112,0.9913150072097778,0.06438619643449783,0.11444895714521408,0.007096495945006609,-0.15013965964317322,1.049200415611267,0.2704632878303528,0.029572689905762672,0.9995626211166382,0.42805013060569763,-0.9942512512207031,-0.019019559025764465,-0.0024764277040958405,0.42805013060569763,-0.9942512512207031,-0.019019559025764465,-0.0024764277040958405,-0.14523422374493458,False,False,2.46,absolute,0.0,0.0,0.0,0.0,0.0,0.0,0.4096530567956996,0.16271232335407643,-0.08943226349122194,0.43253281738113913,0.15024464713470861,-0.09191160345572441,-0.0317118763923645,0.04311544448137283,0.03565911576151848,0.28280556201934814,0.3351741135120392,0.05320419743657112,0.9913150072097778,0.06438619643449783,0.11444895714521408,0.007096495945006609,-0.15013965964317322,1.049200415611267,0.2704632878303528,0.029572689905762672,0.9995626211166382,0.28280556201934814,0.3351741135120392,0.05320419743657112,-0.0317118762518787,0.04311544440403193,1.0356591152462329,0.9913150328365862,0.06438619423417782,0.11444895546706417,0.00709649608855916,0.4096530567956996,0.16271232335407643,-0.08943226349122194,-0.15013965903388904,1.0492004202768717,0.2704632794053228,0.1268475050075148,-0.17246177761612771,-0.14263646098493155,position_error,position_error,position_error,0.10991377323861191,-0.17867057065586658,-0.13900314325816066,0.32261904414252723,0.3289152177905752,0.047091539802436244,-0.02747844330965298,0.044667642663966646,1.0347507858145402,0.9909244916684335,0.06465827204650292,0.11752845444607074,0.00866152775986223,0.43253281738113913,0.15024464713470861,-0.09191160345572441,0.08411574105917517,0.5090983693020288,0.279456712414528,0.13530704690509412,0.03145073825567546,0.07525177318691523,0.18231002780026734,0.11647825720169186,0.08507075842047337,0.10035369187844775,0.12647819824957202,0.003210375979542732,-0.007456884384155273,-1.9019559025764467e-05,0.4243195861479521,0.0008938760281544866,-0.002034044042161077,3.138097491595972e-05,0.428380905750185,1660.6686903262344,1406.2325175981098,1533.115404059844,1737.2595067269647,-0.03474833416714454,-0.0010724294062931196,-0.10796177849113024,-0.0003443526616334553,-0.0011073290187332391,-0.0,-0.0,0.0,-0.14523422374493458,0.003957880262605672,0.002750263147877626,0.0012076171147280459,0.2181058349541013,0.2144858812586239,0.2144858812586239,0.06332608420169075,0.035987259497043414,0.3443526616334553,0.0011073290187332391,1.1721303462982178,0.002450786530971527,0.02750263147877626,0.007245702688368275,d_final,hover
2.47,2.48,STEP,STEP,0.0,0.0,1.0,0.0,0.0,1.0,-0.027478443458676338,0.04466764256358147,0.03475078567862511,0.3226190507411957,0.32891520857810974,0.047091539949178696,0.9909244775772095,0.0646582692861557,0.11752845346927643,0.008661528117954731,0.08411574363708496,0.5090983510017395,0.2794567048549652,0.03327041119337082,0.9994463920593262,0.3222944736480713,-0.7509831190109253,-0.02496017888188362,0.11859558522701263,0.3222944736480713,-0.7509831190109253,-0.02496017888188362,0.11859558522701263,-0.14432213991362886,False,False,2.47,absolute,0.0,0.0,0.0,0.0,0.0,0.0,0.43253281738113913,0.15024464713470861,-0.09191160345572441,0.45594974582181536,0.1374898818170959,-0.09351334091382352,-0.027478443458676338,0.04466764256358147,0.03475078567862511,0.3226190507411957,0.32891520857810974,0.047091539949178696,0.9909244775772095,0.0646582692861557,0.11752845346927643,0.008661528117954731,0.08411574363708496,0.5090983510017395,0.2794567048549652,0.03327041119337082,0.9994463920593262,0.3226190507411957,0.32891520857810974,0.047091539949178696,-0.02747844330965298,0.044667642663966646,1.0347507858145402,0.9909244916684335,0.06465827204650292,0.11752845444607074,0.00866152775986223,0.43253281738113913,0.15024464713470861,-0.09191160345572441,0.08411574105917517,0.5090983693020288,0.279456712414528,0.10991377323861191,-0.17867057065586658,-0.13900314325816066,position_error,position_error,position_error,0.09205166465806396,-0.18437632473079527,-0.13528150984447507,0.3638980811637514,0.32186620654789116,0.04176816893065155,-0.02301291616451599,0.046094081182698816,1.0338203774611188,0.9909193683626308,0.0668979040625626,0.11622527476431252,0.009755067493407606,0.45594974582181536,0.1374898818170959,-0.09351334091382352,0.5046125172178826,-0.4511641453085203,0.28811104412077215,0.14289825221411964,0.06534472508032077,0.0974285189342258,0.17918409638484015,0.12116367172604459,0.08136181080485308,0.09982145774296655,0.13573935459219696,0.0024172085523605346,-0.00563237339258194,-2.496017888188362e-05,0.48485559261350636,0.001167964085229819,-0.0026770720359732673,2.30707465874488e-05,0.4380862948660612,1696.7651209928242,1374.3407491635824,1528.8049519391259,1806.8106615077509,-0.03340549389439801,-0.001188821241640047,-0.10790186437202262,-0.000541190852289297,-0.0012847695532788792,-0.0,-0.0,0.0,-0.14432213991362886,0.0037980765620848206,0.0026542586304722704,0.0011438179316125502,0.23553838324592202,0.23776424832800938,0.23776424832800938,0.06076922499335713,0.03596728812400754,0.541190852289297,0.0012847695532788792,0.6825372576713562,0.08505736291408539,0.026542586304722705,0.006862907589675301,d_final,hover
2.48,2.49,STEP,STEP,0.0,0.0,1.0,0.0,0.0,1.0,-0.02301291562616825,0.04609408229589462,0.03382037580013275,0.36389806866645813,0.3218662142753601,0.04176816716790199,0.9909193515777588,0.0668979063630104,0.11622527241706848,0.009755067527294159,0.5046125054359436,-0.4511641561985016,0.28811103105545044,0.035836007446050644,0.9993577003479004,0.0685395896434784,-0.11808199435472488,-0.007579538971185684,0.23858337104320526,0.0685395896434784,-0.11808199435472488,-0.007579538971185684,0.23858337104320526,-0.14118152147023819,False,False,2.48,absolute,0.0,0.0,0.0,0.0,0.0,0.0,0.45594974582181536,0.1374898818170959,-0.09351334091382352,0.47950533442602766,0.12364411511496842,-0.09166614714504202,-0.02301291562616825,0.04609408229589462,0.03382037580013275,0.36389806866645813,0.3218662142753601,0.04176816716790199,0.9909193515777588,0.0668979063630104,0.11622527241706848,0.009755067527294159,0.5046125054359436,-0.4511641561985016,0.28811103105545044,0.035836007446050644,0.9993577003479004,0.36389806866645813,0.3218662142753601,0.04176816716790199,-0.02301291616451599,0.046094081182698816,1.0338203774611188,0.9909193683626308,0.0668979040625626,0.11622527476431252,0.009755067493407606,0.45594974582181536,0.1374898818170959,-0.09351334091382352,0.5046125172178826,-0.4511641453085203,0.28811104412077215,0.09205166465806396,-0.18437632473079527,-0.13528150984447507,position_error,position_error,position_error,0.07324751614585608,-0.18954831546454676,-0.1315717915068486,0.4062578182801716,0.3131924305795152,0.03990564436180659,-0.01831187903646402,0.04738707886613669,1.0328929478767122,0.9913380280039743,0.07150241330458165,0.10968641898176028,0.010257125122078386,0.47950533442602766,0.12364411511496842,-0.09166614714504202,0.9744347516357681,-1.5156719924795412,0.29472217101621545,0.13852077518648015,0.12663417656419282,0.13326595924341328,0.1464285745275164,0.12426595098152017,0.08909832796976769,0.10567714753500601,0.13766328048539384,0.0005140469223260879,-0.0008856149576604366,-7.579538971185684e-06,0.5448494855216026,0.001059806750338454,-0.00237422104204147,1.8898050964505993e-05,0.4567047069716877,1720.45839425723,1440.3409676329275,1575.8529634928823,1821.113146512638,-0.03230027769323611,-0.0013236368696900019,-0.10286223370452886,-0.003333645832070875,-0.0013617273707123227,-0.0,-0.0,0.0,-0.14118152147023819,0.0036628061773316518,0.002580860157311549,0.0010819460200201026,0.2536159154779967,0.2647273739380004,0.2647273739380004,0.05860489883730643,0.034287411234842954,3.333645832070875,0.0013617273707123227,0.07562050968408585,0.4796545207500458,0.025808601573115493,0.006491676120120616,d_final,hover
2.49,2.5,STEP,STEP,0.0,0.0,1.0,0.0,0.0,1.0,-0.0183118786662817,0.047387078404426575,0.032892946153879166,0.4062578082084656,0.3131924271583557,0.039905644953250885,0.9913380146026611,0.07150240987539291,0.10968641936779022,0.010257124900817871,0.9744347333908081,-1.515671968460083,0.29472216963768005,0.03689321503043175,0.9993191957473755,-0.09572625160217285,0.2425636351108551,-0.0216829851269722,0.055861085653305054,-0.09572625160217285,0.2425636351108551,-0.0216829851269722,0.055861085653305054,-0.13693772953449115,False,False,2.49,absolute,0.0,0.0,0.0,0.0,0.0,0.0,0.47950533442602766,0.12364411511496842,-0.09166614714504202,0.5016660734148898,0.10844693254340536,-0.08819251688545875,-0.0183118786662817,0.047387078404426575,0.032892946153879166,0.4062578082084656,0.3131924271583557,0.039905644953250885,0.9913380146026611,0.07150240987539291,0.10968641936779022,0.010257124900817871,0.9744347333908081,-1.515671968460083,0.29472216963768005,0.03689321503043175,0.9993191957473755,0.4062578082084656,0.3131924271583557,0.039905644953250885,-0.01831187903646402,0.04738707886613669,1.0328929478767122,0.9913380280039743,0.07150241330458165,0.10968641898176028,0.010257125122078386,0.47950533442602766,0.12364411511496842,-0.09166614714504202,0.9744347516357681,-1.5156719924795412,0.29472217101621545,0.07324751614585608,-0.18954831546454676,-0.1315717915068486,position_error,position_error,position_error,0.05352821750259102,-0.19413365229239857,-0.12798857162243937,0.44813785591229877,0.3025805848358039,0.03979605473698063,-0.013382054375647755,0.04853341307309964,1.0319971429056098,0.9919933774835537,0.07817523189094905,0.09865579897758862,0.010237454549932011,0.5016660734148898,0.10844693254340536,-0.08819251688545875,1.3636819056122276,-2.3740152370342558,0.30008319650197435,0.1046721992561539,0.1322253717755607,0.1202468050589424,0.09634396673599561,0.12064558038037627,0.09653309431281168,0.10827781183375124,0.12988534007152,-0.0007179468870162964,0.0018192272633314132,-2.16829851269722e-05,0.45348834282665257,0.0007419061918332039,-0.001616431105765061,1.4879449508987193e-05,0.4553418265984592,1692.7926207417424,1502.0126676355635,1596.4957053665264,1762.9891558617787,-0.031488618563101235,-0.0014698313709693906,-0.09506600131866019,-0.007585626610187853,-0.0013276516715724747,-0.0,-0.0,0.0,-0.13693772953449115,0.003558388717958931,0.0025345715638369127,0.0010238171541220183,0.2712075064281794,0.2939662741938781,0.2939662741938781,0.056934219487342896,0.031688667106220064,7.585626610187853,0.0013276516715724747,0.07159124314785004,0.19063487648963928,0.025345715638369126,0.00614290292473211,d_final,hover
2.5,2.5100000000000002,STEP,STEP,0.0,0.0,1.0,0.0,0.0,1.0,-0.013382053934037685,0.04853341355919838,0.03199714422225952,0.4481378495693207,0.3025805950164795,0.03979605436325073,0.9919933676719666,0.07817523181438446,0.09865579754114151,0.010237454436719418,1.3636819124221802,-2.3740153312683105,0.300083190202713,0.036428891122341156,0.9993362426757812,-0.1684666872024536,0.2971028983592987,-0.06684453040361404,-0.1361003816127777,-0.1684666872024536,0.2971028983592987,-0.06684453040361404,-0.1361003816127777,-0.13260226912033798,False,False,2.5,absolute,0.0,0.0,0.0,0.0,0.0,0.0,0.5016660734148898,0.10844693254340536,-0.08819251688545875,0.5207554634025257,0.09214751461687987,-0.08719534121168768,-0.013382053934037685,0.04853341355919838,0.03199714422225952,0.4481378495693207,0.3025805950164795,0.03979605436325073,0.9919933676719666,0.07817523181438446,0.09865579754114151,0.010237454436719418,1.3636819124221802,-2.3740153312683105,0.300083190202713,0.036428891122341156,0.9993362426757812,0.4481378495693207,0.3025805950164795,0.03979605436325073,-0.013382054375647755,0.04853341307309964,1.0319971429056098,0.9919933774835537,0.07817523189094905,0.09865579897758862,0.010237454549932011,0.5016660734148898,0.10844693254340536,-0.08819251688545875,1.3636819056122276,-2.3740152370342558,0.30008319650197435,0.05352821750259102,-0.19413365229239857,-0.12798857162243937,position_error,position_error,position_error,0.03299194169492351,-0.1980834687001409,-0.12449731785914508,0.4877635217076021,0.2902309833170208,0.03730197664745741,-0.008247985423730878,0.049520867175035226,1.0311243294647863,0.9926271732441494,0.08623242819522824,0.08460514341599143,0.009860678092498581,0.5207554634025257,0.09214751461687987,-0.08719534121168768,1.6099184129118065,-2.9188257772944146,0.3032255095629825,0.07974154959699391,0.11688101690079256,0.09338561102644351,0.06749943166938124,0.11285941121163981,0.10013404345418409,0.10552883501795102,0.11769298624256017,-0.001263500154018402,0.0022282717376947403,-6.684453040361404e-05,0.3575076091936112,0.0003616239009551687,-0.0008799689436109035,3.333626205108604e-06,0.4362152759263351,1632.5136101201815,1531.3373750298006,1574.671218933999,1670.0644831515147,-0.03101579880097096,-0.0016176935712378738,-0.08756437178931403,-0.011203326924080543,-0.0012010780347345843,-0.0,-0.0,0.0,-0.13260226912033798,0.003489069433950121,0.0025203455493175582,0.0009687238846325628,0.28728044464266994,0.32353871424757474,0.32353871424757474,0.05582511094320194,0.029188123929771343,11.203326924080542,0.0012010780347345843,0.13964267075061798,0.04715447127819061,0.025203455493175583,0.005812343307795377,d_final,hover
2.5100000000000002,2.52,STEP,STEP,0.0,0.0,1.0,0.0,0.0,1.0,-0.008247985504567623,0.04952086880803108,0.031124329194426537,0.48776352405548096,0.29023098945617676,0.03730197623372078,0.9926271438598633,0.08623243123292923,0.0846051424741745,0.009860677644610405,1.6099183559417725,-2.91882586479187,0.3032255172729492,0.03464963659644127,0.9993995428085327,-0.16356903314590454,0.1975090056657791,-0.09961918741464615,-0.23648840188980103,-0.16356903314590454,0.1975090056657791,-0.09961918741464615,-0.23648840188980103,-0.1294903289621105,False,False,2.5100000000000002,absolute,0.0,0.0,0.0,0.0,0.0,0.0,0.5207554634025257,0.09214751461687987,-0.08719534121168768,0.5360398237466817,0.07502828776320218,-0.09105209471395503,-0.008247985504567623,0.04952086880803108,0.031124329194426537,0.48776352405548096,0.29023098945617676,0.03730197623372078,0.9926271438598633,0.08623243123292923,0.0846051424741745,0.009860677644610405,1.6099183559417725,-2.91882586479187,0.3032255172729492,0.03464963659644127,0.9993995428085327,0.48776352405548096,0.29023098945617676,0.03730197623372078,-0.008247985423730878,0.049520867175035226,1.0311243294647863,0.9926271732441494,0.08623242819522824,0.08460514341599143,0.009860678092498581,0.5207554634025257,0.09214751461687987,-0.08719534121168768,1.6099184129118065,-2.9188257772944146,0.3032255095629825,0.03299194169492351,-0.1980834687001409,-0.12449731785914508,position_error,position_error,position_error,0.011782490243691754,-0.20136082886246462,-0.12093381583184115,0.52425733350299,0.2763891166256668,0.029881721117886118,-0.0029456225609229385,0.050340207215616155,1.0302334539579603,0.9930554160834599,0.09491602981423854,0.068889265974179,0.009282074398955724,0.5360398237466817,0.07502828776320218,-0.09105209471395503,1.7099760336630543,-3.2033493972628033,0.3019506318969214,0.07083571690491541,0.10017036488248791,0.07443562913655304,0.06187188813114319,0.10479141811732312,0.10014062711049768,0.09963746278586365,0.106750833946515,-0.001226767748594284,0.0014813175424933432,-9.961918741464615e-05,0.30731359905509953,5.1485771943642674e-05,-0.0004159219534311414,-1.4627726113725808e-05,0.41132034196019945,1568.7881370106659,1531.3906864587148,1527.3131649206828,1584.3933583917624,-0.030912501977194536,-0.001760648063888744,-0.08252870209295157,-0.013276639580748945,-0.0010118372473266702,-0.0,-0.0,0.0,-0.1294903289621105,0.0034568748930106953,0.002542813154782591,0.0009140617382281046,0.3012584205588505,0.3521296127777488,0.3521296127777488,0.055309998288171125,0.027509567364317193,13.276639580748945,0.0010118372473266702,0.13161538541316986,0.02109486237168312,0.02542813154782591,0.005484370429368628,d_final,hover
2.52,2.5300000000000002,STEP,STEP,0.0,0.0,1.0,0.0,0.0,1.0,-0.0029456226620823145,0.0503402054309845,0.03023345395922661,0.5242573618888855,0.27638912200927734,0.02988172136247158,0.9930554032325745,0.09491603076457977,0.06888926774263382,0.009282073937356472,1.709976077079773,-3.2033493518829346,0.3019506335258484,0.031804025173187256,0.9994941353797913,-0.13783788681030273,0.0869317278265953,-0.11178665608167648,-0.28070729970932007,-0.13783788681030273,0.0869317278265953,-0.11178665608167648,-0.28070729970932007,-0.1288573364486033,False,False,2.52,absolute,0.0,0.0,0.0,0.0,0.0,0.0,0.5360398237466817,0.07502828776320218,-0.09105209471395503,0.5475265223212931,0.05727800286723434,-0.1002665686788606,-0.0029456226620823145,0.0503402054309845,0.03023345395922661,0.5242573618888855,0.27638912200927734,0.02988172136247158,0.9930554032325745,0.09491603076457977,0.06888926774263382,0.009282073937356472,1.709976077079773,-3.2033493518829346,0.3019506335258484,0.031804025173187256,0.9994941353797913,0.5242573618888855,0.27638912200927734,0.02988172136247158,-0.0029456225609229385,0.050340207215616155,1.0302334539579603,0.9930554160834599,0.09491602981423854,0.068889265974179,0.009282074398955724,0.5360398237466817,0.07502828776320218,-0.09105209471395503,1.7099760336630543,-3.2033493972628033,0.3019506318969214,0.011782490243691754,-0.20136082886246462,-0.12093381583184115,position_error,position_error,position_error,-0.009946532185391318,-0.20393776252133813,-0.11708732277430123,0.5574730545066844,0.2612157653885725,0.016820754095440635,0.0024866330463478295,0.050984440630334533,1.0292718306935753,0.9932015014333612,0.10361392494181274,0.05235560736091878,0.008592001311613497,0.5475265223212931,0.05727800286723434,-0.1002665686788606,1.6973068194140355,-3.3386332953622526,0.29501604931708314,0.06929594460084741,0.08792618634902852,0.06389647928649629,0.06408553990896779,0.09800815916344571,0.09788930219948613,0.09277097509774865,0.09849870119883425,-0.0010337841510772705,0.0006519879586994648,-0.00011178665608167648,0.28520415014534,-0.00016361534102076695,-0.00020670594426467227,-3.331668267452859e-05,0.3871671376595147,1514.065600090371,1513.0965218484168,1471.004525343761,1518.061268149368,-0.031197005735872984,-0.0018964641017844483,-0.08086173038386978,-0.014114357189485465,-0.000787779037590652,-0.0,-0.0,0.0,-0.1288573364486033,0.0034624366024486332,0.002605596530295296,0.0008568400721533374,0.313119447052341,0.37929282035688966,0.37929282035688966,0.05539898563917813,0.02695391012795659,14.114357189485464,0.000787779037590652,0.11784925311803818,0.014992783777415752,0.026055965302952958,0.005141040432920025,d_final,hover
2.5300000000000002,2.54,STEP,STEP,0.0,0.0,1.0,0.0,0.0,1.0,0.002486633136868477,0.05098444223403931,0.02927182987332344,0.5574730634689331,0.26121577620506287,0.0168207548558712,0.993201494216919,0.10361392796039581,0.052355606108903885,0.008592001162469387,1.6973068714141846,-3.3386332988739014,0.2950160503387451,0.028063716366887093,0.9996061325073242,-0.11501610279083252,0.015418882481753826,-0.11437918990850449,-0.29131340980529785,-0.11501610279083252,0.015418882481753826,-0.11437918990850449,-0.29131340980529785,-0.13141664731965924,False,False,2.5300000000000002,absolute,0.0,0.0,0.0,0.0,0.0,0.0,0.5475265223212931,0.05727800286723434,-0.1002665686788606,0.5555121080074257,0.03900294886995163,-0.1143643865875567,0.002486633136868477,0.05098444223403931,0.02927182987332344,0.5574730634689331,0.26121577620506287,0.0168207548558712,0.993201494216919,0.10361392796039581,0.052355606108903885,0.008592001162469387,1.6973068714141846,-3.3386332988739014,0.2950160503387451,0.028063716366887093,0.9996061325073242,0.5574730634689331,0.26121577620506287,0.0168207548558712,0.0024866330463478295,0.050984440630334533,1.0292718306935753,0.9932015014333612,0.10361392494181274,0.05235560736091878,0.008592001311613497,0.5475265223212931,0.05727800286723434,-0.1002665686788606,1.6973068194140355,-3.3386332953622526,0.29501604931708314,-0.009946532185391318,-0.20393776252133813,-0.11708732277430123,position_error,position_error,position_error,-0.03204990901289435,-0.20579184538498044,-0.11275273767205807,0.5875620170203201,0.24479479425493206,-0.0016116489154986285,0.008012477253223587,0.05144796134624511,1.0281881844180145,0.993058011134378,0.11190244186148597,0.0353907154243901,0.00781839427377206,0.5555121080074257,0.03900294886995163,-0.1143643865875567,1.6081359157265762,-3.4126255188486394,0.2826366027813665,0.07044332569975092,0.0817066387762504,0.05987934391049833,0.06787178671085148,0.09279014738213215,0.09488603961993933,0.08644671499822362,0.09266900471651929,-0.0008626207709312439,0.00011564161861315369,-0.00011437918990850449,0.2799010950973511,-0.00030265532094350114,-0.0001458887829226701,-4.9410000819250974e-05,0.3667919067168144,1471.1635545911452,1488.4855522673513,1417.9442481266117,1470.1585290052167,-0.03187836762888554,-0.002025781062757641,-0.08264795539688047,-0.014311997504578492,-0.0005525457265571105,-0.0,-0.0,0.0,-0.13141664731965924,0.0035056662592021525,0.002711092518418156,0.0007945737407839965,0.3231941450829539,0.4051562125515282,0.4051562125515282,0.05609066014723444,0.02754931846562682,14.31199750457849,0.0005525457265571105,0.11141255497932434,0.0057541318237781525,0.02711092518418156,0.004767442444703979,d_final,hover
2.54,2.5500000000000003,STEP,STEP,0.0,0.0,1.0,0.0,0.0,1.0,0.008012477308511734,0.05144796147942543,0.028188183903694153,0.5875620245933533,0.2447948008775711,-0.0016116489423438907,0.9930580258369446,0.11190244555473328,0.035390716046094894,0.007818394340574741,1.6081359386444092,-3.412625551223755,0.2826366126537323,0.02350412681698799,0.9997237324714661,-0.09092789888381958,-0.03193569555878639,-0.11235683411359787,-0.2840208411216736,-0.09092789888381958,-0.03193569555878639,-0.11235683411359787,-0.2840208411216736,-0.13742488361768695,False,False,2.54,absolute,0.0,0.0,0.0,0.0,0.0,0.0,0.5555121080074257,0.03900294886995163,-0.1143643865875567,0.560322531828713,0.02024222173936754,-0.13246260945445323,0.008012477308511734,0.05144796147942543,0.028188183903694153,0.5875620245933533,0.2447948008775711,-0.0016116489423438907,0.9930580258369446,0.11190244555473328,0.035390716046094894,0.007818394340574741,1.6081359386444092,-3.412625551223755,0.2826366126537323,0.02350412681698799,0.9997237324714661,0.5875620245933533,0.2447948008775711,-0.0016116489423438907,0.008012477253223587,0.05144796134624511,1.0281881844180145,0.993058011134378,0.11190244186148597,0.0353907154243901,0.00781839427377206,0.5555121080074257,0.03900294886995163,-0.1143643865875567,1.6081359157265762,-3.4126255188486394,0.2826366027813665,-0.03204990901289435,-0.20579184538498044,-0.11275273767205807,position_error,position_error,position_error,-0.05439555860734913,-0.20690321339515208,-0.10775519669153333,0.6147180904360622,0.22714543513451962,-0.024707412762919906,0.013598889651837283,0.05172580334878802,1.0269387991728833,0.9926429636605978,0.11951576375336036,0.01810089398562685,0.006948852169775909,0.560322531828713,0.02024222173936754,-0.13246260945445323,1.4719769712218305,-3.4755217083464975,0.2657501124747317,0.0726739104222313,0.07874423187306243,0.05964213332819225,0.07248710381567727,0.08902237283350178,0.0918869879392605,0.08133239833546967,0.08888821361539025,-0.0006819592416286468,-0.00023951771669089794,-0.00011235683411359787,0.28354737943916325,-0.0003779007145983584,-0.00016585738215749244,-6.189735649093502e-05,0.35112997272362223,1439.7025014469139,1463.6605228652763,1374.085895560033,1438.5743442417295,-0.032959078723665006,-0.0021504191782862315,-0.08766996089176768,-0.014316590471275483,-0.00032883435269253145,-0.0,-0.0,0.0,-0.13742488361768695,0.0035861874327172767,0.002860488531840337,0.0007256989008769397,0.3319174301193679,0.4300838356572463,0.4300838356572463,0.05737899892347643,0.029223320297255894,14.316590471275482,0.00032883435269253145,0.10257966816425323,0.00287996931001544,0.02860488531840337,0.004354193405261638,d_final,hover
2.5500000000000003,2.56,STEP,STEP,0.0,0.0,1.0,0.0,0.0,1.0,0.013598890043795109,0.051725804805755615,0.026938799768686295,0.6147180795669556,0.22714543342590332,-0.024707412347197533,0.9926429390907288,0.11951576173305511,0.01810089312493801,0.006948851980268955,1.4719769954681396,-3.4755218029022217,0.26575011014938354,0.01813279651105404,0.9998356103897095,-0.059867050498723984,-0.07448375970125198,-0.10766717046499252,-0.26883769035339355,-0.059867050498723984,-0.07448375970125198,-0.10766717046499252,-0.26883769035339355,-0.1470351217730852,False,False,2.5500000000000003,absolute,0.0,0.0,0.0,0.0,0.0,0.0,0.560322531828713,0.02024222173936754,-0.13246260945445323,0.5622002321812198,0.0009956658475179171,-0.15361490239244446,0.013598890043795109,0.051725804805755615,0.026938799768686295,0.6147180795669556,0.22714543342590332,-0.024707412347197533,0.9926429390907288,0.11951576173305511,0.01810089312493801,0.006948851980268955,1.4719769954681396,-3.4755218029022217,0.26575011014938354,0.01813279651105404,0.9998356103897095,0.6147180795669556,0.22714543342590332,-0.024707412347197533,0.013598889651837283,0.05172580334878802,1.0269387991728833,0.9926429636605978,0.11951576375336036,0.01810089398562685,0.006948852169775909,0.560322531828713,0.02024222173936754,-0.13246260945445323,1.4719769712218305,-3.4755217083464975,0.2657501124747317,-0.05439555860734913,-0.20690321339515208,-0.10775519669153333,position_error,position_error,position_error,-0.0768626392582339,-0.20725252466287986,-0.10195752130402624,0.6390628714394537,0.20824819051039778,-0.05165738108841822,0.019215659814558476,0.051813131165719964,1.0254893803260066,0.9919712906001058,0.1263226181511987,0.000431135220294593,0.00594717504442782,0.5622002321812198,0.0009956658475179171,-0.15361490239244446,1.3147719168953342,-3.556689898487209,0.2454688844748093,0.0753783881387051,0.07654100977556831,0.06112819613616267,0.07809136077286721,0.0864926136817315,0.08903621974484718,0.07751966208245979,0.08689638761168848,-0.00044900287874042986,-0.0005586281977593898,-0.00010766717046499253,0.29113895482330326,-0.0003928924688600768,-0.00024158493872442543,-7.080676965852558e-05,0.33994488312072696,1418.3338478467301,1439.8189095964851,1340.7754409918216,1421.7582271936963,-0.03443667248947225,-0.0022721857376210436,-0.0957455384049104,-0.014438923200702891,-0.00014180194037860638,-0.0,-0.0,0.0,-0.1470351217730852,0.003703550652708749,0.003053842143304939,0.0006497085094038103,0.3396676306521377,0.4544371475242087,0.4544371475242087,0.05925681044333998,0.03191517946830347,14.438923200702892,0.00014180194037860638,0.09299781173467636,0.003027635160833597,0.030538421433049388,0.0038982510564228618,d_final,hover
2.56,2.57,STEP,STEP,0.0,0.0,1.0,0.0,0.0,1.0,0.01921566016972065,0.05181312933564186,0.025489380583167076,0.6390628814697266,0.20824818313121796,-0.051657382398843765,0.9919713139533997,0.12632261216640472,0.00043113520951010287,0.005947174970060587,1.3147718906402588,-3.556689977645874,0.2454688847064972,0.011907780542969704,0.9999290704727173,-0.0204218290746212,-0.12499503046274185,-0.10172490030527115,-0.25282561779022217,-0.0204218290746212,-0.12499503046274185,-0.10172490030527115,-0.25282561779022217,-0.1606007237175612,False,False,2.56,absolute,0.0,0.0,0.0,0.0,0.0,0.0,0.5622002321812198,0.0009956658475179171,-0.15361490239244446,0.5612719199128408,-0.018746257193047712,-0.17700893806368032,0.01921566016972065,0.05181312933564186,0.025489380583167076,0.6390628814697266,0.20824818313121796,-0.051657382398843765,0.9919713139533997,0.12632261216640472,0.00043113520951010287,0.005947174970060587,1.3147718906402588,-3.556689977645874,0.2454688847064972,0.011907780542969704,0.9999290704727173,0.6390628814697266,0.20824818313121796,-0.051657382398843765,0.019215659814558476,0.051813131165719964,1.0254893803260066,0.9919712906001058,0.1263226181511987,0.000431135220294593,0.00594717504442782,0.5622002321812198,0.0009956658475179171,-0.15361490239244446,1.3147719168953342,-3.556689898487209,0.2454688844748093,-0.0768626392582339,-0.20725252466287986,-0.10195752130402624,position_error,position_error,position_error,-0.09933726074397749,-0.20682011443913254,-0.09525764757079713,0.6606091806568183,0.18807385724608483,-0.08175129049288318,0.024834315185994372,0.051705028609783134,1.0238144118926993,0.9910363085497438,0.13231712921556069,-0.017791478790854468,0.004761904522830311,0.5612719199128408,-0.018746257193047712,-0.17700893806368032,1.1613829129409743,-3.679280653242509,0.22284319867779268,0.07821686427222498,0.0735217141264875,0.06279292923432125,0.08461348347185524,0.08497165798383949,0.08614974422455146,0.07476850054235,0.08648106442000056,-0.000153163718059659,-0.0009374627284705638,-0.00010172490030527115,0.29914499110488896,-0.0003490188058337582,-0.0003724464568539642,-7.657046170307349e-05,0.33237096717074155,1405.3865685450294,1415.4218179538018,1316.3853600401046,1418.2358212489817,-0.03630428922572885,-0.002392297694223726,-0.10694615640847685,-0.014935575486992836,-2.240490213893975e-05,-0.0,-0.0,0.0,-0.1606007237175612,0.0038572794080909403,0.003290153194295803,0.000567126213795137,0.346709754395826,0.47845953884474524,0.47845953884474524,0.061716470529455045,0.035648718802825614,14.935575486992835,2.240490213893975e-05,0.09030956029891968,0.0043990109115839005,0.03290153194295803,0.003402757282770822,d_final,hover
2.57,2.58,STEP,STEP,0.0,0.0,1.0,0.0,0.0,1.0,0.024834314361214638,0.05170502886176109,0.023814411833882332,0.6606091856956482,0.18807385861873627,-0.08175128698348999,0.9910362958908081,0.13231712579727173,-0.01779147796332836,0.00476190447807312,1.1613829135894775,-3.6792807579040527,0.222843199968338,0.004733364097774029,0.9999887943267822,0.02682569995522499,-0.19413337111473083,-0.09576629847288132,-0.24221666157245636,0.02682569995522499,-0.19413337111473083,-0.09576629847288132,-0.24221666157245636,-0.17893483405475621,False,False,2.57,absolute,0.0,0.0,0.0,0.0,0.0,0.0,0.5612719199128408,-0.018746257193047712,-0.17700893806368032,0.5575536664418218,-0.03897471396834324,-0.20208712946300283,0.024834314361214638,0.05170502886176109,0.023814411833882332,0.6606091856956482,0.18807385861873627,-0.08175128698348999,0.9910362958908081,0.13231712579727173,-0.01779147796332836,0.00476190447807312,1.1613829135894775,-3.6792807579040527,0.222843199968338,0.004733364097774029,0.9999887943267822,0.6606091856956482,0.18807385861873627,-0.08175128698348999,0.024834315185994372,0.051705028609783134,1.0238144118926993,0.9910363085497438,0.13231712921556069,-0.017791478790854468,0.004761904522830311,0.5612719199128408,-0.018746257193047712,-0.17700893806368032,1.1613829129409743,-3.679280653242509,0.22284319867779268,-0.09933726074397749,-0.20682011443913254,-0.09525764757079713,position_error,position_error,position_error,-0.12170790023148441,-0.20558629356617864,-0.08758021021885387,0.6792615666733062,0.1666115795978354,-0.11450691924414896,0.030426975057871102,0.05139657339154466,1.0218950525547135,0.9897941820023421,0.13761392561939928,-0.03686189354904729,0.0033294975464409717,0.5575536664418218,-0.03897471396834324,-0.20208712946300283,1.0361424483206227,-3.8689654755712333,0.19877718895029028,0.08095471343915896,0.06842469872869095,0.06320888493263596,0.09186117211328601,0.08423863914847757,0.0828330223636361,0.07262158748095973,0.0874483656556371,0.0002011927496641874,-0.0014560002833604812,-9.576629847288132e-05,0.30444946921377186,-0.00024754539961639776,-0.000573896323793789,-7.972169865562515e-05,0.3271416146487105,1399.1189947438675,1387.0488070712872,1297.132157845172,1426.4309833351192,-0.03855044563388945,-0.0025113376448517312,-0.12177835032241711,-0.016081997395220975,-1.2703058376950618e-05,-0.0,-0.0,0.0,-0.17893483405475621,0.004046801893938411,0.0035674085675647463,0.00047939332637366474,0.35322432718622887,0.5022675289703462,0.5022675289703462,0.06474883030301458,0.040592783440805705,16.081997395220974,1.2703058376950618e-05,0.10624748468399048,0.007160493638366461,0.03567408567564746,0.0028763599582419886,d_final,hover
2.58,2.59,STEP,STEP,0.0,0.0,1.0,0.0,0.0,1.0,0.030426975339651108,0.05139657482504845,0.02189505286514759,0.6792615652084351,0.16661158204078674,-0.11450692266225815,0.9897941946983337,0.1376139223575592,-0.03686189278960228,0.003329497529193759,1.0361424684524536,-3.8689653873443604,0.1987771838903427,-0.0035641274880617857,0.999993622303009,0.08301858603954315,-0.29567751288414,-0.09059804677963257,-0.24306108057498932,0.08301858603954315,-0.29567751288414,-0.09059804677963257,-0.24306108057498932,-0.20363677108855632,False,False,2.58,absolute,0.0,0.0,0.0,0.0,0.0,0.0,0.5575536664418218,-0.03897471396834324,-0.20208712946300283,0.5509739353646191,-0.059636254855466204,-0.22863829655670678,0.030426975339651108,0.05139657482504845,0.02189505286514759,0.6792615652084351,0.16661158204078674,-0.11450692266225815,0.9897941946983337,0.1376139223575592,-0.03686189278960228,0.003329497529193759,1.0361424684524536,-3.8689653873443604,0.1987771838903427,-0.0035641274880617857,0.999993622303009,0.6792615652084351,0.16661158204078674,-0.11450692266225815,0.030426975057871102,0.05139657339154466,1.0218950525547135,0.9897941820023421,0.13761392561939928,-0.03686189354904729,0.0033294975464409717,0.5575536664418218,-0.03897471396834324,-0.20208712946300283,1.0361424483206227,-3.8689654755712333,0.19877718895029028,-0.12170790023148441,-0.20558629356617864,-0.08758021021885387,position_error,position_error,position_error,-0.1438614876895394,-0.20353271758877137,-0.07886410307966596,0.6948354230541586,0.14389646273330517,-0.14977419347704082,0.03596537192238485,0.05088317939719284,1.0197160257699165,0.9881451753345372,0.14244533660080438,-0.057236034869813913,0.0015731675505259854,0.5509739353646191,-0.059636254855466204,-0.22863829655670678,0.9635018324960077,-4.160986960586133,0.1740347520953177,0.08347181667214044,0.059736277965661846,0.06091571497033846,0.09990345010436465,0.08409946249487943,0.07845017009950626,0.07044456433322593,0.08966619110105092,0.0006226393952965736,-0.00221758134663105,-9.059804677963257e-05,0.3040272597125054,-8.622650199564732e-05,-0.0008793113470148706,-8.061966617236384e-05,0.32266038802866254,1397.9269167801117,1348.9561329616083,1277.4010797334645,1445.108689028522,-0.04115838926378385,-0.002629673830748535,-0.1413998256416101,-0.018272436362327865,-0.0001764459900859453,-0.0,-0.0,0.0,-0.20363677108855632,0.00427132759524239,0.0038826059230823787,0.0003887216721600111,0.3594042309967142,0.525934766149707,0.525934766149707,0.06834124152387824,0.047133275213870035,18.272436362327866,0.0001764459900859453,0.16160397231578827,0.013496276922523975,0.03882605923082379,0.0023323300329600666,d_final,hover
2.59,2.6,STEP,STEP,0.0,0.0,1.0,0.0,0.0,1.0,0.03596537187695503,0.050883177667856216,0.01971602626144886,0.6948354244232178,0.1438964605331421,-0.1497741937637329,0.9881451725959778,0.14244534075260162,-0.05723603442311287,0.0015731675084680319,0.9635018110275269,-4.16098690032959,0.17403475940227509,-0.01328290719538927,0.9999117851257324,0.15361735224723816,-0.44730260968208313,-0.08684436976909637,-0.25980550050735474,0.15361735224723816,-0.44730260968208313,-0.08684436976909637,-0.25980550050735474,-0.2376551321809628,False,False,2.59,absolute,0.0,0.0,0.0,0.0,0.0,0.0,0.5509739353646191,-0.059636254855466204,-0.22863829655670678,0.5414076627565854,-0.08061045738412354,-0.25687209341008516,0.03596537187695503,0.050883177667856216,0.01971602626144886,0.6948354244232178,0.1438964605331421,-0.1497741937637329,0.9881451725959778,0.14244534075260162,-0.05723603442311287,0.0015731675084680319,0.9635018110275269,-4.16098690032959,0.17403475940227509,-0.01328290719538927,0.9999117851257324,0.6948354244232178,0.1438964605331421,-0.1497741937637329,0.03596537192238485,0.05088317939719284,1.0197160257699165,0.9881451753345372,0.14244533660080438,-0.057236034869813913,0.0015731675505259854,0.5509739353646191,-0.059636254855466204,-0.22863829655670678,0.9635018324960077,-4.160986960586133,0.1740347520953177,-0.1438614876895394,-0.20353271758877137,-0.07886410307966596,position_error,position_error,position_error,-0.16568069127660948,-0.20064472754603033,-0.06904677486470412,0.7070883540331948,0.12003427016190679,-0.18782531854538104,0.04142017281915237,0.05016118188650758,1.017261693716176,0.9859024720593232,0.14716817118076006,-0.07960830188120717,-0.0006027024278494794,0.5414076627565854,-0.08061045738412354,-0.25687209341008516,0.9707710493108501,-4.608613287796078,0.14935019562648089,0.08583385851538068,0.045699929377801235,0.05468353422233484,0.10943772763080595,0.08441297281063452,0.0720403142756762,0.06747918183186635,0.09315777151085766,0.0011521301418542863,-0.0033547695726156234,-8.684436976909638e-05,0.2956550497463227,0.0001479135204954917,-0.0013453018806041887,-7.903723099555597e-05,0.3170902404290348,1400.6112654567933,1291.884802048568,1250.1683251921118,1474.2108632585657,-0.04410554526590387,-0.0027483025835467407,-0.16797571402259345,-0.02220401834756433,-0.0006215519613544172,-0.0,-0.0,0.0,-0.2376551321809628,0.004529740954570816,0.004231774884619744,0.000297966069951071,0.3656035755041056,0.5496605167093481,0.5496605167093481,0.07247585527313305,0.05599190467419782,22.20401834756433,0.0006215519613544172,0.29871875047683716,0.02826882153749466,0.04231774884619745,0.0017877964197064262,d_final,hover
2.6,2.61,STEP,STEP,0.0,0.0,1.0,0.0,0.0,1.0,0.04142017289996147,0.05016118288040161,0.017261693254113197,0.7070883512496948,0.12003426998853683,-0.18782532215118408,0.9859024882316589,0.14716817438602448,-0.07960829883813858,-0.0006027024355717003,0.970771074295044,-4.60861349105835,0.14935019612312317,-0.024928361177444458,0.9996892213821411,0.24433386325836182,-0.6551659107208252,-0.08778002113103867,-0.2884266972541809,0.24433386325836182,-0.6551659107208252,-0.08778002113103867,-0.2884266972541809,-0.28632463792976715,False,False,2.6,absolute,0.0,0.0,0.0,0.0,0.0,0.0,0.5414076627565854,-0.08061045738412354,-0.25687209341008516,0.5287079243362455,-0.101713327117904,-0.28741353853076823,0.04142017289996147,0.05016118288040161,0.017261693254113197,0.7070883512496948,0.12003426998853683,-0.18782532215118408,0.9859024882316589,0.14716817438602448,-0.07960829883813858,-0.0006027024355717003,0.970771074295044,-4.60861349105835,0.14935019612312317,-0.024928361177444458,0.9996892213821411,0.7070883512496948,0.12003426998853683,-0.18782532215118408,0.04142017281915237,0.05016118188650758,1.017261693716176,0.9859024720593232,0.14716817118076006,-0.07960830188120717,-0.0006027024278494794,0.5414076627565854,-0.08061045738412354,-0.25687209341008516,0.9707710493108501,-4.608613287796078,0.14935019562648089,-0.16568069127660948,-0.20064472754603033,-0.06904677486470412,position_error,position_error,position_error,-0.1870425738659465,-0.19691407055161664,-0.058047150558122595,0.7157504982021919,0.09520074343371264,-0.22936638797264564,0.046760643466486625,0.04922851763790416,1.0145117876395306,0.9827339899097917,0.15229067243501493,-0.1050258655973157,-0.0033201989107723377,0.5287079243362455,-0.101713327117904,-0.28741353853076823,1.093437106191932,-5.290837956135357,0.12568779989445855,0.08842953595779889,0.02632692145772142,0.04485379906106006,0.12173419489632924,0.08513642328395399,0.06248879058452415,0.06312231421517102,0.09816516059782535,0.0018325039744377135,-0.004913744330406189,-8.778002113103867e-05,0.2813444513729096,0.00048302923569344203,-0.002039646887947086,-7.362756927835345e-05,0.3089126886814745,1406.792869328077,1203.3306969327655,1209.3511288534664,1515.3451195134082,-0.0473635991452222,-0.002869854485793179,-0.20533728813104665,-0.029204368406322262,-0.0015495277613828532,-0.0,-0.0,0.0,-0.28632463792976715,0.004820596706720154,0.0046100047262253195,0.0002105919804948345,0.3724842123001122,0.5739708971586358,0.5739708971586358,0.07712954730752246,0.06844576271034888,29.20436840632226,0.0015495277613828532,0.5798367261886597,0.052256688475608826,0.046100047262253196,0.001263551882969007,d_final,hover
2.61,2.62,STEP,STEP,0.0,0.0,1.0,0.0,0.0,1.0,0.046760644763708115,0.049228519201278687,0.014511787332594395,0.715750515460968,0.09520073980093002,-0.22936639189720154,0.982733964920044,0.15229067206382751,-0.10502586513757706,-0.0033201989717781544,1.0934370756149292,-5.29083776473999,0.12568779289722443,-0.0393538773059845,0.9992253184318542,0.34156104922294617,-0.8885818123817444,-0.10177674144506454,-0.3076586127281189,0.34156104922294617,-0.8885818123817444,-0.10177674144506454,-0.3076586127281189,-0.359091220730908,False,False,2.61,absolute,0.0,0.0,0.0,0.0,0.0,0.0,0.5287079243362455,-0.101713327117904,-0.28741353853076823,0.5126910469073902,-0.12276959744543067,-0.3210953382597066,0.046760644763708115,0.049228519201278687,0.014511787332594395,0.715750515460968,0.09520073980093002,-0.22936639189720154,0.982733964920044,0.15229067206382751,-0.10502586513757706,-0.0033201989717781544,1.0934370756149292,-5.29083776473999,0.12568779289722443,-0.0393538773059845,0.9992253184318542,0.715750515460968,0.09520073980093002,-0.22936639189720154,0.046760643466486625,0.04922851763790416,1.0145117876395306,0.9827339899097917,0.15229067243501493,-0.1050258655973157,-0.0033201989107723377,0.5287079243362455,-0.101713327117904,-0.28741353853076823,1.093437106191932,-5.290837956135357,0.12568779989445855,-0.1870425738659465,-0.19691407055161664,-0.058047150558122595,position_error,position_error,position_error,-0.20781759214761225,-0.19233998356138132,-0.045753208719768956,0.7205086390550024,0.06957038611595065,-0.27534212953993764,0.05195439803690306,0.04808499589034533,1.0114383021799422,0.9780615751359927,0.1585138227618041,-0.1349950332257695,-0.006727870414461962,0.5126910469073902,-0.12276959744543067,-0.3210953382597066,1.3790733590052802,-6.3097352869701195,0.10474782845582986,0.09265902556224562,0.006976853709802373,0.034638155477520596,0.13745445888637203,0.0864843965957982,0.04919588395771016,0.057476935062032636,0.10500463866712226,0.002561707869172096,-0.006664363592863083,-0.00010177674144506455,0.2717284936359406,0.0009475597202249831,-0.0029986773252775457,-6.08207943439893e-05,0.29816185428266323,1418.264104184026,1071.1057859722453,1154.870063000542,1570.4904720281536,-0.050899271592072866,-0.00299893012938401,-0.2601017460131235,-0.04172557482872021,-0.0033656981676074183,-0.0,-0.0,0.0,-0.359091220730908,0.005142261061911155,0.005011426305151484,0.00013083475675967137,0.3810266998880243,0.599786025876802,0.599786025876802,0.08227617699057849,0.0867005820043745,41.72557482872021,0.0033656981676074183,1.0112539529800415,0.06450188159942627,0.05011426305151484,0.0007850085405580283,d_final,hover
2.62,2.63,STEP,STEP,0.0,0.0,1.0,0.0,0.0,1.0,0.051954399794340134,0.04808499664068222,0.011438301764428616,0.7205086350440979,0.0695703849196434,-0.2753421366214752,0.9780615568161011,0.15851382911205292,-0.13499502837657928,-0.006727870553731918,1.3790733814239502,-6.309735298156738,0.10474783182144165,-0.05798209831118584,0.9983175992965698,0.3968123197555542,-1.0,-0.12871670722961426,-0.2928207814693451,0.3968123197555542,-1.0,-0.12871670722961426,-0.2928207814693451,-0.4708138364992604,False,False,2.62,absolute,0.0,0.0,0.0,0.0,0.0,0.0,0.5126910469073902,-0.12276959744543067,-0.3210953382597066,0.49290239590202395,-0.14388222333939357,-0.3582098573211971,0.051954399794340134,0.04808499664068222,0.011438301764428616,0.7205086350440979,0.0695703849196434,-0.2753421366214752,0.9780615568161011,0.15851382911205292,-0.13499502837657928,-0.006727870553731918,1.3790733814239502,-6.309735298156738,0.10474783182144165,-0.05798209831118584,0.9983175992965698,0.7205086350440979,0.0695703849196434,-0.2753421366214752,0.05195439803690306,0.04808499589034533,1.0114383021799422,0.9780615751359927,0.1585138227618041,-0.1349950332257695,-0.006727870414461962,0.5126910469073902,-0.12276959744543067,-0.3210953382597066,1.3790733590052802,-6.3097352869701195,0.10474782845582986,-0.20781759214761225,-0.19233998356138132,-0.045753208719768956,position_error,position_error,position_error,-0.22786348483520283,-0.18692314079728417,-0.032029605199412,0.7207658807372268,0.0430409174578906,-0.3261802521217851,0.05696587120880071,0.04673078519932104,1.008007401299853,0.9709462089188828,0.16668050215966754,-0.1713494856686205,-0.01097375719384196,0.49290239590202395,-0.14388222333939357,-0.3582098573211971,1.8629395818254537,-7.729859819709263,0.08760677666942085,0.09635864668816806,0.0011263519882415488,0.03238031827870323,0.14928209231021466,0.0882483640530067,0.03640666937274585,0.052514527935945944,0.11271816955170391,0.0029760923981666564,-0.0075,-0.00012871670722961427,0.2791474092653275,0.0014346233129083788,-0.003961362864745745,-4.9669964796852885e-05,0.2898877309134024,1433.1860645473564,929.8196913996566,1105.281459746221,1631.409609345146,-0.05467347853268885,-0.003138747661423792,-0.34285821623459833,-0.06322895166520613,-0.00691444240534328,-0.0,-0.0,0.0,-0.4708138364992604,0.00549299524349964,0.005428876767922752,6.411847557688753e-05,0.39196916796111503,0.6277495322847584,0.6277495322847584,0.08788792389599424,0.11428607207819944,63.228951665206125,0.00691444240534328,1.2597720623016357,0.016412638127803802,0.05428876767922752,0.0003847108534613252,d_final,hover
2.63,2.64,STEP,STEP,0.0,0.0,1.0,0.0,0.0,1.0,0.05696587264537811,0.04673078656196594,0.00800740160048008,0.7207658886909485,0.043040916323661804,-0.32618024945259094,0.970946192741394,0.1666804999113083,-0.17134948074817657,-0.01097375713288784,1.8629395961761475,-7.729859828948975,0.08760678023099899,-0.08305733650922775,0.9965447783470154,0.3776131570339203,-1.0,-0.15019792318344116,-0.23974251747131348,0.3776131570339203,-1.0,-0.15019792318344116,-0.23974251747131348,-0.6405252343025581,False,False,2.63,absolute,0.0,0.0,0.0,0.0,0.0,0.0,0.49290239590202395,-0.14388222333939357,-0.3582098573211971,0.468199100555812,-0.16567771408846152,-0.39799657333767824,0.05696587264537811,0.04673078656196594,0.00800740160048008,0.7207658886909485,0.043040916323661804,-0.32618024945259094,0.970946192741394,0.1666804999113083,-0.17134948074817657,-0.01097375713288784,1.8629395961761475,-7.729859828948975,0.08760678023099899,-0.08305733650922775,0.9965447783470154,0.7207658886909485,0.043040916323661804,-0.32618024945259094,0.05696587120880071,0.04673078519932104,1.008007401299853,0.9709462089188828,0.16668050215966754,-0.1713494856686205,-0.01097375719384196,0.49290239590202395,-0.14388222333939357,-0.3582098573211971,1.8629395818254537,-7.729859819709263,0.08760677666942085,-0.22786348483520283,-0.18692314079728417,-0.032029605199412,position_error,position_error,position_error,-0.24700468724398572,-0.1806480314330106,-0.016754008434708645,0.7152037877997977,0.014970317344549067,-0.3812425649029696,0.06175117181099643,0.04516200785825265,1.0041885021086772,0.9600652973684374,0.17746970000461704,-0.21567978515603792,-0.016166652225198662,0.468199100555812,-0.16567771408846152,-0.39799657333767824,2.5126274002236633,-9.499977060435358,0.07082237869399433,0.10310753723346801,0.009683425694638034,0.037092810571814655,0.15580276776442262,0.09088672348735119,0.030515800410869993,0.049563383837625694,0.12026448827028521,0.002832098677754402,-0.0075,-0.00015019792318344118,0.3056865412643433,0.0017120781859535797,-0.00463405153258567,-6.13612772556992e-05,0.2912303960061321,1455.322892162511,858.0015114406434,1074.9335926016934,1689.867643972724,-0.0586334030376871,-0.0032854323088918475,-0.46807958486810064,-0.09656787641047662,-0.013958937677401933,-0.0,-0.0,0.0,-0.6405252343025581,0.005870357723734467,0.005852814173820074,1.7543549914393025e-05,0.40506077509538324,0.6570864617783695,0.6570864617783695,0.09392572357975147,0.1560265282893669,96.56787641047661,0.013958937677401933,1.2226276397705078,0.0036473525688052177,0.05852814173820074,0.00010526129948635815,d_final,hover
2.64,2.65,STEP,STEP,0.0,0.0,1.0,0.0,0.0,1.0,0.061751171946525574,0.045162007212638855,0.004188502207398415,0.7152037620544434,0.014970317482948303,-0.381242573261261,0.9600653052330017,0.17746970057487488,-0.21567977964878082,-0.016166651621460915,2.512627363204956,-9.499977111816406,0.07082238048315048,-0.11787326633930206,0.9930286407470703,0.32802271842956543,-1.0,-0.15484556555747986,-0.16447007656097412,0.32802271842956543,-1.0,-0.15484556555747986,-0.16447007656097412,-0.890771804219124,False,False,2.64,absolute,0.0,0.0,0.0,0.0,0.0,0.0,0.468199100555812,-0.16567771408846152,-0.39799657333767824,0.436896903510057,-0.1889183839797907,-0.4399376904713445,0.061751171946525574,0.045162007212638855,0.004188502207398415,0.7152037620544434,0.014970317482948303,-0.381242573261261,0.9600653052330017,0.17746970057487488,-0.21567977964878082,-0.016166651621460915,2.512627363204956,-9.499977111816406,0.07082238048315048,-0.11787326633930206,0.9930286407470703,0.7152037620544434,0.014970317482948303,-0.381242573261261,0.06175117181099643,0.04516200785825265,1.0041885021086772,0.9600652973684374,0.17746970000461704,-0.21567978515603792,-0.016166652225198662,0.468199100555812,-0.16567771408846152,-0.39799657333767824,2.5126274002236633,-9.499977060435358,0.07082237869399433,-0.24700468724398572,-0.1806480314330106,-0.016754008434708645,position_error,position_error,position_error,-0.26500519515850923,-0.1734686221220491,0.0001648118791734987,0.7019020986685662,-0.015449761857741579,-0.440102502350518,0.06625129878962731,0.04336715553051228,0.9999587970302066,0.9437488889929841,0.1911031669089797,-0.2689177414079887,-0.022379957057440083,0.436896903510057,-0.1889183839797907,-0.4399376904713445,3.2528483897763274,-11.522195224234688,0.04981699279871288,0.1149509398810648,0.0219180440302852,0.043676302463752315,0.16277747534441067,0.09511826850168606,0.028869311523498198,0.04847455269227959,0.12774337006204617,0.0024601703882217406,-0.0075,-0.00015484556555747986,0.343322761719513,0.0018466037671887973,-0.005144780912071928,-7.73379707259776e-05,0.30020550277951,1490.3973082491973,836.924134148506,1063.5598611863609,1746.8339385367944,-0.06269945788730946,-0.0034329773191599314,-0.6530230322796913,-0.14334448716501863,-0.02827184956794471,-0.0,-0.0,0.0,-0.890771804219124,0.006269946467804834,0.006269944770120115,1.697684719793746e-09,0.42011423159947225,0.6865954638319862,0.6865954638319862,0.10031914348487735,0.21767434409323044,143.34448716501862,0.02827184956794471,1.1586264371871948,0.00814675260335207,0.06269944770120114,1.0186108318762477e-08,d_final,hover
2.65,2.66,STEP,STEP,0.0,0.0,1.0,0.0,0.0,1.0,0.06625130027532578,0.04336715489625931,-4.120296944165602e-05,0.7019020915031433,-0.015449761413037777,-0.4401024878025055,0.9437488913536072,0.19110316038131714,-0.2689177393913269,-0.022379957139492035,3.2528483867645264,-11.522194862365723,0.04981699213385582,-0.16735118627548218,0.9858973622322083,0.3281457722187042,-1.0,-0.14647409319877625,-0.08767980337142944,0.3281457722187042,-1.0,-0.14647409319877625,-0.08767980337142944,-1.2511080850619214,False,False,2.65,absolute,0.0,0.0,0.0,0.0,0.0,0.0,0.436896903510057,-0.1889183839797907,-0.4399376904713445,0.39712801955910115,-0.21415675006514137,-0.4846683455975547,0.06625130027532578,0.04336715489625931,-4.120296944165602e-05,0.7019020915031433,-0.015449761413037777,-0.4401024878025055,0.9437488913536072,0.19110316038131714,-0.2689177393913269,-0.022379957139492035,3.2528483867645264,-11.522194862365723,0.04981699213385582,-0.16735118627548218,0.9858973622322083,0.7019020915031433,-0.015449761413037777,-0.4401024878025055,0.06625129878962731,0.04336715553051228,0.9999587970302066,0.9437488889929841,0.1911031669089797,-0.2689177414079887,-0.022379957057440083,0.436896903510057,-0.1889183839797907,-0.4399376904713445,3.2528483897763274,-11.522195224234688,0.04981699279871288,-0.26500519515850923,-0.1734686221220491,0.0001648118791734987,position_error,position_error,position_error,-0.28155641088723227,-0.16531296922271171,0.018824275760059184,0.6786844304463334,-0.04884378084242966,-0.5034926213576139,0.07038910272180807,0.04132824230567793,0.9952939310599852,0.9199278417824193,0.2074332704126657,-0.33139873725908553,-0.029649303238520885,0.39712801955910115,-0.21415675006514137,-0.4846683455975547,4.0443984121331535,-13.740799386952816,0.024326017175707815,0.12489553274974875,0.031157967508505895,0.0536339472829178,0.1720304507731129,0.10033553269518386,0.029278767144314218,0.04939469035883397,0.1355570431967881,0.0024610932916402815,-0.0075,-0.00014647409319877626,0.3817178983142853,0.001956454969033564,-0.005558481930636864,-8.972718848528202e-05,0.3145660333951201,1532.9684530715947,842.2115918948562,1073.1778962420728,1805.4528930616038,-0.06675937644978978,-0.003582515454094044,-0.917122108386063,-0.20516731806365968,-0.05847676670831482,-0.0,-0.0,0.0,-1.2511080850619214,0.0066847964789262465,0.006662649394058075,2.2147084868171986e-05,0.4384771827416679,0.7165030908188088,0.7165030908188088,0.10695674366281994,0.305707369462021,205.16731806365968,0.05847676670831482,1.1368221044540405,0.005966843105852604,0.06662649394058075,0.00013288250920903192,d_final,hover
2.66,2.67,STEP,STEP,0.0,0.0,1.0,0.0,0.0,1.0,0.07038909941911697,0.04132824391126633,-0.004706068895757198,0.678684413433075,-0.048843782395124435,-0.5034925937652588,0.9199278354644775,0.20743326842784882,-0.33139872550964355,-0.02964930236339569,4.044398307800293,-13.740798950195312,0.024326017126441002,-0.23946978151798248,0.9709038138389587,0.4173154830932617,-1.0,-0.1310928463935852,-0.018992766737937927,0.4173154830932617,-1.0,-0.1310928463935852,-0.018992766737937927,-1.764877569425941,False,False,2.66,absolute,0.0,0.0,0.0,0.0,0.0,0.0,0.39712801955910115,-0.21415675006514137,-0.4846683455975547,0.34713916708878445,-0.2416110116296258,-0.534124257492672,0.07038909941911697,0.04132824391126633,-0.004706068895757198,0.678684413433075,-0.048843782395124435,-0.5034925937652588,0.9199278354644775,0.20743326842784882,-0.33139872550964355,-0.02964930236339569,4.044398307800293,-13.740798950195312,0.024326017126441002,-0.23946978151798248,0.9709038138389587,0.678684413433075,-0.048843782395124435,-0.5034925937652588,0.07038910272180807,0.04132824230567793,0.9952939310599852,0.9199278417824193,0.2074332704126657,-0.33139873725908553,-0.029649303238520885,0.39712801955910115,-0.21415675006514137,-0.4846683455975547,4.0443984121331535,-13.740799386952816,0.024326017175707815,-0.28155641088723227,-0.16531296922271171,0.018824275760059184,position_error,position_error,position_error,-0.2962766347225119,-0.1560946686084885,0.03937812913834016,0.6434158018112963,-0.08551634302113731,-0.5735023866310122,0.07406915868062798,0.039023667152122125,0.990155467715415,0.8860833896614865,0.22612309769313513,-0.4028482634769373,-0.03791896450705597,0.34713916708878445,-0.2416110116296258,-0.534124257492672,4.897286053254063,-16.120578740359687,-0.004429337190740235,0.12939978780735106,0.03436750482156349,0.06759616912823309,0.18469795487388346,0.10544479446266256,0.030176024652756026,0.052531793724342475,0.14424482376001221,0.0031298661231994626,-0.0075,-0.0001310928463935852,0.4160614166310311,0.002162163251333736,-0.005903641533540349,-9.767890574103352e-05,0.3323974365997733,1574.0013691252789,853.6914897767817,1105.4570360168973,1869.700130820078,-0.07067235755197006,-0.003751009632078246,-1.2805102721803383,-0.2838564892305614,-0.12608744083099288,-0.0,-0.0,0.0,-1.764877569425941,0.0071060016815579,0.007009086865655663,9.691481590223713e-05,0.46417020470988435,0.7502019264156492,0.7502019264156492,0.1136960269049264,0.42683675739344606,283.8564892305614,0.12608744083099288,1.1916983127593994,0.012905729003250599,0.07009086865655663,0.0005814888954134228,d_final,hover
2.67,2.68,STEP,STEP,0.0,0.0,1.0,0.0,0.0,1.0,0.07406915724277496,0.03902366757392883,-0.009844532236456871,0.6434158086776733,-0.08551634103059769,-0.5735023617744446,0.8860833644866943,0.22612309455871582,-0.4028482735157013,-0.03791896626353264,4.8972859382629395,-16.12057876586914,-0.004429337102919817,-0.34767282009124756,0.9376159310340881,0.5608831644058228,-1.0,-0.10886179655790329,0.04290597140789032,0.5608831644058228,-1.0,-0.10886179655790329,0.04290597140789032,-12.510660536859806,True,False,2.67,absolute,0.0,0.0,0.0,0.0,0.0,0.0,0.34713916708878445,-0.2416110116296258,-0.534124257492672,0.2856953176870264,-0.2710591521802933,-0.5915621659617378,0.07406915724277496,0.03902366757392883,-0.009844532236456871,0.6434158086776733,-0.08551634103059769,-0.5735023617744446,0.8860833644866943,0.22612309455871582,-0.4028482735157013,-0.03791896626353264,4.8972859382629395,-16.12057876586914,-0.004429337102919817,-0.34767282009124756,0.9376159310340881,0.6434158086776733,-0.08551634103059769,-0.5735023617744446,0.07406915868062798,0.039023667152122125,0.990155467715415,0.8860833896614865,0.22612309769313513,-0.4028482634769373,-0.03791896450705597,0.34713916708878445,-0.2416110116296258,-0.534124257492672,4.897286053254063,-16.120578740359687,-0.004429337190740235,-0.2962766347225119,-0.1560946686084885,0.03937812913834016,position_error,position_error,position_error,-0.3087249921955387,-0.14572884118926913,0.062089387863747625,0.5944203098825651,-0.12533031099102418,-0.6536515538254855,0.07718124804888468,0.03643221029731728,0.9844776530340631,0.8392366082742938,0.24677046118474602,-0.482268432733267,-0.04694053267620232,0.2856953176870264,-0.2710591521802933,-0.5915621659617378,5.859748952559531,-18.6359356775532,-0.03511416986641103,0.13045888122739602,0.03355529775038949,0.08388306073586418,0.19911354599029554,0.10986738734745925,0.03077752492251134,0.05780979474080837,0.1539732404152231,0.0042066237330436705,-0.0075,-0.0001088617965579033,0.4470107857039452,0.0025150883346366816,-0.006196080707852965,-0.00010141708450183285,0.35242794742600203,1609.041113257876,861.3078654064,1158.1366041062538,1940.6592574956846,-0.07428816950729974,-0.003981517727362316,-1.7608710103460035,-0.3816359893698481,-0.28988384990929145,-0.0,-0.0,-10.0,-12.510660536859806,0.007525194252862347,0.007284250997531417,0.0002409432553309307,0.505040674726333,0.7963035454724631,0.7963035454724631,0.12040310804579755,0.5869570034486679,381.6359893698481,0.28988384990929145,1.3282817602157593,0.024937352165579796,0.07284250997531416,0.0014456595319855842,d_final,hover
