time_sec,time_post,control_step,phase,position_1,position_2,position_3,reference_position_1,reference_position_2,reference_position_3,attitude_deg_1,attitude_deg_2,attitude_deg_3,position_error,linear_velocity_1,linear_velocity_2,linear_velocity_3,angular_velocity_1,angular_velocity_2,angular_velocity_3,control_input_1,control_input_2,control_input_3,control_input_4,policy_action_1,policy_action_2,policy_action_3,policy_action_4,motor_thrust_1,motor_thrust_2,motor_thrust_3,motor_thrust_4,motor_thrust_command_1,motor_thrust_command_2,motor_thrust_command_3,motor_thrust_command_4,motor_command_1,motor_command_2,motor_command_3,motor_command_4,motor_omega_rad_s_1,motor_omega_rad_s_2,motor_omega_rad_s_3,motor_omega_rad_s_4,reaction_torque_nm_1,reaction_torque_nm_2,reaction_torque_nm_3,reaction_torque_nm_4,wrench_command_1,wrench_command_2,wrench_command_3,wrench_command_4,wrench_actual_1,wrench_actual_2,wrench_actual_3,wrench_actual_4,allocation_error_1,allocation_error_2,allocation_error_3,allocation_error_4,motor_effectiveness_1,motor_effectiveness_2,motor_effectiveness_3,motor_effectiveness_4,motor_thrust_before_effectiveness_1,motor_thrust_before_effectiveness_2,motor_thrust_before_effectiveness_3,motor_thrust_before_effectiveness_4,motor_thrust_applied_1,motor_thrust_applied_2,motor_thrust_applied_3,motor_thrust_applied_4,reaction_torque_before_effectiveness_nm_1,reaction_torque_before_effectiveness_nm_2,reaction_torque_before_effectiveness_nm_3,reaction_torque_before_effectiveness_nm_4,position_before_1,position_before_2,position_before_3,velocity_before_1,velocity_before_2,velocity_before_3,raw_observation_1,raw_observation_2,raw_observation_3,raw_observation_4,raw_observation_5,raw_observation_6,raw_observation_7,raw_observation_8,raw_observation_9,raw_observation_10,raw_observation_11,raw_observation_12,raw_observation_13,raw_observation_14,raw_observation_15,quaternion_1,quaternion_2,quaternion_3,quaternion_4,reward,terminated,truncated
0.0,0.01,0,HOVER,-2.1721496823445818e-10,-8.493659248154373e-11,0.9999998728518449,0.0,0.0,1.0,7.736830009764585e-05,-0.0001978771736425983,8.62685305353073e-05,1.2714836902571032e-07,-6.799378837740733e-08,-2.6586858936639146e-08,-2.4458717234665528e-05,0.00019287472241558135,-0.0004932963056489825,0.000215062900679186,0.0008147191256284714,-0.0020880945958197117,0.009224709123373032,-0.001195959746837616,0.0008147191256284714,-0.0020880945958197117,0.009224709123373032,-0.001195959746837616,0.10644495010614075,0.10626396889707276,0.10642048063475051,0.10631984938081193,0.10669573194499875,0.1056977632767945,0.10656066878524245,0.10600565611954556,0.5461916155225169,0.5434542031728916,0.5458215859543532,0.5442995652798674,1581.9628857334585,1580.5238805755778,1581.7683682880954,1580.9682712178496,0.000632283003630476,-0.0006312079752486122,0.000632137654970418,-0.0006315399053220228,6.110393442213535e-06,-1.5660709468647838e-05,9.224709123373032e-06,0.42495982012658123,1.1105363415969162e-06,-2.840772663599816e-06,1.6727780302590138e-06,0.42544924901877595,4.999857100616619e-06,-1.2819936805048022e-05,7.551931093114018e-06,-0.000489428892194721,1.0,1.0,1.0,1.0,0.10644495010614075,0.10626396889707276,0.10642048063475051,0.10631984938081193,0.10644495010614075,0.10626396889707276,0.10642048063475051,0.10631984938081193,0.000632283003630476,-0.0006312079752486122,0.000632137654970418,-0.0006315399053220228,0.0,0.0,1.0,0.0,0.0,0.0,0.0,0.0,0.0,0.0,0.0,0.0,1.0,0.0,0.0,0.0,0.0,0.0,0.0,0.0,1.0,0.9999999999979978,6.751670845650254e-07,-1.7268035831118955e-06,7.528360999326342e-07,-3.527753635828458e-10,False,False
0.01,0.02,1,HOVER,-4.875167380902212e-09,-1.9065378165095126e-09,0.999999366701104,0.0,0.0,1.0,0.00045664303897650525,-0.0011670515266713158,0.0005132039825709011,6.33320530069157e-07,-9.269576253245759e-07,-3.6254959923098795e-07,-7.061578799039125e-05,0.0007967648562043905,-0.002035600831732154,0.0008984521264210343,0.0007412564009428024,-0.001888206577859819,0.008811412379145622,-0.001155603677034378,0.0007412564009428024,-0.001888206577859819,0.008811412379145622,-0.001155603677034378,0.10648694397561265,0.10616797022309495,0.10644486536113723,0.10626431602832512,0.10667667703164363,0.10573469918094427,0.10655502342781376,0.10601359852108122,0.5461394196140095,0.5435556544806194,0.5458061164653149,0.5443213625494374,1582.2966805707642,1579.760287030306,1581.9622120850293,1580.5266413580046,0.0006325324472151392,-0.000630637743125184,0.0006322825002451552,-0.0006312100372082512,5.559423007071018e-06,-1.4161549333948642e-05,8.811412379145623e-06,0.42497999816148285,1.918616529134661e-06,-4.893995358690607e-06,2.9671671268591054e-06,0.42536409558816995,3.6408064779363573e-06,-9.267553975258035e-06,5.8442452522865175e-06,-0.00038409742668710223,1.0,1.0,1.0,1.0,0.10648694397561265,0.10616797022309495,0.10644486536113723,0.10626431602832512,0.10648694397561265,0.10616797022309495,0.10644486536113723,0.10626431602832512,0.0006325324472151392,-0.000630637743125184,0.0006322825002451552,-0.0006312100372082512,-2.1721496529803561e-10,-8.493659407030778e-11,0.9999998728518453,-6.799378507272612e-08,-2.6586859646527004e-08,-2.445871704026516e-05,-2.1721496823445818e-10,-8.493659248154373e-11,-1.2714815511571942e-07,-6.799378837740733e-08,-2.6586858936639146e-08,-2.4458717234665528e-05,1.0,6.751670866833592e-07,-1.726803589008341e-06,7.528361152253638e-07,0.00019287472241558135,-0.0004932963056489825,0.000215062900679186,1.5056698430271354e-06,1.0,0.9999999999301697,3.985008003625458e-06,-1.0184428421973932e-05,4.478590419685549e-06,-6.4109125192217845e-09,False,False
0.02,0.03,2,HOVER,-3.113237312390993e-08,-1.2181877728778545e-08,0.9999982936435572,0.0,0.0,1.0,0.0013040193486622384,-0.0033283207488942145,0.0014906282968003876,1.7066838994729659e-06,-4.220572009216994e-06,-1.652091441428638e-06,-0.0001337716676061973,0.0016569942235946655,-0.00422446196898818,0.0019210530444979668,0.000506935641169548,-0.0012709893053397536,0.007497081533074379,-0.0011222437024116516,0.000506935641169548,-0.0012709893053397536,0.007497081533074379,-0.0011222437024116516,0.10650838156551662,0.10610837829328595,0.10645924187557501,0.10622145406322327,0.10660522372488247,0.10583934618944058,0.10652418281862863,0.10602792541584256,0.5459436675069145,0.5438430295253596,0.545721602294498,0.5443606803076786,1582.467065541879,1579.2861770599784,1582.0764904845885,1580.1857340015106,0.0006326597864991687,-0.0006302837670621186,0.0006323678967409156,-0.0006309554371355462,3.80201730877161e-06,-9.532419790048153e-06,7.497081533074379e-06,0.4249966781487942,2.260460108247965e-06,-5.735127584019506e-06,3.7884790424194594e-06,0.4252974557976008,1.541557200523645e-06,-3.7972922060286466e-06,3.70860249065492e-06,-0.00030077764880659386,1.0,1.0,1.0,1.0,0.10650838156551662,0.10610837829328595,0.10645924187557501,0.10622145406322327,0.10650838156551662,0.10610837829328595,0.10645924187557501,0.10622145406322327,0.0006326597864991687,-0.0006302837670621186,0.0006323678967409156,-0.0006309554371355462,-4.875167525283591e-09,-1.9065377309320596e-09,0.9999993667010887,-9.269576009638146e-07,-3.62549605354414e-07,-7.06157907219867e-05,-4.875167380902212e-09,-1.9065378165095126e-09,-6.332988959911745e-07,-9.269576253245759e-07,-3.6254959923098795e-07,-7.061578799039125e-05,1.0,3.985007879236946e-06,-1.0184427992498968e-05,4.478590199141763e-06,0.0007967648562043905,-0.002035600831732154,0.0008984521264210343,8.957099453255069e-06,1.0,0.9999999994288321,1.138009341888287e-05,-2.9044929146678862e-05,1.300851605188257e-05,-3.09047491218567e-08,False,False
0.03,0.04,3,HOVER,-1.1613833805768081e-07,-4.548226328893179e-08,0.9999965067318044,0.0,0.0,1.0,0.002672920296930398,-0.006810002500186008,0.003144063347638304,3.4954941619485843e-06,-1.2119155144318938e-05,-4.749478648591321e-06,-0.00021020112035330385,0.0025685529690235853,-0.0065283747389912605,0.0031322792638093233,0.0001658182591199875,-0.0003836251562461257,0.0055212583392858505,-0.0010936744511127472,0.0001658182591199875,-0.0003836251562461257,0.0055212583392858505,-0.0010936744511127472,0.1065062582192745,0.10608713925201636,0.10646183832383864,0.10619027855116019,0.10649666795216262,0.10599122558406975,0.10647356582052099,0.10604950341769034,0.5456461957059233,0.5442599606146025,0.5455828780879904,0.5444198945280072,1582.4501897384896,1579.1171813221704,1582.0971290706339,1579.9377504444637,0.0006326471738224905,-0.0006301576071569772,0.0006323833196436016,-0.0006307702545938915,1.2436369433999062e-06,-2.8771886718459427e-06,5.5212583392858505e-06,0.42501096277444367,2.0760245180951806e-06,-5.216955324364482e-06,4.102631715223394e-06,0.42524551434628965,-8.323875746952744e-07,2.3397666525185394e-06,1.4186266240624563e-06,-0.00023455157184598674,1.0,1.0,1.0,1.0,0.1065062582192745,0.10608713925201636,0.10646183832383864,0.10619027855116019,0.1065062582192745,0.10608713925201636,0.10646183832383864,0.10619027855116019,0.0006326471738224905,-0.0006301576071569772,0.0006323833196436016,-0.0006307702545938915,-3.113237221226563e-08,-1.2181877669720228e-08,0.999998293643606,-4.220571895032167e-06,-1.6520914369337362e-06,-0.00013377166364360944,-3.113237312390993e-08,-1.2181877728778545e-08,-1.7063564428099198e-06,-4.220572009216994e-06,-1.652091441428638e-06,-0.0001337716676061973,1.0,1.1380093383195344e-05,-2.9044929760857485e-05,1.300851636187872e-05,0.0016569942235946655,-0.00422446196898818,0.0019210530444979668,2.6016370611614548e-05,1.0,0.9999999975856492,2.3327259928734656e-05,-5.94278436928706e-05,2.7438514952612975e-05,-8.678962169802356e-08,False,False
0.04,0.05,4,HOVER,-3.191958910520043e-07,-1.2513599756402982e-07,0.999993892596649,0.0,0.0,1.0,0.004495484171145427,-0.011428373441037781,0.005510886150531432,6.11701894121593e-06,-2.6796315069077536e-05,-1.0516876500332728e-05,-0.00029671925585716963,0.0033205964136868715,-0.008405827917158604,0.004378449637442827,-0.00020874477922916412,0.0005756557220593095,0.003169061616063118,-0.0010511130094528198,-0.00020874477922916412,0.0005756557220593095,0.003169061616063118,-0.0010511130094528198,0.10648191403237686,0.10610148416373966,0.10645260377575348,0.10617084496688887,0.10637198031017085,0.10616628237713722,0.1064108974657541,0.10608308334221148,0.5453044072037838,0.5447402964531766,0.5454110980318907,0.5445120372192739,1582.2567013405426,1579.2313226500987,1582.023725035654,1579.7831563251925,0.0006325025693523186,-0.0006302428159326135,0.0006323284664279757,-0.0006306548191033199,-1.5655858442187308e-06,4.317417915444821e-06,3.169061616063118e-06,0.42503224349527363,1.4159870724205978e-06,-3.4885153182605613e-06,3.933400744360891e-06,0.4252068469387589,-2.9815729166393286e-06,7.805933233705382e-06,-7.643391282977728e-07,-0.00017460344348524393,1.0,1.0,1.0,1.0,0.10648191403237686,0.10610148416373966,0.10645260377575348,0.10617084496688887,0.10648191403237686,0.10610148416373966,0.10645260377575348,0.10617084496688887,0.0006325025693523186,-0.0006302428159326135,0.0006323284664279757,-0.0006306548191033199,-1.1613833620541798e-07,-4.5482264126221754e-08,0.9999965067318064,-1.2119155485348541e-05,-4.749478482200961e-06,-0.000210201116958809,-1.1613833805768081e-07,-4.548226328893179e-08,-3.4932681955979206e-06,-1.2119155144318938e-05,-4.749478648591321e-06,-0.00021020112035330385,1.0,2.3327260350924917e-05,-5.9427842643344775e-05,2.7438514734967612e-05,0.0025685529690235853,-0.0065283747389912605,0.0031322792638093233,5.487425733008422e-05,1.0,0.999999993100724,3.9235294943865026e-05,-9.972948497361969e-05,4.809546452607216e-05,-1.7968791286215263e-07,False,False
0.05,0.06,5,HOVER,-7.186803259173757e-07,-2.820935094405286e-07,0.9999903695797911,0.0,0.0,1.0,0.006599380318773053,-0.0167355632783309,0.00854633866279239,9.66131831366525e-06,-4.991956302546896e-05,-1.9625344066298567e-05,-0.00039008204475976527,0.0037400294095277786,-0.00942138209939003,0.005519530735909939,-0.0005393940955400467,0.0014010980958119035,0.0007347092032432556,-0.0009673871099948883,-0.0005393940955400467,0.0014010980958119035,0.0007347092032432556,-0.0009673871099948883,0.10644054403870018,0.10614480134822979,0.10643312294063413,0.10616429152437241,0.10625374952185883,0.10634051563270987,0.10634514790966969,0.10613469338076424,0.5449802080285351,0.5452181387622378,0.5452308398073892,0.5446536372920974,1581.9278611517645,1579.5759662004527,1581.8688686042558,1579.7310218073378,0.0006322568315898791,-0.0006305001200084849,0.0006322127502673667,-0.0006306158916547721,-4.04545571655035e-06,1.0508235718589276e-05,7.347092032432556e-07,0.4250741064450026,4.267022553970483e-07,-9.514480996480022e-07,3.353570193988806e-06,0.4251827598519365,-4.472157971947398e-06,1.1459683818237278e-05,-2.6188609907455505e-06,-0.00010865340693388958,1.0,1.0,1.0,1.0,0.10644054403870018,0.10614480134822979,0.10643312294063413,0.10616429152437241,0.10644054403870018,0.10614480134822979,0.10643312294063413,0.10616429152437241,0.0006322568315898791,-0.0006305001200084849,0.0006322127502673667,-0.0006306158916547721,-3.191958855603646e-07,-1.2513600139103204e-07,0.9999938925966306,-2.6796315337174906e-05,-1.0516876732285216e-05,-0.00029671924646521437,-3.191958910520043e-07,-1.2513599756402982e-07,-6.1074033510521986e-06,-2.6796315069077536e-05,-1.0516876500332728e-05,-0.00029671925585716963,1.0,3.923529584426433e-05,-9.972948464564979e-05,4.809546589967795e-05,0.0033205964136868715,-0.008405827917158604,0.004378449637442827,9.618310286896303e-05,1.0,0.9999999848952688,5.760134895956465e-05,-0.0001460410408012138,7.458928488366793e-05,-3.046777590830755e-07,False,False
0.06,0.07,6,HOVER,-1.4045211855773232e-06,-5.520364538824651e-07,0.9999858916880839,0.0,0.0,1.0,0.008745508755859353,-0.022122077369820182,0.01213765618369145,1.4188794491711598e-05,-8.226322097470984e-05,-3.2399741030531004e-05,-0.00048644415801391006,0.0037257387302815914,-0.009334753267467022,0.006442570593208075,-0.0007599983364343643,0.0019225120777264237,-0.0015121474862098694,-0.0008167140185832977,-0.0007599983364343643,0.0019225120777264237,-0.0015121474862098694,-0.0008167140185832977,0.10639004845003344,0.10620794213375996,0.10640633541974401,0.10617234832011584,0.10616206598423408,0.10649326628078767,0.10628537036918326,0.1062087403565034,0.5447287299236164,0.5456368727647064,0.5450669256570443,0.5448567607835654,1581.5264323609456,1580.078256906113,1581.6559163572383,1579.795115797032,0.0006319568877931987,-0.0006308751762745342,0.0006320536323932794,-0.000630663749021488,-5.699987523257732e-06,1.4418840582948177e-05,-1.5121474862098693e-06,0.4251494429907084,-6.825934672706653e-07,1.8342450955051263e-06,2.47159489045589e-06,0.42517667432365325,-5.017394055987067e-06,1.258459548744305e-05,-3.9837423766657595e-06,-2.7231332944854802e-05,1.0,1.0,1.0,1.0,0.10639004845003344,0.10620794213375996,0.10640633541974401,0.10617234832011584,0.10639004845003344,0.10620794213375996,0.10640633541974401,0.10617234832011584,0.0006319568877931987,-0.0006308751762745342,0.0006320536323932794,-0.000630663749021488,-7.186803487612931e-07,-2.820935166159759e-07,0.999990369579515,-4.9919562875590905e-05,-1.962534383227335e-05,-0.0003900820456750169,-7.186803259173757e-07,-2.820935094405286e-07,-9.63042020885041e-06,-4.991956302546896e-05,-1.9625344066298567e-05,-0.00039008204475976527,1.0,5.760134808951989e-05,-0.00014604104217141867,7.458928303094581e-05,0.0037400294095277786,-0.00942138209939003,0.005519530735909939,0.00014916174404788762,1.0,0.9999999728420678,7.633940721335105e-05,-0.00019304344945622322,0.00010593576035849674,-4.4840264950297827e-07,False,False
0.07,0.08,7,HOVER,-2.4679691250639735e-06,-9.713628514873562e-07,0.9999804566305102,0.0,0.0,1.0,0.010678273816637355,-0.026950275834779925,0.01612383234283127,1.972251780092653e-05,-0.000123521764180623,-4.873787838732824e-05,-0.0005810626316815615,0.0032672437373548746,-0.008145434781908989,0.007070681545883417,-0.0008283127099275589,0.0020395307801663876,-0.0033536329865455627,-0.0005839429795742035,-0.0008283127099275589,0.0020395307801663876,-0.0033536329865455627,-0.0005839429795742035,0.10633946313699251,0.10628073415738726,0.1063760958801632,0.10619648302160903,0.10611107580374515,0.10660969512402985,0.1062395461124265,0.10630551147001147,0.5445888413825948,0.5459559184070628,0.5449412538249675,0.5451221570076275,1581.1242335423267,1580.6572139274606,1581.415502532425,1579.9871052211302,0.0006316564110337356,-0.0006313075608948804,0.0006318740095281694,-0.0006308071091483576,-6.212345324456692e-06,1.5296480851247905e-05,-3.353632986545563e-06,0.42526582851021294,-1.6835482706395455e-06,4.273849540239322e-06,1.415750518667016e-06,0.42519277619615203,-4.528797053817146e-06,1.1022631311008584e-05,-4.769383505212578e-06,7.305231406090629e-05,1.0,1.0,1.0,1.0,0.10633946313699251,0.10628073415738726,0.1063760958801632,0.10619648302160903,0.10633946313699251,0.10628073415738726,0.1063760958801632,0.10619648302160903,0.0006316564110337356,-0.0006313075608948804,0.0006318740095281694,-0.0006308071091483576,-1.4045211533505952e-06,-5.52036461584147e-07,0.9999858916879912,-8.226322084119485e-05,-3.2399739821725196e-05,-0.00048644414659444133,-1.4045211855773232e-06,-5.520364538824651e-07,-1.4108311916061211e-05,-8.226322097470984e-05,-3.2399741030531004e-05,-0.00048644415801391006,1.0,7.633940549567342e-05,-0.00019304345187265426,0.00010593576007522643,0.0037257387302815914,-0.009334753267467022,0.006442570593208075,0.0002118420525221154,1.0,0.9999999580998039,9.321860615018918e-05,-0.0002351724050775676,0.00014072889581720648,-5.943243037430678e-07,False,False
0.08,0.09,8,HOVER,-3.990890490968013e-06,-1.5728915059298743e-06,0.9999741147330496,0.0,0.0,1.0,0.01217798401892659,-0.030689603194676552,0.0203182314069846,2.6238297194967002e-05,-0.0001723563764244318,-6.811834464315325e-05,-0.0006683564861305058,0.0024446812458336353,-0.006085280794650316,0.0073670921847224236,-0.0007336903363466263,0.0017400399083271623,-0.004641138017177582,-0.0002706404775381088,-0.0007336903363466263,0.0017400399083271623,-0.004641138017177582,-0.0002706404775381088,0.1062972981899803,0.10635346419144406,0.10634664507161778,0.10623694654795873,0.10610691559135763,0.10668214464737602,0.10621365610599376,0.10641976341650361,0.5445774272040182,0.5461543969876801,0.5448702440324503,0.5454354022889835,1580.788940785963,1581.235560227781,1581.1813398549057,1580.3089599020395,0.0006314059512484829,-0.0006317395772971777,0.0006316990717254097,-0.0006310474624948749,-5.502677522599697e-06,1.3050299312453717e-05,-4.641138017177582e-06,0.425422479761231,-2.374822285130477e-06,5.864140285717027e-06,3.179831818399823e-07,0.42523435400100085,-3.12785523746922e-06,7.18615902673669e-06,-4.959121199017564e-06,0.00018812576023014005,1.0,1.0,1.0,1.0,0.1062972981899803,0.10635346419144406,0.10634664507161778,0.10623694654795873,0.1062972981899803,0.10635346419144406,0.10634664507161778,0.10623694654795873,0.0006314059512484829,-0.0006317395772971777,0.0006316990717254097,-0.0006310474624948749,-2.4679690948305936e-06,-9.713628727955839e-07,0.9999804566300843,-0.00012352175732415665,-4.873787876888068e-05,-0.0005810626504836366,-2.4679691250639735e-06,-9.713628514873562e-07,-1.954336948983837e-05,-0.000123521764180623,-4.873787838732824e-05,-0.0005810626316815615,0.9999999403953552,9.321860852651298e-05,-0.00023517241061199456,0.0001407288946211338,0.0032672437373548746,-0.008145434781908989,0.007070681545883417,0.00028141395887359977,0.9999999403953552,0.9999999427655027,0.0001063204371451663,-0.00026779847164461656,0.00017733847472559673,-7.277664067944069e-07,False,False
0.09,0.1,9,HOVER,-6.036855211277725e-06,-2.3821639842935838e-06,0.999966974974086,0.0,0.0,1.0,0.013104900840643165,-0.033025064334821795,0.02453125651623422,3.36566585196386e-05,-0.0002266574592795223,-8.96932979230769e-05,-0.0007423486094921827,0.0014108442701399326,-0.0035624620504677296,0.007334387395530939,-0.0004977155476808548,0.0010998077923431993,-0.005303652957081795,0.00010162033140659332,-0.0004977155476808548,0.0010998077923431993,-0.005303652957081795,0.00010162033140659332,0.10627004974029922,0.10641808364727037,0.10632202865730839,0.10629197916505859,0.10614700375497349,0.10671009253997747,0.10621086589378038,0.10654064797697202,0.5446874096697804,0.5462309507583571,0.5448625908731772,0.5457667235516908,1580.5722419673998,1581.749312978425,1580.9856005505844,1580.746641459084,0.0006312440954573773,-0.000632123416864786,0.0006315528502244118,-0.000631374356240448,-3.7328666076064108e-06,8.248558442573994e-06,-5.303652957081795e-06,0.42560861016570334,-2.620709357738834e-06,6.296138579456757e-06,-7.008274234449356e-07,0.4253021412099366,-1.1121572498675768e-06,1.9524198631172377e-06,-4.602825533636859e-06,0.0003064689557667477,1.0,1.0,1.0,1.0,0.10627004974029922,0.10641808364727037,0.10632202865730839,0.10629197916505859,0.10627004974029922,0.10641808364727037,0.10632202865730839,0.10629197916505859,0.0006312440954573773,-0.000632123416864786,0.0006315528502244118,-0.000631374356240448,-3.990890393276012e-06,-1.5728914626949371e-06,0.9999741147335666,-0.00017235637995273253,-6.811834417297251e-05,-0.0006683565042121014,-3.990890490968013e-06,-1.5728915059298743e-06,-2.588526695035398e-05,-0.0001723563764244318,-6.811834464315325e-05,-0.0006683564861305058,0.9999999403953552,0.0001063204399542883,-0.0002677984593901783,0.00017733847198542207,0.0024446812458336353,-0.006085280794650316,0.0073670921847224236,0.00035462004598230124,0.9999999403953552,0.9999999290103929,0.00011442352264958221,-0.0002881735596279164,0.0002141085386897917,-8.386263481450862e-07,False,False
0.1,0.11,10,HOVER,-8.645836715004407e-06,-3.415086666791467e-06,0.9999592047206534,0.0,0.0,1.0,0.013426462750620361,-0.03391702926423707,0.028590662041111676,4.184098620270021e-05,-0.00028396083507686853,-0.00011244601773796603,-0.0007973994361236691,0.0003592967987060547,-0.0010702589061111212,0.0070095909759402275,-0.00016989745199680328,0.0002635248238220811,-0.005345376208424568,0.0004949532449245453,-0.00016989745199680328,0.0002635248238220811,-0.005345376208424568,0.0004949532449245453,0.10626122692511242,0.10646903934228133,0.10630558259172651,0.10635744976924535,0.1062213800206368,0.10669927880947302,0.10623131079830272,0.10665330699404979,0.5448914293311292,0.546201330917055,0.5449186669823496,0.5460753997872282,1580.5020732025591,1582.1543675725088,1580.8548208973832,1581.2672499852918,0.0006311916879351677,-0.0006324260936931511,0.0006314551605948555,-0.0006317632516293175,-1.2742308899760246e-06,1.9764361786656082e-06,-5.345376208424568e-06,0.4258052766224623,-2.37705476154558e-06,5.513443947827677e-06,-1.5424967924452821e-06,0.4253932986283656,1.1028238715695555e-06,-3.537007769162069e-06,-3.802879415979286e-06,0.00041197799409670166,1.0,1.0,1.0,1.0,0.10626122692511242,0.10646903934228133,0.10630558259172651,0.10635744976924535,0.10626122692511242,0.10646903934228133,0.10630558259172651,0.10635744976924535,0.0006311916879351677,-0.0006324260936931511,0.0006314551605948555,-0.0006317632516293175,-6.036855012816494e-06,-2.382164081922856e-06,0.9999669749745045,-0.00022665746154284865,-8.969329836965107e-05,-0.0007423486036387018,-6.036855211277725e-06,-2.3821639842935838e-06,-3.3025025913957506e-05,-0.0002266574592795223,-8.96932979230769e-05,-0.0007423486094921827,0.9999999403953552,0.00011442352115409449,-0.0002881735563278198,0.000214108542422764,0.0014108442701399326,-0.0035624620504677296,0.007334387395530939,0.0004281511646695435,0.9999998807907104,0.9999999181992659,0.00011724182945898745,-0.0002959526499004694,0.0002495352559849572,-9.219080830773226e-07,False,False
0.11,0.12,11,HOVER,-1.183352833322715e-05,-4.677367542171851e-06,0.9999510211855522,0.0,0.0,1.0,0.01322266172505109,-0.03360143530800214,0.032357653492381164,5.060468777343042e-05,-0.0003419260319788009,-0.0001353806583210826,-0.0008290780242532492,-0.0005148566560819745,0.000919025216717273,0.006456162314862013,0.00018377415835857391,-0.000587581074796617,-0.004835767671465874,0.0008606519550085068,0.00018377415835857391,-0.000587581074796617,-0.004835767671465874,0.0008606519550085068,0.10627095945131473,0.10650358357508014,0.10629951129414444,0.10642702939316478,0.10631492122001869,0.10665964938876239,0.10627209061793667,0.10674146475078657,0.5451479595564039,0.5460927745397387,0.5450305079422337,0.5463168772084899,1580.5794768950489,1582.4289322203424,1580.8065402204925,1581.820428243885,0.0006312494991408095,-0.000632631286435976,0.000631419097087218,-0.0006321765545953988,1.3783061876893043e-06,-4.4068580609746275e-06,-4.835767671465874e-06,0.4259881259775043,-1.6971226983728861e-06,3.716023504861648e-06,-2.139244803347367e-06,0.4255010837137041,3.07542888606219e-06,-8.122881565836275e-06,-2.6965228681185066e-06,0.000487042263800197,1.0,1.0,1.0,1.0,0.10627095945131473,0.10650358357508014,0.10629951129414444,0.10642702939316478,0.10627095945131473,0.10650358357508014,0.10629951129414444,0.10642702939316478,0.0006312494991408095,-0.000632631286435976,0.000631419097087218,-0.0006321765545953988,-8.645836635379376e-06,-3.4150865574513745e-06,0.9999592047199357,-0.00028396082845794486,-0.0001124460199624953,-0.0007973994410673549,-8.645836715004407e-06,-3.415086666791467e-06,-4.079527934663929e-05,-0.00028396083507686853,-0.00011244601773796603,-0.0007973994361236691,0.9999999403953552,0.00011724182695616037,-0.00029595266096293926,0.00024953525280579925,0.0003592967987060547,-0.0010702589061111212,0.0070095909759402275,0.0004990011802874506,0.9999998807907104,0.9999999104743172,0.00011547228228894391,-0.00029319524097590687,0.000282407613398421,-9.776410481146836e-07,False,False
0.12,0.13,12,HOVER,-1.559528027428314e-05,-6.165851118566934e-06,0.9999426743779622,0.0,0.0,1.0,0.012669052375248829,-0.03253220483729694,0.03573757063529327,5.9728196263280294e-05,-0.0003987747768405825,-0.00015770617756061256,-0.0008349718991667032,-0.0010536285117268562,0.0020524575375020504,0.005754164885729551,0.0004930105060338974,-0.0012746177380904555,-0.0038934219628572464,0.0011491645127534866,0.0004930105060338974,-0.0012746177380904555,-0.0038934219628572464,0.0011491645127534866,0.10629628287442724,0.10652164192404037,0.10630463530706039,0.10649292504234747,0.10641068238393893,0.1066032165819624,0.10632777962279683,0.10679070366767866,0.5454105084200023,0.5459381682150176,0.5451832175856794,0.5464517243201288,1580.7808665793677,1582.5724531622823,1580.8472878755317,1582.3442188358206,0.0006313999202740979,-0.0006327385530287998,0.0006314495337239387,-0.000632567974751544,3.6975787952542304e-06,-9.559633035678416e-06,-3.893421962857246e-06,0.4261323822563768,-7.199850965079919e-07,1.3105856079974505e-06,-2.4570737823072838e-06,0.4256154851478755,4.417563891762222e-06,-1.0870218643675867e-05,-1.4363481805499624e-06,0.0005168971085012797,1.0,1.0,1.0,1.0,0.10629628287442724,0.10652164192404037,0.10630463530706039,0.10649292504234747,0.10629628287442724,0.10652164192404037,0.10630463530706039,0.10649292504234747,0.0006313999202740979,-0.0006327385530287998,0.0006314495337239387,-0.000632567974751544,-1.1833528005054704e-05,-4.677367597268854e-06,0.9999510211863786,-0.0003419260230249579,-0.00013538066308480575,-0.0008290780053437632,-1.183352833322715e-05,-4.677367542171851e-06,-4.897881444776431e-05,-0.0003419260319788009,-0.0001353806583210826,-0.0008290780242532492,0.9999998807907104,0.0001154722849605605,-0.0002931952476501465,0.00028240762185305357,-0.0005148566560819745,0.000919025216717273,0.006456162314862013,0.0005647475481964648,0.9999998211860657,0.9999999049486923,0.00011064686978921167,-0.0002838625553862905,0.00031190050754913455,-1.0113416710912663e-06,False,False
0.13,0.14,13,HOVER,-1.9913706637453288e-05,-7.871461093600374e-06,0.9999344233146985,0.0,0.0,1.0,0.012001093497419422,-0.03127967946333399,0.038684711453488035,6.898418128036148e-05,-0.000453599204774946,-0.0001789781090337783,-0.0008152443915605545,-0.001166883041150868,0.0021668311674147844,0.00498992670327425,0.0006978344172239304,-0.0016587473219260573,-0.002666560932993889,0.0013196580111980438,0.0006978344172239304,-0.0016587473219260573,-0.002666560932993889,0.0013196580111980438,0.10633195878001156,0.10652527021796347,0.10632032847184494,0.10654704976382148,0.10649313884694567,0.10654165842873968,0.1063912176648611,0.10679161406505264,0.5456365235057876,0.5457694925347532,0.5453571475864364,0.5464542173870638,1581.0645623020125,1582.6012886019064,1580.972080898566,1582.774372859073,0.0006316118351532686,-0.000632760105094703,0.000631542751122759,-0.0006328894755970997,5.233758129179478e-06,-1.244060491444543e-05,-2.6665609329938887e-06,0.42621762900559906,3.5882629857925466e-07,-1.1812053890406828e-06,-2.4949944157751135e-06,0.42572460723364147,4.874931830600223e-06,-1.1259399525404747e-05,-1.7156651721877523e-07,0.0004930217719575913,1.0,1.0,1.0,1.0,0.10633195878001156,0.10652527021796347,0.10632032847184494,0.10654704976382148,0.10633195878001156,0.10652527021796347,0.10632032847184494,0.10654704976382148,0.0006316118351532686,-0.000632760105094703,0.000631542751122759,-0.0006328894755970997,-1.5595280049181872e-05,-6.16585101363726e-06,0.999942674379667,-0.00039877477150766614,-0.0001577061762952307,-0.0008349718727092364,-1.559528027428314e-05,-6.165851118566934e-06,-5.73256220377516e-05,-0.0003987747768405825,-0.00015770617756061256,-0.0008349718991667032,0.9999998807907104,0.00011064686987083405,-0.00028386255144141614,0.0003119005123153329,-0.0010536285117268562,0.0020524575375020504,0.005754164885729551,0.0006237382185645401,0.9999998211860657,0.9999999002680631,0.00010482143801224172,-0.00027293133923289147,0.0003376163714541862,-1.0345915533135896e-06,False,False
0.14,0.15,14,HOVER,-2.4768260118435137e-05,-9.783164387044962e-06,0.9999265089427354,0.0,0.0,1.0,0.01146720494341681,-0.030407714992972238,0.04120151262231846,7.816720867851082e-05,-0.000506478943862021,-0.00019917076861020178,-0.0007727975607849658,-0.0008491103653796017,0.001317232265137136,0.004246371798217297,0.0007596593350172043,-0.0016681983834132552,-0.001313537359237671,0.001348644495010376,0.0007596593350172043,-0.0016681983834132552,-0.001313537359237671,0.001348644495010376,0.10637164160615711,0.10651788969158568,0.10634465750843125,0.10658239344107492,0.10655093002421977,0.10648455628673842,0.1064545639817519,0.10674207195479517,0.5457948995102674,0.545613000931104,0.5455307953712397,0.5463185402270433,1581.3800879419398,1582.5426324291896,1581.1655360935183,1583.0552303062668,0.0006318475511405732,-0.000632716264768019,0.0006316872656000817,-0.000633099417039985,5.697445012629032e-06,-1.2511487875599414e-05,-1.313537359237671e-06,0.42623212224750523,1.3265072880941885e-06,-3.2345528382898663e-06,-2.280865067349146e-06,0.42581658224724894,4.370937724534844e-06,-9.276935037309548e-06,9.673277081114752e-07,0.000415540000256287,1.0,1.0,1.0,1.0,0.10637164160615711,0.10651788969158568,0.10634465750843125,0.10658239344107492,0.10637164160615711,0.10651788969158568,0.10634465750843125,0.10658239344107492,0.0006318475511405732,-0.000632716264768019,0.0006316872656000817,-0.000633099417039985,-1.991370695705751e-05,-7.871460958302839e-06,0.9999344233157141,-0.00045359919124644165,-0.0001789781080671887,-0.0008152443957798922,-1.9913706637453288e-05,-7.871461093600374e-06,-6.557668530149385e-05,-0.000453599204774946,-0.0001789781090337783,-0.0008152443915605545,0.9999998807907104,0.00010482143989065662,-0.0002729313273448497,0.0003376163658685982,-0.001166883041150868,0.0021668311674147844,0.00498992670327425,0.0006751755718141794,0.9999997615814209,0.999999895137689,0.00010016563847326837,-0.0002653213721918596,0.0003595775652279504,-1.0641314751288253e-06,False,False
0.15,0.16,15,HOVER,-3.0144708944135346e-05,-1.1892160728166346e-05,0.999919128131296,0.0,0.0,1.0,0.011279881210739109,-0.030355624235202914,0.043332870431226606,8.712282199162831e-05,-0.0005583878373727202,-0.00021866628958377987,-0.0007129794685170054,-0.00017945822037290782,-0.00024068314814940095,0.0035949661396443844,0.0006680022925138474,-0.0013114832108840346,1.5290454030036926e-05,0.0012349486351013184,0.0006680022925138474,-0.0013114832108840346,1.5290454030036926e-05,0.0012349486351013184,0.10640914579324769,0.10650344235584178,0.10637468425127185,0.1065943129371979,0.10657858817335596,0.10643819596330203,0.10651033606067445,0.10664815412021829,0.5458706873070186,0.5454859295600218,0.5456836549215666,0.5460612834570263,1581.6782586775778,1582.4278098346788,1581.4042791441284,1583.149941986713,0.0006320703260118913,-0.0006326304475937002,0.0006318656244525548,-0.0006331702188469555,5.010017193853855e-06,-9.836124081630259e-06,1.5290454030036926e-08,0.4261752743175507,1.9943415872900917e-06,-4.431117220401407e-06,-1.8647159762096022e-06,0.4258815853375592,3.0156756065637635e-06,-5.4050068612288515e-06,1.880006430239639e-06,0.000293688979991491,1.0,1.0,1.0,1.0,0.10640914579324769,0.10650344235584178,0.10637468425127185,0.1065943129371979,0.10640914579324769,0.10650344235584178,0.10637468425127185,0.1065943129371979,0.0006320703260118913,-0.0006326304475937002,0.0006318656244525548,-0.0006331702188469555,-2.4768260143743167e-05,-9.783164343562523e-06,0.999926508939836,-0.0005064789338863367,-0.00019917077230924822,-0.0007727975890274352,-2.4768260118435137e-05,-9.783164387044962e-06,-7.349105726461858e-05,-0.000506478943862021,-0.00019917076861020178,-0.0007727975607849658,0.9999998807907104,0.00010016564192483202,-0.0002653213741723448,0.0003595775633584708,-0.0008491103653796017,0.001317232265137136,0.004246371798217297,0.0007191019831225276,0.9999997615814209,0.9999998885596689,9.853569706023013e-05,-0.000264865539119274,0.0003781766946706744,-1.11826635560766e-06,False,False
0.16,0.17,16,HOVER,-3.60425328835845e-05,-1.4195470612321515e-05,0.9999124132518773,0.0,0.0,1.0,0.011574361451510825,-0.031349446123789516,0.04515685351400216,9.577063229027686e-05,-0.0006109151290729642,-0.00023816338216420263,-0.000642863567918539,0.0006946565117686987,-0.00210964260622859,0.0030898924451321363,0.00044230930507183075,-0.0006727933650836349,0.001191725954413414,0.0010008737444877625,0.00044230930507183075,-0.0006727933650836349,0.001191725954413414,0.0010008737444877625,0.10643955579305572,0.10648564375091873,0.10640690890392049,0.10658148298507703,0.1065769394146807,0.106405264585179,0.10655249265396764,0.1065235402184166,0.545866169605439,0.5453956562872821,0.5457991815237533,0.5457198412655646,1581.9200053594589,1582.2863461177212,1581.6604755402634,1583.0479957423195,0.000632250961410751,-0.0006325247238804573,0.0006320570388892877,-0.0006330940089313576,3.3173197880387304e-06,-5.045950238127261e-06,1.191725954413414e-06,0.4260582368722439,2.2341653582902583e-06,-4.542626889042587e-06,-1.3107325117760887e-06,0.42591359143297197,1.083154429748472e-06,-5.033233490846743e-07,2.5024584661895025e-06,0.00014464543927195095,1.0,1.0,1.0,1.0,0.10643955579305572,0.10648564375091873,0.10640690890392049,0.10658148298507703,0.10643955579305572,0.10648564375091873,0.10640690890392049,0.10658148298507703,0.000632250961410751,-0.0006325247238804573,0.0006320570388892877,-0.0006330940089313576,-3.0144708284932073e-05,-1.1892160516317371e-05,0.9999191281320053,-0.0005583878405266219,-0.0002186662862804119,-0.0007129794780911489,-3.0144708944135346e-05,-1.1892160728166346e-05,-8.087186870398e-05,-0.0005583878373727202,-0.00021866628958377987,-0.0007129794685170054,0.9999998807907104,9.853569645201787e-05,-0.00026486554997973144,0.0003781766863539815,-0.00017945822037290782,-0.00024068314814940095,0.0035949661396443844,0.0007563012186437845,0.9999997019767761,0.9999998798215408,0.00010111315081899312,-0.000273535704049132,0.00039409548737341546,-1.211162910520104e-06,False,False
0.17,0.18,17,HOVER,-4.2478746763663366e-05,-1.6698226318112575e-05,0.9999064208604977,0.0,0.0,1.0,0.012382732328648716,-0.03336007018783827,0.04677319991050538,0.0001041169056338333,-0.0006658642087131739,-0.0002585245529189706,-0.0005702209309674799,0.001586873084306717,-0.0038373146671801805,0.002764747478067875,0.00012709759175777435,0.00010787101928144693,0.002119464799761772,0.0006881058216094971,0.00012709759175777435,0.00010787101928144693,0.002119464799761772,0.0006881058216094971,0.1064599730199009,0.10646744164479774,0.10643775830804167,0.10654627212391464,0.1065522050797928,0.10638524051097593,0.10657712750353568,0.10638727981650041,0.5457983934968298,0.5453407611573671,0.5458666849816746,0.5453463519652401,1582.0823022022857,1582.141668105511,1581.905716681454,1582.7681930566853,0.0006323722397382113,-0.0006324166033700986,0.0006322402843497675,-0.000632884856416053,9.532319381833076e-07,8.090326446108519e-07,2.1194647997617724e-06,0.4259018529108048,2.0016504513951754e-06,-3.5724527269616856e-06,-6.889356981726888e-07,0.4259114450966549,-1.0484185132118676e-06,4.381485371572537e-06,2.8084004979344612e-06,-9.592185850115786e-06,1.0,1.0,1.0,1.0,0.1064599730199009,0.10646744164479774,0.10643775830804167,0.10654627212391464,0.1064599730199009,0.10646744164479774,0.10643775830804167,0.10654627212391464,0.0006323722397382113,-0.0006324166033700986,0.0006322402843497675,-0.000632884856416053,-3.604253415282437e-05,-1.4195471006678493e-05,0.9999124132525494,-0.0006109151139568758,-0.00023816337704461466,-0.0006428635776289219,-3.60425328835845e-05,-1.4195470612321515e-05,-8.758674812270328e-05,-0.0006109151290729642,-0.00023816338216420263,-0.000642863567918539,0.9999998807907104,0.00010111315350513905,-0.00027353569748811424,0.0003940954920835793,0.0006946565117686987,-0.00210964260622859,0.0030898924451321363,0.0007881356868892908,0.9999997019767761,0.9999998684701752,0.00010817853894632448,-0.0002910773766050846,0.00040820460178928617,-1.3474320394912925e-06,False,False
0.18,0.19,18,HOVER,-4.9487396609038115e-05,-1.9414213966229e-05,0.9999011316394899,0.0,0.0,1.0,0.013628142087507466,-0.0361154542078716,0.04829111414659757,0.00011225358273579093,-0.0007248165202327073,-0.0002805919502861798,-0.0005023638950660825,0.002308069495484233,-0.005011685658246279,0.0026317245792597532,-0.00021700747311115265,0.000865326845087111,0.002738870680332184,0.0003506522625684738,-0.00021700747311115265,0.000865326845087111,0.002738870680332184,0.0003506522625684738,0.10646979687766941,0.10645075723821402,0.10646407029572812,0.10649447332660456,0.10651417121129775,0.10637540919345158,0.10658293652440602,0.10626060920212896,0.5456941653905878,0.5453138079041409,0.5458826019606059,0.544999020800931,1582.1603889026887,1582.009046959468,1582.1148703961405,1582.3565246632609,0.0006324305934533563,-0.0006323174979949914,0.000632396577556625,-0.0006325771715600311,-1.627556048333645e-06,6.4899513381533324e-06,2.738870680332184e-06,0.4257331261312843,1.3431190005121392e-06,-1.7480456095818504e-06,-6.749854504104966e-08,0.4258790977382161,-2.970675048845784e-06,8.237996947735184e-06,2.8063692253732336e-06,-0.0001459716069318051,1.0,1.0,1.0,1.0,0.10646979687766941,0.10645075723821402,0.10646407029572812,0.10649447332660456,0.10646979687766941,0.10645075723821402,0.10646407029572812,0.10649447332660456,0.0006324305934533563,-0.0006323174979949914,0.000632396577556625,-0.0006325771715600311,-4.247874677034819e-05,-1.6698227104423688e-05,0.9999064208616995,-0.0006658642006602468,-0.00025852454415425225,-0.0005702209533711046,-4.2478746763663366e-05,-1.6698226318112575e-05,-9.357913950225338e-05,-0.0006658642087131739,-0.0002585245529189706,-0.0005702209309674799,0.9999998807907104,0.0001081785376300104,-0.00029107739101164043,0.00040820459253154695,0.001586873084306717,-0.0038373146671801805,0.002764747478067875,0.0008163462625816464,0.9999996423721313,0.9999998544500427,0.00011906077073707817,-0.00031511664349261477,0.0004214569107355578,-1.5197825684732213e-06,False,False
0.19,0.2,19,HOVER,-5.711499761673622e-05,-2.2364571123034693e-05,0.9998964615660952,0.0,0.0,1.0,0.015139833200074728,-0.03916284991887851,0.04981759473888252,0.00012034327687796826,-0.0007887518731877208,-0.00030500785214826465,-0.00044506811536848545,0.0027023986913263798,-0.00534516666084528,0.002683010883629322,-0.0005249325186014175,0.0014445275301113725,0.003027578815817833,4.497729241847992e-05,-0.0005249325186014175,0.0014445275301113725,0.003027578815817833,4.497729241847992e-05,0.10647050913153502,0.10643649713063359,0.10648349899984119,0.10643440117140125,0.10647372615454175,0.10637209620405215,0.10657126487023107,0.10616320141738435,0.5455833175406366,0.5453047249424173,0.5458506208413405,0.54473184468974,1582.1660502974923,1581.8956912099632,1582.2692991136007,1581.8790297333276,0.0006324348242413181,-0.0006322327929559635,0.0006325119840590567,-0.0006322203429581234,-3.936993889510631e-06,1.0833956475835293e-05,3.027578815817833e-06,0.4255802886462093,3.851541553051563e-07,5.333594326238991e-07,4.936723862877714e-07,0.4258249064334111,-4.3221480448157875e-06,1.0300597043211394e-05,2.5339064295300617e-06,-0.00024461778720180627,1.0,1.0,1.0,1.0,0.10647050913153502,0.10643649713063359,0.10648349899984119,0.10643440117140125,0.10647050913153502,0.10643649713063359,0.10648349899984119,0.10643440117140125,0.0006324348242413181,-0.0006322327929559635,0.0006325119840590567,-0.0006322203429581234,-4.9487396697968964e-05,-1.9414213866446732e-05,0.9999011316391841,-0.0007248164963135776,-0.0002805919418440146,-0.0005023638982719112,-4.9487396609038115e-05,-1.9414213966229e-05,-9.886836051009595e-05,-0.0007248165202327073,-0.0002805919502861798,-0.0005023638950660825,0.9999998807907104,0.00011906077270396054,-0.00031511663109995425,0.0004214569053146988,0.002308069495484233,-0.005011685658246279,0.0026317245792597532,0.0008428388391621411,0.9999996423721313,0.9999998383528014,0.00013226852310336073,-0.00034170287533460654,0.0004347856413957368,-1.711114974276495e-06,False,False
0.2,0.21,20,HOVER,-6.54129107715562e-05,-2.5574909159331582e-05,0.999892282365181,0.0,0.0,1.0,0.016685776442279806,-0.04196647955350476,0.051447407491262115,0.0001285924326121536,-0.0008578033884987235,-0.00033207409433089197,-0.00040177235496230423,0.0026763088535517454,-0.004730314016342163,0.0028939309995621443,-0.0007397998124361038,0.0017319299513474107,0.002996699884533882,-0.0001803673803806305,-0.0007397998124361038,0.0017319299513474107,0.002996699884533882,-0.0001803673803806305,0.10646505319794927,0.10642478042398687,0.10649476317164067,0.10637552020462578,0.10644041165919643,0.10637186486783692,0.10654564396073654,0.10610969582203986,0.5454920030475333,0.5453040907030252,0.5457804141781025,0.544585055206611,1582.12268317827,1581.802549964324,1582.3588283577194,1581.4109255344702,0.0006324024159958186,-0.000632163195718482,0.0006325788932395455,-0.0006318705900154771,-5.548498593270778e-06,1.298947463510558e-05,2.9966998845338824e-06,0.4254676163098097,-6.911989356523859e-07,2.79199117537033e-06,9.47523501405043e-07,0.4257601169982026,-4.8572996576183925e-06,1.019748345973525e-05,2.0491763831288394e-06,-0.0002925006883928716,1.0,1.0,1.0,1.0,0.10646505319794927,0.10642478042398687,0.10649476317164067,0.10637552020462578,0.10646505319794927,0.10642478042398687,0.10649476317164067,0.10637552020462578,0.0006324024159958186,-0.000632163195718482,0.0006325788932395455,-0.0006318705900154771,-5.711499893953879e-05,-2.236457140820906e-05,0.9998964615654122,-0.0007887518892254596,-0.0003050078585556181,-0.0004450681225036687,-5.711499761673622e-05,-2.2364571123034693e-05,-0.00010353843390475959,-0.0007887518731877208,-0.00030500785214826465,-0.00044506811536848545,0.9999998211860657,0.00013226852752268314,-0.00034170286380685866,0.00043478564475663006,0.0027023986913263798,-0.00534516666084528,0.002683010883629322,0.0008694809512235224,0.9999996423721313,0.9999998215297985,0.00014577526600832244,-0.00036616119828550926,0.0004490166142792146,-1.9001177516241523e-06,False,False
0.21,0.22,21,HOVER,-7.442833884852007e-05,-2.9071388780721463e-05,0.9998884475280647,0.0,0.0,1.0,0.018016329689107744,-0.04401946095105778,0.05325536520969901,0.00013721762738169672,-0.000931192422285676,-0.0003616762114688754,-0.0003731949254870415,0.002215142361819744,-0.0032566434238106012,0.0032272792886942625,-0.0008233282715082169,0.0016775742406025529,0.0026854723691940308,-0.00029298290610313416,-0.0008233282715082169,0.0016775742406025529,0.0026854723691940308,-0.00029298290610313416,0.10645698543678932,0.10641529103457487,0.10649773458394214,0.106326861717411,0.10642054839981968,0.10637243386172197,0.10651115573638133,0.10610717054902552,0.5454375541371026,0.5453056506756621,0.5456859013033019,0.5445781267231806,1582.0585544364203,1581.727112409828,1582.3824450980237,1581.0240320603962,0.0006323544934945286,-0.0006321068287453747,0.0006325965434286164,-0.0006315815586014213,-6.174962036311626e-06,1.2581806804519146e-05,2.6854723691940307e-06,0.4254113085469485,-1.685732410740097e-06,4.567104605916403e-06,1.2626495763489029e-06,0.42569687277271734,-4.489229625571529e-06,8.014702198602743e-06,1.4228227928451278e-06,-0.000285564225768864,1.0,1.0,1.0,1.0,0.10645698543678932,0.10641529103457487,0.10649773458394214,0.106326861717411,0.10645698543678932,0.10641529103457487,0.10649773458394214,0.106326861717411,0.0006323544934945286,-0.0006321068287453747,0.0006325965434286164,-0.0006315815586014213,-6.541291424542567e-05,-2.5574909295582538e-05,0.9998922823636673,-0.0008578033719024684,-0.000332074085951443,-0.0004017723477477141,-6.54129107715562e-05,-2.5574909159331582e-05,-0.00010771763481898233,-0.0008578033884987235,-0.00033207409433089197,-0.00040177235496230423,0.9999998211860657,0.00014577526599168777,-0.00036616119905374944,0.00044901660294272006,0.0026763088535517454,-0.004730314016342163,0.0028939309995621443,0.0008979265694506466,0.9999995827674866,0.9999998058379338,0.000157400635526465,-0.0003840691265980132,0.0004648010765477112,-2.067765021526346e-06,False,False
0.22,0.23,22,HOVER,-8.41957880766131e-05,-3.287650542915799e-05,0.9998848193499725,0.0,0.0,1.0,0.01891048104533607,-0.04494646471989297,0.05529135707180849,0.0001464116712554899,-0.0010073526063933969,-0.00039328591083176434,-0.00035742842010222375,0.001384549424983561,-0.0011863483814522624,0.003638262627646327,-0.0007625017315149307,0.0013031266862526536,0.0021532047539949417,-0.00028206221759319305,-0.0007625017315149307,0.0013031266862526536,0.0021532047539949417,-0.00028206221759319305,0.10644958180877173,0.10640764575038006,0.10649333904153932,0.10629552491558789,0.10641614407568067,0.10637311666728064,0.10647348656133476,0.1061540215869074,0.545425480651872,0.5453075226749149,0.5455826608498101,0.5447066619238687,1581.9997034637431,1581.6663334381205,1582.347509323755,1580.7748389641988,0.000632310515944104,-0.0006320614157572576,0.0006325704339067436,-0.000631395417998592,-5.71876298636198e-06,9.773450146894902e-06,2.1532047539949416e-06,0.42541676889120345,-2.4169951495793714e-06,5.5110690785754694e-06,1.424116094998068e-06,0.42564609151627897,-3.3017678367826086e-06,4.262381068319433e-06,7.290886589968736e-07,-0.00022932262507552315,1.0,1.0,1.0,1.0,0.10644958180877173,0.10640764575038006,0.10649333904153932,0.10629552491558789,0.10644958180877173,0.10640764575038006,0.10649333904153932,0.10629552491558789,0.000632310515944104,-0.0006320614157572576,0.0006325704339067436,-0.000631395417998592,-7.442833864835038e-05,-2.907138807224142e-05,0.9998884475298809,-0.0009311924018444861,-0.0003616762193998089,-0.00037319493959432794,-7.442833884852007e-05,-2.9071388780721463e-05,-0.00011155247193528339,-0.000931192422285676,-0.0003616762114688754,-0.0003731949254870415,0.9999998211860657,0.00015740063099656254,-0.00038406913517974317,0.0004648010653909296,0.002215142361819744,-0.0032566434238106012,0.0032272792886942625,0.0009294813498854637,0.9999995827674866,0.9999997930221795,0.0001652142972424818,-0.0003921522074891273,0.0004825727725005218,-2.20207573643587e-06,False,False
0.23,0.24,23,HOVER,-9.473079262534156e-05,-3.700537854456343e-05,0.9998812922349316,0.0,0.0,1.0,0.0192159355490562,-0.04457629252958211,0.05757823635802771,0.0001563165205606392,-0.001084210118278861,-0.00042603909969329834,-0.00035048442077822983,0.00031682007829658687,0.0011046658037230372,0.00407949835062027,-0.000571543350815773,0.0006950736278668046,0.0014717280864715576,-0.0001596212387084961,-0.000571543350815773,0.0006950736278668046,0.0014717280864715576,-0.0001596212387084961,0.1064451053670381,0.10640167874602609,0.1064833053301287,0.10628552871010201,0.10642488751787117,0.10637472908068328,0.10643799000801331,0.10624038277407806,0.54544944872911,0.54531194329946,0.5454853650100292,0.5449435484921629,1581.9641199209664,1581.618895662361,1582.2677597745226,1580.6953436374256,0.0006322839258802064,-0.000632025971751395,0.0006325108336609645,-0.0006313360405380059,-4.286575131118298e-06,5.213052209001034e-06,1.4717280864715577e-06,0.4254779893806458,-2.7559248250278758e-06,5.457044215163593e-06,1.4327472517698973e-06,0.4256156181532949,-1.530650306090422e-06,-2.439920061625589e-07,3.898083470166039e-08,-0.0001376287726491121,1.0,1.0,1.0,1.0,0.1064451053670381,0.10640167874602609,0.1064833053301287,0.10628552871010201,0.1064451053670381,0.10640167874602609,0.1064833053301287,0.10628552871010201,0.0006322839258802064,-0.000632025971751395,0.0006325108336609645,-0.0006313360405380059,-8.419578669668863e-05,-3.2876507006227964e-05,0.9998848193527754,-0.0010073525752936454,-0.00039328591102515863,-0.00035742841407467447,-8.41957880766131e-05,-3.287650542915799e-05,-0.0001151806500274688,-0.0010073526063933969,-0.00039328591083176434,-0.00035742842010222375,0.9999998211860657,0.00016521429643034935,-0.00039215220022015274,0.00048257276648655534,0.001384549424983561,-0.0011863483814522624,0.003638262627646327,0.0009650160791352391,0.9999995231628418,0.9999997840105672,0.00016788610338937823,-0.00038891722713987805,0.0005025300646994505,-2.2998826963912794e-06,False,False
0.24,0.25,24,HOVER,-0.00010602703696349636,-4.146315768593922e-05,0.9998778084554942,0.0,0.0,1.0,0.018875706876555758,-0.042970487795405334,0.06011243378176052,0.00016700808232313983,-0.0011595587711781263,-0.0004588741867337376,-0.0003471718810033053,-0.0008149101049639285,0.003207096131518483,0.004505634307861328,-0.0002883840352296829,-1.539511140435934e-05,0.0007179547101259232,4.2982399463653564e-05,-0.0002883840352296829,-1.539511140435934e-05,0.0007179547101259232,4.2982399463653564e-05,0.10644438841829137,0.10639758280138721,0.10646982209340157,0.10629723776148532,0.10644115022560469,0.10637908341363557,0.10640892927242,0.10635012828807164,0.5454940275380725,0.5453238811255529,0.5454057025361062,0.545244495113891,1581.9584208048661,1581.5863323826525,1582.1605893317192,1580.7884602343747,0.0006322796672046507,-0.00063200164184024,0.0006324307432348053,-0.0006314055923032228,-2.162880264222622e-06,-1.1546333553269505e-07,7.179547101259232e-07,0.42557929119973187,-2.6484913022103464e-06,4.446906469251621e-06,1.3031762959932365e-06,0.4256090310745655,4.856110379877245e-07,-4.562369804784316e-06,-5.852215858673133e-07,-2.973987483362306e-05,1.0,1.0,1.0,1.0,0.10644438841829137,0.10639758280138721,0.10646982209340157,0.10629723776148532,0.10644438841829137,0.10639758280138721,0.10646982209340157,0.10629723776148532,0.0006322796672046507,-0.00063200164184024,0.0006324307432348053,-0.0006314055923032228,-9.47307915877961e-05,-3.7005377799583293e-05,0.9998812922363964,-0.0010842101148313007,-0.0004260391032336351,-0.0003504844080597301,-9.473079262534156e-05,-3.700537854456343e-05,-0.0001187077650683932,-0.001084210118278861,-0.00042603909969329834,-0.00035048442077822983,0.9999997615814209,0.00016788610082585365,-0.0003889172221533954,0.0005025300779379904,0.00031682007829658687,0.0011046658037230372,0.00407949835062027,0.0010049296543002129,0.9999995231628418,0.9999997785008596,0.00016491829869813923,-0.00037490178518661545,0.0005246416282200568,-2.3660552982916245e-06,False,False
0.25,0.26,25,HOVER,-0.00011805738904513419,-4.624408757081255e-05,0.9998743640171597,0.0,0.0,1.0,0.017936557620245954,-0.04040362928017729,0.06286691476757474,0.00017849499412494688,-0.0012314497726038098,-0.0004907033289782703,-0.0003421361616346985,-0.001829435583204031,0.0047626374289393425,0.004877245053648949,3.275834023952484e-05,-0.000680698431096971,-3.3134594559669495e-05,0.00028152763843536377,3.275834023952484e-05,-0.000680698431096971,-3.3134594559669495e-05,0.00028152763843536377,0.10644678485669762,0.10639588167732743,0.10645514912462369,0.10632743778506229,0.10645760894310283,0.10638819838650516,0.10638888385921987,0.1064638726303899,0.5455391415839151,0.545348870237833,0.5453507494667177,0.54555631007367,1581.977470351685,1581.57280812107,1582.0439578200135,1581.02861279844,0.0006322939020487839,-0.0006319915371633249,0.0006323435858002647,-0.00063158498044327,2.456875517964363e-07,-5.105238233227283e-06,-3.31345945596695e-08,0.4256985638192177,-2.1241151185080916e-06,2.715552503560186e-06,1.060970242453647e-06,0.425625253443711,2.3698026703045277e-06,-7.82079073678747e-06,-1.0941048370133165e-06,7.331037550672992e-05,1.0,1.0,1.0,1.0,0.10644678485669762,0.10639588167732743,0.10645514912462369,0.10632743778506229,0.10644678485669762,0.10639588167732743,0.10645514912462369,0.10632743778506229,0.0006322939020487839,-0.0006319915371633249,0.0006323435858002647,-0.00063158498044327,-0.00010602703568280588,-4.146315788838017e-05,0.9998778084555376,-0.0011595587657338227,-0.00045887417494660203,-0.0003471718678990538,-0.00010602703696349636,-4.146315768593922e-05,-0.00012219154450576752,-0.0011595587711781263,-0.0004588741867337376,-0.0003471718810033053,0.9999997615814209,0.00016491829592268914,-0.00037490177783183753,0.0005246416549198329,-0.0008149101049639285,0.003207096131518483,0.004505634307861328,0.0010491596767678857,0.999999463558197,0.999999775069853,0.00015671939466983505,-0.00035250225822738314,0.0005486724276343677,-2.4114923320763264e-06,False,False
0.26,0.27,26,HOVER,-0.00013077851326670498,-5.133228114573285e-05,0.9998710041982122,0.0,0.0,1.0,0.016538211273641714,-0.037301014889215195,0.06579601251349876,0.00019073001729868772,-0.001298517920076847,-0.0005205851048231125,-0.00033086142502725124,-0.0025708861649036407,0.005535039585083723,0.005163786467164755,0.0003325175493955612,-0.001167720532976091,-0.0007138978689908981,0.0005079768598079681,0.0003325175493955612,-0.001167720532976091,-0.0007138978689908981,0.0005079768598079681,0.10645048443884209,0.10639725001896805,0.10644127320540281,0.10637004608211975,0.10646719465264906,0.10640343041196308,0.10637860714908823,0.10656255621620368,0.5455654154680385,0.5453906281086989,0.5453225754071764,0.5458267578653919,1582.0068784783446,1581.583686703834,1581.9336574519903,1581.367402303928,0.000632315877566722,-0.0006319996651126702,0.0006322611628400927,-0.0006318380737277914,2.493881620466709e-06,-8.757903997320681e-06,-7.138978689908982e-07,0.425811788429904,-1.287458345516912e-06,6.361320290257724e-07,7.393015663531956e-07,0.4256590537453327,3.781339965983621e-06,-9.394036026346454e-06,-1.4531994353440937e-06,0.00015273468457133177,1.0,1.0,1.0,1.0,0.10645048443884209,0.10639725001896805,0.10644127320540281,0.10637004608211975,0.10645048443884209,0.10639725001896805,0.10644127320540281,0.10637004608211975,0.000632315877566722,-0.0006319996651126702,0.0006322611628400927,-0.0006318380737277914,-0.00011805738680806823,-4.624408896367427e-05,0.999874364018194,-0.0012314498300169748,-0.0004907033214174846,-0.0003421361616817478,-0.00011805738904513419,-4.624408757081255e-05,-0.00012563598284032196,-0.0012314497726038098,-0.0004907033289782703,-0.0003421361616346985,0.9999997615814209,0.00015671939763706177,-0.0003525022475514561,0.0005486724548973143,-0.001829435583204031,0.0047626374289393425,0.004877245053648949,0.0010972344316542149,0.9999994039535522,0.9999997717386988,0.00014450999284549272,-0.00032542982882168047,0.0005742254252321031,-2.4509137971699848e-06,False,False
0.27,0.28,27,HOVER,-0.00014413800090551376,-5.670407335855998e-05,0.9998678102419944,0.0,0.0,1.0,0.01488585133837497,-0.03414796923200075,0.06884147041038274,0.00020363017301484876,-0.001360178692266345,-0.0005478666280396283,-0.00031044764909893274,-0.002936577657237649,0.005453625228255987,0.005345478188246489,0.0005565639585256577,-0.0013850316172465682,-0.0012689866125583649,0.0006800256669521332,0.0005565639585256577,-0.0013850316172465682,-0.0012689866125583649,0.0006800256669521332,0.10645311221862697,0.10640226051877702,0.10642964119746318,0.10641730436941815,0.1064649812347182,0.10642489209350328,0.1063771081270907,0.10663083137816395,0.5455593486778614,0.5454494612719702,0.545318465703905,0.5460138262136908,1582.02776662082,1581.6235207993736,1581.8411907564443,1581.7431179328864,0.0006323314865786442,-0.0006320294274815355,0.0006321920687129312,-0.0006321187879543438,4.1742296889424325e-06,-1.0387737129349261e-05,-1.268986612558365e-06,0.4258978128334761,-2.979426138288027e-07,-1.3616932926629327e-06,3.7533985569615253e-07,0.4257023183042853,4.472172302771235e-06,-9.026043836686329e-06,-1.6443264682545175e-06,0.00019549452919082055,1.0,1.0,1.0,1.0,0.10645311221862697,0.10640226051877702,0.10642964119746318,0.10641730436941815,0.10645311221862697,0.10640226051877702,0.10642964119746318,0.10641730436941815,0.0006323314865786442,-0.0006320294274815355,0.0006321920687129312,-0.0006321187879543438,-0.00013077850850683363,-5.133228251890017e-05,0.9998710041967688,-0.001298517903175309,-0.0005205850864902172,-0.000330861416987279,-0.00013077851326670498,-5.133228114573285e-05,-0.00012899580178782344,-0.001298517920076847,-0.0005205851048231125,-0.00033086142502725124,0.9999997615814209,0.0001445099915144965,-0.00032542983535677195,0.0005742254434153438,-0.0025708861649036407,0.005535039585083723,0.005163786467164755,0.0011483568232506514,0.9999993443489075,0.9999997666847418,0.00013008254657450132,-0.0002979191455362205,0.0006007937882091853,-2.50061939646605e-06,False,False
0.28,0.29,28,HOVER,-0.00015808256284799427,-6.233147723833099e-05,0.9998648804030381,0.0,0.0,1.0,0.013211356944286351,-0.03139042201719399,0.07193904508067597,0.00021710047262602875,-0.0014166635228320956,-0.0005722705973312259,-0.0002800353686325252,-0.0028943622019141912,0.00462134275585413,0.005414092913269997,0.0006666835397481918,-0.0012995362048968673,-0.001658393070101738,0.0007682517170906067,0.0006666835397481918,-0.0012995362048968673,-0.001658393070101738,0.0007682517170906067,0.10645241142147685,0.10641109564927083,0.1064210268472045,0.10646120477376587,0.10644924617919165,0.10645100360415857,0.10638212137380984,0.10665955470138531,0.5455162191505382,0.5455210363172305,0.5453322099020589,0.5460925151494714,1582.0221960203191,1581.6937598266152,1581.7727104904666,1582.0920931367039,0.0006323273238435725,-0.0006320819081566687,0.0006321408994723948,-0.0006323795563561693,5.000126548111439e-06,-9.746521536726504e-06,-1.6583930701017381e-06,0.42594192585854534,6.620064731239182e-07,-2.8812097199212676e-06,6.7588031292574804e-09,0.42574573869171806,4.338120074987521e-06,-6.865311816805237e-06,-1.6651518732309956e-06,0.00019618716682728854,1.0,1.0,1.0,1.0,0.10645241142147685,0.10641109564927083,0.1064210268472045,0.10646120477376587,0.10645241142147685,0.10641109564927083,0.1064210268472045,0.10646120477376587,0.0006323273238435725,-0.0006320819081566687,0.0006321408994723948,-0.0006323795563561693,-0.0001441380012629313,-5.6704072538619735e-05,0.9998678102476981,-0.0013601787030838274,-0.0005478666382270675,-0.0003104476409172937,-0.00014413800090551376,-5.670407335855998e-05,-0.000132189758005552,-0.001360178692266345,-0.0005478666280396283,-0.00031044764909893274,0.9999997615814209,0.0001300825533689931,-0.00029791914857923985,0.0006007938063703477,-0.002936577657237649,0.005453625228255987,0.005345478188246489,0.001201509963721037,0.9999992847442627,0.9999997587565371,0.00011546278146390516,-0.00027386065667437943,0.0006278180903748615,-2.5758595317729303e-06,False,False
0.29,0.3,29,HOVER,-0.00017256545834243298,-6.818609836045653e-05,0.9998623090505134,0.0,0.0,1.0,0.01173084955229482,-0.029347292078972964,0.0750250521681112,0.000231056224744257,-0.0014688895316794515,-0.0005939119728282094,-0.0002408154687145725,-0.0024863628204911947,0.003287120256572962,0.0053726984187960625,0.0006465446203947067,-0.0009414762025699019,-0.0018594060093164444,0.0007614977657794952,0.0006465446203947067,-0.0009414762025699019,-0.0018594060093164444,0.0007614977657794952,0.10644690231826476,0.10642334507372515,0.1064155362447966,0.10649489714448626,0.1064220206511781,0.10647867671979551,0.10639073813291693,0.10664711337899928,0.5454415899570719,0.5455968862361058,0.5453558329547515,0.5460584323153799,1581.9784040630514,1581.7911395255387,1581.7290617763495,1582.3598931760919,0.0006322945997704926,-0.0006321546697379274,0.0006321082852940918,-0.0006325796890382484,4.8490846529603e-06,-7.061071519274264e-06,-1.8594060093164443e-06,0.4259385488828898,1.4207759342923197e-06,-3.6386709892258055e-06,-3.3147371159144515e-07,0.4257806807812728,3.4283087186679807e-06,-3.4224005300484584e-06,-1.5279322977249992e-06,0.00015786810161699805,1.0,1.0,1.0,1.0,0.10644690231826476,0.10642334507372515,0.1064155362447966,0.10649489714448626,0.10644690231826476,0.10642334507372515,0.1064155362447966,0.10649489714448626,0.0006322945997704926,-0.0006321546697379274,0.0006321082852940918,-0.0006325796890382484,-0.0001580825569748912,-6.233147467740732e-05,0.9998648803997577,-0.0014166635625874364,-0.0005722705941754599,-0.0002800353757474761,-0.00015808256284799427,-6.233147723833099e-05,-0.0001351195969618857,-0.0014166635228320956,-0.0005722705973312259,-0.0002800353686325252,0.9999997615814209,0.00011546278255991638,-0.0002738606708589941,0.0006278181099332869,-0.0028943622019141912,0.00462134275585413,0.005414092913269997,0.0012555727735161781,0.9999992251396179,0.9999997476212346,0.00010253862084224559,-0.00025603634988740693,0.000654743221512391,-2.6877599339104327e-06,False,False
0.3,0.31,30,HOVER,-0.00018755195196717978,-7.424281648127362e-05,0.9998601682891604,0.0,0.0,1.0,0.010606417481270648,-0.028152222951999803,0.07804229492691717,0.00024543968269640756,-0.0015181975904852152,-0.0006132441922090948,-0.00019564357353374362,-0.0018189512193202972,0.0017893729964271188,0.0052344524301588535,0.0005046706646680832,-0.00039574725087732077,-0.0018679182976484299,0.0006678253412246704,0.0005046706646680832,-0.00039574725087732077,-0.0018679182976484299,0.0006678253412246704,0.10643632150121331,0.10643792627541315,0.1064127360250269,0.10651381930038968,0.10638853548594737,0.10650379192862519,0.10640008866942208,0.10659929658661776,0.5453497943990782,0.5456657200609865,0.5453814670330226,0.5459274278854926,1581.894295077061,1581.907051901009,1581.7068005749547,1582.510282788402,0.0006322317497172071,-0.0006322412820759541,0.0006320916519886598,-0.0006326920866443147,3.785029985010624e-06,-2.9681043815799056e-06,-1.86791829764843e-06,0.4258917126706124,1.8493333874751265e-06,-3.517062408615792e-06,-6.099670144019782e-07,0.42580080310204305,1.9356965975354974e-06,5.489580270358863e-07,-1.2579512832464517e-06,9.090956856933063e-05,1.0,1.0,1.0,1.0,0.10643632150121331,0.10643792627541315,0.1064127360250269,0.10651381930038968,0.10643632150121331,0.10643792627541315,0.1064127360250269,0.10651381930038968,0.0006322317497172071,-0.0006322412820759541,0.0006320916519886598,-0.0006326920866443147,-0.00017256545884851153,-6.818610088980079e-05,0.9998623090524456,-0.00146888953745342,-0.0005939119843152538,-0.00024081546572195483,-0.00017256545834243298,-6.818609836045653e-05,-0.00013769094948656857,-0.0014688895316794515,-0.0005939119728282094,-0.0002408154687145725,0.9999997615814209,0.0001025386227411218,-0.0002560363500379026,0.0006547432276420295,-0.0024863628204911947,0.003287120256572962,0.0053726984187960625,0.0013094337191432714,0.9999991655349731,0.9999997336101663,9.272573996638616e-05,-0.00024561139135540735,0.0006810701713148942,-2.8405419589700256e-06,False,False
0.31,0.32,31,HOVER,-0.00020302151096984744,-8.048246672842652e-05,0.9998584951244993,0.0,0.0,1.0,0.00991902070840055,-0.02773541535232875,0.08094492064872505,0.00026022834426256674,-0.0015660175122320652,-0.0006309457239694893,-0.00014836186892352998,-0.0010411014081910253,0.0004833563871216029,0.005020599812269211,0.0002716612070798874,0.00021761807147413492,-0.0016973502933979034,0.0005114972591400146,0.0002716612070798874,0.00021761807147413492,-0.0016973502933979034,0.0005114972591400146,0.10642176064699946,0.10645315724765463,0.10641185904527024,0.10651633369282976,0.10635600165445494,0.106521958361742,0.10640789805650872,0.10652769055686442,0.5452605985895632,0.5457155062156317,0.5454028756063075,0.5457312151030647,1581.7785439376848,1582.0281245538724,1581.6998287210472,1582.530266093352,0.0006321452582431768,-0.0006323317540510685,0.0006320864427289052,-0.0006327070221354088,2.0374590530991554e-06,1.632135536056012e-06,-1.6973502933979035e-06,0.42581354862957005,1.883532090030289e-06,-2.5836743483024713e-06,-8.070752143952802e-07,0.4258031106327541,1.5392696306886632e-07,4.215809884358483e-06,-8.902750790026234e-07,1.0437996815937378e-05,1.0,1.0,1.0,1.0,0.10642176064699946,0.10645315724765463,0.10641185904527024,0.10651633369282976,0.10642176064699946,0.10645315724765463,0.10641185904527024,0.10651633369282976,0.0006321452582431768,-0.0006323317540510685,0.0006320864427289052,-0.0006327070221354088,-0.0001875519530563335,-7.424281294536295e-05,0.9998601682935987,-0.0015181976180911726,-0.000613244170478096,-0.00019564357227007409,-0.00018755195196717978,-7.424281648127362e-05,-0.00013983171083964407,-0.0015181975904852152,-0.0006132441922090948,-0.00019564357353374362,0.9999997615814209,9.272574243368581e-05,-0.00024561138707213104,0.0006810701452195644,-0.0018189512193202972,0.0017893729964271188,0.0052344524301588535,0.0013620945392176509,0.9999990463256836,0.9999997174632165,8.673073473941204e-05,-0.0002419759565419605,0.0007063985443192247,-3.030305076652424e-06,False,False
0.32,0.33,32,HOVER,-0.00021896664111409336,-8.689328387845308e-05,0.9998572865442839,0.0,0.0,1.0,0.009657228666214861,-0.02784778001326671,0.08370183187051819,0.0002754341357682714,-0.001613530213944614,-0.0006477709976024926,-0.00010296592517988756,-0.00031552271684631705,-0.0003321159165352583,0.0047578830271959305,-5.738809704780579e-06,0.0007695496315136552,-0.0013773087412118912,0.0003282316029071808,-5.738809704780579e-06,0.0007695496315136552,-0.0013773087412118912,0.0003282316029071808,0.10640548882856593,0.10646700601043596,0.10641206930640992,0.10650382449995326,0.10633200383640679,0.1065295627628453,0.10641301898509344,0.10644733021710814,0.5451948001978439,0.5457363457660797,0.5454169138138744,0.5455109674008639,1581.649185967918,1582.138205410014,1581.7015002662579,1582.430847047832,0.0006320486036416816,-0.0006324140157019896,0.0006320876916800749,-0.0006326327175297223,-4.3041072785854336e-08,5.771622236352414e-06,-1.3773087412118912e-06,0.42572191580145363,1.5343704910580555e-06,-1.0690649027093185e-06,-9.104379099553845e-07,0.42578838864536506,-1.5774115638439098e-06,6.840687139061732e-06,-4.6687083125650666e-07,-6.647284391142483e-05,1.0,1.0,1.0,1.0,0.10640548882856593,0.10646700601043596,0.10641206930640992,0.10650382449995326,0.10640548882856593,0.10646700601043596,0.10641206930640992,0.10650382449995326,0.0006320486036416816,-0.0006324140157019896,0.0006320876916800749,-0.0006326327175297223,-0.00020302150757836815,-8.048246648126652e-05,0.9998584951308074,-0.0015660174731033818,-0.0006309457292637863,-0.0001483618681153735,-0.00020302151096984744,-8.048246672842652e-05,-0.00014150487550068647,-0.0015660175122320652,-0.0006309457239694893,-0.00014836186892352998,0.9999997019767761,8.67307317093946e-05,-0.0002419759548502043,0.0007063985685817897,-0.0010411014081910253,0.0004833563871216029,0.005020599812269211,0.0014127548784017563,0.9999989867210388,0.9999997001365154,8.44527010133581e-05,-0.00024295610191790295,0.0007304566744145189,-3.246295102947564e-06,False,False
0.33,0.34,33,HOVER,-0.00023538876848760992,-9.347066952614114e-05,0.9998565029236488,0.0,0.0,1.0,0.009723415296979855,-0.02812077038962737,0.08629851418127953,0.000291094571081495,-0.001661398564465344,-0.0006643932429142296,-6.279079389059916e-05,0.00021193291468080133,-0.00047352368710562587,0.004475593101233244,-0.0002741236239671707,0.0011486500734463334,-0.0009498968720436096,0.00015681609511375427,-0.0002741236239671707,0.0011486500734463334,-0.0009498968720436096,0.00015681609511375427,0.10639047924719455,0.1064774245963494,0.10641268255501121,0.1064802109675199,0.10632269397382248,0.10652448552979885,0.10641545240079406,0.10637357614314157,0.5451692727733922,0.5457224318653859,0.5454235845639283,0.5453087823850713,1581.529857342596,1582.2210177215911,1581.7063754970588,1582.2431648337238,0.0006319594467283356,-0.0006324759021023154,0.0006320913343767666,-0.0006324924531470682,-2.0559271797537802e-06,8.6148755508475e-06,-9.498968720436097e-07,0.4256362080475569,8.835101005908071e-07,6.864857951247895e-07,-9.175741442813985e-07,0.4257607973660751,-2.9394372803445873e-06,7.928389755722711e-06,-3.2322727762211233e-08,-0.00012458931851816457,1.0,1.0,1.0,1.0,0.10639047924719455,0.1064774245963494,0.10641268255501121,0.1064802109675199,0.10639047924719455,0.1064774245963494,0.10641268255501121,0.1064802109675199,0.0006319594467283356,-0.0006324759021023154,0.0006320913343767666,-0.0006324924531470682,-0.00021896664808805492,-8.689328450081553e-05,0.9998572865466957,-0.0016135302278080254,-0.0006477710032948216,-0.00010296592408230914,-0.00021896664111409336,-8.689328387845308e-05,-0.00014271345571614802,-0.001613530213944614,-0.0006477709976024926,-0.00010296592517988756,0.9999997019767761,8.445270213996992e-05,-0.00024295609910041094,0.0007304566679522395,-0.00031552271684631705,-0.0003321159165352583,0.0047578830271959305,0.0014608720084652305,0.999998927116394,0.999999682696515,8.503758658569818e-05,-0.00024533604190908517,0.0007531173246906305,-3.4744679177776156e-06,False,False
0.34,0.35000000000000003,34,HOVER,-0.00025229196762666106,-0.0001002155477181077,0.9998560786189046,0.0,0.0,1.0,0.00995572219046331,-0.028148257103568053,0.08873707614746855,0.0003072584528858187,-0.001709616743028164,-0.0006812696228735149,-2.9877686756663024e-05,0.0004387171647977084,9.447097545489669e-05,0.004202543757855892,-0.00048363395035266876,0.0012835912639275193,-0.00046594999730587006,3.154762089252472e-05,-0.00048363395035266876,0.0012835912639275193,-0.00046594999730587006,3.154762089252472e-05,0.10637976169746242,0.10648273591861958,0.10641332148256043,0.10645103412723811,0.10633135821255377,0.10650672631150095,0.10641620731242478,0.10631928197396684,0.5451930299338373,0.5456737620766484,0.5454256540025375,0.5451599169836677,1581.4446480108131,1582.2632339335514,1581.7114548626203,1582.0112479475329,0.0006318957844829268,-0.0006325074513566002,0.0006320951296064089,-0.0006323191427157944,-3.6272546276450154e-06,9.626934479456395e-06,-4.6594999730587006e-07,0.4255735738104463,6.568936784800972e-08,2.307323036431809e-06,-8.356799830589292e-07,0.42572685322588055,-3.692943995493025e-06,7.319611443024586e-06,3.697299857530591e-07,-0.00015327941543424872,1.0,1.0,1.0,1.0,0.10637976169746242,0.10648273591861958,0.10641332148256043,0.10645103412723811,0.10637976169746242,0.10648273591861958,0.10641332148256043,0.10645103412723811,0.0006318957844829268,-0.0006325074513566002,0.0006320951296064089,-0.0006323191427157944,-0.0002353887747385452,-9.347066756278124e-05,0.999856502921659,-0.0016613985429113707,-0.0006643932190633878,-6.279079717245171e-05,-0.00023538876848760992,-9.347066952614114e-05,-0.00014349707635119557,-0.001661398564465344,-0.0006643932429142296,-6.279079389059916e-05,0.9999997019767761,8.503758726874366e-05,-0.0002453360357321799,0.0007531173177994788,0.00021193291468080133,-0.00047352368710562587,0.004475593101233244,0.001506192609667778,0.9999988675117493,0.9999996662100267,8.707026009027547e-05,-0.00024557252472883953,0.0007743983085377246,-3.7019878842483657e-06,False,False
0.35000000000000003,0.36,35,HOVER,-0.0002696761512197554,-0.00010713163646869361,0.9998559372324962,0.0,0.0,1.0,0.010161153047007628,-0.02757273358400354,0.0910346836207598,0.0003239698983702186,-0.00175750651396811,-0.0006985529325902462,-4.635547156794928e-06,0.00032308066147379577,0.0012578672030940652,0.003964231815189123,-0.000597069039940834,0.001155936741270125,2.0481646060943604e-05,-2.4458393454551697e-05,-0.000597069039940834,0.001155936741270125,2.0481646060943604e-05,-2.4458393454551697e-05,0.10637574726250544,0.10648196784489103,0.1064139689664614,0.10642230291323765,0.10635761600311694,0.10647849874089664,0.10641689344280066,0.10629256261645856,0.5452650247313817,0.5455963984280902,0.5454275348873708,0.5450866487458808,1581.4127307943588,1582.2571290586525,1581.7166022404865,1581.7828547536174,0.0006318719387392823,-0.0006325028889986528,0.0006320989756607807,-0.0006321484793046316,-4.478017799556255e-06,8.669525559525937e-06,2.0481646060943604e-08,0.42554557080327277,-7.581253152425665e-07,3.4607820019677896e-06,-6.804539032214058e-07,0.4256939869870955,-3.7198924843136885e-06,5.208743557558147e-06,7.009355492823494e-07,-0.00014841618382271937,1.0,1.0,1.0,1.0,0.10637574726250544,0.10648196784489103,0.1064139689664614,0.10642230291323765,0.10637574726250544,0.10648196784489103,0.1064139689664614,0.10642230291323765,0.0006318719387392823,-0.0006325028889986528,0.0006320989756607807,-0.0006321484793046316,-0.00025229196723169564,-0.00010021554497615519,0.999856078623094,-0.0017096167007098874,-0.0006812696237580105,-2.987768610326189e-05,-0.00025229196762666106,-0.0001002155477181077,-0.0001439213810954243,-0.001709616743028164,-0.0006812696228735149,-2.9877686756663024e-05,0.9999996423721313,8.707025699550286e-05,-0.0002455725334584713,0.000774398329667747,0.0004387171647977084,9.447097545489669e-05,0.004202543757855892,0.0015487534692510962,0.9999988079071045,0.9999996515457594,8.886391202741653e-05,-0.0002405469754605603,0.0007944486876566724,-3.920852356355241e-06,False,False
0.36,0.37,36,HOVER,-0.0002875311183743179,-0.00011422220268286765,0.9998560081294272,0.0,0.0,1.0,0.010153281331618118,-0.026158028222666663,0.09322051973580481,0.00034125432511598056,-0.0018038535490632057,-0.0007160640670917928,1.4154114978737198e-05,-0.00011030004679923877,0.0027828263118863106,0.003780456492677331,-0.0005962271243333817,0.0008018814260140061,0.0004574321210384369,-2.983957529067993e-06,-0.0005962271243333817,0.0008018814260140061,0.0004574321210384369,-2.983957529067993e-06,0.10637967624236075,0.10647507996386137,0.10641492367021047,0.10639934642400187,0.1063974226280129,0.10644397142549038,0.10641923576989766,0.1062956781978346,0.5453741582677345,0.5455017607142102,0.5454339558666054,0.5450951923902342,1581.4439685941463,1582.2023815791654,1581.7241919426465,1581.6003534519014,0.0006318952768796228,-0.0006324619749853365,0.0006321046466010501,-0.0006320121177585711,-4.471703432500362e-06,6.014110695105046e-06,4.574321210384369e-07,0.4255563080212355,-1.4313864901060666e-06,3.9237321133589464e-06,-4.7416926323459556e-07,0.42566902630043446,-3.0403169423942957e-06,2.0903785817460993e-06,9.316013842730324e-07,-0.00011271827919895339,1.0,1.0,1.0,1.0,0.10637967624236075,0.10647507996386137,0.10641492367021047,0.10639934642400187,0.10637967624236075,0.10647507996386137,0.10641492367021047,0.10639934642400187,0.0006318952768796228,-0.0006324619749853365,0.0006321046466010501,-0.0006320121177585711,-0.0002696761572483569,-0.00010713163923272525,0.9998559372347487,-0.0017575064935954668,-0.0006985529600328902,-4.6355473808325235e-06,-0.0002696761512197554,-0.00010713163646869361,-0.0001440627675037831,-0.00175750651396811,-0.0006985529325902462,-4.635547156794928e-06,0.9999996423721313,8.886391151463613e-05,-0.0002405469713266939,0.0007944487151689827,0.00032308066147379577,0.0012578672030940652,0.003964231815189123,0.0015888542402535677,0.9999987483024597,0.9999996391110761,8.878976181335103e-05,-0.00022819970651995,0.0008135225809037147,-4.129390283495064e-06,False,False
0.37,0.38,37,HOVER,-0.0003058325091842562,-0.00012148687528679147,0.9998562409600709,0.0,0.0,1.0,0.009787404173238798,-0.02383414390341799,0.09533171172376484,0.0003591089613226516,-0.0018471505027264357,-0.0007333283429034054,2.90030766336713e-05,-0.0007773060351610184,0.004368521738797426,0.0036636153236031532,-0.0004852134734392166,0.00030239077750593424,0.0008003059774637222,8.783675730228424e-05,-0.0004852134734392166,0.00030239077750593424,0.0008003059774637222,8.783675730228424e-05,0.1063913005489682,0.10646301306663218,0.10641664445961399,0.10638586443551118,0.10644380823675793,0.10640851610672873,0.10642441677558649,0.10632497725957805,0.5455013134000924,0.5454045699028875,0.5454481583154501,0.5451755335507457,1581.5363869552364,1582.1064667890448,1581.7378718201107,1581.4931678305315,0.0006319643252608711,-0.0006323902976157951,0.0006321148680901071,-0.0006319320347469364,-3.6391010507941245e-06,2.2679308312945066e-06,8.003059774637222e-07,0.4256017183786512,-1.8315558924010024e-06,3.623623814165162e-06,-2.431390117533117e-07,0.42565682251072556,-1.8075451583931221e-06,-1.3556929828706552e-06,1.043444989217034e-06,-5.5104132074379475e-05,1.0,1.0,1.0,1.0,0.1063913005489682,0.10646301306663218,0.10641664445961399,0.10638586443551118,0.1063913005489682,0.10646301306663218,0.10641664445961399,0.10638586443551118,0.0006319643252608711,-0.0006323902976157951,0.0006321148680901071,-0.0006319320347469364,-0.00028753111917464525,-0.00011422220460867414,0.9998560081245463,-0.0018038535942403054,-0.0007160640509340072,1.415411518669328e-05,-0.0002875311183743179,-0.00011422220268286765,-0.0001439918705727905,-0.0018038535490632057,-0.0007160640670917928,1.4154114978737198e-05,0.9999996423721313,8.878976223058999e-05,-0.00022819970035925508,0.0008135226089507341,-0.00011030004679923877,0.0027828263118863106,0.003780456492677331,0.0016270042397081852,0.9999986886978149,0.9999996286568362,8.55842190200739e-05,-0.00020792100893481764,0.0008319437392010194,-4.331527827082622e-06,False,False
0.38,0.39,38,HOVER,-0.0003245406551286578,-0.00012891922960989177,0.999856615322642,0.0,0.0,1.0,0.008986613466419663,-0.020706230334686253,0.09740865565732416,0.000377499629530409,-0.0018858917756006122,-0.0007496672333218157,4.313578756409697e-05,-0.0015522590838372707,0.005711491219699383,0.0036178354639559984,-0.00028826482594013214,-0.00023513135965913534,0.0010168366134166718,0.00022620707750320435,-0.00028826482594013214,-0.00023513135965913534,0.0010168366134166718,0.00022620707750320435,0.10640887791789502,0.10644755555198493,0.10641956647300692,0.10638337148028132,0.10648827957905319,0.10637774758552114,0.10643276449784929,0.10637211187632806,0.5456232055801231,0.5453202188386561,0.5454710411046539,0.5453047679100557,1581.6761290902823,1581.9835966644162,1581.7611009997918,1581.4733476894953,0.0006320687348322964,-0.0006322984799787904,0.0006321322248496611,-0.0006319172265928711,-2.161986194550991e-06,-1.763485197443515e-06,1.0168366134166717e-06,0.42567090353875164,-1.8913339890997902e-06,2.6471217210626355e-06,-1.4746889703950647e-08,0.4256593714231682,-2.7065220545120086e-07,-4.410606918506151e-06,1.0315835031206223e-06,1.1532115583468006e-05,1.0,1.0,1.0,1.0,0.10640887791789502,0.10644755555198493,0.10641956647300692,0.10638337148028132,0.10640887791789502,0.10644755555198493,0.10641956647300692,0.10638337148028132,0.0006320687348322964,-0.0006322984799787904,0.0006321322248496611,-0.0006319172265928711,-0.0003058325007083441,-0.00012148687808400619,0.9998562409621553,-0.001847150483340927,-0.0007333283486432777,2.9003077105037212e-05,-0.0003058325091842562,-0.00012148687528679147,-0.00014375903992913663,-0.0018471505027264357,-0.0007333283429034054,2.90030766336713e-05,0.9999996423721313,8.558421541238204e-05,-0.0002079210098600015,0.0008319437620230019,-0.0007773060351610184,0.004368521738797426,0.0036636153236031532,0.0016638514352962375,0.9999986290931702,0.9999996192941497,7.857656902120605e-05,-0.00018062921294029237,0.0008500649186330621,-4.5346976484246345e-06,False,False
0.39,0.4,39,HOVER,-0.00034360235440544784,-0.0001365054922644049,0.9998571437172359,0.0,0.0,1.0,0.00775425857564421,-0.01702734306343152,0.09949029586918776,0.0003963637784870044,-0.0019188591977581382,-0.0007643249700777233,5.979678826406598e-05,-0.002292915480211377,0.006567840930074453,0.0036390279419720173,-4.5204535126686096e-05,-0.0007000364130362868,0.0010902248322963715,0.00038194842636585236,-4.5204535126686096e-05,-0.0007000364130362868,0.0010902248322963715,0.00038194842636585236,0.10642948977287545,0.10643106288287897,0.10642391486084457,0.1063911049968832,0.10652260118543919,0.10635658063213214,0.1064435556881806,0.10642603670743106,0.5457172678647835,0.5452621860043979,0.5455006211426836,0.5454525989168083,1581.839987012306,1581.8524923670768,1581.7956691020963,1581.5348322547695,0.0006321911692508802,-0.0006322005135243011,0.0006321580542734168,-0.0006319631636814863,-3.390340134501457e-07,-5.250273097772151e-06,1.0902248322963716e-06,0.42574877421318297,-1.6098120742317167e-06,1.2156100445289385e-06,1.855463185096223e-07,0.4256755725134822,1.270778060781571e-06,-6.465883142301089e-06,9.046785137867493e-07,7.320169970076451e-05,1.0,1.0,1.0,1.0,0.10642948977287545,0.10643106288287897,0.10642391486084457,0.1063911049968832,0.10642948977287545,0.10643106288287897,0.10642391486084457,0.1063911049968832,0.0006321911692508802,-0.0006322005135243011,0.0006321580542734168,-0.0006319631636814863,-0.0003245406454676907,-0.00012891923599894146,0.9998566153269693,-0.0018858917322611248,-0.000749667223094492,4.313578772632685e-05,-0.0003245406551286578,-0.00012891922960989177,-0.00014338467735797167,-0.0018858917756006122,-0.0007496672333218157,4.313578756409697e-05,0.9999996423721313,7.857656601117924e-05,-0.0001806292129913345,0.0008500649128109217,-0.0015522590838372707,0.005711491219699383,0.0036178354639559984,0.0017001009546220303,0.9999985694885254,0.9999996097619612,6.779765606394314e-05,-0.00014853279243840807,0.0008682265907081581,-4.747547993661842e-06,False,False
0.4,0.41000000000000003,40,HOVER,-0.0003629551501944661,-0.00014422457024920732,0.9998578677041223,0.0,0.0,1.0,0.006170909653967042,-0.013142133407510938,0.10160986794440124,0.0004156185237061918,-0.0019453391432762146,-0.0007766063790768385,8.158235141308978e-05,-0.0028677487280219793,0.006800513248890638,0.003715827129781246,0.00019707344472408295,-0.0010016694432124496,0.0010203961282968521,0.0005222111940383911,0.00019707344472408295,-0.0010016694432124496,0.0010203961282968521,0.0005222111940383911,0.10644958149743082,0.10641604221619713,0.10642954976841101,0.10640637527826141,0.10654034291996108,0.1063482068827135,0.10645500180853985,0.10647535398580484,0.5457658875897253,0.5452392269866794,0.5455319954550345,0.5455877791824584,1581.9997009888878,1581.7330841318135,1581.8404639446494,1581.656233231563,0.0006323105140947391,-0.000632111290764211,0.0006321915256243615,-0.0006320538691528728,1.478050835430622e-06,-7.512520824093372e-06,1.0203961282968522e-06,0.42581890559701924,-1.049996370212393e-06,-3.6644718877810317e-07,3.36879802016808e-07,0.4257015487603004,2.528047205643015e-06,-7.1460736353152685e-06,6.835163262800442e-07,0.00011735683671881825,1.0,1.0,1.0,1.0,0.10644958149743082,0.10641604221619713,0.10642954976841101,0.10640637527826141,0.10644958149743082,0.10641604221619713,0.10642954976841101,0.10640637527826141,0.0006323105140947391,-0.000632111290764211,0.0006321915256243615,-0.0006320538691528728,-0.00034360235764797594,-0.00013650549603727154,0.9998571437227946,-0.0019188591611398772,-0.0007643249497899764,5.979678940710968e-05,-0.00034360235440544784,-0.0001365054922644049,-0.00014285628276411444,-0.0019188591977581382,-0.0007643249700777233,5.979678826406598e-05,0.9999995827674866,6.779765681130812e-05,-0.00014853279571980238,0.0008682265761308372,-0.002292915480211377,0.006567840930074453,0.0036390279419720173,0.0017364324303343892,0.9999985098838806,0.9999995988377075,5.3953017490348244e-05,-0.00011463895852634054,0.0008867194625911251,-4.978190950095416e-06,False,False
0.41000000000000003,0.42,41,HOVER,-0.00038253303500823677,-0.0001520494552096352,0.9998588482121704,0.0,0.0,1.0,0.0043769602261962744,-0.009414313112624534,0.10379150283466544,0.00043517167521525115,-0.001965231029316783,-0.0007859992911107838,0.00010993415344273672,-0.003180196275934577,0.006402567960321903,0.0038312897086143494,0.0003934185951948166,-0.0010865613585337996,0.0008238349109888077,0.000618981197476387,0.0003934185951948166,-0.0010865613585337996,0.0008238349109888077,0.000618981197476387,0.10646565376527595,0.10640473359968904,0.1064359277006806,0.106425272654715,0.10653825563482322,0.10635366092088833,0.10646473603752475,0.10651063800550196,0.5457601676857987,0.5452541808458674,0.5455586766109174,0.5456844824242363,1582.1274568894478,1581.643181894334,1581.8911646316253,1581.806462983772,0.0006324059833657392,-0.0006320441175821529,0.0006322294105420427,-0.0006321661195690071,2.9506394639611243e-06,-8.149210189003497e-06,8.238349109888077e-07,0.42586729059873824,-3.248067233256255e-07,-1.7771233042120083e-06,4.2515675662186704e-07,0.42573158772036057,3.27544618728675e-06,-6.3720868847914886e-06,3.9867815436694065e-07,0.0001357028783776637,1.0,1.0,1.0,1.0,0.10646565376527595,0.10640473359968904,0.1064359277006806,0.106425272654715,0.10646565376527595,0.10640473359968904,0.1064359277006806,0.106425272654715,0.0006324059833657392,-0.0006320441175821529,0.0006322294105420427,-0.0006321661195690071,-0.0003629551524054882,-0.0001442245745149494,0.9998578677106893,-0.0019453391702987963,-0.0007766063989985043,8.158234859239634e-05,-0.0003629551501944661,-0.00014422457024920732,-0.00014213229587767273,-0.0019453391432762146,-0.0007766063790768385,8.158235141308978e-05,0.9999995827674866,5.3953019232722e-05,-0.00011463895498309284,0.0008867194410413504,-0.0028677487280219793,0.006800513248890638,0.003715827129781246,0.0017734258435666561,0.9999984502792358,0.9999995856998568,3.827057884059449e-05,-8.212075134879013e-05,0.0009057547459945449,-5.233089561447726e-06,False,False
0.42,0.43,42,HOVER,-0.00040227267891168594,-0.00015994952991604805,0.9998601522529498,0.0,0.0,1.0,0.0025446385943164564,-0.006153455333125181,0.10604808512321677,0.00045493356951776273,-0.001979028107598424,-0.0007922588847577572,0.00014488557644654065,-0.003185517154633999,0.00549276964738965,0.003965138923376799,0.0005088727921247482,-0.0009485244518145919,0.0005303751677274704,0.000653732568025589,0.0005088727921247482,-0.0009485244518145919,0.0005303751677274704,0.000653732568025589,0.10647492537574191,0.106398718836704,0.10644213498414411,0.10644355384316923,0.10651680503204529,0.10637155348203013,0.10647017248434897,0.10652613528558848,0.5457013834752582,0.5453032369962483,0.5455735773922384,0.545726952959375,1582.201152842354,1581.595364044905,1581.9405078981392,1581.9517866475035,0.0006324610567319069,-0.0006320083898900217,0.000632266281805816,-0.0006322747098284251,3.816545940935611e-06,-7.113933388609439e-06,5.303751677274704e-07,0.42588466628401284,4.2583735863736816e-07,-2.744445948518401e-06,4.4423881927603895e-07,0.4257593330397592,3.3907085822982433e-06,-4.369487440091038e-06,8.613634845143144e-08,0.00012533324425362258,1.0,1.0,1.0,1.0,0.10647492537574191,0.106398718836704,0.10644213498414411,0.10644355384316923,0.10647492537574191,0.106398718836704,0.10644213498414411,0.10644355384316923,0.0006324610567319069,-0.0006320083898900217,0.000632266281805816,-0.0006322747098284251,-0.00038253304885680923,-0.0001520494481331818,0.9998588482183046,-0.0019652309192809405,-0.000785999314626419,0.00010993415280729615,-0.00038253303500823677,-0.0001520494552096352,-0.00014115178782958537,-0.001965231029316783,-0.0007859992911107838,0.00010993415344273672,0.9999995827674866,3.8270580262178555e-05,-8.212075044866651e-05,0.0009057547431439161,-0.003180196275934577,0.006402567960321903,0.0038312897086143494,0.0018115025013685226,0.9999983310699463,0.999999570087201,2.2255846037833195e-05,-5.367845528975675e-05,0.0009254451437664046,-5.516329692002046e-06,False,False
0.43,0.44,43,HOVER,-0.0004221185517963022,-0.0001678935659583658,0.9998618388199247,0.0,0.0,1.0,0.0008450416245817706,-0.0035562697896539515,0.10838047476305877,0.0004748271611235097,-0.0019876831211149693,-0.0007954398752190173,0.00018509790243115276,-0.0028973424341529608,0.004285427276045084,0.004096271935850382,0.0005248915404081345,-0.0006274789338931441,0.0001798924058675766,0.0006209947168827057,0.0005248915404081345,-0.0006274789338931441,0.0001798924058675766,0.0006209947168827057,0.10647586085792156,0.10639865902043161,0.1064470417936266,0.10645752186211434,0.1064800861391082,0.10639838885105685,0.10646920499851886,0.10652061736975751,0.5456007491913315,0.5453768071066346,0.5455709256225353,0.5457118312361167,1582.208588472876,1581.5948884966979,1581.9795127634302,1582.0628184003274,0.000632466613496054,-0.0006320080345813638,0.0006322954282541421,-0.0006323576798609591,3.936686553061008e-06,-4.706092004198581e-06,1.7989240586757661e-07,0.4258682973584414,1.0621977495446286e-06,-3.0999937858412763e-06,3.9632730787313424e-07,0.4257790835340941,2.8744888035163796e-06,-1.6060982183573046e-06,-2.1643490200555763e-07,8.921382434728953e-05,1.0,1.0,1.0,1.0,0.10647586085792156,0.10639865902043161,0.1064470417936266,0.10645752186211434,0.10647586085792156,0.10639865902043161,0.1064470417936266,0.10645752186211434,0.000632466613496054,-0.0006320080345813638,0.0006322954282541421,-0.0006323576798609591,-0.0004022726891855094,-0.00015994952736757257,0.9998601522564529,-0.0019790280197986747,-0.0007922588590993397,0.00014488558024260985,-0.00040227267891168594,-0.00015994952991604805,-0.00013984774705022573,-0.001979028107598424,-0.0007922588847577572,0.00014488557644654065,0.9999995827674866,2.225584648840595e-05,-5.3678453696193174e-05,0.000925445172470063,-0.003185517154633999,0.00549276964738965,0.003965138923376799,0.0018508870853111148,0.9999982714653015,0.9999995522240703,7.403728413663422e-06,-3.1027320780562045e-05,0.0009457981546182505,-5.829123584147899e-06,False,False
0.44,0.45,44,HOVER,-0.000442026270320639,-0.00017585257592145354,0.9998639467958128,0.0,0.0,1.0,-0.0005834291778319588,-0.0016737746264906177,0.11077818921144764,0.000494794731662926,-0.001992387929931283,-0.0007958725327625871,0.00022816630371380597,-0.002383001847192645,0.00304192746989429,0.00420523714274168,0.00044248066842556,-0.00019937229808419943,-0.00018385238945484161,0.0005286410450935364,0.00044248066842556,-0.00019937229808419943,-0.00018385238945484161,0.0005286410450935364,0.1064684354478761,0.10640420009820965,0.10644951487194491,0.10646473349190094,0.10643489934352136,0.10642922830548707,0.1064606851273939,0.1064973077461445,0.5454768930613558,0.5454613477537268,0.5455475733064394,0.5456479491757416,1582.149567460771,1581.638940547111,1581.9991713815812,1582.1201419373022,0.000632422506560384,-0.0006320409485833653,0.0006323101183393528,-0.0006324005169418916,3.3186050131917e-06,-1.4952922356314957e-06,-1.838523894548416e-07,0.4258221205225468,1.4712211719083296e-06,-2.8090950960025715e-06,2.911593744798959e-07,0.42578688390993163,1.8473838412833702e-06,1.3138028603710758e-06,-4.750117639347375e-07,3.5236612615174856e-05,1.0,1.0,1.0,1.0,0.1064684354478761,0.10640420009820965,0.10644951487194491,0.10646473349190094,0.1064684354478761,0.10640420009820965,0.10644951487194491,0.10646473349190094,0.000632422506560384,-0.0006320409485833653,0.0006323101183393528,-0.0006324005169418916,-0.00042211855380764045,-0.00016789356934842774,0.9998618388186261,-0.001987683046387875,-0.000795439870521336,0.00018509790416158426,-0.0004221185517963022,-0.0001678935659583658,-0.00013816118007525802,-0.0019876831211149693,-0.0007954398752190173,0.00018509790243115276,0.9999995231628418,7.403728432109347e-06,-3.102732080151327e-05,0.0009457981796003878,-0.0028973424341529608,0.004285427276045084,0.004096271935850382,0.0018915949622169137,0.9999982118606567,0.9999995326046799,-5.077257194012634e-06,-1.4611354538168305e-05,0.0009667218585669422,-6.169709881830913e-06,False,False
0.45,0.46,45,HOVER,-0.00046196355833671987,-0.00018380212713964283,0.9998664872109657,0.0,0.0,1.0,-0.0016592853886618578,-0.000409977443839716,0.11322127008649349,0.0005148001709478104,-0.001994319027289748,-0.0007940881187096238,0.0002711195847950876,-0.0017487951554358006,0.002014744095504284,0.004276352468878031,0.00028142891824245453,0.00024135189596563578,-0.00051845982670784,0.0003955848515033722,0.00028142891824245453,0.00024135189596563578,-0.00051845982670784,0.0003955848515033722,0.10645409884713918,0.10641405931508606,0.10644866062514832,0.10646439102638244,0.10638935250136702,0.1064585933807652,0.10644480231195431,0.10646284423166522,0.5453520342508134,0.5455418399038565,0.5455040382411152,0.5455534912988368,1582.035609261664,1581.7173204946878,1581.9923809481572,1582.1174197860835,0.0006323373471520066,-0.0006320995123316112,0.000632305044113381,-0.0006323984826967118,2.1107168868184088e-06,1.8101392197422682e-06,-5.1845982670784e-07,0.4257555924257517,1.5872093143969208e-06,-1.971745991369723e-06,1.443962370647426e-07,0.425781209813756,5.235075724214879e-07,3.7818852111119913e-06,-6.628560637725826e-07,-2.5617388004273156e-05,1.0,1.0,1.0,1.0,0.10645409884713918,0.10641405931508606,0.10644866062514832,0.10646439102638244,0.10645409884713918,0.10641405931508606,0.10644866062514832,0.10646439102638244,0.0006323373471520066,-0.0006320995123316112,0.000632305044113381,-0.0006323984826967118,-0.0004420262825660693,-0.0001758525729174652,0.9998639467990552,-0.0019923879054674397,-0.0007958725494192628,0.0002281662989051547,-0.000442026270320639,-0.00017585257592145354,-0.00013605320418719202,-0.001992387929931283,-0.0007958725327625871,0.00022816630371380597,0.9999995231628418,-5.077257355878828e-06,-1.461135434510652e-05,0.0009667218546383083,-0.002383001847192645,0.00304192746989429,0.00420523714274168,0.0019334430107846856,0.999998152256012,0.9999995117754181,-1.4476454549934125e-05,-3.592033258768206e-06,0.0009880417273707438,-6.533943315188933e-06,False,False
0.46,0.47000000000000003,46,HOVER,-0.00048190844245254993,-0.00019172376778442413,0.9998694410023745,0.0,0.0,1.0,-0.002370479064758241,0.00044909380794298044,0.11568314805846337,0.0005348265157052984,-0.001994401914998889,-0.000790710560977459,0.00031101141939871013,-0.001118395826779306,0.001395813305862248,0.004299250431358814,7.559917867183685e-05,0.0006017402047291398,-0.0007879249751567841,0.0002479925751686096,7.559917867183685e-05,0.0006017402047291398,-0.0007879249751567841,0.0002479925751686096,0.10643547427540123,0.10642628583448692,0.10644404688257178,0.10645737863526476,0.10635136555651366,0.10648151400659539,0.10642320893617105,0.10642570778830428,0.5452478874531335,0.5456046626940858,0.5454448473400417,0.5454516972763476,1581.8875602058931,1581.81451730383,1581.9557058903058,1582.0616799123518,0.0006322267171958834,-0.0006321721378568523,0.0006322776384824764,-0.0006323568290934727,5.669938400387764e-07,4.513051535468548e-06,-7.879249751567841e-07,0.42568179628758435,1.402370498015254e-06,-7.962014449856489e-07,-2.461127196528093e-08,0.4257631856277247,-8.353766579764777e-07,5.309252980454197e-06,-7.633137031915031e-07,-8.13893401403476e-05,1.0,1.0,1.0,1.0,0.10643547427540123,0.10642628583448692,0.10644404688257178,0.10645737863526476,0.10643547427540123,0.10642628583448692,0.10644404688257178,0.10645737863526476,0.0006322267171958834,-0.0006321721378568523,0.0006322776384824764,-0.0006323568290934727,-0.00046196354584173034,-0.00018380212117276233,0.9998664872064826,-0.001994319074621474,-0.0007940881423883153,0.0002711195752719174,-0.00046196355833671987,-0.00018380212713964283,-0.00013351278903428465,-0.001994319027289748,-0.0007940881187096238,0.0002711195847950876,0.9999995231628418,-1.4476454452960752e-05,-3.5920331811212236e-06,0.0009880417492240667,-0.0017487951554358006,0.002014744095504284,0.004276352468878031,0.001976082567125559,0.9999980330467224,0.9999994902070672,-2.0690277951931965e-05,3.898197684391222e-06,0.0010095257907203011,-6.916621679446259e-06,False,False
0.47000000000000003,0.48,47,HOVER,-0.0005018459050916135,-0.00019960520148742944,0.9998727627535118,0.0,0.0,1.0,-0.0027732849062223966,0.0011833546001599464,0.1181341032226893,0.0005548701341863359,-0.0019931416027247906,-0.0007863356731832027,0.0003454709076322615,-0.0006087103975005448,0.0012797171948477626,0.004269672557711601,-0.00013358332216739655,0.0008098945254459977,-0.0009673815220594406,0.00011266767978668213,-0.00013358332216739655,0.0008098945254459977,-0.0009673815220594406,0.00011266767978668213,0.10641580000992584,0.10643861087555617,0.10643582390747858,0.10644592768110576,0.10632695158762845,0.10649428411914033,0.10639868591126947,0.10639421222185516,0.5451809471328117,0.5456396623577036,0.5453776214768425,0.5453653570925447,1581.7311586487542,1581.912493972308,1581.8903395459436,1581.970656585274,0.0006321098520589595,-0.0006322453486008036,0.0006322287940104227,-0.0006322888104257682,-1.001874916255474e-06,6.074208940844982e-06,-9.673815220594407e-07,0.4256141338398934,9.666305581827392e-07,4.492592377714627e-07,-1.955129571896714e-07,0.42573616247406637,-1.9685054744382134e-06,5.62494970307352e-06,-7.718685648697693e-07,-0.00012202863417298815,1.0,1.0,1.0,1.0,0.10641580000992584,0.10643861087555617,0.10643582390747858,0.10644592768110576,0.10641580000992584,0.10643861087555617,0.10643582390747858,0.10644592768110576,0.0006321098520589595,-0.0006322453486008036,0.0006322287940104227,-0.0006322888104257682,-0.00048190843986351895,-0.0001917237606134165,0.999869441008607,-0.001994401881936382,-0.0007907105398826886,0.00031101140857532904,-0.00048190844245254993,-0.00019172376778442413,-0.00013055899762548506,-0.001994401914998889,-0.000790710560977459,0.00031101141939871013,0.999999463558197,-2.0690278688562103e-05,3.898197519447422e-06,0.001009525847621262,-0.001118395826779306,0.001395813305862248,0.004299250431358814,0.0020190502982586622,0.9999979734420776,0.999999468261254,-2.4212110059180554e-05,1.0301762175842533e-05,0.0010309145730540237,-7.313134010086321e-06,False,False
0.48,0.49,48,HOVER,-0.0005217629368416965,-0.00020743937056977302,0.9998763889598195,0.0,0.0,1.0,-0.0029781748424568422,0.002075456371326279,0.1205447651479668,0.0005749324690592566,-0.0019905539229512215,-0.0007814221316948533,0.00037311395863071084,-0.00030777169740758836,0.0016487326938658953,0.004189459141343832,-0.00030543841421604156,0.0008286997908726335,-0.0010446608066558838,1.296214759349823e-05,-0.00030543841421604156,0.0008286997908726335,-0.0010446608066558838,1.296214759349823e-05,0.1063983151462091,0.10644886532821414,0.10642477106950207,0.10643304971393845,0.10631935267157135,0.10649518481210339,0.10637485345399238,0.1063748901361297,0.5451601108391879,0.5456421308833381,0.5453122842829655,0.5453123848511725,1581.59215464426,1581.9940081404447,1581.8024756002008,1581.8682864970745,0.000632005991968482,-0.000632306260049592,0.0006321631401528423,-0.0006322123153007944,-2.2907881066203114e-06,6.215248431544751e-06,-1.0446608066558837e-06,0.4255642810737968,3.7618812530641407e-07,1.4945102107407314e-06,-3.4944322906214215e-07,0.42570500125786376,-2.6669762319267255e-06,4.7207382208040195e-06,-6.952175775937416e-07,-0.00014072018406696696,1.0,1.0,1.0,1.0,0.1063983151462091,0.10644886532821414,0.10642477106950207,0.10643304971393845,0.1063983151462091,0.10644886532821414,0.10642477106950207,0.10643304971393845,0.000632005991968482,-0.000632306260049592,0.0006321631401528423,-0.0006322123153007944,-0.0005018458931912837,-0.00019960520420517254,0.9998727627602962,-0.001993141700810927,-0.0007863356662126443,0.0003454708955797232,-0.0005018459050916135,-0.00019960520148742944,-0.000127237246488221,-0.0019931416027247906,-0.0007863356731832027,0.0003454709076322615,0.999999463558197,-2.4212109565269202e-05,1.0301761903974693e-05,0.0010309146018698812,-0.0006087103975005448,0.0012797171948477626,0.004269672557711601,0.0020618275739252567,0.9999978542327881,0.9999994461968249,-2.6008516041098405e-05,1.8084423378695223e-05,0.0010519517831995484,-7.720709100513598e-06,False,False
0.49,0.5,49,HOVER,-0.0005416440544649959,-0.0002152225497411564,0.9998802492555114,0.0,0.0,1.0,-0.0031258059675838023,0.0033500162192214135,0.12288929364482482,0.0005950119901816495,-0.001986202085390687,-0.000776213884819299,0.00039373704930767417,-0.00025887563242577016,0.0023818507324904203,0.004065800923854113,-0.0004077572375535965,0.0006622463697567582,-0.0010214745998382568,-3.672763705253601e-05,-0.0004077572375535965,0.0006622463697567582,-0.0010214745998382568,-3.672763705253601e-05,0.10638563545263446,0.10645534201855761,0.10641218873058172,0.10642182012907815,0.10632837123639038,0.10648459645527406,0.10635536414392241,0.10637110434588695,0.5451848397729581,0.5456131110239645,0.5452588506890218,0.5453020056267752,1581.491347317064,1582.045491113353,1581.7024496704646,1581.7790167985181,0.0006319306745886487,-0.0006323447315902321,0.0006320884010596555,-0.0006321456115667242,-3.0581792816519735e-06,4.9668477731756865e-06,-1.0214745998382568e-06,0.4255394361814738,-2.4637526072112184e-07,2.123957544371193e-06,-4.7126750865220893e-07,0.42567498633085193,-2.8118040209308516e-06,2.8428902288044933e-06,-5.502070911860479e-07,-0.0001355501493781608,1.0,1.0,1.0,1.0,0.10638563545263446,0.10645534201855761,0.10641218873058172,0.10642182012907815,0.10638563545263446,0.10645534201855761,0.10641218873058172,0.10642182012907815,0.0006319306745886487,-0.0006323447315902321,0.0006320884010596555,-0.0006321456115667242,-0.0005217629603544193,-0.00020743937776952312,0.9998763889557071,-0.0019905538754530277,-0.0007814221537733588,0.0003731139595627111,-0.0005217629368416965,-0.00020743937056977302,-0.00012361104018054903,-0.0019905539229512215,-0.0007814221316948533,0.00037311395863071084,0.999999463558197,-2.6008516215370037e-05,1.8084423572872765e-05,0.0010519517818465829,-0.00030777169740758836,0.0016487326938658953,0.004189459141343832,0.002103901468217373,0.9999977946281433,0.9999994241667305,-2.7309139055060546e-05,2.9205138103989943e-05,0.001072411990923604,-8.138672728523538e-06,False,False
0.5,0.51,50,HOVER,-0.0005614672554656863,-0.00022295195958577096,0.9998842781715211,0.0,0.0,1.0,-0.003358036946125562,0.005127817273032031,0.125147843685137,0.0006150972255097521,-0.0019793324172496796,-0.0007707080221734941,0.00040826527401804924,-0.0004537825006991625,0.0032848757691681385,0.003909886348992586,-0.0004226658493280411,0.00035295786801725626,-0.0009118635207414627,-3.2767653465270996e-05,-0.0004226658493280411,0.00035295786801725626,-0.0009118635207414627,-3.2767653465270996e-05,0.10637929754716569,0.10645706843942078,0.10639969654811804,0.10641471005989825,0.1063506728084337,0.10646486619136498,0.1063432790895854,0.10638259808388335,0.5452459880797804,0.5455590333527959,0.5452257157880653,0.5453335168290582,1581.4409577499855,1582.0592142122211,1581.6031369839093,1581.722493785524,0.0006318930274301642,-0.0006323549865301594,0.0006320141974958211,-0.0006321033777557956,-3.1699938699603078e-06,2.647184010129422e-06,-9.118635207414627e-07,0.4255414161732674,-7.763738293486283e-07,2.2187871866891085e-06,-5.511393599697467e-07,0.42565077259460277,-2.3936200406116794e-06,4.283968234403136e-07,-3.60724160771716e-07,-0.00010935642133536039,1.0,1.0,1.0,1.0,0.10637929754716569,0.10645706843942078,0.10639969654811804,0.10641471005989825,0.10637929754716569,0.10645706843942078,0.10639969654811804,0.10641471005989825,0.0006318930274301642,-0.0006323549865301594,0.0006320141974958211,-0.0006321033777557956,-0.0005416440675001775,-0.0002152225499956535,0.9998802492549975,-0.001986202174891579,-0.0007762138652062738,0.0003937370604386823,-0.0005416440544649959,-0.0002152225497411564,-0.00011975074448855594,-0.001986202085390687,-0.000776213884819299,0.00039373704930767417,0.9999994039535522,-2.7309139113640413e-05,2.9205137252574787e-05,0.0010724120074883103,-0.00025887563242577016,0.0023818507324904203,0.004065800923854113,0.002144821221008897,0.9999976754188538,0.9999994022038956,-2.935325377365997e-05,4.471661841226185e-05,0.0010921220912173473,-8.567635451527123e-06,False,False
0.51,0.52,51,HOVER,-0.0005812020390294492,-0.00023062339460011572,0.9998884248561808,0.0,0.0,1.0,-0.0037896740124419535,0.0074038128053303814,0.12730808083749354,0.0006351629499798829,-0.0019690694753080606,-0.0007646734011359513,0.0004184777208138257,-0.0008360084029845893,0.004134369548410177,0.0037351713981479406,-0.0003496576100587845,-2.8817332349717617e-05,-0.0007392372936010361,1.7162412405014038e-05,-0.0003496576100587845,-2.8817332349717617e-05,-0.0007392372936010361,1.7162412405014038e-05,0.10637952538978113,0.10645392423147695,0.10638894913034103,0.10641307547191267,0.10638055447820456,0.10643972327063814,0.1063404107634825,0.10640569269387738,0.545327914158942,0.5454901160961615,0.5452178512238133,0.5453968298951908,1581.442769229935,1582.0342212555834,1581.5176923827014,1581.709499120802,0.0006318943808152999,-0.0006323363099349731,0.0006319503578342257,-0.0006320936683031613,-2.6224320754408837e-06,-2.1612999262288213e-07,-7.392372936010361e-07,0.42556638120620255,-1.1110315468998953e-06,1.7773842418901571e-06,-5.852395886088218e-07,0.4256354742235118,-1.5114005285409884e-06,-1.993514234513039e-06,-1.5399770499221425e-07,-6.909301730922968e-05,1.0,1.0,1.0,1.0,0.10637952538978113,0.10645392423147695,0.10638894913034103,0.10641307547191267,0.10637952538978113,0.10645392423147695,0.10638894913034103,0.10641307547191267,0.0006318943808152999,-0.0006323363099349731,0.0006319503578342257,-0.0006320936683031613,-0.0005614672333687194,-0.00022295195369350068,0.9998842781682564,-0.0019793325139641966,-0.000770708008876115,0.00040826526280391415,-0.0005614672554656863,-0.00022295195958577096,-0.00011572182847885415,-0.0019793324172496796,-0.0007707080221734941,0.00040826527401804924,0.9999994039535522,-2.935325392172672e-05,4.471661668503657e-05,0.001092122052796185,-0.0004537825006991625,0.0032848757691681385,0.003909886348992586,0.002184240147471428,0.999997615814209,0.9999993802336092,-3.314290412667762e-05,6.45736733175626e-05,0.0011109744308874354,-9.008101543341826e-06,False,False
0.52,0.53,52,HOVER,-0.0006008096970617771,-0.0002382292877882719,0.9998926592015778,0.0,0.0,1.0,-0.004486352235340062,0.010052455246463319,0.12936556338415517,0.0006551698502293075,-0.001954631647095084,-0.0007577135693281889,0.00042657851008698344,-0.0013132755411788821,0.0047257328405976295,0.003555533941835165,-0.00020513124763965607,-0.0004006422823294997,-0.0005323626101016998,9.653717279434204e-05,-0.00020513124763965607,-0.0004006422823294997,-0.0005323626101016998,9.653717279434204e-05,0.10638527363243414,0.10644660607477471,0.10638134196131593,0.10641692121357647,0.10641123761375089,0.10641355434253968,0.10634698501193074,0.10643429161817593,0.5454120304916931,0.5454183813991981,0.5452358768352117,0.545475227191603,1581.4884706867235,1581.9760491993325,1581.4572119781183,1581.7400719439236,0.0006319285253766588,-0.0006322928400841618,0.0006319051712502167,-0.0006321165120086442,-1.5384843572974205e-06,-3.004817117471248e-06,-5.323626101016998e-07,0.4256060685863972,-1.1885125000480994e-06,9.105040352798931e-07,-5.756554659305021e-07,0.4256301428821012,-3.499718572493211e-07,-3.9153211527511404e-06,4.329285582880225e-08,-2.407429570400188e-05,1.0,1.0,1.0,1.0,0.10638527363243414,0.10644660607477471,0.10638134196131593,0.10641692121357647,0.10638527363243414,0.10644660607477471,0.10638134196131593,0.10641692121357647,0.0006319285253766588,-0.0006322928400841618,0.0006319051712502167,-0.0006321165120086442,-0.0005812020362477979,-0.00023062338931649742,0.9998884248591081,-0.0019690694864605805,-0.0007646733856265046,0.00041847773261245654,-0.0005812020390294492,-0.00023062339460011572,-0.00011157514381920919,-0.0019690694753080606,-0.0007646734011359513,0.0004184777208138257,0.9999994039535522,-3.314290370326489e-05,6.457367271650583e-05,0.0011109744664281607,-0.0008360084029845893,0.004134369548410177,0.0037351713981479406,0.00222194311209023,0.9999975562095642,0.9999993581433181,-3.924981833571718e-05,8.767997129750587e-05,0.0011289307446882648,-9.459249271822099e-06,False,False
0.53,0.54,53,HOVER,-0.000620245176833123,-0.00024575760471634567,0.9998969731241232,0.0,0.0,1.0,-0.005452607855040458,0.01285802866838509,0.1313233327778821,0.0006750669720950697,-0.0019355203257873654,-0.0007493612356483936,0.00043470668606460094,-0.0017764593940228224,0.004915214609354734,0.0033835622016340494,-1.8807128071784973e-05,-0.0006858169799670577,-0.0003209635615348816,0.0001835748553276062,-1.8807128071784973e-05,-0.0006858169799670577,-0.0003209635615348816,0.0001835748553276062,0.10639451480794788,0.10643644083615811,0.10637774869444669,0.10642496156371492,0.10643625698425196,0.10639053154587856,0.10636151959477062,0.10646127930276272,0.5454806145556871,0.5453552665980542,0.5452757273246545,0.5455492019137438,1581.5619412015872,1581.8952437077385,1581.4286434487385,1581.8039899467262,0.0006319834179592105,-0.0006322324585667792,0.0006318838272450133,-0.0006321642716884666,-1.4105346053838728e-07,-5.143627349752933e-06,-3.209635615348816e-07,0.42564958742766384,-9.986156200634914e-07,-1.869162656055988e-07,-5.294850510220066e-07,0.4256336659022676,8.575621595251042e-07,-4.956711084147334e-06,2.0852148948712501e-07,1.5921525396256353e-05,1.0,1.0,1.0,1.0,0.10639451480794788,0.10643644083615811,0.10637774869444669,0.10642496156371492,0.10639451480794788,0.10643644083615811,0.10637774869444669,0.10642496156371492,0.0006319834179592105,-0.0006322324585667792,0.0006318838272450133,-0.0006321642716884666,-0.0006008096967098354,-0.0002382292882949499,0.9998926592046,-0.001954631737735712,-0.0007577135480398114,0.00042657851260600896,-0.0006008096970617771,-0.0002382292877882719,-0.00010734079842222854,-0.001954631647095084,-0.0007577135693281889,0.00042657851008698344,0.9999993443489075,-3.924981865566224e-05,8.76799676916562e-05,0.0011289307149127126,-0.0013132755411788821,0.0047257328405976295,0.003555533941835165,0.0022578532807528973,0.9999974370002747,0.9999993358945816,-4.771153896561653e-05,0.00011215286298120948,0.0011460173385577207,-9.918447881930959e-06,False,False
0.54,0.55,54,HOVER,-0.0006394608644768596,-0.0002531917707528919,0.9999013771812315,0.0,0.0,1.0,-0.006632172319906435,0.015562527424967278,0.1331903903652144,0.0006947968986375226,-0.0019116417970508337,-0.0007391847902908921,0.00044449054985307157,-0.0021213116124272346,0.004647368099540472,0.0032291938550770283,0.00017198733985424042,-0.0008289649849757552,-0.00013172626495361328,0.0002562757581472397,0.00017198733985424042,-0.0008289649849757552,-0.00013172626495361328,0.0002562757581472397,0.10640471371295387,0.10642511136033325,0.10637835592694544,0.10643495810779874,0.10645078227027899,0.10637394448217015,0.1063810985998173,0.10648011252680725,0.5455204296341951,0.5453097922311126,0.5453294059047872,0.545600821514945,1581.6430237945126,1581.805180764428,1581.4334713149744,1581.8834570153804,0.000632043999454946,-0.0006321651614803795,0.0006318874342060559,-0.0006322236511603245,1.289905048906803e-06,-6.217237387318164e-06,-1.3172626495361328e-07,0.42568593787907366,-5.837477676856259e-07,-1.2800112809702863e-06,-4.573789797020439e-07,0.4256431391080313,1.873652816592429e-06,-4.937226106347878e-06,3.2565271474843064e-07,4.2798771042351635e-05,1.0,1.0,1.0,1.0,0.10640471371295387,0.10642511136033325,0.10637835592694544,0.10643495810779874,0.10640471371295387,0.10642511136033325,0.10637835592694544,0.10643495810779874,0.000632043999454946,-0.0006321651614803795,0.0006318874342060559,-0.0006322236511603245,-0.0006202451868612477,-0.00024575760922109684,0.9998969731233615,-0.0019355203126290267,-0.0007493612283490012,0.0004347066939146631,-0.000620245176833123,-0.00024575760471634567,-0.00010302687587682158,-0.0019355203257873654,-0.0007493612356483936,0.00043470668606460094,0.9999993443489075,-4.771153908222914e-05,0.00011215286212973297,0.0011460173409432173,-0.0017764593940228224,0.004915214609354734,0.0033835622016340494,0.0022920225746929646,0.9999973773956299,0.9999993136170757,-5.8034434401653484e-05,0.0001357413062320185,0.0011623130730723378,-1.0381617110506653e-05,False,False
0.55,0.56,55,HOVER,-0.0006584107759408653,-0.0002605115878395736,0.999905893477262,0.0,0.0,1.0,-0.007920108916649524,0.01792035886289759,0.13497991356087863,0.0007143018093884309,-0.0018833434442058206,-0.0007268858607858419,0.00045673191198147833,-0.0022686184383928776,0.003962904214859009,0.003098847111687064,0.0003305356949567795,-0.0008067212766036391,1.4917925000190735e-05,0.00029661692678928375,0.0003305356949567795,-0.0008067212766036391,1.4917925000190735e-05,0.00029661692678928375,0.10641335888923796,0.10641432060350187,0.1063826238421113,0.1064442483176111,0.106452408770871,0.10636558651990935,0.10640190117841894,0.10648621199419542,0.545524887914057,0.5452868776101023,0.5453864358680889,0.5456175388402263,1581.711752239076,1581.7193976863553,1581.4674035951828,1581.9573071255402,0.0006320953518020735,-0.0006321010643848011,0.0006319127856221411,-0.0006322788350066099,2.479017712175846e-06,-6.050409574527293e-06,1.4917925000190735e-08,0.4257061084633947,-2.8543258831590507e-08,-2.1447319234943994e-06,-3.717619671963568e-07,0.42565455165246224,2.5075609710074364e-06,-3.905677651032894e-06,3.866798921965476e-07,5.155681093244047e-05,1.0,1.0,1.0,1.0,0.10641335888923796,0.10641432060350187,0.1063826238421113,0.1064442483176111,0.10641335888923796,0.10641432060350187,0.1063826238421113,0.1064442483176111,0.0006320953518020735,-0.0006321010643848011,0.0006319127856221411,-0.0006322788350066099,-0.0006394608572555992,-0.00025319176732102686,0.9999013771835219,-0.001911641812197922,-0.0007391848176468267,0.0004444905490366707,-0.0006394608644768596,-0.0002531917707528919,-9.86228187684901e-05,-0.0019116417970508337,-0.0007391847902908921,0.00044449054985307157,0.9999992847442627,-5.803443491458893e-05,0.00013574131298810244,0.0011623130412772298,-0.0021213116124272346,0.004647368099540472,0.0032291938550770283,0.002324608853086829,0.9999973177909851,0.9999992916206906,-6.930014991079765e-05,0.00015630310565057035,0.001177932487646168,-1.084412016203154e-05,False,False
0.56,0.5700000000000001,56,HOVER,-0.0006770548643544316,-0.00026769511168822646,0.9999105464303284,0.0,0.0,1.0,-0.009184051015972696,0.019748143305355556,0.1367069582118504,0.0007335297562435777,-0.0018513561226427555,-0.0007123687537387013,0.00047127949073910713,-0.0021788813173770905,0.0029861414805054665,0.0029951082542538643,0.00042696110904216766,-0.000631211674772203,0.00010689347982406616,0.0002943389117717743,0.00042696110904216766,-0.000631211674772203,0.00010689347982406616,0.0002943389117717743,0.10641847314278277,0.10640549307079325,0.10638938222877617,0.10645034122968192,0.10644157337368924,0.1063656248556272,0.10641990912191568,0.10647786210465383,0.5454951874309347,0.5452869827145063,0.545435801706639,0.5455946535211522,1581.7524093560457,1581.649219693612,1581.5211356708064,1582.0057401086392,0.0006321257304681297,-0.0006320486288405119,0.0006319529304389304,-0.0006323150269043105,3.2022083178162573e-06,-4.734087560791522e-06,1.0689347982406616e-07,0.42570496945588593,5.570973928056139e-07,-2.6141159222116753e-06,-2.849948377623259e-07,0.4256636896720341,2.6451109250106434e-06,-2.1199716385798464e-06,3.9188831758639205e-07,4.127978385182196e-05,1.0,1.0,1.0,1.0,0.10641847314278277,0.10640549307079325,0.10638938222877617,0.10645034122968192,0.10641847314278277,0.10640549307079325,0.10638938222877617,0.10645034122968192,0.0006321257304681297,-0.0006320486288405119,0.0006319529304389304,-0.0006323150269043105,-0.0006584107775027538,-0.00026051159121194485,0.9999058934771485,-0.0018833434125423048,-0.0007268858404537249,0.0004567319181983791,-0.0006584107759408653,-0.0002605115878395736,-9.410652273800224e-05,-0.0018833434442058206,-0.0007268858607858419,0.00045673191198147833,0.9999992847442627,-6.930014933459461e-05,0.00015630311099812388,0.0011779324850067496,-0.0022686184383928776,0.003962904214859009,0.003098847111687064,0.002355841686949134,0.9999971985816956,0.9999992703057335,-8.035149693408723e-05,0.00017223931882247084,0.0011930068124139854,-1.1301740586390735e-05,False,False
0.5700000000000001,0.58,57,HOVER,-0.0006953619886189699,-0.0002747207472566515,0.9999153535900405,0.0,0.0,1.0,-0.010290244092234904,0.020959451545452507,0.13838644130787345,0.0007524392327014978,-0.001816661679185927,-0.0006957701407372952,0.00048710667761042714,-0.0018590163672342896,0.0018955871928483248,0.002916959347203374,0.0004443209618330002,-0.0003458693390712142,0.00014108233153820038,0.00024846382439136505,0.0004443209618330002,-0.0003458693390712142,0.00014108233153820038,0.00024846382439136505,0.1064189718868725,0.10639954187384199,0.10639704679121414,0.10645145340129618,0.10642122455078747,0.10637266359858133,0.10643166702244325,0.10645647674038371,0.5454394076430228,0.5453062805292077,0.5454680327337946,0.5455360382343484,1581.756374223611,1581.6019073037446,1581.5820710062042,1582.0145807495644,0.0006321286930080226,-0.0006320132787306214,0.000631998457939812,-0.0006323216332036993,3.3324072137475014e-06,-2.5940200430341062e-06,1.4108233153820037e-07,0.4256820319121957,1.0601702961419816e-06,-2.610493810143496e-06,-2.0776098648607206e-07,0.4256670139532248,2.2722369176055197e-06,1.647376710938964e-08,3.4884331802427243e-07,1.501795897090874e-05,1.0,1.0,1.0,1.0,0.1064189718868725,0.10639954187384199,0.10639704679121414,0.10645145340129618,0.1064189718868725,0.10639954187384199,0.10639704679121414,0.10645145340129618,0.0006321286930080226,-0.0006320132787306214,0.000631998457939812,-0.0006323216332036993,-0.0006770548712481928,-0.0002676951012933815,0.9999105464324747,-0.0018513560965406591,-0.0007123687418930588,0.00047127949853749054,-0.0006770548643544316,-0.00026769511168822646,-8.945356967160478e-05,-0.0018513561226427555,-0.0007123687537387013,0.00047127949073910713,0.9999992847442627,-8.035149949137121e-05,0.00017223932081833482,0.001193006755784154,-0.0021788813173770905,0.0029861414805054665,0.0029951082542538643,0.002385984407737851,0.9999971389770508,0.9999992500123975,-9.002013968766338e-05,0.0001827971455732114,0.0012076656079348172,-1.175143399825098e-05,False,False
0.58,0.59,58,HOVER,-0.0007133114850148559,-0.00028156969347037375,0.9999203182742349,0.0,0.0,1.0,-0.011129225089522767,0.021577899082279837,0.140031266964226,0.0007710019094373281,-0.001780314720235765,-0.0006774428184144199,0.0005025702994316816,-0.0013598822988569736,0.0008844809490256011,0.0028604406397789717,0.0003812219947576523,-1.5272176824510098e-05,0.00012223422527313232,0.00016738660633563995,0.0003812219947576523,-1.5272176824510098e-05,0.00012223422527313232,0.00016738660633563995,0.106414827668381,0.10639676105213994,0.10640391273366964,0.10644688580453873,0.1063961102579348,0.1063842013072293,0.10643492546985057,0.10642625626815322,0.5453705604773614,0.5453379121416675,0.5454769646776256,0.545453200781103,1581.7234287483886,1581.5797993270105,1581.636655990766,1581.9782727941445,0.0006321040763501832,-0.0006319967606497112,0.0006320392416379976,-0.00063229450167896,2.8591649606823922e-06,-1.1454132618382572e-07,1.2223422527313232e-07,0.42564149330316786,1.3862631043394524e-06,-2.158058137779681e-06,-1.4794434049039164e-07,0.4256623872587293,1.4729018563429398e-06,2.043516811595855e-06,2.7017856576352395e-07,-2.089395556142959e-05,1.0,1.0,1.0,1.0,0.106414827668381,0.10639676105213994,0.10640391273366964,0.10644688580453873,0.106414827668381,0.10639676105213994,0.10640391273366964,0.10644688580453873,0.0006321040763501832,-0.0006319967606497112,0.0006320392416379976,-0.00063229450167896,-0.000695362007027897,-0.0002747207500875597,0.9999153535910313,-0.0018166617173092895,-0.0006957701386835007,0.00048710668210312833,-0.0006953619886189699,-0.0002747207472566515,-8.464640995953232e-05,-0.001816661679185927,-0.0006957701407372952,0.00048710667761042714,0.9999992251396179,-9.002014121506363e-05,0.00018279714277014136,0.0012076656566932797,-0.0018590163672342896,0.0018955871928483248,0.002916959347203374,0.002415296621620655,0.999997079372406,0.9999992308864561,-9.735084221581549e-05,0.0001881838635257137,0.0012220213350459936,-1.219177228550924e-05,False,False
0.59,0.6,59,HOVER,-0.0007308925269171596,-0.000288227602140978,0.9999254256108543,0.0,0.0,1.0,-0.011636192723420903,0.021726762016247174,0.14165115576385323,0.0007892023669856448,-0.0017432576278224587,-0.0006578986067324877,0.0005157859995961189,-0.0007654213113710284,0.00011996545072179288,0.0028195949271321297,0.0002518799155950546,0.0002895906800404191,6.131455302238464e-05,6.636977195739746e-05,0.0002518799155950546,0.0002895906800404191,6.131455302238464e-05,6.636977195739746e-05,0.10640699337607412,0.10639683438004775,0.10640846792750297,0.10643714740566888,0.10637161071018748,0.10639716557713752,0.1064290428904637,0.10639316570819006,0.5453033938951218,0.5453734535779406,0.5454608394945515,0.5453624881082572,1581.6611470908852,1581.5803822977937,1581.672869696885,1581.9008604425708,0.0006320575406538803,-0.0006319971962174837,0.0006320662994893677,-0.0006322366555896731,1.8890993669629097e-06,2.171930100303143e-06,6.131455302238464e-08,0.42559098488597874,1.4773997866024229e-06,-1.3731342550682597e-06,-1.100116639088768e-07,0.42564944308929376,4.116995803604868e-07,3.545064355371403e-06,1.7132621693126145e-07,-5.8458203315014945e-05,1.0,1.0,1.0,1.0,0.10640699337607412,0.10639683438004775,0.10640846792750297,0.10643714740566888,0.10640699337607412,0.10639683438004775,0.10640846792750297,0.10643714740566888,0.0006320575406538803,-0.0006319971962174837,0.0006320662994893677,-0.0006322366555896731,-0.0007133114586273299,-0.00028156968374828435,0.9999203182756671,-0.0017803147283240567,-0.0006774428149502627,0.0005025702861914422,-0.0007133114850148559,-0.00028156969347037375,-7.968172576511279e-05,-0.001780314720235765,-0.0006774428184144199,0.0005025702994316816,0.9999992251396179,-9.735084313433617e-05,0.0001881838688859716,0.0012220212956890464,-0.0013598822988569736,0.0008844809490256011,0.0028604406397789717,0.0024440044071525335,0.9999970197677612,0.9999992128257719,-0.00010177922825797233,0.0001894761007101755,0.0012361584173900982,-1.2623122320643998e-05,False,False
0.6,0.61,60,HOVER,-0.0007481023785658181,-0.0002946858003269881,0.9999306425743271,0.0,0.0,1.0,-0.01180226347520209,0.021598379749297094,0.1432518868078186,0.000807036146790321,-0.0017061688704416156,-0.0006377223180606961,0.0005250400281511247,-0.00017563528672326356,-0.0002904756984207779,0.0027875308878719807,8.30572098493576e-05,0.0005061939591541886,-2.6986002922058105e-05,-3.549829125404358e-05,8.30572098493576e-05,0.0005061939591541886,-2.6986002922058105e-05,-3.549829125404358e-05,0.10639713778942755,0.10639896508770996,0.10640967500356896,0.10642383399352401,0.10635262687706265,0.10640858891819152,0.10641512700105635,0.10636370805806253,0.5452513457263054,0.5454047695049419,0.545422692544561,0.5452817274484746,1581.5827944586752,1581.597321775965,1581.6824658519668,1581.795026240127,0.0006319989984691996,-0.0006320098526209971,0.0006320734695211996,-0.0006321575739215326,6.22929073870182e-07,3.796454693656415e-06,-2.6986002922058105e-08,0.425540050854373,1.3224933710248056e-06,-4.359869590860911e-07,-9.495855213053576e-08,0.4256296118742305,-6.995642971546236e-07,4.232441652742506e-06,6.797254920847765e-08,-8.956101985746479e-05,1.0,1.0,1.0,1.0,0.10639713778942755,0.10639896508770996,0.10640967500356896,0.10642383399352401,0.10639713778942755,0.10639896508770996,0.10640967500356896,0.10642383399352401,0.0006319989984691996,-0.0006320098526209971,0.0006320734695211996,-0.0006321575739215326,-0.0007308925126290481,-0.0002882275902317274,0.9999254256107593,-0.0017432576285643863,-0.0006578986228686387,0.0005157859755335898,-0.0007308925269171596,-0.000288227602140978,-7.457438914570957e-05,-0.0017432576278224587,-0.0006578986067324877,0.0005157859995961189,0.9999992251396179,-0.00010177923104492947,0.0001894760935101658,0.0012361584231257439,-0.0007654213113710284,0.00011996545072179288,0.0028195949271321297,0.0024722765665501356,0.9999969601631165,0.9999991955237101,-0.00010322971750732066,0.0001883525178139356,0.0012501275484694192,-1.3047567434005621e-05,False,False
0.61,0.62,61,HOVER,-0.0007649430190213025,-0.00030094137764535844,0.9999359219582402,0.0,0.0,1.0,-0.011674676247812998,0.021410557340188142,0.14483530167378558,0.0008245056279761101,-0.0016693731304258108,-0.0006174736772663891,0.0005291527486406267,0.00031305497395806015,-0.0003186497779097408,0.0027574393898248672,-9.19494777917862e-05,0.0005933806532993913,-0.00012691691517829895,-0.00011947564780712128,-9.19494777917862e-05,0.0005933806532993913,-0.00012691691517829895,-0.00011947564780712128,0.10638724775247893,0.10640208966290707,0.10640715379438144,0.10640927269503428,0.10634258126415215,0.10641620263231602,0.10639576658187772,0.10634351169775062,0.5452238024504192,0.5454256411729755,0.5453696183061769,0.5452263535655951,1581.5041657773554,1581.6221624831692,1581.6624224102966,1581.679267535918,0.0006319402516497248,-0.000632028412597668,0.0006320584935386258,-0.0006320710798085037,-6.896210834383965e-07,4.4503548997454345e-06,-1.2691691517829896e-07,0.4254980621760965,9.5773421232093e-07,4.4982201060543917e-07,-1.0074721782109448e-07,0.4256057639048017,-1.6473552957593263e-06,4.000532889139995e-06,-2.6169697357204476e-08,-0.00010770172870522288,1.0,1.0,1.0,1.0,0.10638724775247893,0.10640208966290707,0.10640715379438144,0.10640927269503428,0.10638724775247893,0.10640208966290707,0.10640715379438144,0.10640927269503428,0.0006319402516497248,-0.000632028412597668,0.0006320584935386258,-0.0006320710798085037,-0.0007481023962757603,-0.00029468578978737584,0.9999306425765788,-0.0017061688265971888,-0.0006377223069437355,0.0005250400330391292,-0.0007481023785658181,-0.0002946858003269881,-6.935742567293346e-05,-0.0017061688704416156,-0.0006377223180606961,0.0005250400281511247,0.9999992251396179,-0.00010322971502318978,0.00018835251103155315,0.001250127563253045,-0.00017563528672326356,-0.0002904756984207779,0.0027875308878719807,0.0025002143811434507,0.9999969005584717,0.9999991785761012,-0.0001021168455047088,0.00018671343706665782,0.0012639451591263085,-1.346849431024769e-05,False,False
0.62,0.63,62,HOVER,-0.0007814174168743193,-0.0003069964295718819,0.9999412092547573,0.0,0.0,1.0,-0.011346194733910795,0.021359708332129336,0.1463997919372583,0.0008416153152661927,-0.0016328308265656233,-0.000597597099840641,0.000527719093952328,0.0006262942333705723,-1.7842619854491204e-05,0.002723429352045059,-0.00023883767426013947,0.0005388014251366258,-0.0002240929752588272,-0.00017103366553783417,-0.00023883767426013947,0.0005388014251366258,-0.0002240929752588272,-0.00017103366553783417,0.10637917784839307,0.10640510838882508,0.10640124303797563,0.10639603688413142,0.10634273113654324,0.10641874325087498,0.10637454740201686,0.10633626137779606,0.5452242133794193,0.54543260573653,0.5453114452066222,0.5452064740550222,1581.4400060753776,1581.6461614715386,1581.615431745756,1581.5740420475042,0.0006318923164194549,-0.000632046343829621,0.0006320233836455753,-0.0006319924590917406,-1.791282556951046e-06,4.0410106885246935e-06,-2.240929752588272e-07,0.4254722831672311,4.5939172924709323e-07,1.1008378261356984e-06,-1.2310285633140156e-07,0.4255815661593252,-2.2506742861981392e-06,2.940172862388995e-06,-1.0099011892742565e-07,-0.00010928299209406189,1.0,1.0,1.0,1.0,0.10637917784839307,0.10640510838882508,0.10640124303797563,0.10639603688413142,0.10637917784839307,0.10640510838882508,0.10640124303797563,0.10639603688413142,0.0006318923164194549,-0.000632046343829621,0.0006320233836455753,-0.0006319924590917406,-0.0007649430407967588,-0.0003009413784172895,0.9999359219604144,-0.0016693731553859986,-0.0006174736490149431,0.0005291527736455305,-0.0007649430190213025,-0.00030094137764535844,-6.407804175978526e-05,-0.0016693731304258108,-0.0006174736772663891,0.0005291527486406267,0.9999991655349731,-0.0001021168427541852,0.00018671344150789082,0.0012639451306313276,0.00031305497395806015,-0.0003186497779097408,0.0027574393898248672,0.002527850214391947,0.9999967813491821,0.9999991615981474,-9.925228675808298e-05,0.00018627196999905285,0.0012775972522755788,-1.388978000476813e-05,False,False
0.63,0.64,63,HOVER,-0.0007975262124091387,-0.00031285639852285385,0.9999464509855898,0.0,0.0,1.0,-0.01093594933740841,0.021580626345105405,0.1479409926668722,0.0008583674519229309,-0.0015962031902745366,-0.0005783560336567461,0.0005211809184402227,0.0007256489479914308,0.0004920666688121855,0.002681086305528879,-0.00033013708889484406,0.00036027433816343546,-0.0003075208514928818,-0.00018267706036567688,-0.00033013708889484406,0.00036027433816343546,-0.0003075208514928818,-0.00018267706036567688,0.10637426465389144,0.10640711405724104,0.10639290925714867,0.10638641205117402,0.1063520742863469,0.106416173110514,0.1063552708550017,0.10634294321795464,0.5452498306413759,0.5454255602449639,0.5452585949129789,0.5452247948765023,1581.4009430574301,1581.6621065016025,1581.5491766580974,1581.49752160852,0.0006318631320441151,-0.0006320582575000118,0.0006319738809874631,-0.0006319352875839737,-2.47602816671133e-06,2.7020575362257657e-06,-3.0752085149288176e-07,0.4254664614698172,-7.273947633980316e-08,1.391099372659299e-06,-1.5653205240730248e-07,0.4255607000194552,-2.403288690371527e-06,1.3109581635664666e-06,-1.5098879908557927e-07,-9.423854963797051e-05,1.0,1.0,1.0,1.0,0.10637426465389144,0.10640711405724104,0.10639290925714867,0.10638641205117402,0.10637426465389144,0.10640711405724104,0.10639290925714867,0.10638641205117402,0.0006318631320441151,-0.0006320582575000118,0.0006319738809874631,-0.0006319352875839737,-0.0007814174144662448,-0.00030699642252994617,0.9999412092561897,-0.00163283079642392,-0.0005975970814793267,0.0005277190731939553,-0.0007814174168743193,-0.0003069964295718819,-5.8790745242731646e-05,-0.0016328308265656233,-0.000597597099840641,0.000527719093952328,0.9999991655349731,-9.925228368956596e-05,0.00018627196550369263,0.001277597271837294,0.0006262942333705723,-1.7842619854491204e-05,0.002723429352045059,0.002555155660957098,0.9999967217445374,0.9999991443120791,-9.567720926124429e-05,0.0001882031217547445,0.00129104630672531,-1.431467157008467e-05,False,False
0.64,0.65,64,HOVER,-0.0008132656221278012,-0.00031852812389843166,0.9999516027019126,0.0,0.0,1.0,-0.010565705497284063,0.02212099986304319,0.1494528674414161,0.0008747590732946595,-0.001558978925459087,-0.0005598042043857276,0.000510726822540164,0.0006150600966066122,0.0010527876438573003,0.0026277340948581696,-0.0003495011478662491,0.0001009978586807847,-0.00037002190947532654,-0.0001549646258354187,-0.0003495011478662491,0.0001009978586807847,-0.00037002190947532654,-0.0001549646258354187,0.1063730719764154,0.10640755458089642,0.10638355844807515,0.10638194348180713,0.10636768511253877,0.10640954428126306,0.10634132710562569,0.10636176118765484,0.5452926312703243,0.5454073884903405,0.5452203637175311,0.5452763897032126,1581.3914604328825,1581.6656086452756,1581.474834174261,1581.4619943824941,0.0006318560475399075,-0.0006320608742105247,0.0006319183371815664,-0.0006319087442819343,-2.621258608996868e-06,7.574839401058853e-07,-3.7002190947532653e-07,0.42548031768708233,-5.347312027718931e-07,1.276229613831996e-06,-1.952337709850262e-07,0.4255461284871941,-2.086527406224975e-06,-5.187456737261106e-07,-1.7478813849030032e-07,-6.581080011175411e-05,1.0,1.0,1.0,1.0,0.1063730719764154,0.10640755458089642,0.10638355844807515,0.10638194348180713,0.1063730719764154,0.10640755458089642,0.10638355844807515,0.10638194348180713,0.0006318560475399075,-0.0006320608742105247,0.0006319183371815664,-0.0006319087442819343,-0.0007975262150752162,-0.0003128563860671895,0.9999464509867402,-0.001596203246878759,-0.0005783560610941716,0.0005211809372516893,-0.0007975262124091387,-0.00031285639852285385,-5.354901441023685e-05,-0.0015962031902745366,-0.0005783560336567461,0.0005211809184402227,0.9999991655349731,-9.567721281200647e-05,0.00018820312106981874,0.0012910462683066726,0.0007256489479914308,0.0004920666688121855,0.002681086305528879,0.0025820545852184296,0.9999966621398926,0.9999991265956127,-9.245486241904927e-05,0.00019292172300741512,0.0013042397475873835,-1.4744663471179475e-05,False,False
0.65,0.66,65,HOVER,-0.0008286263910122216,-0.00032401777571067214,0.9999566350779787,0.0,0.0,1.0,-0.010336217154038483,0.022935401927965268,0.15092865691680946,0.0008907804057793046,-0.001520629390142858,-0.0005417979555204511,0.0004980455851182342,0.00033904158044606447,0.001502616098150611,0.002562418580055237,-0.0002949703484773636,-0.00018095073755830526,-0.000408833846449852,-9.614601731300354e-05,-0.0002949703484773636,-0.00018095073755830526,-0.000408833846449852,-9.614601731300354e-05,0.1063753183652128,0.10640630940360155,0.10637475311706596,0.1063831485898954,0.1063854647052101,0.10640068542054958,0.10633498516702312,0.10638859169856077,0.5453413757931089,0.5453831029768783,0.5452029747959716,0.545349948506395,1581.4093207770622,1581.6557095294665,1581.4048266740078,1581.4715756016622,0.000631869391089364,-0.0006320534778573931,0.0006318660335153718,-0.0006319159026239786,-2.212277613580227e-06,-1.3571305316872895e-06,-4.08833846449852e-07,0.42550972699134354,-8.38834916812737e-07,7.988662203491266e-07,-2.3395587663596444e-07,0.42553952947577567,-1.37344269676749e-06,-2.155996752036416e-06,-1.7487796981388757e-07,-2.980248443212874e-05,1.0,1.0,1.0,1.0,0.1063753183652128,0.10640630940360155,0.10637475311706596,0.1063831485898954,0.1063753183652128,0.10640630940360155,0.10637475311706596,0.1063831485898954,0.000631869391089364,-0.0006320534778573931,0.0006318660335153718,-0.0006319159026239786,-0.0008132655993840127,-0.00031852811529158145,0.9999516027033222,-0.0015589789317419483,-0.0005598042314630433,0.0005107268151412387,-0.0008132656221278012,-0.00031852812389843166,-4.8397298087365925e-05,-0.001558978925459087,-0.0005598042043857276,0.000510726822540164,0.9999991059303284,-9.245486580766737e-05,0.00019292172510176897,0.001304239733144641,0.0006150600966066122,0.0010527876438573003,0.0026277340948581696,0.00260844174772501,0.9999966025352478,0.9999991085010062,-9.046404886070915e-05,0.00020003016198390995,0.0013171185912517582,-1.5178777928865544e-05,False,False
0.66,0.67,66,HOVER,-0.0008435947820544243,-0.0003293291956651956,0.9999615369051753,0.0,0.0,1.0,-0.010308224895378788,0.02389908927643527,0.15236171926085834,0.0009064156249152094,-0.0014807615661993623,-0.0005240466562099755,0.0004849845718126744,-2.694487920962274e-05,0.0017105485312640667,0.002485669916495681,-0.0001789052039384842,-0.0004252254730090499,-0.0004246477037668228,-2.0615756511688232e-05,-0.0001789052039384842,-0.0004252254730090499,-0.0004246477037668228,-2.0615756511688232e-05,0.10637998073816388,0.10640365789317771,0.10636790235906934,0.1063894311420413,0.1064010398269675,0.10639168217831803,0.10633696147769527,0.10641780863876343,0.5453840745514708,0.5453584210434234,0.5452083936628149,0.5454300437026349,1581.446389508244,1581.634630000004,1581.3503579749488,1581.5215245485695,0.0006318970855846934,-0.0006320377278854756,0.0006318253400128719,-0.0006319532209837253,-1.3417890295386313e-06,-3.189191047567874e-06,-4.246477037668228e-07,0.4255474921217442,-9.300178793148969e-07,7.59556935403527e-08,-2.6852327163564855e-07,0.42554097213245223,-4.117711502237344e-07,-3.2651467411082266e-06,-1.5612443213117426e-07,6.51998929196429e-06,1.0,1.0,1.0,1.0,0.10637998073816388,0.10640365789317771,0.10636790235906934,0.1063894311420413,0.10637998073816388,0.10640365789317771,0.10636790235906934,0.1063894311420413,0.0006318970855846934,-0.0006320377278854756,0.0006318253400128719,-0.0006319532209837253,-0.000828626378277658,-0.00032401778291870113,0.9999566350764462,-0.0015206293446939122,-0.0005417979464144046,0.0004980456082784317,-0.0008286263910122216,-0.00032401777571067214,-4.336492202128284e-05,-0.001520629390142858,-0.0005417979555204511,0.0004980455851182342,0.9999991059303284,-9.046404738910496e-05,0.00020003016106784344,0.001317118643783033,0.00033904158044606447,0.001502616098150611,0.002562418580055237,0.002634198870509863,0.999996542930603,0.9999990902536757,-9.023345214819817e-05,0.00020843910286470226,0.0013296250920312488,-1.5613542958330397e-05,False,False
0.67,0.68,67,HOVER,-0.0008581545553170145,-0.00033446276211179793,0.9999663145208615,0.0,0.0,1.0,-0.010491679407706867,0.024837875837068257,0.15374625100887707,0.0009216448836485704,-0.00143923528958112,-0.0005061905831098557,0.00047318689757958055,-0.00039187708171084523,0.0016024779761210084,0.0023991295602172613,-2.5363638997077942e-05,-0.0005819894140586257,-0.00042098574340343475,5.4661184549331665e-05,-2.5363638997077942e-05,-0.0005819894140586257,-0.00042098574340343475,5.4661184549331665e-05,0.10638556249678169,0.1064001816506438,0.10636399626680701,0.1063992353143564,0.10641077446144975,0.10638448108065583,0.1063463543243001,0.10644352072586905,0.5454107608355967,0.5453386791517294,0.5452341475978919,0.5455005253079377,1581.4907672860575,1581.6069936072363,1581.3193011255569,1581.5994701152806,0.0006319302412308832,-0.0006320170790048242,0.0006318021378248337,-0.000632011457767277,-1.9022729247808456e-07,-4.364920605439693e-06,-4.209857434034348e-07,0.4255851305922747,-7.959317801955849e-07,-7.29016341313813e-07,-2.9615771638433035e-07,0.4255489757285889,6.057044877175004e-07,-3.6359042641258797e-06,-1.2482802701910443e-07,3.615486368580001e-05,1.0,1.0,1.0,1.0,0.10638556249678169,0.1064001816506438,0.10636399626680701,0.1063992353143564,0.10638556249678169,0.1064001816506438,0.10636399626680701,0.1063992353143564,0.0006319302412308832,-0.0006320170790048242,0.0006318021378248337,-0.000632011457767277,-0.00084359477899334,-0.0003293291906717825,0.9999615369062488,-0.001480761557387183,-0.0005240466720676047,0.00048498456889435414,-0.0008435947820544243,-0.0003293291956651956,-3.8463094824692234e-05,-0.0014807615661993623,-0.0005240466562099755,0.0004849845718126744,0.9999991059303284,-9.023345046443865e-05,0.00020843910169787705,0.0013296251418069005,-2.694487920962274e-05,0.0017105485312640667,0.002485669916495681,0.002659210469573736,0.9999964833259583,0.999999072226597,-9.184790245088116e-05,0.00021662831954234328,0.0013417086416695455,-1.604369197847705e-05,False,False
0.68,0.6900000000000001,68,HOVER,-0.0008722898783162236,-0.00033941533183678985,0.9999709878284193,0.0,0.0,1.0,-0.010845100025662,0.025567118322676677,0.15507778299585603,0.0009364475988535812,-0.0013962213415652514,-0.00048788951244205236,0.0004637840611394495,-0.0006672531017102301,0.0011743385111913085,0.0023051276803016663,0.00013478659093379974,-0.0006218090420588851,-0.00040233321487903595,0.00011346302926540375,0.00013478659093379974,-0.0006218090420588851,-0.00040233321487903595,0.00011346302926540375,0.10639045039455457,0.10639660322737071,0.1063634297770343,0.10641037456235938,0.10641252817607345,0.10638044116726939,0.10636087114901405,0.10646069102227589,0.5454155683480534,0.54532760350914,0.5452739494697322,0.5455475894640538,1581.5296279545778,1581.5785445897388,1581.3147970083364,1581.6880272718079,0.0006319592753436541,-0.000631995823170582,0.0006317987728755837,-0.0006320776249004147,1.010899432003498e-06,-4.663567815441638e-06,-4.0233321487903596e-07,0.42561453151463274,-4.684283839043006e-07,-1.442199480953827e-06,-3.153998517589889e-07,0.42556085796131893,1.4793278159077986e-06,-3.2213683344878112e-06,-8.693336312004704e-08,5.3673553313815514e-05,1.0,1.0,1.0,1.0,0.10639045039455457,0.10639660322737071,0.1063634297770343,0.10641037456235938,0.10639045039455457,0.10639660322737071,0.1063634297770343,0.10641037456235938,0.0006319592753436541,-0.000631995823170582,0.0006317987728755837,-0.0006320776249004147,-0.000858154542406668,-0.00033446274985983286,0.9999663145210264,-0.0014392352575867235,-0.0005061905615997193,0.00047318690920337275,-0.0008581545553170145,-0.00033446276211179793,-3.3685479138512164e-05,-0.00143923528958112,-0.0005061905831098557,0.00047318689757958055,0.9999990463256836,-9.184790542349219e-05,0.00021662832295987755,0.001341708586551249,-0.00039187708171084523,0.0016024779761210084,0.0023991295602172613,0.0026833752635866404,0.9999964237213135,0.99999905488037,-9.494320647606539e-05,0.00022298691746147842,0.0013533295936111562,-1.646332896785403e-05,False,False
0.6900000000000001,0.7000000000000001,69,HOVER,-0.000885988469235599,-0.00034418090945109725,0.9999755839253339,0.0,0.0,1.0,-0.011284958301249353,0.02593125611113922,0.15635323075338534,0.0009508060847255469,-0.0013521919026970863,-0.0004689060733653605,0.0004572022007778287,-0.0007842538761906326,0.0004900238127447665,0.0022062985226511955,0.00027023814618587494,-0.00054102239664644,-0.00037352927029132843,0.0001436527818441391,0.00027023814618587494,-0.00054102239664644,-0.00037352927029132843,0.0001436527818441391,0.10639327740403302,0.10639361228265873,0.10636594851864137,0.10642048456667522,0.10640604631004538,0.10638010352667633,0.10637732502764703,0.1064661515265534,0.5453977992898371,0.5453266778434066,0.5453190603573009,0.5455625563528483,1581.5521035259571,1581.5547658995001,1581.3348232772437,1581.768399545577,0.0006319760677799561,-0.0006319780569589928,0.0006318137342007297,-0.0006321376783260508,2.026786096394062e-06,-4.0576679748483e-06,-3.7352927029132844e-07,0.4256296263909221,-1.6143141619035656e-08,-1.91628234442456e-06,-3.259333043577556e-07,0.4255733227720083,2.0429292380130976e-06,-2.1413856304237402e-06,-4.7595965933572825e-08,5.630361891378888e-05,1.0,1.0,1.0,1.0,0.10639327740403302,0.10639361228265873,0.10636594851864137,0.10642048456667522,0.10639327740403302,0.10639361228265873,0.10636594851864137,0.10642048456667522,0.0006319760677799561,-0.0006319780569589928,0.0006318137342007297,-0.0006321376783260508,-0.0008722898532991788,-0.00033941532036170697,0.9999709878275104,-0.0013962212889073791,-0.00048788950413482035,0.00046378406260660227,-0.0008722898783162236,-0.00033941533183678985,-2.9012171580689028e-05,-0.0013962213415652514,-0.00048788951244205236,0.0004637840611394495,0.9999990463256836,-9.494320693193004e-05,0.0002229869132861495,0.001353329629637301,-0.0006672531017102301,0.0011743385111913085,0.0023051276803016663,0.0027066145557910204,0.9999963641166687,0.9999990386690616,-9.87885063475005e-05,0.00022615831788764924,0.001364461138684493,-1.686716592243974e-05,False,False
0.7000000000000001,0.71,70,HOVER,-0.0008992442162707448,-0.0003487521316856146,0.9999801296580699,0.0,0.0,1.0,-0.01170301817087149,0.025835598553027098,0.15757108424458313,0.0009647087852507948,-0.0013078473275527358,-0.0004491663712542504,0.000453115557320416,-0.0007066738326102495,-0.00033485275343991816,0.0021052721422165632,0.0003550481051206589,-0.0003613814478740096,-0.0003386419266462326,0.00013923272490501404,0.0003550481051206589,-0.0003613814478740096,-0.0003386419266462326,0.00013923272490501404,0.10639321576515647,0.10639170886661528,0.10637071885354389,0.10642748431606738,0.10639293736371408,0.10638311191794396,0.10639226560483155,0.10645910147596299,0.545361862107946,0.5453349255315749,0.5453600204965146,0.5455432325776706,1581.5516134803336,1581.5396332059809,1581.3727513588758,1581.8240446599016,0.0006319757016450294,-0.0006319667506676948,0.0006318420699900507,-0.0006321792568374403,2.6628607884049415e-06,-2.710360859055072e-06,-3.3864192664623264e-07,0.42562741636245255,4.6946270531667347e-07,-2.0602193254418318e-06,-3.282358700548932e-07,0.425583127801383,2.193398083088268e-06,-6.501415336132401e-07,-1.0406056591339415e-08,4.428856106952761e-05,1.0,1.0,1.0,1.0,0.10639321576515647,0.10639170886661528,0.10637071885354389,0.10642748431606738,0.10639321576515647,0.10639170886661528,0.10637071885354389,0.10642748431606738,0.0006319757016450294,-0.0006319667506676948,0.0006318420699900507,-0.0006321792568374403,-0.0008859884480682165,-0.0003441809173995586,0.9999755839260797,-0.0013521918678660362,-0.00046890606805092465,0.0004572022071857169,-0.000885988469235599,-0.00034418090945109725,-2.4416074666078202e-05,-0.0013521919026970863,-0.0004689060733653605,0.0004572022007778287,0.9999990463256836,-9.878850687528029e-05,0.0002261583140352741,0.0013644611462950706,-0.0007842538761906326,0.0004900238127447665,0.0022062985226511955,0.002728875260800123,0.9999963045120239,0.999999023933098,-0.0001024380151945135,0.0002253174806298788,0.0013750895742756354,-1.7251489066964506e-05,False,False
0.71,0.72,71,HOVER,-0.000912053063511848,-0.00035312175168655813,0.9999845329566597,0.02,0.0,1.0,-0.012146485116590163,0.030875953282370288,0.15891983729876102,0.02091503998399427,-0.0012620799243450165,-0.0004287324263714254,0.00042697475873865187,-0.0008323761867359281,0.01283075101673603,0.00247770338319242,-0.0011725518852472305,0.05909999459981918,0.019978104159235954,-0.0016265865415334702,-0.0011725518852472305,0.05909999459981918,0.019978104159235954,-0.0016265865415334702,0.10594996463744936,0.10678050378705946,0.10704374240589401,0.10564799354855432,0.10395485995337665,0.10854176251234722,0.11009905201050228,0.10214883225300718,0.5386548442613621,0.551235376009004,0.5554707079359658,0.5336559859480666,1578.0254616498974,1584.6289972265984,1586.7187986699516,1575.6207055171365,0.0006293427899464493,-0.0006342761924951331,0.0006358398298910104,-0.0006275490816784127,-8.79413913935423e-06,0.00044324995949864384,1.9978104159235955e-05,0.4247445067292333,-1.3693864789883319e-06,7.871041248570928e-05,3.3573456639138894e-06,0.42542220437895717,-7.424752660365897e-06,0.00036453954701293456,1.6620758495322066e-05,-0.0006776976497238629,1.0,1.0,1.0,1.0,0.10594996463744936,0.10678050378705946,0.10704374240589401,0.10564799354855432,0.10594996463744936,0.10678050378705946,0.10704374240589401,0.10564799354855432,0.0006293427899464493,-0.0006342761924951331,0.0006358398298910104,-0.0006275490816784127,-0.000899244234325436,-0.0003487521265458638,0.9999801296573902,-0.0013078473515292113,-0.0004491663585931621,0.0004531155492695819,-0.020899243652820587,-0.0003487521316856146,-1.9870341930072755e-05,-0.0013078473275527358,-0.0004491663712542504,0.000453115557320416,0.9999990463256836,-0.00010243801807519048,0.0002253174752695486,0.0013750896323472261,-0.0007066738326102495,-0.00033485275343991816,0.0021052721422165632,0.0027501306030899286,0.9999962449073792,0.9999989963841512,-0.00010637165014681258,0.0002692962514656651,0.0013868652751217166,-0.004382765435772879,False,False
0.72,0.73,72,HOVER,-0.00092430368065834,-0.00035728144575841725,0.9999885191718931,0.02,0.0,1.0,-0.012984216989299338,0.0574001230392709,0.16095724772049042,0.02092735688904142,-0.0011951610213145614,-0.0004072652955073863,0.00037786949542351067,-0.0016540742944926023,0.05593834072351456,0.0038843215443193913,-0.001168394461274147,0.05391388386487961,0.01917879842221737,-0.000897599384188652,-0.001168394461274147,0.05391388386487961,0.01917879842221737,-0.000897599384188652,0.10564796594141079,0.10707195755858936,0.10755656013154495,0.10508415880460639,0.10428715974415508,0.10839126854527356,0.1098817173813649,0.1025488546371122,0.5395717368930365,0.550825143371991,0.554880678858143,0.534765495490426,1575.6204855731683,1586.9427031303248,1590.785605043802,1571.1250888708512,0.0006275489176919801,-0.0006360074278980208,0.000638885967181377,-0.0006241999032993619,-8.762958459556102e-06,0.00040435412898659706,1.917879842221737e-05,0.4251090003079057,-2.800277354875029e-06,0.0001377569725392611,6.22755367597446e-06,0.4253606424361515,-5.962681104681073e-06,0.00026659715644733597,1.295124474624291e-05,-0.00025164212824579923,1.0,1.0,1.0,1.0,0.10564796594141079,0.10707195755858936,0.10755656013154495,0.10508415880460639,0.10564796594141079,0.10707195755858936,0.10755656013154495,0.10508415880460639,0.0006275489176919801,-0.0006360074278980208,0.000638885967181377,-0.0006241999032993619,-0.0009120527769647061,-0.00035312176497697664,0.9999845329565662,-0.0012620799577311975,-0.00042873243378221417,0.0004269747657052526,-0.02091205306351185,-0.00035312175168655813,-1.546704334032256e-05,-0.0012620799243450165,-0.0004287324263714254,0.00042697475873865187,0.9999989867210388,-0.00010637164814397693,0.00026929625892080367,0.0013868652749806643,-0.0008323761867359281,0.01283075101673603,0.00247770338319242,0.002773670945316553,0.9999961256980896,0.9999988815709567,-0.00011401212921589226,0.0005007508827484612,0.0014046731375343812,-0.004392172224727982,False,False
0.73,0.74,73,HOVER,-0.0009355279803276058,-0.000361215032171458,0.9999920927366475,0.02,0.0,1.0,-0.014534946425616296,0.11755726039566403,0.16414609643992373,0.02093864538692416,-0.0010609581368044019,-0.00038371531991288066,0.00034915091237053275,-0.003002469427883625,0.11780081689357758,0.006047157570719719,-0.001109020784497261,0.036852262914180756,0.016452079638838768,0.0016275309026241302,-0.001109020784497261,0.036852262914180756,0.016452079638838768,0.0016275309026241302,0.10560114154497957,0.10722439234136776,0.10785047387173313,0.1048668894273361,0.10538972911139911,0.10791368415991762,0.10918090880271139,0.10388724337728401,0.5426077176772186,0.5495221842380389,0.5529757794609237,0.5384681662624208,1575.2474145549465,1588.1520646864367,1593.1138554192185,1569.3908122615635,0.0006272707807771787,-0.0006369128905077244,0.0006406318147980948,-0.0006229093231983764,-8.317655883729457e-06,0.00027639197185635566,1.6452079638838768e-05,0.4263715654513121,-3.824371113216908e-06,0.0001628746599379614,8.080381869172613e-06,0.42554289718541655,-4.493284770512549e-06,0.00011351731191839426,8.371697769666156e-06,0.0008286682658955602,1.0,1.0,1.0,1.0,0.10560114154497957,0.10722439234136776,0.10785047387173313,0.1048668894273361,0.10560114154497957,0.10722439234136776,0.10785047387173313,0.1048668894273361,0.0006272707807771787,-0.0006369128905077244,0.0006406318147980948,-0.0006229093231983764,-0.0009243041208064701,-0.0003572814370757416,0.9999885191715981,-0.001195161056549435,-0.00040726529230261817,0.0003778694860982625,-0.02092430368065834,-0.00035728144575841725,-1.1480828106869012e-05,-0.0011951610213145614,-0.0004072652955073863,0.00037786949542351067,0.9999988675117493,-0.00011401213123463094,0.0005007509025745094,0.0014046730939298868,-0.0016540742944926023,0.05593834072351456,0.0038843215443193913,0.0028092304710298777,0.9999960660934448,0.9999984396053375,-0.00012831065685214656,0.001025697670471415,0.0014325737518382112,-0.00441281664093889,False,False
0.74,0.75,74,HOVER,-0.0009446866065263744,-0.0003648925048764795,0.9999958482794682,0.02,0.0,1.0,-0.017020087866484852,0.21527836032914266,0.1687661190612607,0.02094786530466777,-0.0007977485074661672,-0.00035648857010528445,0.0004083813983015716,-0.004714458715170622,0.18344959616661072,0.008637864142656326,-0.0009894166141748428,0.011799866333603859,0.012097934260964394,0.005578905344009399,-0.0009894166141748428,0.011799866333603859,0.012097934260964394,0.005578905344009399,0.10585840106775601,0.10723010378127501,0.1079082470115793,0.10505382364450472,0.10702266931443159,0.10725590150758756,0.10816930165633208,0.10589938019365353,0.5470867446342024,0.5477248218823464,0.5502197771844095,0.5440078529096987,1577.2965083852105,1588.1973672740958,1593.5712880766173,1570.8830136647307,0.0006287989023424707,-0.0006369468164607736,0.0006409749872487811,-0.000624019712448358,-7.420624606311321e-06,8.849899750202894e-05,1.2097934260964394e-05,0.42834725267200474,-4.470080891641817e-06,0.00014941468757938628,8.807360682120237e-06,0.42605057550511505,-2.950543714669504e-06,-6.091569007735734e-05,3.2905735788441572e-06,0.0022966771668896935,1.0,1.0,1.0,1.0,0.10585840106775601,0.10723010378127501,0.1079082470115793,0.10505382364450472,0.10585840106775601,0.10723010378127501,0.1079082470115793,0.10505382364450472,0.0006287989023424707,-0.0006369468164607736,0.0006409749872487811,-0.000624019712448358,-0.0009355277066724734,-0.0003612150257551894,0.999992092736357,-0.001060958085564444,-0.0003837153250159794,0.0003491509079634247,-0.020935527980327606,-0.000361215032171458,-7.907263352535665e-06,-0.0010609581368044019,-0.00038371531991288066,0.00034915091237053275,0.9999984502792358,-0.00012831065396312624,0.0010256976820528507,0.0014325737720355392,-0.003002469427883625,0.11780081689357758,0.006047157570719719,0.0028648858424276114,0.9999958872795105,0.9999971393688368,-0.00015129467232617282,0.0018784362252405467,0.001473038157385472,-0.004451870641099122,False,False
0.75,0.76,75,HOVER,-0.000950110629200935,-0.0003682656097225845,1.000001108757374,0.02,0.0,1.0,-0.02056683848226052,0.34560809435994694,0.1748991629871706,0.02095334713510959,-0.0003427489136811346,-0.0003236376796849072,0.0006292624748311937,-0.006630313117057085,0.23742008209228516,0.0113071259111166,-0.000769319012761116,-0.015748444944620132,0.0065409597009420395,0.010156974196434021,-0.000769319012761116,-0.015748444944620132,0.0065409597009420395,0.010156974196434021,0.1063917161957032,0.10711387654669696,0.10775404344380603,0.10561815057899249,0.1088103598099163,0.10658938312535601,0.10705836957260487,0.10817817459033989,0.5519671337905346,0.5459002656364518,0.5471844401190258,0.5502439831635432,1581.5396914744479,1587.2753236794915,1592.3501837951023,1575.3829388842735,0.000631966794202477,-0.00063625642668738,0.0006400590180562078,-0.0006273718144392153,-5.76989259570837e-06,-0.00011811333708465099,6.54095970094204e-06,0.43063628709821705,-4.71631173151613e-06,0.00010104647144486755,8.397571132089479e-06,0.42687778676519866,-1.0535808641922405e-06,-0.00021915980852951853,-1.8566114311474386e-06,0.0037585003330183886,1.0,1.0,1.0,1.0,0.1063917161957032,0.10711387654669696,0.10775404344380603,0.10561815057899249,0.1063917161957032,0.10711387654669696,0.10775404344380603,0.10561815057899249,0.000631966794202477,-0.00063625642668738,0.0006400590180562078,-0.0006273718144392153,-0.0009446872393826964,-0.00036489249783592116,0.9999958482793901,-0.000797748504755777,-0.00035648857295295176,0.00040838139680840876,-0.020944686606526375,-0.0003648925048764795,-4.151720531808678e-06,-0.0007977485074661672,-0.00035648857010528445,0.0004083813983015716,0.9999971389770508,-0.00015129467647057027,0.0018784361891448498,0.0014730381080880761,-0.004714458715170622,0.18344959616661072,0.008637864142656326,0.002945520216599107,0.9999956488609314,0.9999942701795692,-0.000184081752173621,0.0030157175330382943,0.001526816852307255,-0.004511059611097731,False,False
0.76,0.77,76,HOVER,-0.0009495685994625087,-0.0003712655452545732,1.0000098656055343,0.02,0.0,1.0,-0.025200321293329317,0.49593655420969573,0.18243211847038712,0.02095286042379062,0.00035337009467184544,-0.0002830602170433849,0.0010714352829381824,-0.008566944859921932,0.26703566312789917,0.013714314438402653,-0.00040127523243427277,-0.039931103587150574,0.0002945307642221451,0.014351053163409233,-0.00040127523243427277,-0.039931103587150574,0.0002945307642221451,0.014351053163409233,0.10710332137202598,0.1069252521396126,0.10744578729981141,0.10645651381724358,0.110334695626515,0.1060745297382051,0.10605675981620788,0.11026734140077671,0.5561100616553708,0.5444885671122144,0.5444398066865558,0.5559273550104515,1587.1915736614696,1585.7783154006393,1589.907627024506,1582.054805598598,0.0006361937289498344,-0.0006351359977092989,0.0006382279765608798,-0.0006323516920744269,-3.0095642432570456e-06,-0.0002994832769036293,2.945307642221451e-07,0.43273332658170466,-4.4643605105025574e-06,2.868012626421057e-05,6.934015726988395e-06,0.4279308746286936,1.4547962672455118e-06,-0.00032816340316783985,-6.63948496276625e-06,0.004802451953011044,1.0,1.0,1.0,1.0,0.10710332137202598,0.1069252521396126,0.10744578729981141,0.10645651381724358,0.10710332137202598,0.1069252521396126,0.10744578729981141,0.10645651381724358,0.0006361937289498344,-0.0006351359977092989,0.0006382279765608798,-0.0006323516920744269,-0.0009501107832681857,-0.0003682656079377455,1.0000011087574143,-0.00034274890699627564,-0.0003236376869581739,0.0006292624839111507,-0.020950110629200935,-0.0003682656097225845,1.1087573739132495e-06,-0.0003427489136811346,-0.0003236376796849072,0.0006292624748311937,0.9999942779541016,-0.00018408175674267113,0.00301571749150753,0.0015268168644979596,-0.006630313117057085,0.23742008209228516,0.0113071259111166,0.003052561543881893,0.9999953508377075,0.9999893418661475,-0.00022680197368909536,0.004327493950141872,0.0015929567117667265,-0.004584609412104502,False,False
0.77,0.78,77,HOVER,-0.0009404807537794109,-0.00037380270077846944,1.0000245329374593,0.02,0.0,1.0,-0.030821717883063322,0.6488008081196446,0.19107670800033413,0.02094383118064925,0.0013148192083463073,-0.00023273081751540303,0.0017636598786339164,-0.010292408056557178,0.2649781405925751,0.015554750338196754,0.0001292061060667038,-0.05582454055547714,-0.0061030518263578415,0.017220430076122284,0.0001292061060667038,-0.05582454055547714,-0.0061030518263578415,0.017220430076122284,0.10784956075798909,0.1067267304578279,0.10706159389688542,0.10741338399915779,0.11123886078543842,0.10583144222509876,0.1053314218323836,0.11176629019514044,0.5585596119984473,0.5438213271127178,0.5424474046959313,0.5599858674364626,1593.1066250441197,1584.2019134176778,1586.860463175902,1589.6507501822045,0.0006406263909024552,-0.0006339567789194978,0.0006359458677474995,-0.0006380355009549972,9.690457955002784e-07,-0.00041868405416607853,-6.103051826357841e-06,0.4341680150380612,-3.581932420602431e-06,-5.2135204328038025e-05,4.579978775459659e-06,0.4290512691118602,4.550978216102709e-06,-0.0003665488498380405,-1.06830306018175e-05,0.005116745926200983,1.0,1.0,1.0,1.0,0.10784956075798909,0.1067267304578279,0.10706159389688542,0.10741338399915779,0.10784956075798909,0.1067267304578279,0.10706159389688542,0.10741338399915779,0.0006406263909024552,-0.0006339567789194978,0.0006359458677474995,-0.0006380355009549972,-0.0009495684418869862,-0.00037126553888941797,1.0000098656055803,0.0003533701084323847,-0.00028306020993540214,0.0010714352532711802,-0.02094956859946251,-0.0003712655452545732,9.86560553428717e-06,0.00035337009467184544,-0.0002830602170433849,0.0010714352829381824,0.9999893307685852,-0.0002268019743496552,0.004327493719756603,0.0015929567161947489,-0.008566944859921932,0.26703566312789917,0.013714314438402653,0.003184035886079073,0.9999949336051941,0.9999825428421283,-0.0002784063980418953,0.00566136848122409,0.0016689541001773253,-0.004660917063868437,False,False
0.78,0.79,78,HOVER,-0.0009202114492654796,-0.00037576918839477,1.0000475723390991,0.02,0.0,1.0,-0.03718287878044665,0.78560580237185,0.20040217643214686,0.020923640044035664,0.0025341773871332407,-0.00017098491662181914,0.002693739254027605,-0.011525851674377918,0.23063446581363678,0.016582753509283066,0.000785117968916893,-0.06042297184467316,-0.012109288945794106,0.018074043095111847,0.000785117968916893,-0.06042297184467316,-0.012109288945794106,0.018074043095111847,0.10847299936466323,0.10657895735013517,0.1066826811193192,0.10831319846498433,0.11130186032700096,0.10591227531218579,0.10497625003046439,0.11240443587790484,0.558730075081078,0.5440432528307144,0.5414703032291412,0.5617089418605046,1598.0390686895198,1583.0279267275587,1583.852012926933,1596.7755707808656,0.0006443296162260996,-0.000633079006659803,0.000633695125848756,-0.0006433803988820069,5.888384766876697e-06,-0.00045317228883504866,-1.2109288945794106e-05,0.43459482154755597,-1.982606948646489e-06,-0.0001246107961796303,1.5653365330457096e-06,0.4300478362991019,7.870991715523186e-06,-0.00032856149265541836,-1.3674625478839815e-05,0.0045469852484540385,1.0,1.0,1.0,1.0,0.10847299936466323,0.10657895735013517,0.1066826811193192,0.10831319846498433,0.10847299936466323,0.10657895735013517,0.1066826811193192,0.10831319846498433,0.0006443296162260996,-0.000633079006659803,0.000633695125848756,-0.0006433803988820069,-0.0009404801929954932,-0.0003738027064617276,1.0000245329368302,0.001314819265678675,-0.00023273082058123133,0.0017636598588778535,-0.02094048075377941,-0.00037380270077846944,2.453293745929841e-05,0.0013148192083463073,-0.00023273081751540303,0.0017636598786339164,0.9999825358390808,-0.00027840639813803136,0.005661368370056152,0.0016689541516825557,-0.010292408056557178,0.2649781405925751,0.015554750338196754,0.0033349113073199987,0.9999944567680359,0.9999749140390468,-0.0003364631399403983,0.006855071796610074,0.0017510213647546364,-0.004726511556892077,False,False
0.79,0.8,79,HOVER,-0.0008863932639360424,-0.00037704425631091,1.000081061720266,0.02,0.0,1.0,-0.043873648116315764,0.8904653696304551,0.2098776729342809,0.020889953493234553,0.00397238926962018,-9.683857933850959e-05,0.0038058850914239883,-0.011969289742410183,0.170021191239357,0.016631022095680237,0.001486634835600853,-0.0531231164932251,-0.017172355204820633,0.016543444246053696,0.001486634835600853,-0.0531231164932251,-0.017172355204820633,0.016543444246053696,0.10883476542668774,0.10652546821787418,0.10637637601224083,0.10899255309722136,0.11047310254558314,0.10628397556773239,0.10499617407108008,0.1120762699386313,0.5564854062206578,0.5450631006880052,0.5415251417805328,0.5608232026217462,1600.8974326314717,1582.6028621745454,1581.417729763445,1602.143264389294,0.0006464785066345252,-0.0006327612812141726,0.0006318756735127105,-0.0006474157653974949,1.1149761267006397e-05,-0.0003984233736991882,-1.7172355204820632e-05,0.4338295221230269,3.07428161548922e-07,-0.0001741401436570907,-1.822866464431844e-06,0.43072916275402406,1.0842333105457475e-05,-0.0002242832300420975,-1.534948874038879e-05,0.0031003593690028253,1.0,1.0,1.0,1.0,0.10883476542668774,0.10652546821787418,0.10637637601224083,0.10899255309722136,0.10883476542668774,0.10652546821787418,0.10637637601224083,0.10899255309722136,0.0006464785066345252,-0.0006327612812141726,0.0006318756735127105,-0.0006474157653974949,-0.000920210978550026,-0.00037576919136405126,1.0000475723390243,0.002534177275579055,-0.00017098491618162536,0.0026937392317166547,-0.02092021144926548,-0.00037576918839477,4.757233909913339e-05,0.0025341773871332407,-0.00017098491662181914,0.002693739254027605,0.9999749064445496,-0.00033646312658675015,0.006855071987956762,0.001751021365635097,-0.011525851674377918,0.23063446581363678,0.016582753509283066,0.0034976706374436617,0.9999938607215881,0.9999680517301296,-0.00039708984616937854,0.007769983488845245,0.001834446861016065,-0.0047699533110077364,False,False
0.8,0.81,80,HOVER,-0.000837234333157539,-0.00037752307252958417,1.0001232723298017,0.02,0.0,1.0,-0.03931435717631229,0.9644253876277394,0.21754275371180143,0.020841018554583802,0.005562386475503445,-1.575627720740158e-05,0.004503828939050436,0.014335677959024906,0.12007477879524231,0.01242952048778534,0.0021227430552244186,-0.035758279263973236,-0.02077510394155979,0.012651924043893814,0.0021227430552244186,-0.035758279263973236,-0.02077510394155979,0.012651924043893814,0.10666617254669034,0.10658180153870234,0.10618333844089699,0.10932934595608182,0.10888037823145416,0.10683634971893029,0.1053127566564924,0.11085427741507013,0.5521578028558712,0.5465767154565642,0.5423960801122438,0.5575184093868422,1600.962725025792,1583.0505269997075,1579.8825428487607,1604.8006938149344,0.0006335970649273406,-0.0006330959011398918,0.0006307290303389281,-0.000649416314979126,1.592057291418314e-05,-0.0002681870944797993,-2.0775103941559793e-05,0.43188376202194695,8.006883306612778e-05,-0.0001142100326867756,-1.8186120852749146e-05,0.42876065848237144,-6.414826015194465e-05,-0.00015397706179302368,-2.5889830888106476e-06,0.0031231035395755113,0.98,1.0,1.0,1.0,0.1088430332109085,0.10658180153870234,0.10618333844089699,0.10932934595608182,0.10666617254669034,0.10658180153870234,0.10618333844089699,0.10932934595608182,0.0006465276172727965,-0.0006330959011398918,0.0006307290303389281,-0.000649416314979126,-0.0008863924718597887,-0.00037704425233890546,1.0000810617168503,0.0039723891579256584,-9.683857617128893e-05,0.003805885006388831,-0.020886393263936043,-0.00037704425631091,8.106172026600689e-05,0.00397238926962018,-9.683857933850959e-05,0.0038058850914239883,0.9999680519104004,-0.00039708983968012035,0.007769983261823654,0.001834446913562715,-0.011969289742410183,0.170021191239357,0.016631022095680237,0.0036630481481552124,0.9999932646751404,0.9999627177401204,-0.0003590469668180542,0.008415432893999927,0.0019012375639737478,-0.0047985606125031085,False,False
0.81,0.8200000000000001,81,HOVER,-0.0007714848220348354,-0.00037728616734966636,1.000172434025444,0.02,0.0,1.0,-0.016387224050834332,1.0116597334106796,0.2219552778303824,0.020775626586392714,0.007261323276907206,4.517032721196301e-05,0.005183462519198656,0.04605792090296745,0.07311423122882843,0.006538477260619402,-0.006708355620503426,-0.022412842139601707,-0.01693369634449482,0.008024007081985474,-0.006708355620503426,-0.022412842139601707,-0.01693369634449482,0.008024007081985474,0.10655615711737403,0.10670686684550817,0.10599314115669399,0.1092583789044151,0.10822415276944712,0.10727228438718572,0.1051353536858561,0.10893801269850384,0.5503694054901839,0.5477696267883302,0.5419081302191097,0.5523147219520075,1600.0760557303056,1584.044134561526,1578.3691322119598,1604.2409343525028,0.0006329435732772017,-0.0006338387890623186,0.0006295992584707623,-0.0006489947706922257,-5.031266715377569e-05,-0.0001680963160470128,-1.693369634449482e-05,0.4295698035409928,7.030327955281175e-05,-0.00011011413813249689,-2.0290728006580323e-05,0.42851454402399125,-0.00012061594670658744,-5.79821779145159e-05,3.357031662085502e-06,0.0010552595170015278,0.98,1.0,1.0,1.0,0.10873077256874901,0.10670686684550817,0.10599314115669399,0.1092583789044151,0.10655615711737403,0.10670686684550817,0.10599314115669399,0.1092583789044151,0.0006458607890583692,-0.0006338387890623186,0.0006295992584707623,-0.0006489947706922257,-0.0008372349224405401,-0.00037752307757418286,1.0001232723237343,0.005562386398097242,-1.5756276440328358e-05,0.004503829041205139,-0.02083723433315754,-0.00037752307252958417,0.00012327232980169356,0.005562386475503445,-1.575627720740158e-05,0.004503828939050436,0.9999627470970154,-0.0003590469714254141,0.008415432646870613,0.0019012375269085169,0.014335677959024906,0.12007477879524231,0.01242952048778534,0.0037968282122164965,0.9999927878379822,0.9999591415267841,-0.00016009937034570915,0.008827987959348966,0.0019381108839392367,-0.00480681647662705,False,False
0.8200000000000001,0.8300000000000001,82,HOVER,-0.0006883400678634639,-0.0003767204761970788,1.000227731987252,0.02,0.0,1.0,0.021851820029066927,1.033891147765785,0.22280547016975938,0.020693022856479157,0.00902192760258913,5.568398046307266e-05,0.005739167798310518,0.07137439399957657,0.03066072054207325,0.00021455687237903476,-0.017811479046940804,-0.010008459910750389,-0.009800060652196407,0.0023926440626382828,-0.017811479046940804,-0.010008459910750389,-0.009800060652196407,0.0023926440626382828,0.10638199923066739,0.10685318874280007,0.10577668595384208,0.10879096569498492,0.10775145925340836,0.10751481252242646,0.10480068083193167,0.10668716942355272,0.5490792123370999,0.5484326715936725,0.5409869349362935,0.5461681610956657,1598.671882520675,1585.2061815632435,1576.6458016935414,1600.5515129392752,0.0006319090754301643,-0.0006347079411322325,0.0006283135145658219,-0.0006462183362282105,-0.00013358609285205603,-7.506344933062792e-05,-9.800060652196408e-06,0.4267541220313192,4.710925324233643e-05,-8.991095504665364e-05,-2.0703687364456648e-05,0.4278028396222945,-0.00018069534609439246,1.4847505716025726e-05,1.090362671226024e-05,-0.001048717590975301,0.98,1.0,1.0,1.0,0.10855306043945652,0.10685318874280007,0.10577668595384208,0.10879096569498492,0.10638199923066739,0.10685318874280007,0.10577668595384208,0.10879096569498492,0.0006448051790103718,-0.0006347079411322325,0.0006283135145658219,-0.0006462183362282105,-0.0007714855798722627,-0.0003772861595770363,1.0001724340234037,0.00726132320480658,4.517032804048098e-05,0.005183462692239468,-0.020771484822034836,-0.00037728616734966636,0.00017243402544409037,0.007261323276907206,4.517032721196301e-05,0.005183462519198656,0.9999591708183289,-0.00016009937098715454,0.008827988058328629,0.0019381109159439802,0.04605792090296745,0.07311423122882843,0.006538477260619402,0.0038738404400646687,0.9999924898147583,0.9999573934052097,0.00017314257209157777,0.009022633752975963,0.0019425437107345458,-0.004792160003366429,False,False
0.8300000000000001,0.84,83,HOVER,-0.0005874387174844738,-0.00037647434510290623,1.0002873536432162,0.02,0.0,1.0,0.06949933436531709,1.0364715641223563,0.2200586258692407,0.02059288561603179,0.010802704840898514,-6.8958424890297465e-06,0.006078365258872509,0.08552747964859009,-0.0013520546490326524,-0.006027986295521259,-0.027081580832600594,0.0011670157546177506,-0.0013730879873037338,-0.003063829615712166,-0.027081580832600594,0.0011670157546177506,-0.0013730879873037338,-0.003063829615712166,0.10616319110739045,0.10698164103724392,0.10555843291208342,0.10802147033719102,0.10732302193192951,0.10756238362899101,0.10457434086723139,0.1045661387639921,0.5479083741271575,0.5485626739017161,0.5403634284815985,0.5403408262631442,1596.9067555456093,1586.225924899455,1574.9070926184631,1594.4675520369055,0.0006306093551778992,-0.0006354709477612288,0.0006270170914977755,-0.0006416475338029147,-0.00020311185624450443,8.75261815963313e-06,-1.373087987303734e-06,0.42402588519214396,1.538193890454967e-05,-5.814439089470939e-05,-1.949203488846882e-05,0.4267247353939088,-0.0002184937951490541,6.689700905434251e-05,1.8118946901165084e-05,-0.0026988502017648575,0.98,1.0,1.0,1.0,0.10832978684427597,0.10698164103724392,0.10555843291208342,0.10802147033719102,0.10616319110739045,0.10698164103724392,0.10555843291208342,0.10802147033719102,0.0006434789338549993,-0.0006354709477612288,0.0006270170914977755,-0.0006416475338029147,-0.0006883403029693968,-0.00037672048831822135,1.0002277319838602,0.00902192798870221,5.5683980733438134e-05,0.005739167737262412,-0.020688340067863464,-0.0003767204761970788,0.00022773198725190014,0.00902192760258913,5.568398046307266e-05,0.005739167798310518,0.9999573826789856,0.00017314257274847478,0.009022633545100689,0.0019425436621531844,0.07137439399957657,0.03066072054207325,0.00021455687237903476,0.0038886794354766607,0.9999924302101135,0.9999570777660535,0.0005891007522930415,0.00904594361078771,0.0019148081024707659,-0.004756268576838971,False,False
0.84,0.85,84,HOVER,-0.00046876773238182026,-0.00037735450314357877,1.000348750007106,0.02,0.0,1.0,0.11897514791268086,1.0271356236551883,0.21396238369462806,0.0204752161275698,0.012573903426527977,-0.00015344764688052237,0.0061424109153449535,0.0860622450709343,-0.01925710216164589,-0.011713817715644836,-0.03282638639211655,0.008973924443125725,0.007566938176751137,-0.007285751402378082,-0.03282638639211655,0.008973924443125725,0.007566938176751137,-0.007285751402378082,0.10593769029808077,0.10705328900485896,0.10537219039266572,0.10709558958041776,0.10706218485431543,0.10737707474864415,0.10453222495306576,0.10294343974278569,0.5471948802522496,0.5480561661365961,0.540247365632016,0.5358586350748137,1595.08652176561,1586.7945587137422,1573.422546014556,1587.1302242239306,0.0006292698803705997,-0.0006358965366888622,0.0006259108109324344,-0.0006361478021076815,-0.0002461978979408741,6.730443332344293e-05,7.566938176751137e-06,0.421914924298811,-1.8497712307067628e-05,-2.148878600483073e-05,-1.6863647493509646e-05,0.42545875927602317,-0.00022770018563380645,8.879321932827366e-05,2.4430585670260785e-05,-0.003543834977212168,0.98,1.0,1.0,1.0,0.10809968397763343,0.10705328900485896,0.10537219039266572,0.10709558958041776,0.10593769029808077,0.10705328900485896,0.10537219039266572,0.10709558958041776,0.0006421121228271426,-0.0006358965366888622,0.0006259108109324344,-0.0006361478021076815,-0.0005874386931647168,-0.00037647435358780553,1.0002873536418437,0.010802704637603772,-6.895842562229619e-06,0.006078365357675718,-0.020587438717484474,-0.00037647434510290623,0.0002873536432161927,0.010802704840898514,-6.8958424890297465e-06,0.006078365258872509,0.9999570846557617,0.0005891007604077458,0.00904594361782074,0.0019148080609738827,0.08552747964859009,-0.0013520546490326524,-0.006027986295521259,0.003840738208964467,0.9999926090240479,0.9999575638680549,0.0010214742166209478,0.008965247731013141,0.0018577907877985501,-0.004703212477801332,False,False
0.85,0.86,85,HOVER,-0.00033252641558647114,-0.0003801957645919174,1.000409056287026,0.02,0.0,1.0,0.1625335510465819,1.0143921657691908,0.20502087105380218,0.02034019435270693,0.014320756308734417,-0.00038137141382321715,0.005918886046856642,0.07322253286838531,-0.02229517698287964,-0.01644746959209442,-0.034090541303157806,0.01203126274049282,0.016190337017178535,-0.009510662406682968,-0.034090541303157806,0.01203126274049282,0.016190337017178535,-0.009510662406682968,0.10575134116728528,0.10703732089034315,0.10525245280840735,0.10617983727814809,0.10705190981848074,0.10696520719579562,0.10471214756109253,0.10207320422128971,0.5471667634031688,0.5469294765170353,0.5407430974813687,0.5334460739307811,1593.5814599039627,1586.6678375860658,1572.4676987786818,1579.854691187011,0.0006281629665336745,-0.0006358016860886383,0.0006251995696819396,-0.0006307082334321997,-0.00025567905977368354,9.023447055369615e-05,1.6190337017178537e-05,0.42080246879665856,-4.795453103728555e-05,1.2678135181027304e-05,-1.3147383305223853e-05,0.42422095214418387,-0.00020772452873639799,7.755633537266885e-05,2.933772032240239e-05,-0.003418483347525314,0.98,1.0,1.0,1.0,0.10790953180335233,0.10703732089034315,0.10525245280840735,0.10617983727814809,0.10575134116728528,0.10703732089034315,0.10525245280840735,0.10617983727814809,0.0006409826189119128,-0.0006358016860886383,0.0006251995696819396,-0.0006307082334321997,-0.0004687686501686948,-0.0003773544900128313,1.0003487500195898,0.01257390331076068,-0.00015344764928631527,0.006142410790783932,-0.02046876773238182,-0.00037735450314357877,0.00034875000710599124,0.012573903426527977,-0.00015344764688052237,0.0061424109153449535,0.9999575614929199,0.0010214742505922914,0.008965247310698032,0.0018577907467260957,0.0860622450709343,-0.01925710216164589,-0.011713817715644836,0.0037343394942581654,0.9999930262565613,0.9999582353256736,0.0014024767642765845,0.008854640214473148,0.0017765162433350979,-0.004638930170547544,False,False
0.86,0.87,86,HOVER,-0.00017896622419357258,-0.00038573064375668764,1.0004655726079363,0.02,0.0,1.0,0.19375308899966184,1.005825559146668,0.19393262677939657,0.02018802179164513,0.016043514013290405,-0.0006756398943252861,0.0054432088509202,0.04980677366256714,-0.012646839953958988,-0.019946860149502754,-0.030806580558419228,0.009942146018147469,0.02366594411432743,-0.00943693146109581,-0.030806580558419228,0.009942146018147469,0.02366594411432743,-0.00943693146109581,0.10564519151375418,0.10691714316437943,0.1052246969581877,0.10542808056933561,0.10731238933401788,0.1063748404394874,0.10509936063861454,0.10205274385733235,0.547879299735103,0.5453122486022306,0.5418091006724458,0.533389276302892,1592.7237861530007,1585.713941411741,1572.246313409603,1573.8681311212702,0.0006275324375916998,-0.0006350878303964138,0.0006250346999316349,-0.0006262427985818536,-0.0002310493541881442,7.456609513610601e-05,2.3665944114327432e-05,0.42083933426945214,-6.751239305982648e-05,3.7779223035721773e-05,-8.763491454932696e-06,0.42321511220565694,-0.0001635369611283177,3.678687210038424e-05,3.242943556926013e-05,-0.0023757779362048037,0.98,1.0,1.0,1.0,0.10780121583036141,0.10691714316437943,0.1052246969581877,0.10542808056933561,0.10564519151375418,0.10691714316437943,0.1052246969581877,0.10542808056933561,0.0006403392220323468,-0.0006350878303964138,0.0006250346999316349,-0.0006262427985818536,-0.00033252702462122476,-0.00038019577329313287,1.0004090562863253,0.014320756666437645,-0.0003813714282543711,0.00591888613939825,-0.02033252641558647,-0.0003801957645919174,0.0004090562870260328,0.014320756308734417,-0.00038137141382321715,0.005918886046856642,0.9999582171440125,0.0014024768024682999,0.008854640647768974,0.001776516204699874,0.07322253286838531,-0.02229517698287964,-0.01644746959209442,0.0035782817285507917,0.999993622303009,0.9999586418587929,0.0016758917300712256,0.008780207623683912,0.0016774721793149816,-0.004570032033556926,False,False
0.87,0.88,87,HOVER,-8.264109492301525e-06,-0.00039448338793590665,1.0005161971203052,0.02,0.0,1.0,0.20871501278166882,1.006653152793841,0.18149977254009494,0.020018808887782673,0.01775452308356762,-0.0010121336672455072,0.004789790138602257,0.020529210567474365,0.005121220834553242,-0.022066611796617508,-0.023777300491929054,0.003320628311485052,0.029239239171147346,-0.007251489907503128,-0.023777300491929054,0.003320628311485052,0.029239239171147346,-0.007251489907503128,0.10564471097073419,0.10669429783540178,0.10529790177394568,0.10495300355376992,0.10779851074637072,0.10568950452515406,0.10562873219520026,0.10281530757952347,0.5492077115025283,0.5434315175341116,0.5432645681526164,0.5355038036720942,1592.7199028589628,1583.9442930358734,1572.8301697324011,1570.0783167633517,0.0006275295831661611,-0.0006337641291422866,0.0006254695365372374,-0.0006234208411093934,-0.0001783297536894679,2.490471233613789e-05,2.9239239171147347e-05,0.4219320550462485,-7.382489847955172e-05,4.93020201746369e-05,-4.185850548281411e-06,0.4225899141338516,-0.00010450485520991618,-2.439730783849901e-05,3.342508971942876e-05,-0.0006578590876031298,0.98,1.0,1.0,1.0,0.10780072548034102,0.10669429783540178,0.10529790177394568,0.10495300355376992,0.10564471097073419,0.10669429783540178,0.10529790177394568,0.10495300355376992,0.0006403363093532257,-0.0006337641291422866,0.0006254695365372374,-0.0006234208411093934,-0.00017896701927188033,-0.00038573065753671077,1.0004655725995246,0.016043514241509127,-0.0006756398928168815,0.005443208941902829,-0.020178966224193573,-0.00038573064375668764,0.0004655726079363376,0.016043514013290405,-0.0006756398943252861,0.0054432088509202,0.9999586343765259,0.0016758916899561882,0.008780207484960556,0.0016774721443653107,0.04980677366256714,-0.012646839953958988,-0.019946860149502754,0.00338475639000535,0.9999942779541016,0.9999585271145334,0.0018073948340277134,0.008787452173609312,0.0015678198696000216,-0.004502042249069326,False,False
0.88,0.89,88,HOVER,0.00017957992851734203,-0.0004067069967277348,1.000559722771868,0.02,0.0,1.0,0.20665232376464757,1.018808735096738,0.1685269662242039,0.019832492328816557,0.019473174586892128,-0.0013624386629089713,0.0040557109750807285,-0.008968094363808632,0.025055184960365295,-0.022808833047747612,-0.014495635405182838,-0.006362809333950281,0.03233863413333893,-0.0035414919257164,-0.014495635405182838,-0.006362809333950281,0.03233863413333893,-0.0035414919257164,0.10575358351659768,0.10638967273101527,0.10546154711897157,0.1048081049599654,0.10841401382190605,0.1050170222553384,0.10620162044694592,0.1041543975129515,0.5508871555952741,0.5415825205894108,0.5448372314869453,0.5392055206497405,1593.599575027936,1581.5234452656075,1574.1349098042551,1568.921400801751,0.0006281762860885902,-0.0006319546560222307,0.0006264415898866912,-0.0006225601434621945,-0.00010871726553887128,-4.772107000462711e-05,3.2338634133338926e-05,0.42378705403714184,-6.624127538353919e-05,4.5591381707397235e-05,1.030764908562876e-07,0.4224129083265499,-4.247599015533209e-05,-9.331245171202434e-05,3.223555764248264e-05,0.0013741457105919674,0.98,1.0,1.0,1.0,0.1079118199148956,0.10638967273101527,0.10546154711897157,0.1048081049599654,0.10575358351659768,0.10638967273101527,0.10546154711897157,0.1048081049599654,0.0006409962102944799,-0.0006319546560222307,0.0006264415898866912,-0.0006225601434621945,-8.263424929865538e-06,-0.0003944833742217035,1.00051619713304,0.017754523856810325,-0.0010121336315849687,0.00478979029869526,-0.020008264109492302,-0.00039448338793590665,0.0005161971203051507,0.01775452308356762,-0.0010121336672455072,0.004789790138602257,0.9999585151672363,0.0018073947867378592,0.00878745224326849,0.0015678198542445898,0.020529210567474365,0.005121220834553242,-0.022066611796617508,0.003167763352394104,0.9999949932098389,0.9999577934025236,0.0017902322430230965,0.008893293897546747,0.0014545809444995212,-0.004437665772872233,False,False
0.89,0.9,89,HOVER,0.0003847968578338627,-0.00042236552690155804,1.0005989355850033,0.02,0.0,1.0,0.17902965542306873,1.0297459768901236,0.15705574041345582,0.019628889698139897,0.021223759278655052,-0.0016959200147539377,0.0038393372669816017,-0.05874813720583916,0.015536215156316757,-0.01914655975997448,-0.004836881533265114,-0.01708623580634594,0.03268216550350189,0.0008667837828397751,-0.004836881533265114,-0.01708623580634594,0.03268216550350189,0.0008667837828397751,0.1081153401297876,0.10604140594366872,0.10568764586354912,0.10498261759918621,0.10903597000912726,0.10447265961639352,0.10671064996886401,0.10577191229703517,0.5525813708467577,0.5400831917479347,0.5462324775852394,0.5436578565148084,1595.2104061413056,1578.75325433862,1575.9365947334302,1570.3147056762457,0.0006422051203709383,-0.0006298859513053922,0.0006277846164294817,-0.0006235967485391661,-3.627661149948835e-05,-0.00012814676854759453,3.268216550350189e-05,0.42599119189141993,-0.00012326459270204032,-4.8397668863683126e-05,1.6507036955861788e-05,0.4248270095361917,8.698798120255197e-05,-7.97490996839114e-05,1.6175128547640103e-05,0.0011641823552282493,1.0,1.0,1.0,1.0,0.1081153401297876,0.10604140594366872,0.10568764586354912,0.10498261759918621,0.1081153401297876,0.10604140594366872,0.10568764586354912,0.10498261759918621,0.0006422051203709383,-0.0006298859513053922,0.0006277846164294817,-0.0006235967485391661,0.00017957931718059738,-0.00040670700653278773,1.0005597227796281,0.01947317394032371,-0.001362438654191233,0.004055711162879327,-0.01982042007148266,-0.0004067069967277348,0.0005597227718681097,0.019473174586892128,-0.0013624386629089713,0.0040557109750807285,0.999957799911499,0.0017902322579175234,0.008893294259905815,0.001454580924473703,-0.008968094363808632,0.025055184960365295,-0.022808833047747612,0.002941346261650324,0.9999956488609314,0.9999574837813314,0.0015499471859239536,0.008988229742440403,0.0013564731941459014,-0.004364555124299341,False,False
0.9,0.91,90,HOVER,0.0006076101958751683,-0.000440999458078295,1.0006364870350808,0.02,0.0,1.0,0.12437283049590107,1.028451385177904,0.1484968998507225,0.019407843223371732,0.022986557334661484,-0.001963137648999691,0.0037134287413209677,-0.10336678475141525,-0.007058354560285807,-0.013853644952178001,0.01254868321120739,-0.01660074107348919,0.02468320168554783,0.0038388222455978394,0.01254868321120739,-0.01660074107348919,0.02468320168554783,0.0038388222455978394,0.10811673821504587,0.1057222915353854,0.10605037148833368,0.10541533259385982,0.1081230529507603,0.10428455099723058,0.10769326319023075,0.10737634398457736,0.550093598068463,0.5395645421813707,0.5489202541315723,0.5480541682171397,1595.2214686875361,1576.2125697073902,1578.8246021606033,1573.7665039488043,0.0006422134249973725,-0.0006279904117201892,0.0006299392066407021,-0.0006261670756075274,9.411512408405542e-05,-0.0001245055580511689,2.468320168554783e-05,0.42747721112279896,-8.390892900054592e-05,-6.22038622452724e-05,1.7995144310357968e-05,0.4253047338326248,0.00017802405308460135,-6.23016958058965e-05,6.688057375189863e-06,0.0021724772901741685,1.0,1.0,1.0,1.0,0.10811673821504587,0.1057222915353854,0.10605037148833368,0.10541533259385982,0.10811673821504587,0.1057222915353854,0.10605037148833368,0.10541533259385982,0.0006422134249973725,-0.0006279904117201892,0.0006299392066407021,-0.0006261670756075274,0.0003847974392912723,-0.00042236553221359515,1.0005989356086937,0.021223759368495854,-0.0016959199586667924,0.0038393373824098325,-0.019615203142166138,-0.00042236552690155804,0.0005989355850033462,0.021223759278655052,-0.0016959200147539377,0.0038393372669816017,0.9999575018882751,0.0015499471919611096,0.008988229557871819,0.0013564731925725937,-0.05874813720583916,0.015536215156316757,-0.01914655975997448,0.0027411363553255796,0.9999962449073792,0.9999583096060712,0.0010736825865727013,0.008976204049766373,0.0012860856616382162,-0.004275747269565148,False,False
0.91,0.92,91,HOVER,0.0008480087667703633,-0.0004616930091287941,1.000673495058436,0.02,0.0,1.0,0.05278242552997681,1.0122476537281602,0.14303692875289511,0.019169390293541443,0.02473902702331543,-0.0021240825299173594,0.0037092166021466255,-0.1289532631635666,-0.03368949145078659,-0.00840932596474886,0.028873329982161522,-0.0111635010689497,0.012940244749188423,0.005678998306393623,0.028873329982161522,-0.0111635010689497,0.012940244749188423,0.005678998306393623,0.10786037938182719,0.10548794207968128,0.10650817536501625,0.10600456284415116,0.10670473336782897,0.10443140772529784,0.10858316239977858,0.10867799566029147,0.5462162715848773,0.5399694768627812,0.5513481990421797,0.5516065913276443,1593.1922897842664,1574.345299459711,1582.4654267183373,1578.460038027739,0.0006406906535280535,-0.0006265983759533068,0.0006326585616681966,-0.0006296671032942579,0.0002165499748662114,-8.372625801712274e-05,1.2940244749188423e-05,0.42839729915319685,-2.95420458865177e-05,-6.60723001421836e-05,1.7083735948685333e-05,0.4258610596706759,0.0002460920207527291,-1.7653957874939145e-05,-4.14349119949691e-06,0.0025362394825209633,1.0,1.0,1.0,1.0,0.10786037938182719,0.10548794207968128,0.10650817536501625,0.10600456284415116,0.10786037938182719,0.10548794207968128,0.10650817536501625,0.10600456284415116,0.0006406906535280535,-0.0006265983759533068,0.0006326585616681966,-0.0006296671032942579,0.0006076102854886069,-0.00044099945030013266,1.000636487043402,0.022986557068205255,-0.0019631375326441282,0.0037134286636209715,-0.019392389804124832,-0.000440999458078295,0.0006364870350807905,0.022986557334661484,-0.001963137648999691,0.0037134287413209677,0.999958336353302,0.0010736825643107295,0.008976204320788383,0.001286085695028305,-0.10336678475141525,-0.007058354560285807,-0.013853644952178001,0.00259175687097013,0.9999966621398926,0.9999601046434051,0.0004495690570388797,0.00883397916380971,0.0012441146838736308,-0.004169506931755949,False,False
0.92,0.93,92,HOVER,0.0011057336628437046,-0.0004832420963793993,1.0007111831801012,0.02,0.0,1.0,-0.022731230746964887,0.980735614158269,0.14047391971606749,0.018913820472309915,0.026454880833625793,-0.0021581172477453947,0.0038231101352721453,-0.13114283978939056,-0.06019454449415207,-0.0035232563968747854,0.039088115096092224,-0.004339034203439951,0.0001942422240972519,0.005952851846814156,0.039088115096092224,-0.004339034203439951,0.0001942422240972519,0.005952851846814156,0.1073947043458258,0.10536718573174025,0.10695582768185055,0.10662282573862253,0.10529886568002413,0.10482228683449012,0.10898459763724318,0.10942847577164973,0.5423578816221971,0.5410464325911345,0.5524415392086187,0.5536491077970677,1589.5026570283494,1573.3826428497837,1586.0210297012563,1583.3764904432733,0.0006379245438142053,-0.0006258810832465371,0.0006353176164301923,-0.0006333395848874178,0.0002931608632206917,-3.254275652579963e-05,1.942422240972519e-07,0.4285342259234071,2.8876667988477194e-05,-5.99096368981678e-05,1.4021492110442694e-05,0.4263405434980391,0.0002642841952322145,2.7366880372368175e-05,-1.3827249886345441e-05,0.002193682425367993,1.0,1.0,1.0,1.0,0.1073947043458258,0.10536718573174025,0.10695582768185055,0.10662282573862253,0.1073947043458258,0.10536718573174025,0.10695582768185055,0.10662282573862253,0.0006379245438142053,-0.0006258810832465371,0.0006353176164301923,-0.0006333395848874178,0.0008480091785814292,-0.0004616930039781343,1.0006734950367615,0.024739026120992318,-0.002124082619915816,0.00370921663491282,-0.019151991233229637,-0.0004616930091287941,0.0006734950584359467,0.02473902702331543,-0.0021240825299173594,0.0037092166021466255,0.9999601244926453,0.0004495690518524498,0.00883397925645113,0.001244114711880684,-0.1289532631635666,-0.03368949145078659,-0.00840932596474886,0.0024964625481516123,0.9999969005584717,0.9999626028794651,-0.00020885148104884962,0.008558178639163425,0.0012275186206936871,-0.0040454597390333575,False,False
0.93,0.9400000000000001,93,HOVER,0.0013802633434534077,-0.0005043727578595281,1.0007505391258746,0.02,0.0,1.0,-0.08879345007450185,0.9357682465203918,0.14024313688905063,0.018641681630622395,0.028108151629567146,-0.0020675398409366608,0.004018881823867559,-0.1102239191532135,-0.08274879306554794,0.0002013843914028257,0.04141277074813843,0.002306201960891485,-0.012058479711413383,0.004599057137966156,0.04141277074813843,0.002306201960891485,-0.012058479711413383,0.004599057137966156,0.10680219848212578,0.1053727503714959,0.10728498721063925,0.1071509428158051,0.10413824947949812,0.10539788502687007,0.10877539126026167,0.10954580280235326,0.5391609677324544,0.5426301398498784,0.5518718965535447,0.5539680568206132,1584.8012849210381,1573.4270108027813,1588.6326609933183,1587.5694066148992,0.0006344050589838271,-0.0006259141372066857,0.0006372728240311972,-0.0006364766003258823,0.0003105957806110382,1.7296514706686138e-05,-1.2058479711413383e-05,0.4278573285689831,7.993698936514543e-05,-4.579899837195856e-05,9.287145482456344e-06,0.42661087888006605,0.00023065879124589277,6.309551307864469e-05,-2.1345625193869727e-05,0.0012464496889170729,1.0,1.0,1.0,1.0,0.10680219848212578,0.1053727503714959,0.10728498721063925,0.1071509428158051,0.10680219848212578,0.1053727503714959,0.10728498721063925,0.1071509428158051,0.0006344050589838271,-0.0006259141372066857,0.0006372728240311972,-0.0006364766003258823,0.001105734533458669,-0.0004832420958718145,1.000711183171415,0.02645488076100197,-0.0021581172461278865,0.0038231101147362277,-0.018894266337156296,-0.0004832420963793993,0.0007111831801012158,0.026454880833625793,-0.0021581172477453947,0.0038231101352721453,0.9999626278877258,-0.0002088514738716185,0.008558178320527077,0.001227518660016358,-0.13114283978939056,-0.06019454449415207,-0.0035232563968747854,0.002451729727908969,0.9999970197677612,0.999965600613817,-0.0007848365493458644,0.008165070738638428,0.0012301383954845231,-0.00390561654664251,False,False
0.9400000000000001,0.9500000000000001,94,HOVER,0.0016708322614431385,-0.0005239684833213687,1.0007920289644971,0.02,0.0,1.0,-0.13426190870727658,0.8808796905446364,0.14148577590314737,0.018353752827154183,0.029676951467990875,-0.0018766181310638785,0.004234848078340292,-0.07094547897577286,-0.09866692870855331,0.002329261275008321,0.03565079718828201,0.00736091798171401,-0.022505557164549828,0.001755865290760994,0.03565079718828201,0.00736091798171401,-0.022505557164549828,0.001755865290760994,0.106179513727377,0.10549647302803153,0.10740413902740596,0.10749561877538175,0.10338066704144586,0.10605582495070873,0.10794279211251127,0.10905644854071472,0.5370684248309097,0.5444372413609506,0.5496016457814653,0.552637106469565,1579.8521173349666,1574.4132948074202,1589.5774565692711,1590.3026209629943,0.0006307063115406193,-0.0006266490497865072,0.0006379805858227914,-0.0006385239755257676,0.0002673809789121151,5.520688486285507e-05,-2.2505557164549827e-05,0.42643573264538054,0.0001139764253800914,-2.7383170415042936e-05,3.5138720511359656e-06,0.42657574455819625,0.0001534045535320237,8.259005527789802e-05,-2.6019429215685793e-05,-0.00014001191281570735,1.0,1.0,1.0,1.0,0.106179513727377,0.10549647302803153,0.10740413902740596,0.10749561877538175,0.106179513727377,0.10549647302803153,0.10740413902740596,0.10749561877538175,0.0006307063115406193,-0.0006266490497865072,0.0006379805858227914,-0.0006385239755257676,0.0013802625196698548,-0.0005043727695142662,1.000750539112752,0.028108151132579914,-0.0020675398595666563,0.004018881740270589,-0.018619736656546593,-0.0005043727578595281,0.0007505391258746386,0.028108151629567146,-0.0020675398409366608,0.004018881823867559,0.9999656081199646,-0.0007848365348763764,0.008165070787072182,0.0012301383540034294,-0.1102239191532135,-0.08274879306554794,0.0002013843914028257,0.0024477022234350443,0.9999970197677612,0.9999689944950311,-0.00118111156711913,0.00768559177612414,0.0012436651934461228,-0.0037542561867620716,False,False
0.9500000000000001,0.96,95,HOVER,0.0019764997810125355,-0.0005412609898485243,1.0008353986195289,0.02,0.0,1.0,-0.15231785515046986,0.8203964295987896,0.1431567429716881,0.018050967133549485,0.031146086752414703,-0.0016262584831565619,0.00439343461766839,-0.021472925320267677,-0.1068962961435318,0.0026290309615433216,0.023171408101916313,0.009862007573246956,-0.030157918110489845,-0.0022628698498010635,0.023171408101916313,0.009862007573246956,-0.030157918110489845,-0.0022628698498010635,0.10561662117346797,0.10570891390343645,0.1072562789312993,0.10760178912436169,0.1030854404032092,0.10667001959489159,0.10658919683884477,0.10808170823815397,0.5362517154497234,0.546121182670768,0.5458997552161688,0.5499807849669688,1575.3707531761156,1576.1060114952522,1588.404976909294,1591.1440103492946,0.0006273627297703997,-0.0006279109485864125,0.0006371022968519178,-0.0006391546273987085,0.00017378556076437233,7.396505679935217e-05,-3.0157918110489845e-05,0.4244263650750995,0.0001248927034639383,-8.952503407685334e-06,-2.6005493628034667e-06,0.4261836031325654,4.8892857300434045e-05,8.29175602070375e-05,-2.7557368747686378e-05,-0.0017572380574659152,1.0,1.0,1.0,1.0,0.10561662117346797,0.10570891390343645,0.1072562789312993,0.10760178912436169,0.10561662117346797,0.10570891390343645,0.1072562789312993,0.10760178912436169,0.0006273627297703997,-0.0006279109485864125,0.0006371022968519178,-0.0006391546273987085,0.0016708314708620917,-0.0005239684827081892,1.0007920289821455,0.02967695211045181,-0.0018766181052942807,0.004234848196112954,-0.018329167738556862,-0.0005239684833213687,0.000792028964497149,0.029676951467990875,-0.0018766181310638785,0.004234848078340292,0.9999690055847168,-0.0011811115546151996,0.00768559193238616,0.00124366523232311,-0.07094547897577286,-0.09866692870855331,0.002329261275008321,0.002469389932230115,0.9999969601631165,0.9999726966417556,-0.0013381324001421563,0.007157575946342396,0.00125876100492478,-0.0035968093476282286,False,False
0.96,0.97,96,HOVER,0.002296219095587731,-0.0005559472483582795,1.000879584462382,0.02,0.0,1.0,-0.14166003374386565,0.7584503165642412,0.14415830354143447,0.01773433405800323,0.0325079970061779,-0.0013654467184096575,0.004413164686411619,0.028294282034039497,-0.10811176896095276,0.0010830055689439178,0.006621969863772392,0.009492779150605202,-0.03438965976238251,-0.006926100701093674,0.006621969863772392,0.009492779150605202,-0.03438965976238251,-0.006926100701093674,0.10518127111995257,0.10596488606145682,0.10683364269083875,0.10745973466328507,0.10322168934098586,0.10712331277863035,0.1049309329784897,0.10681881455134733,0.5366287198471141,0.5473621356491719,0.5413455618189059,0.5465287013338634,1571.8999065028067,1578.1442358782258,1585.0509796526821,1590.018187573767,0.0006247767504525182,-0.0006294314232050535,0.0006345918375835822,-0.0006383108238999133,4.966477397829294e-05,7.119584362953901e-05,-3.438965976238251e-05,0.4220947496494532,0.00011126996920631871,5.569224571043158e-06,-8.373659068866318e-06,0.4254395345355332,-6.160519522802578e-05,6.562661905849586e-05,-2.601600069351619e-05,-0.0033447848860799767,1.0,1.0,1.0,1.0,0.10518127111995257,0.10596488606145682,0.10683364269083875,0.10745973466328507,0.10518127111995257,0.10596488606145682,0.10683364269083875,0.10745973466328507,0.0006247767504525182,-0.0006294314232050535,0.0006345918375835822,-0.0006383108238999133,0.001976499540964979,-0.0005412609795470383,1.0008353986132472,0.03114608698930637,-0.001626258489454579,0.0043934344870222575,-0.018023500218987465,-0.0005412609898485243,0.0008353986195288599,0.031146086752414703,-0.0016262584831565619,0.00439343461766839,0.9999727010726929,-0.0013381324242800474,0.0071575758047401905,0.0012587610399350524,-0.021472925320267677,-0.1068962961435318,0.0026290309615433216,0.0024985538329929113,0.9999969005584717,0.9999765306211416,-0.0012445150892798594,0.006617114024332652,0.001266171823507337,-0.003438192493245412,False,False
0.97,0.98,97,HOVER,0.0026289080083370213,-0.0005682109040208161,1.0009227601694874,0.02,0.0,1.0,-0.10658417564561527,0.6981239127898793,0.1434762728621328,0.01740486101480441,0.03376200050115585,-0.0011413003085181117,0.004223243799060583,0.06871648877859116,-0.1044083759188652,-0.0021252718288451433,-0.010605501011013985,0.006634162273257971,-0.03492456302046776,-0.01147891953587532,-0.010605501011013985,0.006634162273257971,-0.03492456302046776,-0.01147891953587532,0.10491144113175205,0.1062135361209458,0.10618573325976717,0.10710555844387552,0.10369531010318991,0.10733875405304126,0.10327408198081538,0.10551019409501586,0.5379380708879619,0.5479513913912274,0.5367736515189435,0.5429388462760583,1569.74651831583,1580.1227533016,1579.901593415453,1587.209323908552,0.0006231739603226071,-0.0006309084045584181,0.0006307432555630169,-0.0006362070171566206,-7.954125758260488e-05,4.975621704943478e-05,-3.492456302046776e-05,0.4198183402320624,7.659004741315464e-05,1.3515148958794486e-05,-1.3198205829414674e-05,0.42441626895634055,-0.00015613130499575952,3.624106809064029e-05,-2.1726357191053084e-05,-0.004597928724278166,1.0,1.0,1.0,1.0,0.10491144113175205,0.1062135361209458,0.10618573325976717,0.10710555844387552,0.10491144113175205,0.1062135361209458,0.10618573325976717,0.10710555844387552,0.0006231739603226071,-0.0006309084045584181,0.0006307432555630169,-0.0006362070171566206,0.002296218701350467,-0.0005559472496019655,1.0008795844780765,0.03250799792976728,-0.001365446735811228,0.004413164521110082,-0.01770378090441227,-0.0005559472483582795,0.0008795844623818994,0.0325079970061779,-0.0013654467184096575,0.004413164686411619,0.9999765157699585,-0.0012445150641724467,0.006617113947868347,0.0012661718064919114,0.028294282034039497,-0.10811176896095276,0.0010830055689439178,0.0025160345248878,0.9999968409538269,0.9999802186455579,-0.0009377321666792829,0.006091070831006624,0.0012577090671157048,-0.0032814622244612093,False,False
0.98,0.99,98,HOVER,0.0029735085368156437,-0.0005786468973383307,1.00096253544325,0.02,0.0,1.0,-0.05595177868199325,0.6409181553787899,0.1402960609299543,0.017063490799282592,0.03491213172674179,-0.0009898784337565303,0.0037788550835102797,0.09231962263584137,-0.09868112951517105,-0.006640056613832712,-0.025080787017941475,0.0022403053008019924,-0.03182560205459595,-0.015064015984535217,-0.025080787017941475,0.0022403053008019924,-0.03182560205459595,-0.015064015984535217,0.1048147381382351,0.106409302709678,0.10541512595379732,0.10661304502542109,0.10437829771560918,0.10729484298680741,0.10195567555638868,0.10439697574892716,0.5398230540204534,0.5478313181262845,0.5331197689615024,0.5398745514004408,1568.974372655211,1581.6795061497132,1573.7648565789236,1583.2987798137322,0.0006225995445411165,-0.0006320712580954873,0.000626165848165556,-0.0006332814874510012,-0.00018810590263456105,1.6802289756014944e-05,-3.182560205459595e-05,0.41802579200773243,2.84300207922996e-05,1.4023401646105424e-05,-1.658735283981594e-05,0.4232522118271315,-0.00021653592342686065,2.77888810990952e-06,-1.523824921478001e-05,-0.005226419819399086,1.0,1.0,1.0,1.0,0.1048147381382351,0.106409302709678,0.10541512595379732,0.10661304502542109,0.1048147381382351,0.106409302709678,0.10541512595379732,0.10661304502542109,0.0006225995445411165,-0.0006320712580954873,0.000626165848165556,-0.0006332814874510012,0.002628907813136924,-0.0005682109022479332,1.0009227601949962,0.03376199877102821,-0.0011413003467585462,0.004223243818619646,-0.01737109199166298,-0.0005682109040208161,0.0009227601694874465,0.03376200050115585,-0.0011413003085181117,0.004223243799060583,0.9999802112579346,-0.0009377321694046259,0.006091070827096701,0.0012577091110870242,0.06871648877859116,-0.1044083759188652,-0.0021252718288451433,0.002504130592569709,0.9999968409538269,0.9999834868412588,-0.0004951110140583619,0.0055924340501923835,0.0012270253770267062,-0.0031275150593307187,False,False
0.99,1.0,99,HOVER,0.003329020440578461,-0.000588109134696424,1.0009962908225134,0.02,0.0,1.0,-0.0012819787189364794,0.5866442479193602,0.13408458074714932,0.016711074987204998,0.03596428409218788,-0.0009296665666624904,0.00307295355014503,0.09521587193012238,-0.09385932236909866,-0.011975893750786781,-0.03404409438371658,-0.002433015499264002,-0.025510534644126892,-0.0169559046626091,-0.03404409438371658,-0.002433015499264002,-0.025510534644126892,-0.0169559046626091,0.10487200847851955,0.10651994169949039,0.10465851775683462,0.10607722455167637,0.10513079565042313,0.10702008431287116,0.10126177678290382,0.10366719092249738,0.5418955900200159,0.54707967027809,0.5311908887334975,0.5378603844043248,1569.431685672599,1582.5589407271652,1567.7265460749443,1579.0382881518083,0.0006229397303624061,-0.0006327284536949729,0.0006216715954755976,-0.0006300987138369576,-0.0002553307078778744,-1.8247616244480012e-05,-2.551053464412689e-05,0.4170798476686955,-2.3200229226135165e-05,8.104300295793971e-06,-1.8215841693926824e-05,0.42212769248652093,-0.00023213047865173922,-2.6351916540273983e-05,-7.294692950200067e-06,-0.005047844817825442,1.0,1.0,1.0,1.0,0.10487200847851955,0.10651994169949039,0.10465851775683462,0.10607722455167637,0.10487200847851955,0.10651994169949039,0.10465851775683462,0.10607722455167637,0.0006229397303624061,-0.0006327284536949729,0.0006216715954755976,-0.0006300987138369576,0.002973509352207014,-0.0005786469032161924,1.000962535451184,0.034912131145267276,-0.00098987844069899,0.003778855141336641,-0.017026491463184357,-0.0005786468973383307,0.0009625354432500899,0.03491213172674179,-0.0009898784337565303,0.0037788550835102797,0.9999834895133972,-0.0004951109876856208,0.005592434201389551,0.0012270254082977772,0.09231962263584137,-0.09868112951517105,-0.006640056613832712,0.0024486256297677755,0.9999970197677612,0.9999862110143586,-1.7177490440549248e-05,0.005119397833563707,0.001170150375896809,-0.002975895673386639,False,False
1.0,1.01,100,HOVER,0.003694490045309067,-0.0005975154927000403,1.0010215856600553,0.02,0.0,1.0,0.0456203777620468,0.5337317466309497,0.12463375895479716,0.01634840410888391,0.036923352628946304,-0.0009589310502633452,0.002140077529475093,0.07775112241506577,-0.09219523519277573,-0.0175726730376482,-0.035929739475250244,-0.006161844823509455,-0.01676764525473118,-0.016794204711914062,-0.035929739475250244,-0.006161844823509455,-0.01676764525473118,-0.016794204711914062,0.10504306933227006,0.10652984524260953,0.10405680349953636,0.10559354159965016,0.10581673019480486,0.10657457953888842,0.1013522006764817,0.10341718723386804,0.5437809300781865,0.5458597033625433,0.5314424752327668,0.5371694044852783,1570.797189004073,1582.6376476572987,1562.9150497649514,1575.1868577172236,0.0006239558318336841,-0.0006327872807411006,0.000618097412787246,-0.0006272256371019219,-0.0002694730460643768,-4.6213836176320906e-05,-1.6767645254731178e-05,0.417160697644043,-6.797244381312852e-05,-1.7664132194714945e-06,-1.795967322209245e-05,0.4212232596740661,-0.0002015006022512483,-4.444742295684941e-05,1.1920279673612707e-06,-0.004062562030023087,1.0,1.0,1.0,1.0,0.10504306933227006,0.10652984524260953,0.10405680349953636,0.10559354159965016,0.10504306933227006,0.10652984524260953,0.10405680349953636,0.10559354159965016,0.0006239558318336841,-0.0006327872807411006,0.000618097412787246,-0.0006272256371019219,0.0033290196962565905,-0.0005881091488478855,1.000996290786957,0.0359642857218982,-0.0009296665392048307,0.003072953464055835,-0.01667097955942154,-0.000588109134696424,0.0009962908225134015,0.03596428409218788,-0.0009296665666624904,0.00307295355014503,0.9999862313270569,-1.717749000818003e-05,0.005119397770613432,0.0011701503535732627,0.09521587193012238,-0.09385932236909866,-0.011975893750786781,0.0023402152583003044,0.9999972581863403,0.9999884842924022,0.000393042481174896,0.004658101256006975,0.001085768336679263,-0.0028260728698128743,False,False
