key,window,partial,metrics,metrics__mean_error_xy_m,metrics__offset_xy_m,metrics__rmse_xy_m,metrics__sway_xy_rms_m,metrics__max_xy_error_m,metrics__mean_error_z_m,metrics__offset_z_abs_m,metrics__rmse_z_m,metrics__sway_z_rms_m,metrics__max_abs_z_error_m,metrics__rmse_3d_m,metrics__xy_bias_variance_residual_m2,metrics__z_bias_variance_residual_m2,metrics__sample_count,metrics__first_sample_s,metrics__last_sample_s,metrics__actual_velocity_xy_rms_m_s,metrics__actual_velocity_z_rms_m_s,metrics__velocity_error_xy_rms_m_s,metrics__velocity_error_z_rms_m_s,metrics__max_tilt_deg,metrics__max_angular_speed_rad_s,metrics__yaw_error_mean_rad,metrics__yaw_error_max_abs_rad,metrics__yaw_error_mean_deg,metrics__yaw_error_max_abs_deg,metrics__integral__integral_frozen__duration_s_per_channel,metrics__integral__integral_frozen__longest_continuous_s_per_channel,metrics__integral__integral_frozen__duration_any_s,metrics__integral__interval_allocator_clipping__duration_s_per_channel,metrics__integral__interval_allocator_clipping__longest_continuous_s_per_channel,metrics__integral__interval_allocator_clipping__duration_any_s,metrics__integral__interval_esc_boundary__duration_s_per_channel,metrics__integral__interval_esc_boundary__longest_continuous_s_per_channel,metrics__integral__interval_esc_boundary__duration_any_s,metrics__integral__interval_action_boundary__duration_s_per_channel,metrics__integral__interval_action_boundary__longest_continuous_s_per_channel,metrics__integral__interval_action_boundary__duration_any_s,metrics__integral__integral_xy_at_limit__duration_s_per_channel,metrics__integral__integral_xy_at_limit__longest_continuous_s_per_channel,metrics__integral__integral_xy_at_limit__duration_any_s,metrics__integral__integral_z_at_limit__duration_s_per_channel,metrics__integral__integral_z_at_limit__longest_continuous_s_per_channel,metrics__integral__integral_z_at_limit__duration_any_s,metrics__integral__integral_xy_projected__duration_s_per_channel,metrics__integral__integral_xy_projected__longest_continuous_s_per_channel,metrics__integral__integral_xy_projected__duration_any_s,metrics__integral__integral_z_projected__duration_s_per_channel,metrics__integral__integral_z_projected__longest_continuous_s_per_channel,metrics__integral__integral_z_projected__duration_any_s,metrics__integral__xi_final_m,metrics__integral__xi_max_xy_norm_m,metrics__integral__xi_max_abs_z_m,metrics__motors__sampling,metrics__motors__physics_dt,metrics__motors__allocator_clipped__duration_s_per_channel,metrics__motors__allocator_clipped__longest_continuous_s_per_channel,metrics__motors__allocator_clipped__duration_any_s,metrics__motors__allocator_lower__duration_s_per_channel,metrics__motors__allocator_lower__longest_continuous_s_per_channel,metrics__motors__allocator_lower__duration_any_s,metrics__motors__allocator_upper__duration_s_per_channel,metrics__motors__allocator_upper__longest_continuous_s_per_channel,metrics__motors__allocator_upper__duration_any_s,metrics__motors__esc_lower__duration_s_per_channel,metrics__motors__esc_lower__longest_continuous_s_per_channel,metrics__motors__esc_lower__duration_any_s,metrics__motors__esc_upper__duration_s_per_channel,metrics__motors__esc_upper__longest_continuous_s_per_channel,metrics__motors__esc_upper__duration_any_s,metrics__motors__actual_effective_upper__duration_s_per_channel,metrics__motors__actual_effective_upper__longest_continuous_s_per_channel,metrics__motors__actual_effective_upper__duration_any_s,metrics__motors__policy_action_at_bound__duration_s_per_channel,metrics__motors__policy_action_at_bound__longest_continuous_s_per_channel,metrics__motors__policy_action_at_bound__duration_any_s,metrics__motors__policy_action_clipped__duration_s_per_channel,metrics__motors__policy_action_clipped__longest_continuous_s_per_channel,metrics__motors__policy_action_clipped__duration_any_s,metrics__motors__allocator_lower_margin_n_minimum_per_motor,metrics__motors__allocator_upper_margin_n_minimum_per_motor,metrics__motors__esc_lower_margin_minimum_per_motor,metrics__motors__esc_upper_margin_minimum_per_motor,metrics__motors__effective_max_margin_n_minimum_per_motor,metrics__motors__nominal_max_thrust_n_minimum_per_motor,metrics__motors__nominal_max_thrust_n_maximum_per_motor,metrics__motors__effective_max_thrust_n_minimum_per_motor,metrics__motors__effective_max_thrust_n_maximum_per_motor,metrics__motors__thrust_lag_rms_n_per_motor,metrics__roll_pitch_rms_deg,metrics__roll_pitch_max_abs_deg,metrics__wrench_diagnostics__sample_count,metrics__wrench_diagnostics__moment_reference,metrics__wrench_diagnostics__allocation_residual_xml__moment_rms_xyz_nm,metrics__wrench_diagnostics__allocation_residual_xml__moment_norm_rms_nm,metrics__wrench_diagnostics__allocation_residual_xml__moment_norm_max_nm,metrics__wrench_diagnostics__allocation_residual_xml__force_rms_n,metrics__wrench_diagnostics__allocation_residual_xml__force_max_abs_n,metrics__wrench_diagnostics__actuator_response_residual_xml__moment_rms_xyz_nm,metrics__wrench_diagnostics__actuator_response_residual_xml__moment_norm_rms_nm,metrics__wrench_diagnostics__actuator_response_residual_xml__moment_norm_max_nm,metrics__wrench_diagnostics__actuator_response_residual_xml__force_rms_n,metrics__wrench_diagnostics__actuator_response_residual_xml__force_max_abs_n,metrics__wrench_diagnostics__total_rotor_residual_xml__moment_rms_xyz_nm,metrics__wrench_diagnostics__total_rotor_residual_xml__moment_norm_rms_nm,metrics__wrench_diagnostics__total_rotor_residual_xml__moment_norm_max_nm,metrics__wrench_diagnostics__total_rotor_residual_xml__force_rms_n,metrics__wrench_diagnostics__total_rotor_residual_xml__force_max_abs_n,metrics__wrench_diagnostics__allocation_residual_b0__moment_rms_xyz_nm,metrics__wrench_diagnostics__allocation_residual_b0__moment_norm_rms_nm,metrics__wrench_diagnostics__allocation_residual_b0__moment_norm_max_nm,metrics__wrench_diagnostics__allocation_residual_b0__force_rms_n,metrics__wrench_diagnostics__allocation_residual_b0__force_max_abs_n,metrics__wrench_diagnostics__geometry_wrench_difference__moment_rms_xyz_nm,metrics__wrench_diagnostics__geometry_wrench_difference__moment_norm_rms_nm,metrics__wrench_diagnostics__geometry_wrench_difference__moment_norm_max_nm,metrics__wrench_diagnostics__geometry_wrench_difference__force_rms_n,metrics__wrench_diagnostics__geometry_wrench_difference__force_max_abs_n
A_best-combined_motor2_70-eta070,full_0_60,False,,,,,,,,,,,,,,,,,,,,,,,,,,,,,,,,,,,,,,,,,,,,,,,,,,,,,,,,,,,,,,,,,,,,,,,,,,,,,,,,,,,,,,,,,,,,,,,,,,,,,,,,,,,,,,,,,,,,,,,
A_best-combined_motor2_70-eta070,pre_3_5,False,,"[-0.0013762209747797006, -0.03394071372641852]",0.03396860362791085,0.03434312551221735,0.00505808634938127,0.04202876009700014,0.006461303150693078,0.006461303150693078,0.006514672681031438,0.0008321789085413145,0.00764533581176674,0.034955560789220526,-1.196010521523072e-18,2.9434394917086937e-20,200,3.0100000000000002,5.0,0.01781773481441743,0.0020676966020689133,0.13258369413821072,0.025034986860578704,1.2888247983587884,0.13835220135746942,-0.017049457305259485,0.017926745993967864,-0.9768619465798581,1.0271268858574145,[0.0],[0.0],0.0,[0.0],[0.0],0.0,[0.0],[0.0],0.0,[0.0],[0.0],0.0,[0.0],[0.0],0.0,[0.0],[0.0],0.0,[0.0],[0.0],0.0,[0.0],[0.0],0.0,"[0.0005317849180558472, 0.04036298771930876, -0.003446314771563318]",0.04036649071727863,0.003446314771563318,every physics interval; dwell = interval count * physics_dt,0.002,"[0.0, 0.0, 0.0, 0.0]","[0.0, 0.0, 0.0, 0.0]",0.0,"[0.0, 0.0, 0.0, 0.0]","[0.0, 0.0, 0.0, 0.0]",0.0,"[0.0, 0.0, 0.0, 0.0]","[0.0, 0.0, 0.0, 0.0]",0.0,"[0.0, 0.0, 0.0, 0.0]","[0.0, 0.0, 0.0, 0.0]",0.0,"[0.0, 0.0, 0.0, 0.0]","[0.0, 0.0, 0.0, 0.0]",0.0,"[0.0, 0.0, 0.0, 0.0]","[0.0, 0.0, 0.0, 0.0]",0.0,"[0.0, 0.0, 0.0, 0.0]","[0.0, 0.0, 0.0, 0.0]",0.0,"[0.0, 0.0, 0.0, 0.0]","[0.0, 0.0, 0.0, 0.0]",0.0,"[0.1286521506890696, 0.12844461108331476, 0.10804559548844418, 0.10813063400869422]","[0.0704205520538593, 0.07022776575248785, 0.0914774905322643, 0.0915774211876318]","[0.6047229077085022, 0.6041828680180733, 0.5498822374163427, 0.5501142823535156]","[0.39286683840895853, 0.3923662870166258, 0.4488170967093429, 0.4490894939910999]","[0.07044574252715669, 0.07033676785322185, 0.09147964821973983, 0.09164751159567998]","[0.2, 0.2, 0.2, 0.2]","[0.2, 0.2, 0.2, 0.2]","[0.2, 0.2, 0.2, 0.2]","[0.2, 0.2, 0.2, 0.2]","[8.021935177856664e-05, 0.00012823828722820522, 3.9664002765137794e-05, 4.897143087860749e-05]","[0.6081988488747602, 0.28546071011230867]","[1.1679558295903452, 0.5489320376388197]",1000,"body origin, body frame; no gravity/external torque","[2.0810764545932525e-07, 1.1467121381181574e-09, 2.168496544660732e-19]",2.0811080473476602e-07,2.127060284929037e-07,4.886873367543068e-17,5.551115123125783e-17,"[6.371429223359969e-06, 6.226329398131368e-06, 4.0903941829972697e-07]",8.917937057865075e-06,2.864124785292116e-05,0.0001979684280317938,0.0005323570009163059,"[6.390751196056103e-06, 6.225520297329793e-06, 4.0903941829970675e-07]",8.931187886730449e-06,2.8788666551361496e-05,0.00019796842803179596,0.0005323570009163059,"[7.551742329129542e-17, 1.4819281649461944e-18, 2.210205729671161e-19]",7.553228569119581e-17,7.721439710533009e-17,4.886873367543068e-17,5.551115123125783e-17,"[2.0810764553483633e-07, 1.1467121382351734e-09, 1.462668697448798e-19]",2.0811080481027686e-07,2.1270602856882547e-07,0.0,0.0
A_best-combined_motor2_70-eta070,tail_18_20,False,,,,,,,,,,,,,,,,,,,,,,,,,,,,,,,,,,,,,,,,,,,,,,,,,,,,,,,,,,,,,,,,,,,,,,,,,,,,,,,,,,,,,,,,,,,,,,,,,,,,,,,,,,,,,,,,,,,,,,,
A_best-combined_motor2_70-eta070,pre_second_28_30,False,,,,,,,,,,,,,,,,,,,,,,,,,,,,,,,,,,,,,,,,,,,,,,,,,,,,,,,,,,,,,,,,,,,,,,,,,,,,,,,,,,,,,,,,,,,,,,,,,,,,,,,,,,,,,,,,,,,,,,,
A_best-combined_motor2_70-eta070,tail_58_60,False,,,,,,,,,,,,,,,,,,,,,,,,,,,,,,,,,,,,,,,,,,,,,,,,,,,,,,,,,,,,,,,,,,,,,,,,,,,,,,,,,,,,,,,,,,,,,,,,,,,,,,,,,,,,,,,,,,,,,,,
A_best-combined_motor2_70-eta070,fault_5_60,False,,,,,,,,,,,,,,,,,,,,,,,,,,,,,,,,,,,,,,,,,,,,,,,,,,,,,,,,,,,,,,,,,,,,,,,,,,,,,,,,,,,,,,,,,,,,,,,,,,,,,,,,,,,,,,,,,,,,,,,
A_best-combined_motor2_70-eta070,full_0_60,True,,"[-0.011169844402488083, -0.048778243898176976]",0.05004080836443226,0.06813644595862789,0.04624384030449018,0.23642132761191179,0.003614899176310133,0.003614899176310133,0.00875674137067137,0.007975777289890922,0.053095524366846836,0.06869683971847501,-4.7704895589362195e-18,2.710505431213761e-20,584,0.01,5.84,0.19737317557891434,0.0751965175443515,0.348498987009224,0.0949724151065453,66.49506179428649,16.8808271318254,-0.007112705862213823,0.17861033543592864,-0.4075280268228113,10.233618397894642,[0.6900000000000001],[0.5],0.6900000000000001,[0.6900000000000001],[0.5],0.6900000000000001,[0.0],[0.0],0.0,[0.01],[0.01],0.01,[0.0],[0.0],0.0,[0.0],[0.0],0.0,[0.0],[0.0],0.0,[0.0],[0.0],0.0,"[0.004256329490529791, 0.04534128304981956, -0.004164842313356602]",0.04554062240830496,0.004164842313356602,every physics interval; dwell = interval count * physics_dt,0.002,"[0.01, 0.67, 0.0, 0.05]","[0.01, 0.5, 0.0, 0.05]",0.6900000000000001,"[0.0, 0.0, 0.0, 0.0]","[0.0, 0.0, 0.0, 0.0]",0.0,"[0.01, 0.67, 0.0, 0.05]","[0.01, 0.5, 0.0, 0.05]",0.6900000000000001,"[0.0, 0.0, 0.0, 0.0]","[0.0, 0.0, 0.0, 0.0]",0.0,"[0.0, 0.0, 0.0, 0.0]","[0.0, 0.0, 0.0, 0.0]",0.0,"[0.0, 0.0, 0.0, 0.0]","[0.0, 0.0, 0.0, 0.0]",0.0,"[0.01, 0.0, 0.0, 0.0]","[0.01, 0.0, 0.0, 0.0]",0.01,"[0.0, 0.0, 0.0, 0.0]","[0.0, 0.0, 0.0, 0.0]",0.0,"[0.09718071616773963, 0.10671204466234556, 0.07998123486979203, 0.07359464276866068]","[0.0, 0.0, 0.005979483074021186, 0.0]","[0.5197625969621892, 0.5462362977132903, 0.4697738162603868, 0.4503044787101178]","[0.21814922562016836, 0.21814922562016836, 0.23260512868825334, 0.21814922562016836]","[0.04367045344504622, 1.9794392215610745e-06, 0.037074893961123484, 0.023518859244416546]","[0.2, 0.2, 0.2, 0.2]","[0.2, 0.2, 0.2, 0.2]","[0.2, 0.13999999999999999, 0.2, 0.2]","[0.2, 0.2, 0.2, 0.2]","[0.00660892281433526, 0.008236141928231215, 0.0063387832635341795, 0.007959813124465675]","[8.840614767775543, 5.137381042964304]","[65.7771825499117, 26.015212108545196]",2920,"body origin, body frame; no gravity/external torque","[0.001071298535307135, 0.0010711368546843434, 0.0001815762361352248]",0.001525773457215492,0.006345940285048748,0.030574951509230067,0.12603788033247398,"[0.0006477277766214547, 0.0002890903765521945, 4.546887562349063e-05]",0.000710768553801114,0.00467559899559571,0.01714335180824816,0.16996186859562346,"[0.0013245502576501803, 0.0011235060855188052, 0.0001927160904378849]",0.0017475236195120829,0.006494957458981429,0.03699797151590038,0.25939713171640943,"[0.0010713771477641697, 0.0010711430836451712, 0.00018157623613522487]",0.0015258330275365025,0.006346148893677865,0.030574951509230067,0.12603788033247398,"[2.439375610177543e-07, 4.677219179380655e-08, 1.4879906154792472e-19]",2.483811015365038e-07,9.372688645367171e-07,0.0,0.0
A_best-combined_motor2_70-eta070,pre_3_5,True,,,,,,,,,,,,,,,,,,,,,,,,,,,,,,,,,,,,,,,,,,,,,,,,,,,,,,,,,,,,,,,,,,,,,,,,,,,,,,,,,,,,,,,,,,,,,,,,,,,,,,,,,,,,,,,,,,,,,,,
A_best-combined_motor2_70-eta070,tail_18_20,True,,,,,,,,,,,,,,,,,,,,,,,,,,,,,,,,,,,,,,,,,,,,,,,,,,,,,,,,,,,,,,,,,,,,,,,,,,,,,,,,,,,,,,,,,,,,,,,,,,,,,,,,,,,,,,,,,,,,,,,
A_best-combined_motor2_70-eta070,pre_second_28_30,True,,,,,,,,,,,,,,,,,,,,,,,,,,,,,,,,,,,,,,,,,,,,,,,,,,,,,,,,,,,,,,,,,,,,,,,,,,,,,,,,,,,,,,,,,,,,,,,,,,,,,,,,,,,,,,,,,,,,,,,
A_best-combined_motor2_70-eta070,tail_58_60,True,,,,,,,,,,,,,,,,,,,,,,,,,,,,,,,,,,,,,,,,,,,,,,,,,,,,,,,,,,,,,,,,,,,,,,,,,,,,,,,,,,,,,,,,,,,,,,,,,,,,,,,,,,,,,,,,,,,,,,,
A_best-combined_motor2_70-eta070,fault_5_60,True,,"[-0.07448829622427564, -0.09857356496287223]",0.12355263649103174,0.14682575110979462,0.07932557724385199,0.23642132761191179,0.00456099484469555,0.00456099484469555,0.017981548796185087,0.01739348795199646,0.053095524366846836,0.1479227409361554,1.734723475976807e-18,-5.421010862427522e-20,84,5.01,5.84,0.5078664820751214,0.19732013688380973,0.8105088026570437,0.24261448516627654,66.49506179428649,16.8808271318254,0.024869079532757972,0.17861033543592864,1.424893297602209,10.233618397894642,[0.6900000000000001],[0.5],0.6900000000000001,[0.6900000000000001],[0.5],0.6900000000000001,[0.0],[0.0],0.0,[0.01],[0.01],0.01,[0.0],[0.0],0.0,[0.0],[0.0],0.0,[0.0],[0.0],0.0,[0.0],[0.0],0.0,"[0.004256329490529791, 0.04534128304981956, -0.004164842313356602]",0.04554062240830496,0.004164842313356602,every physics interval; dwell = interval count * physics_dt,0.002,"[0.01, 0.67, 0.0, 0.05]","[0.01, 0.5, 0.0, 0.05]",0.6900000000000001,"[0.0, 0.0, 0.0, 0.0]","[0.0, 0.0, 0.0, 0.0]",0.0,"[0.01, 0.67, 0.0, 0.05]","[0.01, 0.5, 0.0, 0.05]",0.6900000000000001,"[0.0, 0.0, 0.0, 0.0]","[0.0, 0.0, 0.0, 0.0]",0.0,"[0.0, 0.0, 0.0, 0.0]","[0.0, 0.0, 0.0, 0.0]",0.0,"[0.0, 0.0, 0.0, 0.0]","[0.0, 0.0, 0.0, 0.0]",0.0,"[0.01, 0.0, 0.0, 0.0]","[0.01, 0.0, 0.0, 0.0]",0.01,"[0.0, 0.0, 0.0, 0.0]","[0.0, 0.0, 0.0, 0.0]",0.0,"[0.09718071616773963, 0.12212552070001391, 0.07998123486979203, 0.07359464276866068]","[0.0, 0.0, 0.005979483074021186, 0.0]","[0.5197625969621892, 0.5876303925039426, 0.4697738162603868, 0.4503044787101178]","[0.21814922562016836, 0.21814922562016836, 0.23260512868825334, 0.21814922562016836]","[0.04367045344504622, 1.9794392215610745e-06, 0.037074893961123484, 0.023518859244416546]","[0.2, 0.2, 0.2, 0.2]","[0.2, 0.2, 0.2, 0.2]","[0.2, 0.13999999999999999, 0.2, 0.2]","[0.2, 0.13999999999999999, 0.2, 0.2]","[0.013673293094587645, 0.018945584124140328, 0.016261442147295024, 0.01989090441155007]","[23.037212236966088, 13.496881918157396]","[65.7771825499117, 26.015212108545196]",420,"body origin, body frame; no gravity/external torque","[0.0028247322217373944, 0.0028243059614459307, 0.0004787687438200249]",0.004023062987133,0.006345940285048748,0.0806180998020616,0.12603788033247398,"[0.001433313381837478, 0.0005710276627683212, 0.00011255108775624409]",0.0015469736874155788,0.00467559899559571,0.04276431504040396,0.16996186859562346,"[0.0033667884957468593, 0.002919052360296523, 0.0005064604216419408]",0.0044847110961505465,0.006494957458981429,0.09644835916020031,0.25939713171640943,"[0.0028249395521698717, 0.0028243223866937527, 0.00047876874382002507]",0.0040232200943339175,0.006346148893677865,0.0806180998020616,0.12603788033247398,"[3.6168138222171636e-07, 9.432130950617112e-08, 1.3795583822016201e-19]",3.7377791758311544e-07,9.372688645367171e-07,0.0,0.0
B_best-combined_motor3_70-eta070,full_0_60,False,,,,,,,,,,,,,,,,,,,,,,,,,,,,,,,,,,,,,,,,,,,,,,,,,,,,,,,,,,,,,,,,,,,,,,,,,,,,,,,,,,,,,,,,,,,,,,,,,,,,,,,,,,,,,,,,,,,,,,,
B_best-combined_motor3_70-eta070,pre_3_5,False,,"[-0.03674554266393267, 0.014558291598262578]",0.03952440714200453,0.039851561796850836,0.005095902051775023,0.04777326809916805,-0.006523403538899457,0.006523403538899457,0.0065480786913212855,0.0005679267702882146,0.00741649192686622,0.04038594201199171,-2.7816561987831223e-18,-8.279747059410786e-20,200,3.0100000000000002,5.0,0.008902018676350097,0.002252568284852845,0.1513618679948816,0.025259731948309556,0.29864699235166686,0.04216393343917914,0.009246043354823963,0.009514709608030747,0.5297592614263937,0.5451527038327356,[0.0],[0.0],0.0,[0.0],[0.0],0.0,[0.0],[0.0],0.0,[0.0],[0.0],0.0,[0.0],[0.0],0.0,[0.0],[0.0],0.0,[0.0],[0.0],0.0,[0.0],[0.0],0.0,"[0.04141497361330784, -0.011721834285616814, 0.0050933748047580375]",0.04304185681880426,0.0050933748047580375,every physics interval; dwell = interval count * physics_dt,0.002,"[0.0, 0.0, 0.0, 0.0]","[0.0, 0.0, 0.0, 0.0]",0.0,"[0.0, 0.0, 0.0, 0.0]","[0.0, 0.0, 0.0, 0.0]",0.0,"[0.0, 0.0, 0.0, 0.0]","[0.0, 0.0, 0.0, 0.0]",0.0,"[0.0, 0.0, 0.0, 0.0]","[0.0, 0.0, 0.0, 0.0]",0.0,"[0.0, 0.0, 0.0, 0.0]","[0.0, 0.0, 0.0, 0.0]",0.0,"[0.0, 0.0, 0.0, 0.0]","[0.0, 0.0, 0.0, 0.0]",0.0,"[0.0, 0.0, 0.0, 0.0]","[0.0, 0.0, 0.0, 0.0]",0.0,"[0.0, 0.0, 0.0, 0.0]","[0.0, 0.0, 0.0, 0.0]",0.0,"[0.1079496865901567, 0.12854093281893725, 0.12849146553722116, 0.10781486213279363]","[0.09150123391516733, 0.07055092187681006, 0.0705148833682962, 0.091431882532469]","[0.5496204660322833, 0.6044335345712462, 0.6043048074227821, 0.5492523638078981]","[0.44888181126067117, 0.39320543684561104, 0.3931118285670535, 0.44869279997159706]","[0.0915217722415643, 0.07060104809767401, 0.07055969780309942, 0.09149225753746962]","[0.2, 0.2, 0.2, 0.2]","[0.2, 0.2, 0.2, 0.2]","[0.2, 0.2, 0.2, 0.2]","[0.2, 0.2, 0.2, 0.2]","[4.853614926989631e-05, 7.983954388118516e-05, 8.044495134055931e-05, 6.786487027145478e-05]","[0.050847089942849664, 0.1300477375564627]","[0.12603339726316873, 0.28070254358579355]",1000,"body origin, body frame; no gravity/external torque","[6.120092613316823e-10, 2.079495026148104e-07, 2.347903670917718e-19]",2.0795040320490573e-07,2.0983794185225472e-07,4.8234047858538485e-17,5.551115123125783e-17,"[3.825703311235134e-06, 3.0022617423806057e-06, 9.842424397520346e-08]",4.864079432653191e-06,1.7130273374082852e-05,0.0002450292463199506,0.0007948706273402939,"[3.82515292421509e-06, 3.0114487612974537e-06, 9.842424397521132e-08]",4.86932293726277e-06,1.726972339776473e-05,0.00024502924631995045,0.0007948706273403494,"[6.629681879178159e-17, 7.1934179166233e-19, 2.404345616077627e-19]",6.630115717920745e-17,6.843479707541564e-17,4.8234047858538485e-17,5.551115123125783e-17,"[6.12009263105927e-10, 2.0794950261522105e-07, 1.5636586103463756e-19]",2.0795040320532194e-07,2.0983794185356805e-07,0.0,0.0
B_best-combined_motor3_70-eta070,tail_18_20,False,,,,,,,,,,,,,,,,,,,,,,,,,,,,,,,,,,,,,,,,,,,,,,,,,,,,,,,,,,,,,,,,,,,,,,,,,,,,,,,,,,,,,,,,,,,,,,,,,,,,,,,,,,,,,,,,,,,,,,,
B_best-combined_motor3_70-eta070,pre_second_28_30,False,,,,,,,,,,,,,,,,,,,,,,,,,,,,,,,,,,,,,,,,,,,,,,,,,,,,,,,,,,,,,,,,,,,,,,,,,,,,,,,,,,,,,,,,,,,,,,,,,,,,,,,,,,,,,,,,,,,,,,,
B_best-combined_motor3_70-eta070,tail_58_60,False,,,,,,,,,,,,,,,,,,,,,,,,,,,,,,,,,,,,,,,,,,,,,,,,,,,,,,,,,,,,,,,,,,,,,,,,,,,,,,,,,,,,,,,,,,,,,,,,,,,,,,,,,,,,,,,,,,,,,,,
B_best-combined_motor3_70-eta070,fault_5_60,False,,,,,,,,,,,,,,,,,,,,,,,,,,,,,,,,,,,,,,,,,,,,,,,,,,,,,,,,,,,,,,,,,,,,,,,,,,,,,,,,,,,,,,,,,,,,,,,,,,,,,,,,,,,,,,,,,,,,,,,
B_best-combined_motor3_70-eta070,full_0_60,True,,"[-0.04229346108596389, 0.013898043436519134]",0.0445184508040578,0.0486499347718462,0.019619472248548795,0.1916593805078211,-0.004667641114873253,0.004667641114873253,0.0061629001204271125,0.004024234625007006,0.022050963245808353,0.049038734600306014,-9.215718466126788e-19,1.0164395367051604e-20,539,0.01,5.39,0.17239501591737683,0.03034522851164798,0.3112847844577806,0.04368360934591387,64.03979881446705,9.48546967801286,0.006046236207908146,0.0930787922742812,0.34642381665232014,5.333021959491206,[0.38],[0.38],0.38,[0.38],[0.38],0.38,[0.0],[0.0],0.0,[0.09],[0.09],0.09,[0.0],[0.0],0.0,[0.0],[0.0],0.0,[0.0],[0.0],0.0,[0.0],[0.0],0.0,"[0.041473320613224035, -0.011745773316221841, 0.005103990204032318]",0.04310451848105188,0.005103990204032318,every physics interval; dwell = interval count * physics_dt,0.002,"[0.0, 0.0, 0.38, 0.0]","[0.0, 0.0, 0.38, 0.0]",0.38,"[0.0, 0.0, 0.0, 0.0]","[0.0, 0.0, 0.0, 0.0]",0.0,"[0.0, 0.0, 0.38, 0.0]","[0.0, 0.0, 0.38, 0.0]",0.38,"[0.0, 0.0, 0.0, 0.0]","[0.0, 0.0, 0.0, 0.0]",0.0,"[0.0, 0.0, 0.0, 0.0]","[0.0, 0.0, 0.0, 0.0]",0.0,"[0.0, 0.0, 0.0, 0.0]","[0.0, 0.0, 0.0, 0.0]",0.0,"[0.0, 0.09, 0.0, 0.0]","[0.0, 0.09, 0.0, 0.0]",0.09,"[0.0, 0.0, 0.0, 0.0]","[0.0, 0.0, 0.0, 0.0]",0.0,"[0.08803775861425776, 0.10825664557542906, 0.111898022188068, 0.09249561057287833]","[0.04600211600077622, 0.020894634756068037, 0.0, 0.008187720583992697]","[0.49358955459919984, 0.5504580320901427, 0.5603417906573862, 0.5064549232387824]","[0.3307455719205088, 0.26883022545081103, 0.21814922562016836, 0.23795151004174186]","[0.0530441181229791, 0.02523734985857093, 2.1946684349849477e-05, 0.020403783421614363]","[0.2, 0.2, 0.2, 0.2]","[0.2, 0.2, 0.2, 0.2]","[0.2, 0.2, 0.13999999999999999, 0.2]","[0.2, 0.2, 0.2, 0.2]","[0.004529242264156514, 0.004625235275528158, 0.005602462819286202, 0.0040308318708075904]","[5.310775594897911, 5.445595932786371]","[47.70123777789285, 49.42489586734848]",2695,"body origin, body frame; no gravity/external torque","[0.0014200949871143785, 0.0014200671397094939, 0.00023858955427106103]",0.0020224206854948246,0.01010411841155414,0.040166591628125116,0.20067257534279004,"[0.0001727492435881757, 0.0004751709812564601, 2.9297305508090344e-05]",0.0005064465368610471,0.0027771703611231043,0.009236219408516967,0.05363807392624009,"[0.0014468142855817731, 0.0014169749783050972, 0.00022981367745009587]",0.0020381128507640013,0.009585565040004953,0.04670341980164397,0.2328061187139321,"[0.0014200898470123626, 0.0014200898470124001, 0.00023858955427106103]",0.0020224330205429702,0.010104089648634178,0.040166591628125116,0.20067257534279004,"[2.196004766871751e-08, 2.199410982479332e-07, 1.5712276170983383e-19]",2.2103468142379705e-07,5.937522688194143e-07,0.0,0.0
B_best-combined_motor3_70-eta070,pre_3_5,True,,,,,,,,,,,,,,,,,,,,,,,,,,,,,,,,,,,,,,,,,,,,,,,,,,,,,,,,,,,,,,,,,,,,,,,,,,,,,,,,,,,,,,,,,,,,,,,,,,,,,,,,,,,,,,,,,,,,,,,
B_best-combined_motor3_70-eta070,tail_18_20,True,,,,,,,,,,,,,,,,,,,,,,,,,,,,,,,,,,,,,,,,,,,,,,,,,,,,,,,,,,,,,,,,,,,,,,,,,,,,,,,,,,,,,,,,,,,,,,,,,,,,,,,,,,,,,,,,,,,,,,,
B_best-combined_motor3_70-eta070,pre_second_28_30,True,,,,,,,,,,,,,,,,,,,,,,,,,,,,,,,,,,,,,,,,,,,,,,,,,,,,,,,,,,,,,,,,,,,,,,,,,,,,,,,,,,,,,,,,,,,,,,,,,,,,,,,,,,,,,,,,,,,,,,,
B_best-combined_motor3_70-eta070,tail_58_60,True,,,,,,,,,,,,,,,,,,,,,,,,,,,,,,,,,,,,,,,,,,,,,,,,,,,,,,,,,,,,,,,,,,,,,,,,,,,,,,,,,,,,,,,,,,,,,,,,,,,,,,,,,,,,,,,,,,,,,,,
B_best-combined_motor3_70-eta070,fault_5_60,True,,"[-0.052808082531346494, 0.04149125010699717]",0.06715815226820118,0.08169696933712213,0.046520719929852565,0.1916593805078211,0.0009265779769095486,0.0009265779769095486,0.009171171510228733,0.009124244632994964,0.022050963245808353,0.08221012824306204,-1.734723475976807e-18,0.0,39,5.01,5.39,0.62746659964386,0.10204066006802456,0.9461793585166327,0.12922541385155883,64.03979881446705,9.48546967801286,-0.03393008283428928,0.0930787922742812,-1.9440505449340577,5.333021959491206,[0.38],[0.38],0.38,[0.38],[0.38],0.38,[0.0],[0.0],0.0,[0.09],[0.09],0.09,[0.0],[0.0],0.0,[0.0],[0.0],0.0,[0.0],[0.0],0.0,[0.0],[0.0],0.0,"[0.041473320613224035, -0.011745773316221841, 0.005103990204032318]",0.04310451848105188,0.005103990204032318,every physics interval; dwell = interval count * physics_dt,0.002,"[0.0, 0.0, 0.38, 0.0]","[0.0, 0.0, 0.38, 0.0]",0.38,"[0.0, 0.0, 0.0, 0.0]","[0.0, 0.0, 0.0, 0.0]",0.0,"[0.0, 0.0, 0.38, 0.0]","[0.0, 0.0, 0.38, 0.0]",0.38,"[0.0, 0.0, 0.0, 0.0]","[0.0, 0.0, 0.0, 0.0]",0.0,"[0.0, 0.0, 0.0, 0.0]","[0.0, 0.0, 0.0, 0.0]",0.0,"[0.0, 0.0, 0.0, 0.0]","[0.0, 0.0, 0.0, 0.0]",0.0,"[0.0, 0.09, 0.0, 0.0]","[0.0, 0.09, 0.0, 0.0]",0.09,"[0.0, 0.0, 0.0, 0.0]","[0.0, 0.0, 0.0, 0.0]",0.0,"[0.0936835815075365, 0.12897007631784874, 0.18421898783263954, 0.10818148617186411]","[0.04600211600077622, 0.020894634756068037, 0.0, 0.008187720583992697]","[0.5098492085419853, 0.605549757858682, 0.7436227457190281, 0.5502530172381621]","[0.3307455719205088, 0.26883022545081103, 0.21814922562016836, 0.23795151004174186]","[0.0530441181229791, 0.02523734985857093, 2.1946684349849477e-05, 0.020403783421614363]","[0.2, 0.2, 0.2, 0.2]","[0.2, 0.2, 0.2, 0.2]","[0.2, 0.2, 0.13999999999999999, 0.2]","[0.2, 0.2, 0.13999999999999999, 0.2]","[0.008649769216555954, 0.007207281522644752, 0.017281705605688896, 0.010727267232323175]","[19.73891239371347, 19.8364842985403]","[47.70123777789285, 49.42489586734848]",195,"body origin, body frame; no gravity/external torque","[0.005279338068731832, 0.005279234483816536, 0.0008869793415990382]",0.007518541050729343,0.01010411841155414,0.1493231214813209,0.20067257534279004,"[0.0006224713310868383, 0.0006348460463703278, 8.71805491001731e-05]",0.0008933647120624725,0.0024128806740079047,0.026553258671806843,0.042159307495235776,"[0.00537634899557148, 0.00500324162785654, 0.000851856168929056]",0.007393457529562304,0.009585565040004953,0.1722542059787036,0.2328061187139321,"[0.005279318959972097, 0.005279318959972237, 0.0008869793415990382]",0.0075185869493320815,0.010104089648634178,0.1493231214813209,0.20067257534279004,"[7.779858292786164e-08, 1.9818691396373752e-07, 1.6652210161744254e-19]",2.1291001003253292e-07,3.459098442888873e-07,0.0,0.0
A_best-combined_motor3_70-eta070,full_0_60,False,,"[-0.004822498119144883, -0.00033301242932090445]",0.004833982352805826,0.01233694063523153,0.011350450160675972,0.052114797434782804,-0.0020193779546610795,0.0020193779546610795,0.005318535837134466,0.004920257729744666,0.02097491637931992,0.013434542332662863,-4.0657581468206416e-19,3.1848438816761693e-19,6000,0.01,60.0,0.017057599072192398,0.006857650344799527,0.0522349596457357,0.022360327508453043,6.318787748394838,1.4961940743935656,0.00022684263163750933,0.025690484881823968,0.012997125406470087,1.4719563573731609,[0.28],[0.28],0.28,[0.28],[0.28],0.28,[0.0],[0.0],0.0,[0.0],[0.0],0.0,[0.0],[0.0],0.0,[0.0],[0.0],0.0,[0.0],[0.0],0.0,[0.0],[0.0],0.0,"[0.05635012248886968, 0.004128452960830433, 0.023288850912057846]",0.05650115422148831,0.023289954635533298,every physics interval; dwell = interval count * physics_dt,0.002,"[0.0, 0.0, 0.28, 0.0]","[0.0, 0.0, 0.28, 0.0]",0.28,"[0.0, 0.0, 0.0, 0.0]","[0.0, 0.0, 0.0, 0.0]",0.0,"[0.0, 0.0, 0.28, 0.0]","[0.0, 0.0, 0.28, 0.0]",0.28,"[0.0, 0.0, 0.0, 0.0]","[0.0, 0.0, 0.0, 0.0]",0.0,"[0.0, 0.0, 0.0, 0.0]","[0.0, 0.0, 0.0, 0.0]",0.0,"[0.0, 0.0, 0.0, 0.0]","[0.0, 0.0, 0.0, 0.0]",0.0,"[0.0, 0.0, 0.0, 0.0]","[0.0, 0.0, 0.0, 0.0]",0.0,"[0.0, 0.0, 0.0, 0.0]","[0.0, 0.0, 0.0, 0.0]",0.0,"[0.0789239522118374, 0.10626853458718266, 0.10665261868665019, 0.08907074706404847]","[0.05270783942023771, 0.04202590763741845, 0.0, 0.061070404306597104]","[0.46658914947999136, 0.5450207558346751, 0.5460735141764886, 0.4965893613160228]","[0.3475755936802343, 0.3208338113506273, 0.21814922562016836, 0.3687925632198814]","[0.07107721426134683, 0.05432990417688274, 0.00016144099857595684, 0.07552246669883803]","[0.2, 0.2, 0.2, 0.2]","[0.2, 0.2, 0.2, 0.2]","[0.2, 0.2, 0.13999999999999999, 0.2]","[0.2, 0.2, 0.2, 0.2]","[0.0019016071262917078, 0.0016461846176080604, 0.001716563405728547, 0.0012053878261773455]","[0.3429947351250731, 0.5641144976304834]","[3.8248753079092013, 5.194673481613891]",30000,"body origin, body frame; no gravity/external torque","[5.784323273323596e-05, 5.782859165672545e-05, 9.718673187495978e-06]",8.23677011610574e-05,0.0015422647677567328,0.0016361402672552755,0.030638080408558477,"[0.00011445298708238883, 0.0001272876220685912, 1.3985731224618229e-05]",0.00017174756377266812,0.002767662490029778,0.003047603139299545,0.06532534411705498,"[0.00013138118469902728, 0.0001469652438612115, 1.8175054246566648e-05]",0.00019796497466211782,0.0035843391720642294,0.0037851150396023283,0.09023184972057768,"[5.7845739148809934e-05, 5.784573914881686e-05, 9.718673187495971e-06]",8.238150085954051e-05,0.0015426617741927963,0.0016361402672552755,0.030638080408558477,"[1.7045865639713334e-08, 2.0928597924663094e-07, 1.527917465288313e-19]",2.099790052472614e-07,5.561258797961317e-07,0.0,0.0
A_best-combined_motor3_70-eta070,pre_3_5,False,,"[-0.02973856406313486, -0.0025841458025280288]",0.02985062816869855,0.030131056072998035,0.004101284921613264,0.035938518658858054,-0.01447063476884988,0.01447063476884988,0.014595220986135252,0.0019029464050981753,0.017994832098413016,0.033479859851980785,6.776263578034403e-20,-1.9185296255309903e-19,200,3.0100000000000002,5.0,0.010637485354529021,0.0033973823107579376,0.11444676190307182,0.05507526932652865,0.5990580907876889,0.09402338798759814,0.002037674298540851,0.0025252845080633,0.11675013732867129,0.1446881443817974,[0.0],[0.0],0.0,[0.0],[0.0],0.0,[0.0],[0.0],0.0,[0.0],[0.0],0.0,[0.0],[0.0],0.0,[0.0],[0.0],0.0,[0.0],[0.0],0.0,[0.0],[0.0],0.0,"[0.035801418324977685, 0.0024555539071012284, 0.014688544504699476]",0.03588553049727324,0.014688544504699476,every physics interval; dwell = interval count * physics_dt,0.002,"[0.0, 0.0, 0.0, 0.0]","[0.0, 0.0, 0.0, 0.0]",0.0,"[0.0, 0.0, 0.0, 0.0]","[0.0, 0.0, 0.0, 0.0]",0.0,"[0.0, 0.0, 0.0, 0.0]","[0.0, 0.0, 0.0, 0.0]",0.0,"[0.0, 0.0, 0.0, 0.0]","[0.0, 0.0, 0.0, 0.0]",0.0,"[0.0, 0.0, 0.0, 0.0]","[0.0, 0.0, 0.0, 0.0]",0.0,"[0.0, 0.0, 0.0, 0.0]","[0.0, 0.0, 0.0, 0.0]",0.0,"[0.0, 0.0, 0.0, 0.0]","[0.0, 0.0, 0.0, 0.0]",0.0,"[0.0, 0.0, 0.0, 0.0]","[0.0, 0.0, 0.0, 0.0]",0.0,"[0.1075136769941142, 0.12795563074405034, 0.12880521964419664, 0.10749292233366971]","[0.09097477038764368, 0.06965821113726708, 0.07068932356081334, 0.09105847084085449]","[0.5484295682149811, 0.6029096173897058, 0.6051210683632064, 0.5483728443941563]","[0.447447862095005, 0.3908885739912954, 0.39356498918714666, 0.4476757047041333]","[0.09140343801828132, 0.07038821476083523, 0.0707786972249487, 0.09147396633469046]","[0.2, 0.2, 0.2, 0.2]","[0.2, 0.2, 0.2, 0.2]","[0.2, 0.2, 0.2, 0.2]","[0.2, 0.2, 0.2, 0.2]","[0.00028390734280996706, 0.00046059329539348124, 9.848848709644325e-05, 0.00028596576861140765]","[0.2955164362240578, 0.13552590298261966]","[0.5711069415389705, 0.20914981820416145]",1000,"body origin, body frame; no gravity/external torque","[6.195138356178489e-09, 2.08095863634974e-07, 2.4744684234955073e-19]",2.0818805969900847e-07,2.1378148141720287e-07,4.8074067159589095e-17,5.551115123125783e-17,"[3.967350874208205e-05, 1.3104214376210287e-05, 1.64249614645901e-07]",4.17819902381594e-05,0.00010571921327651156,0.0003740871909306649,0.0009944755359624358,"[3.96677852242471e-05, 1.3101221739550455e-05, 1.6424961464591205e-07]",4.177561697451967e-05,0.00010577214033357305,0.00037408719093066564,0.0009944755359624913,"[6.614579631726129e-17, 7.669533057178075e-19, 2.4694778238859374e-19]",6.615070348095322e-17,6.82776636242618e-17,4.8074067159589095e-17,5.551115123125783e-17,"[6.1951383562423645e-09, 2.0809586363536732e-07, 1.5101188829344653e-19]",2.0818805969940385e-07,2.1378148142145583e-07,0.0,0.0
A_best-combined_motor3_70-eta070,tail_18_20,False,,"[-0.0008960281937546769, -0.0002175005270712534]",0.0009220482651572757,0.0009299695254133407,0.00012112107544920599,0.0011277669196473052,-0.00014783401738104718,0.00014783401738104718,0.00015044088603293471,2.788482553925546e-05,0.00020066269898189049,0.0009420593284862098,-4.301339185275744e-23,-2.3988237764037803e-23,200,18.01,20.0,0.0003368913005393739,5.9952334924132364e-05,0.0035193805676873445,0.0005572214403241777,0.019239563725483966,0.0019964044108749333,0.0005488172041061137,0.0005698173244252677,0.03144490951945019,0.03264812778300464,[0.0],[0.0],0.0,[0.0],[0.0],0.0,[0.0],[0.0],0.0,[0.0],[0.0],0.0,[0.0],[0.0],0.0,[0.0],[0.0],0.0,[0.0],[0.0],0.0,[0.0],[0.0],0.0,"[0.05574287279965994, 0.003983872328465576, 0.023224121131492477]",0.05588505262311723,0.023224121131492477,every physics interval; dwell = interval count * physics_dt,0.002,"[0.0, 0.0, 0.0, 0.0]","[0.0, 0.0, 0.0, 0.0]",0.0,"[0.0, 0.0, 0.0, 0.0]","[0.0, 0.0, 0.0, 0.0]",0.0,"[0.0, 0.0, 0.0, 0.0]","[0.0, 0.0, 0.0, 0.0]",0.0,"[0.0, 0.0, 0.0, 0.0]","[0.0, 0.0, 0.0, 0.0]",0.0,"[0.0, 0.0, 0.0, 0.0]","[0.0, 0.0, 0.0, 0.0]",0.0,"[0.0, 0.0, 0.0, 0.0]","[0.0, 0.0, 0.0, 0.0]",0.0,"[0.0, 0.0, 0.0, 0.0]","[0.0, 0.0, 0.0, 0.0]",0.0,"[0.0, 0.0, 0.0, 0.0]","[0.0, 0.0, 0.0, 0.0]",0.0,"[0.1082513838798522, 0.12905683382013095, 0.18436996961557, 0.10825630726602282]","[0.09173418723111237, 0.07092509920432652, 0.015610096959536246, 0.091740057658419]","[0.5504436809449705, 0.6057753047302641, 0.7439898324698484, 0.5504571093657243]","[0.449516965104265, 0.39417773063996187, 0.25596170515365646, 0.4495329761656198]","[0.09173505809592282, 0.07092564570474436, 0.010927574199315171, 0.09174048168397296]","[0.2, 0.2, 0.2, 0.2]","[0.2, 0.2, 0.2, 0.2]","[0.2, 0.2, 0.13999999999999999, 0.2]","[0.2, 0.2, 0.13999999999999999, 0.2]","[1.2281991735614427e-06, 1.57099382835118e-06, 1.7086436806607243e-06, 3.4439825554488397e-07]","[0.008990121451074747, 0.005572415094252825]","[0.01628016388867923, 0.010294474456623098]",1000,"body origin, body frame; no gravity/external torque","[2.406573413080009e-11, 2.0807563309395285e-07, 5.644864777322728e-18]",2.0807563448565736e-07,2.081173085257201e-07,1.2869730969111293e-16,1.6653345369377348e-16,"[5.7874560300539756e-08, 4.899010702047959e-08, 4.9305245247401965e-09]",7.59855603910896e-08,1.8990216617042692e-07,4.100633291113851e-06,8.109422257207566e-06,"[5.786662000285859e-08, 2.145533812012542e-07, 4.930524525075338e-09]",2.222746255593254e-07,3.5314229728990334e-07,4.100633291115161e-06,8.109422257318588e-06,"[1.2284052496274843e-17, 8.918731950865339e-17, 5.629316054066407e-18]",9.020512793686638e-17,9.199253407486107e-17,1.2869730969111293e-16,1.6653345369377348e-16,"[2.40657349989279e-11, 2.0807563318313721e-07, 1.5256076869982431e-19]",2.0807563457484178e-07,2.081173086144113e-07,0.0,0.0
A_best-combined_motor3_70-eta070,pre_second_28_30,False,,"[-8.769183672006259e-05, -2.0527073223302596e-05]",9.006230600230567e-05,9.09123449490869e-05,1.240304404929741e-05,0.0001119313256825474,-4.910057848803718e-06,4.910057848803718e-06,5.046896013715005e-06,1.167258024026154e-06,7.366106647976878e-06,9.105232354813918e-05,1.1089390087039027e-23,-2.4233807008389483e-26,200,28.01,30.0,2.2002851978456382e-05,2.4776718629603962e-06,0.00034294719368157514,1.797114323407821e-05,0.00045102042396596694,5.913318536767158e-05,0.0005154094459454783,0.0005165123572511345,0.029530785973852048,0.029593978136843408,[0.0],[0.0],0.0,[0.0],[0.0],0.0,[0.0],[0.0],0.0,[0.0],[0.0],0.0,[0.0],[0.0],0.0,[0.0],[0.0],0.0,[0.0],[0.0],0.0,[0.0],[0.0],0.0,"[0.05629109487534627, 0.0041148576660428, 0.02328903418474375]",0.05644129176300827,0.02328903418474375,every physics interval; dwell = interval count * physics_dt,0.002,"[0.0, 0.0, 0.0, 0.0]","[0.0, 0.0, 0.0, 0.0]",0.0,"[0.0, 0.0, 0.0, 0.0]","[0.0, 0.0, 0.0, 0.0]",0.0,"[0.0, 0.0, 0.0, 0.0]","[0.0, 0.0, 0.0, 0.0]",0.0,"[0.0, 0.0, 0.0, 0.0]","[0.0, 0.0, 0.0, 0.0]",0.0,"[0.0, 0.0, 0.0, 0.0]","[0.0, 0.0, 0.0, 0.0]",0.0,"[0.0, 0.0, 0.0, 0.0]","[0.0, 0.0, 0.0, 0.0]",0.0,"[0.0, 0.0, 0.0, 0.0]","[0.0, 0.0, 0.0, 0.0]",0.0,"[0.0, 0.0, 0.0, 0.0]","[0.0, 0.0, 0.0, 0.0]",0.0,"[0.1082578529241126, 0.12906521360752504, 0.18437894797376833, 0.1082580007199837]","[0.09174178834376208, 0.07093434027047707, 0.015620555074511155, 0.09174191144486096]","[0.5504613250750882, 0.6057970879734669, 0.7440116608283869, 0.5504617281804145]","[0.44953769650252295, 0.3942017523431116, 0.2559871309762455, 0.44953803225397837]","[0.091741798891599, 0.07093435664546796, 0.0109343977933882, 0.09174191373672017]","[0.2, 0.2, 0.2, 0.2]","[0.2, 0.2, 0.2, 0.2]","[0.2, 0.2, 0.13999999999999999, 0.2]","[0.2, 0.2, 0.13999999999999999, 0.2]","[3.360853078752029e-08, 4.2561164308650513e-08, 4.7466292805328006e-08, 9.594239679051138e-09]","[0.00022369072512368882, 0.00013741534102644916]","[0.00039697508429692804, 0.00023675917448714198]",1000,"body origin, body frame; no gravity/external torque","[6.088316618717585e-13, 2.080740319298253e-07, 5.629445421705234e-18]",2.080740319307161e-07,2.0807500687598698e-07,1.283376518579004e-16,1.6653345369377348e-16,"[1.5189246350954594e-09, 1.3407416939043913e-09, 1.360690830274717e-10]",2.030575074265767e-09,4.447499036091191e-09,1.1287366836572067e-07,2.6507978334588955e-07,"[1.5187070046305017e-09, 2.0814371752647515e-07, 1.3606908310073237e-10]",2.0814930250063864e-07,2.112819581232554e-07,1.128736683719856e-07,2.65079783512423e-07,"[1.2207461604064835e-17, 8.92944841517022e-17, 5.6309124255152656e-18]",9.030079840996498e-17,9.204817189388783e-17,1.283376518579004e-16,1.6653345369377348e-16,"[6.088306418082769e-13, 2.0807403201911721e-07, 1.4301608897011483e-19]",2.080740320200077e-07,2.0807500696554213e-07,0.0,0.0
A_best-combined_motor3_70-eta070,tail_58_60,False,,"[-7.782707900871976e-08, -2.085347330790296e-08]",8.057246164808997e-08,8.155144519574684e-08,1.2598279147644373e-08,1.0129132345543048e-07,2.4443061080736685e-08,2.4443061080736685e-08,2.4607291968170554e-08,2.838235897554422e-09,2.7914835776243763e-08,8.51830794907163e-08,-6.902532920683853e-31,3.0814879110195774e-32,200,58.01,60.0,4.168365016604725e-08,9.306366264547057e-09,3.1109238255931256e-07,9.466554984036332e-08,2.4148365394514667e-06,4.918929084783424e-07,0.0005124412508965376,0.0005124434258794874,0.029360720924776117,0.029360845542119655,[0.0],[0.0],0.0,[0.0],[0.0],0.0,[0.0],[0.0],0.0,[0.0],[0.0],0.0,[0.0],[0.0],0.0,[0.0],[0.0],0.0,[0.0],[0.0],0.0,[0.0],[0.0],0.0,"[0.05635012248886968, 0.004128452960830433, 0.023288850912057846]",0.05650115422148831,0.023288860650688255,every physics interval; dwell = interval count * physics_dt,0.002,"[0.0, 0.0, 0.0, 0.0]","[0.0, 0.0, 0.0, 0.0]",0.0,"[0.0, 0.0, 0.0, 0.0]","[0.0, 0.0, 0.0, 0.0]",0.0,"[0.0, 0.0, 0.0, 0.0]","[0.0, 0.0, 0.0, 0.0]",0.0,"[0.0, 0.0, 0.0, 0.0]","[0.0, 0.0, 0.0, 0.0]",0.0,"[0.0, 0.0, 0.0, 0.0]","[0.0, 0.0, 0.0, 0.0]",0.0,"[0.0, 0.0, 0.0, 0.0]","[0.0, 0.0, 0.0, 0.0]",0.0,"[0.0, 0.0, 0.0, 0.0]","[0.0, 0.0, 0.0, 0.0]",0.0,"[0.0, 0.0, 0.0, 0.0]","[0.0, 0.0, 0.0, 0.0]",0.0,"[0.10825804091614734, 0.1290654488212699, 0.1843792163545629, 0.10825804100933548]","[0.0917419293685295, 0.07093451991757, 0.015620748765799247, 0.09174193274032716]","[0.5504618378132715, 0.6057976994060761, 0.7440123133192443, 0.5504618380674361]","[0.44953808113980376, 0.3942022193312932, 0.25598760188093617, 0.44953809033619885]","[0.0917419384380062, 0.07093453007239958, 0.010934530150829708, 0.09174194024508453]","[0.2, 0.2, 0.2, 0.2]","[0.2, 0.2, 0.2, 0.2]","[0.2, 0.2, 0.13999999999999999, 0.2]","[0.2, 0.2, 0.13999999999999999, 0.2]","[4.886190068194414e-09, 5.862519278498443e-09, 5.654579001042386e-09, 4.950670506251782e-09]","[1.4508541878696224e-06, 6.966724419130345e-07]","[2.4727200017484376e-06, 1.4468833802420667e-06]",1000,"body origin, body frame; no gravity/external torque","[6.527118652205126e-14, 2.080740952290982e-07, 5.62582965157044e-18]",2.0807409522910803e-07,2.080742008076353e-07,1.3866681133119837e-16,1.6653345369377348e-16,"[4.228907697756897e-10, 2.6630398160066593e-10, 2.555049061485152e-11]",5.004070756379276e-10,1.2483289388669962e-09,1.324495744812608e-08,4.4125266218664194e-08,"[4.228297840916924e-10, 2.0807111852988233e-07, 2.5550490562407582e-11]",2.080715497229983e-07,2.0877573978598535e-07,1.3244957448299465e-08,4.412526605213074e-08,"[1.2487155685069134e-17, 8.902399685318365e-17, 5.6354179505684486e-18]",9.007196571795465e-17,9.209360799803387e-17,1.3866681133119837e-16,1.6653345369377348e-16,"[6.527089938687101e-14, 2.080740953181192e-07, 1.5023145987371593e-19]",2.0807409531812865e-07,2.0807420089697356e-07,0.0,0.0
A_best-combined_motor3_70-eta070,fault_5_60,False,,"[-0.0020020742223760997, -0.0001398407854895131]",0.002006952076455536,0.0061175496043869735,0.005778975387120622,0.05207019003397759,-0.0008655493172063625,0.0008655493172063625,0.003054637298307977,0.0029294425073207583,0.02097491637931992,0.006837779039011825,8.131516293641283e-20,1.2705494208814505e-19,5500,5.01,60.0,0.013668577961680518,0.005557827153080097,0.02736838684331134,0.013071572564168495,6.318787748394838,1.4961940743935656,0.00030285717886957347,0.025690484881823968,0.017352438144465215,1.4719563573731609,[0.28],[0.28],0.28,[0.28],[0.28],0.28,[0.0],[0.0],0.0,[0.0],[0.0],0.0,[0.0],[0.0],0.0,[0.0],[0.0],0.0,[0.0],[0.0],0.0,[0.0],[0.0],0.0,"[0.05635012248886968, 0.004128452960830433, 0.023288850912057846]",0.05650115422148831,0.023289954635533298,every physics interval; dwell = interval count * physics_dt,0.002,"[0.0, 0.0, 0.28, 0.0]","[0.0, 0.0, 0.28, 0.0]",0.28,"[0.0, 0.0, 0.0, 0.0]","[0.0, 0.0, 0.0, 0.0]",0.0,"[0.0, 0.0, 0.28, 0.0]","[0.0, 0.0, 0.28, 0.0]",0.28,"[0.0, 0.0, 0.0, 0.0]","[0.0, 0.0, 0.0, 0.0]",0.0,"[0.0, 0.0, 0.0, 0.0]","[0.0, 0.0, 0.0, 0.0]",0.0,"[0.0, 0.0, 0.0, 0.0]","[0.0, 0.0, 0.0, 0.0]",0.0,"[0.0, 0.0, 0.0, 0.0]","[0.0, 0.0, 0.0, 0.0]",0.0,"[0.0, 0.0, 0.0, 0.0]","[0.0, 0.0, 0.0, 0.0]",0.0,"[0.0789239522118374, 0.10626853458718266, 0.16576456409342183, 0.08907074706404847]","[0.05639850986538544, 0.048524188907185406, 0.0, 0.061070404306597104]","[0.46658914947999136, 0.5450207558346751, 0.6984579132005845, 0.4965893613160228]","[0.3569058854339434, 0.33705788394066993, 0.21814922562016836, 0.3687925632198814]","[0.07559369951950864, 0.05735561107410278, 0.00016144099857595684, 0.07552246669883803]","[0.2, 0.2, 0.2, 0.2]","[0.2, 0.2, 0.2, 0.2]","[0.2, 0.2, 0.13999999999999999, 0.2]","[0.2, 0.2, 0.13999999999999999, 0.2]","[0.001313565693118982, 0.0012227707760465267, 0.0015744714844542539, 0.0010468090008772318]","[0.32358357273972854, 0.4697687792412806]","[3.8248753079092013, 5.194673481613891]",27500,"body origin, body frame; no gravity/external torque","[6.041528512160646e-05, 6.039995872433975e-05, 1.015082308487274e-05]",8.603023247398363e-05,0.0015422647677567328,0.0017088927752311643,0.030638080408558477,"[9.453354439504892e-05, 8.012567429591355e-05, 1.1799600686534742e-05]",0.00012448271074180618,0.002767662490029778,0.0024282331390495086,0.06532534411705498,"[0.0001160947281213963, 0.0001109543280011213, 1.691776733528429e-05]",0.0001614777373242908,0.0035843391720642294,0.0033754462273847333,0.09023184972057768,"[6.041790406829746e-05, 6.04179040683047e-05, 1.0150823084872733e-05]",8.604467138244673e-05,0.0015426617741927963,0.0017088927752311643,0.030638080408558477,"[1.365129986001132e-08, 2.0858928132839116e-07, 1.5282671271610481e-19]",2.0903551438203836e-07,4.3725990736286306e-07,0.0,0.0
A_best-combined_motor3_70-eta070,full_0_60,True,,,,,,,,,,,,,,,,,,,,,,,,,,,,,,,,,,,,,,,,,,,,,,,,,,,,,,,,,,,,,,,,,,,,,,,,,,,,,,,,,,,,,,,,,,,,,,,,,,,,,,,,,,,,,,,,,,,,,,,
A_best-combined_motor3_70-eta070,pre_3_5,True,,,,,,,,,,,,,,,,,,,,,,,,,,,,,,,,,,,,,,,,,,,,,,,,,,,,,,,,,,,,,,,,,,,,,,,,,,,,,,,,,,,,,,,,,,,,,,,,,,,,,,,,,,,,,,,,,,,,,,,
A_best-combined_motor3_70-eta070,tail_18_20,True,,,,,,,,,,,,,,,,,,,,,,,,,,,,,,,,,,,,,,,,,,,,,,,,,,,,,,,,,,,,,,,,,,,,,,,,,,,,,,,,,,,,,,,,,,,,,,,,,,,,,,,,,,,,,,,,,,,,,,,
A_best-combined_motor3_70-eta070,pre_second_28_30,True,,,,,,,,,,,,,,,,,,,,,,,,,,,,,,,,,,,,,,,,,,,,,,,,,,,,,,,,,,,,,,,,,,,,,,,,,,,,,,,,,,,,,,,,,,,,,,,,,,,,,,,,,,,,,,,,,,,,,,,
A_best-combined_motor3_70-eta070,tail_58_60,True,,,,,,,,,,,,,,,,,,,,,,,,,,,,,,,,,,,,,,,,,,,,,,,,,,,,,,,,,,,,,,,,,,,,,,,,,,,,,,,,,,,,,,,,,,,,,,,,,,,,,,,,,,,,,,,,,,,,,,,
A_best-combined_motor3_70-eta070,fault_5_60,True,,,,,,,,,,,,,,,,,,,,,,,,,,,,,,,,,,,,,,,,,,,,,,,,,,,,,,,,,,,,,,,,,,,,,,,,,,,,,,,,,,,,,,,,,,,,,,,,,,,,,,,,,,,,,,,,,,,,,,,
A_best-combined_motor2_70-eta100,full_0_60,False,,"[-0.00010131102920421615, -0.005311270796733718]",0.0053122369488639,0.013280739959705945,0.012172024994899378,0.0613809730985725,0.0005152683953665442,0.0005152683953665442,0.0018924601509594753,0.0018209623564769107,0.008011028992121583,0.013414896917244642,2.168404344971009e-19,3.3881317890172014e-21,6000,0.01,60.0,0.013586961191231773,0.0023149146429107996,0.05484643299424275,0.007918593927906867,4.441012878747425,1.3514386399632607,-0.015388033908926327,0.017926745993967864,-0.8816693979856771,1.0271268858574145,[0.0],[0.0],0.0,[0.0],[0.0],0.0,[0.0],[0.0],0.0,[0.0],[0.0],0.0,[0.0],[0.0],0.0,[0.0],[0.0],0.0,[0.0],[0.0],0.0,[0.0],[0.0],0.0,"[0.0012157323582305073, 0.06373524939998, -0.006183220865481937]",0.06374684322571982,0.006309765897342343,every physics interval; dwell = interval count * physics_dt,0.002,"[0.0, 0.0, 0.0, 0.0]","[0.0, 0.0, 0.0, 0.0]",0.0,"[0.0, 0.0, 0.0, 0.0]","[0.0, 0.0, 0.0, 0.0]",0.0,"[0.0, 0.0, 0.0, 0.0]","[0.0, 0.0, 0.0, 0.0]",0.0,"[0.0, 0.0, 0.0, 0.0]","[0.0, 0.0, 0.0, 0.0]",0.0,"[0.0, 0.0, 0.0, 0.0]","[0.0, 0.0, 0.0, 0.0]",0.0,"[0.0, 0.0, 0.0, 0.0]","[0.0, 0.0, 0.0, 0.0]",0.0,"[0.0, 0.0, 0.0, 0.0]","[0.0, 0.0, 0.0, 0.0]",0.0,"[0.0, 0.0, 0.0, 0.0]","[0.0, 0.0, 0.0, 0.0]",0.0,"[0.10644243302100408, 0.10671204466234556, 0.09907734637970009, 0.09108999512737494]","[0.040285671385354827, 0.039668816576382965, 0.07963285166728794, 0.07006296047753369]","[0.5454975438093234, 0.5462362977132903, 0.5250919353258158, 0.5024205684083305]","[0.3165103308031114, 0.3149798297456169, 0.417015230737796, 0.39193853288651814]","[0.057684785503413244, 0.0586152773461005, 0.08569998326398624, 0.08154355510224492]","[0.2, 0.2, 0.2, 0.2]","[0.2, 0.2, 0.2, 0.2]","[0.2, 0.2, 0.2, 0.2]","[0.2, 0.2, 0.2, 0.2]","[0.001278257826028068, 0.0012559777848783012, 0.00045694237455683005, 0.0007923603948169081]","[0.42495793277575117, 0.13850588826613872]","[4.402402732075053, 1.042294813526034]",30000,"body origin, body frame; no gravity/external torque","[2.0891679318470878e-07, 9.401237163639842e-09, 2.16372189726409e-19]",2.0912821362692902e-07,6.103277315235154e-07,4.816478813074172e-17,5.551115123125783e-17,"[0.00010988686761800412, 5.974507965776996e-05, 4.886818797130096e-06]",0.00012517379604440708,0.0028935744872754555,0.0017329192417009146,0.05538944511395372,"[0.00010986995764875951, 5.973645982688541e-05, 4.886818797130102e-06]",0.0001251548369993965,0.0028929827836438682,0.0017329192417009146,0.05538944511395372,"[7.554644577167256e-17, 1.5368322346342388e-18, 2.274826392071449e-19]",7.55624183731623e-17,8.852296623928242e-17,4.816478813074172e-17,5.551115123125783e-17,"[2.089167932600385e-07, 9.401237163730129e-09, 1.5036181257491987e-19]",2.0912821370218713e-07,6.103277316112358e-07,0.0,0.0
A_best-combined_motor2_70-eta100,pre_3_5,False,,"[-0.0013762209747797006, -0.03394071372641852]",0.03396860362791085,0.03434312551221735,0.00505808634938127,0.04202876009700014,0.006461303150693078,0.006461303150693078,0.006514672681031438,0.0008321789085413145,0.00764533581176674,0.034955560789220526,-1.196010521523072e-18,2.9434394917086937e-20,200,3.0100000000000002,5.0,0.01781773481441743,0.0020676966020689133,0.13258369413821072,0.025034986860578704,1.2888247983587884,0.13835220135746942,-0.017049457305259485,0.017926745993967864,-0.9768619465798581,1.0271268858574145,[0.0],[0.0],0.0,[0.0],[0.0],0.0,[0.0],[0.0],0.0,[0.0],[0.0],0.0,[0.0],[0.0],0.0,[0.0],[0.0],0.0,[0.0],[0.0],0.0,[0.0],[0.0],0.0,"[0.0005317849180558472, 0.04036298771930876, -0.003446314771563318]",0.04036649071727863,0.003446314771563318,every physics interval; dwell = interval count * physics_dt,0.002,"[0.0, 0.0, 0.0, 0.0]","[0.0, 0.0, 0.0, 0.0]",0.0,"[0.0, 0.0, 0.0, 0.0]","[0.0, 0.0, 0.0, 0.0]",0.0,"[0.0, 0.0, 0.0, 0.0]","[0.0, 0.0, 0.0, 0.0]",0.0,"[0.0, 0.0, 0.0, 0.0]","[0.0, 0.0, 0.0, 0.0]",0.0,"[0.0, 0.0, 0.0, 0.0]","[0.0, 0.0, 0.0, 0.0]",0.0,"[0.0, 0.0, 0.0, 0.0]","[0.0, 0.0, 0.0, 0.0]",0.0,"[0.0, 0.0, 0.0, 0.0]","[0.0, 0.0, 0.0, 0.0]",0.0,"[0.0, 0.0, 0.0, 0.0]","[0.0, 0.0, 0.0, 0.0]",0.0,"[0.1286521506890696, 0.12844461108331476, 0.10804559548844418, 0.10813063400869422]","[0.0704205520538593, 0.07022776575248785, 0.0914774905322643, 0.0915774211876318]","[0.6047229077085022, 0.6041828680180733, 0.5498822374163427, 0.5501142823535156]","[0.39286683840895853, 0.3923662870166258, 0.4488170967093429, 0.4490894939910999]","[0.07044574252715669, 0.07033676785322185, 0.09147964821973983, 0.09164751159567998]","[0.2, 0.2, 0.2, 0.2]","[0.2, 0.2, 0.2, 0.2]","[0.2, 0.2, 0.2, 0.2]","[0.2, 0.2, 0.2, 0.2]","[8.021935177856664e-05, 0.00012823828722820522, 3.9664002765137794e-05, 4.897143087860749e-05]","[0.6081988488747602, 0.28546071011230867]","[1.1679558295903452, 0.5489320376388197]",1000,"body origin, body frame; no gravity/external torque","[2.0810764545932525e-07, 1.1467121381181574e-09, 2.168496544660732e-19]",2.0811080473476602e-07,2.127060284929037e-07,4.886873367543068e-17,5.551115123125783e-17,"[6.371429223359969e-06, 6.226329398131368e-06, 4.0903941829972697e-07]",8.917937057865075e-06,2.864124785292116e-05,0.0001979684280317938,0.0005323570009163059,"[6.390751196056103e-06, 6.225520297329793e-06, 4.0903941829970675e-07]",8.931187886730449e-06,2.8788666551361496e-05,0.00019796842803179596,0.0005323570009163059,"[7.551742329129542e-17, 1.4819281649461944e-18, 2.210205729671161e-19]",7.553228569119581e-17,7.721439710533009e-17,4.886873367543068e-17,5.551115123125783e-17,"[2.0810764553483633e-07, 1.1467121382351734e-09, 1.462668697448798e-19]",2.0811080481027686e-07,2.1270602856882547e-07,0.0,0.0
A_best-combined_motor2_70-eta100,tail_18_20,False,,"[1.4200559955264282e-05, -0.0010692169388645818]",0.0010693112354492446,0.001078514972670276,0.00014059881939751547,0.0013453029634100356,-4.7280369229484865e-05,4.7280369229484865e-05,4.7464686640067624e-05,4.178894993104616e-06,5.260071804091826e-05,0.0010795589112002207,1.2143011392278446e-21,2.0356397887047165e-25,200,18.01,20.0,0.00026380272180463645,1.0484726840925529e-05,0.004058311701057899,0.0001974621649533131,0.004396872525310209,0.0005068583113302833,-0.0155739651546595,0.015589751376984219,-0.8923224736457978,0.8932269575594594,[0.0],[0.0],0.0,[0.0],[0.0],0.0,[0.0],[0.0],0.0,[0.0],[0.0],0.0,[0.0],[0.0],0.0,[0.0],[0.0],0.0,[0.0],[0.0],0.0,[0.0],[0.0],0.0,"[0.0012378223253254061, 0.06300781536626342, -0.006283787950162679]",0.06301997303504829,0.006302594896418389,every physics interval; dwell = interval count * physics_dt,0.002,"[0.0, 0.0, 0.0, 0.0]","[0.0, 0.0, 0.0, 0.0]",0.0,"[0.0, 0.0, 0.0, 0.0]","[0.0, 0.0, 0.0, 0.0]",0.0,"[0.0, 0.0, 0.0, 0.0]","[0.0, 0.0, 0.0, 0.0]",0.0,"[0.0, 0.0, 0.0, 0.0]","[0.0, 0.0, 0.0, 0.0]",0.0,"[0.0, 0.0, 0.0, 0.0]","[0.0, 0.0, 0.0, 0.0]",0.0,"[0.0, 0.0, 0.0, 0.0]","[0.0, 0.0, 0.0, 0.0]",0.0,"[0.0, 0.0, 0.0, 0.0]","[0.0, 0.0, 0.0, 0.0]",0.0,"[0.0, 0.0, 0.0, 0.0]","[0.0, 0.0, 0.0, 0.0]",0.0,"[0.12906428267246917, 0.12906426388810716, 0.10825760898429074, 0.10825786374692191]","[0.07093292983782379, 0.07093290390982576, 0.09174127048444389, 0.09174162852581123]","[0.6057946680269006, 0.6057946191972926, 0.5504606597419317, 0.5504613545937284]","[0.39419808596391803, 0.3941980185649272, 0.4495362840710405, 0.44953726060805055]","[0.07093301867639609, 0.07093297994279271, 0.09174129848220663, 0.09174164552900607]","[0.2, 0.2, 0.2, 0.2]","[0.2, 0.2, 0.2, 0.2]","[0.2, 0.2, 0.2, 0.2]","[0.2, 0.2, 0.2, 0.2]","[2.7128946759647696e-07, 2.786653347571501e-07, 1.0906432537339868e-07, 4.813174069843506e-08]","[0.0021250620018539775, 0.000894401606577072]","[0.00410668833591594, 0.0015933991803154422]",1000,"body origin, body frame; no gravity/external torque","[2.0807477033182966e-07, 2.3743852685315773e-12, 2.172488387236712e-19]",2.080747703453768e-07,2.080875404676007e-07,4.775249788392736e-17,5.551115123125783e-17,"[1.7001392338319703e-08, 5.6042826354995975e-09, 9.481680127049024e-10]",1.7926359024641757e-08,3.5940960505549435e-08,6.165059309041824e-07,1.2299754879041558e-06,"[2.0746821751690748e-07, 5.6036248741156166e-09, 9.481680127239917e-10]",2.0754604528622805e-07,2.3662748414309933e-07,6.165059309007472e-07,1.2299754878486446e-06,"[7.548224557261258e-17, 1.5091077005922466e-18, 2.3379485636867347e-19]",7.54976917711465e-17,7.722015637814728e-17,4.775249788392736e-17,5.551115123125783e-17,"[2.0807477040730935e-07, 2.3743854045698725e-12, 1.54855044337518e-19]",2.0807477042085682e-07,2.080875405441454e-07,0.0,0.0
A_best-combined_motor2_70-eta100,pre_second_28_30,False,,"[4.647532606725832e-06, -0.00010546189868013492]",0.00010556425357359195,0.00010650707614422584,1.4140213444015307e-05,0.00013143798217121394,-2.314820300074516e-05,2.314820300074516e-05,2.323543743204715e-05,2.0115293919977533e-06,2.677286558472325e-05,0.00010901212236008663,-1.2071667064445748e-23,-1.8013796542902849e-25,200,28.01,30.0,2.456666382857296e-05,3.509822198086948e-06,0.0004015068833593523,8.943410789643289e-05,0.0001276355907769139,1.1775206268460926e-05,-0.015518937586679361,0.015520270842995157,-0.8891696262436666,0.8892460162035708,[0.0],[0.0],0.0,[0.0],[0.0],0.0,[0.0],[0.0],0.0,[0.0],[0.0],0.0,[0.0],[0.0],0.0,[0.0],[0.0],0.0,[0.0],[0.0],0.0,[0.0],[0.0],0.0,"[0.0012195688780717226, 0.06366378608849303, -0.006205822035366854]",0.06367546629094883,0.006215041692912938,every physics interval; dwell = interval count * physics_dt,0.002,"[0.0, 0.0, 0.0, 0.0]","[0.0, 0.0, 0.0, 0.0]",0.0,"[0.0, 0.0, 0.0, 0.0]","[0.0, 0.0, 0.0, 0.0]",0.0,"[0.0, 0.0, 0.0, 0.0]","[0.0, 0.0, 0.0, 0.0]",0.0,"[0.0, 0.0, 0.0, 0.0]","[0.0, 0.0, 0.0, 0.0]",0.0,"[0.0, 0.0, 0.0, 0.0]","[0.0, 0.0, 0.0, 0.0]",0.0,"[0.0, 0.0, 0.0, 0.0]","[0.0, 0.0, 0.0, 0.0]",0.0,"[0.0, 0.0, 0.0, 0.0]","[0.0, 0.0, 0.0, 0.0]",0.0,"[0.0, 0.0, 0.0, 0.0]","[0.0, 0.0, 0.0, 0.0]",0.0,"[0.12906541707936314, 0.12906541911264413, 0.10825802908913279, 0.10825803286539694]","[0.07093450430544448, 0.07093450278879862, 0.0917419329498558, 0.0917419334869931]","[0.60579761689375, 0.6057976221792143, 0.5504618055557328, 0.5504618158552871]","[0.3942021787479538, 0.3942021748054678, 0.4495380909076755, 0.4495380923726876]","[0.07093450869430226, 0.07093450637875057, 0.09174193466528074, 0.09174193985014042]","[0.2, 0.2, 0.2, 0.2]","[0.2, 0.2, 0.2, 0.2]","[0.2, 0.2, 0.2, 0.2]","[0.2, 0.2, 0.2, 0.2]","[8.569925989385122e-09, 8.078523141444238e-09, 4.689988605799843e-09, 4.732164145375487e-09]","[5.811195967588188e-05, 2.1569547054755767e-05]","[0.00012209482921298872, 3.7903449276483305e-05]",1000,"body origin, body frame; no gravity/external torque","[2.0807407880534842e-07, 7.129899425393222e-14, 2.1808720465163525e-19]",2.0807407880536065e-07,2.0807442209482485e-07,4.855242786854203e-17,5.551115123125783e-17,"[5.203946647217516e-10, 3.080992881433217e-10, 4.237646565597023e-11]",6.062437985388201e-10,1.6020335875541882e-09,1.9722461534883655e-08,5.275965975215513e-08,"[2.0811490859618733e-07, 3.080563629751694e-10, 4.2376465674303084e-11]",2.0811514090639102e-07,2.0966659385202925e-07,1.9722461535441287e-08,5.275965969664398e-08,"[7.54522146160563e-17, 1.6055191500543144e-18, 2.355223020595568e-19]",7.546966180501526e-17,7.697846622644832e-17,4.855242786854203e-17,5.551115123125783e-17,"[2.0807407888079796e-07, 7.129891261888405e-14, 1.4944695602662324e-19]",2.080740788808103e-07,2.0807442216985463e-07,0.0,0.0
A_best-combined_motor2_70-eta100,tail_58_60,False,,"[5.081379153174528e-09, -9.85096646249658e-08]",9.864063279714681e-08,9.959935049426378e-08,1.3786086473602349e-08,1.2903486182198212e-07,-7.471402569569908e-08,7.471402569569908e-08,7.520624388769687e-08,8.59031338416496e-09,8.98462230169983e-08,1.248038851100996e-07,6.335539145056251e-30,-2.6993834100531498e-30,200,58.01,60.0,4.935253556583654e-08,1.6065967955666838e-08,3.7497520284305734e-07,2.861567517765828e-07,2.561320938754782e-06,4.4157715208085306e-07,-0.015514385533486434,0.01551438773029209,-0.8889088128075928,0.8889089386752853,[0.0],[0.0],0.0,[0.0],[0.0],0.0,[0.0],[0.0],0.0,[0.0],[0.0],0.0,[0.0],[0.0],0.0,[0.0],[0.0],0.0,[0.0],[0.0],0.0,[0.0],[0.0],0.0,"[0.0012157323582305073, 0.06373524939998, -0.006183220865481937]",0.06374684322571982,0.006183250630008831,every physics interval; dwell = interval count * physics_dt,0.002,"[0.0, 0.0, 0.0, 0.0]","[0.0, 0.0, 0.0, 0.0]",0.0,"[0.0, 0.0, 0.0, 0.0]","[0.0, 0.0, 0.0, 0.0]",0.0,"[0.0, 0.0, 0.0, 0.0]","[0.0, 0.0, 0.0, 0.0]",0.0,"[0.0, 0.0, 0.0, 0.0]","[0.0, 0.0, 0.0, 0.0]",0.0,"[0.0, 0.0, 0.0, 0.0]","[0.0, 0.0, 0.0, 0.0]",0.0,"[0.0, 0.0, 0.0, 0.0]","[0.0, 0.0, 0.0, 0.0]",0.0,"[0.0, 0.0, 0.0, 0.0]","[0.0, 0.0, 0.0, 0.0]",0.0,"[0.0, 0.0, 0.0, 0.0]","[0.0, 0.0, 0.0, 0.0]",0.0,"[0.1290654512033222, 0.12906544787434712, 0.10825804481107448, 0.1082580430757392]","[0.0709345209912638, 0.07093451174512175, 0.09174193695664665, 0.09174192989970047]","[0.6057977055981629, 0.6057976969445715, 0.5504618484364749, 0.5504618437034399]","[0.39420222212233613, 0.39420219808721213, 0.44953810183597764, 0.44953808258854255]","[0.07093452930776711, 0.07093452891520882, 0.0917419413444619, 0.09174193957599189]","[0.2, 0.2, 0.2, 0.2]","[0.2, 0.2, 0.2, 0.2]","[0.2, 0.2, 0.2, 0.2]","[0.2, 0.2, 0.2, 0.2]","[5.295612092895111e-09, 5.298585105224413e-09, 3.3985258959336113e-09, 4.531065693972071e-09]","[1.6547013356680135e-06, 2.3833258571904547e-07]","[2.614883239132501e-06, 6.447025044678753e-07]",1000,"body origin, body frame; no gravity/external torque","[2.0807409437327923e-07, 6.268030044668622e-14, 2.24793122563171e-19]",2.0807409437328926e-07,2.0807420082175619e-07,4.791355229691893e-17,5.551115123125783e-17,"[2.7655753890180465e-10, 4.070165089149378e-10, 2.651598234172141e-11]",4.927977355591981e-10,1.1974729295429333e-09,1.1798432641015325e-08,3.508379708971887e-08,"[2.0807635488865586e-07, 4.069577915610925e-10, 2.6515982346081573e-11]",2.0807675454382527e-07,2.0880322363375819e-07,1.1798432642636348e-08,3.508379703420772e-08,"[7.560183030096778e-17, 1.4639606772000509e-18, 2.2790493711666305e-19]",7.561634655536514e-17,7.699746459842219e-17,4.791355229691893e-17,5.551115123125783e-17,"[2.080740944488799e-07, 6.268027286252777e-14, 1.5256076869982431e-19]",2.0807409444888848e-07,2.0807420089765034e-07,0.0,0.0
A_best-combined_motor2_70-eta100,fault_5_60,False,,"[-6.212616854752928e-05, -0.002120238145590545]",0.002121148145423989,0.005357402129906338,0.004919602435836615,0.02658390510269245,0.0002479332400342867,0.0002479332400342867,0.0008385313293058874,0.0008010392616555069,0.004811437369457883,0.005422627810550201,-2.202285662861181e-19,-3.1763735522036263e-22,5500,5.01,60.0,0.002054356537575565,0.0002939844228344015,0.0204616946775475,0.0031064560578672406,0.5501251354130937,0.06651746826141587,-0.015651887372595166,0.017516669986514376,-0.89678708786381,1.0036312613507543,[0.0],[0.0],0.0,[0.0],[0.0],0.0,[0.0],[0.0],0.0,[0.0],[0.0],0.0,[0.0],[0.0],0.0,[0.0],[0.0],0.0,[0.0],[0.0],0.0,[0.0],[0.0],0.0,"[0.0012157323582305073, 0.06373524939998, -0.006183220865481937]",0.06374684322571982,0.006309765897342343,every physics interval; dwell = interval count * physics_dt,0.002,"[0.0, 0.0, 0.0, 0.0]","[0.0, 0.0, 0.0, 0.0]",0.0,"[0.0, 0.0, 0.0, 0.0]","[0.0, 0.0, 0.0, 0.0]",0.0,"[0.0, 0.0, 0.0, 0.0]","[0.0, 0.0, 0.0, 0.0]",0.0,"[0.0, 0.0, 0.0, 0.0]","[0.0, 0.0, 0.0, 0.0]",0.0,"[0.0, 0.0, 0.0, 0.0]","[0.0, 0.0, 0.0, 0.0]",0.0,"[0.0, 0.0, 0.0, 0.0]","[0.0, 0.0, 0.0, 0.0]",0.0,"[0.0, 0.0, 0.0, 0.0]","[0.0, 0.0, 0.0, 0.0]",0.0,"[0.0, 0.0, 0.0, 0.0]","[0.0, 0.0, 0.0, 0.0]",0.0,"[0.12887801709601002, 0.1288710617105569, 0.10818670950285986, 0.10823070508476046]","[0.07076137742840707, 0.07075440782599912, 0.09167023645080102, 0.09169507077489131]","[0.6053103861869584, 0.6052922991008286, 0.5502672664466304, 0.5503872780571304]","[0.39375221537346894, 0.39373410427834665, 0.44934256161143094, 0.4494102849979209]","[0.07074206505269762, 0.07072118949564904, 0.09165705225487883, 0.09170247222934248]","[0.2, 0.2, 0.2, 0.2]","[0.2, 0.2, 0.2, 0.2]","[0.2, 0.2, 0.2, 0.2]","[0.2, 0.2, 0.2, 0.2]","[7.85125123969342e-06, 8.075291919106499e-06, 3.1587274575839008e-06, 1.449978756397906e-06]","[0.06039521156318076, 0.02595397638535579]","[0.5013926751096048, 0.22637216713048733]",27500,"body origin, body frame; no gravity/external torque","[2.0807099079870689e-07, 6.849658506081584e-11, 2.1676098590431982e-19]",2.0807100207318282e-07,2.0954003107059764e-07,4.830079175237667e-17,5.551115123125783e-17,"[4.913605380442674e-07, 1.755004205627656e-07, 2.787535313892894e-08]",5.225060873114112e-07,5.978709617809668e-06,1.7775722767714597e-05,0.00018427973675777531,"[5.376389885018405e-07, 1.7548126745388e-07, 2.7875353138925235e-08]",5.66238812248969e-07,6.165211488790421e-06,1.77757227677156e-05,0.00018427973675783083,"[7.553321086653829e-17, 1.5245941953501396e-18, 2.274392504924899e-19]",7.554893817838935e-17,7.743955459204634e-17,4.830079175237667e-17,5.551115123125783e-17,"[2.0807099087423716e-07, 6.849658503813019e-11, 1.5034522850787306e-19]",2.0807100214871327e-07,2.0954003114671147e-07,0.0,0.0
A_best-combined_motor2_70-eta100,full_0_60,True,,,,,,,,,,,,,,,,,,,,,,,,,,,,,,,,,,,,,,,,,,,,,,,,,,,,,,,,,,,,,,,,,,,,,,,,,,,,,,,,,,,,,,,,,,,,,,,,,,,,,,,,,,,,,,,,,,,,,,,
A_best-combined_motor2_70-eta100,pre_3_5,True,,,,,,,,,,,,,,,,,,,,,,,,,,,,,,,,,,,,,,,,,,,,,,,,,,,,,,,,,,,,,,,,,,,,,,,,,,,,,,,,,,,,,,,,,,,,,,,,,,,,,,,,,,,,,,,,,,,,,,,
A_best-combined_motor2_70-eta100,tail_18_20,True,,,,,,,,,,,,,,,,,,,,,,,,,,,,,,,,,,,,,,,,,,,,,,,,,,,,,,,,,,,,,,,,,,,,,,,,,,,,,,,,,,,,,,,,,,,,,,,,,,,,,,,,,,,,,,,,,,,,,,,
A_best-combined_motor2_70-eta100,pre_second_28_30,True,,,,,,,,,,,,,,,,,,,,,,,,,,,,,,,,,,,,,,,,,,,,,,,,,,,,,,,,,,,,,,,,,,,,,,,,,,,,,,,,,,,,,,,,,,,,,,,,,,,,,,,,,,,,,,,,,,,,,,,
A_best-combined_motor2_70-eta100,tail_58_60,True,,,,,,,,,,,,,,,,,,,,,,,,,,,,,,,,,,,,,,,,,,,,,,,,,,,,,,,,,,,,,,,,,,,,,,,,,,,,,,,,,,,,,,,,,,,,,,,,,,,,,,,,,,,,,,,,,,,,,,,
A_best-combined_motor2_70-eta100,fault_5_60,True,,,,,,,,,,,,,,,,,,,,,,,,,,,,,,,,,,,,,,,,,,,,,,,,,,,,,,,,,,,,,,,,,,,,,,,,,,,,,,,,,,,,,,,,,,,,,,,,,,,,,,,,,,,,,,,,,,,,,,,
A_best-combined_motor2_70-eta095,full_0_60,False,,"[-0.00010131102755739618, -0.005311270820582578]",0.005312236972677016,0.01329160376826843,0.012183877423824069,0.0613809730985725,0.000515268411742919,0.000515268411742919,0.0018925380051874165,0.0018210432627861128,0.008011028992121583,0.013425663143164523,1.0299920638612292e-18,3.3881317890172014e-21,6000,0.01,60.0,0.013692376369771034,0.002324181854765321,0.05491492270466563,0.007921662563283905,4.441012878747425,1.3514386399632607,-0.0153782310953593,0.017926745993967864,-0.8811077381409329,1.0271268858574145,[0.0],[0.0],0.0,[0.0],[0.0],0.0,[0.0],[0.0],0.0,[0.0],[0.0],0.0,[0.0],[0.0],0.0,[0.0],[0.0],0.0,[0.0],[0.0],0.0,[0.0],[0.0],0.0,"[0.0012157323403046145, 0.06373524968656628, -0.00618322106234438]",0.0637468435119121,0.006308930860889783,every physics interval; dwell = interval count * physics_dt,0.002,"[0.0, 0.0, 0.0, 0.0]","[0.0, 0.0, 0.0, 0.0]",0.0,"[0.0, 0.0, 0.0, 0.0]","[0.0, 0.0, 0.0, 0.0]",0.0,"[0.0, 0.0, 0.0, 0.0]","[0.0, 0.0, 0.0, 0.0]",0.0,"[0.0, 0.0, 0.0, 0.0]","[0.0, 0.0, 0.0, 0.0]",0.0,"[0.0, 0.0, 0.0, 0.0]","[0.0, 0.0, 0.0, 0.0]",0.0,"[0.0, 0.0, 0.0, 0.0]","[0.0, 0.0, 0.0, 0.0]",0.0,"[0.0, 0.0, 0.0, 0.0]","[0.0, 0.0, 0.0, 0.0]",0.0,"[0.0, 0.0, 0.0, 0.0]","[0.0, 0.0, 0.0, 0.0]",0.0,"[0.10644243302100408, 0.10671204466234556, 0.09907734637970009, 0.09108999512737494]","[0.040285671385354827, 0.039668816576382965, 0.07963285166728794, 0.07006296047753369]","[0.5454975438093234, 0.5462362977132903, 0.5250919353258158, 0.5024205684083305]","[0.3165103308031114, 0.3149798297456169, 0.417015230737796, 0.39193853288651814]","[0.057684785503413244, 0.05601452364610052, 0.08569998326398624, 0.08154355510224492]","[0.2, 0.2, 0.2, 0.2]","[0.2, 0.2, 0.2, 0.2]","[0.2, 0.19, 0.2, 0.2]","[0.2, 0.2, 0.2, 0.2]","[0.0012797281092769266, 0.0013866032317419754, 0.00046350598007428514, 0.0008290356254945051]","[0.4289555851942673, 0.14250067523731508]","[4.402402732075053, 1.042294813526034]",30000,"body origin, body frame; no gravity/external torque","[2.089738953128879e-07, 1.0605536144494532e-08, 4.411845746647602e-19]",2.0924284054455255e-07,6.103277315235154e-07,1.6525176509633868e-16,2.220446049250313e-16,"[0.00011230804490508347, 6.775838964991724e-05, 5.3155481921433464e-06]",0.00013127281276386374,0.0028935744872754555,0.0017761721713025168,0.05538944511395372,"[0.0001122904731932496, 6.774865664882256e-05, 5.315548192143348e-06]",0.00013125275578161193,0.0028929827836438682,0.0017761721713025174,0.05538944511395372,"[7.153563002976644e-17, 4.503773316027224e-17, 4.501928405368539e-19]",8.453370005840997e-17,8.852296623928242e-17,1.6525176509633868e-16,2.220446049250313e-16,"[2.0897389538419468e-07, 1.0605536144448176e-08, 1.540432167562053e-19]",2.0924284061577148e-07,6.103277316112358e-07,0.0,0.0
A_best-combined_motor2_70-eta095,pre_3_5,False,,"[-0.0013762209747797006, -0.03394071372641852]",0.03396860362791085,0.03434312551221735,0.00505808634938127,0.04202876009700014,0.006461303150693078,0.006461303150693078,0.006514672681031438,0.0008321789085413145,0.00764533581176674,0.034955560789220526,-1.196010521523072e-18,2.9434394917086937e-20,200,3.0100000000000002,5.0,0.01781773481441743,0.0020676966020689133,0.13258369413821072,0.025034986860578704,1.2888247983587884,0.13835220135746942,-0.017049457305259485,0.017926745993967864,-0.9768619465798581,1.0271268858574145,[0.0],[0.0],0.0,[0.0],[0.0],0.0,[0.0],[0.0],0.0,[0.0],[0.0],0.0,[0.0],[0.0],0.0,[0.0],[0.0],0.0,[0.0],[0.0],0.0,[0.0],[0.0],0.0,"[0.0005317849180558472, 0.04036298771930876, -0.003446314771563318]",0.04036649071727863,0.003446314771563318,every physics interval; dwell = interval count * physics_dt,0.002,"[0.0, 0.0, 0.0, 0.0]","[0.0, 0.0, 0.0, 0.0]",0.0,"[0.0, 0.0, 0.0, 0.0]","[0.0, 0.0, 0.0, 0.0]",0.0,"[0.0, 0.0, 0.0, 0.0]","[0.0, 0.0, 0.0, 0.0]",0.0,"[0.0, 0.0, 0.0, 0.0]","[0.0, 0.0, 0.0, 0.0]",0.0,"[0.0, 0.0, 0.0, 0.0]","[0.0, 0.0, 0.0, 0.0]",0.0,"[0.0, 0.0, 0.0, 0.0]","[0.0, 0.0, 0.0, 0.0]",0.0,"[0.0, 0.0, 0.0, 0.0]","[0.0, 0.0, 0.0, 0.0]",0.0,"[0.0, 0.0, 0.0, 0.0]","[0.0, 0.0, 0.0, 0.0]",0.0,"[0.1286521506890696, 0.12844461108331476, 0.10804559548844418, 0.10813063400869422]","[0.0704205520538593, 0.07022776575248785, 0.0914774905322643, 0.0915774211876318]","[0.6047229077085022, 0.6041828680180733, 0.5498822374163427, 0.5501142823535156]","[0.39286683840895853, 0.3923662870166258, 0.4488170967093429, 0.4490894939910999]","[0.07044574252715669, 0.07033676785322185, 0.09147964821973983, 0.09164751159567998]","[0.2, 0.2, 0.2, 0.2]","[0.2, 0.2, 0.2, 0.2]","[0.2, 0.2, 0.2, 0.2]","[0.2, 0.2, 0.2, 0.2]","[8.021935177856664e-05, 0.00012823828722820522, 3.9664002765137794e-05, 4.897143087860749e-05]","[0.6081988488747602, 0.28546071011230867]","[1.1679558295903452, 0.5489320376388197]",1000,"body origin, body frame; no gravity/external torque","[2.0810764545932525e-07, 1.1467121381181574e-09, 2.168496544660732e-19]",2.0811080473476602e-07,2.127060284929037e-07,4.886873367543068e-17,5.551115123125783e-17,"[6.371429223359969e-06, 6.226329398131368e-06, 4.0903941829972697e-07]",8.917937057865075e-06,2.864124785292116e-05,0.0001979684280317938,0.0005323570009163059,"[6.390751196056103e-06, 6.225520297329793e-06, 4.0903941829970675e-07]",8.931187886730449e-06,2.8788666551361496e-05,0.00019796842803179596,0.0005323570009163059,"[7.551742329129542e-17, 1.4819281649461944e-18, 2.210205729671161e-19]",7.553228569119581e-17,7.721439710533009e-17,4.886873367543068e-17,5.551115123125783e-17,"[2.0810764553483633e-07, 1.1467121382351734e-09, 1.462668697448798e-19]",2.0811080481027686e-07,2.1270602856882547e-07,0.0,0.0
A_best-combined_motor2_70-eta095,tail_18_20,False,,"[1.942139265216991e-05, -0.0010633486328018612]",0.001063525977761774,0.0010725920077740698,0.00013916217074576347,0.0013429490245419943,-4.678690733416813e-05,4.678690733416813e-05,4.697637657306768e-05,4.21488529364994e-06,5.210964283297592e-05,0.0010736202285243814,-3.639594695233322e-23,4.329773518832254e-25,200,18.01,20.0,0.00027283833122579594,1.2112805944599192e-05,0.004033616039206189,0.0001958145491697823,0.006126362727462661,0.0007249929425659876,-0.015573953067644357,0.015590648053642053,-0.8923217811108431,0.8932783333475411,[0.0],[0.0],0.0,[0.0],[0.0],0.0,[0.0],[0.0],0.0,[0.0],[0.0],0.0,[0.0],[0.0],0.0,[0.0],[0.0],0.0,[0.0],[0.0],0.0,[0.0],[0.0],0.0,"[0.001241303698854178, 0.06301180191182984, -0.006283375124548188]",0.06302402728363582,0.006301985668196184,every physics interval; dwell = interval count * physics_dt,0.002,"[0.0, 0.0, 0.0, 0.0]","[0.0, 0.0, 0.0, 0.0]",0.0,"[0.0, 0.0, 0.0, 0.0]","[0.0, 0.0, 0.0, 0.0]",0.0,"[0.0, 0.0, 0.0, 0.0]","[0.0, 0.0, 0.0, 0.0]",0.0,"[0.0, 0.0, 0.0, 0.0]","[0.0, 0.0, 0.0, 0.0]",0.0,"[0.0, 0.0, 0.0, 0.0]","[0.0, 0.0, 0.0, 0.0]",0.0,"[0.0, 0.0, 0.0, 0.0]","[0.0, 0.0, 0.0, 0.0]",0.0,"[0.0, 0.0, 0.0, 0.0]","[0.0, 0.0, 0.0, 0.0]",0.0,"[0.0, 0.0, 0.0, 0.0]","[0.0, 0.0, 0.0, 0.0]",0.0,"[0.12906373896458853, 0.13585655873519015, 0.10825739244445985, 0.10825774829190246]","[0.07093229681573263, 0.06413919831490111, 0.09174100610632058, 0.09174153087505207]","[0.6057932546673991, 0.6233390739245838, 0.5504600691404535, 0.5504610396962407]","[0.3941964404444357, 0.37665003370031414, 0.4495355629956903, 0.4495369942711882]","[0.0709324077232773, 0.06093235922456852, 0.09174105352066417, 0.09174154999912762]","[0.2, 0.2, 0.2, 0.2]","[0.2, 0.2, 0.2, 0.2]","[0.2, 0.19, 0.2, 0.2]","[0.2, 0.19, 0.2, 0.2]","[3.8813027092626155e-07, 4.193383482803324e-07, 1.5583549868048914e-07, 6.853320173425163e-08]","[0.0030053231125856776, 0.0012785524570562963]","[0.005699408538600976, 0.0022732937940781665]",1000,"body origin, body frame; no gravity/external torque","[2.080750037537247e-07, 3.393220917944605e-12, 4.509585241610047e-19]",2.080750037813922e-07,2.080931987867008e-07,1.713218385158806e-16,2.220446049250313e-16,"[2.4311717889469674e-08, 7.982105009562058e-09, 1.3562985180025137e-09]",2.5624464341538396e-08,5.073479493095197e-08,8.817532599315948e-07,1.7616202991899144e-06,"[2.076149619808206e-07, 7.981167966742147e-09, 1.3562985180122573e-09]",2.0777273889055037e-07,2.4940819647782555e-07,8.817532599441096e-07,1.7616202993564478e-06,"[7.112817602447723e-17, 4.701006572467878e-17, 4.872701888725675e-19]",8.526078310832364e-17,8.742780052112394e-17,1.713218385158806e-16,2.220446049250313e-16,"[2.0807500382484897e-07, 3.3932177296259715e-12, 1.54855044337518e-19]",2.0807500385251693e-07,2.0809319885760623e-07,0.0,0.0
A_best-combined_motor2_70-eta095,pre_second_28_30,False,,"[5.135808909514564e-06, -0.0001049013246933999]",0.00010502697013427151,0.00010596705899135837,1.4083789819961775e-05,0.00013062321379906004,-2.3076008990583486e-05,2.3076008990583486e-05,2.3162667954257246e-05,2.0017481923773673e-06,2.669900541629744e-05,0.0001084690129854476,7.263679753981274e-24,-3.42504472385238e-25,200,28.01,30.0,2.4409537230631288e-05,3.5029076916591166e-06,0.0003995499897914504,8.915167191687647e-05,0.0001658300093981971,1.6792310802048284e-05,-0.015518930758944394,0.015520282370661118,-0.8891692350432693,0.889246676690178,[0.0],[0.0],0.0,[0.0],[0.0],0.0,[0.0],[0.0],0.0,[0.0],[0.0],0.0,[0.0],[0.0],0.0,[0.0],[0.0],0.0,[0.0],[0.0],0.0,[0.0],[0.0],0.0,"[0.0012198928505164368, 0.06366416406298783, -0.006205765838290305]",0.0636758504019049,0.006214956725625274,every physics interval; dwell = interval count * physics_dt,0.002,"[0.0, 0.0, 0.0, 0.0]","[0.0, 0.0, 0.0, 0.0]",0.0,"[0.0, 0.0, 0.0, 0.0]","[0.0, 0.0, 0.0, 0.0]",0.0,"[0.0, 0.0, 0.0, 0.0]","[0.0, 0.0, 0.0, 0.0]",0.0,"[0.0, 0.0, 0.0, 0.0]","[0.0, 0.0, 0.0, 0.0]",0.0,"[0.0, 0.0, 0.0, 0.0]","[0.0, 0.0, 0.0, 0.0]",0.0,"[0.0, 0.0, 0.0, 0.0]","[0.0, 0.0, 0.0, 0.0]",0.0,"[0.0, 0.0, 0.0, 0.0]","[0.0, 0.0, 0.0, 0.0]",0.0,"[0.0, 0.0, 0.0, 0.0]","[0.0, 0.0, 0.0, 0.0]",0.0,"[0.12906540085158089, 0.13585831908632987, 0.10825802383112357, 0.10825802737347248]","[0.0709344908620797, 0.06414156134139606, 0.09174192935638717, 0.09174193164495768]","[0.6057975747100192, 0.6233435930555467, 0.5504617912147984, 0.550461800876363]","[0.39420214380225405, 0.37665609998189986, 0.44953808110668436, 0.4495380873486383]","[0.07093449945058619, 0.06093449312066168, 0.0917419318489637, 0.09174193707905062]","[0.2, 0.2, 0.2, 0.2]","[0.2, 0.2, 0.2, 0.2]","[0.2, 0.19, 0.2, 0.2]","[0.2, 0.19, 0.2, 0.2]","[1.0866986933173221e-08, 1.1729594364923943e-08, 5.273637497100552e-09, 5.19859957805025e-09]","[7.599067500423752e-05, 3.0440665261922305e-05]","[0.00015690157685078297, 5.368060530943968e-05]",1000,"body origin, body frame; no gravity/external torque","[2.0807407604379147e-07, 9.16826647248457e-14, 4.489570093095084e-19]",2.080740760438118e-07,2.0807451693092559e-07,1.7452939007636658e-16,2.220446049250313e-16,"[7.109894897054379e-10, 3.454484415707037e-10, 4.8947624517042116e-11]",7.919826703919021e-10,1.8806109053290247e-09,2.4914742758391663e-08,6.456019996381457e-08,"[2.0812586802945765e-07, 3.4540258930524415e-10, 4.894762450125767e-11]",2.0812616039756713e-07,2.0978926054803579e-07,2.4914742745564954e-08,6.456019979728111e-08,"[7.112493842445395e-17, 4.7069887991880094e-17, 4.576554956066381e-19]",8.529091786352846e-17,8.689615445951256e-17,1.7452939007636658e-16,2.220446049250313e-16,"[2.0807407611491328e-07, 9.168390146263937e-14, 1.4136266821186875e-19]",2.080740761149333e-07,2.0807451700204922e-07,0.0,0.0
A_best-combined_motor2_70-eta095,tail_58_60,False,,"[6.330611196452273e-09, -9.651265712300072e-08]",9.672005801829602e-08,9.806944616701427e-08,1.6212546019745875e-08,1.244789979098573e-07,-7.552366732166415e-08,7.552366732166415e-08,7.612356381396564e-08,9.537957958886765e-09,9.221271557446897e-08,1.241467407515953e-07,-1.6270256170183368e-29,7.099748146989106e-30,200,58.01,60.0,4.989222795142728e-08,1.7701777245856508e-08,3.7555505974077264e-07,2.886971166247089e-07,2.699869328381916e-06,5.258358386484791e-07,-0.015514386584165329,0.015514389174618566,-0.8889088730070591,0.8889090214290966,[0.0],[0.0],0.0,[0.0],[0.0],0.0,[0.0],[0.0],0.0,[0.0],[0.0],0.0,[0.0],[0.0],0.0,[0.0],[0.0],0.0,[0.0],[0.0],0.0,[0.0],[0.0],0.0,"[0.0012157323403046145, 0.06373524968656628, -0.00618322106234438]",0.0637468435119121,0.006183251150381979,every physics interval; dwell = interval count * physics_dt,0.002,"[0.0, 0.0, 0.0, 0.0]","[0.0, 0.0, 0.0, 0.0]",0.0,"[0.0, 0.0, 0.0, 0.0]","[0.0, 0.0, 0.0, 0.0]",0.0,"[0.0, 0.0, 0.0, 0.0]","[0.0, 0.0, 0.0, 0.0]",0.0,"[0.0, 0.0, 0.0, 0.0]","[0.0, 0.0, 0.0, 0.0]",0.0,"[0.0, 0.0, 0.0, 0.0]","[0.0, 0.0, 0.0, 0.0]",0.0,"[0.0, 0.0, 0.0, 0.0]","[0.0, 0.0, 0.0, 0.0]",0.0,"[0.0, 0.0, 0.0, 0.0]","[0.0, 0.0, 0.0, 0.0]",0.0,"[0.0, 0.0, 0.0, 0.0]","[0.0, 0.0, 0.0, 0.0]",0.0,"[0.1290654450663878, 0.13585836833927806, 0.10825804157496395, 0.10825804316006923]","[0.07093451420513075, 0.064141601147335, 0.09174193411566613, 0.09174193045145206]","[0.6057976896453501, 0.6233437194963263, 0.5504618396101578, 0.5504618439334463]","[0.39420220448194754, 0.3766562021705703, 0.44953809408735945, 0.4495380840934172]","[0.07093452891487237, 0.06093453020427533, 0.0917419395908819, 0.09174194072834352]","[0.2, 0.2, 0.2, 0.2]","[0.2, 0.2, 0.2, 0.2]","[0.2, 0.19, 0.2, 0.2]","[0.2, 0.19, 0.2, 0.2]","[6.05300908549474e-09, 5.6065099825331155e-09, 3.807455380991127e-09, 4.371208412582878e-09]","[1.7024932942534355e-06, 2.1689201819130736e-07]","[2.634807739998505e-06, 5.821415058287927e-07]",1000,"body origin, body frame; no gravity/external torque","[2.0807409374554435e-07, 6.05405235686398e-14, 4.478851430251852e-19]",2.080740937455529e-07,2.0807421663071678e-07,1.7474995049556956e-16,2.220446049250313e-16,"[3.342866978231814e-10, 3.9295802037245676e-10, 2.633032843884885e-11]",5.165819279768359e-10,1.141112471996875e-09,1.2724843546672819e-08,3.733346387591041e-08,"[2.0807472155663136e-07, 3.9290162445634563e-10, 2.6330328445128906e-11]",2.0807509417477724e-07,2.0893636532017661e-07,1.2724843548166437e-08,3.733346370937696e-08,"[7.115657927519525e-17, 4.703999774127279e-17, 4.542397518446681e-19]",8.530080008650708e-17,8.694269893561132e-17,1.7474995049556956e-16,2.220446049250313e-16,"[2.0807409381669753e-07, 6.054143635344937e-14, 1.6514075493068653e-19]",2.0807409381670584e-07,2.080742167020573e-07,0.0,0.0
A_best-combined_motor2_70-eta095,fault_5_60,False,,"[-6.212616675099827e-05, -0.0021202381716075303]",0.0021211481713771943,0.005386713078243971,0.004951505652060574,0.02768780450149978,0.00024793325789942343,0.00024793325789942343,0.0008387229919679896,0.0008012398872267344,0.004831957208877524,0.005451617562208521,1.3552527156068805e-20,4.235164736271502e-21,5500,5.01,60.0,0.002712463883151001,0.0003651392175660768,0.020661120099571793,0.0031149793125165,0.8908339080466806,0.297423502511118,-0.015641193394158412,0.017463631395234665,-0.8961743680331801,1.0005923739191076,[0.0],[0.0],0.0,[0.0],[0.0],0.0,[0.0],[0.0],0.0,[0.0],[0.0],0.0,[0.0],[0.0],0.0,[0.0],[0.0],0.0,[0.0],[0.0],0.0,[0.0],[0.0],0.0,"[0.0012157323403046145, 0.06373524968656628, -0.00618322106234438]",0.0637468435119121,0.006308930860889783,every physics interval; dwell = interval count * physics_dt,0.002,"[0.0, 0.0, 0.0, 0.0]","[0.0, 0.0, 0.0, 0.0]",0.0,"[0.0, 0.0, 0.0, 0.0]","[0.0, 0.0, 0.0, 0.0]",0.0,"[0.0, 0.0, 0.0, 0.0]","[0.0, 0.0, 0.0, 0.0]",0.0,"[0.0, 0.0, 0.0, 0.0]","[0.0, 0.0, 0.0, 0.0]",0.0,"[0.0, 0.0, 0.0, 0.0]","[0.0, 0.0, 0.0, 0.0]",0.0,"[0.0, 0.0, 0.0, 0.0]","[0.0, 0.0, 0.0, 0.0]",0.0,"[0.0, 0.0, 0.0, 0.0]","[0.0, 0.0, 0.0, 0.0]",0.0,"[0.0, 0.0, 0.0, 0.0]","[0.0, 0.0, 0.0, 0.0]",0.0,"[0.1278899928523483, 0.12689355095106095, 0.10673526911637027, 0.10327335121511624]","[0.06997182552629222, 0.05105698846730505, 0.09039927260606445, 0.0872436069593101]","[0.60273860986634, 0.6001398121636254, 0.546299908360881, 0.5367716301840646]","[0.391702049083791, 0.3434181400162287, 0.445882666951567, 0.43734192478365896]","[0.07038542045582405, 0.05601452364610052, 0.09115651501445704, 0.08959238635313493]","[0.2, 0.2, 0.2, 0.2]","[0.2, 0.2, 0.2, 0.2]","[0.2, 0.19, 0.2, 0.2]","[0.2, 0.19, 0.2, 0.2]","[6.453302893887683e-05, 0.0006137053799939696, 8.124445264338387e-05, 0.00025470196551303993]","[0.08585780562870987, 0.04356858135766146]","[0.7379097213169858, 0.5517846074342289]",27500,"body origin, body frame; no gravity/external torque","[2.0813353639680025e-07, 5.12729992797971e-09, 4.563453066915864e-19]",2.0819668147592685e-07,2.8810356249830826e-07,1.7202595468662335e-16,2.220446049250313e-16,"[2.423058753092068e-05, 3.338622021136068e-05, 2.1845990460620866e-06]",4.1310211147937855e-05,0.0007368906499337522,0.00040729903530293936,0.01113514599518095,"[2.4226381051141827e-05, 3.338149851105781e-05, 2.184599046062075e-06]",4.130392783587284e-05,0.0007366482588933215,0.00040729903530294174,0.011135145995181117,"[7.114575060598465e-17, 4.703769757124902e-17, 4.651605441008667e-19]",8.529055748689351e-17,8.772691051562805e-17,1.7202595468662335e-16,2.220446049250313e-16,"[2.0813353646792605e-07, 5.127299927694254e-09, 1.543573835614602e-19]",2.081966815470284e-07,2.8810356255353724e-07,0.0,0.0
A_best-combined_motor2_70-eta095,full_0_60,True,,,,,,,,,,,,,,,,,,,,,,,,,,,,,,,,,,,,,,,,,,,,,,,,,,,,,,,,,,,,,,,,,,,,,,,,,,,,,,,,,,,,,,,,,,,,,,,,,,,,,,,,,,,,,,,,,,,,,,,
A_best-combined_motor2_70-eta095,pre_3_5,True,,,,,,,,,,,,,,,,,,,,,,,,,,,,,,,,,,,,,,,,,,,,,,,,,,,,,,,,,,,,,,,,,,,,,,,,,,,,,,,,,,,,,,,,,,,,,,,,,,,,,,,,,,,,,,,,,,,,,,,
A_best-combined_motor2_70-eta095,tail_18_20,True,,,,,,,,,,,,,,,,,,,,,,,,,,,,,,,,,,,,,,,,,,,,,,,,,,,,,,,,,,,,,,,,,,,,,,,,,,,,,,,,,,,,,,,,,,,,,,,,,,,,,,,,,,,,,,,,,,,,,,,
A_best-combined_motor2_70-eta095,pre_second_28_30,True,,,,,,,,,,,,,,,,,,,,,,,,,,,,,,,,,,,,,,,,,,,,,,,,,,,,,,,,,,,,,,,,,,,,,,,,,,,,,,,,,,,,,,,,,,,,,,,,,,,,,,,,,,,,,,,,,,,,,,,
A_best-combined_motor2_70-eta095,tail_58_60,True,,,,,,,,,,,,,,,,,,,,,,,,,,,,,,,,,,,,,,,,,,,,,,,,,,,,,,,,,,,,,,,,,,,,,,,,,,,,,,,,,,,,,,,,,,,,,,,,,,,,,,,,,,,,,,,,,,,,,,,
A_best-combined_motor2_70-eta095,fault_5_60,True,,,,,,,,,,,,,,,,,,,,,,,,,,,,,,,,,,,,,,,,,,,,,,,,,,,,,,,,,,,,,,,,,,,,,,,,,,,,,,,,,,,,,,,,,,,,,,,,,,,,,,,,,,,,,,,,,,,,,,,
A_best-combined_motor2_70-eta090,full_0_60,False,,"[-0.00010131113976213679, -0.005311270882287876]",0.005312237036510978,0.013303192381025975,0.012196518568612494,0.0613809730985725,0.0005152684463106257,0.0005152684463106257,0.0018890031384330912,0.0018173693309965168,0.008011028992121583,0.013436638730858161,-7.318364664277155e-19,-2.498747194400186e-20,6000,0.01,60.0,0.01383315134407305,0.0023381624276608073,0.0549953254709615,0.007912340070217268,4.441012878747425,1.3514386399632607,-0.015369971560214355,0.017926745993967864,-0.8806345016363876,1.0271268858574145,[0.0],[0.0],0.0,[0.0],[0.0],0.0,[0.0],[0.0],0.0,[0.0],[0.0],0.0,[0.0],[0.0],0.0,[0.0],[0.0],0.0,[0.0],[0.0],0.0,[0.0],[0.0],0.0,"[0.0012157336829182268, 0.06373525042325968, -0.006183221471763018]",0.06374684427407686,0.006304513902366042,every physics interval; dwell = interval count * physics_dt,0.002,"[0.0, 0.0, 0.0, 0.0]","[0.0, 0.0, 0.0, 0.0]",0.0,"[0.0, 0.0, 0.0, 0.0]","[0.0, 0.0, 0.0, 0.0]",0.0,"[0.0, 0.0, 0.0, 0.0]","[0.0, 0.0, 0.0, 0.0]",0.0,"[0.0, 0.0, 0.0, 0.0]","[0.0, 0.0, 0.0, 0.0]",0.0,"[0.0, 0.0, 0.0, 0.0]","[0.0, 0.0, 0.0, 0.0]",0.0,"[0.0, 0.0, 0.0, 0.0]","[0.0, 0.0, 0.0, 0.0]",0.0,"[0.0, 0.0, 0.0, 0.0]","[0.0, 0.0, 0.0, 0.0]",0.0,"[0.0, 0.0, 0.0, 0.0]","[0.0, 0.0, 0.0, 0.0]",0.0,"[0.10644243302100408, 0.10671204466234556, 0.09907734637970009, 0.09108999512737494]","[0.040285671385354827, 0.02920084025898964, 0.07963285166728794, 0.07006296047753369]","[0.5454975438093234, 0.5462362977132903, 0.5250919353258158, 0.5024205684083305]","[0.3165103308031114, 0.2891541527716338, 0.417015230737796, 0.39193853288651814]","[0.057684785503413244, 0.04128446140680597, 0.08569998326398624, 0.08154355510224492]","[0.2, 0.2, 0.2, 0.2]","[0.2, 0.2, 0.2, 0.2]","[0.2, 0.18000000000000002, 0.2, 0.2]","[0.2, 0.2, 0.2, 0.2]","[0.001284502466061346, 0.0017581567523539774, 0.00048337251648097656, 0.0009254673320741936]","[0.4344295834366961, 0.14916974440364494]","[4.402402732075053, 1.042294813526034]",30000,"body origin, body frame; no gravity/external torque","[2.0908758325164774e-07, 1.353129542981575e-08, 5.59510536712415e-19]",2.0952497088897134e-07,6.103277315235154e-07,2.361454203728802e-16,2.7755575615628914e-16,"[0.00011900930257445435, 8.711785021602578e-05, 6.437269549376202e-06]",0.00014762849442019103,0.0028935744872754555,0.001897987157808347,0.05538944511395372,"[0.00011899055715513141, 8.710541836758705e-05, 6.437269549376188e-06]",0.00014760604676073593,0.0028929827836438682,0.0018979871578083491,0.05538944511395372,"[1.6201733228914776e-16, 1.3214696625050932e-17, 5.635399219434506e-19]",1.6255633406984762e-16,1.7883489696068466e-16,2.361454203728802e-16,2.7755575615628914e-16,"[2.0908758341102776e-07, 1.3531295429746395e-08, 1.5294553795833184e-19]",2.0952497104801548e-07,6.103277316112358e-07,0.0,0.0
A_best-combined_motor2_70-eta090,pre_3_5,False,,"[-0.0013762209747797006, -0.03394071372641852]",0.03396860362791085,0.03434312551221735,0.00505808634938127,0.04202876009700014,0.006461303150693078,0.006461303150693078,0.006514672681031438,0.0008321789085413145,0.00764533581176674,0.034955560789220526,-1.196010521523072e-18,2.9434394917086937e-20,200,3.0100000000000002,5.0,0.01781773481441743,0.0020676966020689133,0.13258369413821072,0.025034986860578704,1.2888247983587884,0.13835220135746942,-0.017049457305259485,0.017926745993967864,-0.9768619465798581,1.0271268858574145,[0.0],[0.0],0.0,[0.0],[0.0],0.0,[0.0],[0.0],0.0,[0.0],[0.0],0.0,[0.0],[0.0],0.0,[0.0],[0.0],0.0,[0.0],[0.0],0.0,[0.0],[0.0],0.0,"[0.0005317849180558472, 0.04036298771930876, -0.003446314771563318]",0.04036649071727863,0.003446314771563318,every physics interval; dwell = interval count * physics_dt,0.002,"[0.0, 0.0, 0.0, 0.0]","[0.0, 0.0, 0.0, 0.0]",0.0,"[0.0, 0.0, 0.0, 0.0]","[0.0, 0.0, 0.0, 0.0]",0.0,"[0.0, 0.0, 0.0, 0.0]","[0.0, 0.0, 0.0, 0.0]",0.0,"[0.0, 0.0, 0.0, 0.0]","[0.0, 0.0, 0.0, 0.0]",0.0,"[0.0, 0.0, 0.0, 0.0]","[0.0, 0.0, 0.0, 0.0]",0.0,"[0.0, 0.0, 0.0, 0.0]","[0.0, 0.0, 0.0, 0.0]",0.0,"[0.0, 0.0, 0.0, 0.0]","[0.0, 0.0, 0.0, 0.0]",0.0,"[0.0, 0.0, 0.0, 0.0]","[0.0, 0.0, 0.0, 0.0]",0.0,"[0.1286521506890696, 0.12844461108331476, 0.10804559548844418, 0.10813063400869422]","[0.0704205520538593, 0.07022776575248785, 0.0914774905322643, 0.0915774211876318]","[0.6047229077085022, 0.6041828680180733, 0.5498822374163427, 0.5501142823535156]","[0.39286683840895853, 0.3923662870166258, 0.4488170967093429, 0.4490894939910999]","[0.07044574252715669, 0.07033676785322185, 0.09147964821973983, 0.09164751159567998]","[0.2, 0.2, 0.2, 0.2]","[0.2, 0.2, 0.2, 0.2]","[0.2, 0.2, 0.2, 0.2]","[0.2, 0.2, 0.2, 0.2]","[8.021935177856664e-05, 0.00012823828722820522, 3.9664002765137794e-05, 4.897143087860749e-05]","[0.6081988488747602, 0.28546071011230867]","[1.1679558295903452, 0.5489320376388197]",1000,"body origin, body frame; no gravity/external torque","[2.0810764545932525e-07, 1.1467121381181574e-09, 2.168496544660732e-19]",2.0811080473476602e-07,2.127060284929037e-07,4.886873367543068e-17,5.551115123125783e-17,"[6.371429223359969e-06, 6.226329398131368e-06, 4.0903941829972697e-07]",8.917937057865075e-06,2.864124785292116e-05,0.0001979684280317938,0.0005323570009163059,"[6.390751196056103e-06, 6.225520297329793e-06, 4.0903941829970675e-07]",8.931187886730449e-06,2.8788666551361496e-05,0.00019796842803179596,0.0005323570009163059,"[7.551742329129542e-17, 1.4819281649461944e-18, 2.210205729671161e-19]",7.553228569119581e-17,7.721439710533009e-17,4.886873367543068e-17,5.551115123125783e-17,"[2.0810764553483633e-07, 1.1467121382351734e-09, 1.462668697448798e-19]",2.0811080481027686e-07,2.1270602856882547e-07,0.0,0.0
A_best-combined_motor2_70-eta090,tail_18_20,False,,"[2.2598466971243865e-05, -0.0010577343789444917]",0.001057975759226335,0.0010669109700051848,0.00013779082265108532,0.001340382210585849,-4.408445313993759e-05,4.408445313993759e-05,4.431609995864218e-05,4.5252300380215775e-06,4.988310579767674e-05,0.0010678309485274101,1.3003279229333595e-21,-2.552627671550359e-25,200,18.01,20.0,0.0002838975689666503,1.4202849988639342e-05,0.0040101979539530425,0.00018592276056414434,0.007842548857691329,0.0009421022408340993,-0.015574046948474536,0.015591927468198243,-0.8923271600861896,0.8933516384018584,[0.0],[0.0],0.0,[0.0],[0.0],0.0,[0.0],[0.0],0.0,[0.0],[0.0],0.0,[0.0],[0.0],0.0,[0.0],[0.0],0.0,[0.0],[0.0],0.0,[0.0],[0.0],0.0,"[0.001243462287101087, 0.06301557398119886, -0.006281363419592854]",0.0630278411707032,0.006298897434637233,every physics interval; dwell = interval count * physics_dt,0.002,"[0.0, 0.0, 0.0, 0.0]","[0.0, 0.0, 0.0, 0.0]",0.0,"[0.0, 0.0, 0.0, 0.0]","[0.0, 0.0, 0.0, 0.0]",0.0,"[0.0, 0.0, 0.0, 0.0]","[0.0, 0.0, 0.0, 0.0]",0.0,"[0.0, 0.0, 0.0, 0.0]","[0.0, 0.0, 0.0, 0.0]",0.0,"[0.0, 0.0, 0.0, 0.0]","[0.0, 0.0, 0.0, 0.0]",0.0,"[0.0, 0.0, 0.0, 0.0]","[0.0, 0.0, 0.0, 0.0]",0.0,"[0.0, 0.0, 0.0, 0.0]","[0.0, 0.0, 0.0, 0.0]",0.0,"[0.0, 0.0, 0.0, 0.0]","[0.0, 0.0, 0.0, 0.0]",0.0,"[0.12906321218053401, 0.14340354759883975, 0.10825718679720345, 0.10825762629952615]","[0.07093165506977225, 0.056590670980632085, 0.09174074467354369, 0.09174143366585855]","[0.605791885299671, 0.6425922510147362, 0.5504595082476029, 0.5504607069683477]","[0.3941947722496203, 0.3573930886244959, 0.44953484995409965, 0.4495367291387412]","[0.07093179368526675, 0.05093174395471209, 0.09174081047373989, 0.09174145780990245]","[0.2, 0.2, 0.2, 0.2]","[0.2, 0.2, 0.2, 0.2]","[0.2, 0.18000000000000002, 0.2, 0.2]","[0.2, 0.18000000000000002, 0.2, 0.2]","[5.032510134658189e-07, 5.741863476748094e-07, 2.0209842856969806e-07, 8.848345533592414e-08]","[0.0038797833051912216, 0.0016574916801214428]","[0.007283692803112399, 0.002948551400890569]",1000,"body origin, body frame; no gravity/external torque","[2.080752535572964e-07, 4.404924600115182e-12, 5.990737347772404e-19]",2.0807525360392237e-07,2.0809877799783896e-07,2.452248694230401e-16,2.7755575615628914e-16,"[3.151677087526508e-08, 1.0348929346473172e-08, 1.7558120345865123e-09]",3.321882088399658e-08,6.675748216350691e-08,1.1438821270017708e-06,2.2726217078772315e-06,"[2.0805350665010515e-07, 1.0347701194767404e-08, 1.7558120346000998e-09]",2.0831807272851384e-07,2.614171503339372e-07,1.1438821270233807e-06,2.2726217081547873e-06,"[1.6765221773424975e-16, 1.3789699885608117e-17, 5.864775033280037e-19]",1.6821939807884625e-16,1.699047271359697e-16,2.452248694230401e-16,2.7755575615628914e-16,"[2.080752537249468e-07, 4.404923670157589e-12, 1.5023145987371593e-19]",2.080752537715725e-07,2.0809877816458875e-07,0.0,0.0
A_best-combined_motor2_70-eta090,pre_second_28_30,False,,"[5.440968819423978e-06, -0.00010437639340647744]",0.00010451811155124116,0.00010545559909782284,1.403024372001579e-05,0.00012984736720423226,-2.2761709266085338e-05,2.2761709266085338e-05,2.2846028836196168e-05,1.961026483888383e-06,2.6324766666641075e-05,0.00010790192034743885,-1.370017889540952e-24,-4.6044233315940017e-26,200,28.01,30.0,2.4272998178750458e-05,3.4429296246783535e-06,0.0003977037132418551,8.794782186643263e-05,0.00020183035641598552,2.1735212431289008e-05,-0.015518936137943444,0.015520304659134426,-0.8891695432372129,0.8892479537256304,[0.0],[0.0],0.0,[0.0],[0.0],0.0,[0.0],[0.0],0.0,[0.0],[0.0],0.0,[0.0],[0.0],0.0,[0.0],[0.0],0.0,[0.0],[0.0],0.0,[0.0],[0.0],0.0,"[0.0012201006740122514, 0.06366451571929808, -0.0062055354390926085]",0.06367620597544642,0.006214601101650485,every physics interval; dwell = interval count * physics_dt,0.002,"[0.0, 0.0, 0.0, 0.0]","[0.0, 0.0, 0.0, 0.0]",0.0,"[0.0, 0.0, 0.0, 0.0]","[0.0, 0.0, 0.0, 0.0]",0.0,"[0.0, 0.0, 0.0, 0.0]","[0.0, 0.0, 0.0, 0.0]",0.0,"[0.0, 0.0, 0.0, 0.0]","[0.0, 0.0, 0.0, 0.0]",0.0,"[0.0, 0.0, 0.0, 0.0]","[0.0, 0.0, 0.0, 0.0]",0.0,"[0.0, 0.0, 0.0, 0.0]","[0.0, 0.0, 0.0, 0.0]",0.0,"[0.0, 0.0, 0.0, 0.0]","[0.0, 0.0, 0.0, 0.0]",0.0,"[0.0, 0.0, 0.0, 0.0]","[0.0, 0.0, 0.0, 0.0]",0.0,"[0.1290653873234059, 0.14340597378656766, 0.10825801984884455, 0.10825802924583713]","[0.07093447647180942, 0.05659385540611486, 0.09174191521125653, 0.09174192778999848]","[0.6057975395438494, 0.6425984032879047, 0.5504617803533469, 0.5504618059831338]","[0.3942021063950981, 0.35740116358353546, 0.44953804252661655, 0.44953807683444746]","[0.07093448602096264, 0.05093447793103684, 0.09174192415085018, 0.09174193583951219]","[0.2, 0.2, 0.2, 0.2]","[0.2, 0.2, 0.2, 0.2]","[0.2, 0.18000000000000002, 0.2, 0.2]","[0.2, 0.18000000000000002, 0.2, 0.2]","[1.2727773604517209e-08, 1.7325987577700913e-08, 6.283513828442116e-09, 5.740404974255935e-09]","[9.473166762516828e-05, 3.943543037811653e-05]","[0.00018967260142955971, 6.926601424726301e-05]",1000,"body origin, body frame; no gravity/external torque","[2.0807407167998662e-07, 1.3010519446102516e-13, 5.749123945415977e-19]",2.0807407168002725e-07,2.080746432751218e-07,2.4174453092569907e-16,2.7755575615628914e-16,"[8.923059251454746e-10, 5.563432535587713e-10, 5.762348633279667e-11]",1.0531135484871642e-09,2.2880457528326974e-09,3.052674706866494e-08,7.989873723746044e-08,"[2.081416618072062e-07, 5.56266428752298e-10, 5.762348630828932e-11]",2.0814241310379613e-07,2.0988066927241653e-07,3.052674705041218e-08,7.989873701541583e-08,"[1.6763231509730318e-16, 1.3736844909547459e-17, 5.72742607258364e-19]",1.681951902018743e-16,1.70069581489435e-16,2.4174453092569907e-16,2.7755575615628914e-16,"[2.0807407184761733e-07, 1.3010534418096178e-13, 1.438356721209042e-19]",2.080740718476579e-07,2.0807464344382366e-07,0.0,0.0
A_best-combined_motor2_70-eta090,tail_58_60,False,,"[5.656660465022706e-09, -9.685311705351034e-08]",9.701816371482984e-08,9.815091892373281e-08,1.4868718672960216e-08,1.2604623874213372e-07,-7.359552506913669e-08,7.359552506913669e-08,7.414368005466671e-08,8.999110058603292e-09,8.926754713201035e-08,1.2300767527931724e-07,7.568134309464082e-30,2.465190328815662e-31,200,58.01,60.0,4.032572378047582e-08,1.6839627113942006e-08,3.7090171381743564e-07,2.810330895105994e-07,2.091309789151873e-06,4.0111829174787003e-07,-0.015514385010493794,0.01551438742538089,-0.8889087828423218,0.8889089212051604,[0.0],[0.0],0.0,[0.0],[0.0],0.0,[0.0],[0.0],0.0,[0.0],[0.0],0.0,[0.0],[0.0],0.0,[0.0],[0.0],0.0,[0.0],[0.0],0.0,[0.0],[0.0],0.0,"[0.0012157336829182268, 0.06373525042325968, -0.006183221471763018]",0.06374684427407686,0.006183250793937494,every physics interval; dwell = interval count * physics_dt,0.002,"[0.0, 0.0, 0.0, 0.0]","[0.0, 0.0, 0.0, 0.0]",0.0,"[0.0, 0.0, 0.0, 0.0]","[0.0, 0.0, 0.0, 0.0]",0.0,"[0.0, 0.0, 0.0, 0.0]","[0.0, 0.0, 0.0, 0.0]",0.0,"[0.0, 0.0, 0.0, 0.0]","[0.0, 0.0, 0.0, 0.0]",0.0,"[0.0, 0.0, 0.0, 0.0]","[0.0, 0.0, 0.0, 0.0]",0.0,"[0.0, 0.0, 0.0, 0.0]","[0.0, 0.0, 0.0, 0.0]",0.0,"[0.0, 0.0, 0.0, 0.0]","[0.0, 0.0, 0.0, 0.0]",0.0,"[0.0, 0.0, 0.0, 0.0]","[0.0, 0.0, 0.0, 0.0]",0.0,"[0.12906545215637877, 0.14340605409628188, 0.10825804729163388, 0.10825804209414908]","[0.07093452536575434, 0.05659390987623711, 0.09174193781630093, 0.09174193184389899]","[0.6057977080756106, 0.6425986069351143, 0.5504618552020633, 0.5504618410262059]","[0.3942022334937172, 0.3574013017073807, 0.4495381041806401, 0.44953808789123895]","[0.07093453053716545, 0.05093452802222337, 0.0917419419846238, 0.09174194112314783]","[0.2, 0.2, 0.2, 0.2]","[0.2, 0.2, 0.2, 0.2]","[0.2, 0.18000000000000002, 0.2, 0.2]","[0.2, 0.18000000000000002, 0.2, 0.2]","[3.840539985685995e-09, 5.318434673198284e-09, 2.83144128624128e-09, 4.1743036184213535e-09]","[1.3645404726455637e-06, 3.339982954965507e-07]","[2.065990703385076e-06, 7.164860217918627e-07]",1000,"body origin, body frame; no gravity/external torque","[2.0807409364903434e-07, 4.3392545468751046e-14, 5.796853179728541e-19]",2.08074093649038e-07,2.0807421653441622e-07,2.4610291524297267e-16,2.7755575615628914e-16,"[2.6038267567013625e-10, 2.822819999890466e-10, 2.4680565512445875e-11]",3.8482644870248936e-10,8.175194816003403e-10,1.082560603111788e-08,3.144622784390094e-08,"[2.0807757820458188e-07, 2.8224127267809796e-10, 2.468056549889379e-11]",2.080777710875197e-07,2.0885420071426488e-07,1.0825606040407603e-08,3.14462281214567e-08,"[1.6760950451550085e-16, 1.384131447846781e-17, 5.853645791456861e-19]",1.6818106505226466e-16,1.7025701256375165e-16,2.4610291524297267e-16,2.7755575615628914e-16,"[2.0807409381664194e-07, 4.339248774057892e-14, 1.470683380443598e-19]",2.0807409381664589e-07,2.0807421670246756e-07,0.0,0.0
A_best-combined_motor2_70-eta090,fault_5_60,False,,"[-6.212628915616984e-05, -0.00212023823892239]",0.0021211482422482954,0.005417830974811272,0.004985340771304553,0.028818520484007723,0.00024793329560964504,0.00024793329560964504,0.0008299842222481106,0.0007920876782963747,0.004855971695651773,0.005481036971304359,-5.082197683525802e-20,1.0587911840678754e-22,5500,5.01,60.0,0.0034036201178127214,0.00045214439160960306,0.020893117129874607,0.003089023216226483,1.3765531027203812,0.5458214229432348,-0.01563218299218211,0.017488035482100782,-0.8956581100282216,1.0019906250994066,[0.0],[0.0],0.0,[0.0],[0.0],0.0,[0.0],[0.0],0.0,[0.0],[0.0],0.0,[0.0],[0.0],0.0,[0.0],[0.0],0.0,[0.0],[0.0],0.0,[0.0],[0.0],0.0,"[0.0012157336829182268, 0.06373525042325968, -0.006183221471763018]",0.06374684427407686,0.006304513902366042,every physics interval; dwell = interval count * physics_dt,0.002,"[0.0, 0.0, 0.0, 0.0]","[0.0, 0.0, 0.0, 0.0]",0.0,"[0.0, 0.0, 0.0, 0.0]","[0.0, 0.0, 0.0, 0.0]",0.0,"[0.0, 0.0, 0.0, 0.0]","[0.0, 0.0, 0.0, 0.0]",0.0,"[0.0, 0.0, 0.0, 0.0]","[0.0, 0.0, 0.0, 0.0]",0.0,"[0.0, 0.0, 0.0, 0.0]","[0.0, 0.0, 0.0, 0.0]",0.0,"[0.0, 0.0, 0.0, 0.0]","[0.0, 0.0, 0.0, 0.0]",0.0,"[0.0, 0.0, 0.0, 0.0]","[0.0, 0.0, 0.0, 0.0]",0.0,"[0.0, 0.0, 0.0, 0.0]","[0.0, 0.0, 0.0, 0.0]",0.0,"[0.1267595947904066, 0.12463430788249104, 0.10513650910309237, 0.09839260804880119]","[0.06900514537473906, 0.02920084025898964, 0.0890213249978373, 0.08305921280876823]","[0.5997900476878373, 0.5942280233113697, 0.5419113090106167, 0.5231715939972168]","[0.3891961627186412, 0.2891541527716338, 0.4421446888372732, 0.4261208675923188]","[0.06997325615377403, 0.04128446140680597, 0.09048388435797147, 0.08755201854653691]","[0.2, 0.2, 0.2, 0.2]","[0.2, 0.2, 0.2, 0.2]","[0.2, 0.18000000000000002, 0.2, 0.2]","[0.2, 0.18000000000000002, 0.2, 0.2]","[0.0001323632226435275, 0.0012850304895787312, 0.0001646874796347494, 0.000499443378933693]","[0.1119257941708999, 0.0634052453558628]","[1.0206122529287072, 0.9237636783310688]",27500,"body origin, body frame; no gravity/external torque","[2.0825805698191294e-07, 1.0165020051975568e-08, 5.808817724784591e-19]",2.085059853590275e-07,3.794615183879133e-07,2.4624459094969924e-16,2.7755575615628914e-16,"[4.773005616751583e-05, 6.622337008513385e-05, 4.376568216937185e-06]",8.174868412729712e-05,0.0014806123595970373,0.0008087942526826123,0.021772868956442593,"[4.772203683136833e-05, 6.621401255608352e-05, 4.376568216937169e-06]",8.173642154798118e-05,0.0014802661466516574,0.0008087942526826173,0.02177286895644287,"[1.6767558810290798e-16, 1.3793162024456862e-17, 5.845714396897955e-19]",1.6824296683088153e-16,1.7883489696068466e-16,2.4624459094969924e-16,2.7755575615628914e-16,"[2.0825805714949886e-07, 1.0165020051783568e-08, 1.5316198195864656e-19]",2.0850598552640623e-07,3.794615185437116e-07,0.0,0.0
A_best-combined_motor2_70-eta090,full_0_60,True,,,,,,,,,,,,,,,,,,,,,,,,,,,,,,,,,,,,,,,,,,,,,,,,,,,,,,,,,,,,,,,,,,,,,,,,,,,,,,,,,,,,,,,,,,,,,,,,,,,,,,,,,,,,,,,,,,,,,,,
A_best-combined_motor2_70-eta090,pre_3_5,True,,,,,,,,,,,,,,,,,,,,,,,,,,,,,,,,,,,,,,,,,,,,,,,,,,,,,,,,,,,,,,,,,,,,,,,,,,,,,,,,,,,,,,,,,,,,,,,,,,,,,,,,,,,,,,,,,,,,,,,
A_best-combined_motor2_70-eta090,tail_18_20,True,,,,,,,,,,,,,,,,,,,,,,,,,,,,,,,,,,,,,,,,,,,,,,,,,,,,,,,,,,,,,,,,,,,,,,,,,,,,,,,,,,,,,,,,,,,,,,,,,,,,,,,,,,,,,,,,,,,,,,,
A_best-combined_motor2_70-eta090,pre_second_28_30,True,,,,,,,,,,,,,,,,,,,,,,,,,,,,,,,,,,,,,,,,,,,,,,,,,,,,,,,,,,,,,,,,,,,,,,,,,,,,,,,,,,,,,,,,,,,,,,,,,,,,,,,,,,,,,,,,,,,,,,,
A_best-combined_motor2_70-eta090,tail_58_60,True,,,,,,,,,,,,,,,,,,,,,,,,,,,,,,,,,,,,,,,,,,,,,,,,,,,,,,,,,,,,,,,,,,,,,,,,,,,,,,,,,,,,,,,,,,,,,,,,,,,,,,,,,,,,,,,,,,,,,,,
A_best-combined_motor2_70-eta090,fault_5_60,True,,,,,,,,,,,,,,,,,,,,,,,,,,,,,,,,,,,,,,,,,,,,,,,,,,,,,,,,,,,,,,,,,,,,,,,,,,,,,,,,,,,,,,,,,,,,,,,,,,,,,,,,,,,,,,,,,,,,,,,
A_best-combined_motor2_70-eta085,full_0_60,False,,"[-0.0001013110464333906, -0.005311270845583349]",0.005312236998033229,0.013315472868355315,0.012209912193977207,0.0613809730985725,0.0005152683480111419,0.0005152683480111419,0.0018827368974205626,0.0018108552549684028,0.008011028992121583,0.013447918646869311,1.0842021724855044e-19,-4.658681209898652e-21,6000,0.01,60.0,0.014010524001686172,0.0023564974592204203,0.055088059685402264,0.007893940545641293,4.441012878747425,1.3514386399632607,-0.015362897654456413,0.017926745993967864,-0.8802291966917842,1.0271268858574145,[0.0],[0.0],0.0,[0.0],[0.0],0.0,[0.0],[0.0],0.0,[0.0],[0.0],0.0,[0.0],[0.0],0.0,[0.0],[0.0],0.0,[0.0],[0.0],0.0,[0.0],[0.0],0.0,"[0.0012157325694865933, 0.06373525001540827, -0.006183220295739286]",0.06374684384506507,0.006297399016791734,every physics interval; dwell = interval count * physics_dt,0.002,"[0.0, 0.0, 0.0, 0.0]","[0.0, 0.0, 0.0, 0.0]",0.0,"[0.0, 0.0, 0.0, 0.0]","[0.0, 0.0, 0.0, 0.0]",0.0,"[0.0, 0.0, 0.0, 0.0]","[0.0, 0.0, 0.0, 0.0]",0.0,"[0.0, 0.0, 0.0, 0.0]","[0.0, 0.0, 0.0, 0.0]",0.0,"[0.0, 0.0, 0.0, 0.0]","[0.0, 0.0, 0.0, 0.0]",0.0,"[0.0, 0.0, 0.0, 0.0]","[0.0, 0.0, 0.0, 0.0]",0.0,"[0.0, 0.0, 0.0, 0.0]","[0.0, 0.0, 0.0, 0.0]",0.0,"[0.0, 0.0, 0.0, 0.0]","[0.0, 0.0, 0.0, 0.0]",0.0,"[0.10644243302100408, 0.10671204466234556, 0.09907734637970009, 0.09108999512737494]","[0.040285671385354827, 0.00508803378486844, 0.07963285166728794, 0.07006296047753369]","[0.5454975438093234, 0.5462362977132903, 0.5250919353258158, 0.5024205684083305]","[0.3165103308031114, 0.23044813590172486, 0.417015230737796, 0.39193853288651814]","[0.057684785503413244, 0.026576376849548694, 0.08569998326398624, 0.08154355510224492]","[0.2, 0.2, 0.2, 0.2]","[0.2, 0.2, 0.2, 0.2]","[0.2, 0.17, 0.2, 0.2]","[0.2, 0.2, 0.2, 0.2]","[0.0012935257817603852, 0.002299649142743501, 0.0005157715821538217, 0.0010534332358399286]","[0.4414137429798099, 0.15830994007367485]","[4.402402732075053, 1.3036422222881778]",30000,"body origin, body frame; no gravity/external torque","[2.092469537544311e-07, 1.7166860099171642e-08, 6.377494024232911e-19]",2.09949967233086e-07,6.103277315235154e-07,1.11297204910906e-16,2.220446049250313e-16,"[0.00012865387466487493, 0.00011104755077791433, 7.9628767484424e-06]",0.00017013754848995747,0.0028935744872754555,0.002081462517969845,0.05538944511395372,"[0.00012863363489140246, 0.00011103177547229718, 7.962876748442396e-06]",0.00017011194724656154,0.0028929827836438682,0.0020814625179698433,0.05538944511395372,"[1.0066763360012687e-16, 3.8319836822607314e-17, 6.448434434062466e-19]",1.0771628554599869e-16,1.2285847783296955e-16,1.11297204910906e-16,2.220446049250313e-16,"[2.0924695385440982e-07, 1.7166860098592828e-08, 1.520719967488332e-19]",2.0994996733268326e-07,6.103277316112358e-07,0.0,0.0
A_best-combined_motor2_70-eta085,pre_3_5,False,,"[-0.0013762209747797006, -0.03394071372641852]",0.03396860362791085,0.03434312551221735,0.00505808634938127,0.04202876009700014,0.006461303150693078,0.006461303150693078,0.006514672681031438,0.0008321789085413145,0.00764533581176674,0.034955560789220526,-1.196010521523072e-18,2.9434394917086937e-20,200,3.0100000000000002,5.0,0.01781773481441743,0.0020676966020689133,0.13258369413821072,0.025034986860578704,1.2888247983587884,0.13835220135746942,-0.017049457305259485,0.017926745993967864,-0.9768619465798581,1.0271268858574145,[0.0],[0.0],0.0,[0.0],[0.0],0.0,[0.0],[0.0],0.0,[0.0],[0.0],0.0,[0.0],[0.0],0.0,[0.0],[0.0],0.0,[0.0],[0.0],0.0,[0.0],[0.0],0.0,"[0.0005317849180558472, 0.04036298771930876, -0.003446314771563318]",0.04036649071727863,0.003446314771563318,every physics interval; dwell = interval count * physics_dt,0.002,"[0.0, 0.0, 0.0, 0.0]","[0.0, 0.0, 0.0, 0.0]",0.0,"[0.0, 0.0, 0.0, 0.0]","[0.0, 0.0, 0.0, 0.0]",0.0,"[0.0, 0.0, 0.0, 0.0]","[0.0, 0.0, 0.0, 0.0]",0.0,"[0.0, 0.0, 0.0, 0.0]","[0.0, 0.0, 0.0, 0.0]",0.0,"[0.0, 0.0, 0.0, 0.0]","[0.0, 0.0, 0.0, 0.0]",0.0,"[0.0, 0.0, 0.0, 0.0]","[0.0, 0.0, 0.0, 0.0]",0.0,"[0.0, 0.0, 0.0, 0.0]","[0.0, 0.0, 0.0, 0.0]",0.0,"[0.0, 0.0, 0.0, 0.0]","[0.0, 0.0, 0.0, 0.0]",0.0,"[0.1286521506890696, 0.12844461108331476, 0.10804559548844418, 0.10813063400869422]","[0.0704205520538593, 0.07022776575248785, 0.0914774905322643, 0.0915774211876318]","[0.6047229077085022, 0.6041828680180733, 0.5498822374163427, 0.5501142823535156]","[0.39286683840895853, 0.3923662870166258, 0.4488170967093429, 0.4490894939910999]","[0.07044574252715669, 0.07033676785322185, 0.09147964821973983, 0.09164751159567998]","[0.2, 0.2, 0.2, 0.2]","[0.2, 0.2, 0.2, 0.2]","[0.2, 0.2, 0.2, 0.2]","[0.2, 0.2, 0.2, 0.2]","[8.021935177856664e-05, 0.00012823828722820522, 3.9664002765137794e-05, 4.897143087860749e-05]","[0.6081988488747602, 0.28546071011230867]","[1.1679558295903452, 0.5489320376388197]",1000,"body origin, body frame; no gravity/external torque","[2.0810764545932525e-07, 1.1467121381181574e-09, 2.168496544660732e-19]",2.0811080473476602e-07,2.127060284929037e-07,4.886873367543068e-17,5.551115123125783e-17,"[6.371429223359969e-06, 6.226329398131368e-06, 4.0903941829972697e-07]",8.917937057865075e-06,2.864124785292116e-05,0.0001979684280317938,0.0005323570009163059,"[6.390751196056103e-06, 6.225520297329793e-06, 4.0903941829970675e-07]",8.931187886730449e-06,2.8788666551361496e-05,0.00019796842803179596,0.0005323570009163059,"[7.551742329129542e-17, 1.4819281649461944e-18, 2.210205729671161e-19]",7.553228569119581e-17,7.721439710533009e-17,4.886873367543068e-17,5.551115123125783e-17,"[2.0810764553483633e-07, 1.1467121382351734e-09, 1.462668697448798e-19]",2.0811080481027686e-07,2.1270602856882547e-07,0.0,0.0
A_best-combined_motor2_70-eta085,tail_18_20,False,,"[2.427170130652491e-05, -0.0010524165308538514]",0.0010526963806809487,0.0010615058080561779,0.00013647311324297936,0.0013376437485097283,-3.947842567621929e-05,3.947842567621929e-05,3.9802194900793065e-05,5.066421325545928e-06,4.617475298984708e-05,0.0010622517570029809,-7.77549775799846e-22,5.040631857745012e-25,200,18.01,20.0,0.00029687890580106386,1.6625838589506115e-05,0.003988188927082179,0.00016899031409065222,0.009579474626906314,0.0011599363503225657,-0.015574251085740318,0.01559345771103007,-0.8923388562899602,0.8934393148577522,[0.0],[0.0],0.0,[0.0],[0.0],0.0,[0.0],[0.0],0.0,[0.0],[0.0],0.0,[0.0],[0.0],0.0,[0.0],[0.0],0.0,[0.0],[0.0],0.0,[0.0],[0.0],0.0,"[0.0012446556020293538, 0.06301910450258892, -0.00627799464926549]",0.06303139455760032,0.006293693670029999,every physics interval; dwell = interval count * physics_dt,0.002,"[0.0, 0.0, 0.0, 0.0]","[0.0, 0.0, 0.0, 0.0]",0.0,"[0.0, 0.0, 0.0, 0.0]","[0.0, 0.0, 0.0, 0.0]",0.0,"[0.0, 0.0, 0.0, 0.0]","[0.0, 0.0, 0.0, 0.0]",0.0,"[0.0, 0.0, 0.0, 0.0]","[0.0, 0.0, 0.0, 0.0]",0.0,"[0.0, 0.0, 0.0, 0.0]","[0.0, 0.0, 0.0, 0.0]",0.0,"[0.0, 0.0, 0.0, 0.0]","[0.0, 0.0, 0.0, 0.0]",0.0,"[0.0, 0.0, 0.0, 0.0]","[0.0, 0.0, 0.0, 0.0]",0.0,"[0.0, 0.0, 0.0, 0.0]","[0.0, 0.0, 0.0, 0.0]",0.0,"[0.12906267957005904, 0.15183841239488952, 0.10825697675532638, 0.10825751792298999]","[0.07093101327952714, 0.048154061092929024, 0.09174048196747871, 0.09174132380287184]","[0.605790500784818, 0.6638509091801984, 0.5504589353683155, 0.5504604113768644]","[0.3941931039417751, 0.3361302315752397, 0.44953413344020754, 0.4495364294938914]","[0.07093118308406834, 0.04093112007155733, 0.09174055892627755, 0.09174136399100438]","[0.2, 0.2, 0.2, 0.2]","[0.2, 0.2, 0.2, 0.2]","[0.2, 0.17, 0.2, 0.2]","[0.2, 0.17, 0.2, 0.2]","[6.184310671041893e-07, 7.475825228628725e-07, 2.484032511133627e-07, 1.0848708148255111e-07]","[0.004759469693607794, 0.002036502066071361]","[0.008878094842688864, 0.0036323523938235286]",1000,"body origin, body frame; no gravity/external torque","[2.0807552775225864e-07, 5.4207530162011094e-12, 6.512874774927511e-19]",2.0807552782286892e-07,2.0810446801502642e-07,1.1577768529788096e-16,1.6653345369377348e-16,"[3.8734103794271885e-08, 1.2719295261538353e-08, 2.15482238194058e-09]",4.082590511174653e-08,8.194796492781476e-08,1.4063953295787053e-06,2.830253898911117e-06,"[2.0877545241210547e-07, 1.2717767040932578e-08, 2.1548223819688082e-09]",2.0917355088032656e-07,2.745417890671832e-07,1.4063953295708717e-06,2.8302538988000947e-06,"[1.0261011595908677e-16, 3.992996919129537e-17, 6.644117093545061e-19]",1.101075827528448e-16,1.1222489251896704e-16,1.1577768529788096e-16,1.6653345369377348e-16,"[2.0807552785486667e-07, 5.420750299981169e-12, 1.4465061162897554e-19]",2.080755279254767e-07,2.0810446811715646e-07,0.0,0.0
A_best-combined_motor2_70-eta085,pre_second_28_30,False,,"[5.614982333315978e-06, -0.00010388849911841486]",0.00010404012819907679,0.00010497585007342278,1.3985021378510913e-05,0.00012911790900806472,-2.22436771223683e-05,2.22436771223683e-05,2.232416979411493e-05,1.8940393534196482e-06,2.56987383256968e-05,0.00010732333229840662,-4.3685476100456774e-24,1.1026382188817215e-25,200,28.01,30.0,2.4164579842365967e-05,3.3384560785476636e-06,0.0003959745182800509,8.596857611544459e-05,0.00023576677508180513,2.651828660723152e-05,-0.015518955459756177,0.015520343866961965,-0.889170650295535,0.8892502001686722,[0.0],[0.0],0.0,[0.0],[0.0],0.0,[0.0],[0.0],0.0,[0.0],[0.0],0.0,[0.0],[0.0],0.0,[0.0],[0.0],0.0,[0.0],[0.0],0.0,[0.0],[0.0],0.0,"[0.0012202243974914998, 0.0636648395213502, -0.006205161510689303]",0.06367653208882773,0.006214020779595385,every physics interval; dwell = interval count * physics_dt,0.002,"[0.0, 0.0, 0.0, 0.0]","[0.0, 0.0, 0.0, 0.0]",0.0,"[0.0, 0.0, 0.0, 0.0]","[0.0, 0.0, 0.0, 0.0]",0.0,"[0.0, 0.0, 0.0, 0.0]","[0.0, 0.0, 0.0, 0.0]",0.0,"[0.0, 0.0, 0.0, 0.0]","[0.0, 0.0, 0.0, 0.0]",0.0,"[0.0, 0.0, 0.0, 0.0]","[0.0, 0.0, 0.0, 0.0]",0.0,"[0.0, 0.0, 0.0, 0.0]","[0.0, 0.0, 0.0, 0.0]",0.0,"[0.0, 0.0, 0.0, 0.0]","[0.0, 0.0, 0.0, 0.0]",0.0,"[0.0, 0.0, 0.0, 0.0]","[0.0, 0.0, 0.0, 0.0]",0.0,"[0.12906537977554505, 0.15184160788853202, 0.10825801297529264, 0.10825803110800279]","[0.07093446275264015, 0.048158178355418274, 0.09174191180926167, 0.09174191857450889]","[0.605797519923363, 0.6638589161779932, 0.5504617616061083, 0.5504618110620919]","[0.39420207073245206, 0.33614054821136463, 0.4495380332478601, 0.44953805169970096]","[0.07093447240511991, 0.04093446138697307, 0.09174192142085537, 0.09174193065515594]","[0.2, 0.2, 0.2, 0.2]","[0.2, 0.2, 0.2, 0.2]","[0.2, 0.17, 0.2, 0.2]","[0.2, 0.17, 0.2, 0.2]","[1.54868711698814e-08, 1.9291195172655407e-08, 7.0532409735841305e-09, 6.065533140451186e-09]","[0.00011409856614739752, 4.84415896952437e-05]","[0.00022021643432508454, 8.480149126417049e-05]",1000,"body origin, body frame; no gravity/external torque","[2.0807406826798222e-07, 1.356083899234895e-13, 6.533132944057201e-19]",2.0807406826802634e-07,2.08074801393531e-07,1.1430445635548514e-16,1.6653345369377348e-16,"[1.0104265853116626e-09, 4.383029805336007e-10, 6.3576365479067e-11]",1.1032285988392215e-09,2.7035861740835234e-09,3.6003957634771817e-08,9.772199233148982e-08,"[2.0815944716659795e-07, 4.3824929547473997e-10, 6.357636544861487e-11]",2.0815991820978155e-07,2.1073627529681343e-07,3.600395763990597e-08,9.772199244251212e-08,"[1.0267003016718114e-16, 4.000770343542884e-17, 6.7712919451701e-19]",1.1019169629628708e-16,1.1214458794240113e-16,1.1430445635548514e-16,1.6653345369377348e-16,"[2.0807406837064962e-07, 1.3560979438799172e-13, 1.6299132593050371e-19]",2.0807406837069377e-07,2.0807480149587964e-07,0.0,0.0
A_best-combined_motor2_70-eta085,tail_58_60,False,,"[6.534815862945797e-09, -9.464233848273734e-08]",9.486767653865901e-08,9.610090551585968e-08,1.5346269550759325e-08,1.1785743009908073e-07,-7.475467416417913e-08,7.475467416417913e-08,7.531103636435369e-08,9.137334889365525e-09,9.117201893449334e-08,1.2209478383305814e-07,-7.395570986446986e-30,-4.215475462274782e-30,200,58.01,60.0,4.954132542890944e-08,1.6771674037877194e-08,3.677223719852261e-07,2.85486413351117e-07,2.831646840510158e-06,5.995234940486514e-07,-0.01551438677439134,0.01551438869253017,-0.8889088839062067,0.8889089938074662,[0.0],[0.0],0.0,[0.0],[0.0],0.0,[0.0],[0.0],0.0,[0.0],[0.0],0.0,[0.0],[0.0],0.0,[0.0],[0.0],0.0,[0.0],[0.0],0.0,[0.0],[0.0],0.0,"[0.0012157325694865933, 0.06373525001540827, -0.006183220295739286]",0.06374684384506507,0.006183250078003319,every physics interval; dwell = interval count * physics_dt,0.002,"[0.0, 0.0, 0.0, 0.0]","[0.0, 0.0, 0.0, 0.0]",0.0,"[0.0, 0.0, 0.0, 0.0]","[0.0, 0.0, 0.0, 0.0]",0.0,"[0.0, 0.0, 0.0, 0.0]","[0.0, 0.0, 0.0, 0.0]",0.0,"[0.0, 0.0, 0.0, 0.0]","[0.0, 0.0, 0.0, 0.0]",0.0,"[0.0, 0.0, 0.0, 0.0]","[0.0, 0.0, 0.0, 0.0]",0.0,"[0.0, 0.0, 0.0, 0.0]","[0.0, 0.0, 0.0, 0.0]",0.0,"[0.0, 0.0, 0.0, 0.0]","[0.0, 0.0, 0.0, 0.0]",0.0,"[0.0, 0.0, 0.0, 0.0]","[0.0, 0.0, 0.0, 0.0]",0.0,"[0.12906544773470924, 0.15184170539954284, 0.10825804450690563, 0.10825804424509258]","[0.07093451660736727, 0.0481582573056214, 0.09174193649245696, 0.09174193439952509]","[0.6057976965815867, 0.6638591605123135, 0.5504618476068683, 0.5504618468927885]","[0.3942022107265023, 0.33614074603764854, 0.4495381005699268, 0.4495380948615699]","[0.0709345273165092, 0.040934529781973455, 0.09174194199407838, 0.09174194117043291]","[0.2, 0.2, 0.2, 0.2]","[0.2, 0.2, 0.2, 0.2]","[0.2, 0.17, 0.2, 0.2]","[0.2, 0.17, 0.2, 0.2]","[6.757160358513296e-09, 6.3345049921462885e-09, 3.157184512929716e-09, 4.101129396547497e-09]","[1.8542656026372154e-06, 2.2866667598465344e-07]","[2.8735719297009914e-06, 5.944192657108197e-07]",1000,"body origin, body frame; no gravity/external torque","[2.0807409553175361e-07, 6.18834474499692e-14, 6.611761816329897e-19]",2.080740955317626e-07,2.080742324054097e-07,1.1470812255482868e-16,1.6653345369377348e-16,"[3.899027551204242e-10, 4.0131486201930904e-10, 2.471264579363646e-11]",5.600790049539405e-10,1.1784219370670369e-09,1.1749222644832487e-08,4.006889975372019e-08,"[2.0807625022083139e-07, 4.0125698940875027e-10, 2.4712645778177308e-11]",2.0807663858263487e-07,2.0906406182634187e-07,1.1749222646900856e-08,4.0068899642697886e-08,"[1.0252468215927725e-16, 4.003163658305357e-17, 6.695475099232742e-19]",1.100649384374812e-16,1.1190617507361046e-16,1.1470812255482868e-16,1.6653345369377348e-16,"[2.080740956342758e-07, 6.188306204994969e-14, 1.571158215052451e-19]",2.0807409563428476e-07,2.080742325071079e-07,0.0,0.0
A_best-combined_motor2_70-eta085,fault_5_60,False,,"[-6.212618734299148e-05, -0.002120238198881079]",0.00212114819924216,0.00545064215869587,0.005020979013997602,0.029958190617445837,0.0002479331883738464,0.0002479331883738464,0.000814303735814367,0.0007756414817839585,0.004793263618451338,0.005511133324127989,1.8973538018496328e-19,-1.6940658945086007e-21,5500,5.01,60.0,0.0041197463436446315,0.0005462018363002642,0.021157950863950382,0.003037235168410023,1.875450138086838,0.7974001491660359,-0.015624466004082535,0.017630634679058232,-0.8952159591795633,1.0101609572470234,[0.0],[0.0],0.0,[0.0],[0.0],0.0,[0.0],[0.0],0.0,[0.0],[0.0],0.0,[0.0],[0.0],0.0,[0.0],[0.0],0.0,[0.0],[0.0],0.0,[0.0],[0.0],0.0,"[0.0012157325694865933, 0.06373525001540827, -0.006183220295739286]",0.06374684384506507,0.006297399016791734,every physics interval; dwell = interval count * physics_dt,0.002,"[0.0, 0.0, 0.0, 0.0]","[0.0, 0.0, 0.0, 0.0]",0.0,"[0.0, 0.0, 0.0, 0.0]","[0.0, 0.0, 0.0, 0.0]",0.0,"[0.0, 0.0, 0.0, 0.0]","[0.0, 0.0, 0.0, 0.0]",0.0,"[0.0, 0.0, 0.0, 0.0]","[0.0, 0.0, 0.0, 0.0]",0.0,"[0.0, 0.0, 0.0, 0.0]","[0.0, 0.0, 0.0, 0.0]",0.0,"[0.0, 0.0, 0.0, 0.0]","[0.0, 0.0, 0.0, 0.0]",0.0,"[0.0, 0.0, 0.0, 0.0]","[0.0, 0.0, 0.0, 0.0]",0.0,"[0.0, 0.0, 0.0, 0.0]","[0.0, 0.0, 0.0, 0.0]",0.0,"[0.12547558447831228, 0.12244594535529779, 0.10338190383130366, 0.0938632317545937]","[0.06791544564986493, 0.00508803378486844, 0.08768031546944996, 0.07939584987930408]","[0.5964326124041821, 0.5884750265490194, 0.537071844776222, 0.5103613022146545]","[0.38637684466910005, 0.23044813590172486, 0.43851973618807405, 0.41638801592632924]","[0.06961700243525881, 0.026576376849548694, 0.08977603716207141, 0.08570262605193493]","[0.2, 0.2, 0.2, 0.2]","[0.2, 0.2, 0.2, 0.2]","[0.2, 0.17, 0.2, 0.2]","[0.2, 0.17, 0.2, 0.2]","[0.00020711626136236486, 0.0020120452985388565, 0.0002498722671236375, 0.0007250493507965978]","[0.1385658923421128, 0.08417922994377287]","[1.34838568125246, 1.3036422222881778]",27500,"body origin, body frame; no gravity/external torque","[2.0843260159900625e-07, 1.5002622543756692e-08, 6.630320905961618e-19]",2.089718356442331e-07,4.728795494098507e-07,1.153923281625786e-16,2.220446049250313e-16,"[6.988497385876235e-05, 9.776844010671068e-05, 6.566619756196951e-06]",0.00012035654509482672,0.0022047485549433615,0.001204431254877821,0.03195905433471269,"[6.987367353895532e-05, 9.775463956113636e-05, 6.566619756196938e-06]",0.00012033877307243708,0.0022043019315541395,0.001204431254877818,0.03195905433471258,"[1.0263722929588811e-16, 4.002061372432908e-17, 6.700007682268926e-19]",1.101657808098235e-16,1.2285847783296955e-16,1.153923281625786e-16,2.220446049250313e-16,"[2.0843260170152924e-07, 1.500262254297211e-08, 1.5221013443092174e-19]",2.089718357464369e-07,4.728795494814727e-07,0.0,0.0
A_best-combined_motor2_70-eta085,full_0_60,True,,,,,,,,,,,,,,,,,,,,,,,,,,,,,,,,,,,,,,,,,,,,,,,,,,,,,,,,,,,,,,,,,,,,,,,,,,,,,,,,,,,,,,,,,,,,,,,,,,,,,,,,,,,,,,,,,,,,,,,
A_best-combined_motor2_70-eta085,pre_3_5,True,,,,,,,,,,,,,,,,,,,,,,,,,,,,,,,,,,,,,,,,,,,,,,,,,,,,,,,,,,,,,,,,,,,,,,,,,,,,,,,,,,,,,,,,,,,,,,,,,,,,,,,,,,,,,,,,,,,,,,,
A_best-combined_motor2_70-eta085,tail_18_20,True,,,,,,,,,,,,,,,,,,,,,,,,,,,,,,,,,,,,,,,,,,,,,,,,,,,,,,,,,,,,,,,,,,,,,,,,,,,,,,,,,,,,,,,,,,,,,,,,,,,,,,,,,,,,,,,,,,,,,,,
A_best-combined_motor2_70-eta085,pre_second_28_30,True,,,,,,,,,,,,,,,,,,,,,,,,,,,,,,,,,,,,,,,,,,,,,,,,,,,,,,,,,,,,,,,,,,,,,,,,,,,,,,,,,,,,,,,,,,,,,,,,,,,,,,,,,,,,,,,,,,,,,,,
A_best-combined_motor2_70-eta085,tail_58_60,True,,,,,,,,,,,,,,,,,,,,,,,,,,,,,,,,,,,,,,,,,,,,,,,,,,,,,,,,,,,,,,,,,,,,,,,,,,,,,,,,,,,,,,,,,,,,,,,,,,,,,,,,,,,,,,,,,,,,,,,
A_best-combined_motor2_70-eta085,fault_5_60,True,,,,,,,,,,,,,,,,,,,,,,,,,,,,,,,,,,,,,,,,,,,,,,,,,,,,,,,,,,,,,,,,,,,,,,,,,,,,,,,,,,,,,,,,,,,,,,,,,,,,,,,,,,,,,,,,,,,,,,,
A_best-combined_motor2_70-eta080,full_0_60,False,,"[-0.00010166773192066466, -0.00533202193597714]",0.005332991116948846,0.013383777957583555,0.012275370388075623,0.0613809730985725,0.0005190383405425438,0.0005190383405425438,0.0018855612160041304,0.0018127162768469412,0.008011028992121583,0.013515948117583112,3.2526065174565133e-19,-1.9481757786848908e-20,6000,0.01,60.0,0.014790307817053355,0.0024484246985562743,0.05555638181705434,0.007932866701138375,4.441012878747425,1.3514386399632607,-0.015329247621859072,0.017926745993967864,-0.8783011918434789,1.0271268858574145,[0.05],[0.05],0.05,[0.05],[0.05],0.05,[0.0],[0.0],0.0,[0.0],[0.0],0.0,[0.0],[0.0],0.0,[0.0],[0.0],0.0,[0.0],[0.0],0.0,[0.0],[0.0],0.0,"[0.0012157332866425336, 0.06373524998011675, -0.00618321990581269]",0.06374684382345704,0.006291664465243713,every physics interval; dwell = interval count * physics_dt,0.002,"[0.0, 0.05, 0.0, 0.0]","[0.0, 0.05, 0.0, 0.0]",0.05,"[0.0, 0.0, 0.0, 0.0]","[0.0, 0.0, 0.0, 0.0]",0.0,"[0.0, 0.05, 0.0, 0.0]","[0.0, 0.05, 0.0, 0.0]",0.05,"[0.0, 0.0, 0.0, 0.0]","[0.0, 0.0, 0.0, 0.0]",0.0,"[0.0, 0.0, 0.0, 0.0]","[0.0, 0.0, 0.0, 0.0]",0.0,"[0.0, 0.0, 0.0, 0.0]","[0.0, 0.0, 0.0, 0.0]",0.0,"[0.0, 0.0, 0.0, 0.0]","[0.0, 0.0, 0.0, 0.0]",0.0,"[0.0, 0.0, 0.0, 0.0]","[0.0, 0.0, 0.0, 0.0]",0.0,"[0.10644243302100408, 0.10671204466234556, 0.09907734637970009, 0.0909228668086767]","[0.040285671385354827, 0.0, 0.07963285166728794, 0.07006296047753369]","[0.5454975438093234, 0.5462362977132903, 0.5250919353258158, 0.5019395444995108]","[0.3165103308031114, 0.21814922562016836, 0.417015230737796, 0.39193853288651814]","[0.057684785503413244, 0.014249887778783471, 0.08569998326398624, 0.08154355510224492]","[0.2, 0.2, 0.2, 0.2]","[0.2, 0.2, 0.2, 0.2]","[0.2, 0.16000000000000003, 0.2, 0.2]","[0.2, 0.2, 0.2, 0.2]","[0.0013048654594982837, 0.0025775061321486998, 0.0005414960868572258, 0.0011325123600629198]","[0.46962339716633317, 0.18492056106008115]","[4.402402732075053, 1.9196665679967668]",30000,"body origin, body frame; no gravity/external torque","[1.4907905195352856e-05, 1.4911166562618719e-05, 2.506186958692182e-06]",2.123368782486247e-05,0.0009821450798731504,0.00042191699641283347,0.01951444981521222,"[0.0001317918420570909, 0.00012034204232915, 8.725724601202547e-06]",0.0001786824978966079,0.0028935744872754555,0.002181887357474226,0.05538944511395372,"[0.0001357366982190512, 0.00012505037513023992, 1.0027269280556177e-05]",0.00018483125734801802,0.00299299857745304,0.0023440232997334527,0.05538944511395372,"[1.4916875408175905e-05, 1.491687540817725e-05, 2.5061869586921845e-06]",2.1243994844615385e-05,0.0009825744750615103,0.00042191699641283347,0.01951444981521222,"[2.0931170598462633e-07, 1.852213530737128e-08, 1.5304797972330588e-19]",2.1012962608480715e-07,6.103277316112358e-07,0.0,0.0
A_best-combined_motor2_70-eta080,pre_3_5,False,,"[-0.0013762209747797006, -0.03394071372641852]",0.03396860362791085,0.03434312551221735,0.00505808634938127,0.04202876009700014,0.006461303150693078,0.006461303150693078,0.006514672681031438,0.0008321789085413145,0.00764533581176674,0.034955560789220526,-1.196010521523072e-18,2.9434394917086937e-20,200,3.0100000000000002,5.0,0.01781773481441743,0.0020676966020689133,0.13258369413821072,0.025034986860578704,1.2888247983587884,0.13835220135746942,-0.017049457305259485,0.017926745993967864,-0.9768619465798581,1.0271268858574145,[0.0],[0.0],0.0,[0.0],[0.0],0.0,[0.0],[0.0],0.0,[0.0],[0.0],0.0,[0.0],[0.0],0.0,[0.0],[0.0],0.0,[0.0],[0.0],0.0,[0.0],[0.0],0.0,"[0.0005317849180558472, 0.04036298771930876, -0.003446314771563318]",0.04036649071727863,0.003446314771563318,every physics interval; dwell = interval count * physics_dt,0.002,"[0.0, 0.0, 0.0, 0.0]","[0.0, 0.0, 0.0, 0.0]",0.0,"[0.0, 0.0, 0.0, 0.0]","[0.0, 0.0, 0.0, 0.0]",0.0,"[0.0, 0.0, 0.0, 0.0]","[0.0, 0.0, 0.0, 0.0]",0.0,"[0.0, 0.0, 0.0, 0.0]","[0.0, 0.0, 0.0, 0.0]",0.0,"[0.0, 0.0, 0.0, 0.0]","[0.0, 0.0, 0.0, 0.0]",0.0,"[0.0, 0.0, 0.0, 0.0]","[0.0, 0.0, 0.0, 0.0]",0.0,"[0.0, 0.0, 0.0, 0.0]","[0.0, 0.0, 0.0, 0.0]",0.0,"[0.0, 0.0, 0.0, 0.0]","[0.0, 0.0, 0.0, 0.0]",0.0,"[0.1286521506890696, 0.12844461108331476, 0.10804559548844418, 0.10813063400869422]","[0.0704205520538593, 0.07022776575248785, 0.0914774905322643, 0.0915774211876318]","[0.6047229077085022, 0.6041828680180733, 0.5498822374163427, 0.5501142823535156]","[0.39286683840895853, 0.3923662870166258, 0.4488170967093429, 0.4490894939910999]","[0.07044574252715669, 0.07033676785322185, 0.09147964821973983, 0.09164751159567998]","[0.2, 0.2, 0.2, 0.2]","[0.2, 0.2, 0.2, 0.2]","[0.2, 0.2, 0.2, 0.2]","[0.2, 0.2, 0.2, 0.2]","[8.021935177856664e-05, 0.00012823828722820522, 3.9664002765137794e-05, 4.897143087860749e-05]","[0.6081988488747602, 0.28546071011230867]","[1.1679558295903452, 0.5489320376388197]",1000,"body origin, body frame; no gravity/external torque","[2.0810764545932525e-07, 1.1467121381181574e-09, 2.168496544660732e-19]",2.0811080473476602e-07,2.127060284929037e-07,4.886873367543068e-17,5.551115123125783e-17,"[6.371429223359969e-06, 6.226329398131368e-06, 4.0903941829972697e-07]",8.917937057865075e-06,2.864124785292116e-05,0.0001979684280317938,0.0005323570009163059,"[6.390751196056103e-06, 6.225520297329793e-06, 4.0903941829970675e-07]",8.931187886730449e-06,2.8788666551361496e-05,0.00019796842803179596,0.0005323570009163059,"[7.551742329129542e-17, 1.4819281649461944e-18, 2.210205729671161e-19]",7.553228569119581e-17,7.721439710533009e-17,4.886873367543068e-17,5.551115123125783e-17,"[2.0810764553483633e-07, 1.1467121382351734e-09, 1.462668697448798e-19]",2.0811080481027686e-07,2.1270602856882547e-07,0.0,0.0
A_best-combined_motor2_70-eta080,tail_18_20,False,,"[4.017580875311039e-05, -0.0010478762259280275]",0.001048646117846308,0.0010573861834600432,0.00013567188543712433,0.0013502575183853525,-3.481009145282543e-05,3.481009145282543e-05,3.53066518304219e-05,5.900609843106401e-06,4.2237145116419406e-05,0.0010579754726058968,-1.1845226371759356e-21,-1.0339757656912846e-25,200,18.01,20.0,0.0003529469317479084,2.3595567749956786e-05,0.003966682467469253,0.00015305821163504228,0.015066645855196998,0.0018522424604508435,-0.015575230484711971,0.015598473106360299,-0.8923949717174954,0.893726675842764,[0.0],[0.0],0.0,[0.0],[0.0],0.0,[0.0],[0.0],0.0,[0.0],[0.0],0.0,[0.0],[0.0],0.0,[0.0],[0.0],0.0,[0.0],[0.0],0.0,[0.0],[0.0],0.0,"[0.0012555533785273357, 0.06302221263818136, -0.006275430434986475]",0.06303471821225567,0.006289269997277373,every physics interval; dwell = interval count * physics_dt,0.002,"[0.0, 0.0, 0.0, 0.0]","[0.0, 0.0, 0.0, 0.0]",0.0,"[0.0, 0.0, 0.0, 0.0]","[0.0, 0.0, 0.0, 0.0]",0.0,"[0.0, 0.0, 0.0, 0.0]","[0.0, 0.0, 0.0, 0.0]",0.0,"[0.0, 0.0, 0.0, 0.0]","[0.0, 0.0, 0.0, 0.0]",0.0,"[0.0, 0.0, 0.0, 0.0]","[0.0, 0.0, 0.0, 0.0]",0.0,"[0.0, 0.0, 0.0, 0.0]","[0.0, 0.0, 0.0, 0.0]",0.0,"[0.0, 0.0, 0.0, 0.0]","[0.0, 0.0, 0.0, 0.0]",0.0,"[0.0, 0.0, 0.0, 0.0]","[0.0, 0.0, 0.0, 0.0]",0.0,"[0.12906099493382606, 0.16132615824371682, 0.10825630549380286, 0.10825714193477362]","[0.07092894341311301, 0.03866105312989129, 0.09173967388426917, 0.09174101305684251]","[0.6057861215827067, 0.6874866587925474, 0.5504571045320678, 0.5504593858874731]","[0.3941877234217379, 0.3124816562026994, 0.4495319294484339, 0.4495355819528116]","[0.07092923234379528, 0.030929143755270477, 0.09173977867619507, 0.09174105908668007]","[0.2, 0.2, 0.2, 0.2]","[0.2, 0.2, 0.2, 0.2]","[0.2, 0.16000000000000003, 0.2, 0.2]","[0.2, 0.16000000000000003, 0.2, 0.2]","[9.927509566819615e-07, 1.2728014174201968e-06, 3.9860563428417006e-07, 1.7463341561291349e-07]","[0.0075938609512974705, 0.003268921578429248]","[0.013937829108164665, 0.005788352718219478]",1000,"body origin, body frame; no gravity/external torque","[2.0807618335342706e-07, 8.66377093782003e-12, 9.792451598515452e-19]",2.080761835337961e-07,2.0812272347219084e-07,1.1470812255482868e-16,1.6653345369377348e-16,"[6.214600879920917e-08, 2.0373980451587445e-08, 3.4701419824400702e-09]",6.549249861237044e-08,1.3023538283751154e-07,2.254959904529381e-06,4.46567409861931e-06,"[2.123897441604302e-07, 2.0371622237092196e-08, 3.4701419825010376e-09]",2.133927091127588e-07,3.1302119853628206e-07,2.2549599045400646e-06,4.4656740987858434e-06,"[2.2190050962929646e-17, 4.744061470273229e-17, 9.745301279764722e-19]",5.2382821555170765e-17,5.4387441282367443e-17,1.1470812255482868e-16,1.6653345369377348e-16,"[2.0807618337560675e-07, 8.66377387928812e-12, 1.438356721209042e-19]",2.0807618355597577e-07,2.081227234943122e-07,0.0,0.0
A_best-combined_motor2_70-eta080,pre_second_28_30,False,,"[7.1777086902903424e-06, -0.00010348996962938022]",0.00010373858161712407,0.00010467670164644187,1.3982794843861371e-05,0.00012825544115456372,-2.1943664600749257e-05,2.1943664600749257e-05,2.2020844496304208e-05,1.8420576050262624e-06,2.5348243453904296e-05,0.00010696788985442602,-2.0498569554829717e-23,1.4459504848339058e-25,200,28.01,30.0,2.4194975460163337e-05,3.2864522022971924e-06,0.0003951140474984957,8.482412611913471e-05,0.0003711912869344845,4.246001953668394e-05,-0.015519020284476026,0.015520505660800023,-0.8891743644783905,0.8892594702727442,[0.0],[0.0],0.0,[0.0],[0.0],0.0,[0.0],[0.0],0.0,[0.0],[0.0],0.0,[0.0],[0.0],0.0,[0.0],[0.0],0.0,[0.0],[0.0],0.0,[0.0],[0.0],0.0,"[0.0012212788639335817, 0.063665092619242, -0.006205017681655716]",0.06367680535548366,0.006213757359093702,every physics interval; dwell = interval count * physics_dt,0.002,"[0.0, 0.0, 0.0, 0.0]","[0.0, 0.0, 0.0, 0.0]",0.0,"[0.0, 0.0, 0.0, 0.0]","[0.0, 0.0, 0.0, 0.0]",0.0,"[0.0, 0.0, 0.0, 0.0]","[0.0, 0.0, 0.0, 0.0]",0.0,"[0.0, 0.0, 0.0, 0.0]","[0.0, 0.0, 0.0, 0.0]",0.0,"[0.0, 0.0, 0.0, 0.0]","[0.0, 0.0, 0.0, 0.0]",0.0,"[0.0, 0.0, 0.0, 0.0]","[0.0, 0.0, 0.0, 0.0]",0.0,"[0.0, 0.0, 0.0, 0.0]","[0.0, 0.0, 0.0, 0.0]",0.0,"[0.0, 0.0, 0.0, 0.0]","[0.0, 0.0, 0.0, 0.0]",0.0,"[0.12906533002582443, 0.16133165873343852, 0.10825799268461013, 0.10825802536603164]","[0.07093442273640757, 0.038668025127610584, 0.09174190154065821, 0.09174191729655176]","[0.605797390600139, 0.6875002868180159, 0.5504617062643666, 0.5504617954011766]","[0.39420196671124064, 0.31249892991787154, 0.4495380052408082, 0.44953804821414267]","[0.07093443074468456, 0.030934415316785313, 0.09174190445488535, 0.09174192335073351]","[0.2, 0.2, 0.2, 0.2]","[0.2, 0.2, 0.2, 0.2]","[0.2, 0.16000000000000003, 0.2, 0.2]","[0.2, 0.16000000000000003, 0.2, 0.2]","[2.3446896417946843e-08, 3.028179038534588e-08, 1.0007883805831516e-08, 6.046233531459143e-09]","[0.0001798767248612683, 7.766811793024211e-05]","[0.0003437919007322057, 0.00013996352355277693]",1000,"body origin, body frame; no gravity/external torque","[2.080740606834559e-07, 2.0728177241162963e-13, 9.597735170485425e-19]",2.080740606835599e-07,2.080751333826163e-07,1.1362849267314968e-16,1.6653345369377348e-16,"[1.4708040411723355e-09, 5.426625022792166e-10, 8.87108849961192e-11]",1.5702282445637036e-09,3.4752063018821387e-09,5.389484532707088e-08,1.1957974149767736e-07,"[2.0821218329210057e-07, 5.426017370809187e-10, 8.871088492922308e-11]",2.0821290920000486e-07,2.114495396388095e-07,5.3894845316397267e-08,1.195797413311439e-07,"[2.2203174023947173e-17, 4.74669753839503e-17, 9.569229364535529e-19]",5.2411929847550296e-17,5.4697765550334933e-17,1.1362849267314968e-16,1.6653345369377348e-16,"[2.0807406070564747e-07, 2.0728051144777514e-13, 1.571158215052451e-19]",2.0807406070575025e-07,2.0807513340560148e-07,0.0,0.0
A_best-combined_motor2_70-eta080,tail_58_60,False,,"[7.838099576220939e-09, -9.605992893190028e-08]",9.63791769593852e-08,9.71545030740154e-08,1.2249559836597429e-08,1.1991329994118177e-07,-7.50505520796807e-08,7.50505520796807e-08,7.559814128583686e-08,9.082598659441469e-09,9.230154673911528e-08,1.2310189451601557e-07,-1.4791141972893971e-31,-1.8119148916795115e-30,200,58.01,60.0,5.4598923281313866e-08,1.8191892883535836e-08,3.6799993999342433e-07,2.865370798214333e-07,2.9575586669421963e-06,5.837341994048253e-07,-0.01551438642194599,0.015514388305400476,-0.8889088637125756,0.8889089716265686,[0.0],[0.0],0.0,[0.0],[0.0],0.0,[0.0],[0.0],0.0,[0.0],[0.0],0.0,[0.0],[0.0],0.0,[0.0],[0.0],0.0,[0.0],[0.0],0.0,[0.0],[0.0],0.0,"[0.0012157332866425336, 0.06373524998011675, -0.00618321990581269]",0.06374684382345704,0.006183249804316953,every physics interval; dwell = interval count * physics_dt,0.002,"[0.0, 0.0, 0.0, 0.0]","[0.0, 0.0, 0.0, 0.0]",0.0,"[0.0, 0.0, 0.0, 0.0]","[0.0, 0.0, 0.0, 0.0]",0.0,"[0.0, 0.0, 0.0, 0.0]","[0.0, 0.0, 0.0, 0.0]",0.0,"[0.0, 0.0, 0.0, 0.0]","[0.0, 0.0, 0.0, 0.0]",0.0,"[0.0, 0.0, 0.0, 0.0]","[0.0, 0.0, 0.0, 0.0]",0.0,"[0.0, 0.0, 0.0, 0.0]","[0.0, 0.0, 0.0, 0.0]",0.0,"[0.0, 0.0, 0.0, 0.0]","[0.0, 0.0, 0.0, 0.0]",0.0,"[0.0, 0.0, 0.0, 0.0]","[0.0, 0.0, 0.0, 0.0]",0.0,"[0.12906544321947042, 0.1613318069384305, 0.10825804463223924, 0.10825804152635932]","[0.07093451639755718, 0.03866813439772582, 0.09174193056028296, 0.0917419293761473]","[0.6057976848443319, 0.6875006540099172, 0.5504618479487114, 0.550461839477592]","[0.39420221018110446, 0.3124992006448728, 0.449538084390245, 0.44953808116057903]","[0.0709345258618238, 0.030934524566268273, 0.09174193830413424, 0.09174193934303203]","[0.2, 0.2, 0.2, 0.2]","[0.2, 0.2, 0.2, 0.2]","[0.2, 0.16000000000000003, 0.2, 0.2]","[0.2, 0.16000000000000003, 0.2, 0.2]","[6.730603712118852e-09, 9.153009694931673e-09, 3.831792640561259e-09, 4.884339938181608e-09]","[1.808658188335295e-06, 2.996105995094196e-07]","[3.008963321123963e-06, 7.771410024908078e-07]",1000,"body origin, body frame; no gravity/external torque","[2.0807409371551997e-07, 7.565105631289867e-14, 9.577321196063502e-19]",2.0807409371553403e-07,2.0807423248519949e-07,1.1274368112207335e-16,1.6653345369377348e-16,"[3.8197746687084477e-10, 4.888385436693238e-10, 2.574418527578734e-11]",6.20912771691263e-10,1.4283773849129562e-09,1.4941008229648146e-08,5.939443381564047e-08,"[2.080812770556593e-07, 4.887681956967186e-10, 2.5744185290340668e-11]",2.0808185268837403e-07,2.0905204581130874e-07,1.494100822722076e-08,5.939443392666277e-08,"[2.2174693801982437e-17, 4.744352439263151e-17, 9.463967750671543e-19]",5.2378437537423263e-17,5.398462941413596e-17,1.1274368112207335e-16,1.6653345369377348e-16,"[2.080740937376829e-07, 7.565072749086554e-14, 1.5636586103463756e-19]",2.0807409373769622e-07,2.0807423250753408e-07,0.0,0.0
A_best-combined_motor2_70-eta080,fault_5_60,False,,"[-6.251529878365371e-05, -0.0021428757520379586]",0.0021437874547758358,0.0056301851728275945,0.005206069575896334,0.033878312437462275,0.00025204590749901176,0.00025204590749901176,0.0008214018398974213,0.0007817760824557573,0.0052442337151308305,0.005689787875036692,-3.3881317890172014e-21,-2.541098841762901e-21,5500,5.01,60.0,0.006439907393123608,0.0008832862017392574,0.022454103939072392,0.0031459308966204033,2.71864827936704,0.971260454789738,-0.015587756877612706,0.017415158981193668,-0.8931126811632302,0.9978151091717478,[0.05],[0.05],0.05,[0.05],[0.05],0.05,[0.0],[0.0],0.0,[0.0],[0.0],0.0,[0.0],[0.0],0.0,[0.0],[0.0],0.0,[0.0],[0.0],0.0,[0.0],[0.0],0.0,"[0.0012157332866425336, 0.06373524998011675, -0.00618321990581269]",0.06374684382345704,0.006291664465243713,every physics interval; dwell = interval count * physics_dt,0.002,"[0.0, 0.05, 0.0, 0.0]","[0.0, 0.05, 0.0, 0.0]",0.05,"[0.0, 0.0, 0.0, 0.0]","[0.0, 0.0, 0.0, 0.0]",0.0,"[0.0, 0.05, 0.0, 0.0]","[0.0, 0.05, 0.0, 0.0]",0.05,"[0.0, 0.0, 0.0, 0.0]","[0.0, 0.0, 0.0, 0.0]",0.0,"[0.0, 0.0, 0.0, 0.0]","[0.0, 0.0, 0.0, 0.0]",0.0,"[0.0, 0.0, 0.0, 0.0]","[0.0, 0.0, 0.0, 0.0]",0.0,"[0.0, 0.0, 0.0, 0.0]","[0.0, 0.0, 0.0, 0.0]",0.0,"[0.0, 0.0, 0.0, 0.0]","[0.0, 0.0, 0.0, 0.0]",0.0,"[0.12442452069691706, 0.12894296345533618, 0.10178639498254241, 0.0909228668086767]","[0.06555895797851641, 0.0, 0.08643482923168547, 0.07537234174418539]","[0.5936776677109056, 0.6054792636697207, 0.532649578801115, 0.5019395444995108]","[0.3802993227946857, 0.21814922562016836, 0.43516405588299223, 0.4057894176070006]","[0.06848901099959345, 0.014249887778783471, 0.08911763321343738, 0.08353728888421076]","[0.2, 0.2, 0.2, 0.2]","[0.2, 0.2, 0.2, 0.2]","[0.2, 0.16000000000000003, 0.2, 0.2]","[0.2, 0.16000000000000003, 0.2, 0.2]","[0.0002739355655296074, 0.0023508878264026593, 0.0003034902865217186, 0.0008451473315277692]","[0.21734055468559307, 0.13057581970672752]","[1.9254392124530786, 1.9196665679967668]",27500,"body origin, body frame; no gravity/external torque","[1.557066041092314e-05, 1.557420244142213e-05, 2.6176269069352465e-06]",2.2177764042901326e-05,0.0009821450798731504,0.0004406779304604878,0.01951444981521222,"[7.599655930120227e-05, 0.00010910925721413537, 7.5504112453262294e-06]",0.00013318151427813148,0.0025427775200354877,0.0013848188542156348,0.03556672974969227,"[8.325191966584702e-05, 0.00011474483905256987, 9.145242790226303e-06]",0.00014205947938431302,0.00299299857745304,0.001648710496576903,0.04392974780905967,"[1.5580168231430732e-05, 1.5580168231432135e-05, 2.6176269069352486e-06]",2.2188628954113456e-05,0.0009825744750615103,0.0004406779304604878,0.01951444981521222,"[2.0850351528558172e-07, 1.666865987751286e-08, 1.5327357540292921e-19]",2.091687359730388e-07,4.5223617629970416e-07,0.0,0.0
A_best-combined_motor2_70-eta080,full_0_60,True,,,,,,,,,,,,,,,,,,,,,,,,,,,,,,,,,,,,,,,,,,,,,,,,,,,,,,,,,,,,,,,,,,,,,,,,,,,,,,,,,,,,,,,,,,,,,,,,,,,,,,,,,,,,,,,,,,,,,,,
A_best-combined_motor2_70-eta080,pre_3_5,True,,,,,,,,,,,,,,,,,,,,,,,,,,,,,,,,,,,,,,,,,,,,,,,,,,,,,,,,,,,,,,,,,,,,,,,,,,,,,,,,,,,,,,,,,,,,,,,,,,,,,,,,,,,,,,,,,,,,,,,
A_best-combined_motor2_70-eta080,tail_18_20,True,,,,,,,,,,,,,,,,,,,,,,,,,,,,,,,,,,,,,,,,,,,,,,,,,,,,,,,,,,,,,,,,,,,,,,,,,,,,,,,,,,,,,,,,,,,,,,,,,,,,,,,,,,,,,,,,,,,,,,,
A_best-combined_motor2_70-eta080,pre_second_28_30,True,,,,,,,,,,,,,,,,,,,,,,,,,,,,,,,,,,,,,,,,,,,,,,,,,,,,,,,,,,,,,,,,,,,,,,,,,,,,,,,,,,,,,,,,,,,,,,,,,,,,,,,,,,,,,,,,,,,,,,,
A_best-combined_motor2_70-eta080,tail_58_60,True,,,,,,,,,,,,,,,,,,,,,,,,,,,,,,,,,,,,,,,,,,,,,,,,,,,,,,,,,,,,,,,,,,,,,,,,,,,,,,,,,,,,,,,,,,,,,,,,,,,,,,,,,,,,,,,,,,,,,,,
A_best-combined_motor2_70-eta080,fault_5_60,True,,,,,,,,,,,,,,,,,,,,,,,,,,,,,,,,,,,,,,,,,,,,,,,,,,,,,,,,,,,,,,,,,,,,,,,,,,,,,,,,,,,,,,,,,,,,,,,,,,,,,,,,,,,,,,,,,,,,,,,
A_best-combined_motor2_70-eta075,full_0_60,False,,"[-0.00010286554766224273, -0.005357577844358742]",0.005358565263133362,0.013675322552506499,0.012581741740944822,0.0613809730985725,0.0005227701342541536,0.0005227701342541536,0.001916034645021618,0.0018433394011019902,0.008011028992121583,0.01380889697535672,1.0842021724855044e-19,-3.2610768469290563e-20,6000,0.01,60.0,0.01932956463800489,0.003115210911669616,0.05804181636290576,0.008277915701718095,4.578119469878291,1.3514386399632607,-0.015208248110487679,0.017926745993967864,-0.8713684305187529,1.0271268858574145,[0.11],[0.11],0.11,[0.11],[0.11],0.11,[0.0],[0.0],0.0,[0.0],[0.0],0.0,[0.0],[0.0],0.0,[0.0],[0.0],0.0,[0.0],[0.0],0.0,[0.0],[0.0],0.0,"[0.0012157359903444847, 0.06373525229357802, -0.006183219994534411]",0.06374684618806063,0.006282988299495082,every physics interval; dwell = interval count * physics_dt,0.002,"[0.0, 0.11, 0.0, 0.0]","[0.0, 0.11, 0.0, 0.0]",0.11,"[0.0, 0.0, 0.0, 0.0]","[0.0, 0.0, 0.0, 0.0]",0.0,"[0.0, 0.11, 0.0, 0.0]","[0.0, 0.11, 0.0, 0.0]",0.11,"[0.0, 0.0, 0.0, 0.0]","[0.0, 0.0, 0.0, 0.0]",0.0,"[0.0, 0.0, 0.0, 0.0]","[0.0, 0.0, 0.0, 0.0]",0.0,"[0.0, 0.0, 0.0, 0.0]","[0.0, 0.0, 0.0, 0.0]",0.0,"[0.0, 0.0, 0.0, 0.0]","[0.0, 0.0, 0.0, 0.0]",0.0,"[0.0, 0.0, 0.0, 0.0]","[0.0, 0.0, 0.0, 0.0]",0.0,"[0.10644243302100408, 0.10671204466234556, 0.09907734637970009, 0.09108999512737494]","[0.040285671385354827, 0.0, 0.07963285166728794, 0.07006296047753369]","[0.5454975438093234, 0.5462362977132903, 0.5250919353258158, 0.5024205684083305]","[0.3165103308031114, 0.21814922562016836, 0.417015230737796, 0.39193853288651814]","[0.057684785503413244, 0.0044851074173598016, 0.08569998326398624, 0.08104145003006649]","[0.2, 0.2, 0.2, 0.2]","[0.2, 0.2, 0.2, 0.2]","[0.2, 0.15000000000000002, 0.2, 0.2]","[0.2, 0.2, 0.2, 0.2]","[0.0013134711906819913, 0.0020855892115579106, 0.0005032421953334254, 0.0010484436761615489]","[0.6250116797739135, 0.30562892259599356]","[4.402402732075053, 3.2014480828467216]",30000,"body origin, body frame; no gravity/external torque","[5.416125218456064e-05, 5.416851955752065e-05, 9.101696320906932e-06]",7.713955292307075e-05,0.0024586868418942846,0.001532272107896769,0.04883798253613297,"[0.0001199014995989743, 8.696181118340812e-05, 8.865037165107875e-06]",0.0001483823274326201,0.0028935744872754555,0.0022548484594409317,0.05538944511395372,"[0.00014125662778648692, 0.00011364403275429156, 1.5060654797149643e-05]",0.0001819209289696722,0.003922653994210565,0.003163303806158432,0.06924642307343037,"[5.417348037468995e-05, 5.4173480374688925e-05, 9.10169632090693e-06]",7.715162232728314e-05,0.002459047296126883,0.001532272107896769,0.04883798253613297,"[2.0916249442520106e-07, 1.3001539592551025e-08, 1.520719967488332e-19]",2.0956619265985968e-07,6.103277316112358e-07,0.0,0.0
A_best-combined_motor2_70-eta075,pre_3_5,False,,"[-0.0013762209747797006, -0.03394071372641852]",0.03396860362791085,0.03434312551221735,0.00505808634938127,0.04202876009700014,0.006461303150693078,0.006461303150693078,0.006514672681031438,0.0008321789085413145,0.00764533581176674,0.034955560789220526,-1.196010521523072e-18,2.9434394917086937e-20,200,3.0100000000000002,5.0,0.01781773481441743,0.0020676966020689133,0.13258369413821072,0.025034986860578704,1.2888247983587884,0.13835220135746942,-0.017049457305259485,0.017926745993967864,-0.9768619465798581,1.0271268858574145,[0.0],[0.0],0.0,[0.0],[0.0],0.0,[0.0],[0.0],0.0,[0.0],[0.0],0.0,[0.0],[0.0],0.0,[0.0],[0.0],0.0,[0.0],[0.0],0.0,[0.0],[0.0],0.0,"[0.0005317849180558472, 0.04036298771930876, -0.003446314771563318]",0.04036649071727863,0.003446314771563318,every physics interval; dwell = interval count * physics_dt,0.002,"[0.0, 0.0, 0.0, 0.0]","[0.0, 0.0, 0.0, 0.0]",0.0,"[0.0, 0.0, 0.0, 0.0]","[0.0, 0.0, 0.0, 0.0]",0.0,"[0.0, 0.0, 0.0, 0.0]","[0.0, 0.0, 0.0, 0.0]",0.0,"[0.0, 0.0, 0.0, 0.0]","[0.0, 0.0, 0.0, 0.0]",0.0,"[0.0, 0.0, 0.0, 0.0]","[0.0, 0.0, 0.0, 0.0]",0.0,"[0.0, 0.0, 0.0, 0.0]","[0.0, 0.0, 0.0, 0.0]",0.0,"[0.0, 0.0, 0.0, 0.0]","[0.0, 0.0, 0.0, 0.0]",0.0,"[0.0, 0.0, 0.0, 0.0]","[0.0, 0.0, 0.0, 0.0]",0.0,"[0.1286521506890696, 0.12844461108331476, 0.10804559548844418, 0.10813063400869422]","[0.0704205520538593, 0.07022776575248785, 0.0914774905322643, 0.0915774211876318]","[0.6047229077085022, 0.6041828680180733, 0.5498822374163427, 0.5501142823535156]","[0.39286683840895853, 0.3923662870166258, 0.4488170967093429, 0.4490894939910999]","[0.07044574252715669, 0.07033676785322185, 0.09147964821973983, 0.09164751159567998]","[0.2, 0.2, 0.2, 0.2]","[0.2, 0.2, 0.2, 0.2]","[0.2, 0.2, 0.2, 0.2]","[0.2, 0.2, 0.2, 0.2]","[8.021935177856664e-05, 0.00012823828722820522, 3.9664002765137794e-05, 4.897143087860749e-05]","[0.6081988488747602, 0.28546071011230867]","[1.1679558295903452, 0.5489320376388197]",1000,"body origin, body frame; no gravity/external torque","[2.0810764545932525e-07, 1.1467121381181574e-09, 2.168496544660732e-19]",2.0811080473476602e-07,2.127060284929037e-07,4.886873367543068e-17,5.551115123125783e-17,"[6.371429223359969e-06, 6.226329398131368e-06, 4.0903941829972697e-07]",8.917937057865075e-06,2.864124785292116e-05,0.0001979684280317938,0.0005323570009163059,"[6.390751196056103e-06, 6.225520297329793e-06, 4.0903941829970675e-07]",8.931187886730449e-06,2.8788666551361496e-05,0.00019796842803179596,0.0005323570009163059,"[7.551742329129542e-17, 1.4819281649461944e-18, 2.210205729671161e-19]",7.553228569119581e-17,7.721439710533009e-17,4.886873367543068e-17,5.551115123125783e-17,"[2.0810764553483633e-07, 1.1467121382351734e-09, 1.462668697448798e-19]",2.0811080481027686e-07,2.1270602856882547e-07,0.0,0.0
A_best-combined_motor2_70-eta075,tail_18_20,False,,"[9.37440478605777e-05, -0.001004701675614198]",0.0010090656091113518,0.0010189068077803187,0.00014127165126031228,0.0013682521480263953,-2.7778202637017135e-05,2.7778202637017135e-05,2.9016878101065582e-05,8.387530804051557e-06,4.0198175338512776e-05,0.0010193199017755963,6.253485430900889e-22,-1.550963648536927e-25,200,18.01,20.0,0.0005998238139365334,4.767637987779851e-05,0.003814171487475429,0.00013489962895154144,0.03384806558047993,0.004219559016603624,-0.015576113413361164,0.015613554049015651,-0.8924455598027053,0.8945907502079945,[0.0],[0.0],0.0,[0.0],[0.0],0.0,[0.0],[0.0],0.0,[0.0],[0.0],0.0,[0.0],[0.0],0.0,[0.0],[0.0],0.0,[0.0],[0.0],0.0,[0.0],[0.0],0.0,"[0.001291772075976496, 0.06305217940723166, -0.006270940085841182]",0.06306541051240372,0.006281981707304698,every physics interval; dwell = interval count * physics_dt,0.002,"[0.0, 0.0, 0.0, 0.0]","[0.0, 0.0, 0.0, 0.0]",0.0,"[0.0, 0.0, 0.0, 0.0]","[0.0, 0.0, 0.0, 0.0]",0.0,"[0.0, 0.0, 0.0, 0.0]","[0.0, 0.0, 0.0, 0.0]",0.0,"[0.0, 0.0, 0.0, 0.0]","[0.0, 0.0, 0.0, 0.0]",0.0,"[0.0, 0.0, 0.0, 0.0]","[0.0, 0.0, 0.0, 0.0]",0.0,"[0.0, 0.0, 0.0, 0.0]","[0.0, 0.0, 0.0, 0.0]",0.0,"[0.0, 0.0, 0.0, 0.0]","[0.0, 0.0, 0.0, 0.0]",0.0,"[0.0, 0.0, 0.0, 0.0]","[0.0, 0.0, 0.0, 0.0]",0.0,"[0.12905516382590823, 0.17207336441780957, 0.10825398433272182, 0.10825586675906276]","[0.07092194836096413, 0.027895661078998907, 0.09173684885120835, 0.0917399209466998]","[0.6057709635406444, 0.7139723169232727, 0.5504507736417451, 0.550455907900581]","[0.3941695402742452, 0.28595172388091905, 0.4495242244016081, 0.4495326032938315]","[0.07092258112479707, 0.020922386840114077, 0.09173710363668366, 0.0917400239520718]","[0.2, 0.2, 0.2, 0.2]","[0.2, 0.2, 0.2, 0.2]","[0.2, 0.15000000000000002, 0.2, 0.2]","[0.2, 0.15000000000000002, 0.2, 0.2]","[2.2861148326253018e-06, 3.1146753949054887e-06, 9.167061935101812e-07, 4.066298824458743e-07]","[0.017474791202345654, 0.007575970342014831]","[0.031234014439432297, 0.013172134841024655]",1000,"body origin, body frame; no gravity/external torque","[2.08077910218052e-07, 1.988014999125983e-11, 2.987883189601214e-18]",2.0807791116774528e-07,2.0818431887285678e-07,7.152111528976949e-17,1.6653345369377348e-16,"[1.4300399254102755e-07, 4.67224155267587e-08, 8.059272743939127e-09]",1.506588127939769e-07,2.969651070472975e-07,5.178146712899983e-06,1.0149052475427744e-05,"[2.4199799169398965e-07, 4.6717462741145844e-08, 8.059272743739022e-09]",2.465978531659441e-07,4.5054627782809304e-07,5.178146712906188e-06,1.0149052475483256e-05,"[8.123561586838818e-19, 3.2706730302605197e-17, 2.996349247939192e-18]",3.285374009806999e-17,3.513663331311279e-17,7.152111528976949e-17,1.6653345369377348e-16,"[2.08077910217674e-07, 1.9880148417927688e-11, 1.4786546224624109e-19]",2.080779111673668e-07,2.0818431887285149e-07,0.0,0.0
A_best-combined_motor2_70-eta075,pre_second_28_30,False,,"[1.2313820096145997e-05, -9.927679645191062e-05]",0.00010003755534355256,0.00010095943517247865,1.361231322118211e-05,0.0001219489311022298,-2.131126699111141e-05,2.131126699111141e-05,2.138343267101254e-05,1.7553039706249512e-06,2.4720800400168663e-05,0.00010319912181381024,6.669143688708786e-24,-2.5445497358808957e-26,200,28.01,30.0,2.497080483994109e-05,3.320228296826987e-06,0.00038206332277981446,8.236217921290185e-05,0.000877437594009604,9.657884431344282e-05,-0.015519042006106286,0.015520860630922874,-0.8891756090361286,0.8892798085626368,[0.0],[0.0],0.0,[0.0],[0.0],0.0,[0.0],[0.0],0.0,[0.0],[0.0],0.0,[0.0],[0.0],0.0,[0.0],[0.0],0.0,[0.0],[0.0],0.0,[0.0],[0.0],0.0,"[0.0012246885189937818, 0.06366789870295841, -0.006204600516395357]",0.06367967640636005,0.006213088091888364,every physics interval; dwell = interval count * physics_dt,0.002,"[0.0, 0.0, 0.0, 0.0]","[0.0, 0.0, 0.0, 0.0]",0.0,"[0.0, 0.0, 0.0, 0.0]","[0.0, 0.0, 0.0, 0.0]",0.0,"[0.0, 0.0, 0.0, 0.0]","[0.0, 0.0, 0.0, 0.0]",0.0,"[0.0, 0.0, 0.0, 0.0]","[0.0, 0.0, 0.0, 0.0]",0.0,"[0.0, 0.0, 0.0, 0.0]","[0.0, 0.0, 0.0, 0.0]",0.0,"[0.0, 0.0, 0.0, 0.0]","[0.0, 0.0, 0.0, 0.0]",0.0,"[0.0, 0.0, 0.0, 0.0]","[0.0, 0.0, 0.0, 0.0]",0.0,"[0.0, 0.0, 0.0, 0.0]","[0.0, 0.0, 0.0, 0.0]",0.0,"[0.12906516486491898, 0.17208687827041766, 0.10825792508965171, 0.10825800086944616]","[0.07093430145530938, 0.027912357810348565, 0.091741852053695, 0.09174188429153396]","[0.6057969612681741, 0.7140054573692534, 0.5504615219027529, 0.5504617285880675]","[0.39420165144406116, 0.28599266925872713, 0.4495378702678364, 0.44953795819476705]","[0.07093425787759003, 0.020934227090007113, 0.09174183131446192, 0.09174189534285998]","[0.2, 0.2, 0.2, 0.2]","[0.2, 0.2, 0.2, 0.2]","[0.2, 0.15000000000000002, 0.2, 0.2]","[0.2, 0.15000000000000002, 0.2, 0.2]","[5.309723760150189e-08, 7.192253950848191e-08, 2.1664043823722884e-08, 1.0866695941168076e-08]","[0.0004157580854767746, 0.0001810193713860689]","[0.0008071807792802032, 0.00034402912357918094]",1000,"body origin, body frame; no gravity/external torque","[2.0807405091066753e-07, 4.709301543026442e-13, 2.9787210669425195e-18]",2.0807405091120041e-07,2.080762239664621e-07,7.343435057440258e-17,1.1102230246251565e-16,"[3.314314649790465e-09, 1.14223120854195e-09, 1.9223932076982913e-10]",3.5108873077945622e-09,7.387905040105885e-09,1.1995641504035828e-07,2.556828661570698e-07,"[2.084123640393419e-07, 1.1421226646136886e-09, 1.9223932100333223e-10]",2.0841558215403355e-07,2.1513393817853209e-07,1.1995641503476307e-07,2.556828660460475e-07,"[8.586443133426895e-19, 3.2782881493633286e-17, 2.9668889581319905e-18]",3.2928058235679864e-17,3.54277172610382e-17,7.343435057440258e-17,1.1102230246251565e-16,"[2.0807405091032466e-07, 4.709305481384108e-13, 1.517883041479706e-19]",2.080740509108578e-07,2.0807622396602835e-07,0.0,0.0
A_best-combined_motor2_70-eta075,tail_58_60,False,,"[1.172834292069856e-08, -9.246215168400613e-08]",9.320302313606387e-08,9.396180859583634e-08,1.1917128550910096e-08,1.186491547370016e-07,-7.36482610586009e-08,7.36482610586009e-08,7.416634923904936e-08,8.751057221433547e-09,9.061734951298916e-08,1.1970575940216587e-07,7.888609052210118e-30,4.092215945833999e-30,200,58.01,60.0,5.355115091285269e-08,1.6483695100192675e-08,3.5406527666708224e-07,2.814718010403549e-07,2.831646840510158e-06,5.052294061369041e-07,-0.015514386950126094,0.015514389004049793,-0.8889088939750663,0.8889090116562258,[0.0],[0.0],0.0,[0.0],[0.0],0.0,[0.0],[0.0],0.0,[0.0],[0.0],0.0,[0.0],[0.0],0.0,[0.0],[0.0],0.0,[0.0],[0.0],0.0,[0.0],[0.0],0.0,"[0.0012157359903444847, 0.06373525229357802, -0.006183219994534411]",0.06374684618806063,0.00618324933236031,every physics interval; dwell = interval count * physics_dt,0.002,"[0.0, 0.0, 0.0, 0.0]","[0.0, 0.0, 0.0, 0.0]",0.0,"[0.0, 0.0, 0.0, 0.0]","[0.0, 0.0, 0.0, 0.0]",0.0,"[0.0, 0.0, 0.0, 0.0]","[0.0, 0.0, 0.0, 0.0]",0.0,"[0.0, 0.0, 0.0, 0.0]","[0.0, 0.0, 0.0, 0.0]",0.0,"[0.0, 0.0, 0.0, 0.0]","[0.0, 0.0, 0.0, 0.0]",0.0,"[0.0, 0.0, 0.0, 0.0]","[0.0, 0.0, 0.0, 0.0]",0.0,"[0.0, 0.0, 0.0, 0.0]","[0.0, 0.0, 0.0, 0.0]",0.0,"[0.0, 0.0, 0.0, 0.0]","[0.0, 0.0, 0.0, 0.0]",0.0,"[0.12906544723629093, 0.17208726593982626, 0.10825804517475132, 0.10825804153899729]","[0.07093452155550972, 0.02791269004936675, 0.09174193391818512, 0.09174193304793887]","[0.60579769528596, 0.7140064080576327, 0.5504618494283839, 0.5504618395120626]","[0.3942022235890791, 0.2859934840139252, 0.4495380935487404, 0.44953809117519195]","[0.07093452967051775, 0.020934529033832056, 0.09174194039672717, 0.091741939864751]","[0.2, 0.2, 0.2, 0.2]","[0.2, 0.2, 0.2, 0.2]","[0.2, 0.15000000000000002, 0.2, 0.2]","[0.2, 0.15000000000000002, 0.2, 0.2]","[5.376651420694216e-09, 7.116168419694519e-09, 3.6004000751412437e-09, 4.1888777658868484e-09]","[1.7402114675622896e-06, 2.443496039975859e-07]","[2.784422541914278e-06, 5.830315955771197e-07]",1000,"body origin, body frame; no gravity/external torque","[2.080740942911964e-07, 5.4819206155541186e-14, 2.993704505886293e-18]",2.0807409429120321e-07,2.080742325081972e-07,7.248404575000198e-17,1.1102230246251565e-16,"[3.594107490426982e-10, 3.5633645461195077e-10, 2.61780361054747e-11]",5.067909282802801e-10,1.1411097264964747e-09,1.1283695807032583e-08,3.0937008344000816e-08,"[2.0807954806945228e-07, 3.562853037631161e-10, 2.617803608509514e-11]",2.080798547416225e-07,2.089765803355963e-07,1.128369580759676e-08,3.093700839951197e-08,"[8.138018906670571e-19, 3.2678492994866123e-17, 2.988561013012064e-18]",3.2824955062593054e-17,3.495150605268162e-17,7.248404575000198e-17,1.1102230246251565e-16,"[2.0807409429087266e-07, 5.481927255886695e-14, 1.454609855418324e-19]",2.0807409429087907e-07,2.0807423250754668e-07,0.0,0.0
A_best-combined_motor2_70-eta075,fault_5_60,False,,"[-6.382200686537518e-05, -0.0021707549248179045]",0.002171692932295335,0.006348629414361985,0.005965638712553849,0.04804720569707241,0.0002561169551844037,0.0002561169551844037,0.0008950308652852255,0.0008576038450708385,0.00765011410395533,0.006411409805239049,-4.54009659728305e-19,2.964615315390051e-21,5500,5.01,60.0,0.014506245817238122,0.002197089105079166,0.028499035476515694,0.00399986209387354,4.578119469878291,1.1780456429510708,-0.015455757410662097,0.017813993976325142,-0.8855496688089837,1.020666671114902,[0.11],[0.11],0.11,[0.11],[0.11],0.11,[0.0],[0.0],0.0,[0.0],[0.0],0.0,[0.0],[0.0],0.0,[0.0],[0.0],0.0,[0.0],[0.0],0.0,[0.0],[0.0],0.0,"[0.0012157359903444847, 0.06373525229357802, -0.006183219994534411]",0.06374684618806063,0.006282988299495082,every physics interval; dwell = interval count * physics_dt,0.002,"[0.0, 0.11, 0.0, 0.0]","[0.0, 0.11, 0.0, 0.0]",0.11,"[0.0, 0.0, 0.0, 0.0]","[0.0, 0.0, 0.0, 0.0]",0.0,"[0.0, 0.11, 0.0, 0.0]","[0.0, 0.11, 0.0, 0.0]",0.11,"[0.0, 0.0, 0.0, 0.0]","[0.0, 0.0, 0.0, 0.0]",0.0,"[0.0, 0.0, 0.0, 0.0]","[0.0, 0.0, 0.0, 0.0]",0.0,"[0.0, 0.0, 0.0, 0.0]","[0.0, 0.0, 0.0, 0.0]",0.0,"[0.0, 0.0, 0.0, 0.0]","[0.0, 0.0, 0.0, 0.0]",0.0,"[0.0, 0.0, 0.0, 0.0]","[0.0, 0.0, 0.0, 0.0]",0.0,"[0.12420212590464566, 0.15478725923499323, 0.10196528689204983, 0.09387494058652282]","[0.06056248468967182, 0.0, 0.0874163840155628, 0.07206377356626414]","[0.593093972725638, 0.6712259605278554, 0.5331464580502031, 0.5103946673898135]","[0.36749595352722186, 0.21814922562016836, 0.43780775211664624, 0.39714093467537215]","[0.06493644470374413, 0.0044851074173598016, 0.08916392156337474, 0.08104145003006649]","[0.2, 0.2, 0.2, 0.2]","[0.2, 0.2, 0.2, 0.2]","[0.2, 0.15000000000000002, 0.2, 0.2]","[0.2, 0.15000000000000002, 0.2, 0.2]","[0.000315629248990469, 0.0017390473691296594, 0.00022024495353441484, 0.00071711625078426]","[0.4824867082554153, 0.2857385303044289]","[3.6637803634524175, 3.2014480828467216]",27500,"body origin, body frame; no gravity/external torque","[5.656954475573852e-05, 5.657717261492921e-05, 9.506411764584464e-06]",8.056960791519959e-05,0.0024586868418942846,0.001600406020973794,0.04883798253613297,"[5.0106801353975464e-05, 6.599925862958199e-05, 7.7254195483693e-06]",8.322425000430926e-05,0.0025419199411257825,0.0015069374560511654,0.04103101167410783,"[9.273006142510383e-05, 0.00010097641367555237, 1.4879260877731487e-05]",0.00013790030027142254,0.003922653994210565,0.0027641414613370683,0.06924642307343037,"[5.6582354871528154e-05, 5.658235487152708e-05, 9.506411764584464e-06]",8.058224140747639e-05,0.002459047296126883,0.001600406020973794,0.04883798253613297,"[2.0834010230098185e-07, 9.380506229894161e-09, 1.5221013443092174e-19]",2.0855117387325734e-07,3.9383923897217913e-07,0.0,0.0
A_best-combined_motor2_70-eta075,full_0_60,True,,,,,,,,,,,,,,,,,,,,,,,,,,,,,,,,,,,,,,,,,,,,,,,,,,,,,,,,,,,,,,,,,,,,,,,,,,,,,,,,,,,,,,,,,,,,,,,,,,,,,,,,,,,,,,,,,,,,,,,
A_best-combined_motor2_70-eta075,pre_3_5,True,,,,,,,,,,,,,,,,,,,,,,,,,,,,,,,,,,,,,,,,,,,,,,,,,,,,,,,,,,,,,,,,,,,,,,,,,,,,,,,,,,,,,,,,,,,,,,,,,,,,,,,,,,,,,,,,,,,,,,,
A_best-combined_motor2_70-eta075,tail_18_20,True,,,,,,,,,,,,,,,,,,,,,,,,,,,,,,,,,,,,,,,,,,,,,,,,,,,,,,,,,,,,,,,,,,,,,,,,,,,,,,,,,,,,,,,,,,,,,,,,,,,,,,,,,,,,,,,,,,,,,,,
A_best-combined_motor2_70-eta075,pre_second_28_30,True,,,,,,,,,,,,,,,,,,,,,,,,,,,,,,,,,,,,,,,,,,,,,,,,,,,,,,,,,,,,,,,,,,,,,,,,,,,,,,,,,,,,,,,,,,,,,,,,,,,,,,,,,,,,,,,,,,,,,,,
A_best-combined_motor2_70-eta075,tail_58_60,True,,,,,,,,,,,,,,,,,,,,,,,,,,,,,,,,,,,,,,,,,,,,,,,,,,,,,,,,,,,,,,,,,,,,,,,,,,,,,,,,,,,,,,,,,,,,,,,,,,,,,,,,,,,,,,,,,,,,,,,
A_best-combined_motor2_70-eta075,fault_5_60,True,,,,,,,,,,,,,,,,,,,,,,,,,,,,,,,,,,,,,,,,,,,,,,,,,,,,,,,,,,,,,,,,,,,,,,,,,,,,,,,,,,,,,,,,,,,,,,,,,,,,,,,,,,,,,,,,,,,,,,,
B_best-combined_motor3_70-eta100,full_0_60,False,,"[-0.005460551697828764, 0.0016411230265448715]",0.00570183388331477,0.014227599180859918,0.013035093740295432,0.05933150021583034,-0.000714493998897539,0.000714493998897539,0.0019300320953872304,0.0017929088696206023,0.008087847287458483,0.014357910793023846,2.710505431213761e-19,8.470329472543003e-22,6000,0.01,60.0,0.010620649884038784,0.0038874919871646697,0.05790072412103899,0.008650649417089026,4.18140328001804,1.3091738946120217,0.009895032894775158,0.011770431774053926,0.5669436230137341,0.6743960636999722,[0.0],[0.0],0.0,[0.0],[0.0],0.0,[0.0],[0.0],0.0,[0.0],[0.0],0.0,[0.0],[0.0],0.0,[0.0],[0.0],0.0,[0.0],[0.0],0.0,[0.0],[0.0],0.0,"[0.06552662028187946, -0.01969347638935467, 0.008573928022787045]",0.06842200653199003,0.008604488208292604,every physics interval; dwell = interval count * physics_dt,0.002,"[0.0, 0.0, 0.0, 0.0]","[0.0, 0.0, 0.0, 0.0]",0.0,"[0.0, 0.0, 0.0, 0.0]","[0.0, 0.0, 0.0, 0.0]",0.0,"[0.0, 0.0, 0.0, 0.0]","[0.0, 0.0, 0.0, 0.0]",0.0,"[0.0, 0.0, 0.0, 0.0]","[0.0, 0.0, 0.0, 0.0]",0.0,"[0.0, 0.0, 0.0, 0.0]","[0.0, 0.0, 0.0, 0.0]",0.0,"[0.0, 0.0, 0.0, 0.0]","[0.0, 0.0, 0.0, 0.0]",0.0,"[0.0, 0.0, 0.0, 0.0]","[0.0, 0.0, 0.0, 0.0]",0.0,"[0.0, 0.0, 0.0, 0.0]","[0.0, 0.0, 0.0, 0.0]",0.0,"[0.08803775861425776, 0.10825664557542906, 0.111898022188068, 0.09249561057287833]","[0.05934852504488164, 0.04529619208147573, 0.04651609465146053, 0.06815659941163768]","[0.49358955459919984, 0.5504580320901427, 0.5603417906573862, 0.5064549232387824]","[0.3644013171122701, 0.3289823751482228, 0.33203032320357406, 0.3870002743548916]","[0.07552885816758526, 0.05631194210607679, 0.05964190186446222, 0.07982573600399792]","[0.2, 0.2, 0.2, 0.2]","[0.2, 0.2, 0.2, 0.2]","[0.2, 0.2, 0.2, 0.2]","[0.2, 0.2, 0.2, 0.2]","[0.0011647006313910608, 0.0012586313290682833, 0.0009372238741688246, 0.0008435620380171195]","[0.03362535001851806, 0.32610865322824106]","[0.31242156381404557, 4.181401867274332]",30000,"body origin, body frame; no gravity/external torque","[1.9948846013749874e-09, 2.0923001525123829e-07, 2.4709978998153917e-19]",2.0923952505825502e-07,5.937522688159036e-07,4.8467731026260395e-17,5.551115123125783e-17,"[1.2738757420535412e-05, 0.00013290431439318001, 5.263453042671695e-06]",0.000133617127131504,0.0027771703611231043,0.0017551574664827067,0.05363807392624009,"[1.2736919417344899e-05, 0.0001328844026545575, 5.263453042671701e-06]",0.00013359714638806733,0.0027766664958675255,0.0017551574664827064,0.05363807392624009,"[6.625708928836134e-17, 7.369387135302533e-19, 2.616032525184639e-19]",6.62617038408727e-17,8.791986063360538e-17,4.8467731026260395e-17,5.551115123125783e-17,"[1.9948846012489317e-09, 2.0923001525162498e-07, 1.6154248539704589e-19]",2.0923952505864984e-07,5.937522688194143e-07,0.0,0.0
B_best-combined_motor3_70-eta100,pre_3_5,False,,"[-0.03674554266393267, 0.014558291598262578]",0.03952440714200453,0.039851561796850836,0.005095902051775023,0.04777326809916805,-0.006523403538899457,0.006523403538899457,0.0065480786913212855,0.0005679267702882146,0.00741649192686622,0.04038594201199171,-2.7816561987831223e-18,-8.279747059410786e-20,200,3.0100000000000002,5.0,0.008902018676350097,0.002252568284852845,0.1513618679948816,0.025259731948309556,0.29864699235166686,0.04216393343917914,0.009246043354823963,0.009514709608030747,0.5297592614263937,0.5451527038327356,[0.0],[0.0],0.0,[0.0],[0.0],0.0,[0.0],[0.0],0.0,[0.0],[0.0],0.0,[0.0],[0.0],0.0,[0.0],[0.0],0.0,[0.0],[0.0],0.0,[0.0],[0.0],0.0,"[0.04141497361330784, -0.011721834285616814, 0.0050933748047580375]",0.04304185681880426,0.0050933748047580375,every physics interval; dwell = interval count * physics_dt,0.002,"[0.0, 0.0, 0.0, 0.0]","[0.0, 0.0, 0.0, 0.0]",0.0,"[0.0, 0.0, 0.0, 0.0]","[0.0, 0.0, 0.0, 0.0]",0.0,"[0.0, 0.0, 0.0, 0.0]","[0.0, 0.0, 0.0, 0.0]",0.0,"[0.0, 0.0, 0.0, 0.0]","[0.0, 0.0, 0.0, 0.0]",0.0,"[0.0, 0.0, 0.0, 0.0]","[0.0, 0.0, 0.0, 0.0]",0.0,"[0.0, 0.0, 0.0, 0.0]","[0.0, 0.0, 0.0, 0.0]",0.0,"[0.0, 0.0, 0.0, 0.0]","[0.0, 0.0, 0.0, 0.0]",0.0,"[0.0, 0.0, 0.0, 0.0]","[0.0, 0.0, 0.0, 0.0]",0.0,"[0.1079496865901567, 0.12854093281893725, 0.12849146553722116, 0.10781486213279363]","[0.09150123391516733, 0.07055092187681006, 0.0705148833682962, 0.091431882532469]","[0.5496204660322833, 0.6044335345712462, 0.6043048074227821, 0.5492523638078981]","[0.44888181126067117, 0.39320543684561104, 0.3931118285670535, 0.44869279997159706]","[0.0915217722415643, 0.07060104809767401, 0.07055969780309942, 0.09149225753746962]","[0.2, 0.2, 0.2, 0.2]","[0.2, 0.2, 0.2, 0.2]","[0.2, 0.2, 0.2, 0.2]","[0.2, 0.2, 0.2, 0.2]","[4.853614926989631e-05, 7.983954388118516e-05, 8.044495134055931e-05, 6.786487027145478e-05]","[0.050847089942849664, 0.1300477375564627]","[0.12603339726316873, 0.28070254358579355]",1000,"body origin, body frame; no gravity/external torque","[6.120092613316823e-10, 2.079495026148104e-07, 2.347903670917718e-19]",2.0795040320490573e-07,2.0983794185225472e-07,4.8234047858538485e-17,5.551115123125783e-17,"[3.825703311235134e-06, 3.0022617423806057e-06, 9.842424397520346e-08]",4.864079432653191e-06,1.7130273374082852e-05,0.0002450292463199506,0.0007948706273402939,"[3.82515292421509e-06, 3.0114487612974537e-06, 9.842424397521132e-08]",4.86932293726277e-06,1.726972339776473e-05,0.00024502924631995045,0.0007948706273403494,"[6.629681879178159e-17, 7.1934179166233e-19, 2.404345616077627e-19]",6.630115717920745e-17,6.843479707541564e-17,4.8234047858538485e-17,5.551115123125783e-17,"[6.12009263105927e-10, 2.0794950261522105e-07, 1.5636586103463756e-19]",2.0795040320532194e-07,2.0983794185356805e-07,0.0,0.0
B_best-combined_motor3_70-eta100,tail_18_20,False,,"[-0.0010117490671350364, 8.709427744676847e-05]",0.0010154908113875728,0.0010254796602423416,0.00014278286157013884,0.0012806997951604303,-1.5448490455252097e-05,1.5448490455252097e-05,1.811412909163623e-05,9.4586370795399e-06,3.416436381575849e-05,0.001025639632250771,-1.819797347616661e-22,-1.550963648536927e-25,200,18.01,20.0,0.00025032242837916567,1.6975206053990964e-05,0.0038528448838115728,5.647793895732139e-05,0.00045328144668732194,9.95029618031305e-06,0.01000111067758608,0.010008034427888396,0.5730214322689053,0.5734181339396305,[0.0],[0.0],0.0,[0.0],[0.0],0.0,[0.0],[0.0],0.0,[0.0],[0.0],0.0,[0.0],[0.0],0.0,[0.0],[0.0],0.0,[0.0],[0.0],0.0,[0.0],[0.0],0.0,"[0.06487347524913667, -0.019713435151412252, 0.008604466010585569]",0.06780256128177817,0.008604466010585569,every physics interval; dwell = interval count * physics_dt,0.002,"[0.0, 0.0, 0.0, 0.0]","[0.0, 0.0, 0.0, 0.0]",0.0,"[0.0, 0.0, 0.0, 0.0]","[0.0, 0.0, 0.0, 0.0]",0.0,"[0.0, 0.0, 0.0, 0.0]","[0.0, 0.0, 0.0, 0.0]",0.0,"[0.0, 0.0, 0.0, 0.0]","[0.0, 0.0, 0.0, 0.0]",0.0,"[0.0, 0.0, 0.0, 0.0]","[0.0, 0.0, 0.0, 0.0]",0.0,"[0.0, 0.0, 0.0, 0.0]","[0.0, 0.0, 0.0, 0.0]",0.0,"[0.0, 0.0, 0.0, 0.0]","[0.0, 0.0, 0.0, 0.0]",0.0,"[0.0, 0.0, 0.0, 0.0]","[0.0, 0.0, 0.0, 0.0]",0.0,"[0.10825793412489869, 0.12906532991660521, 0.12906532680943297, 0.10825794236576519]","[0.09174199056337948, 0.07093458923922341, 0.07093458679622111, 0.09174198652118426]","[0.5504615465459046, 0.6057973903162249, 0.6057973822392041, 0.5504615690224265]","[0.4495382480454284, 0.39420239953126335, 0.39420239318073824, 0.44953823702056217]","[0.09174200030073093, 0.07093459696481477, 0.07093459866198809, 0.09174199467446215]","[0.2, 0.2, 0.2, 0.2]","[0.2, 0.2, 0.2, 0.2]","[0.2, 0.2, 0.2, 0.2]","[0.2, 0.2, 0.2, 0.2]","[6.095612369543054e-09, 4.956483054867044e-09, 7.264285535181273e-09, 5.813161546327394e-09]","[0.00010433996425986811, 0.00034387679975923937]","[0.00013817445204853922, 0.00043170790313064804]",1000,"body origin, body frame; no gravity/external torque","[7.16431816463432e-14, 2.0807394161202864e-07, 2.2134748528777016e-19]",2.08073941612041e-07,2.0807410606549148e-07,4.9805599769210286e-17,5.551115123125783e-17,"[4.604756912189166e-10, 3.668825053940261e-10, 2.7723563686443897e-11]",5.894143117970695e-10,1.3180895688157388e-09,1.7149951630503644e-08,4.995418573239263e-08,"[4.6040918884849927e-10, 2.080633664228187e-07, 2.772356367534361e-11]",2.0806387767321187e-07,2.089602901551403e-07,1.714995161493486e-08,4.995418573239263e-08,"[6.637025324908004e-17, 7.383727242466212e-19, 2.3371357641462134e-19]",6.63747718087432e-17,6.903065449580106e-17,4.9805599769210286e-17,5.551115123125783e-17,"[7.16429915757879e-14, 2.0807394161240936e-07, 1.486583122313011e-19]",2.080739416124216e-07,2.0807410606570832e-07,0.0,0.0
B_best-combined_motor3_70-eta100,pre_second_28_30,False,,"[-9.025180532022138e-05, -1.2241623236230097e-05]",9.107823945936236e-05,9.194919144096361e-05,1.2625692203995275e-05,0.00011452597302187112,9.2654892289179e-06,9.2654892289179e-06,9.293538995621838e-06,7.215098141744982e-07,1.0520360998134137e-05,9.241765888459911e-05,-1.83530698410203e-24,2.7263032884438168e-27,200,28.01,30.0,2.2127553356015086e-05,1.2454583674529873e-06,0.0003457540272302975,3.593076367079503e-05,3.8571297425260704e-05,8.273955357174463e-07,0.010028895068889215,0.01002945408502881,0.574613360626915,0.5746453898923936,[0.0],[0.0],0.0,[0.0],[0.0],0.0,[0.0],[0.0],0.0,[0.0],[0.0],0.0,[0.0],[0.0],0.0,[0.0],[0.0],0.0,[0.0],[0.0],0.0,[0.0],[0.0],0.0,"[0.0654688577857887, -0.019707239821457744, 0.00858305037303366]",0.06837065628730118,0.008586740483643353,every physics interval; dwell = interval count * physics_dt,0.002,"[0.0, 0.0, 0.0, 0.0]","[0.0, 0.0, 0.0, 0.0]",0.0,"[0.0, 0.0, 0.0, 0.0]","[0.0, 0.0, 0.0, 0.0]",0.0,"[0.0, 0.0, 0.0, 0.0]","[0.0, 0.0, 0.0, 0.0]",0.0,"[0.0, 0.0, 0.0, 0.0]","[0.0, 0.0, 0.0, 0.0]",0.0,"[0.0, 0.0, 0.0, 0.0]","[0.0, 0.0, 0.0, 0.0]",0.0,"[0.0, 0.0, 0.0, 0.0]","[0.0, 0.0, 0.0, 0.0]",0.0,"[0.0, 0.0, 0.0, 0.0]","[0.0, 0.0, 0.0, 0.0]",0.0,"[0.0, 0.0, 0.0, 0.0]","[0.0, 0.0, 0.0, 0.0]",0.0,"[0.1082580403764358, 0.12906544964397867, 0.12906544841180306, 0.10825804258096425]","[0.0917419316394594, 0.07093452137462311, 0.07093451430035747, 0.09174192736509773]","[0.550461836341238, 0.6057977015446875, 0.6057976983416762, 0.5504618423539706]","[0.449538087333641, 0.39420222311886766, 0.3942022047294872, 0.44953807567555437]","[0.09174193893947086, 0.07093452634989575, 0.07093452565287711, 0.09174193855016295]","[0.2, 0.2, 0.2, 0.2]","[0.2, 0.2, 0.2, 0.2]","[0.2, 0.2, 0.2, 0.2]","[0.2, 0.2, 0.2, 0.2]","[4.4719887052584715e-09, 4.684553516564164e-09, 5.4113953316321e-09, 4.867588663633972e-09]","[1.673300965121276e-06, 3.118915544710458e-05]","[2.9986547065630664e-06, 3.8491903813381255e-05]",1000,"body origin, body frame; no gravity/external torque","[5.606660278087929e-14, 2.0807409753054194e-07, 2.6320837575813633e-19]",2.0807409753054872e-07,2.0807420089589364e-07,4.9805599769210286e-17,5.551115123125783e-17,"[3.6263178721726803e-10, 2.644527824827648e-10, 2.807149780484503e-11]",4.4969444765559845e-10,1.0537711584950712e-09,1.4008590512076685e-08,5.136076736134143e-08,"[3.6257953002480056e-10, 2.0806491117108864e-07, 2.8071497804529665e-11]",2.080652289849453e-07,2.088023552981713e-07,1.4008590510126165e-08,5.136076741685258e-08,"[6.620581580715767e-17, 7.499043255198508e-19, 2.6441678687256417e-19]",6.621059068929923e-17,6.848695176143546e-17,4.9805599769210286e-17,5.551115123125783e-17,"[5.6066815363497084e-14, 2.0807409753088682e-07, 1.5409408128351395e-19]",2.080740975308935e-07,2.080742008976284e-07,0.0,0.0
B_best-combined_motor3_70-eta100,tail_58_60,False,,"[-5.8149971996710666e-08, -3.865478352947286e-08]",6.98255793597779e-08,7.055557035102847e-08,1.0123091159832827e-08,8.942442868733703e-08,2.5404792759475825e-08,2.5404792759475825e-08,2.5661254731991443e-08,3.618908574175025e-09,3.058763820007471e-08,7.507721693016518e-08,-3.944304526105059e-31,5.130677371847596e-31,200,58.01,60.0,3.520633652827063e-08,1.0347137931659163e-08,2.673845747127516e-07,9.742064088446124e-08,2.091309789151873e-06,3.8075203958034336e-07,0.010031327483331007,0.010031330877644278,0.5747527277084563,0.5747529221882811,[0.0],[0.0],0.0,[0.0],[0.0],0.0,[0.0],[0.0],0.0,[0.0],[0.0],0.0,[0.0],[0.0],0.0,[0.0],[0.0],0.0,[0.0],[0.0],0.0,[0.0],[0.0],0.0,"[0.06552662028187946, -0.01969347638935467, 0.008573928022787045]",0.06842200653199003,0.008573938148687583,every physics interval; dwell = interval count * physics_dt,0.002,"[0.0, 0.0, 0.0, 0.0]","[0.0, 0.0, 0.0, 0.0]",0.0,"[0.0, 0.0, 0.0, 0.0]","[0.0, 0.0, 0.0, 0.0]",0.0,"[0.0, 0.0, 0.0, 0.0]","[0.0, 0.0, 0.0, 0.0]",0.0,"[0.0, 0.0, 0.0, 0.0]","[0.0, 0.0, 0.0, 0.0]",0.0,"[0.0, 0.0, 0.0, 0.0]","[0.0, 0.0, 0.0, 0.0]",0.0,"[0.0, 0.0, 0.0, 0.0]","[0.0, 0.0, 0.0, 0.0]",0.0,"[0.0, 0.0, 0.0, 0.0]","[0.0, 0.0, 0.0, 0.0]",0.0,"[0.0, 0.0, 0.0, 0.0]","[0.0, 0.0, 0.0, 0.0]",0.0,"[0.10825804480127738, 0.1290654495561054, 0.1290654494495741, 0.1082580444905501]","[0.09174193350194888, 0.07093451874367931, 0.07093452020487362, 0.09174193239811033]","[0.5504618484097519, 0.6057977013162612, 0.6057977010393386, 0.5504618475622621]","[0.449538092413479, 0.394202216279794, 0.39420222007813244, 0.44953808940282036]","[0.09174193931867158, 0.0709345282563299, 0.07093452936302261, 0.09174194056781063]","[0.2, 0.2, 0.2, 0.2]","[0.2, 0.2, 0.2, 0.2]","[0.2, 0.2, 0.2, 0.2]","[0.2, 0.2, 0.2, 0.2]","[4.081473642112042e-09, 5.74516460520635e-09, 4.844921663724046e-09, 4.315289938599317e-09]","[8.465588643982756e-07, 5.97141308744454e-07]","[1.5209813860795465e-06, 1.3770610564116914e-06]",1000,"body origin, body frame; no gravity/external torque","[5.506728915298956e-14, 2.0807409650319275e-07, 2.5711109635355625e-19]",2.0807409650319942e-07,2.08074200896537e-07,4.839349969133126e-17,5.551115123125783e-17,"[3.574816585205625e-10, 2.87895180260474e-10, 2.2285742186873344e-11]",4.5953609792990436e-10,1.0009825721491321e-09,1.3581910480979324e-08,3.9604948320892674e-08,"[3.5743008514996417e-10, 2.080688921067659e-07, 2.228574218115281e-11]",2.0806920030474715e-07,2.089064080068585e-07,1.3581910479694905e-08,3.960494826538152e-08,"[6.629078357072725e-17, 7.606433589237008e-19, 2.8054506690604476e-19]",6.629574096633239e-17,6.833731846016688e-17,4.839349969133126e-17,5.551115123125783e-17,"[5.5068659951365785e-14, 2.0807409650363816e-07, 1.7279339255563594e-19]",2.0807409650364501e-07,2.08074200897838e-07,0.0,0.0
B_best-combined_motor3_70-eta100,fault_5_60,False,,"[-0.0021866636146110046, 0.0007225184547560569]",0.002302939573876558,0.006017171809713428,0.005559031022281062,0.03146134347476681,-0.0003154488893398318,0.0003154488893398318,0.0009684577522319507,0.000915643170712495,0.005294131852831341,0.006094609668015511,0.0,-2.2234614865425384e-21,5500,5.01,60.0,0.0015103197279342081,0.0002783686645167585,0.02257022939204857,0.003611108966062636,0.07291181032110582,0.00870893632905126,0.009961455058554761,0.010031330877644278,0.5707493326644322,0.5747529221882811,[0.0],[0.0],0.0,[0.0],[0.0],0.0,[0.0],[0.0],0.0,[0.0],[0.0],0.0,[0.0],[0.0],0.0,[0.0],[0.0],0.0,[0.0],[0.0],0.0,[0.0],[0.0],0.0,"[0.06552662028187946, -0.01969347638935467, 0.008573928022787045]",0.06842200653199003,0.008604488208292604,every physics interval; dwell = interval count * physics_dt,0.002,"[0.0, 0.0, 0.0, 0.0]","[0.0, 0.0, 0.0, 0.0]",0.0,"[0.0, 0.0, 0.0, 0.0]","[0.0, 0.0, 0.0, 0.0]",0.0,"[0.0, 0.0, 0.0, 0.0]","[0.0, 0.0, 0.0, 0.0]",0.0,"[0.0, 0.0, 0.0, 0.0]","[0.0, 0.0, 0.0, 0.0]",0.0,"[0.0, 0.0, 0.0, 0.0]","[0.0, 0.0, 0.0, 0.0]",0.0,"[0.0, 0.0, 0.0, 0.0]","[0.0, 0.0, 0.0, 0.0]",0.0,"[0.0, 0.0, 0.0, 0.0]","[0.0, 0.0, 0.0, 0.0]",0.0,"[0.0, 0.0, 0.0, 0.0]","[0.0, 0.0, 0.0, 0.0]",0.0,"[0.10818664609424326, 0.1289700763178492, 0.1289532914828484, 0.10818148617186409]","[0.09168578013726214, 0.07084925329396582, 0.07084250485728519, 0.09168983339217723]","[0.5502670934696021, 0.605549757858682, 0.605506117264955, 0.5502530172381621]","[0.44938494882679225, 0.3939805891895628, 0.3939630498155938, 0.44939600223732756]","[0.0916916162163966, 0.07085589056267677, 0.07084973180122298, 0.09169824846814013]","[0.2, 0.2, 0.2, 0.2]","[0.2, 0.2, 0.2, 0.2]","[0.2, 0.2, 0.2, 0.2]","[0.2, 0.2, 0.2, 0.2]","[2.0013333946889203e-06, 2.965749723918772e-06, 3.228344316524179e-06, 1.8239795677772352e-06]","[0.0012024919218949378, 0.0068193165679179945]","[0.009335285402243817, 0.072618012049649]",27500,"body origin, body frame; no gravity/external torque","[5.989300305485712e-12, 2.0807402835774734e-07, 2.487754040261882e-19]",2.080740284439433e-07,2.0847032767548308e-07,4.859568171041074e-17,5.551115123125783e-17,"[3.5881868471073695e-08, 9.496145076804423e-08, 4.216867356492034e-09]",1.0160200582296259e-07,1.645813891627346e-06,9.871905244684659e-06,0.00012376263311081326,"[3.587669536878167e-08, 2.2621275773892254e-07, 4.216867356490657e-09]",2.290788750730523e-07,1.4486212712153035e-06,9.871905244683312e-06,0.00012376263311075775,"[6.624417898347779e-17, 7.211311612695403e-19, 2.643395172996539e-19]",6.624863134229641e-17,6.903065449580106e-17,4.859568171041074e-17,5.551115123125783e-17,"[5.989301047526929e-12, 2.0807402835812046e-07, 1.6200488560589036e-19]",2.0807402844432507e-07,2.084703276750543e-07,0.0,0.0
B_best-combined_motor3_70-eta100,full_0_60,True,,,,,,,,,,,,,,,,,,,,,,,,,,,,,,,,,,,,,,,,,,,,,,,,,,,,,,,,,,,,,,,,,,,,,,,,,,,,,,,,,,,,,,,,,,,,,,,,,,,,,,,,,,,,,,,,,,,,,,,
B_best-combined_motor3_70-eta100,pre_3_5,True,,,,,,,,,,,,,,,,,,,,,,,,,,,,,,,,,,,,,,,,,,,,,,,,,,,,,,,,,,,,,,,,,,,,,,,,,,,,,,,,,,,,,,,,,,,,,,,,,,,,,,,,,,,,,,,,,,,,,,,
B_best-combined_motor3_70-eta100,tail_18_20,True,,,,,,,,,,,,,,,,,,,,,,,,,,,,,,,,,,,,,,,,,,,,,,,,,,,,,,,,,,,,,,,,,,,,,,,,,,,,,,,,,,,,,,,,,,,,,,,,,,,,,,,,,,,,,,,,,,,,,,,
B_best-combined_motor3_70-eta100,pre_second_28_30,True,,,,,,,,,,,,,,,,,,,,,,,,,,,,,,,,,,,,,,,,,,,,,,,,,,,,,,,,,,,,,,,,,,,,,,,,,,,,,,,,,,,,,,,,,,,,,,,,,,,,,,,,,,,,,,,,,,,,,,,
B_best-combined_motor3_70-eta100,tail_58_60,True,,,,,,,,,,,,,,,,,,,,,,,,,,,,,,,,,,,,,,,,,,,,,,,,,,,,,,,,,,,,,,,,,,,,,,,,,,,,,,,,,,,,,,,,,,,,,,,,,,,,,,,,,,,,,,,,,,,,,,,
B_best-combined_motor3_70-eta100,fault_5_60,True,,,,,,,,,,,,,,,,,,,,,,,,,,,,,,,,,,,,,,,,,,,,,,,,,,,,,,,,,,,,,,,,,,,,,,,,,,,,,,,,,,,,,,,,,,,,,,,,,,,,,,,,,,,,,,,,,,,,,,,
B_best-combined_motor3_70-eta095,full_0_60,False,,"[-0.005460551648821636, 0.0016411231837639812]",0.005701833881632848,0.014243336997651014,0.013052269504378093,0.05933150021583034,-0.0007144940208208283,0.0007144940208208283,0.001927509317932723,0.0017901928569091995,0.008087847287458483,0.014373167396206435,-4.607859233063394e-19,3.3881317890172014e-20,6000,0.01,60.0,0.010639221486732506,0.00389800755639066,0.05796603328721215,0.008646382932252583,4.18140328001804,1.3091738946120217,0.009877731227122953,0.011770431774053926,0.5659523104787249,0.6743960636999722,[0.0],[0.0],0.0,[0.0],[0.0],0.0,[0.0],[0.0],0.0,[0.0],[0.0],0.0,[0.0],[0.0],0.0,[0.0],[0.0],0.0,[0.0],[0.0],0.0,[0.0],[0.0],0.0,"[0.06552661970586139, -0.019693478257026515, 0.00857392828791157]",0.06842200651790736,0.00860262931851817,every physics interval; dwell = interval count * physics_dt,0.002,"[0.0, 0.0, 0.0, 0.0]","[0.0, 0.0, 0.0, 0.0]",0.0,"[0.0, 0.0, 0.0, 0.0]","[0.0, 0.0, 0.0, 0.0]",0.0,"[0.0, 0.0, 0.0, 0.0]","[0.0, 0.0, 0.0, 0.0]",0.0,"[0.0, 0.0, 0.0, 0.0]","[0.0, 0.0, 0.0, 0.0]",0.0,"[0.0, 0.0, 0.0, 0.0]","[0.0, 0.0, 0.0, 0.0]",0.0,"[0.0, 0.0, 0.0, 0.0]","[0.0, 0.0, 0.0, 0.0]",0.0,"[0.0, 0.0, 0.0, 0.0]","[0.0, 0.0, 0.0, 0.0]",0.0,"[0.0, 0.0, 0.0, 0.0]","[0.0, 0.0, 0.0, 0.0]",0.0,"[0.08803775861425776, 0.10825664557542906, 0.111898022188068, 0.09249561057287833]","[0.05934852504488164, 0.04529619208147573, 0.04651609465146053, 0.06815659941163768]","[0.49358955459919984, 0.5504580320901427, 0.5603417906573862, 0.5064549232387824]","[0.3644013171122701, 0.3289823751482228, 0.33203032320357406, 0.3870002743548916]","[0.07552885816758526, 0.05631194210607679, 0.05646212163815484, 0.07982573600399792]","[0.2, 0.2, 0.2, 0.2]","[0.2, 0.2, 0.2, 0.2]","[0.2, 0.2, 0.19, 0.2]","[0.2, 0.2, 0.2, 0.2]","[0.0012032257383390113, 0.0012603035251070043, 0.001024535616201559, 0.0008524372973231314]","[0.039540550570553515, 0.32665337532051403]","[0.3956754656031257, 4.181401867274332]",30000,"body origin, body frame; no gravity/external torque","[4.2551716037340546e-09, 2.092791486194705e-07, 1.4954535331587176e-18]",2.09322403321449e-07,5.937522688159036e-07,4.1205580192151007e-17,5.551115123125783e-17,"[2.7803784400426677e-05, 0.00013449003753529786, 5.605971511362007e-06]",0.00013744834498756535,0.0027771703611231043,0.0017910165918364586,0.05363807392624009,"[2.779988121530009e-05, 0.00013446964065976576, 5.605971511362002e-06]",0.00013742759756081571,0.0027766664958675255,0.0017910165918364586,0.05363807392624009,"[6.159524084582922e-17, 1.699147795474404e-17, 1.4991167135239714e-18]",6.391346782066507e-17,8.791986063360538e-17,4.1205580192151007e-17,5.551115123125783e-17,"[4.255171603395029e-09, 2.0927914863567383e-07, 1.4900057037652666e-19]",2.093224033376467e-07,5.937522688194143e-07,0.0,0.0
B_best-combined_motor3_70-eta095,pre_3_5,False,,"[-0.03674554266393267, 0.014558291598262578]",0.03952440714200453,0.039851561796850836,0.005095902051775023,0.04777326809916805,-0.006523403538899457,0.006523403538899457,0.0065480786913212855,0.0005679267702882146,0.00741649192686622,0.04038594201199171,-2.7816561987831223e-18,-8.279747059410786e-20,200,3.0100000000000002,5.0,0.008902018676350097,0.002252568284852845,0.1513618679948816,0.025259731948309556,0.29864699235166686,0.04216393343917914,0.009246043354823963,0.009514709608030747,0.5297592614263937,0.5451527038327356,[0.0],[0.0],0.0,[0.0],[0.0],0.0,[0.0],[0.0],0.0,[0.0],[0.0],0.0,[0.0],[0.0],0.0,[0.0],[0.0],0.0,[0.0],[0.0],0.0,[0.0],[0.0],0.0,"[0.04141497361330784, -0.011721834285616814, 0.0050933748047580375]",0.04304185681880426,0.0050933748047580375,every physics interval; dwell = interval count * physics_dt,0.002,"[0.0, 0.0, 0.0, 0.0]","[0.0, 0.0, 0.0, 0.0]",0.0,"[0.0, 0.0, 0.0, 0.0]","[0.0, 0.0, 0.0, 0.0]",0.0,"[0.0, 0.0, 0.0, 0.0]","[0.0, 0.0, 0.0, 0.0]",0.0,"[0.0, 0.0, 0.0, 0.0]","[0.0, 0.0, 0.0, 0.0]",0.0,"[0.0, 0.0, 0.0, 0.0]","[0.0, 0.0, 0.0, 0.0]",0.0,"[0.0, 0.0, 0.0, 0.0]","[0.0, 0.0, 0.0, 0.0]",0.0,"[0.0, 0.0, 0.0, 0.0]","[0.0, 0.0, 0.0, 0.0]",0.0,"[0.0, 0.0, 0.0, 0.0]","[0.0, 0.0, 0.0, 0.0]",0.0,"[0.1079496865901567, 0.12854093281893725, 0.12849146553722116, 0.10781486213279363]","[0.09150123391516733, 0.07055092187681006, 0.0705148833682962, 0.091431882532469]","[0.5496204660322833, 0.6044335345712462, 0.6043048074227821, 0.5492523638078981]","[0.44888181126067117, 0.39320543684561104, 0.3931118285670535, 0.44869279997159706]","[0.0915217722415643, 0.07060104809767401, 0.07055969780309942, 0.09149225753746962]","[0.2, 0.2, 0.2, 0.2]","[0.2, 0.2, 0.2, 0.2]","[0.2, 0.2, 0.2, 0.2]","[0.2, 0.2, 0.2, 0.2]","[4.853614926989631e-05, 7.983954388118516e-05, 8.044495134055931e-05, 6.786487027145478e-05]","[0.050847089942849664, 0.1300477375564627]","[0.12603339726316873, 0.28070254358579355]",1000,"body origin, body frame; no gravity/external torque","[6.120092613316823e-10, 2.079495026148104e-07, 2.347903670917718e-19]",2.0795040320490573e-07,2.0983794185225472e-07,4.8234047858538485e-17,5.551115123125783e-17,"[3.825703311235134e-06, 3.0022617423806057e-06, 9.842424397520346e-08]",4.864079432653191e-06,1.7130273374082852e-05,0.0002450292463199506,0.0007948706273402939,"[3.82515292421509e-06, 3.0114487612974537e-06, 9.842424397521132e-08]",4.86932293726277e-06,1.726972339776473e-05,0.00024502924631995045,0.0007948706273403494,"[6.629681879178159e-17, 7.1934179166233e-19, 2.404345616077627e-19]",6.630115717920745e-17,6.843479707541564e-17,4.8234047858538485e-17,5.551115123125783e-17,"[6.12009263105927e-10, 2.0794950261522105e-07, 1.5636586103463756e-19]",2.0795040320532194e-07,2.0983794185356805e-07,0.0,0.0
B_best-combined_motor3_70-eta095,tail_18_20,False,,"[-0.0010070443319346398, 7.349535041587245e-05]",0.0010097226614345332,0.0010196276026560927,0.00014177656747070384,0.0012731054818345888,-1.68476623541286e-05,1.68476623541286e-05,1.9332983308185812e-05,9.482642922512105e-06,3.556241407232097e-05,0.0010198108708686163,-1.1911400820763599e-21,3.618915179919496e-25,200,18.01,20.0,0.0002485935389281041,1.698781397085121e-05,0.003831142622390074,6.11223246227533e-05,0.000444018937036478,9.711764806444601e-06,0.010001119227952717,0.010008036424506431,0.573021922168827,0.5734182483374173,[0.0],[0.0],0.0,[0.0],[0.0],0.0,[0.0],[0.0],0.0,[0.0],[0.0],0.0,[0.0],[0.0],0.0,[0.0],[0.0],0.0,[0.0],[0.0],0.0,[0.0],[0.0],0.0,"[0.06487653159425089, -0.019721147718156914, 0.008602547522386723]",0.06780772831338032,0.008602547522386723,every physics interval; dwell = interval count * physics_dt,0.002,"[0.0, 0.0, 0.0, 0.0]","[0.0, 0.0, 0.0, 0.0]",0.0,"[0.0, 0.0, 0.0, 0.0]","[0.0, 0.0, 0.0, 0.0]",0.0,"[0.0, 0.0, 0.0, 0.0]","[0.0, 0.0, 0.0, 0.0]",0.0,"[0.0, 0.0, 0.0, 0.0]","[0.0, 0.0, 0.0, 0.0]",0.0,"[0.0, 0.0, 0.0, 0.0]","[0.0, 0.0, 0.0, 0.0]",0.0,"[0.0, 0.0, 0.0, 0.0]","[0.0, 0.0, 0.0, 0.0]",0.0,"[0.0, 0.0, 0.0, 0.0]","[0.0, 0.0, 0.0, 0.0]",0.0,"[0.0, 0.0, 0.0, 0.0]","[0.0, 0.0, 0.0, 0.0]",0.0,"[0.10825793049980946, 0.12906533766273792, 0.13585823978275838, 0.10825793535392844]","[0.09174198862865937, 0.07093458672129907, 0.06414167270855028, 0.09174198469631198]","[0.5504615366586688, 0.6057974104521177, 0.6233433894696289, 0.5504615498980203]","[0.4495382427685851, 0.3942023929859809, 0.37665638588049855, 0.4495382320433209]","[0.09174199567531552, 0.07093459461908302, 0.060934597236185356, 0.09174199113443399]","[0.2, 0.2, 0.2, 0.2]","[0.2, 0.2, 0.2, 0.2]","[0.2, 0.2, 0.19, 0.2]","[0.2, 0.2, 0.19, 0.2]","[5.5161394935638385e-09, 5.389705248927397e-09, 6.2245318009292745e-09, 4.975477981590261e-09]","[9.736531146751922e-05, 0.0003445102466425169]","[0.00012161311883113679, 0.0004291515536923351]",1000,"body origin, body frame; no gravity/external torque","[4.480136893748925e-14, 2.0807395068249126e-07, 1.5629913166778669e-18]",2.080739506824965e-07,2.0807410604771022e-07,4.2093414554253694e-17,5.551115123125783e-17,"[2.721931865669804e-10, 3.398419264867559e-10, 2.8763428358094314e-11]",4.363587980350893e-10,1.1865952491705706e-09,1.7370193328870185e-08,6.900415056021458e-08,"[2.7215385345317845e-10, 2.0805099147016844e-07, 2.876342838031819e-11]",2.0805117146215462e-07,2.0886501568748896e-07,1.7370193333105806e-08,6.900415050470343e-08,"[6.108077345491976e-17, 1.7943280634317125e-17, 1.5868670907043304e-18]",6.368155425974355e-17,6.517989342243758e-17,4.2093414554253694e-17,5.551115123125783e-17,"[4.4803368986509186e-14, 2.0807395070041784e-07, 1.54855044337518e-19]",2.080739507004227e-07,2.080741060648406e-07,0.0,0.0
B_best-combined_motor3_70-eta095,pre_second_28_30,False,,"[-8.98286241905264e-05, -1.317514537278137e-05]",9.078968101913755e-05,9.165628267320401e-05,1.257409932812403e-05,0.000114141330101834,8.870490421826194e-06,8.870490421826194e-06,8.896618440735623e-06,6.81336448699843e-07,1.0055936743080807e-05,9.208704563156706e-05,2.5849394142282115e-25,-1.7367561689345796e-26,200,28.01,30.0,2.203689340225047e-05,1.1773646077342115e-06,0.0003446709693008028,3.441104539227684e-05,3.821054391636736e-05,8.877411195656928e-07,0.01002888748885809,0.010029448915994641,0.574612926323123,0.5746450937285514,[0.0],[0.0],0.0,[0.0],[0.0],0.0,[0.0],[0.0],0.0,[0.0],[0.0],0.0,[0.0],[0.0],0.0,[0.0],[0.0],0.0,[0.0],[0.0],0.0,[0.0],[0.0],0.0,"[0.06546912274677315, -0.01970775782380457, 0.008582703983289357]",0.0683710593136729,0.008586236752522458,every physics interval; dwell = interval count * physics_dt,0.002,"[0.0, 0.0, 0.0, 0.0]","[0.0, 0.0, 0.0, 0.0]",0.0,"[0.0, 0.0, 0.0, 0.0]","[0.0, 0.0, 0.0, 0.0]",0.0,"[0.0, 0.0, 0.0, 0.0]","[0.0, 0.0, 0.0, 0.0]",0.0,"[0.0, 0.0, 0.0, 0.0]","[0.0, 0.0, 0.0, 0.0]",0.0,"[0.0, 0.0, 0.0, 0.0]","[0.0, 0.0, 0.0, 0.0]",0.0,"[0.0, 0.0, 0.0, 0.0]","[0.0, 0.0, 0.0, 0.0]",0.0,"[0.0, 0.0, 0.0, 0.0]","[0.0, 0.0, 0.0, 0.0]",0.0,"[0.0, 0.0, 0.0, 0.0]","[0.0, 0.0, 0.0, 0.0]",0.0,"[0.10825804050825796, 0.1290654480536541, 0.13585836451091612, 0.10825803574141504]","[0.09174192795794987, 0.07093451624438998, 0.06414159939694308, 0.091741927475101]","[0.5504618367007745, 0.6057976974106766, 0.6233437096682655, 0.5504618236994716]","[0.44953807729252393, 0.39420220978295206, 0.37665619767701286, 0.44953807597558204]","[0.09174193597247514, 0.0709345263787304, 0.06093452794975632, 0.09174193740369523]","[0.2, 0.2, 0.2, 0.2]","[0.2, 0.2, 0.2, 0.2]","[0.2, 0.2, 0.19, 0.2]","[0.2, 0.2, 0.19, 0.2]","[5.7928674765598746e-09, 6.143785498733657e-09, 6.083505328639248e-09, 6.837653972314791e-09]","[1.3542405038614077e-06, 3.102355361478697e-05]","[2.5067169487674548e-06, 3.817031010499175e-05]",1000,"body origin, body frame; no gravity/external torque","[6.571045207263228e-14, 2.0807409474731455e-07, 1.5710987194897532e-18]",2.080740947473247e-07,2.0807424829351678e-07,4.060290669884946e-17,5.551115123125783e-17,"[4.2373979880655675e-10, 4.928441040578635e-10, 3.1977562368068926e-11]",6.507482558503119e-10,1.5789657289482458e-09,1.5458898317766703e-08,5.108617756599543e-08,"[4.2367865657207783e-10, 2.0807699923169415e-07, 3.19775623617585e-11]",2.0807743302779128e-07,2.0939479772384385e-07,1.5458898314258435e-08,5.108617756599543e-08,"[6.109856778642647e-17, 1.7699048394088327e-17, 1.561798313755858e-18]",6.362963549779049e-17,6.58901524040372e-17,4.060290669884946e-17,5.551115123125783e-17,"[6.570998789658838e-14, 2.0807409476499885e-07, 1.5934452603638887e-19]",2.0807409476500915e-07,2.0807424831173138e-07,0.0,0.0
B_best-combined_motor3_70-eta095,tail_58_60,False,,"[-5.6183204074186904e-08, -3.823176639438233e-08]",6.795748951864213e-08,6.911103309666441e-08,1.2574359387733741e-08,9.107096568287025e-08,2.2476973238205743e-08,2.2476973238205743e-08,2.2573541614766653e-08,2.0857744563073387e-09,2.5540704884363663e-08,7.270419297895993e-08,2.2186712959340957e-30,4.6992690643048555e-31,200,58.01,60.0,3.6999368669313614e-08,6.5940805923564825e-09,2.5661998530959407e-07,8.722324472697337e-08,1.9090959104164224e-06,4.814595176546296e-07,0.010031326273010106,0.01003132967274157,0.5747526583621769,0.5747528531524412,[0.0],[0.0],0.0,[0.0],[0.0],0.0,[0.0],[0.0],0.0,[0.0],[0.0],0.0,[0.0],[0.0],0.0,[0.0],[0.0],0.0,[0.0],[0.0],0.0,[0.0],[0.0],0.0,"[0.06552661970586139, -0.019693478257026515, 0.00857392828791157]",0.06842200651790736,0.00857393724063932,every physics interval; dwell = interval count * physics_dt,0.002,"[0.0, 0.0, 0.0, 0.0]","[0.0, 0.0, 0.0, 0.0]",0.0,"[0.0, 0.0, 0.0, 0.0]","[0.0, 0.0, 0.0, 0.0]",0.0,"[0.0, 0.0, 0.0, 0.0]","[0.0, 0.0, 0.0, 0.0]",0.0,"[0.0, 0.0, 0.0, 0.0]","[0.0, 0.0, 0.0, 0.0]",0.0,"[0.0, 0.0, 0.0, 0.0]","[0.0, 0.0, 0.0, 0.0]",0.0,"[0.0, 0.0, 0.0, 0.0]","[0.0, 0.0, 0.0, 0.0]",0.0,"[0.0, 0.0, 0.0, 0.0]","[0.0, 0.0, 0.0, 0.0]",0.0,"[0.0, 0.0, 0.0, 0.0]","[0.0, 0.0, 0.0, 0.0]",0.0,"[0.10825804375054446, 0.1290654496248526, 0.13585836412161, 0.10825803624970852]","[0.09174193300960942, 0.07093452014528318, 0.06414159935418384, 0.09174192887338932]","[0.5504618455439344, 0.6057977014949677, 0.6233437086688479, 0.5504618250858125]","[0.44953809107065146, 0.39420221992322757, 0.37665619756724433, 0.4495380797893369]","[0.0917419407262658, 0.07093452957079455, 0.06093452955424064, 0.09174193884581415]","[0.2, 0.2, 0.2, 0.2]","[0.2, 0.2, 0.2, 0.2]","[0.2, 0.2, 0.19, 0.2]","[0.2, 0.2, 0.19, 0.2]","[4.472480015931078e-09, 6.143305726970219e-09, 6.372325216416659e-09, 6.659043343644525e-09]","[9.61279233292048e-07, 4.99100215546761e-07]","[1.7284817538259177e-06, 1.1289068554201318e-06]",1000,"body origin, body frame; no gravity/external torque","[9.058766864804657e-14, 2.0807409427310307e-07, 1.5529939488218772e-18]",2.0807409427312232e-07,2.0807420088005847e-07,4.245786650252757e-17,5.551115123125783e-17,"[5.840397058713764e-10, 3.6064965451307983e-10, 2.2836187397276073e-11]",6.867984003982328e-10,1.2708150331027404e-09,1.2779556334491117e-08,5.2508254799743526e-08,"[5.839555262161327e-10, 2.08079668702112e-07, 2.2836187359475192e-11]",2.0808048936103723e-07,2.0899189276882169e-07,1.2779556335425519e-08,5.2508254799743526e-08,"[6.119858146787928e-17, 1.7711158471298838e-17, 1.5620150776665819e-18]",6.372904674619701e-17,6.588962169148186e-17,4.245786650252757e-17,5.551115123125783e-17,"[9.05887884766472e-14, 2.0807409429079616e-07, 1.4786546224624109e-19]",2.080740942908154e-07,2.0807420089698812e-07,0.0,0.0
B_best-combined_motor3_70-eta095,fault_5_60,False,,"[-0.0021866635611487084, 0.0007225186262678082]",0.0023029395769232574,0.006057653063335354,0.0056028233901111646,0.031461334888936196,-0.00031544891325615643,0.00031544891325615643,0.0009629610571919792,0.0009098274456147193,0.005335328425332686,0.006133714586888152,-3.3881317890172014e-20,-7.411538288475128e-22,5500,5.01,60.0,0.001646751101672921,0.0004084124208047182,0.02275236998378387,0.003599944662425069,0.47983414889432324,0.22338045100028137,0.009942580512025082,0.01003132967274157,0.5696679008080582,0.5747528531524412,[0.0],[0.0],0.0,[0.0],[0.0],0.0,[0.0],[0.0],0.0,[0.0],[0.0],0.0,[0.0],[0.0],0.0,[0.0],[0.0],0.0,[0.0],[0.0],0.0,[0.0],[0.0],0.0,"[0.06552661970586139, -0.019693478257026515, 0.00857392828791157]",0.06842200651790736,0.00860262931851817,every physics interval; dwell = interval count * physics_dt,0.002,"[0.0, 0.0, 0.0, 0.0]","[0.0, 0.0, 0.0, 0.0]",0.0,"[0.0, 0.0, 0.0, 0.0]","[0.0, 0.0, 0.0, 0.0]",0.0,"[0.0, 0.0, 0.0, 0.0]","[0.0, 0.0, 0.0, 0.0]",0.0,"[0.0, 0.0, 0.0, 0.0]","[0.0, 0.0, 0.0, 0.0]",0.0,"[0.0, 0.0, 0.0, 0.0]","[0.0, 0.0, 0.0, 0.0]",0.0,"[0.0, 0.0, 0.0, 0.0]","[0.0, 0.0, 0.0, 0.0]",0.0,"[0.0, 0.0, 0.0, 0.0]","[0.0, 0.0, 0.0, 0.0]",0.0,"[0.0, 0.0, 0.0, 0.0]","[0.0, 0.0, 0.0, 0.0]",0.0,"[0.10145097558990349, 0.12806014422929657, 0.1298014745372334, 0.10601865996757304]","[0.08544555671981002, 0.06969971565147787, 0.052546851653770155, 0.08949047841439435]","[0.5317172182079204, 0.6031818622712146, 0.6077096164029534, 0.5443352530205716]","[0.4325061107947594, 0.3909962033566181, 0.3471697421325929, 0.44341585189783483]","[0.08863343848104209, 0.0702975447664747, 0.05646212163815484, 0.09082003938821823]","[0.2, 0.2, 0.2, 0.2]","[0.2, 0.2, 0.2, 0.2]","[0.2, 0.2, 0.19, 0.2]","[0.2, 0.2, 0.19, 0.2]","[0.0003154707101161982, 6.785183524355495e-05, 0.0004322804547260543, 0.00012815679406797263]","[0.02176192998146513, 0.020842309761978723]","[0.3956754656031257, 0.2794894127889409]",27500,"body origin, body frame; no gravity/external torque","[3.9257129548415164e-09, 2.0812792552691568e-07, 1.5604386557418556e-18]",2.0816494567131548e-07,2.820429230255919e-07,4.0633942090046064e-17,5.551115123125783e-17,"[2.5812801614328088e-05, 2.1507419729310884e-05, 2.0153037092838617e-06]",3.3659044544283874e-05,0.0006842605589137535,0.00037258609751141507,0.01167996046767128,"[2.580920468395339e-05, 2.150348888822791e-05, 2.01530370928383e-06]",3.365377437710377e-05,0.0006840250814413271,0.0003725860975114157,0.011679960467671335,"[6.113982893768388e-17, 1.774497948127078e-17, 1.5642484426287885e-18]",6.368209993797634e-17,6.76129820850562e-17,4.0633942090046064e-17,5.551115123125783e-17,"[3.925712954511582e-09, 2.081279255446387e-07, 1.4831286254930506e-19]",2.0816494568903258e-07,2.820429230293504e-07,0.0,0.0
B_best-combined_motor3_70-eta095,full_0_60,True,,,,,,,,,,,,,,,,,,,,,,,,,,,,,,,,,,,,,,,,,,,,,,,,,,,,,,,,,,,,,,,,,,,,,,,,,,,,,,,,,,,,,,,,,,,,,,,,,,,,,,,,,,,,,,,,,,,,,,,
B_best-combined_motor3_70-eta095,pre_3_5,True,,,,,,,,,,,,,,,,,,,,,,,,,,,,,,,,,,,,,,,,,,,,,,,,,,,,,,,,,,,,,,,,,,,,,,,,,,,,,,,,,,,,,,,,,,,,,,,,,,,,,,,,,,,,,,,,,,,,,,,
B_best-combined_motor3_70-eta095,tail_18_20,True,,,,,,,,,,,,,,,,,,,,,,,,,,,,,,,,,,,,,,,,,,,,,,,,,,,,,,,,,,,,,,,,,,,,,,,,,,,,,,,,,,,,,,,,,,,,,,,,,,,,,,,,,,,,,,,,,,,,,,,
B_best-combined_motor3_70-eta095,pre_second_28_30,True,,,,,,,,,,,,,,,,,,,,,,,,,,,,,,,,,,,,,,,,,,,,,,,,,,,,,,,,,,,,,,,,,,,,,,,,,,,,,,,,,,,,,,,,,,,,,,,,,,,,,,,,,,,,,,,,,,,,,,,
B_best-combined_motor3_70-eta095,tail_58_60,True,,,,,,,,,,,,,,,,,,,,,,,,,,,,,,,,,,,,,,,,,,,,,,,,,,,,,,,,,,,,,,,,,,,,,,,,,,,,,,,,,,,,,,,,,,,,,,,,,,,,,,,,,,,,,,,,,,,,,,,
B_best-combined_motor3_70-eta095,fault_5_60,True,,,,,,,,,,,,,,,,,,,,,,,,,,,,,,,,,,,,,,,,,,,,,,,,,,,,,,,,,,,,,,,,,,,,,,,,,,,,,,,,,,,,,,,,,,,,,,,,,,,,,,,,,,,,,,,,,,,,,,,
B_best-combined_motor3_70-eta090,full_0_60,False,,"[-0.005460551601954612, 0.0016411231411804685]",0.0057018338244925314,0.014262758465669493,0.013073460524585663,0.05933150021583034,-0.0007144939431045196,0.0007144939431045196,0.0019268863697766367,0.0017895221393707072,0.008087847287458483,0.014392330253717004,0.0,2.752857078576476e-20,6000,0.01,60.0,0.010713926514187115,0.003944923252894361,0.058056240807137734,0.008665552561009707,4.18140328001804,1.3091738946120217,0.009855812696263285,0.011770431774053926,0.5646964711673386,0.6743960636999722,[0.0],[0.0],0.0,[0.0],[0.0],0.0,[0.0],[0.0],0.0,[0.0],[0.0],0.0,[0.0],[0.0],0.0,[0.0],[0.0],0.0,[0.0],[0.0],0.0,[0.0],[0.0],0.0,"[0.0655266191262177, -0.019693477758741283, 0.008573927356844833]",0.06842200581937391,0.00860066866867062,every physics interval; dwell = interval count * physics_dt,0.002,"[0.0, 0.0, 0.0, 0.0]","[0.0, 0.0, 0.0, 0.0]",0.0,"[0.0, 0.0, 0.0, 0.0]","[0.0, 0.0, 0.0, 0.0]",0.0,"[0.0, 0.0, 0.0, 0.0]","[0.0, 0.0, 0.0, 0.0]",0.0,"[0.0, 0.0, 0.0, 0.0]","[0.0, 0.0, 0.0, 0.0]",0.0,"[0.0, 0.0, 0.0, 0.0]","[0.0, 0.0, 0.0, 0.0]",0.0,"[0.0, 0.0, 0.0, 0.0]","[0.0, 0.0, 0.0, 0.0]",0.0,"[0.0, 0.0, 0.0, 0.0]","[0.0, 0.0, 0.0, 0.0]",0.0,"[0.0, 0.0, 0.0, 0.0]","[0.0, 0.0, 0.0, 0.0]",0.0,"[0.08803775861425776, 0.10825664557542906, 0.111898022188068, 0.09249561057287833]","[0.05934852504488164, 0.04529619208147573, 0.032321046461525865, 0.06815659941163768]","[0.49358955459919984, 0.5504580320901427, 0.5603417906573862, 0.5064549232387824]","[0.3644013171122701, 0.3289823751482228, 0.29682483497944767, 0.3870002743548916]","[0.07552885816758526, 0.05631194210607679, 0.041854693536569815, 0.07982573600399792]","[0.2, 0.2, 0.2, 0.2]","[0.2, 0.2, 0.2, 0.2]","[0.2, 0.2, 0.18000000000000002, 0.2]","[0.2, 0.2, 0.2, 0.2]","[0.0013077926582572093, 0.001266157855981074, 0.001278051235513906, 0.0008794046979231681]","[0.054123911235751124, 0.32924917271234677]","[0.8114264535987209, 4.181401867274332]",30000,"body origin, body frame; no gravity/external torque","[7.690840800022616e-09, 2.093730502754973e-07, 1.2285639241171453e-18]",2.0951425539537127e-07,5.937522688159036e-07,5.262347830930215e-17,1.1102230246251565e-16,"[5.049560103742345e-05, 0.00013906673576731822, 6.519179083138185e-06]",0.00014809409987244168,0.0027771703611231043,0.0018962493197545846,0.05363807392624009,"[5.048855565794768e-05, 0.00013904550113227768, 6.519179083138206e-06]",0.00014807175737955518,0.0027766664958675255,0.001896249319754584,0.05363807392624009,"[7.62946642629586e-17, 5.559989391002784e-17, 1.231048361427156e-18]",9.441260232549722e-17,1.015943140018578e-16,5.262347830930215e-17,1.1102230246251565e-16,"[7.690840799674552e-09, 2.0937305022262657e-07, 1.5093402704140617e-19]",2.0951425534252806e-07,5.937522688194143e-07,0.0,0.0
B_best-combined_motor3_70-eta090,pre_3_5,False,,"[-0.03674554266393267, 0.014558291598262578]",0.03952440714200453,0.039851561796850836,0.005095902051775023,0.04777326809916805,-0.006523403538899457,0.006523403538899457,0.0065480786913212855,0.0005679267702882146,0.00741649192686622,0.04038594201199171,-2.7816561987831223e-18,-8.279747059410786e-20,200,3.0100000000000002,5.0,0.008902018676350097,0.002252568284852845,0.1513618679948816,0.025259731948309556,0.29864699235166686,0.04216393343917914,0.009246043354823963,0.009514709608030747,0.5297592614263937,0.5451527038327356,[0.0],[0.0],0.0,[0.0],[0.0],0.0,[0.0],[0.0],0.0,[0.0],[0.0],0.0,[0.0],[0.0],0.0,[0.0],[0.0],0.0,[0.0],[0.0],0.0,[0.0],[0.0],0.0,"[0.04141497361330784, -0.011721834285616814, 0.0050933748047580375]",0.04304185681880426,0.0050933748047580375,every physics interval; dwell = interval count * physics_dt,0.002,"[0.0, 0.0, 0.0, 0.0]","[0.0, 0.0, 0.0, 0.0]",0.0,"[0.0, 0.0, 0.0, 0.0]","[0.0, 0.0, 0.0, 0.0]",0.0,"[0.0, 0.0, 0.0, 0.0]","[0.0, 0.0, 0.0, 0.0]",0.0,"[0.0, 0.0, 0.0, 0.0]","[0.0, 0.0, 0.0, 0.0]",0.0,"[0.0, 0.0, 0.0, 0.0]","[0.0, 0.0, 0.0, 0.0]",0.0,"[0.0, 0.0, 0.0, 0.0]","[0.0, 0.0, 0.0, 0.0]",0.0,"[0.0, 0.0, 0.0, 0.0]","[0.0, 0.0, 0.0, 0.0]",0.0,"[0.0, 0.0, 0.0, 0.0]","[0.0, 0.0, 0.0, 0.0]",0.0,"[0.1079496865901567, 0.12854093281893725, 0.12849146553722116, 0.10781486213279363]","[0.09150123391516733, 0.07055092187681006, 0.0705148833682962, 0.091431882532469]","[0.5496204660322833, 0.6044335345712462, 0.6043048074227821, 0.5492523638078981]","[0.44888181126067117, 0.39320543684561104, 0.3931118285670535, 0.44869279997159706]","[0.0915217722415643, 0.07060104809767401, 0.07055969780309942, 0.09149225753746962]","[0.2, 0.2, 0.2, 0.2]","[0.2, 0.2, 0.2, 0.2]","[0.2, 0.2, 0.2, 0.2]","[0.2, 0.2, 0.2, 0.2]","[4.853614926989631e-05, 7.983954388118516e-05, 8.044495134055931e-05, 6.786487027145478e-05]","[0.050847089942849664, 0.1300477375564627]","[0.12603339726316873, 0.28070254358579355]",1000,"body origin, body frame; no gravity/external torque","[6.120092613316823e-10, 2.079495026148104e-07, 2.347903670917718e-19]",2.0795040320490573e-07,2.0983794185225472e-07,4.8234047858538485e-17,5.551115123125783e-17,"[3.825703311235134e-06, 3.0022617423806057e-06, 9.842424397520346e-08]",4.864079432653191e-06,1.7130273374082852e-05,0.0002450292463199506,0.0007948706273402939,"[3.82515292421509e-06, 3.0114487612974537e-06, 9.842424397521132e-08]",4.86932293726277e-06,1.726972339776473e-05,0.00024502924631995045,0.0007948706273403494,"[6.629681879178159e-17, 7.1934179166233e-19, 2.404345616077627e-19]",6.630115717920745e-17,6.843479707541564e-17,4.8234047858538485e-17,5.551115123125783e-17,"[6.12009263105927e-10, 2.0794950261522105e-07, 1.5636586103463756e-19]",2.0795040320532194e-07,2.0983794185356805e-07,0.0,0.0
B_best-combined_motor3_70-eta090,tail_18_20,False,,"[-0.0010018604698279782, 5.8207846806899104e-05]",0.0010035499760519316,0.001013364051537269,0.0001406916718011259,0.0012649644302337823,-1.8296012903769032e-05,1.8296012903769032e-05,2.0612108150644895e-05,9.49288756064237e-06,3.698355363113137e-05,0.001013573657881085,2.2830184906463564e-22,9.04728794979874e-26,200,18.01,20.0,0.0002467290838245904,1.6977605995194712e-05,0.0038079265002531576,6.60737120902865e-05,0.00045301442067244367,1.0947502431430264e-05,0.010001131731751454,0.010008040178131098,0.5730226385837225,0.5734184634042685,[0.0],[0.0],0.0,[0.0],[0.0],0.0,[0.0],[0.0],0.0,[0.0],[0.0],0.0,[0.0],[0.0],0.0,[0.0],[0.0],0.0,[0.0],[0.0],0.0,[0.0],[0.0],0.0,"[0.06487990488036834, -0.01972982613558596, 0.008600481954018932]",0.06781348019845386,0.008600481954018932,every physics interval; dwell = interval count * physics_dt,0.002,"[0.0, 0.0, 0.0, 0.0]","[0.0, 0.0, 0.0, 0.0]",0.0,"[0.0, 0.0, 0.0, 0.0]","[0.0, 0.0, 0.0, 0.0]",0.0,"[0.0, 0.0, 0.0, 0.0]","[0.0, 0.0, 0.0, 0.0]",0.0,"[0.0, 0.0, 0.0, 0.0]","[0.0, 0.0, 0.0, 0.0]",0.0,"[0.0, 0.0, 0.0, 0.0]","[0.0, 0.0, 0.0, 0.0]",0.0,"[0.0, 0.0, 0.0, 0.0]","[0.0, 0.0, 0.0, 0.0]",0.0,"[0.0, 0.0, 0.0, 0.0]","[0.0, 0.0, 0.0, 0.0]",0.0,"[0.0, 0.0, 0.0, 0.0]","[0.0, 0.0, 0.0, 0.0]",0.0,"[0.10825793873147048, 0.1290653302055032, 0.14340591976720582, 0.10825793633226327]","[0.0917419892333721, 0.0709345798033432, 0.05659398921441247, 0.09174198407485581]","[0.5504615591100833, 0.6057973910672094, 0.6425982663070522, 0.5504615525663747]","[0.4495382444179048, 0.3942023750029182, 0.35740150289097217, 0.4495382303483316]","[0.09174199716054418, 0.07093459049011946, 0.05093459543931131, 0.09174199192893799]","[0.2, 0.2, 0.2, 0.2]","[0.2, 0.2, 0.2, 0.2]","[0.2, 0.2, 0.18000000000000002, 0.2]","[0.2, 0.2, 0.18000000000000002, 0.2]","[6.705383753277041e-09, 7.900480224107956e-09, 8.869425274120336e-09, 5.529958652518348e-09]","[9.027938182677747e-05, 0.00034534260375955423]","[0.00012197687640497236, 0.0004449668267444958]",1000,"body origin, body frame; no gravity/external torque","[4.7703500614840716e-14, 2.080739592142745e-07, 1.2651876798724973e-18]",2.0807395921428006e-07,2.0807418515045264e-07,5.295426327528139e-17,1.1102230246251565e-16,"[2.3146525059109247e-10, 4.44956599395959e-10, 3.418071974010314e-11]",5.027234420426054e-10,1.2060326840950655e-09,2.392512568683531e-08,8.071462453962397e-08,"[2.3143309520377249e-10, 2.080460444167973e-07, 3.4180719699418696e-11]",2.0804617594917515e-07,2.0920634704847073e-07,2.3925125669779624e-08,8.071462448411282e-08,"[7.723436781653737e-17, 5.805207832094299e-17, 1.276219736612313e-18]",9.662722238695067e-17,9.921945561248052e-17,5.295426327528139e-17,1.1102230246251565e-16,"[4.7707837016663346e-14, 2.0807395915622763e-07, 1.4301608897011483e-19]",2.0807395915623297e-07,2.08074185091472e-07,0.0,0.0
B_best-combined_motor3_70-eta090,pre_second_28_30,False,,"[-8.936237473825943e-05, -1.4228762176696737e-05]",9.048807486040414e-05,9.135012871817712e-05,1.2520156743644553e-05,0.00011373830613181627,8.442931121097619e-06,8.442931121097619e-06,8.467071989864931e-06,6.389226603874343e-07,9.549954728349519e-06,9.174168804261826e-05,-1.783608195817466e-24,5.260755604737884e-26,200,28.01,30.0,2.1943157754185e-05,1.1026578669237397e-06,0.00034353749155774485,3.276780537865049e-05,3.7932923861108555e-05,8.294027263414813e-07,0.010028881724468865,0.01002944189206318,0.5746125960479489,0.5746446912869232,[0.0],[0.0],0.0,[0.0],[0.0],0.0,[0.0],[0.0],0.0,[0.0],[0.0],0.0,[0.0],[0.0],0.0,[0.0],[0.0],0.0,[0.0],[0.0],0.0,[0.0],[0.0],0.0,"[0.06546941584969712, -0.019708342054813578, 0.00858232433583977]",0.0683715083806852,0.008585686796089044,every physics interval; dwell = interval count * physics_dt,0.002,"[0.0, 0.0, 0.0, 0.0]","[0.0, 0.0, 0.0, 0.0]",0.0,"[0.0, 0.0, 0.0, 0.0]","[0.0, 0.0, 0.0, 0.0]",0.0,"[0.0, 0.0, 0.0, 0.0]","[0.0, 0.0, 0.0, 0.0]",0.0,"[0.0, 0.0, 0.0, 0.0]","[0.0, 0.0, 0.0, 0.0]",0.0,"[0.0, 0.0, 0.0, 0.0]","[0.0, 0.0, 0.0, 0.0]",0.0,"[0.0, 0.0, 0.0, 0.0]","[0.0, 0.0, 0.0, 0.0]",0.0,"[0.0, 0.0, 0.0, 0.0]","[0.0, 0.0, 0.0, 0.0]",0.0,"[0.0, 0.0, 0.0, 0.0]","[0.0, 0.0, 0.0, 0.0]",0.0,"[0.1082580364660749, 0.12906545055341118, 0.14340605507638401, 0.10825803998447767]","[0.09174193189012965, 0.07093451744227605, 0.05659391263846861, 0.09174193020322989]","[0.550461825675941, 0.6057977039087352, 0.6425986094204308, 0.5504618352721924]","[0.44953808801733, 0.39420221289682644, 0.35740130871177034, 0.44953808341640245]","[0.09174193974098152, 0.07093452811071072, 0.0509345281466112, 0.09174193789845961]","[0.2, 0.2, 0.2, 0.2]","[0.2, 0.2, 0.2, 0.2]","[0.2, 0.2, 0.18000000000000002, 0.2]","[0.2, 0.2, 0.18000000000000002, 0.2]","[4.6431439671278e-09, 5.033266260806777e-09, 6.032262417771707e-09, 5.138556649690034e-09]","[1.3971304624913775e-06, 3.0858405684402624e-05]","[2.585354549603521e-06, 3.791523270597755e-05]",1000,"body origin, body frame; no gravity/external torque","[4.853052982460347e-14, 2.0807409577144737e-07, 1.2910625073712993e-18]",2.0807409577145306e-07,2.0807423256543045e-07,5.3099542734216776e-17,1.1102230246251565e-16,"[3.129995310317913e-10, 3.0831776730097363e-10, 2.3760804430926493e-11]",4.3999219071113455e-10,1.0797298069016045e-09,1.551463167547112e-08,4.0746855778373003e-08,"[3.1295435872905314e-10, 2.0807146900063844e-07, 2.376080446484623e-11]",2.0807170571005112e-07,2.0893088138207208e-07,1.5514631676296958e-08,4.074685572286185e-08,"[7.695152923461654e-17, 5.817546586372069e-17, 1.3055562129101769e-18]",9.64760444723563e-17,9.870311338344756e-17,5.3099542734216776e-17,1.1102230246251565e-16,"[4.8530338921511285e-14, 2.0807409571327733e-07, 1.5332934166833742e-19]",2.0807409571328236e-07,2.0807423250753408e-07,0.0,0.0
B_best-combined_motor3_70-eta090,tail_58_60,False,,"[-5.723419119906014e-08, -3.9051078595293506e-08]",6.928736812483472e-08,6.97975640154287e-08,8.423809163407131e-09,8.733797412298059e-08,2.471408841020484e-08,2.471408841020484e-08,2.492701822677392e-08,3.2511646729284403e-09,2.9319419780904354e-08,7.411515486164612e-08,1.0107280348144214e-30,2.2340787354891936e-31,200,58.01,60.0,2.3760744724929156e-08,9.433282615557338e-09,2.6451963455274563e-07,9.61269496276321e-08,1.2074182697257333e-06,2.978998271603954e-07,0.010031326755728738,0.0100313284240859,0.5747526860199172,0.5747527816097412,[0.0],[0.0],0.0,[0.0],[0.0],0.0,[0.0],[0.0],0.0,[0.0],[0.0],0.0,[0.0],[0.0],0.0,[0.0],[0.0],0.0,[0.0],[0.0],0.0,[0.0],[0.0],0.0,"[0.0655266191262177, -0.019693477758741283, 0.008573927356844833]",0.06842200581937391,0.0085739372028897,every physics interval; dwell = interval count * physics_dt,0.002,"[0.0, 0.0, 0.0, 0.0]","[0.0, 0.0, 0.0, 0.0]",0.0,"[0.0, 0.0, 0.0, 0.0]","[0.0, 0.0, 0.0, 0.0]",0.0,"[0.0, 0.0, 0.0, 0.0]","[0.0, 0.0, 0.0, 0.0]",0.0,"[0.0, 0.0, 0.0, 0.0]","[0.0, 0.0, 0.0, 0.0]",0.0,"[0.0, 0.0, 0.0, 0.0]","[0.0, 0.0, 0.0, 0.0]",0.0,"[0.0, 0.0, 0.0, 0.0]","[0.0, 0.0, 0.0, 0.0]",0.0,"[0.0, 0.0, 0.0, 0.0]","[0.0, 0.0, 0.0, 0.0]",0.0,"[0.0, 0.0, 0.0, 0.0]","[0.0, 0.0, 0.0, 0.0]",0.0,"[0.10825804402365471, 0.1290654465957868, 0.1434060525605499, 0.10825804413904465]","[0.09174193575687666, 0.07093451562341191, 0.05659391050598789, 0.09174193557148211]","[0.5504618462888304, 0.605797693620985, 0.6425986030408464, 0.5504618466035477]","[0.44953809856367155, 0.3942022081687343, 0.35740130330428477, 0.44953809805801836]","[0.09174194108535322, 0.07093452679868054, 0.05093452854602851, 0.0917419413508684]","[0.2, 0.2, 0.2, 0.2]","[0.2, 0.2, 0.2, 0.2]","[0.2, 0.2, 0.18000000000000002, 0.2]","[0.2, 0.2, 0.18000000000000002, 0.2]","[3.3396840959953604e-09, 7.545196925778874e-09, 6.32312792943742e-09, 3.847758285791672e-09]","[5.921084209445869e-07, 3.355025359633365e-07]","[1.1152405469357663e-06, 7.323041651264339e-07]",1000,"body origin, body frame; no gravity/external torque","[4.1597384494293255e-14, 2.0807409403272725e-07, 1.2628847964725728e-18]",2.0807409403273108e-07,2.0807426417665028e-07,5.1925927263190304e-17,1.1102230246251565e-16,"[2.733089423620134e-10, 5.04273602200595e-10, 2.235079113366355e-11]",5.740114996371651e-10,1.2068510226114874e-09,1.3557866181078765e-08,4.003005504849e-08,"[2.7326951375454666e-10, 2.0807832081825602e-07, 2.235079113356443e-11]",2.0807850146117949e-07,2.092286058493627e-07,1.3557866187014786e-08,4.003005499297885e-08,"[7.714093055996894e-17, 5.794577112648544e-17, 1.25976835289582e-18]",9.64884582496993e-17,9.907349684866935e-17,5.1925927263190304e-17,1.1102230246251565e-16,"[4.159671085815976e-14, 2.0807409397478683e-07, 1.517883041479706e-19]",2.0807409397479025e-07,2.0807426411875303e-07,0.0,0.0
B_best-combined_motor3_70-eta090,fault_5_60,False,,"[-0.0021866635100209948, 0.0007225185798130552]",0.002302939513802395,0.006107300621160984,0.005656464485259376,0.03165216570736468,-0.0003154488284747266,0.0003154488284747266,0.0009616000354576387,0.0009083868475523254,0.005443244336086339,0.006182539567639294,3.1848438816761693e-19,3.0704944337968387e-21,5500,5.01,60.0,0.0021099748208597497,0.0007537956377692024,0.023001910430331667,0.003649881415451337,1.0275140338618391,0.4479720940330187,0.009918669387450898,0.010031330805884472,0.568297894286546,0.5747529180767471,[0.0],[0.0],0.0,[0.0],[0.0],0.0,[0.0],[0.0],0.0,[0.0],[0.0],0.0,[0.0],[0.0],0.0,[0.0],[0.0],0.0,[0.0],[0.0],0.0,[0.0],[0.0],0.0,"[0.0655266191262177, -0.019693477758741283, 0.008573927356844833]",0.06842200581937391,0.00860066866867062,every physics interval; dwell = interval count * physics_dt,0.002,"[0.0, 0.0, 0.0, 0.0]","[0.0, 0.0, 0.0, 0.0]",0.0,"[0.0, 0.0, 0.0, 0.0]","[0.0, 0.0, 0.0, 0.0]",0.0,"[0.0, 0.0, 0.0, 0.0]","[0.0, 0.0, 0.0, 0.0]",0.0,"[0.0, 0.0, 0.0, 0.0]","[0.0, 0.0, 0.0, 0.0]",0.0,"[0.0, 0.0, 0.0, 0.0]","[0.0, 0.0, 0.0, 0.0]",0.0,"[0.0, 0.0, 0.0, 0.0]","[0.0, 0.0, 0.0, 0.0]",0.0,"[0.0, 0.0, 0.0, 0.0]","[0.0, 0.0, 0.0, 0.0]",0.0,"[0.0, 0.0, 0.0, 0.0]","[0.0, 0.0, 0.0, 0.0]",0.0,"[0.09492693334798016, 0.12684931363458887, 0.1307433828941715, 0.10367315423353668]","[0.07935725483064335, 0.06830129473689633, 0.032321046461525865, 0.08716426688531283]","[0.5133870019561678, 0.6000243173552864, 0.6101523995580341, 0.5378768601197171]","[0.41628590724751513, 0.38737447421912663, 0.29682483497944767, 0.4371280826957311]","[0.0855352162014366, 0.0695231904958564, 0.041854693536569815, 0.0898613917606096]","[0.2, 0.2, 0.2, 0.2]","[0.2, 0.2, 0.2, 0.2]","[0.2, 0.2, 0.18000000000000002, 0.2]","[0.2, 0.2, 0.18000000000000002, 0.2]","[0.0006212577399139884, 0.00014401119823570944, 0.0009075657295363067, 0.0002595634665540254]","[0.044313664112772704, 0.047872465154935734]","[0.8114264535987209, 0.6366863631651519]",27500,"body origin, body frame; no gravity/external torque","[7.757893377661385e-09, 2.0823092793662352e-07, 1.2813527415597891e-18]",2.0837539264271733e-07,3.6414264593202634e-07,5.310218049993382e-17,1.1102230246251565e-16,"[5.103507845744213e-05, 4.2759477148675085e-05, 4.01756700944399e-06]",6.670152145087054e-05,0.0013498389498876925,0.0007497440172777477,0.02328639033209312,"[5.102797431773963e-05, 4.2752146027518785e-05, 4.0175670094440125e-06]",6.669138623244936e-05,0.0013495134925661956,0.0007497440172777467,0.023286390332093065,"[7.71313464809009e-17, 5.807157168790275e-17, 1.2839270321166772e-18]",9.655672175920319e-17,1.015943140018578e-16,5.310218049993382e-17,1.1102230246251565e-16,"[7.757893377320807e-09, 2.0823092787857813e-07, 1.5043049851860844e-19]",2.0837539258470383e-07,3.641426458444868e-07,0.0,0.0
B_best-combined_motor3_70-eta090,full_0_60,True,,,,,,,,,,,,,,,,,,,,,,,,,,,,,,,,,,,,,,,,,,,,,,,,,,,,,,,,,,,,,,,,,,,,,,,,,,,,,,,,,,,,,,,,,,,,,,,,,,,,,,,,,,,,,,,,,,,,,,,
B_best-combined_motor3_70-eta090,pre_3_5,True,,,,,,,,,,,,,,,,,,,,,,,,,,,,,,,,,,,,,,,,,,,,,,,,,,,,,,,,,,,,,,,,,,,,,,,,,,,,,,,,,,,,,,,,,,,,,,,,,,,,,,,,,,,,,,,,,,,,,,,
B_best-combined_motor3_70-eta090,tail_18_20,True,,,,,,,,,,,,,,,,,,,,,,,,,,,,,,,,,,,,,,,,,,,,,,,,,,,,,,,,,,,,,,,,,,,,,,,,,,,,,,,,,,,,,,,,,,,,,,,,,,,,,,,,,,,,,,,,,,,,,,,
B_best-combined_motor3_70-eta090,pre_second_28_30,True,,,,,,,,,,,,,,,,,,,,,,,,,,,,,,,,,,,,,,,,,,,,,,,,,,,,,,,,,,,,,,,,,,,,,,,,,,,,,,,,,,,,,,,,,,,,,,,,,,,,,,,,,,,,,,,,,,,,,,,
B_best-combined_motor3_70-eta090,tail_58_60,True,,,,,,,,,,,,,,,,,,,,,,,,,,,,,,,,,,,,,,,,,,,,,,,,,,,,,,,,,,,,,,,,,,,,,,,,,,,,,,,,,,,,,,,,,,,,,,,,,,,,,,,,,,,,,,,,,,,,,,,
B_best-combined_motor3_70-eta090,fault_5_60,True,,,,,,,,,,,,,,,,,,,,,,,,,,,,,,,,,,,,,,,,,,,,,,,,,,,,,,,,,,,,,,,,,,,,,,,,,,,,,,,,,,,,,,,,,,,,,,,,,,,,,,,,,,,,,,,,,,,,,,,
B_best-combined_motor3_70-eta085,full_0_60,False,,"[-0.005460551758954269, 0.001641122953059528]",0.005701833920702829,0.014285725084651483,0.013098512554292679,0.05933150021583034,-0.0007144938653088741,0.0007144938653088741,0.0019287174548607078,0.001791493660921058,0.008087847287458483,0.014415335313995473,2.710505431213761e-19,1.5670109524204556e-20,6000,0.01,60.0,0.010854463285351027,0.004031594527390668,0.05817278697088025,0.00871211809549751,4.18140328001804,1.3091738946120217,0.009829936707028659,0.011770431774053926,0.5632138861934686,0.6743960636999722,[0.0],[0.0],0.0,[0.0],[0.0],0.0,[0.0],[0.0],0.0,[0.0],[0.0],0.0,[0.0],[0.0],0.0,[0.0],[0.0],0.0,[0.0],[0.0],0.0,[0.0],[0.0],0.0,"[0.06552662102763508, -0.019693475498173785, 0.0085739264195994]",0.06842200698968483,0.008598762622805166,every physics interval; dwell = interval count * physics_dt,0.002,"[0.0, 0.0, 0.0, 0.0]","[0.0, 0.0, 0.0, 0.0]",0.0,"[0.0, 0.0, 0.0, 0.0]","[0.0, 0.0, 0.0, 0.0]",0.0,"[0.0, 0.0, 0.0, 0.0]","[0.0, 0.0, 0.0, 0.0]",0.0,"[0.0, 0.0, 0.0, 0.0]","[0.0, 0.0, 0.0, 0.0]",0.0,"[0.0, 0.0, 0.0, 0.0]","[0.0, 0.0, 0.0, 0.0]",0.0,"[0.0, 0.0, 0.0, 0.0]","[0.0, 0.0, 0.0, 0.0]",0.0,"[0.0, 0.0, 0.0, 0.0]","[0.0, 0.0, 0.0, 0.0]",0.0,"[0.0, 0.0, 0.0, 0.0]","[0.0, 0.0, 0.0, 0.0]",0.0,"[0.08803775861425776, 0.10825664557542906, 0.111898022188068, 0.09249561057287833]","[0.05934852504488164, 0.04529619208147573, 0.010231340967748692, 0.06815659941163768]","[0.49358955459919984, 0.5504580320901427, 0.5603417906573862, 0.5064549232387824]","[0.3644013171122701, 0.3289823751482228, 0.2429037927261597, 0.3870002743548916]","[0.07552885816758526, 0.05631194210607679, 0.027103453697391422, 0.07982573600399792]","[0.2, 0.2, 0.2, 0.2]","[0.2, 0.2, 0.2, 0.2]","[0.2, 0.2, 0.17, 0.2]","[0.2, 0.2, 0.2, 0.2]","[0.0014544148522855447, 0.0012783828204444654, 0.001656341353303314, 0.00092476823134651]","[0.07303492174033638, 0.3342674639890628]","[1.2440709041723932, 4.181401867274332]",30000,"body origin, body frame; no gravity/external torque","[1.1091631996763994e-08, 2.0950837789822456e-07, 8.139774689434763e-19]",2.098017748015868e-07,5.937522688159036e-07,8.878603301030283e-17,1.6653345369377348e-16,"[7.295393690492081e-05, 0.000146161497582169, 7.797935243332114e-06]",0.00016354286312600838,0.0027771703611231043,0.0020631538248762817,0.05363807392624009,"[7.294378802299859e-05, 0.0001461391445449344, 7.797935243332116e-06]",0.0001635183585213878,0.0027766664958675255,0.0020631538248762804,0.05363807392624009,"[2.5720778997477083e-17, 2.0860351201247804e-17, 8.1463729079398545e-19]",3.31266714052599e-17,8.791986063360538e-17,8.878603301030283e-17,1.6653345369377348e-16,"[1.1091631996965815e-08, 2.0950837791809768e-07, 1.5758895049581424e-19]",2.0980177482144918e-07,5.937522688194143e-07,0.0,0.0
B_best-combined_motor3_70-eta085,pre_3_5,False,,"[-0.03674554266393267, 0.014558291598262578]",0.03952440714200453,0.039851561796850836,0.005095902051775023,0.04777326809916805,-0.006523403538899457,0.006523403538899457,0.0065480786913212855,0.0005679267702882146,0.00741649192686622,0.04038594201199171,-2.7816561987831223e-18,-8.279747059410786e-20,200,3.0100000000000002,5.0,0.008902018676350097,0.002252568284852845,0.1513618679948816,0.025259731948309556,0.29864699235166686,0.04216393343917914,0.009246043354823963,0.009514709608030747,0.5297592614263937,0.5451527038327356,[0.0],[0.0],0.0,[0.0],[0.0],0.0,[0.0],[0.0],0.0,[0.0],[0.0],0.0,[0.0],[0.0],0.0,[0.0],[0.0],0.0,[0.0],[0.0],0.0,[0.0],[0.0],0.0,"[0.04141497361330784, -0.011721834285616814, 0.0050933748047580375]",0.04304185681880426,0.0050933748047580375,every physics interval; dwell = interval count * physics_dt,0.002,"[0.0, 0.0, 0.0, 0.0]","[0.0, 0.0, 0.0, 0.0]",0.0,"[0.0, 0.0, 0.0, 0.0]","[0.0, 0.0, 0.0, 0.0]",0.0,"[0.0, 0.0, 0.0, 0.0]","[0.0, 0.0, 0.0, 0.0]",0.0,"[0.0, 0.0, 0.0, 0.0]","[0.0, 0.0, 0.0, 0.0]",0.0,"[0.0, 0.0, 0.0, 0.0]","[0.0, 0.0, 0.0, 0.0]",0.0,"[0.0, 0.0, 0.0, 0.0]","[0.0, 0.0, 0.0, 0.0]",0.0,"[0.0, 0.0, 0.0, 0.0]","[0.0, 0.0, 0.0, 0.0]",0.0,"[0.0, 0.0, 0.0, 0.0]","[0.0, 0.0, 0.0, 0.0]",0.0,"[0.1079496865901567, 0.12854093281893725, 0.12849146553722116, 0.10781486213279363]","[0.09150123391516733, 0.07055092187681006, 0.0705148833682962, 0.091431882532469]","[0.5496204660322833, 0.6044335345712462, 0.6043048074227821, 0.5492523638078981]","[0.44888181126067117, 0.39320543684561104, 0.3931118285670535, 0.44869279997159706]","[0.0915217722415643, 0.07060104809767401, 0.07055969780309942, 0.09149225753746962]","[0.2, 0.2, 0.2, 0.2]","[0.2, 0.2, 0.2, 0.2]","[0.2, 0.2, 0.2, 0.2]","[0.2, 0.2, 0.2, 0.2]","[4.853614926989631e-05, 7.983954388118516e-05, 8.044495134055931e-05, 6.786487027145478e-05]","[0.050847089942849664, 0.1300477375564627]","[0.12603339726316873, 0.28070254358579355]",1000,"body origin, body frame; no gravity/external torque","[6.120092613316823e-10, 2.079495026148104e-07, 2.347903670917718e-19]",2.0795040320490573e-07,2.0983794185225472e-07,4.8234047858538485e-17,5.551115123125783e-17,"[3.825703311235134e-06, 3.0022617423806057e-06, 9.842424397520346e-08]",4.864079432653191e-06,1.7130273374082852e-05,0.0002450292463199506,0.0007948706273402939,"[3.82515292421509e-06, 3.0114487612974537e-06, 9.842424397521132e-08]",4.86932293726277e-06,1.726972339776473e-05,0.00024502924631995045,0.0007948706273403494,"[6.629681879178159e-17, 7.1934179166233e-19, 2.404345616077627e-19]",6.630115717920745e-17,6.843479707541564e-17,4.8234047858538485e-17,5.551115123125783e-17,"[6.12009263105927e-10, 2.0794950261522105e-07, 1.5636586103463756e-19]",2.0795040320532194e-07,2.0983794185356805e-07,0.0,0.0
B_best-combined_motor3_70-eta085,tail_18_20,False,,"[-0.000996402418831372, 4.176997049080801e-05]",0.0009972775494754766,0.001006998186334657,0.00013958093205548167,0.0012566764976838748,-1.9611922513200764e-05,1.9611922513200764e-05,2.177964267202839e-05,9.472345552050393e-06,3.821217109056807e-05,0.001007233686944698,1.3234889800848443e-23,7.754818242684634e-26,200,18.01,20.0,0.0002448219387515444,1.6912454696378605e-05,0.0037843424353950824,7.068080021093139e-05,0.0004690272178935648,1.288559717698131e-05,0.010001150942572168,0.010008048601063574,0.5730237392826704,0.5734189460027506,[0.0],[0.0],0.0,[0.0],[0.0],0.0,[0.0],[0.0],0.0,[0.0],[0.0],0.0,[0.0],[0.0],0.0,[0.0],[0.0],0.0,[0.0],[0.0],0.0,[0.0],[0.0],0.0,"[0.06488346619549287, -0.01973916981304314, 0.00859843550779112]",0.06781960638672138,0.00859843550779112,every physics interval; dwell = interval count * physics_dt,0.002,"[0.0, 0.0, 0.0, 0.0]","[0.0, 0.0, 0.0, 0.0]",0.0,"[0.0, 0.0, 0.0, 0.0]","[0.0, 0.0, 0.0, 0.0]",0.0,"[0.0, 0.0, 0.0, 0.0]","[0.0, 0.0, 0.0, 0.0]",0.0,"[0.0, 0.0, 0.0, 0.0]","[0.0, 0.0, 0.0, 0.0]",0.0,"[0.0, 0.0, 0.0, 0.0]","[0.0, 0.0, 0.0, 0.0]",0.0,"[0.0, 0.0, 0.0, 0.0]","[0.0, 0.0, 0.0, 0.0]",0.0,"[0.0, 0.0, 0.0, 0.0]","[0.0, 0.0, 0.0, 0.0]",0.0,"[0.0, 0.0, 0.0, 0.0]","[0.0, 0.0, 0.0, 0.0]",0.0,"[0.1082579352728172, 0.12906532837008589, 0.1518415527805821, 0.10825793133352866]","[0.09174198153559172, 0.07093457419375693, 0.04815832306788437, 0.09174197425696322]","[0.5504615496767916, 0.6057973862960848, 0.6638587780934345, 0.5504615389325942]","[0.4495382234226265, 0.39420236042093526, 0.3361409108188018, 0.44953820357056296]","[0.09174198956120011, 0.07093458320311458, 0.040934584687060654, 0.0917419854965716]","[0.2, 0.2, 0.2, 0.2]","[0.2, 0.2, 0.2, 0.2]","[0.2, 0.2, 0.17, 0.2]","[0.2, 0.2, 0.17, 0.2]","[7.718512942969336e-09, 9.884163298663258e-09, 1.2532113862199104e-08, 6.893861749983905e-09]","[8.36675896806511e-05, 0.00034661287404988655]","[0.00012613659359784294, 0.00046511974649062783]",1000,"body origin, body frame; no gravity/external torque","[6.817026576406376e-14, 2.080739689336284e-07, 8.422370564872677e-19]",2.0807396893363905e-07,2.080742640968482e-07,9.354905487120433e-17,1.6653345369377348e-16,"[3.127376839375917e-10, 4.6084113341435455e-10, 3.8039710413745596e-11]",5.58235101699667e-10,1.3110889161395615e-09,3.13685560328905e-08,1.2220295114717672e-07,"[3.1269486446427626e-10, 2.0804301594584655e-07, 3.803971044375143e-11]",2.0804325441826188e-07,2.0934116812746038e-07,3.136855600905477e-08,1.2220295103615442e-07,"[1.785410348439826e-17, 2.1841849484868258e-17, 8.519795073400959e-19]",2.822341703678293e-17,2.9989163441146477e-17,9.354905487120433e-17,1.6653345369377348e-16,"[6.817115403254198e-14, 2.0807396895545926e-07, 1.6226852269746972e-19]",2.0807396895547056e-07,2.0807426411853227e-07,0.0,0.0
B_best-combined_motor3_70-eta085,pre_second_28_30,False,,"[-8.886751398195414e-05, -1.5364515039271987e-05]",9.018593772714697e-05,9.104320937768495e-05,1.246445386144773e-05,0.0001133337683385661,8.00615568201768e-06,8.00615568201768e-06,8.028262738505065e-06,5.953770181698674e-07,9.0360943689749e-06,9.13964932390048e-05,-8.06501097239202e-24,2.0144352075723757e-26,200,28.01,30.0,2.1844978499608775e-05,1.0275426720576795e-06,0.0003424055591379507,3.108758996754644e-05,3.789447182501062e-05,8.317932777486496e-07,0.01002887266748896,0.010029431697518685,0.5746120771212252,0.5746441071825495,[0.0],[0.0],0.0,[0.0],[0.0],0.0,[0.0],[0.0],0.0,[0.0],[0.0],0.0,[0.0],[0.0],0.0,[0.0],[0.0],0.0,[0.0],[0.0],0.0,[0.0],[0.0],0.0,"[0.06546972596679737, -0.019708972101785512, 0.00858193582773971]",0.06837198694989419,0.008585124306767422,every physics interval; dwell = interval count * physics_dt,0.002,"[0.0, 0.0, 0.0, 0.0]","[0.0, 0.0, 0.0, 0.0]",0.0,"[0.0, 0.0, 0.0, 0.0]","[0.0, 0.0, 0.0, 0.0]",0.0,"[0.0, 0.0, 0.0, 0.0]","[0.0, 0.0, 0.0, 0.0]",0.0,"[0.0, 0.0, 0.0, 0.0]","[0.0, 0.0, 0.0, 0.0]",0.0,"[0.0, 0.0, 0.0, 0.0]","[0.0, 0.0, 0.0, 0.0]",0.0,"[0.0, 0.0, 0.0, 0.0]","[0.0, 0.0, 0.0, 0.0]",0.0,"[0.0, 0.0, 0.0, 0.0]","[0.0, 0.0, 0.0, 0.0]",0.0,"[0.0, 0.0, 0.0, 0.0]","[0.0, 0.0, 0.0, 0.0]",0.0,"[0.10825804241785611, 0.12906544719796145, 0.15184170513512946, 0.1082580426280604]","[0.09174193249862288, 0.0709345206848741, 0.04815825840427268, 0.09174193203458915]","[0.5504618419091019, 0.605797695186324, 0.6638591598497693, 0.5504618424824206]","[0.4495380896769623, 0.39420222132588134, 0.3361407487905501, 0.4495380884113369]","[0.09174194089267582, 0.07093453032123573, 0.040934529784034, 0.09174193964982917]","[0.2, 0.2, 0.2, 0.2]","[0.2, 0.2, 0.2, 0.2]","[0.2, 0.2, 0.17, 0.2]","[0.2, 0.2, 0.17, 0.2]","[4.682946292462505e-09, 4.7338712829008e-09, 5.72820878112001e-09, 4.328192083893747e-09]","[1.077357730473164e-06, 3.070491339184694e-05]","[2.14522535559826e-06, 3.7893378977915305e-05]",1000,"body origin, body frame; no gravity/external torque","[4.7461071559817555e-14, 2.0807409490132197e-07, 8.277064236236023e-19]",2.0807409490132827e-07,2.0807420087507042e-07,9.18873053048877e-17,1.6653345369377348e-16,"[3.0440283018234224e-10, 2.701642356543457e-10, 2.396723042478542e-11]",4.0770605267024367e-10,9.345844796473026e-10,1.4083807251788558e-08,4.1765646385805155e-08,"[3.0435853786667404e-10, 2.0807595705589903e-07, 2.396723044181279e-11]",2.080761810329959e-07,2.090080989795639e-07,1.408380725310174e-08,4.176564649682746e-08,"[1.7749327449445343e-17, 2.1786529414262647e-17, 8.390425195717246e-19]",2.8113973059242554e-17,3.0513586755789136e-17,9.18873053048877e-17,1.6653345369377348e-16,"[4.746089424768728e-14, 2.0807409492309448e-07, 1.54855044337518e-19]",2.0807409492309908e-07,2.0807420089805548e-07,0.0,0.0
B_best-combined_motor3_70-eta085,tail_58_60,False,,"[-5.7150429994419056e-08, -4.572611783818106e-08]",7.319186772516611e-08,7.409191329180294e-08,1.1513562183001095e-08,9.068446701247393e-08,2.14413165089411e-08,2.14413165089411e-08,2.1616539941028256e-08,2.7467699913679725e-09,2.6616130188727993e-08,7.718086818805626e-08,-4.683861624749758e-31,8.320017359752859e-32,200,58.01,60.0,3.1954419262159345e-08,9.241258547848737e-09,2.7918339757059605e-07,8.233492385965506e-08,1.4787793334710982e-06,2.954884021699866e-07,0.01003133014598817,0.010031333523598657,0.5747528802674741,0.5747530737902998,[0.0],[0.0],0.0,[0.0],[0.0],0.0,[0.0],[0.0],0.0,[0.0],[0.0],0.0,[0.0],[0.0],0.0,[0.0],[0.0],0.0,[0.0],[0.0],0.0,[0.0],[0.0],0.0,"[0.06552662102763508, -0.019693475498173785, 0.0085739264195994]",0.06842200698968483,0.008573934960233155,every physics interval; dwell = interval count * physics_dt,0.002,"[0.0, 0.0, 0.0, 0.0]","[0.0, 0.0, 0.0, 0.0]",0.0,"[0.0, 0.0, 0.0, 0.0]","[0.0, 0.0, 0.0, 0.0]",0.0,"[0.0, 0.0, 0.0, 0.0]","[0.0, 0.0, 0.0, 0.0]",0.0,"[0.0, 0.0, 0.0, 0.0]","[0.0, 0.0, 0.0, 0.0]",0.0,"[0.0, 0.0, 0.0, 0.0]","[0.0, 0.0, 0.0, 0.0]",0.0,"[0.0, 0.0, 0.0, 0.0]","[0.0, 0.0, 0.0, 0.0]",0.0,"[0.0, 0.0, 0.0, 0.0]","[0.0, 0.0, 0.0, 0.0]",0.0,"[0.0, 0.0, 0.0, 0.0]","[0.0, 0.0, 0.0, 0.0]",0.0,"[0.10825804371608727, 0.12906545056573848, 0.15184171159870838, 0.10825804590480441]","[0.09174193325758606, 0.0709345179597376, 0.04815826368358231, 0.09174193711438679]","[0.550461845449955, 0.6057977039407781, 0.6638591760456233, 0.5504618514195632]","[0.44953809174699233, 0.3942022142419572, 0.3361407620189675, 0.4495381022662053]","[0.09174194055412394, 0.07093452834778902, 0.04093453076730236, 0.09174194164972635]","[0.2, 0.2, 0.2, 0.2]","[0.2, 0.2, 0.2, 0.2]","[0.2, 0.2, 0.17, 0.2]","[0.2, 0.2, 0.17, 0.2]","[3.5544198852154636e-09, 4.722327642347253e-09, 4.470784349632819e-09, 3.242712893880419e-09]","[7.484998595691288e-07, 4.336759801765476e-07]","[1.2370794453549395e-06, 8.527528159143969e-07]",1000,"body origin, body frame; no gravity/external torque","[3.510191810203037e-14, 2.0807409600774285e-07, 8.478230503285124e-19]",2.0807409600774598e-07,2.080742008761579e-07,9.662767911105657e-17,1.6653345369377348e-16,"[2.2961002925732028e-10, 2.4851762292292695e-10, 2.753794551202713e-11]",3.394703416822048e-10,9.689941800417954e-10,1.1247621717926236e-08,3.599534637022117e-08,"[2.2957671141323913e-10, 2.080673912962828e-07, 2.7537945523616445e-11]",2.0806751977337876e-07,2.0898984705761878e-07,1.1247621713458165e-08,3.599534631471002e-08,"[1.7808051340947206e-17, 2.1706101166016767e-17, 8.574483001252385e-19]",2.8089441752704077e-17,2.9809224170639816e-17,9.662767911105657e-17,1.6653345369377348e-16,"[3.510220085401849e-14, 2.0807409602943505e-07, 1.571158215052451e-19]",2.080740960294376e-07,2.0807420089784195e-07,0.0,0.0
B_best-combined_motor3_70-eta085,fault_5_60,False,,"[-0.002186663681293372, 0.0007225183745902312]",0.0023029396120410953,0.006165580967834272,0.005719340680027056,0.03316875970191217,-0.0003154487436067471,0.0003154487436067471,0.0009655963853755748,0.0009126162773078856,0.005575331327105637,0.006240734335827041,-1.4230153513872246e-19,-3.3881317890172014e-21,5500,5.01,60.0,0.002785445182810496,0.0011499528070726007,0.023320921714070058,0.0037688723184758272,1.6054333211590932,0.679151447109791,0.009890441035558578,0.010031333523598657,0.5666805288605059,0.5747530737902998,[0.0],[0.0],0.0,[0.0],[0.0],0.0,[0.0],[0.0],0.0,[0.0],[0.0],0.0,[0.0],[0.0],0.0,[0.0],[0.0],0.0,[0.0],[0.0],0.0,[0.0],[0.0],0.0,"[0.06552662102763508, -0.019693475498173785, 0.0085739264195994]",0.06842200698968483,0.008598762622805166,every physics interval; dwell = interval count * physics_dt,0.002,"[0.0, 0.0, 0.0, 0.0]","[0.0, 0.0, 0.0, 0.0]",0.0,"[0.0, 0.0, 0.0, 0.0]","[0.0, 0.0, 0.0, 0.0]",0.0,"[0.0, 0.0, 0.0, 0.0]","[0.0, 0.0, 0.0, 0.0]",0.0,"[0.0, 0.0, 0.0, 0.0]","[0.0, 0.0, 0.0, 0.0]",0.0,"[0.0, 0.0, 0.0, 0.0]","[0.0, 0.0, 0.0, 0.0]",0.0,"[0.0, 0.0, 0.0, 0.0]","[0.0, 0.0, 0.0, 0.0]",0.0,"[0.0, 0.0, 0.0, 0.0]","[0.0, 0.0, 0.0, 0.0]",0.0,"[0.0, 0.0, 0.0, 0.0]","[0.0, 0.0, 0.0, 0.0]",0.0,"[0.0889375286402915, 0.1253530853992742, 0.1320348949496351, 0.1011001889858838]","[0.07380479732248185, 0.06678829867227978, 0.010231340967748692, 0.08473583413785243]","[0.49620313923831794, 0.596111839285394, 0.6134947988559992, 0.5307411312283766]","[0.40168464347159616, 0.3834666198275626, 0.2429037927261597, 0.4306032293951445]","[0.08261467494867919, 0.06868473540663661, 0.027103453697391422, 0.08881881037506466]","[0.2, 0.2, 0.2, 0.2]","[0.2, 0.2, 0.2, 0.2]","[0.2, 0.2, 0.17, 0.2]","[0.2, 0.2, 0.17, 0.2]","[0.0009098243626768306, 0.00023382481972817124, 0.0014264084492333308, 0.0003957994249393884]","[0.0677274842908462, 0.0769687889041534]","[1.2440709041723932, 1.0148229350075313]",27500,"body origin, body frame; no gravity/external torque","[1.1395921215845323e-08, 2.0837936287135254e-07, 8.473913651477608e-19]",2.086907422264515e-07,4.4640192597063456e-07,9.164308612138473e-17,1.6653345369377348e-16,"[7.502728339761619e-05, 6.3529247586614e-05, 6.009435528802343e-06]",9.84945270983268e-05,0.0019843954362059263,0.001132711295763978,0.03489936848806935,"[7.501685828551078e-05, 6.351891922020543e-05, 6.009435528802332e-06]",9.847992405209679e-05,0.0019839855190998,0.0011327112957639762,0.03489936848806935,"[1.7913638370598687e-17, 2.1786264260125224e-17, 8.480459373468514e-19]",2.821806038685953e-17,3.4310098196517135e-17,9.164308612138473e-17,1.6653345369377348e-16,"[1.1395921216084212e-08, 2.0837936289309754e-07, 1.5769967006461213e-19]",2.0869074224818366e-07,4.4640192598314185e-07,0.0,0.0
B_best-combined_motor3_70-eta085,full_0_60,True,,,,,,,,,,,,,,,,,,,,,,,,,,,,,,,,,,,,,,,,,,,,,,,,,,,,,,,,,,,,,,,,,,,,,,,,,,,,,,,,,,,,,,,,,,,,,,,,,,,,,,,,,,,,,,,,,,,,,,,
B_best-combined_motor3_70-eta085,pre_3_5,True,,,,,,,,,,,,,,,,,,,,,,,,,,,,,,,,,,,,,,,,,,,,,,,,,,,,,,,,,,,,,,,,,,,,,,,,,,,,,,,,,,,,,,,,,,,,,,,,,,,,,,,,,,,,,,,,,,,,,,,
B_best-combined_motor3_70-eta085,tail_18_20,True,,,,,,,,,,,,,,,,,,,,,,,,,,,,,,,,,,,,,,,,,,,,,,,,,,,,,,,,,,,,,,,,,,,,,,,,,,,,,,,,,,,,,,,,,,,,,,,,,,,,,,,,,,,,,,,,,,,,,,,
B_best-combined_motor3_70-eta085,pre_second_28_30,True,,,,,,,,,,,,,,,,,,,,,,,,,,,,,,,,,,,,,,,,,,,,,,,,,,,,,,,,,,,,,,,,,,,,,,,,,,,,,,,,,,,,,,,,,,,,,,,,,,,,,,,,,,,,,,,,,,,,,,,
B_best-combined_motor3_70-eta085,tail_58_60,True,,,,,,,,,,,,,,,,,,,,,,,,,,,,,,,,,,,,,,,,,,,,,,,,,,,,,,,,,,,,,,,,,,,,,,,,,,,,,,,,,,,,,,,,,,,,,,,,,,,,,,,,,,,,,,,,,,,,,,,
B_best-combined_motor3_70-eta085,fault_5_60,True,,,,,,,,,,,,,,,,,,,,,,,,,,,,,,,,,,,,,,,,,,,,,,,,,,,,,,,,,,,,,,,,,,,,,,,,,,,,,,,,,,,,,,,,,,,,,,,,,,,,,,,,,,,,,,,,,,,,,,,
B_best-combined_motor3_70-eta080,full_0_60,False,,"[-0.005484638686524484, 0.0016510694940134628]",0.0057277650087781086,0.014362206821870836,0.013170637524372543,0.05933150021583034,-0.0007191387054124405,0.0007191387054124405,0.0019439175838249349,0.0018060052865596723,0.008087847287458483,0.014493163918444341,1.3552527156068805e-19,7.623296525288703e-21,6000,0.01,60.0,0.011339053764539994,0.004324637647104092,0.05856595171087964,0.008905645967580927,4.18140328001804,1.3091738946120217,0.009781928134111842,0.011770431774053926,0.5604631975848888,0.6743960636999722,[0.05],[0.05],0.05,[0.05],[0.05],0.05,[0.0],[0.0],0.0,[0.0],[0.0],0.0,[0.0],[0.0],0.0,[0.0],[0.0],0.0,[0.0],[0.0],0.0,[0.0],[0.0],0.0,"[0.06552661954036845, -0.019693476331039836, 0.008573925323807222]",0.06842200580507285,0.008594582151879119,every physics interval; dwell = interval count * physics_dt,0.002,"[0.0, 0.0, 0.05, 0.0]","[0.0, 0.0, 0.05, 0.0]",0.05,"[0.0, 0.0, 0.0, 0.0]","[0.0, 0.0, 0.0, 0.0]",0.0,"[0.0, 0.0, 0.05, 0.0]","[0.0, 0.0, 0.05, 0.0]",0.05,"[0.0, 0.0, 0.0, 0.0]","[0.0, 0.0, 0.0, 0.0]",0.0,"[0.0, 0.0, 0.0, 0.0]","[0.0, 0.0, 0.0, 0.0]",0.0,"[0.0, 0.0, 0.0, 0.0]","[0.0, 0.0, 0.0, 0.0]",0.0,"[0.0, 0.0, 0.0, 0.0]","[0.0, 0.0, 0.0, 0.0]",0.0,"[0.0, 0.0, 0.0, 0.0]","[0.0, 0.0, 0.0, 0.0]",0.0,"[0.08460098842307227, 0.10825664557542906, 0.111898022188068, 0.09249561057287833]","[0.05934852504488164, 0.04529619208147573, 0.0, 0.06815659941163768]","[0.48352396233433953, 0.5504580320901427, 0.5603417906573862, 0.5064549232387824]","[0.3644013171122701, 0.3289823751482228, 0.21814922562016836, 0.3870002743548916]","[0.07552885816758526, 0.05631194210607679, 0.013491374604570311, 0.07982573600399792]","[0.2, 0.2, 0.2, 0.2]","[0.2, 0.2, 0.2, 0.2]","[0.2, 0.2, 0.16000000000000003, 0.2]","[0.2, 0.2, 0.2, 0.2]","[0.001559026575813633, 0.0012941363682159905, 0.001945850125995803, 0.0009615330468322082]","[0.1091533582181559, 0.3504169472066145]","[1.848313476766003, 4.181401867274332]",30000,"body origin, body frame; no gravity/external torque","[8.916448318261494e-06, 8.913899540164471e-06, 1.4988722253172167e-06]",1.269674263628963e-05,0.000578955578070014,0.00025233539146754665,0.011506311877926279,"[8.264149019184048e-05, 0.00015065426056226595, 9.335354709414631e-06]",0.00017208565011134674,0.0027771703611231043,0.002234432285083714,0.05363807392624009,"[8.571640094872632e-05, 0.00015233353526092154, 9.867833677388602e-06]",0.00017507193235404242,0.0027766664958675255,0.002332084066907515,0.05363807392624009,"[8.921317765335835e-06, 8.92131776533527e-06, 1.4988722253172156e-06]",1.2705370489994018e-05,0.0005793557317990164,0.00025233539146754665,0.011506311877926279,"[1.2445234369895108e-08, 2.096015291112645e-07, 1.5399233542806043e-19]",2.0997067620099508e-07,5.937522688194143e-07,0.0,0.0
B_best-combined_motor3_70-eta080,pre_3_5,False,,"[-0.03674554266393267, 0.014558291598262578]",0.03952440714200453,0.039851561796850836,0.005095902051775023,0.04777326809916805,-0.006523403538899457,0.006523403538899457,0.0065480786913212855,0.0005679267702882146,0.00741649192686622,0.04038594201199171,-2.7816561987831223e-18,-8.279747059410786e-20,200,3.0100000000000002,5.0,0.008902018676350097,0.002252568284852845,0.1513618679948816,0.025259731948309556,0.29864699235166686,0.04216393343917914,0.009246043354823963,0.009514709608030747,0.5297592614263937,0.5451527038327356,[0.0],[0.0],0.0,[0.0],[0.0],0.0,[0.0],[0.0],0.0,[0.0],[0.0],0.0,[0.0],[0.0],0.0,[0.0],[0.0],0.0,[0.0],[0.0],0.0,[0.0],[0.0],0.0,"[0.04141497361330784, -0.011721834285616814, 0.0050933748047580375]",0.04304185681880426,0.0050933748047580375,every physics interval; dwell = interval count * physics_dt,0.002,"[0.0, 0.0, 0.0, 0.0]","[0.0, 0.0, 0.0, 0.0]",0.0,"[0.0, 0.0, 0.0, 0.0]","[0.0, 0.0, 0.0, 0.0]",0.0,"[0.0, 0.0, 0.0, 0.0]","[0.0, 0.0, 0.0, 0.0]",0.0,"[0.0, 0.0, 0.0, 0.0]","[0.0, 0.0, 0.0, 0.0]",0.0,"[0.0, 0.0, 0.0, 0.0]","[0.0, 0.0, 0.0, 0.0]",0.0,"[0.0, 0.0, 0.0, 0.0]","[0.0, 0.0, 0.0, 0.0]",0.0,"[0.0, 0.0, 0.0, 0.0]","[0.0, 0.0, 0.0, 0.0]",0.0,"[0.0, 0.0, 0.0, 0.0]","[0.0, 0.0, 0.0, 0.0]",0.0,"[0.1079496865901567, 0.12854093281893725, 0.12849146553722116, 0.10781486213279363]","[0.09150123391516733, 0.07055092187681006, 0.0705148833682962, 0.091431882532469]","[0.5496204660322833, 0.6044335345712462, 0.6043048074227821, 0.5492523638078981]","[0.44888181126067117, 0.39320543684561104, 0.3931118285670535, 0.44869279997159706]","[0.0915217722415643, 0.07060104809767401, 0.07055969780309942, 0.09149225753746962]","[0.2, 0.2, 0.2, 0.2]","[0.2, 0.2, 0.2, 0.2]","[0.2, 0.2, 0.2, 0.2]","[0.2, 0.2, 0.2, 0.2]","[4.853614926989631e-05, 7.983954388118516e-05, 8.044495134055931e-05, 6.786487027145478e-05]","[0.050847089942849664, 0.1300477375564627]","[0.12603339726316873, 0.28070254358579355]",1000,"body origin, body frame; no gravity/external torque","[6.120092613316823e-10, 2.079495026148104e-07, 2.347903670917718e-19]",2.0795040320490573e-07,2.0983794185225472e-07,4.8234047858538485e-17,5.551115123125783e-17,"[3.825703311235134e-06, 3.0022617423806057e-06, 9.842424397520346e-08]",4.864079432653191e-06,1.7130273374082852e-05,0.0002450292463199506,0.0007948706273402939,"[3.82515292421509e-06, 3.0114487612974537e-06, 9.842424397521132e-08]",4.86932293726277e-06,1.726972339776473e-05,0.00024502924631995045,0.0007948706273403494,"[6.629681879178159e-17, 7.1934179166233e-19, 2.404345616077627e-19]",6.630115717920745e-17,6.843479707541564e-17,4.8234047858538485e-17,5.551115123125783e-17,"[6.12009263105927e-10, 2.0794950261522105e-07, 1.5636586103463756e-19]",2.0795040320532194e-07,2.0983794185356805e-07,0.0,0.0
B_best-combined_motor3_70-eta080,tail_18_20,False,,"[-0.000999796419975625, 1.442629096178255e-05]",0.0009999004946828413,0.0010095908688068109,0.00013954469933000912,0.001259368469443735,-2.452622609274868e-05,2.452622609274868e-05,2.6439683841169715e-05,9.875277984359972e-06,4.3787785600657436e-05,0.0010099370174717394,-1.9653811354259938e-21,-1.1632227364026952e-25,200,18.01,20.0,0.00024486329034233796,1.755872178671374e-05,0.003794639458392674,8.84576805969214e-05,0.0005160523199987998,1.8021240596984595e-05,0.010000711588205593,0.010007697356151183,0.5729985661317549,0.573398821151695,[0.0],[0.0],0.0,[0.0],[0.0],0.0,[0.0],[0.0],0.0,[0.0],[0.0],0.0,[0.0],[0.0],0.0,[0.0],[0.0],0.0,[0.0],[0.0],0.0,[0.0],[0.0],0.0,"[0.06488125447619447, -0.019755561308147887, 0.008593557179686984]",0.0678222631958319,0.008593557179686984,every physics interval; dwell = interval count * physics_dt,0.002,"[0.0, 0.0, 0.0, 0.0]","[0.0, 0.0, 0.0, 0.0]",0.0,"[0.0, 0.0, 0.0, 0.0]","[0.0, 0.0, 0.0, 0.0]",0.0,"[0.0, 0.0, 0.0, 0.0]","[0.0, 0.0, 0.0, 0.0]",0.0,"[0.0, 0.0, 0.0, 0.0]","[0.0, 0.0, 0.0, 0.0]",0.0,"[0.0, 0.0, 0.0, 0.0]","[0.0, 0.0, 0.0, 0.0]",0.0,"[0.0, 0.0, 0.0, 0.0]","[0.0, 0.0, 0.0, 0.0]",0.0,"[0.0, 0.0, 0.0, 0.0]","[0.0, 0.0, 0.0, 0.0]",0.0,"[0.0, 0.0, 0.0, 0.0]","[0.0, 0.0, 0.0, 0.0]",0.0,"[0.10825791597573094, 0.12906529870196726, 0.16133160702959992, 0.10825791456038647]","[0.09174197082723722, 0.07093455340533728, 0.03866819309846903, 0.09174196212804728]","[0.5504614970450238, 0.6057973091745061, 0.6875001587168482, 0.5504614931847454]","[0.44953819421617147, 0.39420230638193665, 0.31249934608150687, 0.4495381704896041]","[0.09174198441435952, 0.0709345632288696, 0.030934563073933885, 0.09174197894447113]","[0.2, 0.2, 0.2, 0.2]","[0.2, 0.2, 0.2, 0.2]","[0.2, 0.2, 0.16000000000000003, 0.2]","[0.2, 0.2, 0.16000000000000003, 0.2]","[1.1375297198734298e-08, 1.5786512286670745e-08, 2.1684759185413833e-08, 8.786627584819462e-09]","[7.747973704837564e-05, 0.00035523228892996614]","[0.00013976649467859915, 0.0005158382827201636]",1000,"body origin, body frame; no gravity/external torque","[9.743194290501186e-14, 2.0807398246757264e-07, 1.346286570659535e-18]",2.0807398246759514e-07,2.080744379745362e-07,1.6681077853815917e-16,2.220446049250313e-16,"[3.243410421240232e-10, 5.935568512393998e-10, 5.3324351685234146e-11]",6.784912186181768e-10,1.773961306353764e-09,5.079913327432564e-08,1.5928009516885666e-07,"[3.2430201259502126e-10, 2.0803004987545282e-07, 5.332435176360281e-11]",2.0803030948990406e-07,2.0935119139497153e-07,5.079913323606935e-08,1.592800950023232e-07,"[1.5852762108692968e-17, 1.659998149757284e-18, 1.335653060177768e-18]",1.5995300229416522e-17,1.7469123749169136e-17,1.6681077853815917e-16,2.220446049250313e-16,"[9.743110200033145e-14, 2.0807398246903258e-07, 1.5561228623389326e-19]",2.0807398246905556e-07,2.080744379751867e-07,0.0,0.0
B_best-combined_motor3_70-eta080,pre_second_28_30,False,,"[-8.917992615554294e-05, -1.7475877398660587e-05]",9.08760998280687e-05,9.173698029664742e-05,1.2538262797786825e-05,0.00011415913620403911,7.112196842173901e-06,7.112196842173901e-06,7.129696495899318e-06,4.992276052168863e-07,7.963668073651675e-06,9.201361924232258e-05,2.5590900200859294e-24,1.3631516442219084e-26,200,28.01,30.0,2.1970578454282336e-05,8.598859762556535e-07,0.00034505161682268356,2.7661776713156843e-05,3.8580745385580054e-05,8.622287884927067e-07,0.010028822026595243,0.010029397345575848,0.5746091756117445,0.5746421389612069,[0.0],[0.0],0.0,[0.0],[0.0],0.0,[0.0],[0.0],0.0,[0.0],[0.0],0.0,[0.0],[0.0],0.0,[0.0],[0.0],0.0,[0.0],[0.0],0.0,[0.0],[0.0],0.0,"[0.06546950655805231, -0.019710231746829305, 0.008581197780014817]",0.06837213997286155,0.00858403015352448,every physics interval; dwell = interval count * physics_dt,0.002,"[0.0, 0.0, 0.0, 0.0]","[0.0, 0.0, 0.0, 0.0]",0.0,"[0.0, 0.0, 0.0, 0.0]","[0.0, 0.0, 0.0, 0.0]",0.0,"[0.0, 0.0, 0.0, 0.0]","[0.0, 0.0, 0.0, 0.0]",0.0,"[0.0, 0.0, 0.0, 0.0]","[0.0, 0.0, 0.0, 0.0]",0.0,"[0.0, 0.0, 0.0, 0.0]","[0.0, 0.0, 0.0, 0.0]",0.0,"[0.0, 0.0, 0.0, 0.0]","[0.0, 0.0, 0.0, 0.0]",0.0,"[0.0, 0.0, 0.0, 0.0]","[0.0, 0.0, 0.0, 0.0]",0.0,"[0.0, 0.0, 0.0, 0.0]","[0.0, 0.0, 0.0, 0.0]",0.0,"[0.10825804233313067, 0.12906545175429004, 0.16133181290963483, 0.10825803780825557]","[0.09174193341153783, 0.07093452041524573, 0.038668146591450236, 0.09174193041028658]","[0.5504618416780158, 0.6057977070303895, 0.6875006688041381, 0.5504618293366658]","[0.4495380921668881, 0.3942022206249899, 0.31249923085597675, 0.44953808398113915]","[0.0917419405508917, 0.07093452840206832, 0.03093452923097087, 0.09174193952334957]","[0.2, 0.2, 0.2, 0.2]","[0.2, 0.2, 0.2, 0.2]","[0.2, 0.2, 0.16000000000000003, 0.2]","[0.2, 0.2, 0.16000000000000003, 0.2]","[4.09439579100258e-09, 4.724086573673185e-09, 6.435369078494696e-09, 4.372295197387081e-09]","[6.930272805267453e-07, 3.082745837440648e-05]","[1.1794731676345173e-06, 3.8582365967558874e-05]",1000,"body origin, body frame; no gravity/external torque","[3.8679569716428556e-14, 2.0807409413134046e-07, 1.3763976409224774e-18]",2.0807409413134361e-07,2.0807423250515164e-07,1.698768209223917e-16,2.220446049250313e-16,"[2.5196782972207043e-10, 3.0922017375339306e-10, 2.2543645758957245e-11]",3.995161061021625e-10,9.819537729157487e-10,1.4041289375751504e-08,5.17127868304712e-08,"[2.5193145472435695e-10, 2.0807956342924297e-07, 2.2543645747780245e-11]",2.0807971716286572e-07,2.0892521679965065e-07,1.404128937660909e-08,5.171278666393775e-08,"[1.585151404987565e-17, 1.6186960517598352e-18, 1.3804997870559142e-18]",1.5993637930234973e-17,1.8183916365993757e-17,1.698768209223917e-16,2.220446049250313e-16,"[3.8679381193018344e-14, 2.0807409413276043e-07, 1.5101188829344653e-19]",2.0807409413276282e-07,2.0807423250797054e-07,0.0,0.0
B_best-combined_motor3_70-eta080,tail_58_60,False,,"[-5.8143090767141894e-08, -4.4524817832757326e-08]",7.323304177074939e-08,7.40460290629238e-08,1.0942395212705365e-08,9.335047949987521e-08,2.0043780342149377e-08,2.0043780342149377e-08,2.020780368655246e-08,2.5694745435417436e-09,2.4305943702174204e-08,7.67539559229464e-08,-6.7053176943786e-30,2.996746993466539e-31,200,58.01,60.0,2.923348211472731e-08,9.957301416586265e-09,2.7786452654684223e-07,7.823181315387757e-08,1.2074182697257333e-06,2.9918536853716945e-07,0.010031328539813979,0.010031331485926198,0.5747527882404718,0.5747529570402679,[0.0],[0.0],0.0,[0.0],[0.0],0.0,[0.0],[0.0],0.0,[0.0],[0.0],0.0,[0.0],[0.0],0.0,[0.0],[0.0],0.0,[0.0],[0.0],0.0,[0.0],[0.0],0.0,"[0.06552661954036845, -0.019693476331039836, 0.008573925323807222]",0.06842200580507285,0.008573933308416153,every physics interval; dwell = interval count * physics_dt,0.002,"[0.0, 0.0, 0.0, 0.0]","[0.0, 0.0, 0.0, 0.0]",0.0,"[0.0, 0.0, 0.0, 0.0]","[0.0, 0.0, 0.0, 0.0]",0.0,"[0.0, 0.0, 0.0, 0.0]","[0.0, 0.0, 0.0, 0.0]",0.0,"[0.0, 0.0, 0.0, 0.0]","[0.0, 0.0, 0.0, 0.0]",0.0,"[0.0, 0.0, 0.0, 0.0]","[0.0, 0.0, 0.0, 0.0]",0.0,"[0.0, 0.0, 0.0, 0.0]","[0.0, 0.0, 0.0, 0.0]",0.0,"[0.0, 0.0, 0.0, 0.0]","[0.0, 0.0, 0.0, 0.0]",0.0,"[0.0, 0.0, 0.0, 0.0]","[0.0, 0.0, 0.0, 0.0]",0.0,"[0.10825804420542261, 0.12906545106139347, 0.16133181145121914, 0.10825804639728695]","[0.09174193678516729, 0.07093451803497164, 0.03866815187119185, 0.09174193471862585]","[0.5504618467845903, 0.6057977052292237, 0.6875006651907777, 0.5504618527627803]","[0.4495381013682791, 0.3942022144375259, 0.3124992439370339, 0.4495380957318995]","[0.09174194095930266, 0.07093452999508862, 0.030934531128292087, 0.09174194058979658]","[0.2, 0.2, 0.2, 0.2]","[0.2, 0.2, 0.2, 0.2]","[0.2, 0.2, 0.16000000000000003, 0.2]","[0.2, 0.2, 0.16000000000000003, 0.2]","[3.3705853301434337e-09, 6.088165353599479e-09, 5.5287681891012006e-09, 3.395067015035097e-09]","[7.496061732818586e-07, 2.8297466930738396e-07]","[1.238723380088873e-06, 6.239237745861206e-07]",1000,"body origin, body frame; no gravity/external torque","[3.461175973894835e-14, 2.080740948426123e-07, 1.3597024755380135e-18]",2.080740948426144e-07,2.0807420089653493e-07,1.667645897573933e-16,2.220446049250313e-16,"[2.2623302606593915e-10, 2.831850309278752e-10, 2.3771729007486323e-11]",3.632357897077035e-10,9.139849281899535e-10,1.4034826405836977e-08,4.5741686216516086e-08,"[2.262003650534468e-10, 2.080731274465172e-07, 2.377172898265317e-11]",2.080732517578239e-07,2.088362907021822e-07,1.4034826411774864e-08,4.574168604998263e-08,"[1.5908454271211925e-17, 1.6237714829662426e-18, 1.3537498251978961e-18]",1.6048308001697848e-17,1.7995630446210066e-17,1.667645897573933e-16,2.220446049250313e-16,"[3.4611722249556175e-14, 2.0807409484404272e-07, 1.486583122313011e-19]",2.0807409484404447e-07,2.0807420089783594e-07,0.0,0.0
B_best-combined_motor3_70-eta080,fault_5_60,False,,"[-0.002212940329551809, 0.0007333691465399783]",0.0023312947491155307,0.006356462699700753,0.005913516960780061,0.03678039167459947,-0.0003205158419015438,0.0003205158419015438,0.0009982946731204392,0.0009454426738151768,0.006580545562033024,0.0064343772276007904,-1.1519648082658485e-19,-1.6940658945086007e-21,5500,5.01,60.0,0.004414881428202973,0.001998434437003111,0.02437079092914241,0.004233660835415588,2.3996308271678135,0.8941823121625737,0.009838068046922051,0.010031331485926198,0.5636797776511463,0.5747529570402679,[0.05],[0.05],0.05,[0.05],[0.05],0.05,[0.0],[0.0],0.0,[0.0],[0.0],0.0,[0.0],[0.0],0.0,[0.0],[0.0],0.0,[0.0],[0.0],0.0,[0.0],[0.0],0.0,"[0.06552661954036845, -0.019693476331039836, 0.008573925323807222]",0.06842200580507285,0.008594582151879119,every physics interval; dwell = interval count * physics_dt,0.002,"[0.0, 0.0, 0.05, 0.0]","[0.0, 0.0, 0.05, 0.0]",0.05,"[0.0, 0.0, 0.0, 0.0]","[0.0, 0.0, 0.0, 0.0]",0.0,"[0.0, 0.0, 0.05, 0.0]","[0.0, 0.0, 0.05, 0.0]",0.05,"[0.0, 0.0, 0.0, 0.0]","[0.0, 0.0, 0.0, 0.0]",0.0,"[0.0, 0.0, 0.0, 0.0]","[0.0, 0.0, 0.0, 0.0]",0.0,"[0.0, 0.0, 0.0, 0.0]","[0.0, 0.0, 0.0, 0.0]",0.0,"[0.0, 0.0, 0.0, 0.0]","[0.0, 0.0, 0.0, 0.0]",0.0,"[0.0, 0.0, 0.0, 0.0]","[0.0, 0.0, 0.0, 0.0]",0.0,"[0.08460098842307227, 0.12349494068022243, 0.13954447932524633, 0.09949324775156615]","[0.06882319736210213, 0.06508632413844576, 0.0, 0.08340501887548435]","[0.48352396233433953, 0.5912360797112569, 0.6327769650595155, 0.5262563130620171]","[0.3887250188636394, 0.37908347148716404, 0.21814922562016836, 0.42704389337118853]","[0.07984673516910391, 0.06757677283694982, 0.013491374604570311, 0.08754740705640714]","[0.2, 0.2, 0.2, 0.2]","[0.2, 0.2, 0.2, 0.2]","[0.2, 0.2, 0.16000000000000003, 0.2]","[0.2, 0.2, 0.16000000000000003, 0.2]","[0.0010824416716872034, 0.00031445915426488755, 0.001781098846590523, 0.0004819867268936192]","[0.10846926804493476, 0.13411451416747938]","[1.848313476766003, 1.5512949885603622]",27500,"body origin, body frame; no gravity/external torque","[9.312926303078858e-06, 9.310024785478165e-06, 1.56552098136193e-06]",1.3261146774538504e-05,0.000578955578070014,0.0002635557207680035,0.011506311877926279,"[8.528460038370943e-05, 7.409937583428368e-05, 8.052888307478251e-06]",0.00011326530612563175,0.002550453614071453,0.0014443114387560714,0.044119171040911176,"[8.853395931034107e-05, 7.779194913305327e-05, 8.718020199709611e-06]",0.00011817721090501243,0.0025938137424331223,0.0016039024101839174,0.046798583600554666,"[9.31801250775352e-06, 9.318012507752929e-06, 1.5655209813619288e-06]",1.3270326677681129e-05,0.0005793557317990164,0.0002635557207680035,0.011506311877926279,"[1.2830545662529559e-08, 2.084815306256068e-07, 1.5377474374432344e-19]",2.0887597160515067e-07,4.5865311725123714e-07,0.0,0.0
B_best-combined_motor3_70-eta080,full_0_60,True,,,,,,,,,,,,,,,,,,,,,,,,,,,,,,,,,,,,,,,,,,,,,,,,,,,,,,,,,,,,,,,,,,,,,,,,,,,,,,,,,,,,,,,,,,,,,,,,,,,,,,,,,,,,,,,,,,,,,,,
B_best-combined_motor3_70-eta080,pre_3_5,True,,,,,,,,,,,,,,,,,,,,,,,,,,,,,,,,,,,,,,,,,,,,,,,,,,,,,,,,,,,,,,,,,,,,,,,,,,,,,,,,,,,,,,,,,,,,,,,,,,,,,,,,,,,,,,,,,,,,,,,
B_best-combined_motor3_70-eta080,tail_18_20,True,,,,,,,,,,,,,,,,,,,,,,,,,,,,,,,,,,,,,,,,,,,,,,,,,,,,,,,,,,,,,,,,,,,,,,,,,,,,,,,,,,,,,,,,,,,,,,,,,,,,,,,,,,,,,,,,,,,,,,,
B_best-combined_motor3_70-eta080,pre_second_28_30,True,,,,,,,,,,,,,,,,,,,,,,,,,,,,,,,,,,,,,,,,,,,,,,,,,,,,,,,,,,,,,,,,,,,,,,,,,,,,,,,,,,,,,,,,,,,,,,,,,,,,,,,,,,,,,,,,,,,,,,,
B_best-combined_motor3_70-eta080,tail_58_60,True,,,,,,,,,,,,,,,,,,,,,,,,,,,,,,,,,,,,,,,,,,,,,,,,,,,,,,,,,,,,,,,,,,,,,,,,,,,,,,,,,,,,,,,,,,,,,,,,,,,,,,,,,,,,,,,,,,,,,,,
B_best-combined_motor3_70-eta080,fault_5_60,True,,,,,,,,,,,,,,,,,,,,,,,,,,,,,,,,,,,,,,,,,,,,,,,,,,,,,,,,,,,,,,,,,,,,,,,,,,,,,,,,,,,,,,,,,,,,,,,,,,,,,,,,,,,,,,,,,,,,,,,
B_best-combined_motor3_70-eta075,full_0_60,False,,"[-0.005529237219978632, 0.001670880591998508]",0.005776184396945298,0.014847354638213198,0.013677705712777901,0.05933150021583034,-0.0007279091974145196,0.0007279091974145196,0.0021555484205804916,0.0020289251326223003,0.01175954699180104,0.015003010656076265,-5.963111948670274e-19,-1.6940658945086007e-20,6000,0.01,60.0,0.01659413803113865,0.007218109272199263,0.06168202083678321,0.011263070361207262,4.609129856383017,1.3091738946120217,0.00949343130493189,0.015129122112816657,0.543933546869971,0.8668348448024413,[0.14],[0.14],0.14,[0.14],[0.14],0.14,[0.0],[0.0],0.0,[0.0],[0.0],0.0,[0.0],[0.0],0.0,[0.0],[0.0],0.0,[0.0],[0.0],0.0,[0.0],[0.0],0.0,"[0.06552662033790202, -0.019693480543741895, 0.008573917642932432]",0.06842200778137321,0.008578443496248608,every physics interval; dwell = interval count * physics_dt,0.002,"[0.0, 0.0, 0.14, 0.0]","[0.0, 0.0, 0.14, 0.0]",0.14,"[0.0, 0.0, 0.0, 0.0]","[0.0, 0.0, 0.0, 0.0]",0.0,"[0.0, 0.0, 0.14, 0.0]","[0.0, 0.0, 0.14, 0.0]",0.14,"[0.0, 0.0, 0.0, 0.0]","[0.0, 0.0, 0.0, 0.0]",0.0,"[0.0, 0.0, 0.0, 0.0]","[0.0, 0.0, 0.0, 0.0]",0.0,"[0.0, 0.0, 0.0, 0.0]","[0.0, 0.0, 0.0, 0.0]",0.0,"[0.0, 0.0, 0.0, 0.0]","[0.0, 0.0, 0.0, 0.0]",0.0,"[0.0, 0.0, 0.0, 0.0]","[0.0, 0.0, 0.0, 0.0]",0.0,"[0.08803775861425776, 0.10825664557542906, 0.111898022188068, 0.09249561057287833]","[0.05934852504488164, 0.04529619208147573, 0.0, 0.06815659941163768]","[0.49358955459919984, 0.5504580320901427, 0.5603417906573862, 0.5064549232387824]","[0.3644013171122701, 0.3289823751482228, 0.21814922562016836, 0.3870002743548916]","[0.07552885816758526, 0.05631194210607679, 0.0021665569475382007, 0.07982573600399792]","[0.2, 0.2, 0.2, 0.2]","[0.2, 0.2, 0.2, 0.2]","[0.2, 0.2, 0.15000000000000002, 0.2]","[0.2, 0.2, 0.2, 0.2]","[0.0013638495805060472, 0.001289974282407134, 0.001945024446944072, 0.0009057075106377161]","[0.2982384737012696, 0.5171547479613169]","[3.2426482726629122, 4.181401867274332]",30000,"body origin, body frame; no gravity/external torque","[5.066401347867102e-05, 5.0653978308796465e-05, 8.51254188894876e-06]",7.214659485856715e-05,0.002059791536324472,0.001433087860092366,0.040913961670549615,"[5.128915103979629e-05, 0.00013979892801557715, 1.0459537231500384e-05]",0.0001492773231532082,0.0027771703611231043,0.0025673844021822183,0.05363807392624009,"[7.816804072968039e-05, 0.00015391458632943743, 1.626763469891584e-05]",0.0001733914023681,0.0033531197715877784,0.0033857533500150404,0.06762752650234544,"[5.0666821293564955e-05, 5.066682129356196e-05, 8.512541888948763e-06]",7.215758400472469e-05,0.0020600639419403937,0.001433087860092366,0.040913961670549615,"[6.729520185159434e-09, 2.0945429964521071e-07, 1.5411950725205324e-19]",2.095623775437524e-07,5.937522688194143e-07,0.0,0.0
B_best-combined_motor3_70-eta075,pre_3_5,False,,"[-0.03674554266393267, 0.014558291598262578]",0.03952440714200453,0.039851561796850836,0.005095902051775023,0.04777326809916805,-0.006523403538899457,0.006523403538899457,0.0065480786913212855,0.0005679267702882146,0.00741649192686622,0.04038594201199171,-2.7816561987831223e-18,-8.279747059410786e-20,200,3.0100000000000002,5.0,0.008902018676350097,0.002252568284852845,0.1513618679948816,0.025259731948309556,0.29864699235166686,0.04216393343917914,0.009246043354823963,0.009514709608030747,0.5297592614263937,0.5451527038327356,[0.0],[0.0],0.0,[0.0],[0.0],0.0,[0.0],[0.0],0.0,[0.0],[0.0],0.0,[0.0],[0.0],0.0,[0.0],[0.0],0.0,[0.0],[0.0],0.0,[0.0],[0.0],0.0,"[0.04141497361330784, -0.011721834285616814, 0.0050933748047580375]",0.04304185681880426,0.0050933748047580375,every physics interval; dwell = interval count * physics_dt,0.002,"[0.0, 0.0, 0.0, 0.0]","[0.0, 0.0, 0.0, 0.0]",0.0,"[0.0, 0.0, 0.0, 0.0]","[0.0, 0.0, 0.0, 0.0]",0.0,"[0.0, 0.0, 0.0, 0.0]","[0.0, 0.0, 0.0, 0.0]",0.0,"[0.0, 0.0, 0.0, 0.0]","[0.0, 0.0, 0.0, 0.0]",0.0,"[0.0, 0.0, 0.0, 0.0]","[0.0, 0.0, 0.0, 0.0]",0.0,"[0.0, 0.0, 0.0, 0.0]","[0.0, 0.0, 0.0, 0.0]",0.0,"[0.0, 0.0, 0.0, 0.0]","[0.0, 0.0, 0.0, 0.0]",0.0,"[0.0, 0.0, 0.0, 0.0]","[0.0, 0.0, 0.0, 0.0]",0.0,"[0.1079496865901567, 0.12854093281893725, 0.12849146553722116, 0.10781486213279363]","[0.09150123391516733, 0.07055092187681006, 0.0705148833682962, 0.091431882532469]","[0.5496204660322833, 0.6044335345712462, 0.6043048074227821, 0.5492523638078981]","[0.44888181126067117, 0.39320543684561104, 0.3931118285670535, 0.44869279997159706]","[0.0915217722415643, 0.07060104809767401, 0.07055969780309942, 0.09149225753746962]","[0.2, 0.2, 0.2, 0.2]","[0.2, 0.2, 0.2, 0.2]","[0.2, 0.2, 0.2, 0.2]","[0.2, 0.2, 0.2, 0.2]","[4.853614926989631e-05, 7.983954388118516e-05, 8.044495134055931e-05, 6.786487027145478e-05]","[0.050847089942849664, 0.1300477375564627]","[0.12603339726316873, 0.28070254358579355]",1000,"body origin, body frame; no gravity/external torque","[6.120092613316823e-10, 2.079495026148104e-07, 2.347903670917718e-19]",2.0795040320490573e-07,2.0983794185225472e-07,4.8234047858538485e-17,5.551115123125783e-17,"[3.825703311235134e-06, 3.0022617423806057e-06, 9.842424397520346e-08]",4.864079432653191e-06,1.7130273374082852e-05,0.0002450292463199506,0.0007948706273402939,"[3.82515292421509e-06, 3.0114487612974537e-06, 9.842424397521132e-08]",4.86932293726277e-06,1.726972339776473e-05,0.00024502924631995045,0.0007948706273403494,"[6.629681879178159e-17, 7.1934179166233e-19, 2.404345616077627e-19]",6.630115717920745e-17,6.843479707541564e-17,4.8234047858538485e-17,5.551115123125783e-17,"[6.12009263105927e-10, 2.0794950261522105e-07, 1.5636586103463756e-19]",2.0795040320532194e-07,2.0983794185356805e-07,0.0,0.0
B_best-combined_motor3_70-eta075,tail_18_20,False,,"[-0.0009541775420127145, -0.00014774068242168198]",0.0009655475601563343,0.0009746298015110975,0.00013274471390496928,0.001213474289967521,-4.501029873977436e-05,4.501029873977436e-05,4.6264152902743224e-05,1.0697890033304308e-05,6.521782254875763e-05,0.000975727227168213,-8.635765595053609e-22,-3.360421238496675e-25,200,18.01,20.0,0.00023367162624921578,1.869170815693833e-05,0.003665735899228755,0.00016643022813287188,0.0007785718186927857,5.3922133284285786e-05,0.010000375489089296,0.010007417498150583,0.5729793090708931,0.5733827864693977,[0.0],[0.0],0.0,[0.0],[0.0],0.0,[0.0],[0.0],0.0,[0.0],[0.0],0.0,[0.0],[0.0],0.0,[0.0],[0.0],0.0,[0.0],[0.0],0.0,[0.0],[0.0],0.0,"[0.06491082926391413, -0.019848225541829512, 0.008568363651755817]",0.06787759433633711,0.008568363651755817,every physics interval; dwell = interval count * physics_dt,0.002,"[0.0, 0.0, 0.0, 0.0]","[0.0, 0.0, 0.0, 0.0]",0.0,"[0.0, 0.0, 0.0, 0.0]","[0.0, 0.0, 0.0, 0.0]",0.0,"[0.0, 0.0, 0.0, 0.0]","[0.0, 0.0, 0.0, 0.0]",0.0,"[0.0, 0.0, 0.0, 0.0]","[0.0, 0.0, 0.0, 0.0]",0.0,"[0.0, 0.0, 0.0, 0.0]","[0.0, 0.0, 0.0, 0.0]",0.0,"[0.0, 0.0, 0.0, 0.0]","[0.0, 0.0, 0.0, 0.0]",0.0,"[0.0, 0.0, 0.0, 0.0]","[0.0, 0.0, 0.0, 0.0]",0.0,"[0.0, 0.0, 0.0, 0.0]","[0.0, 0.0, 0.0, 0.0]",0.0,"[0.10825782388970624, 0.12906516992268938, 0.17208684234977337, 0.10825777797208155]","[0.09174183150205739, 0.07093433909358138, 0.02791242526911686, 0.09174190030439504]","[0.5504612458852819, 0.6057969744157317, 0.7140053692804231, 0.5504611206473764]","[0.44953781421438044, 0.3942017492837997, 0.28599283468895187, 0.4495380018689673]","[0.0917418449190095, 0.07093436343945847, 0.020934346327882547, 0.09174191855388161]","[0.2, 0.2, 0.2, 0.2]","[0.2, 0.2, 0.2, 0.2]","[0.2, 0.2, 0.15000000000000002, 0.2]","[0.2, 0.2, 0.15000000000000002, 0.2]","[3.590658303675534e-08, 5.1500832134728755e-08, 7.469060995115899e-08, 2.3796033962696098e-08]","[0.00012739845717138606, 0.00039487085555467655]","[0.0002492511640399686, 0.0007462451615011707]",1000,"body origin, body frame; no gravity/external torque","[2.8406621462646704e-13, 2.0807406899785094e-07, 2.221934748335166e-18]",2.0807406899804523e-07,2.080756550522215e-07,5.5232898094427217e-17,1.1102230246251565e-16,"[5.817477674248494e-10, 1.866781368285771e-09, 1.5389777906195732e-10]",1.961373923626725e-09,4.857944807102069e-09,1.6387320399093828e-07,4.162251601158573e-07,"[5.816757979104808e-10, 2.0788885995583402e-07, 1.5389777895924455e-10]",2.0788973068671904e-07,2.1172344556612e-07,1.638732039798162e-07,4.1622516006034616e-07,"[1.7808605543935777e-17, 7.313597762150998e-17, 2.2200632717257155e-18]",7.530568594073077e-17,7.739904014272737e-17,5.5232898094427217e-17,1.1102230246251565e-16,"[2.8406810604319166e-13, 2.0807406892472008e-07, 1.6226852269746972e-19]",2.0807406892491363e-07,2.080756549776284e-07,0.0,0.0
B_best-combined_motor3_70-eta075,pre_second_28_30,False,,"[-8.509867634260585e-05, -2.878594294885158e-05]",8.983548979505885e-05,9.067276757176295e-05,1.2293720039305563e-05,0.00011267088729490875,2.1045020265797465e-06,2.1045020265797465e-06,2.104678476341741e-06,2.725268606820164e-08,2.1275872272852325e-06,9.06971909742067e-05,1.1632227364026952e-24,1.2264814923923681e-27,200,28.01,30.0,2.15383572953509e-05,9.70656568236011e-08,0.0003412012919320905,8.451635923478153e-06,3.7468895094184944e-05,8.65142701697767e-07,0.010028700849444485,0.01002929130858289,0.5746022326724326,0.5746360634890381,[0.0],[0.0],0.0,[0.0],[0.0],0.0,[0.0],[0.0],0.0,[0.0],[0.0],0.0,[0.0],[0.0],0.0,[0.0],[0.0],0.0,[0.0],[0.0],0.0,[0.0],[0.0],0.0,"[0.06547203135244326, -0.019716576408721185, 0.008576875639317897]",0.068376386821009,0.008577713266894887,every physics interval; dwell = interval count * physics_dt,0.002,"[0.0, 0.0, 0.0, 0.0]","[0.0, 0.0, 0.0, 0.0]",0.0,"[0.0, 0.0, 0.0, 0.0]","[0.0, 0.0, 0.0, 0.0]",0.0,"[0.0, 0.0, 0.0, 0.0]","[0.0, 0.0, 0.0, 0.0]",0.0,"[0.0, 0.0, 0.0, 0.0]","[0.0, 0.0, 0.0, 0.0]",0.0,"[0.0, 0.0, 0.0, 0.0]","[0.0, 0.0, 0.0, 0.0]",0.0,"[0.0, 0.0, 0.0, 0.0]","[0.0, 0.0, 0.0, 0.0]",0.0,"[0.0, 0.0, 0.0, 0.0]","[0.0, 0.0, 0.0, 0.0]",0.0,"[0.0, 0.0, 0.0, 0.0]","[0.0, 0.0, 0.0, 0.0]",0.0,"[0.1082580382256711, 0.12906545034020359, 0.1720872630022685, 0.10825803536556534]","[0.09174193379386276, 0.07093452398658373, 0.027912695701014262, 0.09174193245469857]","[0.5504618304751433, 0.6057977033545071, 0.7140064008538107, 0.5504618226743614]","[0.4495380932096589, 0.394202229908595, 0.28599349787355743, 0.44953808955716235]","[0.09174194136273653, 0.07093453203446551, 0.020934531479930685, 0.09174193970444916]","[0.2, 0.2, 0.2, 0.2]","[0.2, 0.2, 0.2, 0.2]","[0.2, 0.2, 0.15000000000000002, 0.2]","[0.2, 0.2, 0.15000000000000002, 0.2]","[4.765642791785464e-09, 3.986308135476701e-09, 7.095782352574398e-09, 4.779879693159883e-09]","[5.341617928224086e-06, 2.942087436464811e-05]","[6.445652448786353e-06, 3.700470035117451e-05]",1000,"body origin, body frame; no gravity/external torque","[4.018502937478474e-14, 2.080740927831801e-07, 2.173411529508384e-18]",2.0807409278318456e-07,2.080742167757602e-07,5.481286995992901e-17,1.1102230246251565e-16,"[2.6106960275893834e-10, 2.8910521304905697e-10, 2.310828578855523e-11]",3.902219298923831e-10,9.524084169900347e-10,1.491948938023809e-08,5.3602786542761294e-08,"[2.610319183822405e-10, 2.0806760841255104e-07, 2.3108285840706137e-11]",2.0806777343494115e-07,2.0895364052422226e-07,1.4919489381462773e-08,5.3602786598272445e-08,"[1.7757319621790647e-17, 7.288391996341273e-17, 2.1930539222793436e-18]",7.504796915899596e-17,7.72187767019895e-17,5.481286995992901e-17,1.1102230246251565e-16,"[4.0184939691275605e-14, 2.0807409271030278e-07, 1.5023145987371593e-19]",2.0807409271030555e-07,2.0807421670247714e-07,0.0,0.0
B_best-combined_motor3_70-eta075,tail_58_60,False,,"[-5.4763526809580314e-08, -4.2651631258637906e-08]",6.941329496318727e-08,7.039455917959988e-08,1.1712747092110875e-08,8.629865348640606e-08,8.7948784655012e-09,8.7948784655012e-09,8.837039128160605e-09,8.621910053490263e-10,1.073620947700249e-08,7.094707339025925e-08,-7.888609052210118e-31,5.228899799011345e-32,200,58.01,60.0,3.2618052217196676e-08,5.8190447833510886e-09,2.6743332109288837e-07,3.558519936271927e-08,1.7075472925031877e-06,5.184486165219928e-07,0.010031325158620557,0.01003132911126401,0.5747525945123589,0.5747528209821468,[0.0],[0.0],0.0,[0.0],[0.0],0.0,[0.0],[0.0],0.0,[0.0],[0.0],0.0,[0.0],[0.0],0.0,[0.0],[0.0],0.0,[0.0],[0.0],0.0,[0.0],[0.0],0.0,"[0.06552662033790202, -0.019693480543741895, 0.008573917642932432]",0.06842200778137321,0.008573921142875562,every physics interval; dwell = interval count * physics_dt,0.002,"[0.0, 0.0, 0.0, 0.0]","[0.0, 0.0, 0.0, 0.0]",0.0,"[0.0, 0.0, 0.0, 0.0]","[0.0, 0.0, 0.0, 0.0]",0.0,"[0.0, 0.0, 0.0, 0.0]","[0.0, 0.0, 0.0, 0.0]",0.0,"[0.0, 0.0, 0.0, 0.0]","[0.0, 0.0, 0.0, 0.0]",0.0,"[0.0, 0.0, 0.0, 0.0]","[0.0, 0.0, 0.0, 0.0]",0.0,"[0.0, 0.0, 0.0, 0.0]","[0.0, 0.0, 0.0, 0.0]",0.0,"[0.0, 0.0, 0.0, 0.0]","[0.0, 0.0, 0.0, 0.0]",0.0,"[0.0, 0.0, 0.0, 0.0]","[0.0, 0.0, 0.0, 0.0]",0.0,"[0.10825803730312121, 0.1290654425880506, 0.1720872661287627, 0.10825803373430835]","[0.09174193088017316, 0.07093451725071837, 0.027912686594669278, 0.09174192896079642]","[0.5504618279589388, 0.6057976832029723, 0.7140064085209633, 0.5504618182251976]","[0.44953808526273054, 0.39420221239887765, 0.2859934755419128, 0.44953808002773543]","[0.09174193938597161, 0.07093452800045774, 0.020934528788671303, 0.09174193915480611]","[0.2, 0.2, 0.2, 0.2]","[0.2, 0.2, 0.2, 0.2]","[0.2, 0.2, 0.15000000000000002, 0.2]","[0.2, 0.2, 0.15000000000000002, 0.2]","[6.265592374426513e-09, 7.864641189851195e-09, 8.259288927576351e-09, 6.9616882087143705e-09]","[8.005647717684577e-07, 6.007306593715474e-07]","[1.4218267223279509e-06, 1.2455315075681796e-06]",1000,"body origin, body frame; no gravity/external torque","[5.90999193700167e-14, 2.0807409499600837e-07, 2.207434566506781e-18]",2.080740949960162e-07,2.080743116083576e-07,5.42477737333404e-17,1.1102230246251565e-16,"[3.8074991958176405e-10, 7.401445485411228e-10, 2.4800024370117763e-11]",8.327061277578187e-10,1.7365408938603182e-09,1.3426621749512267e-08,4.646162565791201e-08,"[3.8069487893895985e-10, 2.0808235847439906e-07, 2.480002440892286e-11]",2.080827082001298e-07,2.0972811214215888e-07,1.3426621752543272e-08,4.646162560240086e-08,"[1.7764902548476652e-17, 7.298972551023499e-17, 2.2065060892612965e-18]",7.515291386059671e-17,7.717077908671378e-17,5.42477737333404e-17,1.1102230246251565e-16,"[5.910007732048402e-14, 2.0807409492302275e-07, 1.462668697448798e-19]",2.0807409492303095e-07,2.0807431153376449e-07,0.0,0.0
B_best-combined_motor3_70-eta075,fault_5_60,False,,"[-0.002261593275138116, 0.000754981253432756]",0.0023842820376760894,0.007474211774091812,0.007083716595741797,0.05691440473203592,-0.0003300836513583548,0.0003300836513583548,0.0013939282571647778,0.0013542823816429007,0.01175954699180104,0.007603083429115789,6.776263578034403e-20,3.3881317890172014e-21,5500,5.01,60.0,0.013402504104329459,0.006358347915992778,0.03166544128875995,0.008354190081531926,4.609129856383017,1.2215640643275756,0.009523344233271194,0.015129122112816657,0.5456474314166904,0.8668348448024413,[0.14],[0.14],0.14,[0.14],[0.14],0.14,[0.0],[0.0],0.0,[0.0],[0.0],0.0,[0.0],[0.0],0.0,[0.0],[0.0],0.0,[0.0],[0.0],0.0,[0.0],[0.0],0.0,"[0.06552662033790202, -0.019693480543741895, 0.008573917642932432]",0.06842200778137321,0.008578443496248608,every physics interval; dwell = interval count * physics_dt,0.002,"[0.0, 0.0, 0.14, 0.0]","[0.0, 0.0, 0.14, 0.0]",0.14,"[0.0, 0.0, 0.0, 0.0]","[0.0, 0.0, 0.0, 0.0]",0.0,"[0.0, 0.0, 0.14, 0.0]","[0.0, 0.0, 0.14, 0.0]",0.14,"[0.0, 0.0, 0.0, 0.0]","[0.0, 0.0, 0.0, 0.0]",0.0,"[0.0, 0.0, 0.0, 0.0]","[0.0, 0.0, 0.0, 0.0]",0.0,"[0.0, 0.0, 0.0, 0.0]","[0.0, 0.0, 0.0, 0.0]",0.0,"[0.0, 0.0, 0.0, 0.0]","[0.0, 0.0, 0.0, 0.0]",0.0,"[0.0, 0.0, 0.0, 0.0]","[0.0, 0.0, 0.0, 0.0]",0.0,"[0.09562400349428618, 0.12122134709681398, 0.1413432826874563, 0.10043563239014706]","[0.06760939864764465, 0.0622226420456469, 0.0, 0.08001440758734729]","[0.5153639667032565, 0.5852438168040254, 0.6373595480885437, 0.5288891020094996]","[0.3855860538559497, 0.3717380246641373, 0.21814922562016836, 0.4180257016648955]","[0.07771332200278928, 0.06489236340556034, 0.0021665569475382007, 0.08525657805837425]","[0.2, 0.2, 0.2, 0.2]","[0.2, 0.2, 0.2, 0.2]","[0.2, 0.2, 0.15000000000000002, 0.2]","[0.2, 0.2, 0.15000000000000002, 0.2]","[0.0007411748332879759, 0.00029521435563469766, 0.0017801147243686178, 0.0003443764839954366]","[0.30951607128733083, 0.41927835074155506]","[3.2426482726629122, 3.618318733150572]",27500,"body origin, body frame; no gravity/external torque","[5.2916836205029495e-05, 5.2906312682737014e-05, 8.89106002951733e-06]",7.535463107256311e-05,0.002059791536324472,0.001496811452780677,0.040913961670549615,"[5.189116849694244e-05, 4.528927333790848e-05, 9.440608462567202e-06]",6.951932634597102e-05,0.002502952035614563,0.001957077859664236,0.04470876471889956,"[8.055273589495513e-05, 8.111595958176043e-05, 1.607704236928537e-05]",0.0001154426846984098,0.0033531197715877784,0.0030240557982391444,0.06762752650234544,"[5.2919768913060155e-05, 5.2919768913057024e-05, 8.891060029517334e-06]",7.536613849781299e-05,0.0020600639419403937,0.001496811452780677,0.040913961670549615,"[6.712829797491676e-09, 2.0832004799019013e-07, 1.539136675631932e-19]",2.0842817582689513e-07,4.028355602582779e-07,0.0,0.0
B_best-combined_motor3_70-eta075,full_0_60,True,,,,,,,,,,,,,,,,,,,,,,,,,,,,,,,,,,,,,,,,,,,,,,,,,,,,,,,,,,,,,,,,,,,,,,,,,,,,,,,,,,,,,,,,,,,,,,,,,,,,,,,,,,,,,,,,,,,,,,,
B_best-combined_motor3_70-eta075,pre_3_5,True,,,,,,,,,,,,,,,,,,,,,,,,,,,,,,,,,,,,,,,,,,,,,,,,,,,,,,,,,,,,,,,,,,,,,,,,,,,,,,,,,,,,,,,,,,,,,,,,,,,,,,,,,,,,,,,,,,,,,,,
B_best-combined_motor3_70-eta075,tail_18_20,True,,,,,,,,,,,,,,,,,,,,,,,,,,,,,,,,,,,,,,,,,,,,,,,,,,,,,,,,,,,,,,,,,,,,,,,,,,,,,,,,,,,,,,,,,,,,,,,,,,,,,,,,,,,,,,,,,,,,,,,
B_best-combined_motor3_70-eta075,pre_second_28_30,True,,,,,,,,,,,,,,,,,,,,,,,,,,,,,,,,,,,,,,,,,,,,,,,,,,,,,,,,,,,,,,,,,,,,,,,,,,,,,,,,,,,,,,,,,,,,,,,,,,,,,,,,,,,,,,,,,,,,,,,
B_best-combined_motor3_70-eta075,tail_58_60,True,,,,,,,,,,,,,,,,,,,,,,,,,,,,,,,,,,,,,,,,,,,,,,,,,,,,,,,,,,,,,,,,,,,,,,,,,,,,,,,,,,,,,,,,,,,,,,,,,,,,,,,,,,,,,,,,,,,,,,,
B_best-combined_motor3_70-eta075,fault_5_60,True,,,,,,,,,,,,,,,,,,,,,,,,,,,,,,,,,,,,,,,,,,,,,,,,,,,,,,,,,,,,,,,,,,,,,,,,,,,,,,,,,,,,,,,,,,,,,,,,,,,,,,,,,,,,,,,,,,,,,,,
A_best-combined_motor3_70-eta100,full_0_60,False,,"[-0.004695843036258111, -0.0003440386996691925]",0.004708429084954329,0.011755091755468619,0.010770927431351574,0.052114797434782804,-0.0019407379041104847,0.0019407379041104847,0.004879921493074044,0.004477406633991917,0.020439858015710022,0.012727757695605784,5.827586677109586e-19,2.0328790734103208e-20,6000,0.01,60.0,0.011019062269758798,0.004361519437489308,0.048304306385272076,0.020004823311961694,4.86361013410053,1.4236175161028919,0.0005383336535923372,0.008848879173042994,0.030844246320698588,0.5070034300365776,[0.0],[0.0],0.0,[0.0],[0.0],0.0,[0.0],[0.0],0.0,[0.0],[0.0],0.0,[0.0],[0.0],0.0,[0.0],[0.0],0.0,[0.0],[0.0],0.0,[0.0],[0.0],0.0,"[0.05635011630294391, 0.0041284643835453735, 0.023288854892688993]",0.05650114888673954,0.02328938950256802,every physics interval; dwell = interval count * physics_dt,0.002,"[0.0, 0.0, 0.0, 0.0]","[0.0, 0.0, 0.0, 0.0]",0.0,"[0.0, 0.0, 0.0, 0.0]","[0.0, 0.0, 0.0, 0.0]",0.0,"[0.0, 0.0, 0.0, 0.0]","[0.0, 0.0, 0.0, 0.0]",0.0,"[0.0, 0.0, 0.0, 0.0]","[0.0, 0.0, 0.0, 0.0]",0.0,"[0.0, 0.0, 0.0, 0.0]","[0.0, 0.0, 0.0, 0.0]",0.0,"[0.0, 0.0, 0.0, 0.0]","[0.0, 0.0, 0.0, 0.0]",0.0,"[0.0, 0.0, 0.0, 0.0]","[0.0, 0.0, 0.0, 0.0]",0.0,"[0.0, 0.0, 0.0, 0.0]","[0.0, 0.0, 0.0, 0.0]",0.0,"[0.08418753465951907, 0.10671204466234556, 0.10665261868665019, 0.09130631555671727]","[0.05270783942023771, 0.04202590763741845, 0.049785635527109434, 0.07493880754427323]","[0.48230391410062534, 0.5462362977132903, 0.5460735141764886, 0.5030427502987656]","[0.3475755936802343, 0.3208338113506273, 0.3402228625983901, 0.40465283222265314]","[0.07107721426134683, 0.05432990417688274, 0.058899924268257825, 0.08260530391638779]","[0.2, 0.2, 0.2, 0.2]","[0.2, 0.2, 0.2, 0.2]","[0.2, 0.2, 0.2, 0.2]","[0.2, 0.2, 0.2, 0.2]","[0.0014264029327475968, 0.0011575029546616773, 0.0008211260268795417, 0.0006698041131745927]","[0.14966199839233188, 0.3409607958462187]","[1.105596180879484, 4.842587148145286]",30000,"body origin, body frame; no gravity/external torque","[1.0946040159101455e-08, 2.0881333442387715e-07, 2.416948459299941e-19]",2.0910003450114151e-07,5.561258797905092e-07,4.8345719360749505e-17,5.551115123125783e-17,"[7.007762078452708e-05, 0.0001015746067461375, 8.244572766353803e-06]",0.0001236779958220277,0.002576115342067975,0.00197063771707313,0.043238995773283995,"[7.006751121075612e-05, 0.00010155905491301449, 8.244572766353812e-06]",0.00012365949515582672,0.002575589081033132,0.0019706377170731304,0.043238995773283995,"[6.624659899387811e-17, 7.228764562578235e-19, 2.5641864240170963e-19]",6.625103907975328e-17,9.043138607522249e-17,4.8345719360749505e-17,5.551115123125783e-17,"[1.0946040159604432e-08, 2.0881333442425514e-07, 1.5872858045299958e-19]",2.0910003450155865e-07,5.561258797961317e-07,0.0,0.0
A_best-combined_motor3_70-eta100,pre_3_5,False,,"[-0.02973856406313486, -0.0025841458025280288]",0.02985062816869855,0.030131056072998035,0.004101284921613264,0.035938518658858054,-0.01447063476884988,0.01447063476884988,0.014595220986135252,0.0019029464050981753,0.017994832098413016,0.033479859851980785,6.776263578034403e-20,-1.9185296255309903e-19,200,3.0100000000000002,5.0,0.010637485354529021,0.0033973823107579376,0.11444676190307182,0.05507526932652865,0.5990580907876889,0.09402338798759814,0.002037674298540851,0.0025252845080633,0.11675013732867129,0.1446881443817974,[0.0],[0.0],0.0,[0.0],[0.0],0.0,[0.0],[0.0],0.0,[0.0],[0.0],0.0,[0.0],[0.0],0.0,[0.0],[0.0],0.0,[0.0],[0.0],0.0,[0.0],[0.0],0.0,"[0.035801418324977685, 0.0024555539071012284, 0.014688544504699476]",0.03588553049727324,0.014688544504699476,every physics interval; dwell = interval count * physics_dt,0.002,"[0.0, 0.0, 0.0, 0.0]","[0.0, 0.0, 0.0, 0.0]",0.0,"[0.0, 0.0, 0.0, 0.0]","[0.0, 0.0, 0.0, 0.0]",0.0,"[0.0, 0.0, 0.0, 0.0]","[0.0, 0.0, 0.0, 0.0]",0.0,"[0.0, 0.0, 0.0, 0.0]","[0.0, 0.0, 0.0, 0.0]",0.0,"[0.0, 0.0, 0.0, 0.0]","[0.0, 0.0, 0.0, 0.0]",0.0,"[0.0, 0.0, 0.0, 0.0]","[0.0, 0.0, 0.0, 0.0]",0.0,"[0.0, 0.0, 0.0, 0.0]","[0.0, 0.0, 0.0, 0.0]",0.0,"[0.0, 0.0, 0.0, 0.0]","[0.0, 0.0, 0.0, 0.0]",0.0,"[0.1075136769941142, 0.12795563074405034, 0.12880521964419664, 0.10749292233366971]","[0.09097477038764368, 0.06965821113726708, 0.07068932356081334, 0.09105847084085449]","[0.5484295682149811, 0.6029096173897058, 0.6051210683632064, 0.5483728443941563]","[0.447447862095005, 0.3908885739912954, 0.39356498918714666, 0.4476757047041333]","[0.09140343801828132, 0.07038821476083523, 0.0707786972249487, 0.09147396633469046]","[0.2, 0.2, 0.2, 0.2]","[0.2, 0.2, 0.2, 0.2]","[0.2, 0.2, 0.2, 0.2]","[0.2, 0.2, 0.2, 0.2]","[0.00028390734280996706, 0.00046059329539348124, 9.848848709644325e-05, 0.00028596576861140765]","[0.2955164362240578, 0.13552590298261966]","[0.5711069415389705, 0.20914981820416145]",1000,"body origin, body frame; no gravity/external torque","[6.195138356178489e-09, 2.08095863634974e-07, 2.4744684234955073e-19]",2.0818805969900847e-07,2.1378148141720287e-07,4.8074067159589095e-17,5.551115123125783e-17,"[3.967350874208205e-05, 1.3104214376210287e-05, 1.64249614645901e-07]",4.17819902381594e-05,0.00010571921327651156,0.0003740871909306649,0.0009944755359624358,"[3.96677852242471e-05, 1.3101221739550455e-05, 1.6424961464591205e-07]",4.177561697451967e-05,0.00010577214033357305,0.00037408719093066564,0.0009944755359624913,"[6.614579631726129e-17, 7.669533057178075e-19, 2.4694778238859374e-19]",6.615070348095322e-17,6.82776636242618e-17,4.8074067159589095e-17,5.551115123125783e-17,"[6.1951383562423645e-09, 2.0809586363536732e-07, 1.5101188829344653e-19]",2.0818805969940385e-07,2.1378148142145583e-07,0.0,0.0
A_best-combined_motor3_70-eta100,tail_18_20,False,,"[-0.0009512197939623873, -5.3965235744859366e-05]",0.0009527493600600553,0.0009611411445173087,0.00012673182942417657,0.0011941831670812446,-0.0002683068825917506,0.0002683068825917506,0.0002717997947877626,4.343437809577247e-05,0.00034838895677402615,0.0009988330331595525,-1.1183481881716934e-21,-8.933550615572699e-23,200,18.01,20.0,0.00022766190384294785,7.571193612598258e-05,0.003620139638874493,0.001011701612877477,0.002539686441684949,0.00029111230454984617,0.0005709270519290552,0.0005885884119171922,0.03271171048538125,0.03372363187316272,[0.0],[0.0],0.0,[0.0],[0.0],0.0,[0.0],[0.0],0.0,[0.0],[0.0],0.0,[0.0],[0.0],0.0,[0.0],[0.0],0.0,[0.0],[0.0],0.0,[0.0],[0.0],0.0,"[0.055700928879023184, 0.004098705424492016, 0.023155428582587546]",0.05585152517293292,0.023155428582587546,every physics interval; dwell = interval count * physics_dt,0.002,"[0.0, 0.0, 0.0, 0.0]","[0.0, 0.0, 0.0, 0.0]",0.0,"[0.0, 0.0, 0.0, 0.0]","[0.0, 0.0, 0.0, 0.0]",0.0,"[0.0, 0.0, 0.0, 0.0]","[0.0, 0.0, 0.0, 0.0]",0.0,"[0.0, 0.0, 0.0, 0.0]","[0.0, 0.0, 0.0, 0.0]",0.0,"[0.0, 0.0, 0.0, 0.0]","[0.0, 0.0, 0.0, 0.0]",0.0,"[0.0, 0.0, 0.0, 0.0]","[0.0, 0.0, 0.0, 0.0]",0.0,"[0.0, 0.0, 0.0, 0.0]","[0.0, 0.0, 0.0, 0.0]",0.0,"[0.0, 0.0, 0.0, 0.0]","[0.0, 0.0, 0.0, 0.0]",0.0,"[0.1082569269608978, 0.12906394847764513, 0.12906422688769398, 0.10825753072035511]","[0.09174125867260521, 0.0709336935157937, 0.0709339134252008, 0.09174199336293853]","[0.550458799556318, 0.6057937992932464, 0.6057945230153838, 0.5504604462810303]","[0.44953625185495083, 0.3942000711216278, 0.39420064277000577, 0.44953825568107486]","[0.0917413191262452, 0.07093376019919453, 0.07093396515308265, 0.09174200743190788]","[0.2, 0.2, 0.2, 0.2]","[0.2, 0.2, 0.2, 0.2]","[0.2, 0.2, 0.2, 0.2]","[0.2, 0.2, 0.2, 0.2]","[1.7229766627545618e-07, 2.147681527965117e-07, 1.703059708353669e-07, 3.723802075339815e-08]","[0.0011837872932979516, 0.0007916202777424919]","[0.0021752953634534135, 0.0015527896435239578]",1000,"body origin, body frame; no gravity/external torque","[3.0339791113181017e-12, 2.0807369641542974e-07, 2.428990857823749e-19]",2.0807369643754932e-07,2.0807881609379306e-07,4.9495281484809886e-17,5.551115123125783e-17,"[7.024706484848931e-09, 6.772725898964306e-09, 7.168310693770695e-10]",9.784179274870464e-09,1.9939923609063055e-08,5.780088673652866e-07,1.1411541034345163e-06,"[7.0240051056899195e-09, 2.0755413705356253e-07, 7.168310693942505e-10]",2.076741926734178e-07,2.2018368700173148e-07,5.780088673605111e-07,1.1411541033790051e-06,"[6.614528180569578e-17, 6.741261870213145e-19, 2.519299831891446e-19]",6.61491966692519e-17,6.883519457449748e-17,4.9495281484809886e-17,5.551115123125783e-17,"[3.033980682673581e-12, 2.0807369641578396e-07, 1.5332934166833742e-19]",2.0807369643790388e-07,2.0807881609466222e-07,0.0,0.0
A_best-combined_motor3_70-eta100,pre_second_28_30,False,,"[-9.432262936675493e-05, -3.490670319436937e-06]",9.438719823120728e-05,9.522207278060357e-05,1.2581730989706845e-05,0.00011769522004169892,-1.318858868270989e-05,1.318858868270989e-05,1.3431199932515536e-05,2.541310721950769e-06,1.80299816887608e-05,9.616465190630998e-05,-4.988933069460448e-24,8.077935669463161e-27,200,28.01,30.0,2.2052205035059563e-05,4.482954234335281e-06,0.000358857354919538,4.9244253301680586e-05,9.509520818976462e-05,7.31715108985165e-06,0.0005172944505567852,0.0005185404020170788,0.02963878878244263,0.029710176542595612,[0.0],[0.0],0.0,[0.0],[0.0],0.0,[0.0],[0.0],0.0,[0.0],[0.0],0.0,[0.0],[0.0],0.0,[0.0],[0.0],0.0,[0.0],[0.0],0.0,[0.0],[0.0],0.0,"[0.05628615222312086, 0.00412657482755468, 0.023284851554288385]",0.05643721779014041,0.023284851554288385,every physics interval; dwell = interval count * physics_dt,0.002,"[0.0, 0.0, 0.0, 0.0]","[0.0, 0.0, 0.0, 0.0]",0.0,"[0.0, 0.0, 0.0, 0.0]","[0.0, 0.0, 0.0, 0.0]",0.0,"[0.0, 0.0, 0.0, 0.0]","[0.0, 0.0, 0.0, 0.0]",0.0,"[0.0, 0.0, 0.0, 0.0]","[0.0, 0.0, 0.0, 0.0]",0.0,"[0.0, 0.0, 0.0, 0.0]","[0.0, 0.0, 0.0, 0.0]",0.0,"[0.0, 0.0, 0.0, 0.0]","[0.0, 0.0, 0.0, 0.0]",0.0,"[0.0, 0.0, 0.0, 0.0]","[0.0, 0.0, 0.0, 0.0]",0.0,"[0.0, 0.0, 0.0, 0.0]","[0.0, 0.0, 0.0, 0.0]",0.0,"[0.10825799885307345, 0.12906540379094866, 0.12906541479422315, 0.10825802635963425]","[0.09174193122168481, 0.07093451332863016, 0.07093452633463801, 0.09174194581644847]","[0.55046172308852, 0.6057975823508347, 0.605797610953584, 0.550461798111173]","[0.449538086194185, 0.39420220220350377, 0.39420223601230653, 0.44953812600060483]","[0.09174193675308706, 0.07093452267952169, 0.07093453104223807, 0.09174195300975233]","[0.2, 0.2, 0.2, 0.2]","[0.2, 0.2, 0.2, 0.2]","[0.2, 0.2, 0.2, 0.2]","[0.2, 0.2, 0.2, 0.2]","[6.784567875201683e-09, 8.541311011968854e-09, 5.664924918748631e-09, 4.435415244408412e-09]","[3.2498796035171576e-05, 3.7660553657759445e-05]","[6.157165418253962e-05, 7.262457485237257e-05]",1000,"body origin, body frame; no gravity/external torque","[1.0377434145796116e-13, 2.0807407168903174e-07, 2.242227569073697e-19]",2.0807407168905752e-07,2.0807426411731032e-07,4.933939044724272e-17,5.551115123125783e-17,"[4.4072097180206185e-10, 3.0761233513218635e-10, 3.7049622093790635e-11]",5.387327706840592e-10,1.3443237299204664e-09,2.032395561915207e-08,6.27596630220495e-08,"[4.4065920323633377e-10, 2.0808056818948608e-07, 3.7049622099895706e-11]",2.0808103808676855e-07,2.087364599755334e-07,2.0323955619292052e-08,6.275966307756065e-08,"[6.623599788974161e-17, 7.034792972761764e-19, 2.514946138477061e-19]",6.624021096820528e-17,6.903023258607412e-17,4.933939044724272e-17,5.551115123125783e-17,"[1.0377715135236183e-13, 2.0807407168936023e-07, 1.5934452603638887e-19]",2.0807407168938601e-07,2.0807426411860467e-07,0.0,0.0
A_best-combined_motor3_70-eta100,tail_58_60,False,,"[-8.512061567601108e-08, -2.8985544902051437e-09]",8.516995263117077e-08,8.621249080509634e-08,1.3366852270559339e-08,1.0386555801705956e-07,2.6307000698944094e-08,2.6307000698944094e-08,2.6423495166008135e-08,2.4784694901914878e-09,3.067995635319676e-08,9.01709191902072e-08,-7.937912858786431e-30,8.397054557528348e-32,200,58.01,60.0,4.3812980191628125e-08,6.588965502630884e-09,3.293166040620564e-07,1.0130108405538123e-07,2.561320938754782e-06,7.288618706494895e-07,0.0005124425661010113,0.0005124445371740952,0.029360796280441658,0.029360909214610476,[0.0],[0.0],0.0,[0.0],[0.0],0.0,[0.0],[0.0],0.0,[0.0],[0.0],0.0,[0.0],[0.0],0.0,[0.0],[0.0],0.0,[0.0],[0.0],0.0,[0.0],[0.0],0.0,"[0.05635011630294391, 0.0041284643835453735, 0.023288854892688993]",0.05650114888673954,0.023288865372126065,every physics interval; dwell = interval count * physics_dt,0.002,"[0.0, 0.0, 0.0, 0.0]","[0.0, 0.0, 0.0, 0.0]",0.0,"[0.0, 0.0, 0.0, 0.0]","[0.0, 0.0, 0.0, 0.0]",0.0,"[0.0, 0.0, 0.0, 0.0]","[0.0, 0.0, 0.0, 0.0]",0.0,"[0.0, 0.0, 0.0, 0.0]","[0.0, 0.0, 0.0, 0.0]",0.0,"[0.0, 0.0, 0.0, 0.0]","[0.0, 0.0, 0.0, 0.0]",0.0,"[0.0, 0.0, 0.0, 0.0]","[0.0, 0.0, 0.0, 0.0]",0.0,"[0.0, 0.0, 0.0, 0.0]","[0.0, 0.0, 0.0, 0.0]",0.0,"[0.0, 0.0, 0.0, 0.0]","[0.0, 0.0, 0.0, 0.0]",0.0,"[0.10825803988762671, 0.12906544641903395, 0.12906545312891757, 0.10825803525180522]","[0.09174193183628303, 0.07093451617932905, 0.07093452337062048, 0.09174192707676215]","[0.550461835008036, 0.6057976931615214, 0.6057977106037008, 0.550461822364087]","[0.449538087870467, 0.39420220961382857, 0.3942022283074149, 0.44953807488913433]","[0.09174193854228432, 0.07093452733307079, 0.07093453064541638, 0.09174193935207894]","[0.2, 0.2, 0.2, 0.2]","[0.2, 0.2, 0.2, 0.2]","[0.2, 0.2, 0.2, 0.2]","[0.2, 0.2, 0.2, 0.2]","[5.2442993849133034e-09, 8.595008346181013e-09, 3.900136234044735e-09, 7.451354911383242e-09]","[1.3515647469078316e-06, 7.411558867764608e-07]","[2.352849329280273e-06, 1.235949013523552e-06]",1000,"body origin, body frame; no gravity/external torque","[1.1126926167468198e-13, 2.080740960289823e-07, 2.4895007451723726e-19]",2.080740960290117e-07,2.0807421670252786e-07,4.6774527435602164e-17,5.551115123125783e-17,"[7.19783173769988e-10, 3.5688377047848454e-10, 2.882939376334499e-11]",8.039185137923485e-10,1.7036577732974795e-09,1.2192605067945858e-08,3.53461565572033e-08,"[7.196793760519859e-10, 2.0806859314586105e-07, 2.8829393761028938e-11]",2.0806983977317827e-07,2.0886856859091764e-07,1.2192605068759599e-08,3.534615650169215e-08,"[6.62761504860765e-17, 7.290806165588538e-19, 2.7657882395401934e-19]",6.628073760636927e-17,6.855628778887537e-17,4.6774527435602164e-17,5.551115123125783e-17,"[1.1127039084107182e-13, 2.080740960294302e-07, 1.517883041479706e-19]",2.0807409602945948e-07,2.0807421670187736e-07,0.0,0.0
A_best-combined_motor3_70-eta100,fault_5_60,False,,"[-0.0018639050410450971, -0.00015186944405128194]",0.0018700819046420856,0.004704480263928249,0.004316819225265366,0.02285988493270083,-0.0007797601711511794,0.0007797601711511794,0.0021097312021493026,0.0019603417612265024,0.011442970512387962,0.005155880167247173,-4.0657581468206416e-20,-8.470329472543003e-22,5500,5.01,60.0,0.001369366967413515,0.0005822895190128591,0.017830246662505603,0.007874184608833178,0.26870062043838383,0.03946443050582446,0.0006426655664566583,0.002300101857934919,0.03682202459635085,0.13178612890987013,[0.0],[0.0],0.0,[0.0],[0.0],0.0,[0.0],[0.0],0.0,[0.0],[0.0],0.0,[0.0],[0.0],0.0,[0.0],[0.0],0.0,[0.0],[0.0],0.0,[0.0],[0.0],0.0,"[0.05635011630294391, 0.0041284643835453735, 0.023288854892688993]",0.05650114888673954,0.02328938950256802,every physics interval; dwell = interval count * physics_dt,0.002,"[0.0, 0.0, 0.0, 0.0]","[0.0, 0.0, 0.0, 0.0]",0.0,"[0.0, 0.0, 0.0, 0.0]","[0.0, 0.0, 0.0, 0.0]",0.0,"[0.0, 0.0, 0.0, 0.0]","[0.0, 0.0, 0.0, 0.0]",0.0,"[0.0, 0.0, 0.0, 0.0]","[0.0, 0.0, 0.0, 0.0]",0.0,"[0.0, 0.0, 0.0, 0.0]","[0.0, 0.0, 0.0, 0.0]",0.0,"[0.0, 0.0, 0.0, 0.0]","[0.0, 0.0, 0.0, 0.0]",0.0,"[0.0, 0.0, 0.0, 0.0]","[0.0, 0.0, 0.0, 0.0]",0.0,"[0.0, 0.0, 0.0, 0.0]","[0.0, 0.0, 0.0, 0.0]",0.0,"[0.10800634111957783, 0.1286988495678209, 0.12890677121764682, 0.10809056235906435]","[0.09152857536862438, 0.07057808675520136, 0.07077327004974093, 0.09152881561744765]","[0.5497751057686987, 0.6048443927711515, 0.6053851570467649, 0.5500049453703544]","[0.44895633779053123, 0.3932760006123117, 0.39378311991088777, 0.4489569926781043]","[0.09162236230152518, 0.07073912225315157, 0.07080609580032435, 0.09164957589268871]","[0.2, 0.2, 0.2, 0.2]","[0.2, 0.2, 0.2, 0.2]","[0.2, 0.2, 0.2, 0.2]","[0.2, 0.2, 0.2, 0.2]","[1.4113491229105961e-05, 2.2408634498233698e-05, 6.4759874437841905e-06, 1.3594082407779362e-05]","[0.028299565188255292, 0.0187299950361731]","[0.2293740206958088, 0.16546632422891258]",27500,"body origin, body frame; no gravity/external torque","[2.9984598657611077e-10, 2.0807188911182246e-07, 2.4257127154204213e-19]",2.0807210516110778e-07,2.0955934115175122e-07,4.849758428934221e-17,5.551115123125783e-17,"[1.886347303946725e-06, 6.399247258054144e-07, 1.8989297892527968e-08]",1.992026706457187e-06,2.6325645036333885e-05,2.2992806688615073e-05,0.0003375223977199471,"[1.88607542440499e-06, 6.739775860385847e-07, 1.898929789252368e-08]",2.002969517107368e-06,2.6393729488185424e-05,2.2992806688615324e-05,0.0003375223977199471,"[6.624193039142736e-17, 7.033608001762765e-19, 2.5771082208950723e-19]",6.624616572501179e-17,6.918249345293931e-17,4.849758428934221e-17,5.551115123125783e-17,"[2.998459861823578e-10, 2.080718891121962e-07, 1.592908656455639e-19]",2.0807210516149098e-07,2.0955934115395652e-07,0.0,0.0
A_best-combined_motor3_70-eta100,full_0_60,True,,,,,,,,,,,,,,,,,,,,,,,,,,,,,,,,,,,,,,,,,,,,,,,,,,,,,,,,,,,,,,,,,,,,,,,,,,,,,,,,,,,,,,,,,,,,,,,,,,,,,,,,,,,,,,,,,,,,,,,
A_best-combined_motor3_70-eta100,pre_3_5,True,,,,,,,,,,,,,,,,,,,,,,,,,,,,,,,,,,,,,,,,,,,,,,,,,,,,,,,,,,,,,,,,,,,,,,,,,,,,,,,,,,,,,,,,,,,,,,,,,,,,,,,,,,,,,,,,,,,,,,,
A_best-combined_motor3_70-eta100,tail_18_20,True,,,,,,,,,,,,,,,,,,,,,,,,,,,,,,,,,,,,,,,,,,,,,,,,,,,,,,,,,,,,,,,,,,,,,,,,,,,,,,,,,,,,,,,,,,,,,,,,,,,,,,,,,,,,,,,,,,,,,,,
A_best-combined_motor3_70-eta100,pre_second_28_30,True,,,,,,,,,,,,,,,,,,,,,,,,,,,,,,,,,,,,,,,,,,,,,,,,,,,,,,,,,,,,,,,,,,,,,,,,,,,,,,,,,,,,,,,,,,,,,,,,,,,,,,,,,,,,,,,,,,,,,,,
A_best-combined_motor3_70-eta100,tail_58_60,True,,,,,,,,,,,,,,,,,,,,,,,,,,,,,,,,,,,,,,,,,,,,,,,,,,,,,,,,,,,,,,,,,,,,,,,,,,,,,,,,,,,,,,,,,,,,,,,,,,,,,,,,,,,,,,,,,,,,,,,
A_best-combined_motor3_70-eta100,fault_5_60,True,,,,,,,,,,,,,,,,,,,,,,,,,,,,,,,,,,,,,,,,,,,,,,,,,,,,,,,,,,,,,,,,,,,,,,,,,,,,,,,,,,,,,,,,,,,,,,,,,,,,,,,,,,,,,,,,,,,,,,,
A_best-combined_motor3_70-eta095,full_0_60,False,,"[-0.004695843053527646, -0.00034403860562977416]",0.004708429095306366,0.011760533695809705,0.010776866347169256,0.052114797434782804,-0.0019407378958587807,0.0019407378958587807,0.004888820601726386,0.004487104110163026,0.020439858015710022,0.012736197222332097,-1.2874900798265365e-18,5.759824041329242e-20,6000,0.01,60.0,0.011019416561262995,0.0043799610469395294,0.04832557731894128,0.020043578756357358,4.86361013410053,1.4236175161028919,0.0005292881571864925,0.008848879173042994,0.03032597755304293,0.5070034300365776,[0.0],[0.0],0.0,[0.0],[0.0],0.0,[0.0],[0.0],0.0,[0.0],[0.0],0.0,[0.0],[0.0],0.0,[0.0],[0.0],0.0,[0.0],[0.0],0.0,[0.0],[0.0],0.0,"[0.056350116515291565, 0.004128463268433778, 0.023288854791826564]",0.056501149017039835,0.023289403168223623,every physics interval; dwell = interval count * physics_dt,0.002,"[0.0, 0.0, 0.0, 0.0]","[0.0, 0.0, 0.0, 0.0]",0.0,"[0.0, 0.0, 0.0, 0.0]","[0.0, 0.0, 0.0, 0.0]",0.0,"[0.0, 0.0, 0.0, 0.0]","[0.0, 0.0, 0.0, 0.0]",0.0,"[0.0, 0.0, 0.0, 0.0]","[0.0, 0.0, 0.0, 0.0]",0.0,"[0.0, 0.0, 0.0, 0.0]","[0.0, 0.0, 0.0, 0.0]",0.0,"[0.0, 0.0, 0.0, 0.0]","[0.0, 0.0, 0.0, 0.0]",0.0,"[0.0, 0.0, 0.0, 0.0]","[0.0, 0.0, 0.0, 0.0]",0.0,"[0.0, 0.0, 0.0, 0.0]","[0.0, 0.0, 0.0, 0.0]",0.0,"[0.08418753465951907, 0.10671204466234556, 0.10665261868665019, 0.09130631555671727]","[0.05270783942023771, 0.04202590763741845, 0.049785635527109434, 0.07493880754427323]","[0.48230391410062534, 0.5462362977132903, 0.5460735141764886, 0.5030427502987656]","[0.3475755936802343, 0.3208338113506273, 0.3402228625983901, 0.40465283222265314]","[0.07107721426134683, 0.05432990417688274, 0.05836853761349409, 0.08260530391638779]","[0.2, 0.2, 0.2, 0.2]","[0.2, 0.2, 0.2, 0.2]","[0.2, 0.2, 0.19, 0.2]","[0.2, 0.2, 0.2, 0.2]","[0.001463803067473363, 0.0012065718690740202, 0.0008565448715983933, 0.0007141532366286498]","[0.14846133813160664, 0.34222807059930854]","[1.105596180879484, 4.842587148145286]",30000,"body origin, body frame; no gravity/external torque","[1.1823431060033448e-08, 2.088630160247901e-07, 1.495851438310355e-18]",2.0919740195567108e-07,5.561258797905092e-07,4.142312379721502e-17,5.551115123125783e-17,"[7.60080218907184e-05, 0.00010364689110003716, 8.548394154761276e-06]",0.0001288137122711301,0.002576115342067975,0.002015484104711014,0.043238995773283995,"[7.599709740058778e-05, 0.00010363071678803997, 8.54839415476128e-06]",0.0001287942518823841,0.002575589081033132,0.0020154841047110143,0.043238995773283995,"[6.158641119511754e-17, 1.7023155756198587e-17, 1.4968259348765045e-18]",6.391333478761067e-17,9.043138607522249e-17,4.142312379721502e-17,5.551115123125783e-17,"[1.1823431060393123e-08, 2.0886301604104797e-07, 1.5129703673572949e-19]",2.0919740197192736e-07,5.561258797961317e-07,0.0,0.0
A_best-combined_motor3_70-eta095,pre_3_5,False,,"[-0.02973856406313486, -0.0025841458025280288]",0.02985062816869855,0.030131056072998035,0.004101284921613264,0.035938518658858054,-0.01447063476884988,0.01447063476884988,0.014595220986135252,0.0019029464050981753,0.017994832098413016,0.033479859851980785,6.776263578034403e-20,-1.9185296255309903e-19,200,3.0100000000000002,5.0,0.010637485354529021,0.0033973823107579376,0.11444676190307182,0.05507526932652865,0.5990580907876889,0.09402338798759814,0.002037674298540851,0.0025252845080633,0.11675013732867129,0.1446881443817974,[0.0],[0.0],0.0,[0.0],[0.0],0.0,[0.0],[0.0],0.0,[0.0],[0.0],0.0,[0.0],[0.0],0.0,[0.0],[0.0],0.0,[0.0],[0.0],0.0,[0.0],[0.0],0.0,"[0.035801418324977685, 0.0024555539071012284, 0.014688544504699476]",0.03588553049727324,0.014688544504699476,every physics interval; dwell = interval count * physics_dt,0.002,"[0.0, 0.0, 0.0, 0.0]","[0.0, 0.0, 0.0, 0.0]",0.0,"[0.0, 0.0, 0.0, 0.0]","[0.0, 0.0, 0.0, 0.0]",0.0,"[0.0, 0.0, 0.0, 0.0]","[0.0, 0.0, 0.0, 0.0]",0.0,"[0.0, 0.0, 0.0, 0.0]","[0.0, 0.0, 0.0, 0.0]",0.0,"[0.0, 0.0, 0.0, 0.0]","[0.0, 0.0, 0.0, 0.0]",0.0,"[0.0, 0.0, 0.0, 0.0]","[0.0, 0.0, 0.0, 0.0]",0.0,"[0.0, 0.0, 0.0, 0.0]","[0.0, 0.0, 0.0, 0.0]",0.0,"[0.0, 0.0, 0.0, 0.0]","[0.0, 0.0, 0.0, 0.0]",0.0,"[0.1075136769941142, 0.12795563074405034, 0.12880521964419664, 0.10749292233366971]","[0.09097477038764368, 0.06965821113726708, 0.07068932356081334, 0.09105847084085449]","[0.5484295682149811, 0.6029096173897058, 0.6051210683632064, 0.5483728443941563]","[0.447447862095005, 0.3908885739912954, 0.39356498918714666, 0.4476757047041333]","[0.09140343801828132, 0.07038821476083523, 0.0707786972249487, 0.09147396633469046]","[0.2, 0.2, 0.2, 0.2]","[0.2, 0.2, 0.2, 0.2]","[0.2, 0.2, 0.2, 0.2]","[0.2, 0.2, 0.2, 0.2]","[0.00028390734280996706, 0.00046059329539348124, 9.848848709644325e-05, 0.00028596576861140765]","[0.2955164362240578, 0.13552590298261966]","[0.5711069415389705, 0.20914981820416145]",1000,"body origin, body frame; no gravity/external torque","[6.195138356178489e-09, 2.08095863634974e-07, 2.4744684234955073e-19]",2.0818805969900847e-07,2.1378148141720287e-07,4.8074067159589095e-17,5.551115123125783e-17,"[3.967350874208205e-05, 1.3104214376210287e-05, 1.64249614645901e-07]",4.17819902381594e-05,0.00010571921327651156,0.0003740871909306649,0.0009944755359624358,"[3.96677852242471e-05, 1.3101221739550455e-05, 1.6424961464591205e-07]",4.177561697451967e-05,0.00010577214033357305,0.00037408719093066564,0.0009944755359624913,"[6.614579631726129e-17, 7.669533057178075e-19, 2.4694778238859374e-19]",6.615070348095322e-17,6.82776636242618e-17,4.8074067159589095e-17,5.551115123125783e-17,"[6.1951383562423645e-09, 2.0809586363536732e-07, 1.5101188829344653e-19]",2.0818805969940385e-07,2.1378148142145583e-07,0.0,0.0
A_best-combined_motor3_70-eta095,tail_18_20,False,,"[-0.0009469051506119106, -6.0009545015471e-05]",0.0009488047795770892,0.0009571303866784397,0.0001259685173163986,0.0011873877418807164,-0.00026255996218361056,0.00026255996218361056,0.0002659969516723321,4.262211347544765e-05,0.000341541506099996,0.0009934047289006595,-1.1878313596261477e-21,2.9158116592494226e-23,200,18.01,20.0,0.00022463344209887684,7.433106585292479e-05,0.003605623874512233,0.000989774567039831,0.0019155790738672523,0.00022152825547191464,0.0005699249879575794,0.0005863433724044894,0.03265429644901357,0.03359500058424474,[0.0],[0.0],0.0,[0.0],[0.0],0.0,[0.0],[0.0],0.0,[0.0],[0.0],0.0,[0.0],[0.0],0.0,[0.0],[0.0],0.0,[0.0],[0.0],0.0,[0.0],[0.0],0.0,"[0.05570404284344086, 0.004094421426932596, 0.02315872504212077]",0.055854316537983166,0.02315872504212077,every physics interval; dwell = interval count * physics_dt,0.002,"[0.0, 0.0, 0.0, 0.0]","[0.0, 0.0, 0.0, 0.0]",0.0,"[0.0, 0.0, 0.0, 0.0]","[0.0, 0.0, 0.0, 0.0]",0.0,"[0.0, 0.0, 0.0, 0.0]","[0.0, 0.0, 0.0, 0.0]",0.0,"[0.0, 0.0, 0.0, 0.0]","[0.0, 0.0, 0.0, 0.0]",0.0,"[0.0, 0.0, 0.0, 0.0]","[0.0, 0.0, 0.0, 0.0]",0.0,"[0.0, 0.0, 0.0, 0.0]","[0.0, 0.0, 0.0, 0.0]",0.0,"[0.0, 0.0, 0.0, 0.0]","[0.0, 0.0, 0.0, 0.0]",0.0,"[0.0, 0.0, 0.0, 0.0]","[0.0, 0.0, 0.0, 0.0]",0.0,"[0.10825711724017159, 0.12906424874102593, 0.13585742655710523, 0.10825733715710945]","[0.0917413626276929, 0.07093369524744064, 0.06414116024347258, 0.09174186536236931]","[0.5504593185341226, 0.6057945798227266, 0.6233413017777903, 0.5504599183469341]","[0.44953653538630234, 0.39420007562299486, 0.3766550702951377, 0.4495379065665098]","[0.0917414954812831, 0.07093392985800001, 0.06093419526022581, 0.09174200744549736]","[0.2, 0.2, 0.2, 0.2]","[0.2, 0.2, 0.2, 0.2]","[0.2, 0.2, 0.19, 0.2]","[0.2, 0.2, 0.19, 0.2]","[1.612994772022464e-07, 2.26755312583909e-07, 1.3492262766894064e-07, 1.0588699855233468e-07]","[0.0008341855377470298, 0.0006032188983313805]","[0.0014760495030086004, 0.0012231937227922872]",1000,"body origin, body frame; no gravity/external torque","[3.0288439450592253e-12, 2.0807375794953987e-07, 1.5711074033553384e-18]",2.0807375797158465e-07,2.0807854744890186e-07,3.865904340312231e-17,5.551115123125783e-17,"[1.5060120938068716e-08, 6.7852112312598985e-09, 5.158808749380689e-10]",1.6526114703680296e-08,4.7451238815194285e-08,4.4107237851812414e-07,1.1133555522513383e-06,"[1.5058052793298615e-08, 2.0769234573036124e-07, 5.158808748276819e-10]",2.082381366656518e-07,2.2624457441791307e-07,4.4107237852226555e-07,1.1133555522513383e-06,"[6.112953354189543e-17, 1.790467894077054e-17, 1.5715502716876826e-18]",6.37170869490926e-17,6.594476674050192e-17,3.865904340312231e-17,5.551115123125783e-17,"[3.028846658696711e-12, 2.0807375796742717e-07, 1.6226852269746972e-19]",2.0807375798947184e-07,2.08078547466685e-07,0.0,0.0
A_best-combined_motor3_70-eta095,pre_second_28_30,False,,"[-9.384781209826897e-05, -4.128882157421787e-06]",9.393859432364249e-05,9.477128654273006e-05,1.2535439739489357e-05,0.00011715126160738658,-1.27883431827025e-05,1.27883431827025e-05,1.3025854513248761e-05,2.4761188262580666e-06,1.7509030482809607e-05,9.56622686264787e-05,2.5590900200859294e-24,-1.5348077771980006e-26,200,28.01,30.0,2.1942738079458443e-05,4.371990698196959e-06,0.0003571535643806064,4.7732872377463945e-05,7.725590104845832e-05,5.475396954065901e-06,0.0005172091821474774,0.0005184503989720642,0.0296339032624635,0.029705019747972954,[0.0],[0.0],0.0,[0.0],[0.0],0.0,[0.0],[0.0],0.0,[0.0],[0.0],0.0,[0.0],[0.0],0.0,[0.0],[0.0],0.0,[0.0],[0.0],0.0,[0.0],[0.0],0.0,"[0.056286493345887506, 0.004126135001212933, 0.02328505679469753]",0.05643752584251787,0.02328505679469753,every physics interval; dwell = interval count * physics_dt,0.002,"[0.0, 0.0, 0.0, 0.0]","[0.0, 0.0, 0.0, 0.0]",0.0,"[0.0, 0.0, 0.0, 0.0]","[0.0, 0.0, 0.0, 0.0]",0.0,"[0.0, 0.0, 0.0, 0.0]","[0.0, 0.0, 0.0, 0.0]",0.0,"[0.0, 0.0, 0.0, 0.0]","[0.0, 0.0, 0.0, 0.0]",0.0,"[0.0, 0.0, 0.0, 0.0]","[0.0, 0.0, 0.0, 0.0]",0.0,"[0.0, 0.0, 0.0, 0.0]","[0.0, 0.0, 0.0, 0.0]",0.0,"[0.0, 0.0, 0.0, 0.0]","[0.0, 0.0, 0.0, 0.0]",0.0,"[0.0, 0.0, 0.0, 0.0]","[0.0, 0.0, 0.0, 0.0]",0.0,"[0.10825801023282924, 0.12906540961359944, 0.13585834051514897, 0.108258021417499]","[0.09174193114937039, 0.07093452350712404, 0.06414160856241316, 0.09174194429900102]","[0.550461754126188, 0.6057975974866762, 0.6233436480670075, 0.5504617846317674]","[0.449538085996951, 0.39420222866225285, 0.37665622120634934, 0.4495381218618498]","[0.0917419400743746, 0.0709345321520215, 0.06093453642154484, 0.0917419531722953]","[0.2, 0.2, 0.2, 0.2]","[0.2, 0.2, 0.2, 0.2]","[0.2, 0.2, 0.19, 0.2]","[0.2, 0.2, 0.19, 0.2]","[7.18812731536821e-09, 7.827757383700359e-09, 5.584626975220471e-09, 5.46369776360434e-09]","[2.33357995239888e-05, 3.401017005110673e-05]","[4.5485999837672944e-05, 6.246442580918587e-05]",1000,"body origin, body frame; no gravity/external torque","[9.960264452358912e-14, 2.080740705651987e-07, 1.5697372307330158e-18]",2.0807407056522226e-07,2.0807424829526662e-07,4.0029660424867215e-17,5.551115123125783e-17,"[5.243782406296162e-10, 3.5913675332963876e-10, 3.923827467538849e-11]",6.367820577226296e-10,1.5696691540353534e-09,1.7806074688063446e-08,5.8060823759920055e-08,"[5.243019198496689e-10, 2.0807527134982153e-07, 3.92382747110819e-11]",2.0807593560872723e-07,2.089707145527126e-07,1.7806074692668466e-08,5.8060823759920055e-08,"[6.108445203704792e-17, 1.779834687314123e-17, 1.5688083845991428e-18]",6.364395173015777e-17,6.557639830009634e-17,4.0029660424867215e-17,5.551115123125783e-17,"[9.960472957111495e-14, 2.080740705829797e-07, 1.5636586103463756e-19]",2.0807407058300317e-07,2.0807424831261388e-07,0.0,0.0
A_best-combined_motor3_70-eta095,tail_58_60,False,,"[-8.512235967907075e-08, -2.9842271201824117e-09]",8.517465426309591e-08,8.622692190794814e-08,1.3429829964726713e-08,1.0254708520959052e-07,2.7491920718825114e-08,2.7491920718825114e-08,2.7741044672154896e-08,3.709427811984966e-09,3.271239390478797e-08,9.057950994138731e-08,-5.226203497089203e-30,4.807121141190541e-31,200,58.01,60.0,4.796829732457287e-08,7.909274761929795e-09,3.294076845147362e-07,1.0531224203341069e-07,2.699869328381916e-06,6.532296268278703e-07,0.0005124407551451878,0.0005124437500570723,0.029360692520316086,0.029360864116127084,[0.0],[0.0],0.0,[0.0],[0.0],0.0,[0.0],[0.0],0.0,[0.0],[0.0],0.0,[0.0],[0.0],0.0,[0.0],[0.0],0.0,[0.0],[0.0],0.0,[0.0],[0.0],0.0,"[0.056350116515291565, 0.004128463268433778, 0.023288854791826564]",0.056501149017039835,0.023288865747073773,every physics interval; dwell = interval count * physics_dt,0.002,"[0.0, 0.0, 0.0, 0.0]","[0.0, 0.0, 0.0, 0.0]",0.0,"[0.0, 0.0, 0.0, 0.0]","[0.0, 0.0, 0.0, 0.0]",0.0,"[0.0, 0.0, 0.0, 0.0]","[0.0, 0.0, 0.0, 0.0]",0.0,"[0.0, 0.0, 0.0, 0.0]","[0.0, 0.0, 0.0, 0.0]",0.0,"[0.0, 0.0, 0.0, 0.0]","[0.0, 0.0, 0.0, 0.0]",0.0,"[0.0, 0.0, 0.0, 0.0]","[0.0, 0.0, 0.0, 0.0]",0.0,"[0.0, 0.0, 0.0, 0.0]","[0.0, 0.0, 0.0, 0.0]",0.0,"[0.0, 0.0, 0.0, 0.0]","[0.0, 0.0, 0.0, 0.0]",0.0,"[0.10825803662629832, 0.1290654396140259, 0.13585837263592793, 0.10825803607952776]","[0.09174192388719919, 0.07093451018677216, 0.06414160405012237, 0.09174193120049831]","[0.5504618261129411, 0.6057976754720671, 0.6233437305265647, 0.5504618246216542]","[0.4495380661897749, 0.3942021940363215, 0.3766562096225241, 0.4495380861363971]","[0.09174193712806457, 0.07093452579934201, 0.06093453201029861, 0.09174193935502772]","[0.2, 0.2, 0.2, 0.2]","[0.2, 0.2, 0.2, 0.2]","[0.2, 0.2, 0.19, 0.2]","[0.2, 0.2, 0.19, 0.2]","[6.050992683863658e-09, 9.768603149178887e-09, 4.220127231302217e-09, 5.699115724611214e-09]","[1.4065989625210011e-06, 9.827421659480407e-07]","[2.456452066267389e-06, 1.7966940528384577e-06]",1000,"body origin, body frame; no gravity/external torque","[1.0382566908776564e-13, 2.0807409522143076e-07, 1.5451899138536373e-18]",2.0807409522145596e-07,2.080742008800765e-07,3.9836745275876674e-17,5.551115123125783e-17,"[6.711752830549787e-10, 3.777230603328851e-10, 3.631589145920403e-11]",7.710186864555536e-10,1.7417588058351554e-09,1.4512004952885062e-08,5.4179109254537394e-08,"[6.710783943696505e-10, 2.080750943705269e-07, 3.6315891468882454e-11]",2.0807617970916095e-07,2.0933567097596887e-07,1.4512004953530032e-08,5.4179109254537394e-08,"[6.108805339699933e-17, 1.7683260987181347e-17, 1.5409336214716043e-18]",6.361464032281553e-17,6.552659093286724e-17,3.9836745275876674e-17,5.551115123125783e-17,"[1.0382526594119542e-13, 2.080740952390974e-07, 1.486583122313011e-19]",2.0807409523912305e-07,2.080742008980708e-07,0.0,0.0
A_best-combined_motor3_70-eta095,fault_5_60,False,,"[-0.0018639050598845733, -0.0001518693414628245]",0.0018700819150881244,0.004719294319936908,0.004332958863069107,0.023326856778570777,-0.0007797601621493222,0.0007797601621493222,0.002132088612479784,0.0019843830126744276,0.011665665597035857,0.005178565508869685,-2.710505431213761e-20,-3.3881317890172014e-21,5500,5.01,60.0,0.0013724735915876122,0.0007175815159776917,0.017893014255606056,0.007980975898562363,0.5775180983577038,0.2284415516746461,0.0006327977521957368,0.0021425818720494033,0.036256640486181047,0.12276089852966977,[0.0],[0.0],0.0,[0.0],[0.0],0.0,[0.0],[0.0],0.0,[0.0],[0.0],0.0,[0.0],[0.0],0.0,[0.0],[0.0],0.0,[0.0],[0.0],0.0,[0.0],[0.0],0.0,"[0.056350116515291565, 0.004128463268433778, 0.023288854791826564]",0.056501149017039835,0.023289403168223623,every physics interval; dwell = interval count * physics_dt,0.002,"[0.0, 0.0, 0.0, 0.0]","[0.0, 0.0, 0.0, 0.0]",0.0,"[0.0, 0.0, 0.0, 0.0]","[0.0, 0.0, 0.0, 0.0]",0.0,"[0.0, 0.0, 0.0, 0.0]","[0.0, 0.0, 0.0, 0.0]",0.0,"[0.0, 0.0, 0.0, 0.0]","[0.0, 0.0, 0.0, 0.0]",0.0,"[0.0, 0.0, 0.0, 0.0]","[0.0, 0.0, 0.0, 0.0]",0.0,"[0.0, 0.0, 0.0, 0.0]","[0.0, 0.0, 0.0, 0.0]",0.0,"[0.0, 0.0, 0.0, 0.0]","[0.0, 0.0, 0.0, 0.0]",0.0,"[0.0, 0.0, 0.0, 0.0]","[0.0, 0.0, 0.0, 0.0]",0.0,"[0.10215642373413455, 0.12286549612830852, 0.13358493154689205, 0.10335639387159277]","[0.08233829411022342, 0.06545536731764776, 0.0573203720207896, 0.08560016194799853]","[0.5336770541299698, 0.5895800700475318, 0.6174957192438405, 0.5370013026654463]","[0.42419901048212516, 0.38003274838046885, 0.35924447002304205, 0.4329210711133773]","[0.08727786141770655, 0.06901787128612982, 0.05836853761349409, 0.08853324081697811]","[0.2, 0.2, 0.2, 0.2]","[0.2, 0.2, 0.2, 0.2]","[0.2, 0.2, 0.19, 0.2]","[0.2, 0.2, 0.19, 0.2]","[0.00034368593254273193, 0.00035644132988907877, 0.00025468613537190196, 0.0002591174416396115]","[0.02025784062076192, 0.035990397556549265]","[0.23136602262693862, 0.5314998674628585]",27500,"body origin, body frame; no gravity/external torque","[4.6780114867604425e-09, 2.0812627971350887e-07, 1.5608013839896814e-18]",2.0817884642502917e-07,2.7052493099040106e-07,4.091562466194968e-17,5.551115123125783e-17,"[3.0800382008702086e-05, 2.1548744171483497e-05, 2.3592895084831515e-06]",3.766401670341166e-05,0.0006378061427300407,0.0004422024766030242,0.01099175573154465,"[3.0796048031750053e-05, 2.1544884712015073e-05, 2.35928950848313e-06]",3.765826441317656e-05,0.0006375956636159488,0.000442202476603025,0.01099175573154465,"[6.114009006853178e-17, 1.7777987561007968e-17, 1.5616835861518166e-18]",6.36914932383492e-17,6.911652824730363e-17,4.091562466194968e-17,5.551115123125783e-17,"[4.678011486443189e-09, 2.0812627973126456e-07, 1.511957645895196e-19]",2.0817884644277596e-07,2.7052493099359893e-07,0.0,0.0
A_best-combined_motor3_70-eta095,full_0_60,True,,,,,,,,,,,,,,,,,,,,,,,,,,,,,,,,,,,,,,,,,,,,,,,,,,,,,,,,,,,,,,,,,,,,,,,,,,,,,,,,,,,,,,,,,,,,,,,,,,,,,,,,,,,,,,,,,,,,,,,
A_best-combined_motor3_70-eta095,pre_3_5,True,,,,,,,,,,,,,,,,,,,,,,,,,,,,,,,,,,,,,,,,,,,,,,,,,,,,,,,,,,,,,,,,,,,,,,,,,,,,,,,,,,,,,,,,,,,,,,,,,,,,,,,,,,,,,,,,,,,,,,,
A_best-combined_motor3_70-eta095,tail_18_20,True,,,,,,,,,,,,,,,,,,,,,,,,,,,,,,,,,,,,,,,,,,,,,,,,,,,,,,,,,,,,,,,,,,,,,,,,,,,,,,,,,,,,,,,,,,,,,,,,,,,,,,,,,,,,,,,,,,,,,,,
A_best-combined_motor3_70-eta095,pre_second_28_30,True,,,,,,,,,,,,,,,,,,,,,,,,,,,,,,,,,,,,,,,,,,,,,,,,,,,,,,,,,,,,,,,,,,,,,,,,,,,,,,,,,,,,,,,,,,,,,,,,,,,,,,,,,,,,,,,,,,,,,,,
A_best-combined_motor3_70-eta095,tail_58_60,True,,,,,,,,,,,,,,,,,,,,,,,,,,,,,,,,,,,,,,,,,,,,,,,,,,,,,,,,,,,,,,,,,,,,,,,,,,,,,,,,,,,,,,,,,,,,,,,,,,,,,,,,,,,,,,,,,,,,,,,
A_best-combined_motor3_70-eta095,fault_5_60,True,,,,,,,,,,,,,,,,,,,,,,,,,,,,,,,,,,,,,,,,,,,,,,,,,,,,,,,,,,,,,,,,,,,,,,,,,,,,,,,,,,,,,,,,,,,,,,,,,,,,,,,,,,,,,,,,,,,,,,,
A_best-combined_motor3_70-eta090,full_0_60,False,,"[-0.004695843093769808, -0.00034403861990433984]",0.0047084291364839805,0.011767368103962544,0.010784324140198307,0.052114797434782804,-0.0019407378682202922,0.0019407378682202922,0.004900010011534613,0.004499292682188524,0.020439858015710022,0.012746805490290282,-2.303929616531697e-19,0.0,6000,0.01,60.0,0.01105709040988149,0.004432360926090881,0.04836085790175625,0.020098797420426244,4.86361013410053,1.4236175161028919,0.0005213441174420737,0.008848879173042994,0.029870817603403554,0.5070034300365776,[0.0],[0.0],0.0,[0.0],[0.0],0.0,[0.0],[0.0],0.0,[0.0],[0.0],0.0,[0.0],[0.0],0.0,[0.0],[0.0],0.0,[0.0],[0.0],0.0,[0.0],[0.0],0.0,"[0.05635011698788086, 0.004128463421455955, 0.023288854460076315]",0.05650114949954699,0.02328942476834308,every physics interval; dwell = interval count * physics_dt,0.002,"[0.0, 0.0, 0.0, 0.0]","[0.0, 0.0, 0.0, 0.0]",0.0,"[0.0, 0.0, 0.0, 0.0]","[0.0, 0.0, 0.0, 0.0]",0.0,"[0.0, 0.0, 0.0, 0.0]","[0.0, 0.0, 0.0, 0.0]",0.0,"[0.0, 0.0, 0.0, 0.0]","[0.0, 0.0, 0.0, 0.0]",0.0,"[0.0, 0.0, 0.0, 0.0]","[0.0, 0.0, 0.0, 0.0]",0.0,"[0.0, 0.0, 0.0, 0.0]","[0.0, 0.0, 0.0, 0.0]",0.0,"[0.0, 0.0, 0.0, 0.0]","[0.0, 0.0, 0.0, 0.0]",0.0,"[0.0, 0.0, 0.0, 0.0]","[0.0, 0.0, 0.0, 0.0]",0.0,"[0.08418753465951907, 0.10671204466234556, 0.10665261868665019, 0.09130631555671727]","[0.05270783942023771, 0.04202590763741845, 0.04236526394374837, 0.07493880754427323]","[0.48230391410062534, 0.5462362977132903, 0.5460735141764886, 0.5030427502987656]","[0.3475755936802343, 0.3208338113506273, 0.3216779187310841, 0.40465283222265314]","[0.07107721426134683, 0.05432990417688274, 0.04580064804449055, 0.08260530391638779]","[0.2, 0.2, 0.2, 0.2]","[0.2, 0.2, 0.2, 0.2]","[0.2, 0.2, 0.18000000000000002, 0.2]","[0.2, 0.2, 0.2, 0.2]","[0.00156834029944066, 0.0013407740214681713, 0.0009698886125141592, 0.0008312115039909604]","[0.1498438984616276, 0.34543097664207456]","[1.105596180879484, 4.842587148145286]",30000,"body origin, body frame; no gravity/external torque","[1.4096382736570033e-08, 2.0895790008423546e-07, 1.2327348885175306e-18]",2.0943283413512283e-07,5.561258797905092e-07,5.2934862555350066e-17,1.1102230246251565e-16,"[9.126394081598008e-05, 0.00010951802044105144, 9.39732211986339e-06]",0.00014286921766992205,0.002576115342067975,0.002143856454353311,0.043238995773283995,"[9.125090935711867e-05, 0.00010950080679759311, 9.397322119863396e-06]",0.00014284769795432463,0.002575589081033132,0.0021438564543533106,0.043238995773283995,"[7.630382710333111e-17, 5.560185897145786e-17, 1.235632902598416e-18]",9.442122399316321e-17,1.065324644450033e-16,5.2934862555350066e-17,1.1102230246251565e-16,"[1.4096382736788789e-08, 2.0895790003125974e-07, 1.5322708801130375e-19]",2.094328340822841e-07,5.561258797961317e-07,0.0,0.0
A_best-combined_motor3_70-eta090,pre_3_5,False,,"[-0.02973856406313486, -0.0025841458025280288]",0.02985062816869855,0.030131056072998035,0.004101284921613264,0.035938518658858054,-0.01447063476884988,0.01447063476884988,0.014595220986135252,0.0019029464050981753,0.017994832098413016,0.033479859851980785,6.776263578034403e-20,-1.9185296255309903e-19,200,3.0100000000000002,5.0,0.010637485354529021,0.0033973823107579376,0.11444676190307182,0.05507526932652865,0.5990580907876889,0.09402338798759814,0.002037674298540851,0.0025252845080633,0.11675013732867129,0.1446881443817974,[0.0],[0.0],0.0,[0.0],[0.0],0.0,[0.0],[0.0],0.0,[0.0],[0.0],0.0,[0.0],[0.0],0.0,[0.0],[0.0],0.0,[0.0],[0.0],0.0,[0.0],[0.0],0.0,"[0.035801418324977685, 0.0024555539071012284, 0.014688544504699476]",0.03588553049727324,0.014688544504699476,every physics interval; dwell = interval count * physics_dt,0.002,"[0.0, 0.0, 0.0, 0.0]","[0.0, 0.0, 0.0, 0.0]",0.0,"[0.0, 0.0, 0.0, 0.0]","[0.0, 0.0, 0.0, 0.0]",0.0,"[0.0, 0.0, 0.0, 0.0]","[0.0, 0.0, 0.0, 0.0]",0.0,"[0.0, 0.0, 0.0, 0.0]","[0.0, 0.0, 0.0, 0.0]",0.0,"[0.0, 0.0, 0.0, 0.0]","[0.0, 0.0, 0.0, 0.0]",0.0,"[0.0, 0.0, 0.0, 0.0]","[0.0, 0.0, 0.0, 0.0]",0.0,"[0.0, 0.0, 0.0, 0.0]","[0.0, 0.0, 0.0, 0.0]",0.0,"[0.0, 0.0, 0.0, 0.0]","[0.0, 0.0, 0.0, 0.0]",0.0,"[0.1075136769941142, 0.12795563074405034, 0.12880521964419664, 0.10749292233366971]","[0.09097477038764368, 0.06965821113726708, 0.07068932356081334, 0.09105847084085449]","[0.5484295682149811, 0.6029096173897058, 0.6051210683632064, 0.5483728443941563]","[0.447447862095005, 0.3908885739912954, 0.39356498918714666, 0.4476757047041333]","[0.09140343801828132, 0.07038821476083523, 0.0707786972249487, 0.09147396633469046]","[0.2, 0.2, 0.2, 0.2]","[0.2, 0.2, 0.2, 0.2]","[0.2, 0.2, 0.2, 0.2]","[0.2, 0.2, 0.2, 0.2]","[0.00028390734280996706, 0.00046059329539348124, 9.848848709644325e-05, 0.00028596576861140765]","[0.2955164362240578, 0.13552590298261966]","[0.5711069415389705, 0.20914981820416145]",1000,"body origin, body frame; no gravity/external torque","[6.195138356178489e-09, 2.08095863634974e-07, 2.4744684234955073e-19]",2.0818805969900847e-07,2.1378148141720287e-07,4.8074067159589095e-17,5.551115123125783e-17,"[3.967350874208205e-05, 1.3104214376210287e-05, 1.64249614645901e-07]",4.17819902381594e-05,0.00010571921327651156,0.0003740871909306649,0.0009944755359624358,"[3.96677852242471e-05, 1.3101221739550455e-05, 1.6424961464591205e-07]",4.177561697451967e-05,0.00010577214033357305,0.00037408719093066564,0.0009944755359624913,"[6.614579631726129e-17, 7.669533057178075e-19, 2.4694778238859374e-19]",6.615070348095322e-17,6.82776636242618e-17,4.8074067159589095e-17,5.551115123125783e-17,"[6.1951383562423645e-09, 2.0809586363536732e-07, 1.5101188829344653e-19]",2.0818805969940385e-07,2.1378148142145583e-07,0.0,0.0
A_best-combined_motor3_70-eta090,tail_18_20,False,,"[-0.0009425015371096969, -6.72876678433945e-05]",0.0009449004062322887,0.00095315998475261,0.00012520854138456898,0.001180423745091155,-0.00025546852290312674,0.00025546852290312674,0.00025883833828616704,4.1630747920724166e-05,0.0003330456869102827,0.0009876797263791233,1.7536228986124187e-22,-3.019209235818551e-23,200,18.01,20.0,0.00022234140964271054,7.268369066069593e-05,0.003591374705620928,0.0009627440694481834,0.0016018709474185557,0.00018711312856771475,0.0005687360360060234,0.0005837361102280736,0.03258617452014557,0.03344561546545202,[0.0],[0.0],0.0,[0.0],[0.0],0.0,[0.0],[0.0],0.0,[0.0],[0.0],0.0,[0.0],[0.0],0.0,[0.0],[0.0],0.0,[0.0],[0.0],0.0,[0.0],[0.0],0.0,"[0.055707264125525104, 0.004089268982359473, 0.02316285213015244]",0.05585715171006398,0.02316285213015244,every physics interval; dwell = interval count * physics_dt,0.002,"[0.0, 0.0, 0.0, 0.0]","[0.0, 0.0, 0.0, 0.0]",0.0,"[0.0, 0.0, 0.0, 0.0]","[0.0, 0.0, 0.0, 0.0]",0.0,"[0.0, 0.0, 0.0, 0.0]","[0.0, 0.0, 0.0, 0.0]",0.0,"[0.0, 0.0, 0.0, 0.0]","[0.0, 0.0, 0.0, 0.0]",0.0,"[0.0, 0.0, 0.0, 0.0]","[0.0, 0.0, 0.0, 0.0]",0.0,"[0.0, 0.0, 0.0, 0.0]","[0.0, 0.0, 0.0, 0.0]",0.0,"[0.0, 0.0, 0.0, 0.0]","[0.0, 0.0, 0.0, 0.0]",0.0,"[0.0, 0.0, 0.0, 0.0]","[0.0, 0.0, 0.0, 0.0]",0.0,"[0.1082570645214266, 0.12906413425793137, 0.1434051793859406, 0.10825716460369422]","[0.09174124751596187, 0.07093349019532294, 0.056593537192782845, 0.09174169258833217]","[0.5504591747462422, 0.6057942822259506, 0.6425963888668774, 0.5504594477158717]","[0.44953622142587346, 0.39419954259594725, 0.3574003566671069, 0.4495374353349506]","[0.09174153111569833, 0.07093396207732533, 0.050934301174807295, 0.09174195774479307]","[0.2, 0.2, 0.2, 0.2]","[0.2, 0.2, 0.2, 0.2]","[0.2, 0.2, 0.18000000000000002, 0.2]","[0.2, 0.2, 0.18000000000000002, 0.2]","[2.1933011399800157e-07, 3.394210876126978e-07, 1.2853172783662852e-07, 1.9729527580379569e-07]","[0.0006460413135714609, 0.0005170686045488684]","[0.0012070969385225882, 0.001053966715468797]",1000,"body origin, body frame; no gravity/external torque","[4.522044622038129e-12, 2.0807383317846822e-07, 1.2999196782222759e-18]",2.080738332276067e-07,2.0807932215097901e-07,5.42477737333404e-17,1.1102230246251565e-16,"[2.758644221657883e-08, 9.729702488104611e-09, 3.959222289972345e-10]",2.9254669013459807e-08,8.460397739395863e-08,4.1673965542229985e-07,1.2634697847957455e-06,"[2.7582501022618092e-08, 2.0793540191570738e-07, 3.9592222900928575e-10]",2.0975719889176832e-07,2.371377585290741e-07,4.167396554163869e-07,1.2634697847402343e-06,"[7.717759258640213e-17, 5.809208660867417e-17, 1.3066733992798345e-18]",9.660630786524635e-17,9.885210166738004e-17,5.42477737333404e-17,1.1102230246251565e-16,"[4.522048203342189e-12, 2.0807383312038076e-07, 1.6226852269746972e-19]",2.0807383316951958e-07,2.0807932209156894e-07,0.0,0.0
A_best-combined_motor3_70-eta090,pre_second_28_30,False,,"[-9.335159631538533e-05, -4.896361991472486e-06]",9.34799170698295e-05,9.431088964404539e-05,1.249195781569486e-05,0.00011659162460104815,-1.2278244834252327e-05,1.2278244834252327e-05,1.2509273493314142e-05,2.393037216736886e-06,1.6848695412963188e-05,9.513687943579944e-05,6.514047323855093e-24,1.3732490638087374e-26,200,28.01,30.0,2.1835792947668915e-05,4.232238996335819e-06,0.00035541510731015066,4.5805896760701205e-05,6.70796647811824e-05,4.671673293347299e-06,0.0005171047329702649,0.000518337359230287,0.029627918765435607,0.029698543047851873,[0.0],[0.0],0.0,[0.0],[0.0],0.0,[0.0],[0.0],0.0,[0.0],[0.0],0.0,[0.0],[0.0],0.0,[0.0],[0.0],0.0,[0.0],[0.0],0.0,[0.0],[0.0],0.0,"[0.056286854989809065, 0.004125607183568713, 0.023285327151913192]",0.05643784793272071,0.023285327151913192,every physics interval; dwell = interval count * physics_dt,0.002,"[0.0, 0.0, 0.0, 0.0]","[0.0, 0.0, 0.0, 0.0]",0.0,"[0.0, 0.0, 0.0, 0.0]","[0.0, 0.0, 0.0, 0.0]",0.0,"[0.0, 0.0, 0.0, 0.0]","[0.0, 0.0, 0.0, 0.0]",0.0,"[0.0, 0.0, 0.0, 0.0]","[0.0, 0.0, 0.0, 0.0]",0.0,"[0.0, 0.0, 0.0, 0.0]","[0.0, 0.0, 0.0, 0.0]",0.0,"[0.0, 0.0, 0.0, 0.0]","[0.0, 0.0, 0.0, 0.0]",0.0,"[0.0, 0.0, 0.0, 0.0]","[0.0, 0.0, 0.0, 0.0]",0.0,"[0.0, 0.0, 0.0, 0.0]","[0.0, 0.0, 0.0, 0.0]",0.0,"[0.10825801599968222, 0.12906541511442846, 0.14340602865371083, 0.10825802811250335]","[0.09174193545820133, 0.07093451934006131, 0.05659391922234036, 0.09174194356192861]","[0.550461769854965, 0.6057976117859487, 0.6425985424185321, 0.5504618028920273]","[0.4495380977490525, 0.39420221783007336, 0.3574013254069728, 0.4495381198515246]","[0.09174194431175177, 0.0709345335492172, 0.05093453662143943, 0.091741949473512]","[0.2, 0.2, 0.2, 0.2]","[0.2, 0.2, 0.2, 0.2]","[0.2, 0.2, 0.18000000000000002, 0.2]","[0.2, 0.2, 0.18000000000000002, 0.2]","[6.5710070688465976e-09, 8.567871589453265e-09, 5.408438296966201e-09, 5.38740234679879e-09]","[1.762400463055702e-05, 3.1537904146380716e-05]","[3.491066028395113e-05, 5.727733429793909e-05]",1000,"body origin, body frame; no gravity/external torque","[9.225548003538052e-14, 2.0807406834934423e-07, 1.2933413729798363e-18]",2.0807406834936453e-07,2.0807423256613738e-07,5.162835502930472e-17,1.1102230246251565e-16,"[5.279488867330748e-10, 3.8564105627836914e-10, 3.7201976262911747e-11]",6.548534479775269e-10,1.7029256127000148e-09,1.7208218900914712e-08,4.549459120539723e-08,"[5.278727231674246e-10, 2.080762103340402e-07, 3.720197623048535e-11]",2.0807688324408992e-07,2.093644447953002e-07,1.720821889960597e-08,4.5494591149886077e-08,"[7.711085754776861e-17, 5.802042258669872e-17, 1.2829734657675899e-18]",9.650958403083718e-17,9.912977794419567e-17,5.162835502930472e-17,1.1102230246251565e-16,"[9.225545645737594e-14, 2.0807406829132853e-07, 1.5934452603638887e-19]",2.0807406829134886e-07,2.0807423250824103e-07,0.0,0.0
A_best-combined_motor3_70-eta090,tail_58_60,False,,"[-8.472116900455198e-08, -4.441962491363347e-09]",8.48375359629954e-08,8.593720107622652e-08,1.3703832330528804e-08,1.0474553132924025e-07,2.6753525841360927e-08,2.6753525841360927e-08,2.702709105479417e-08,3.8356884570788855e-09,3.316167784817026e-08,9.008699228911977e-08,3.8456969129524326e-30,-4.0059342843254506e-32,200,58.01,60.0,4.247924605190819e-08,8.88839265511348e-09,3.280672536077847e-07,1.0207164361566069e-07,2.4148365394514667e-06,7.18179272892061e-07,0.0005124409468413273,0.00051244327971822,0.02936070350369583,0.0293608371676959,[0.0],[0.0],0.0,[0.0],[0.0],0.0,[0.0],[0.0],0.0,[0.0],[0.0],0.0,[0.0],[0.0],0.0,[0.0],[0.0],0.0,[0.0],[0.0],0.0,[0.0],[0.0],0.0,"[0.05635011698788086, 0.004128463421455955, 0.023288854460076315]",0.05650114949954699,0.02328886512005384,every physics interval; dwell = interval count * physics_dt,0.002,"[0.0, 0.0, 0.0, 0.0]","[0.0, 0.0, 0.0, 0.0]",0.0,"[0.0, 0.0, 0.0, 0.0]","[0.0, 0.0, 0.0, 0.0]",0.0,"[0.0, 0.0, 0.0, 0.0]","[0.0, 0.0, 0.0, 0.0]",0.0,"[0.0, 0.0, 0.0, 0.0]","[0.0, 0.0, 0.0, 0.0]",0.0,"[0.0, 0.0, 0.0, 0.0]","[0.0, 0.0, 0.0, 0.0]",0.0,"[0.0, 0.0, 0.0, 0.0]","[0.0, 0.0, 0.0, 0.0]",0.0,"[0.0, 0.0, 0.0, 0.0]","[0.0, 0.0, 0.0, 0.0]",0.0,"[0.0, 0.0, 0.0, 0.0]","[0.0, 0.0, 0.0, 0.0]",0.0,"[0.10825803927288428, 0.12906544143612217, 0.14340606163138614, 0.1082580404885585]","[0.09174193025899313, 0.0709345128176316, 0.05659391457429161, 0.09174192945686888]","[0.5504618333313616, 0.605797680208561, 0.6425986260424259, 0.5504618366470466]","[0.44953808356849356, 0.39420220087517643, 0.35740131362057725, 0.44953808138074436]","[0.09174193836366276, 0.07093452693812588, 0.050934530570409614, 0.09174193883312576]","[0.2, 0.2, 0.2, 0.2]","[0.2, 0.2, 0.2, 0.2]","[0.2, 0.2, 0.18000000000000002, 0.2]","[0.2, 0.2, 0.18000000000000002, 0.2]","[6.026084880174511e-09, 9.286771690663289e-09, 4.354685250768827e-09, 6.540234708386854e-09]","[1.3526503414068208e-06, 7.748948782939403e-07]","[2.438435441012519e-06, 1.5597710656977322e-06]",1000,"body origin, body frame; no gravity/external torque","[1.0998804194393051e-13, 2.0807409474401533e-07, 1.2977824808362725e-18]",2.080740947440442e-07,2.0807423256545506e-07,5.2808584145692807e-17,1.1102230246251565e-16,"[7.064218254470075e-10, 3.8853780004630113e-10, 2.987572036946892e-11]",8.067750468379005e-10,1.888701331185487e-09,1.3327290426953956e-08,3.962898342813048e-08,"[7.063193596799272e-10, 2.080783012522815e-07, 2.987572037394301e-11]",2.080795021899844e-07,2.089639333037082e-07,1.3327290429259657e-08,3.962898348364163e-08,"[7.70079268057791e-17, 5.800444942196756e-17, 1.2920962713255314e-18]",9.64178741543506e-17,9.90338213373169e-17,5.2808584145692807e-17,1.1102230246251565e-16,"[1.0998710788881385e-13, 2.0807409468601665e-07, 1.54855044337518e-19]",2.080740946860448e-07,2.0807423250799645e-07,0.0,0.0
A_best-combined_motor3_70-eta090,fault_5_60,False,,"[-0.0018639051037851481, -0.00015186935703507921]",0.001870081960108319,0.0047378429985366795,0.0043531539992585295,0.024329612328689656,-0.0007797601319982415,0.0007797601319982415,0.0021599283492625015,0.0020142652780837803,0.01235688563491133,0.00520696137423074,-6.437450399132683e-20,-8.470329472543003e-21,5500,5.01,60.0,0.001670628763928871,0.0010092900668722264,0.017996700192694896,0.008131057405507033,1.1313836754813307,0.46059472959733055,0.0006241315270200074,0.002129961924609374,0.03576010235930172,0.12203782880367917,[0.0],[0.0],0.0,[0.0],[0.0],0.0,[0.0],[0.0],0.0,[0.0],[0.0],0.0,[0.0],[0.0],0.0,[0.0],[0.0],0.0,[0.0],[0.0],0.0,[0.0],[0.0],0.0,"[0.05635011698788086, 0.004128463421455955, 0.023288854460076315]",0.05650114949954699,0.02328942476834308,every physics interval; dwell = interval count * physics_dt,0.002,"[0.0, 0.0, 0.0, 0.0]","[0.0, 0.0, 0.0, 0.0]",0.0,"[0.0, 0.0, 0.0, 0.0]","[0.0, 0.0, 0.0, 0.0]",0.0,"[0.0, 0.0, 0.0, 0.0]","[0.0, 0.0, 0.0, 0.0]",0.0,"[0.0, 0.0, 0.0, 0.0]","[0.0, 0.0, 0.0, 0.0]",0.0,"[0.0, 0.0, 0.0, 0.0]","[0.0, 0.0, 0.0, 0.0]",0.0,"[0.0, 0.0, 0.0, 0.0]","[0.0, 0.0, 0.0, 0.0]",0.0,"[0.0, 0.0, 0.0, 0.0]","[0.0, 0.0, 0.0, 0.0]",0.0,"[0.0, 0.0, 0.0, 0.0]","[0.0, 0.0, 0.0, 0.0]",0.0,"[0.09654123016620766, 0.11706181026054961, 0.13864505469138122, 0.09853120783819659]","[0.07308529611767639, 0.06004988426057384, 0.04236526394374837, 0.0794288847101448]","[0.5179583809395994, 0.5742019888619919, 0.6304805903884557, 0.5235606305732021]","[0.39980496539338706, 0.3661884861262358, 0.3216779187310841, 0.41647542124109194]","[0.08282214381326869, 0.06704204406630318, 0.04580064804449055, 0.08532751856031547]","[0.2, 0.2, 0.2, 0.2]","[0.2, 0.2, 0.2, 0.2]","[0.2, 0.2, 0.18000000000000002, 0.2]","[0.2, 0.2, 0.18000000000000002, 0.2]","[0.0006811075683678367, 0.0007070981836814707, 0.0005391654280236166, 0.0005142808714327045]","[0.029330841678083554, 0.060811544726556664]","[0.6317351991961485, 0.9474441067637314]",27500,"body origin, body frame; no gravity/external torque","[9.281925333517907e-09, 2.0823015367986862e-07, 1.2856507344667279e-18]",2.084369234071505e-07,3.408958415219426e-07,5.3470183381926895e-17,1.1102230246251565e-16,"[6.10945235374731e-05, 4.2774309758556445e-05, 4.710183953414364e-06]",7.47286304870292e-05,0.0012538313011145469,0.0008820588096146759,0.022206247201884244,"[6.108592908976378e-05, 4.2767040577828145e-05, 4.710183953414377e-06]",7.471744324734563e-05,0.0012535398115958035,0.0008820588096146751,0.022206247201884133,"[7.714913102092403e-17, 5.807359901577715e-17, 1.2885164599715714e-18]",9.65722092249978e-17,1.065324644450033e-16,5.3470183381926895e-17,1.1102230246251565e-16,"[9.28192533321979e-09, 2.082301536218275e-07, 1.5330146107138572e-19]",2.084369233491588e-07,3.408958414390369e-07,0.0,0.0
A_best-combined_motor3_70-eta090,full_0_60,True,,,,,,,,,,,,,,,,,,,,,,,,,,,,,,,,,,,,,,,,,,,,,,,,,,,,,,,,,,,,,,,,,,,,,,,,,,,,,,,,,,,,,,,,,,,,,,,,,,,,,,,,,,,,,,,,,,,,,,,
A_best-combined_motor3_70-eta090,pre_3_5,True,,,,,,,,,,,,,,,,,,,,,,,,,,,,,,,,,,,,,,,,,,,,,,,,,,,,,,,,,,,,,,,,,,,,,,,,,,,,,,,,,,,,,,,,,,,,,,,,,,,,,,,,,,,,,,,,,,,,,,,
A_best-combined_motor3_70-eta090,tail_18_20,True,,,,,,,,,,,,,,,,,,,,,,,,,,,,,,,,,,,,,,,,,,,,,,,,,,,,,,,,,,,,,,,,,,,,,,,,,,,,,,,,,,,,,,,,,,,,,,,,,,,,,,,,,,,,,,,,,,,,,,,
A_best-combined_motor3_70-eta090,pre_second_28_30,True,,,,,,,,,,,,,,,,,,,,,,,,,,,,,,,,,,,,,,,,,,,,,,,,,,,,,,,,,,,,,,,,,,,,,,,,,,,,,,,,,,,,,,,,,,,,,,,,,,,,,,,,,,,,,,,,,,,,,,,
A_best-combined_motor3_70-eta090,tail_58_60,True,,,,,,,,,,,,,,,,,,,,,,,,,,,,,,,,,,,,,,,,,,,,,,,,,,,,,,,,,,,,,,,,,,,,,,,,,,,,,,,,,,,,,,,,,,,,,,,,,,,,,,,,,,,,,,,,,,,,,,,
A_best-combined_motor3_70-eta090,fault_5_60,True,,,,,,,,,,,,,,,,,,,,,,,,,,,,,,,,,,,,,,,,,,,,,,,,,,,,,,,,,,,,,,,,,,,,,,,,,,,,,,,,,,,,,,,,,,,,,,,,,,,,,,,,,,,,,,,,,,,,,,,
A_best-combined_motor3_70-eta085,full_0_60,False,,"[-0.004695843117501648, -0.00034403863723787387]",0.004708429161418922,0.011775975173889452,0.010793715121678985,0.052114797434782804,-0.0019407378544406633,0.0019407378544406633,0.004913601485330588,0.0045140908427926075,0.020439858015710022,0.01275997926537123,-9.75781955236954e-19,-5.759824041329242e-20,6000,0.01,60.0,0.011139805263216618,0.004519401235387382,0.04841348476531165,0.020171261519593812,4.86361013410053,1.4236175161028919,0.0005140842219657553,0.008848879173042994,0.029454856232904388,0.5070034300365776,[0.0],[0.0],0.0,[0.0],[0.0],0.0,[0.0],[0.0],0.0,[0.0],[0.0],0.0,[0.0],[0.0],0.0,[0.0],[0.0],0.0,[0.0],[0.0],0.0,[0.0],[0.0],0.0,"[0.05635011727165849, 0.0041284636296233124, 0.023288854296203497]",0.05650114979777657,0.023289455999217556,every physics interval; dwell = interval count * physics_dt,0.002,"[0.0, 0.0, 0.0, 0.0]","[0.0, 0.0, 0.0, 0.0]",0.0,"[0.0, 0.0, 0.0, 0.0]","[0.0, 0.0, 0.0, 0.0]",0.0,"[0.0, 0.0, 0.0, 0.0]","[0.0, 0.0, 0.0, 0.0]",0.0,"[0.0, 0.0, 0.0, 0.0]","[0.0, 0.0, 0.0, 0.0]",0.0,"[0.0, 0.0, 0.0, 0.0]","[0.0, 0.0, 0.0, 0.0]",0.0,"[0.0, 0.0, 0.0, 0.0]","[0.0, 0.0, 0.0, 0.0]",0.0,"[0.0, 0.0, 0.0, 0.0]","[0.0, 0.0, 0.0, 0.0]",0.0,"[0.0, 0.0, 0.0, 0.0]","[0.0, 0.0, 0.0, 0.0]",0.0,"[0.08418753465951907, 0.10671204466234556, 0.10665261868665019, 0.09130631555671727]","[0.05270783942023771, 0.04202590763741845, 0.025847047440860582, 0.07322281464363628]","[0.48230391410062534, 0.5462362977132903, 0.5460735141764886, 0.5030427502987656]","[0.3475755936802343, 0.3208338113506273, 0.2809321566201155, 0.4001640173005204]","[0.07107721426134683, 0.05432990417688274, 0.03317011938317041, 0.0821149405849241]","[0.2, 0.2, 0.2, 0.2]","[0.2, 0.2, 0.2, 0.2]","[0.2, 0.2, 0.17, 0.2]","[0.2, 0.2, 0.2, 0.2]","[0.0017175453045129786, 0.0015273322153351349, 0.0011602860359705774, 0.000989044503640262]","[0.15410272961635613, 0.35086957876540187]","[1.105596180879484, 4.842587148145286]",30000,"body origin, body frame; no gravity/external torque","[1.701429035998297e-08, 2.0909491117701435e-07, 8.047966316212483e-19]",2.097860051494749e-07,5.561258797905092e-07,8.907190470759231e-17,1.6653345369377348e-16,"[0.00011076328979257379, 0.00011838751063427619, 1.0637109704407501e-05]",0.00016247232731366975,0.002576115342067975,0.0023354165018284034,0.043238995773283995,"[0.00011074756102170604, 0.00011836894567062546, 1.0637109704407503e-05]",0.00016244807685625667,0.002575589081033132,0.002335416501828403,0.043238995773283995,"[2.5721583151858434e-17, 2.0870486966205046e-17, 8.088033723128889e-19]",3.313353631804977e-17,9.043138607522249e-17,8.907190470759231e-17,1.6653345369377348e-16,"[1.7014290360228444e-08, 2.0909491119693368e-07, 1.523037158319733e-19]",2.097860051693553e-07,5.561258797961317e-07,0.0,0.0
A_best-combined_motor3_70-eta085,pre_3_5,False,,"[-0.02973856406313486, -0.0025841458025280288]",0.02985062816869855,0.030131056072998035,0.004101284921613264,0.035938518658858054,-0.01447063476884988,0.01447063476884988,0.014595220986135252,0.0019029464050981753,0.017994832098413016,0.033479859851980785,6.776263578034403e-20,-1.9185296255309903e-19,200,3.0100000000000002,5.0,0.010637485354529021,0.0033973823107579376,0.11444676190307182,0.05507526932652865,0.5990580907876889,0.09402338798759814,0.002037674298540851,0.0025252845080633,0.11675013732867129,0.1446881443817974,[0.0],[0.0],0.0,[0.0],[0.0],0.0,[0.0],[0.0],0.0,[0.0],[0.0],0.0,[0.0],[0.0],0.0,[0.0],[0.0],0.0,[0.0],[0.0],0.0,[0.0],[0.0],0.0,"[0.035801418324977685, 0.0024555539071012284, 0.014688544504699476]",0.03588553049727324,0.014688544504699476,every physics interval; dwell = interval count * physics_dt,0.002,"[0.0, 0.0, 0.0, 0.0]","[0.0, 0.0, 0.0, 0.0]",0.0,"[0.0, 0.0, 0.0, 0.0]","[0.0, 0.0, 0.0, 0.0]",0.0,"[0.0, 0.0, 0.0, 0.0]","[0.0, 0.0, 0.0, 0.0]",0.0,"[0.0, 0.0, 0.0, 0.0]","[0.0, 0.0, 0.0, 0.0]",0.0,"[0.0, 0.0, 0.0, 0.0]","[0.0, 0.0, 0.0, 0.0]",0.0,"[0.0, 0.0, 0.0, 0.0]","[0.0, 0.0, 0.0, 0.0]",0.0,"[0.0, 0.0, 0.0, 0.0]","[0.0, 0.0, 0.0, 0.0]",0.0,"[0.0, 0.0, 0.0, 0.0]","[0.0, 0.0, 0.0, 0.0]",0.0,"[0.1075136769941142, 0.12795563074405034, 0.12880521964419664, 0.10749292233366971]","[0.09097477038764368, 0.06965821113726708, 0.07068932356081334, 0.09105847084085449]","[0.5484295682149811, 0.6029096173897058, 0.6051210683632064, 0.5483728443941563]","[0.447447862095005, 0.3908885739912954, 0.39356498918714666, 0.4476757047041333]","[0.09140343801828132, 0.07038821476083523, 0.0707786972249487, 0.09147396633469046]","[0.2, 0.2, 0.2, 0.2]","[0.2, 0.2, 0.2, 0.2]","[0.2, 0.2, 0.2, 0.2]","[0.2, 0.2, 0.2, 0.2]","[0.00028390734280996706, 0.00046059329539348124, 9.848848709644325e-05, 0.00028596576861140765]","[0.2955164362240578, 0.13552590298261966]","[0.5711069415389705, 0.20914981820416145]",1000,"body origin, body frame; no gravity/external torque","[6.195138356178489e-09, 2.08095863634974e-07, 2.4744684234955073e-19]",2.0818805969900847e-07,2.1378148141720287e-07,4.8074067159589095e-17,5.551115123125783e-17,"[3.967350874208205e-05, 1.3104214376210287e-05, 1.64249614645901e-07]",4.17819902381594e-05,0.00010571921327651156,0.0003740871909306649,0.0009944755359624358,"[3.96677852242471e-05, 1.3101221739550455e-05, 1.6424961464591205e-07]",4.177561697451967e-05,0.00010577214033357305,0.00037408719093066564,0.0009944755359624913,"[6.614579631726129e-17, 7.669533057178075e-19, 2.4694778238859374e-19]",6.615070348095322e-17,6.82776636242618e-17,4.8074067159589095e-17,5.551115123125783e-17,"[6.1951383562423645e-09, 2.0809586363536732e-07, 1.5101188829344653e-19]",2.0818805969940385e-07,2.1378148142145583e-07,0.0,0.0
A_best-combined_motor3_70-eta085,tail_18_20,False,,"[-0.000937943927337348, -7.549237624733967e-05]",0.0009409771037068214,0.000949176386852735,0.00012449057658447477,0.001173234161214103,-0.0002471450340287118,0.0002471450340287118,0.000250436426744222,4.046895100396089e-05,0.00032303190369897816,0.0009816589108235239,-2.0514079191315086e-22,-2.812414082680294e-23,200,18.01,20.0,0.00022099655606767237,7.081624303698176e-05,0.0035772182718482,0.0009310323995538808,0.001987898220934494,0.00022587596606951884,0.0005673899426736893,0.0005808646893296155,0.03250904905337212,0.03328109516676471,[0.0],[0.0],0.0,[0.0],[0.0],0.0,[0.0],[0.0],0.0,[0.0],[0.0],0.0,[0.0],[0.0],0.0,[0.0],[0.0],0.0,[0.0],[0.0],0.0,[0.0],[0.0],0.0,"[0.05571063421575006, 0.00408346104204617, 0.02316775363631009]",0.05586008788753388,0.02316775363631009,every physics interval; dwell = interval count * physics_dt,0.002,"[0.0, 0.0, 0.0, 0.0]","[0.0, 0.0, 0.0, 0.0]",0.0,"[0.0, 0.0, 0.0, 0.0]","[0.0, 0.0, 0.0, 0.0]",0.0,"[0.0, 0.0, 0.0, 0.0]","[0.0, 0.0, 0.0, 0.0]",0.0,"[0.0, 0.0, 0.0, 0.0]","[0.0, 0.0, 0.0, 0.0]",0.0,"[0.0, 0.0, 0.0, 0.0]","[0.0, 0.0, 0.0, 0.0]",0.0,"[0.0, 0.0, 0.0, 0.0]","[0.0, 0.0, 0.0, 0.0]",0.0,"[0.0, 0.0, 0.0, 0.0]","[0.0, 0.0, 0.0, 0.0]",0.0,"[0.0, 0.0, 0.0, 0.0]","[0.0, 0.0, 0.0, 0.0]",0.0,"[0.10825676641267334, 0.12906372628666848, 0.15184055496004187, 0.10825700586830671]","[0.09174083492028376, 0.0709329004271238, 0.048157612626530205, 0.09174142481114751]","[0.5504583616683496, 0.6057932217113405, 0.6638562778424938, 0.5504590147726107]","[0.4495350960963975, 0.39419800951175366, 0.3361391306596223, 0.4495367049880349]","[0.0917412934616254, 0.07093364623954956, 0.04093412134781349, 0.0917418471785635]","[0.2, 0.2, 0.2, 0.2]","[0.2, 0.2, 0.2, 0.2]","[0.2, 0.2, 0.17, 0.2]","[0.2, 0.2, 0.17, 0.2]","[3.0804940970030983e-07, 4.849403203361492e-07, 1.7233794061160386e-07, 2.85884091026804e-07]","[0.0008268144484149056, 0.0006175589191741262]","[0.0015439490148174409, 0.0012570208034501874]",1000,"body origin, body frame; no gravity/external torque","[6.519103162490045e-12, 2.080739137937308e-07, 8.141063139198568e-19]",2.0807391389585483e-07,2.0808175643847874e-07,8.688869536365455e-17,1.6653345369377348e-16,"[4.001795582129611e-08, 1.385950849064541e-08, 4.73400441762194e-10]",4.235264893363506e-08,1.1806555693914897e-07,5.405622321629169e-07,1.6906636760016802e-06,"[4.0012200459942066e-08, 2.0828628726274602e-07, 4.734004417797038e-10]",2.120952091757944e-07,2.569684388552462e-07,5.405622321597457e-07,1.690663675946169e-06,"[1.798371929954556e-17, 2.2047868980131277e-17, 8.177897632669032e-19]",2.8463862466411466e-17,3.0183056543503566e-17,8.688869536365455e-17,1.6653345369377348e-16,"[6.519103888210333e-12, 2.0807391381576697e-07, 1.5636586103463756e-19]",2.0807391391789127e-07,2.0808175646103157e-07,0.0,0.0
A_best-combined_motor3_70-eta085,pre_second_28_30,False,,"[-9.282754638463221e-05, -5.75865348462349e-06]",9.300599689131347e-05,9.383523469561044e-05,1.2447321504375756e-05,0.00011601930450742175,-1.1665092343972617e-05,1.1665092343972617e-05,1.1888601319194554e-05,2.294441529729171e-06,1.6054132140008726e-05,9.458535886545575e-05,-1.2356010400010851e-23,-4.0389678347315804e-27,200,28.01,30.0,2.173371914371564e-05,4.066902868158917e-06,0.0003536185398569744,4.348915377603984e-05,5.950747192434103e-05,5.679482969265312e-06,0.0005169857655345767,0.0005182083434463979,0.02962110243347118,0.02969115098794445,[0.0],[0.0],0.0,[0.0],[0.0],0.0,[0.0],[0.0],0.0,[0.0],[0.0],0.0,[0.0],[0.0],0.0,[0.0],[0.0],0.0,[0.0],[0.0],0.0,[0.0],[0.0],0.0,"[0.056287238677713104, 0.004125010542139169, 0.023285660744273726]",0.05643818698305786,0.023285660744273726,every physics interval; dwell = interval count * physics_dt,0.002,"[0.0, 0.0, 0.0, 0.0]","[0.0, 0.0, 0.0, 0.0]",0.0,"[0.0, 0.0, 0.0, 0.0]","[0.0, 0.0, 0.0, 0.0]",0.0,"[0.0, 0.0, 0.0, 0.0]","[0.0, 0.0, 0.0, 0.0]",0.0,"[0.0, 0.0, 0.0, 0.0]","[0.0, 0.0, 0.0, 0.0]",0.0,"[0.0, 0.0, 0.0, 0.0]","[0.0, 0.0, 0.0, 0.0]",0.0,"[0.0, 0.0, 0.0, 0.0]","[0.0, 0.0, 0.0, 0.0]",0.0,"[0.0, 0.0, 0.0, 0.0]","[0.0, 0.0, 0.0, 0.0]",0.0,"[0.0, 0.0, 0.0, 0.0]","[0.0, 0.0, 0.0, 0.0]",0.0,"[0.10825801545085237, 0.1290654140514514, 0.1518416701300519, 0.1082580237259975]","[0.09174192642693005, 0.0709345182393118, 0.04815826514263502, 0.09174194026336588]","[0.5504617683580634, 0.6057976090227675, 0.6638590721371967, 0.5504617909280706]","[0.449538073116753, 0.3942022149687018, 0.3361407656749317, 0.4495381108548766]","[0.09174193843313164, 0.07093453024704025, 0.04093453402853309, 0.09174194919871076]","[0.2, 0.2, 0.2, 0.2]","[0.2, 0.2, 0.2, 0.2]","[0.2, 0.2, 0.17, 0.2]","[0.2, 0.2, 0.17, 0.2]","[6.567762100968248e-09, 7.661507376353315e-09, 6.005974271396317e-09, 5.273736918398833e-09]","[2.0445032677895778e-05, 3.1102488796506784e-05]","[3.397465635315499e-05, 5.186361256029065e-05]",1000,"body origin, body frame; no gravity/external torque","[9.092943534737187e-14, 2.0807406613581558e-07, 8.456495464988141e-19]",2.0807406613583602e-07,2.0807421668016053e-07,9.087567112012141e-17,1.6653345369377348e-16,"[4.871733753744335e-10, 3.2569401863930124e-10, 4.386680674856242e-11]",5.87655331112934e-10,1.4840667838315541e-09,1.713581361290071e-08,4.7772711342375374e-08,"[4.871031327368759e-10, 2.0807713832280943e-07, 4.386680675678012e-11]",2.0807771309385396e-07,2.0892456861206817e-07,1.7135813617220562e-08,4.7772711453397676e-08,"[1.7909167674008254e-17, 2.1752565182644484e-17, 8.424419021456772e-19]",2.8189041969521217e-17,3.02418381354269e-17,9.087567112012141e-17,1.6653345369377348e-16,"[9.092883357697991e-14, 2.0807406615755915e-07, 1.5101188829344653e-19]",2.080740661575786e-07,2.0807421670249512e-07,0.0,0.0
A_best-combined_motor3_70-eta085,tail_58_60,False,,"[-8.371470609646809e-08, -5.49792929913053e-09]",8.389504898023642e-08,8.488681159800599e-08,1.2937988246984573e-08,1.0468132911134743e-07,2.5898895441578418e-08,2.5898895441578418e-08,2.605042399443139e-08,2.805673750783353e-09,3.092573686025446e-08,8.87941178995828e-08,-1.6245604266895212e-29,7.195274272230713e-31,200,58.01,60.0,3.821426159728852e-08,6.884603976535344e-09,3.233636241357947e-07,9.954209832519007e-08,2.2588727439225506e-06,5.783397383716023e-07,0.0005124412524429579,0.0005124432662365232,0.029360721013379474,0.029360836395251576,[0.0],[0.0],0.0,[0.0],[0.0],0.0,[0.0],[0.0],0.0,[0.0],[0.0],0.0,[0.0],[0.0],0.0,[0.0],[0.0],0.0,[0.0],[0.0],0.0,[0.0],[0.0],0.0,"[0.05635011727165849, 0.0041284636296233124, 0.023288854296203497]",0.05650114979777657,0.02328886461284632,every physics interval; dwell = interval count * physics_dt,0.002,"[0.0, 0.0, 0.0, 0.0]","[0.0, 0.0, 0.0, 0.0]",0.0,"[0.0, 0.0, 0.0, 0.0]","[0.0, 0.0, 0.0, 0.0]",0.0,"[0.0, 0.0, 0.0, 0.0]","[0.0, 0.0, 0.0, 0.0]",0.0,"[0.0, 0.0, 0.0, 0.0]","[0.0, 0.0, 0.0, 0.0]",0.0,"[0.0, 0.0, 0.0, 0.0]","[0.0, 0.0, 0.0, 0.0]",0.0,"[0.0, 0.0, 0.0, 0.0]","[0.0, 0.0, 0.0, 0.0]",0.0,"[0.0, 0.0, 0.0, 0.0]","[0.0, 0.0, 0.0, 0.0]",0.0,"[0.0, 0.0, 0.0, 0.0]","[0.0, 0.0, 0.0, 0.0]",0.0,"[0.10825803975588916, 0.12906544497317046, 0.1518417108101911, 0.10825803833421532]","[0.09174192726745908, 0.07093451688503194, 0.04815826476302021, 0.09174193069252835]","[0.550461834648732, 0.605797689403032, 0.6638591740698276, 0.5504618307711922]","[0.4495380754092484, 0.39420221144828393, 0.336140764723726, 0.44953808475093937]","[0.09174193883428168, 0.07093452840825143, 0.04093453114086801, 0.09174193879285043]","[0.2, 0.2, 0.2, 0.2]","[0.2, 0.2, 0.2, 0.2]","[0.2, 0.2, 0.17, 0.2]","[0.2, 0.2, 0.17, 0.2]","[6.029887585004737e-09, 8.837609673592862e-09, 4.223179909200313e-09, 5.616943876441312e-09]","[1.1737698881845176e-06, 7.77601484347639e-07]","[2.053517948977511e-06, 1.320340479741079e-06]",1000,"body origin, body frame; no gravity/external torque","[9.621519374770716e-14, 2.0807409521736789e-07, 8.498104894555985e-19]",2.0807409521739065e-07,2.0807423248456982e-07,9.045081759584584e-17,1.6653345369377348e-16,"[6.193056508842796e-10, 3.728765670699264e-10, 3.25104100055946e-11]",7.236251448407428e-10,1.4764696008717258e-09,1.3699983220184337e-08,3.4278400395937325e-08,"[6.192160926846346e-10, 2.080754256622034e-07, 3.251041004334877e-11]",2.080763495691025e-07,2.0913017075771364e-07,1.369998321414082e-08,3.427840028491502e-08,"[1.7835786154851337e-17, 2.1800008623738488e-17, 8.406561246593671e-19]",2.8179111882324915e-17,2.999062795793099e-17,9.045081759584584e-17,1.6653345369377348e-16,"[9.621547676601364e-14, 2.08074095239158e-07, 1.6226852269746972e-19]",2.0807409523917986e-07,2.0807423250690441e-07,0.0,0.0
A_best-combined_motor3_70-eta085,fault_5_60,False,,"[-0.0018639051296744113, -0.0001518693759443879]",0.0018700819874476952,0.004761115124245364,0.004378471261358424,0.02546458026253726,-0.0007797601169659286,0.0007797601169659286,0.002193353027495683,0.002050066258249659,0.013090369578743544,0.005242042991958615,0.0,1.6940658945086007e-21,5500,5.01,60.0,0.0021895030730671914,0.0013669907427152719,0.018150403345404614,0.008324512775162702,1.7277342071628645,0.6998574300180207,0.0006162116410458418,0.003868791433818534,0.03530632631875718,0.22166542097416833,[0.0],[0.0],0.0,[0.0],[0.0],0.0,[0.0],[0.0],0.0,[0.0],[0.0],0.0,[0.0],[0.0],0.0,[0.0],[0.0],0.0,[0.0],[0.0],0.0,[0.0],[0.0],0.0,"[0.05635011727165849, 0.0041284636296233124, 0.023288854296203497]",0.05650114979777657,0.023289455999217556,every physics interval; dwell = interval count * physics_dt,0.002,"[0.0, 0.0, 0.0, 0.0]","[0.0, 0.0, 0.0, 0.0]",0.0,"[0.0, 0.0, 0.0, 0.0]","[0.0, 0.0, 0.0, 0.0]",0.0,"[0.0, 0.0, 0.0, 0.0]","[0.0, 0.0, 0.0, 0.0]",0.0,"[0.0, 0.0, 0.0, 0.0]","[0.0, 0.0, 0.0, 0.0]",0.0,"[0.0, 0.0, 0.0, 0.0]","[0.0, 0.0, 0.0, 0.0]",0.0,"[0.0, 0.0, 0.0, 0.0]","[0.0, 0.0, 0.0, 0.0]",0.0,"[0.0, 0.0, 0.0, 0.0]","[0.0, 0.0, 0.0, 0.0]",0.0,"[0.0, 0.0, 0.0, 0.0]","[0.0, 0.0, 0.0, 0.0]",0.0,"[0.09155947554403875, 0.11152162289961443, 0.1443822266031313, 0.0939222625654652]","[0.06411755401272076, 0.05473651043204039, 0.025847047440860582, 0.07322281464363628]","[0.5037702834279003, 0.5593244879140621, 0.6450721273839023, 0.5105295012801407]","[0.37659447034013793, 0.35269795142014804, 0.2809321566201155, 0.4001640173005204]","[0.07851344601134869, 0.06497468242010385, 0.03317011938317041, 0.0821149405849241]","[0.2, 0.2, 0.2, 0.2]","[0.2, 0.2, 0.2, 0.2]","[0.2, 0.2, 0.17, 0.2]","[0.2, 0.2, 0.17, 0.2]","[0.0009993738792148858, 0.0010410087279043208, 0.0008562417947338432, 0.0007601967778570333]","[0.047670049142176575, 0.0884828200282605]","[1.0468201147161071, 1.3839687876873557]",27500,"body origin, body frame; no gravity/external torque","[1.360826072395388e-08, 2.0838013785716178e-07, 8.376712132285736e-19]",2.0882400870900606e-07,4.121926959909482e-07,9.196349079621515e-17,1.6653345369377348e-16,"[8.961064391826724e-05, 6.352016702146433e-05, 7.020136230836312e-06]",0.00011006435133403158,0.0018374960116671517,0.0013092295465615808,0.03291310827975269,"[8.959805386757264e-05, 6.350990236022654e-05, 7.0201362308363055e-06]",0.00011004817702879837,0.0018371289444205465,0.0013092295465615795,0.03291310827975269,"[1.7948872592588787e-17, 2.17967845639375e-17, 8.416170606617044e-19]",2.8248365686327496e-17,3.6068550745450767e-17,9.196349079621515e-17,1.6653345369377348e-16,"[1.3608260723838047e-08, 2.083801378789226e-07, 1.5229436027953152e-19]",2.088240087307198e-07,4.1219269600310784e-07,0.0,0.0
A_best-combined_motor3_70-eta085,full_0_60,True,,,,,,,,,,,,,,,,,,,,,,,,,,,,,,,,,,,,,,,,,,,,,,,,,,,,,,,,,,,,,,,,,,,,,,,,,,,,,,,,,,,,,,,,,,,,,,,,,,,,,,,,,,,,,,,,,,,,,,,
A_best-combined_motor3_70-eta085,pre_3_5,True,,,,,,,,,,,,,,,,,,,,,,,,,,,,,,,,,,,,,,,,,,,,,,,,,,,,,,,,,,,,,,,,,,,,,,,,,,,,,,,,,,,,,,,,,,,,,,,,,,,,,,,,,,,,,,,,,,,,,,,
A_best-combined_motor3_70-eta085,tail_18_20,True,,,,,,,,,,,,,,,,,,,,,,,,,,,,,,,,,,,,,,,,,,,,,,,,,,,,,,,,,,,,,,,,,,,,,,,,,,,,,,,,,,,,,,,,,,,,,,,,,,,,,,,,,,,,,,,,,,,,,,,
A_best-combined_motor3_70-eta085,pre_second_28_30,True,,,,,,,,,,,,,,,,,,,,,,,,,,,,,,,,,,,,,,,,,,,,,,,,,,,,,,,,,,,,,,,,,,,,,,,,,,,,,,,,,,,,,,,,,,,,,,,,,,,,,,,,,,,,,,,,,,,,,,,
A_best-combined_motor3_70-eta085,tail_58_60,True,,,,,,,,,,,,,,,,,,,,,,,,,,,,,,,,,,,,,,,,,,,,,,,,,,,,,,,,,,,,,,,,,,,,,,,,,,,,,,,,,,,,,,,,,,,,,,,,,,,,,,,,,,,,,,,,,,,,,,,
A_best-combined_motor3_70-eta085,fault_5_60,True,,,,,,,,,,,,,,,,,,,,,,,,,,,,,,,,,,,,,,,,,,,,,,,,,,,,,,,,,,,,,,,,,,,,,,,,,,,,,,,,,,,,,,,,,,,,,,,,,,,,,,,,,,,,,,,,,,,,,,,
A_best-combined_motor3_70-eta080,full_0_60,False,,"[-0.004695843233162607, -0.0003440385460893346]",0.004708429270110608,0.011786611325649858,0.010805318151276444,0.052114797434782804,-0.0019407378114144063,0.0019407378114144063,0.0049296585924000404,0.004531563812302557,0.020439858015710022,0.0127759829515995,-9.75781955236954e-19,-1.2197274440461925e-19,6000,0.01,60.0,0.01127162055039821,0.004640458329759344,0.04848559736317156,0.020261416889543034,4.86361013410053,1.4236175161028919,0.0005070811395398085,0.008848879173042994,0.029053609166315397,0.5070034300365776,[0.0],[0.0],0.0,[0.0],[0.0],0.0,[0.0],[0.0],0.0,[0.0],[0.0],0.0,[0.0],[0.0],0.0,[0.0],[0.0],0.0,[0.0],[0.0],0.0,[0.0],[0.0],0.0,"[0.05635011865784679, 0.004128462530649389, 0.02328885378063659]",0.056501151099958916,0.02328949944443194,every physics interval; dwell = interval count * physics_dt,0.002,"[0.0, 0.0, 0.0, 0.0]","[0.0, 0.0, 0.0, 0.0]",0.0,"[0.0, 0.0, 0.0, 0.0]","[0.0, 0.0, 0.0, 0.0]",0.0,"[0.0, 0.0, 0.0, 0.0]","[0.0, 0.0, 0.0, 0.0]",0.0,"[0.0, 0.0, 0.0, 0.0]","[0.0, 0.0, 0.0, 0.0]",0.0,"[0.0, 0.0, 0.0, 0.0]","[0.0, 0.0, 0.0, 0.0]",0.0,"[0.0, 0.0, 0.0, 0.0]","[0.0, 0.0, 0.0, 0.0]",0.0,"[0.0, 0.0, 0.0, 0.0]","[0.0, 0.0, 0.0, 0.0]",0.0,"[0.0, 0.0, 0.0, 0.0]","[0.0, 0.0, 0.0, 0.0]",0.0,"[0.08418753465951907, 0.10591847414776412, 0.10665261868665019, 0.08928513648187308]","[0.05270783942023771, 0.04202590763741845, 0.0075537015667882235, 0.06704695950866468]","[0.48230391410062534, 0.5440602695333462, 0.5460735141764886, 0.4972105135980134]","[0.3475755936802343, 0.3208338113506273, 0.23641599132222935, 0.38413393531792794]","[0.07107721426134683, 0.05432990417688274, 0.02048078805913922, 0.07893278830297105]","[0.2, 0.2, 0.2, 0.2]","[0.2, 0.2, 0.2, 0.2]","[0.2, 0.2, 0.16000000000000003, 0.2]","[0.2, 0.2, 0.2, 0.2]","[0.0018870363227239063, 0.0017353964427938738, 0.0014203454106856792, 0.0011630178977421668]","[0.161249829461637, 0.35874680947324095]","[1.4773419170038529, 4.842587148145286]",30000,"body origin, body frame; no gravity/external torque","[2.0038179704532506e-08, 2.0926979741113274e-07, 1.2945306940239327e-18]",2.1022696486028395e-07,5.561258797905092e-07,1.6084030774133657e-16,2.220446049250313e-16,"[0.00013095426514694438, 0.00012933502045356336, 1.2109596558538988e-05]",0.0001844538137440245,0.002576115342067975,0.0025662449986466004,0.043238995773283995,"[0.0001309357519793771, 0.00012931489513972444, 1.2109596558538991e-05]",0.00018442655877127682,0.002575589081033132,0.0025662449986465982,0.043238995773283995,"[2.4446216504047125e-17, 1.682216788968623e-18, 1.2978355878751333e-18]",2.4538372641659306e-17,9.043138607522249e-17,1.6084030774133657e-16,2.220446049250313e-16,"[2.0038179704756464e-08, 2.0926979741255142e-07, 1.5498150825760497e-19]",2.1022696486171983e-07,5.561258797961317e-07,0.0,0.0
A_best-combined_motor3_70-eta080,pre_3_5,False,,"[-0.02973856406313486, -0.0025841458025280288]",0.02985062816869855,0.030131056072998035,0.004101284921613264,0.035938518658858054,-0.01447063476884988,0.01447063476884988,0.014595220986135252,0.0019029464050981753,0.017994832098413016,0.033479859851980785,6.776263578034403e-20,-1.9185296255309903e-19,200,3.0100000000000002,5.0,0.010637485354529021,0.0033973823107579376,0.11444676190307182,0.05507526932652865,0.5990580907876889,0.09402338798759814,0.002037674298540851,0.0025252845080633,0.11675013732867129,0.1446881443817974,[0.0],[0.0],0.0,[0.0],[0.0],0.0,[0.0],[0.0],0.0,[0.0],[0.0],0.0,[0.0],[0.0],0.0,[0.0],[0.0],0.0,[0.0],[0.0],0.0,[0.0],[0.0],0.0,"[0.035801418324977685, 0.0024555539071012284, 0.014688544504699476]",0.03588553049727324,0.014688544504699476,every physics interval; dwell = interval count * physics_dt,0.002,"[0.0, 0.0, 0.0, 0.0]","[0.0, 0.0, 0.0, 0.0]",0.0,"[0.0, 0.0, 0.0, 0.0]","[0.0, 0.0, 0.0, 0.0]",0.0,"[0.0, 0.0, 0.0, 0.0]","[0.0, 0.0, 0.0, 0.0]",0.0,"[0.0, 0.0, 0.0, 0.0]","[0.0, 0.0, 0.0, 0.0]",0.0,"[0.0, 0.0, 0.0, 0.0]","[0.0, 0.0, 0.0, 0.0]",0.0,"[0.0, 0.0, 0.0, 0.0]","[0.0, 0.0, 0.0, 0.0]",0.0,"[0.0, 0.0, 0.0, 0.0]","[0.0, 0.0, 0.0, 0.0]",0.0,"[0.0, 0.0, 0.0, 0.0]","[0.0, 0.0, 0.0, 0.0]",0.0,"[0.1075136769941142, 0.12795563074405034, 0.12880521964419664, 0.10749292233366971]","[0.09097477038764368, 0.06965821113726708, 0.07068932356081334, 0.09105847084085449]","[0.5484295682149811, 0.6029096173897058, 0.6051210683632064, 0.5483728443941563]","[0.447447862095005, 0.3908885739912954, 0.39356498918714666, 0.4476757047041333]","[0.09140343801828132, 0.07038821476083523, 0.0707786972249487, 0.09147396633469046]","[0.2, 0.2, 0.2, 0.2]","[0.2, 0.2, 0.2, 0.2]","[0.2, 0.2, 0.2, 0.2]","[0.2, 0.2, 0.2, 0.2]","[0.00028390734280996706, 0.00046059329539348124, 9.848848709644325e-05, 0.00028596576861140765]","[0.2955164362240578, 0.13552590298261966]","[0.5711069415389705, 0.20914981820416145]",1000,"body origin, body frame; no gravity/external torque","[6.195138356178489e-09, 2.08095863634974e-07, 2.4744684234955073e-19]",2.0818805969900847e-07,2.1378148141720287e-07,4.8074067159589095e-17,5.551115123125783e-17,"[3.967350874208205e-05, 1.3104214376210287e-05, 1.64249614645901e-07]",4.17819902381594e-05,0.00010571921327651156,0.0003740871909306649,0.0009944755359624358,"[3.96677852242471e-05, 1.3101221739550455e-05, 1.6424961464591205e-07]",4.177561697451967e-05,0.00010577214033357305,0.00037408719093066564,0.0009944755359624913,"[6.614579631726129e-17, 7.669533057178075e-19, 2.4694778238859374e-19]",6.615070348095322e-17,6.82776636242618e-17,4.8074067159589095e-17,5.551115123125783e-17,"[6.1951383562423645e-09, 2.0809586363536732e-07, 1.5101188829344653e-19]",2.0818805969940385e-07,2.1378148142145583e-07,0.0,0.0
A_best-combined_motor3_70-eta080,tail_18_20,False,,"[-0.0009331532688907154, -8.421657213345966e-05]",0.000936945811807352,0.0009450947093177047,0.00012384084672263548,0.0011657359559644523,-0.00023774272341379966,0.00023774272341379966,0.0002409451653747677,3.9153163106749044e-05,0.00031169161824684544,0.0009753248598788974,-5.856438736875436e-22,7.858215819253763e-24,200,18.01,20.0,0.00022060998953749765,6.878072760557647e-05,0.003562848301425294,0.0008952108611398353,0.002809292981556616,0.0002997834451207773,0.0005659240805630798,0.0005778320060235938,0.03242506134108606,0.033107335212729884,[0.0],[0.0],0.0,[0.0],[0.0],0.0,[0.0],[0.0],0.0,[0.0],[0.0],0.0,[0.0],[0.0],0.0,[0.0],[0.0],0.0,[0.0],[0.0],0.0,[0.0],[0.0],0.0,"[0.05571419913395175, 0.004077287272780607, 0.02317334048862904]",0.055863192324127064,0.02317334048862904,every physics interval; dwell = interval count * physics_dt,0.002,"[0.0, 0.0, 0.0, 0.0]","[0.0, 0.0, 0.0, 0.0]",0.0,"[0.0, 0.0, 0.0, 0.0]","[0.0, 0.0, 0.0, 0.0]",0.0,"[0.0, 0.0, 0.0, 0.0]","[0.0, 0.0, 0.0, 0.0]",0.0,"[0.0, 0.0, 0.0, 0.0]","[0.0, 0.0, 0.0, 0.0]",0.0,"[0.0, 0.0, 0.0, 0.0]","[0.0, 0.0, 0.0, 0.0]",0.0,"[0.0, 0.0, 0.0, 0.0]","[0.0, 0.0, 0.0, 0.0]",0.0,"[0.0, 0.0, 0.0, 0.0]","[0.0, 0.0, 0.0, 0.0]",0.0,"[0.0, 0.0, 0.0, 0.0]","[0.0, 0.0, 0.0, 0.0]",0.0,"[0.10825636818998657, 0.12906309923739384, 0.16133017849650555, 0.10825689824355371]","[0.09174026370728054, 0.07093216419046375, 0.03866689055489106, 0.09174114853108237]","[0.5504572755332872, 0.6057915917053873, 0.6874966193876564, 0.5504587212310832]","[0.4495335381499469, 0.39419609568979874, 0.31249611890898676, 0.4495359514505539]","[0.09174095499399477, 0.0709331327544368, 0.030933757931398242, 0.09174169116052977]","[0.2, 0.2, 0.2, 0.2]","[0.2, 0.2, 0.2, 0.2]","[0.2, 0.2, 0.16000000000000003, 0.2]","[0.2, 0.2, 0.16000000000000003, 0.2]","[4.004658919914986e-07, 6.278901364226056e-07, 2.5082225162978867e-07, 3.662025947338866e-07]","[0.0012267875255947398, 0.0008418637513490173]","[0.00222854888604034, 0.001710466880093046]",1000,"body origin, body frame; no gravity/external torque","[8.514496329709226e-12, 2.0807398827648328e-07, 1.320922655612165e-18]",2.0807398845069207e-07,2.0808501304133528e-07,1.6634831361019505e-16,2.220446049250313e-16,"[5.1271694047873626e-08, 1.8045367990120666e-08, 6.876553712918653e-10]",5.4358943940692036e-08,1.4782514709556686e-07,7.345957638702993e-07,2.0472562970996755e-06,"[5.126430477247127e-08, 2.0872658158800297e-07, 6.876553713723805e-10]",2.1493089046278996e-07,2.808167206425634e-07,7.345957638703987e-07,2.047256296933142e-06,"[1.5989727421529074e-17, 1.6873892309013189e-18, 1.3196206182471785e-18]",1.6132577723583556e-17,1.7915005793667924e-17,1.6634831361019505e-16,2.220446049250313e-16,"[8.514495659813065e-12, 2.0807398827798456e-07, 1.454609855418324e-19]",2.0807398845219364e-07,2.0808501304133332e-07,0.0,0.0
A_best-combined_motor3_70-eta080,pre_second_28_30,False,,"[-9.226892438454624e-05, -6.676181051301316e-06]",9.251013890655913e-05,9.33378619792141e-05,1.2402849605632594e-05,0.00011542955017284288,-1.095928114899114e-05,1.095928114899114e-05,1.1174350436593674e-05,2.181803010624155e-06,1.5141105964122659e-05,9.400437535844074e-05,1.5664732850222962e-23,2.665718770922843e-26,200,28.01,30.0,2.1640528007023923e-05,3.87777014112105e-06,0.0003517346735928298,4.082305077648374e-05,7.636383641666255e-05,8.409859433274734e-06,0.0005168562042655302,0.0005180667728351606,0.029613679119566454,0.02968303958941747,[0.0],[0.0],0.0,[0.0],[0.0],0.0,[0.0],[0.0],0.0,[0.0],[0.0],0.0,[0.0],[0.0],0.0,[0.0],[0.0],0.0,[0.0],[0.0],0.0,[0.0],[0.0],0.0,"[0.05628764778162128, 0.004124375272383967, 0.023286052046936657]",0.05643854856545575,0.023286052046936657,every physics interval; dwell = interval count * physics_dt,0.002,"[0.0, 0.0, 0.0, 0.0]","[0.0, 0.0, 0.0, 0.0]",0.0,"[0.0, 0.0, 0.0, 0.0]","[0.0, 0.0, 0.0, 0.0]",0.0,"[0.0, 0.0, 0.0, 0.0]","[0.0, 0.0, 0.0, 0.0]",0.0,"[0.0, 0.0, 0.0, 0.0]","[0.0, 0.0, 0.0, 0.0]",0.0,"[0.0, 0.0, 0.0, 0.0]","[0.0, 0.0, 0.0, 0.0]",0.0,"[0.0, 0.0, 0.0, 0.0]","[0.0, 0.0, 0.0, 0.0]",0.0,"[0.0, 0.0, 0.0, 0.0]","[0.0, 0.0, 0.0, 0.0]",0.0,"[0.0, 0.0, 0.0, 0.0]","[0.0, 0.0, 0.0, 0.0]",0.0,"[0.10825801002302073, 0.1290653986728159, 0.16133177005283694, 0.10825802233634975]","[0.09174192293981416, 0.07093451043097806, 0.03866815189304865, 0.09174193883640104]","[0.5504617535539458, 0.6057975690463699, 0.6875005626223719, 0.5504617871378816]","[0.4495380636058336, 0.39420219467112827, 0.312499243991187, 0.4495381069629054]","[0.09174193553200703, 0.07093452474356099, 0.030934530701237334, 0.0917419461688698]","[0.2, 0.2, 0.2, 0.2]","[0.2, 0.2, 0.2, 0.2]","[0.2, 0.2, 0.16000000000000003, 0.2]","[0.2, 0.2, 0.16000000000000003, 0.2]","[9.497846888930415e-09, 1.0085124833758702e-08, 7.717780487491755e-09, 5.638475841963197e-09]","[3.026712521210039e-05, 3.282298069017061e-05]","[5.1509772818810314e-05, 5.852443721999814e-05]",1000,"body origin, body frame; no gravity/external torque","[1.2947489984999334e-13, 2.0807406354814824e-07, 1.3537960497132551e-18]",2.0807406354818835e-07,2.080742957271488e-07,1.6708764309139492e-16,2.220446049250313e-16,"[6.772747680720429e-10, 4.788676938357917e-10, 4.281865967148374e-11]",8.305713800045794e-10,1.7023104181305163e-09,2.1097371569338505e-08,6.688445364222417e-08,"[6.771773837485165e-10, 2.0807796255614903e-07, 4.281865972375233e-11]",2.080790688756676e-07,2.0922259361073913e-07,2.1097371568631167e-08,6.688445380875763e-08,"[1.598262482719629e-17, 1.7219369763478971e-18, 1.3537724318953458e-18]",1.6132019808901308e-17,1.8271942621319517e-17,1.6708764309139492e-16,2.220446049250313e-16,"[1.2947558699993203e-13, 2.0807406354971176e-07, 1.54855044337518e-19]",2.0807406354975176e-07,2.08074295728233e-07,0.0,0.0
A_best-combined_motor3_70-eta080,tail_58_60,False,,"[-8.38367626228054e-08, -6.356047917206508e-09]",8.40773579044825e-08,8.520313711394328e-08,1.3804798508452845e-08,1.0862366789132628e-07,2.726929646090781e-08,2.726929646090781e-08,2.7530247079670442e-08,3.781530747570809e-09,3.359562916749326e-08,8.954043264539837e-08,-9.269115636346889e-30,3.019858152799186e-31,200,58.01,60.0,4.6841108566206165e-08,7.871451768272502e-09,3.237624589529653e-07,1.0430436547366193e-07,2.699869328381916e-06,7.17150415766128e-07,0.0005124415943597192,0.0005124453540134737,0.029360740603766842,0.029360956016059408,[0.0],[0.0],0.0,[0.0],[0.0],0.0,[0.0],[0.0],0.0,[0.0],[0.0],0.0,[0.0],[0.0],0.0,[0.0],[0.0],0.0,[0.0],[0.0],0.0,[0.0],[0.0],0.0,"[0.05635011865784679, 0.004128462530649389, 0.02328885378063659]",0.056501151099958916,0.023288864644691355,every physics interval; dwell = interval count * physics_dt,0.002,"[0.0, 0.0, 0.0, 0.0]","[0.0, 0.0, 0.0, 0.0]",0.0,"[0.0, 0.0, 0.0, 0.0]","[0.0, 0.0, 0.0, 0.0]",0.0,"[0.0, 0.0, 0.0, 0.0]","[0.0, 0.0, 0.0, 0.0]",0.0,"[0.0, 0.0, 0.0, 0.0]","[0.0, 0.0, 0.0, 0.0]",0.0,"[0.0, 0.0, 0.0, 0.0]","[0.0, 0.0, 0.0, 0.0]",0.0,"[0.0, 0.0, 0.0, 0.0]","[0.0, 0.0, 0.0, 0.0]",0.0,"[0.0, 0.0, 0.0, 0.0]","[0.0, 0.0, 0.0, 0.0]",0.0,"[0.0, 0.0, 0.0, 0.0]","[0.0, 0.0, 0.0, 0.0]",0.0,"[0.1082580401226542, 0.12906544485092386, 0.16133182148324823, 0.10825804112234216]","[0.0917419293588953, 0.07093451713901666, 0.03866815376282412, 0.09174193242043173]","[0.5504618356490624, 0.6057976890852554, 0.6875006900460763, 0.550461838375656]","[0.44953808111352567, 0.3942022121085118, 0.31249924862373224, 0.4495380894637002]","[0.0917419381466096, 0.07093452718486887, 0.030934530185560555, 0.09174194002722073]","[0.2, 0.2, 0.2, 0.2]","[0.2, 0.2, 0.2, 0.2]","[0.2, 0.2, 0.16000000000000003, 0.2]","[0.2, 0.2, 0.16000000000000003, 0.2]","[5.3872855039485025e-09, 8.587910402422514e-09, 4.391624258097795e-09, 5.18632702848929e-09]","[1.5697684912912132e-06, 7.926064627956911e-07]","[2.4691359815368048e-06, 1.272434582795192e-06]",1000,"body origin, body frame; no gravity/external torque","[9.034424197676566e-14, 2.0807409555366572e-07, 1.3551430849552637e-18]",2.0807409555368507e-07,2.0807423250601712e-07,1.6583811264558496e-16,2.220446049250313e-16,"[5.811870829969335e-10, 3.792402969958626e-10, 3.0599698572932314e-11]",6.946495302386299e-10,1.5302775534515675e-09,1.2503916177989219e-08,3.9032370835467844e-08,"[5.811028452834379e-10, 2.0807153334660314e-07, 3.059969853241559e-11]",2.0807234704800374e-07,2.0912333142631035e-07,1.2503916174545707e-08,3.903237061342324e-08,"[1.585352590151006e-17, 1.8118182922429944e-18, 1.3537475358957491e-18]",1.6014043881072006e-17,1.8409927844370582e-17,1.6583811264558496e-16,2.220446049250313e-16,"[9.034403244866748e-14, 2.0807409555531513e-07, 1.7482234731686759e-19]",2.0807409555533416e-07,2.0807423250883607e-07,0.0,0.0
A_best-combined_motor3_70-eta080,fault_5_60,False,,"[-0.0018639052558499733, -0.0001518692765096206]",0.0018700821051314057,0.004789740669009612,0.004409581453656567,0.026723325245068666,-0.0007797600700281687,0.0007797600700281687,0.00223231278166914,0.00209169658134087,0.013844712870551779,0.00528439552187079,-2.371692252312041e-20,-5.082197683525802e-21,5500,5.01,60.0,0.002831369458791087,0.0017545186442467602,0.01835919460532946,0.008560030370286409,2.3606161635348664,0.9412044657754997,0.0006085719147629907,0.005747339337436531,0.03486860224611465,0.3292982874646281,[0.0],[0.0],0.0,[0.0],[0.0],0.0,[0.0],[0.0],0.0,[0.0],[0.0],0.0,[0.0],[0.0],0.0,[0.0],[0.0],0.0,[0.0],[0.0],0.0,[0.0],[0.0],0.0,"[0.05635011865784679, 0.004128462530649389, 0.02328885378063659]",0.056501151099958916,0.02328949944443194,every physics interval; dwell = interval count * physics_dt,0.002,"[0.0, 0.0, 0.0, 0.0]","[0.0, 0.0, 0.0, 0.0]",0.0,"[0.0, 0.0, 0.0, 0.0]","[0.0, 0.0, 0.0, 0.0]",0.0,"[0.0, 0.0, 0.0, 0.0]","[0.0, 0.0, 0.0, 0.0]",0.0,"[0.0, 0.0, 0.0, 0.0]","[0.0, 0.0, 0.0, 0.0]",0.0,"[0.0, 0.0, 0.0, 0.0]","[0.0, 0.0, 0.0, 0.0]",0.0,"[0.0, 0.0, 0.0, 0.0]","[0.0, 0.0, 0.0, 0.0]",0.0,"[0.0, 0.0, 0.0, 0.0]","[0.0, 0.0, 0.0, 0.0]",0.0,"[0.0, 0.0, 0.0, 0.0]","[0.0, 0.0, 0.0, 0.0]",0.0,"[0.0871755502974423, 0.10591847414776412, 0.15111552757607133, 0.08928513648187308]","[0.05612420435330093, 0.04942180947057104, 0.0075537015667882235, 0.06704695950866468]","[0.4910767923641022, 0.5440602695333462, 0.6620387029656548, 0.4972105135980134]","[0.3562106606290594, 0.3393094743957724, 0.23641599132222935, 0.38413393531792794]","[0.07453346296714014, 0.06298009616862604, 0.02048078805913922, 0.07893278830297105]","[0.2, 0.2, 0.2, 0.2]","[0.2, 0.2, 0.2, 0.2]","[0.2, 0.2, 0.16000000000000003, 0.2]","[0.2, 0.2, 0.16000000000000003, 0.2]","[0.0012904389731519322, 0.0013506556084575102, 0.0012104867137639388, 0.000993145130617352]","[0.06878361601410594, 0.11801349995669497]","[1.4773419170038529, 1.8593331847789178]",27500,"body origin, body frame; no gravity/external torque","[1.753319758279351e-08, 2.0857156938818275e-07, 1.3502851170368786e-18]",2.0930722055038183e-07,4.806706011781213e-07,1.6740254279234027e-16,2.220446049250313e-16,"[0.00011556064951198337, 8.362593437516608e-05, 9.263987709298325e-06]",0.0001429453814714917,0.0023849296007203867,0.0017170857958731746,0.042717033433766094,"[0.00011554444651113394, 8.361285370179311e-05, 9.263987709298315e-06]",0.0001429246301097211,0.002384493290442381,0.0017170857958731705,0.04271703343376587,"[1.5885940722686817e-17, 1.7354463930953212e-18, 1.3535839249882045e-18]",1.6037676772837875e-17,2.829478171321533e-17,1.6740254279234027e-16,2.220446049250313e-16,"[1.7533197582723346e-08, 2.0857156938968976e-07, 1.5521347365640901e-19]",2.0930722055188144e-07,4.806706011900699e-07,0.0,0.0
A_best-combined_motor3_70-eta080,full_0_60,True,,,,,,,,,,,,,,,,,,,,,,,,,,,,,,,,,,,,,,,,,,,,,,,,,,,,,,,,,,,,,,,,,,,,,,,,,,,,,,,,,,,,,,,,,,,,,,,,,,,,,,,,,,,,,,,,,,,,,,,
A_best-combined_motor3_70-eta080,pre_3_5,True,,,,,,,,,,,,,,,,,,,,,,,,,,,,,,,,,,,,,,,,,,,,,,,,,,,,,,,,,,,,,,,,,,,,,,,,,,,,,,,,,,,,,,,,,,,,,,,,,,,,,,,,,,,,,,,,,,,,,,,
A_best-combined_motor3_70-eta080,tail_18_20,True,,,,,,,,,,,,,,,,,,,,,,,,,,,,,,,,,,,,,,,,,,,,,,,,,,,,,,,,,,,,,,,,,,,,,,,,,,,,,,,,,,,,,,,,,,,,,,,,,,,,,,,,,,,,,,,,,,,,,,,
A_best-combined_motor3_70-eta080,pre_second_28_30,True,,,,,,,,,,,,,,,,,,,,,,,,,,,,,,,,,,,,,,,,,,,,,,,,,,,,,,,,,,,,,,,,,,,,,,,,,,,,,,,,,,,,,,,,,,,,,,,,,,,,,,,,,,,,,,,,,,,,,,,
A_best-combined_motor3_70-eta080,tail_58_60,True,,,,,,,,,,,,,,,,,,,,,,,,,,,,,,,,,,,,,,,,,,,,,,,,,,,,,,,,,,,,,,,,,,,,,,,,,,,,,,,,,,,,,,,,,,,,,,,,,,,,,,,,,,,,,,,,,,,,,,,
A_best-combined_motor3_70-eta080,fault_5_60,True,,,,,,,,,,,,,,,,,,,,,,,,,,,,,,,,,,,,,,,,,,,,,,,,,,,,,,,,,,,,,,,,,,,,,,,,,,,,,,,,,,,,,,,,,,,,,,,,,,,,,,,,,,,,,,,,,,,,,,,
A_best-combined_motor3_70-eta075,full_0_60,False,,"[-0.0047224612722431055, -0.0003454508825551786]",0.004735079384772142,0.011841222787874185,0.010853275097037578,0.052114797434782804,-0.0019547443801370625,0.0019547443801370625,0.00497265811710396,0.004572341102534056,0.020439858015710022,0.012842970289682632,7.047314121155779e-19,1.3213713977167085e-19,6000,0.01,60.0,0.011692051995251944,0.004959990387949634,0.04879785489023207,0.020504353779422287,4.86361013410053,1.4236175161028919,0.00048248404106921995,0.009144552749411493,0.02764429923568298,0.5239442780760316,[0.07],[0.07],0.07,[0.07],[0.07],0.07,[0.0],[0.0],0.0,[0.0],[0.0],0.0,[0.0],[0.0],0.0,[0.0],[0.0],0.0,[0.0],[0.0],0.0,[0.0],[0.0],0.0,"[0.05635011795601459, 0.004128460823400143, 0.023288854192954487]",0.056501150275256415,0.023289523250236473,every physics interval; dwell = interval count * physics_dt,0.002,"[0.0, 0.0, 0.07, 0.0]","[0.0, 0.0, 0.07, 0.0]",0.07,"[0.0, 0.0, 0.0, 0.0]","[0.0, 0.0, 0.0, 0.0]",0.0,"[0.0, 0.0, 0.07, 0.0]","[0.0, 0.0, 0.07, 0.0]",0.07,"[0.0, 0.0, 0.0, 0.0]","[0.0, 0.0, 0.0, 0.0]",0.0,"[0.0, 0.0, 0.0, 0.0]","[0.0, 0.0, 0.0, 0.0]",0.0,"[0.0, 0.0, 0.0, 0.0]","[0.0, 0.0, 0.0, 0.0]",0.0,"[0.0, 0.0, 0.0, 0.0]","[0.0, 0.0, 0.0, 0.0]",0.0,"[0.0, 0.0, 0.0, 0.0]","[0.0, 0.0, 0.0, 0.0]",0.0,"[0.08315846771637471, 0.10116515780923668, 0.10665261868665019, 0.08760630527040512]","[0.05159794850481991, 0.04202590763741845, 0.0, 0.06144731390554509]","[0.47925846915679415, 0.5309219895341002, 0.5460735141764886, 0.49233317843033353]","[0.344779420965883, 0.3208338113506273, 0.21814922562016836, 0.36975543442141645]","[0.07107721426134683, 0.05432990417688274, 0.009025211432943492, 0.07546061289769512]","[0.2, 0.2, 0.2, 0.2]","[0.2, 0.2, 0.2, 0.2]","[0.2, 0.2, 0.15000000000000002, 0.2]","[0.2, 0.2, 0.2, 0.2]","[0.0019713081959651805, 0.0018210081959925874, 0.001632472240452049, 0.0012607403207870627]","[0.1779989780737787, 0.3789582856221524]","[2.0706549042047753, 4.842587148145286]",30000,"body origin, body frame; no gravity/external torque","[8.667957442249647e-06, 8.6650726862379e-06, 1.457332644590521e-06]",1.234264109967547e-05,0.0005224877000163337,0.0002453421960590005,0.010385812202442335,"[0.00013432843264431162, 0.00013519477713995625, 1.3279487096449817e-05]",0.00019104476009603027,0.002895891682067615,0.0028800593639649497,0.0565604846272022,"[0.0001362789452459456, 0.00013739378669641074, 1.3808940362863579e-05]",0.000194009511040241,0.002909963206548198,0.0029004704384478653,0.0565604846272022,"[8.674073341665688e-06, 8.674073341663917e-06, 1.457332644590521e-06]",1.2353255243463123e-05,0.0005229373141202093,0.0002453421960590005,0.010385812202442335,"[2.0408631617779942e-08, 2.093751937742522e-07, 1.5674128981281802e-19]",2.1036749751926203e-07,5.561258797961317e-07,0.0,0.0
A_best-combined_motor3_70-eta075,pre_3_5,False,,"[-0.02973856406313486, -0.0025841458025280288]",0.02985062816869855,0.030131056072998035,0.004101284921613264,0.035938518658858054,-0.01447063476884988,0.01447063476884988,0.014595220986135252,0.0019029464050981753,0.017994832098413016,0.033479859851980785,6.776263578034403e-20,-1.9185296255309903e-19,200,3.0100000000000002,5.0,0.010637485354529021,0.0033973823107579376,0.11444676190307182,0.05507526932652865,0.5990580907876889,0.09402338798759814,0.002037674298540851,0.0025252845080633,0.11675013732867129,0.1446881443817974,[0.0],[0.0],0.0,[0.0],[0.0],0.0,[0.0],[0.0],0.0,[0.0],[0.0],0.0,[0.0],[0.0],0.0,[0.0],[0.0],0.0,[0.0],[0.0],0.0,[0.0],[0.0],0.0,"[0.035801418324977685, 0.0024555539071012284, 0.014688544504699476]",0.03588553049727324,0.014688544504699476,every physics interval; dwell = interval count * physics_dt,0.002,"[0.0, 0.0, 0.0, 0.0]","[0.0, 0.0, 0.0, 0.0]",0.0,"[0.0, 0.0, 0.0, 0.0]","[0.0, 0.0, 0.0, 0.0]",0.0,"[0.0, 0.0, 0.0, 0.0]","[0.0, 0.0, 0.0, 0.0]",0.0,"[0.0, 0.0, 0.0, 0.0]","[0.0, 0.0, 0.0, 0.0]",0.0,"[0.0, 0.0, 0.0, 0.0]","[0.0, 0.0, 0.0, 0.0]",0.0,"[0.0, 0.0, 0.0, 0.0]","[0.0, 0.0, 0.0, 0.0]",0.0,"[0.0, 0.0, 0.0, 0.0]","[0.0, 0.0, 0.0, 0.0]",0.0,"[0.0, 0.0, 0.0, 0.0]","[0.0, 0.0, 0.0, 0.0]",0.0,"[0.1075136769941142, 0.12795563074405034, 0.12880521964419664, 0.10749292233366971]","[0.09097477038764368, 0.06965821113726708, 0.07068932356081334, 0.09105847084085449]","[0.5484295682149811, 0.6029096173897058, 0.6051210683632064, 0.5483728443941563]","[0.447447862095005, 0.3908885739912954, 0.39356498918714666, 0.4476757047041333]","[0.09140343801828132, 0.07038821476083523, 0.0707786972249487, 0.09147396633469046]","[0.2, 0.2, 0.2, 0.2]","[0.2, 0.2, 0.2, 0.2]","[0.2, 0.2, 0.2, 0.2]","[0.2, 0.2, 0.2, 0.2]","[0.00028390734280996706, 0.00046059329539348124, 9.848848709644325e-05, 0.00028596576861140765]","[0.2955164362240578, 0.13552590298261966]","[0.5711069415389705, 0.20914981820416145]",1000,"body origin, body frame; no gravity/external torque","[6.195138356178489e-09, 2.08095863634974e-07, 2.4744684234955073e-19]",2.0818805969900847e-07,2.1378148141720287e-07,4.8074067159589095e-17,5.551115123125783e-17,"[3.967350874208205e-05, 1.3104214376210287e-05, 1.64249614645901e-07]",4.17819902381594e-05,0.00010571921327651156,0.0003740871909306649,0.0009944755359624358,"[3.96677852242471e-05, 1.3101221739550455e-05, 1.6424961464591205e-07]",4.177561697451967e-05,0.00010577214033357305,0.00037408719093066564,0.0009944755359624913,"[6.614579631726129e-17, 7.669533057178075e-19, 2.4694778238859374e-19]",6.615070348095322e-17,6.82776636242618e-17,4.8074067159589095e-17,5.551115123125783e-17,"[6.1951383562423645e-09, 2.0809586363536732e-07, 1.5101188829344653e-19]",2.0818805969940385e-07,2.1378148142145583e-07,0.0,0.0
A_best-combined_motor3_70-eta075,tail_18_20,False,,"[-0.0009371119066600757, -0.00010109262578694154]",0.0009425489083292076,0.0009507251578956821,0.00012441817095260036,0.0011679371307452713,-0.00023004954517900355,0.00023004954517900355,0.00023319041002201925,3.814412260324015e-05,0.0003030228966707238,0.0009789055588676607,-1.819797347616661e-21,4.03250548619601e-23,200,18.01,20.0,0.00022635662993164457,6.770632090335388e-05,0.0035862419824420864,0.0008657366719114568,0.004969551867655901,0.0005258679841522409,0.0005644673353226981,0.0005754122552176485,0.03234159598698642,0.03296869370407585,[0.0],[0.0],0.0,[0.0],[0.0],0.0,[0.0],[0.0],0.0,[0.0],[0.0],0.0,[0.0],[0.0],0.0,[0.0],[0.0],0.0,[0.0],[0.0],0.0,[0.0],[0.0],0.0,"[0.05571185925896425, 0.004065525573658504, 0.023177745209886375]",0.05586000143466443,0.023177745209886375,every physics interval; dwell = interval count * physics_dt,0.002,"[0.0, 0.0, 0.0, 0.0]","[0.0, 0.0, 0.0, 0.0]",0.0,"[0.0, 0.0, 0.0, 0.0]","[0.0, 0.0, 0.0, 0.0]",0.0,"[0.0, 0.0, 0.0, 0.0]","[0.0, 0.0, 0.0, 0.0]",0.0,"[0.0, 0.0, 0.0, 0.0]","[0.0, 0.0, 0.0, 0.0]",0.0,"[0.0, 0.0, 0.0, 0.0]","[0.0, 0.0, 0.0, 0.0]",0.0,"[0.0, 0.0, 0.0, 0.0]","[0.0, 0.0, 0.0, 0.0]",0.0,"[0.0, 0.0, 0.0, 0.0]","[0.0, 0.0, 0.0, 0.0]",0.0,"[0.0, 0.0, 0.0, 0.0]","[0.0, 0.0, 0.0, 0.0]",0.0,"[0.10825562415004286, 0.12906225627047893, 0.1720845808128355, 0.1082568959432794]","[0.09173935084977348, 0.07093095320180898, 0.02791031809290681, 0.09174095119655977]","[0.5504552461935542, 0.6057894004213673, 0.7139998232680873, 0.5504587149571909]","[0.44953104839525815, 0.3941929477722764, 0.28598766723109126, 0.44953541323269874]","[0.09174006528337666, 0.07093213016752323, 0.02093296501092068, 0.09174151446788101]","[0.2, 0.2, 0.2, 0.2]","[0.2, 0.2, 0.2, 0.2]","[0.2, 0.2, 0.15000000000000002, 0.2]","[0.2, 0.2, 0.15000000000000002, 0.2]","[4.740075878976937e-07, 7.080829609867652e-07, 4.176645853955205e-07, 3.7425738505120786e-07]","[0.002207040805829462, 0.0014253024151814641]","[0.004101727615989173, 0.0028262248252567674]",1000,"body origin, body frame; no gravity/external torque","[9.900641756668218e-12, 2.0807410583760743e-07, 2.2328510318674683e-18]",2.0807410607315482e-07,2.0809030862665288e-07,5.5232898094427217e-17,1.1102230246251565e-16,"[5.2955515847395274e-08, 2.0742822606668815e-08, 1.2313131930873585e-09]",5.688644373253553e-08,1.5066653864030752e-07,1.1077466130077067e-06,2.8507972920643887e-06,"[5.294786184495028e-08, 2.093159774993622e-07, 1.2313131929100517e-09]",2.1591241428561832e-07,2.9595371640696416e-07,1.1077466130093104e-06,2.8507972921199e-06,"[1.7734056177100252e-17, 7.301742717339306e-17, 2.23566221269227e-18]",7.517339692366953e-17,7.688103644213546e-17,5.5232898094427217e-17,1.1102230246251565e-16,"[9.90064246785607e-12, 2.080741057645935e-07, 1.6154248539704589e-19]",2.0807410600014143e-07,2.0809030855401382e-07,0.0,0.0
A_best-combined_motor3_70-eta075,pre_second_28_30,False,,"[-9.256083534312981e-05, -8.406463498000631e-06]",9.294179290266143e-05,9.377837343155846e-05,1.2498258098936025e-05,0.00011600322835598041,-1.0426217035068851e-05,1.0426217035068851e-05,1.0633824711197923e-05,2.0909869263397417e-06,1.4443216144743865e-05,9.437934917903023e-05,3.6964633623463424e-24,-4.8467614016778965e-26,200,28.01,30.0,2.1796325756396524e-05,3.7361808448521743e-06,0.00035339223389246356,3.8809540815715935e-05,0.00012064519484269206,1.456559808960474e-05,0.0005167296523459763,0.0005179484358237929,0.029606428228686744,0.029676259378105908,[0.0],[0.0],0.0,[0.0],[0.0],0.0,[0.0],[0.0],0.0,[0.0],[0.0],0.0,[0.0],[0.0],0.0,[0.0],[0.0],0.0,[0.0],[0.0],0.0,[0.0],[0.0],0.0,"[0.056287492048448746, 0.004123196483939499, 0.023286319561548804]",0.056438307118032445,0.023286319561548804,every physics interval; dwell = interval count * physics_dt,0.002,"[0.0, 0.0, 0.0, 0.0]","[0.0, 0.0, 0.0, 0.0]",0.0,"[0.0, 0.0, 0.0, 0.0]","[0.0, 0.0, 0.0, 0.0]",0.0,"[0.0, 0.0, 0.0, 0.0]","[0.0, 0.0, 0.0, 0.0]",0.0,"[0.0, 0.0, 0.0, 0.0]","[0.0, 0.0, 0.0, 0.0]",0.0,"[0.0, 0.0, 0.0, 0.0]","[0.0, 0.0, 0.0, 0.0]",0.0,"[0.0, 0.0, 0.0, 0.0]","[0.0, 0.0, 0.0, 0.0]",0.0,"[0.0, 0.0, 0.0, 0.0]","[0.0, 0.0, 0.0, 0.0]",0.0,"[0.0, 0.0, 0.0, 0.0]","[0.0, 0.0, 0.0, 0.0]",0.0,"[0.10825798696223561, 0.12906536983233605, 0.1720871957723663, 0.1082580196368859]","[0.0917419109363893, 0.07093449223720205, 0.027912671801432226, 0.0917419372566695]","[0.5504616906569005, 0.6057974940762275, 0.714006235984783, 0.5504617797752419]","[0.44953803086714994, 0.39420214737685144, 0.2859934392642114, 0.4495381026542741]","[0.09174191849232212, 0.07093450118765302, 0.02093451217372186, 0.09174194599226392]","[0.2, 0.2, 0.2, 0.2]","[0.2, 0.2, 0.2, 0.2]","[0.2, 0.2, 0.15000000000000002, 0.2]","[0.2, 0.2, 0.15000000000000002, 0.2]","[1.00311065793789e-08, 1.2355873966781617e-08, 1.2266695505704266e-08, 5.868599246574128e-09]","[5.574629115199519e-05, 4.2193563061495474e-05]","[9.737774038400222e-05, 8.270515523848824e-05]",1000,"body origin, body frame; no gravity/external torque","[1.6819534050392453e-13, 2.0807405745883572e-07, 2.2091428623745976e-18]",2.080740574589038e-07,2.080743274124048e-07,5.606351459942526e-17,1.1102230246251565e-16,"[5.924891285785602e-10, 4.674163440046809e-10, 4.661585771335195e-11]",7.561047839531471e-10,2.0135498940405747e-09,3.118335317410346e-08,8.748804164460111e-08,"[5.92402982596504e-10, 2.080894756822566e-07, 4.661585769604696e-11]",2.0809032414806895e-07,2.0922426226741618e-07,3.1183353174460695e-08,8.748804170011226e-08,"[1.7788008296289466e-17, 7.3115213536911e-17, 2.2239128045155384e-18]",7.528076432833984e-17,7.752324415450229e-17,5.606351459942526e-17,1.1102230246251565e-16,"[1.6819377579510058e-13, 2.0807405738572515e-07, 1.5256076869982431e-19]",2.0807405738579279e-07,2.0807432733954643e-07,0.0,0.0
A_best-combined_motor3_70-eta075,tail_58_60,False,,"[-8.292742408321037e-08, -7.4417951710179875e-09]",8.326066286334746e-08,8.42140342236637e-08,1.2635884606167982e-08,1.086012737960456e-07,2.6103352918083188e-08,2.6103352918083188e-08,2.6209219714260073e-08,2.3533305047010717e-09,3.1233511998962626e-08,8.819822423526883e-08,2.8103169748498546e-30,1.6177811532852781e-31,200,58.01,60.0,4.191440136136892e-08,8.704934837422298e-09,3.1874276008666864e-07,1.0123958220189172e-07,2.561320938754782e-06,7.245520905624268e-07,0.0005124415181223606,0.0005124434406480696,0.029360736235687954,0.02936084638829708,[0.0],[0.0],0.0,[0.0],[0.0],0.0,[0.0],[0.0],0.0,[0.0],[0.0],0.0,[0.0],[0.0],0.0,[0.0],[0.0],0.0,[0.0],[0.0],0.0,[0.0],[0.0],0.0,"[0.05635011795601459, 0.004128460823400143, 0.023288854192954487]",0.056501150275256415,0.023288864586596444,every physics interval; dwell = interval count * physics_dt,0.002,"[0.0, 0.0, 0.0, 0.0]","[0.0, 0.0, 0.0, 0.0]",0.0,"[0.0, 0.0, 0.0, 0.0]","[0.0, 0.0, 0.0, 0.0]",0.0,"[0.0, 0.0, 0.0, 0.0]","[0.0, 0.0, 0.0, 0.0]",0.0,"[0.0, 0.0, 0.0, 0.0]","[0.0, 0.0, 0.0, 0.0]",0.0,"[0.0, 0.0, 0.0, 0.0]","[0.0, 0.0, 0.0, 0.0]",0.0,"[0.0, 0.0, 0.0, 0.0]","[0.0, 0.0, 0.0, 0.0]",0.0,"[0.0, 0.0, 0.0, 0.0]","[0.0, 0.0, 0.0, 0.0]",0.0,"[0.0, 0.0, 0.0, 0.0]","[0.0, 0.0, 0.0, 0.0]",0.0,"[0.10825803769567796, 0.12906543574450344, 0.17208727197970441, 0.1082580387607987]","[0.091741929625604, 0.07093451295268449, 0.027912696385743813, 0.09174192870177234]","[0.5504618290296172, 0.6057976654133356, 0.7140064228693277, 0.5504618319346752]","[0.44953808184096045, 0.39420220122624205, 0.28599349955273146, 0.4495380793212588]","[0.09174193869190278, 0.07093452605402215, 0.020934531693452663, 0.09174193939657012]","[0.2, 0.2, 0.2, 0.2]","[0.2, 0.2, 0.2, 0.2]","[0.2, 0.2, 0.15000000000000002, 0.2]","[0.2, 0.2, 0.15000000000000002, 0.2]","[5.4694517116661386e-09, 8.444223445288034e-09, 5.5030519421544505e-09, 5.79847497566671e-09]","[1.1654640819646625e-06, 9.405851448777031e-07]","[2.113421263696642e-06, 1.7846089032052725e-06]",1000,"body origin, body frame; no gravity/external torque","[9.616284263652613e-14, 2.0807409547015992e-07, 2.191158894086852e-18]",2.0807409547018297e-07,2.0807423258067807e-07,5.382005793715204e-17,1.1102230246251565e-16,"[6.201894913816841e-10, 3.1226383905871753e-10, 2.6429495404297506e-11]",6.948684973657149e-10,1.909161256474093e-09,1.4216047696465494e-08,4.2132362154667646e-08,"[6.200997406674898e-10, 2.0807430274323464e-07, 2.6429495448896254e-11]",2.0807522842541795e-07,2.0895946458575018e-07,1.4216047693590963e-08,4.2132362099156495e-08,"[1.775316314511928e-17, 7.300985228609652e-17, 2.198352541928722e-18]",7.516944915584696e-17,7.714950493167471e-17,5.382005793715204e-17,1.1102230246251565e-16,"[9.616313345020088e-14, 2.0807409539715624e-07, 1.586051042923807e-19]",2.0807409539717715e-07,2.0807423250760287e-07,0.0,0.0
A_best-combined_motor3_70-eta075,fault_5_60,False,,"[-0.0018929431166650678, -0.0001534100071996301]",0.0018991493551689534,0.004934498033618222,0.0045543937654251646,0.02973071704739643,-0.0007950399631801767,0.0007950399631801767,0.0023340359670624452,0.002194455593646764,0.01533100213659322,0.0054586623580620205,-1.6940658945086007e-19,1.6940658945086007e-20,5500,5.01,60.0,0.004306854826522195,0.002534731580964792,0.019240558900440755,0.009169402844741433,3.2288869873327233,1.1552839150606415,0.0005817387164314395,0.009144552749411493,0.03333117323087928,0.5239442780760316,[0.07],[0.07],0.07,[0.07],[0.07],0.07,[0.0],[0.0],0.0,[0.0],[0.0],0.0,[0.0],[0.0],0.0,[0.0],[0.0],0.0,[0.0],[0.0],0.0,[0.0],[0.0],0.0,"[0.05635011795601459, 0.004128460823400143, 0.023288854192954487]",0.056501150275256415,0.023289523250236473,every physics interval; dwell = interval count * physics_dt,0.002,"[0.0, 0.0, 0.07, 0.0]","[0.0, 0.0, 0.07, 0.0]",0.07,"[0.0, 0.0, 0.0, 0.0]","[0.0, 0.0, 0.0, 0.0]",0.0,"[0.0, 0.0, 0.07, 0.0]","[0.0, 0.0, 0.07, 0.0]",0.07,"[0.0, 0.0, 0.0, 0.0]","[0.0, 0.0, 0.0, 0.0]",0.0,"[0.0, 0.0, 0.0, 0.0]","[0.0, 0.0, 0.0, 0.0]",0.0,"[0.0, 0.0, 0.0, 0.0]","[0.0, 0.0, 0.0, 0.0]",0.0,"[0.0, 0.0, 0.0, 0.0]","[0.0, 0.0, 0.0, 0.0]",0.0,"[0.0, 0.0, 0.0, 0.0]","[0.0, 0.0, 0.0, 0.0]",0.0,"[0.08315846771637471, 0.10116515780923668, 0.1583347815705822, 0.08760630527040512]","[0.05159794850481991, 0.048342860067302595, 0.0, 0.06144731390554509]","[0.47925846915679415, 0.5309219895341002, 0.6800629964460111, 0.49233317843033353]","[0.344779420965883, 0.33660336277800784, 0.21814922562016836, 0.36975543442141645]","[0.07136575375932724, 0.06164099901728262, 0.009025211432943492, 0.07546061289769512]","[0.2, 0.2, 0.2, 0.2]","[0.2, 0.2, 0.2, 0.2]","[0.2, 0.2, 0.15000000000000002, 0.2]","[0.2, 0.2, 0.15000000000000002, 0.2]","[0.001421246546973494, 0.0014684752987603213, 0.0014736804047405596, 0.0011156724864417166]","[0.10454602660966976, 0.17376063868168404]","[2.0706549042047753, 2.564823654228882]",27500,"body origin, body frame; no gravity/external torque","[9.05337906704279e-06, 9.050137180332777e-06, 1.522134304308216e-06]",1.289129738834425e-05,0.0005224877000163337,0.0002562515663818443,0.010385812202442335,"[0.00011971109159136674, 9.318955701525898e-05, 1.0873092459113527e-05]",0.00015209622982284088,0.002895891682067615,0.0021938294144524693,0.0565604846272022,"[0.00012209871846789272, 9.665248365294171e-05, 1.157022123098342e-05]",0.00015615271264732682,0.002909963206548198,0.0022229710747118,0.0565604846272022,"[9.059774129429819e-06, 9.05977412942797e-06, 1.522134304308216e-06]",1.2902554297226965e-05,0.0005229373141202093,0.0002562515663818443,0.010385812202442335,"[1.7993297680941102e-08, 2.0868692929437058e-07, 1.5712942401784625e-19]",2.0946119740837322e-07,4.781497548951838e-07,0.0,0.0
A_best-combined_motor3_70-eta075,full_0_60,True,,,,,,,,,,,,,,,,,,,,,,,,,,,,,,,,,,,,,,,,,,,,,,,,,,,,,,,,,,,,,,,,,,,,,,,,,,,,,,,,,,,,,,,,,,,,,,,,,,,,,,,,,,,,,,,,,,,,,,,
A_best-combined_motor3_70-eta075,pre_3_5,True,,,,,,,,,,,,,,,,,,,,,,,,,,,,,,,,,,,,,,,,,,,,,,,,,,,,,,,,,,,,,,,,,,,,,,,,,,,,,,,,,,,,,,,,,,,,,,,,,,,,,,,,,,,,,,,,,,,,,,,
A_best-combined_motor3_70-eta075,tail_18_20,True,,,,,,,,,,,,,,,,,,,,,,,,,,,,,,,,,,,,,,,,,,,,,,,,,,,,,,,,,,,,,,,,,,,,,,,,,,,,,,,,,,,,,,,,,,,,,,,,,,,,,,,,,,,,,,,,,,,,,,,
A_best-combined_motor3_70-eta075,pre_second_28_30,True,,,,,,,,,,,,,,,,,,,,,,,,,,,,,,,,,,,,,,,,,,,,,,,,,,,,,,,,,,,,,,,,,,,,,,,,,,,,,,,,,,,,,,,,,,,,,,,,,,,,,,,,,,,,,,,,,,,,,,,
A_best-combined_motor3_70-eta075,tail_58_60,True,,,,,,,,,,,,,,,,,,,,,,,,,,,,,,,,,,,,,,,,,,,,,,,,,,,,,,,,,,,,,,,,,,,,,,,,,,,,,,,,,,,,,,,,,,,,,,,,,,,,,,,,,,,,,,,,,,,,,,,
A_best-combined_motor3_70-eta075,fault_5_60,True,,,,,,,,,,,,,,,,,,,,,,,,,,,,,,,,,,,,,,,,,,,,,,,,,,,,,,,,,,,,,,,,,,,,,,,,,,,,,,,,,,,,,,,,,,,,,,,,,,,,,,,,,,,,,,,,,,,,,,,
A_best-combined_motor3_70-eta068,full_0_60,False,,"[-0.0053756370647121, -0.00011568355596511314]",0.005376881674040006,0.014908133557207078,0.013904732633995397,0.09755420595336768,-0.002571328237932205,0.002571328237932205,0.007234428112000045,0.006762042679583499,0.04008641870192542,0.01657073915874667,-8.131516293641283e-20,2.1006417091906648e-19,6000,0.01,60.0,0.03276406863802698,0.010535280628478657,0.06810367613931807,0.030810095156992748,11.54540159220448,1.660115822026486,-0.0008839921393676944,0.06081402427379509,-0.05064901870850936,3.4843869260946,[1.27],[0.52],1.27,[1.27],[0.52],1.27,[0.0],[0.0],0.0,[0.0],[0.0],0.0,[0.0],[0.0],0.0,[0.0],[0.0],0.0,[0.0],[0.0],0.0,[0.0],[0.0],0.0,"[0.0563501269478843, 0.004128427887088514, 0.023288837843911364]",0.05650115683648935,0.02329079984735828,every physics interval; dwell = interval count * physics_dt,0.002,"[0.0, 0.0, 1.27, 0.0]","[0.0, 0.0, 0.52, 0.0]",1.27,"[0.0, 0.0, 0.0, 0.0]","[0.0, 0.0, 0.0, 0.0]",0.0,"[0.0, 0.0, 1.27, 0.0]","[0.0, 0.0, 0.52, 0.0]",1.27,"[0.0, 0.0, 0.0, 0.0]","[0.0, 0.0, 0.0, 0.0]",0.0,"[0.0, 0.0, 0.0, 0.0]","[0.0, 0.0, 0.0, 0.0]",0.0,"[0.0, 0.0, 0.0, 0.0]","[0.0, 0.0, 0.0, 0.0]",0.0,"[0.0, 0.0, 0.0, 0.0]","[0.0, 0.0, 0.0, 0.0]",0.0,"[0.0, 0.0, 0.0, 0.0]","[0.0, 0.0, 0.0, 0.0]",0.0,"[0.0773218276705128, 0.10548848268285207, 0.10665261868665019, 0.08666388508893995]","[0.05270783942023771, 0.04202590763741845, 0.0, 0.060883621239411045]","[0.4617350915545493, 0.5428791752929372, 0.5460735141764886, 0.4895817367370478]","[0.3475755936802343, 0.3208338113506273, 0.21814922562016836, 0.36831562036282917]","[0.07107721426134683, 0.05432990417688274, 3.7181895190530057e-07, 0.07614227522035885]","[0.2, 0.2, 0.2, 0.2]","[0.2, 0.2, 0.2, 0.2]","[0.2, 0.2, 0.136, 0.2]","[0.2, 0.2, 0.2, 0.2]","[0.001887117212521142, 0.0016601171533069242, 0.0018688830985700258, 0.0012989927285157218]","[0.7425462041585925, 1.0364451001705797]","[7.152866847969099, 9.182999953005757]",30000,"body origin, body frame; no gravity/external torque","[0.00016018215922101593, 0.00016015791932787608, 2.6912557638413353e-05]",0.0002281078013019075,0.0030185079322300116,0.0045307336091604655,0.0599544038738235,"[0.00010633155378952328, 0.00012980811979986827, 1.4184774779033905e-05]",0.0001683976102348431,0.00274839749976219,0.0034214623031268063,0.06503974915622096,"[0.00019538711974615005, 0.00020998705423122302, 3.178498035566786e-05]",0.0002885844321574158,0.00397560809826785,0.005995315880716636,0.10816691409844786,"[0.00016018408675186644, 0.0001601840867518708, 2.691255763841335e-05]",0.00022812752805328267,0.0030187716011354526,0.0045307336091604655,0.0599544038738235,"[1.5755910847186376e-08, 2.094061662387368e-07, 1.5145234596745462e-19]",2.0999807424219512e-07,5.561258797961317e-07,0.0,0.0
A_best-combined_motor3_70-eta068,pre_3_5,False,,"[-0.02973856406313486, -0.0025841458025280288]",0.02985062816869855,0.030131056072998035,0.004101284921613264,0.035938518658858054,-0.01447063476884988,0.01447063476884988,0.014595220986135252,0.0019029464050981753,0.017994832098413016,0.033479859851980785,6.776263578034403e-20,-1.9185296255309903e-19,200,3.0100000000000002,5.0,0.010637485354529021,0.0033973823107579376,0.11444676190307182,0.05507526932652865,0.5990580907876889,0.09402338798759814,0.002037674298540851,0.0025252845080633,0.11675013732867129,0.1446881443817974,[0.0],[0.0],0.0,[0.0],[0.0],0.0,[0.0],[0.0],0.0,[0.0],[0.0],0.0,[0.0],[0.0],0.0,[0.0],[0.0],0.0,[0.0],[0.0],0.0,[0.0],[0.0],0.0,"[0.035801418324977685, 0.0024555539071012284, 0.014688544504699476]",0.03588553049727324,0.014688544504699476,every physics interval; dwell = interval count * physics_dt,0.002,"[0.0, 0.0, 0.0, 0.0]","[0.0, 0.0, 0.0, 0.0]",0.0,"[0.0, 0.0, 0.0, 0.0]","[0.0, 0.0, 0.0, 0.0]",0.0,"[0.0, 0.0, 0.0, 0.0]","[0.0, 0.0, 0.0, 0.0]",0.0,"[0.0, 0.0, 0.0, 0.0]","[0.0, 0.0, 0.0, 0.0]",0.0,"[0.0, 0.0, 0.0, 0.0]","[0.0, 0.0, 0.0, 0.0]",0.0,"[0.0, 0.0, 0.0, 0.0]","[0.0, 0.0, 0.0, 0.0]",0.0,"[0.0, 0.0, 0.0, 0.0]","[0.0, 0.0, 0.0, 0.0]",0.0,"[0.0, 0.0, 0.0, 0.0]","[0.0, 0.0, 0.0, 0.0]",0.0,"[0.1075136769941142, 0.12795563074405034, 0.12880521964419664, 0.10749292233366971]","[0.09097477038764368, 0.06965821113726708, 0.07068932356081334, 0.09105847084085449]","[0.5484295682149811, 0.6029096173897058, 0.6051210683632064, 0.5483728443941563]","[0.447447862095005, 0.3908885739912954, 0.39356498918714666, 0.4476757047041333]","[0.09140343801828132, 0.07038821476083523, 0.0707786972249487, 0.09147396633469046]","[0.2, 0.2, 0.2, 0.2]","[0.2, 0.2, 0.2, 0.2]","[0.2, 0.2, 0.2, 0.2]","[0.2, 0.2, 0.2, 0.2]","[0.00028390734280996706, 0.00046059329539348124, 9.848848709644325e-05, 0.00028596576861140765]","[0.2955164362240578, 0.13552590298261966]","[0.5711069415389705, 0.20914981820416145]",1000,"body origin, body frame; no gravity/external torque","[6.195138356178489e-09, 2.08095863634974e-07, 2.4744684234955073e-19]",2.0818805969900847e-07,2.1378148141720287e-07,4.8074067159589095e-17,5.551115123125783e-17,"[3.967350874208205e-05, 1.3104214376210287e-05, 1.64249614645901e-07]",4.17819902381594e-05,0.00010571921327651156,0.0003740871909306649,0.0009944755359624358,"[3.96677852242471e-05, 1.3101221739550455e-05, 1.6424961464591205e-07]",4.177561697451967e-05,0.00010577214033357305,0.00037408719093066564,0.0009944755359624913,"[6.614579631726129e-17, 7.669533057178075e-19, 2.4694778238859374e-19]",6.615070348095322e-17,6.82776636242618e-17,4.8074067159589095e-17,5.551115123125783e-17,"[6.1951383562423645e-09, 2.0809586363536732e-07, 1.5101188829344653e-19]",2.0818805969940385e-07,2.1378148142145583e-07,0.0,0.0
A_best-combined_motor3_70-eta068,tail_18_20,False,,"[-0.0008925009141638684, -0.0005949588060383189]",0.0010726294153461777,0.0010833353835942086,0.00015192659635932256,0.001316941283222635,-2.46047184568432e-05,2.46047184568432e-05,3.095466959616689e-05,1.8782955024897917e-05,6.004487266697556e-05,0.0010837775347907056,-9.26442286059391e-23,6.203854594147708e-25,200,18.01,20.0,0.000763363471906258,0.00010604813125920073,0.004144029680368801,0.00015762153343952786,0.050849979983228356,0.0055342861944584635,0.0005153240423833919,0.0005613442762723289,0.02952589271018911,0.032162657884230124,[0.0],[0.0],0.0,[0.0],[0.0],0.0,[0.0],[0.0],0.0,[0.0],[0.0],0.0,[0.0],[0.0],0.0,[0.0],[0.0],0.0,[0.0],[0.0],0.0,[0.0],[0.0],0.0,"[0.05575252382124368, 0.00372299066995638, 0.02328403909011813]",0.05587669077501751,0.02328403909011813,every physics interval; dwell = interval count * physics_dt,0.002,"[0.0, 0.0, 0.0, 0.0]","[0.0, 0.0, 0.0, 0.0]",0.0,"[0.0, 0.0, 0.0, 0.0]","[0.0, 0.0, 0.0, 0.0]",0.0,"[0.0, 0.0, 0.0, 0.0]","[0.0, 0.0, 0.0, 0.0]",0.0,"[0.0, 0.0, 0.0, 0.0]","[0.0, 0.0, 0.0, 0.0]",0.0,"[0.0, 0.0, 0.0, 0.0]","[0.0, 0.0, 0.0, 0.0]",0.0,"[0.0, 0.0, 0.0, 0.0]","[0.0, 0.0, 0.0, 0.0]",0.0,"[0.0, 0.0, 0.0, 0.0]","[0.0, 0.0, 0.0, 0.0]",0.0,"[0.0, 0.0, 0.0, 0.0]","[0.0, 0.0, 0.0, 0.0]",0.0,"[0.108241166600227, 0.12904423549670352, 0.1897777423802355, 0.10825464387697165]","[0.09172200298852327, 0.07090968204139883, 0.010168508009396698, 0.09173766665397966]","[0.5504158129816049, 0.6057425547411392, 0.757118228969417, 0.5504525725309937]","[0.4494837344937963, 0.39413765543424084, 0.2427514622210527, 0.4495264548857735]","[0.09172292450060804, 0.07091069229717936, 0.006915668541360109, 0.0917380611373686]","[0.2, 0.2, 0.2, 0.2]","[0.2, 0.2, 0.2, 0.2]","[0.2, 0.2, 0.136, 0.2]","[0.2, 0.2, 0.136, 0.2]","[3.275611542575281e-06, 4.152090220043466e-06, 4.804017729295161e-06, 7.499260200002941e-07]","[0.023980301094294366, 0.014737878910140109]","[0.04330541262864467, 0.02676750013271272]",1000,"body origin, body frame; no gravity/external torque","[6.327682579243242e-11, 2.0807933991462602e-07, 1.9925266233691136e-18]",2.080793495358514e-07,2.0818442297910344e-07,1.6007052189621854e-16,2.220446049250313e-16,"[1.3191346131445217e-07, 1.2998643546669104e-07, 1.3240378696779686e-08]",1.8566890506848438e-07,3.6216024149033063e-07,1.1154113200100193e-05,2.1894108420461578e-05,"[1.3189495096540504e-07, 2.449951026150705e-07, 1.3240378696693944e-08]",2.7855732986867784e-07,5.241294066804212e-07,1.1154113200104576e-05,2.189410842062811e-05,"[1.3513881183168236e-17, 2.5021488245432462e-17, 1.9849371991383715e-18]",2.850683837842469e-17,3.0765224406978654e-17,1.6007052189621854e-16,2.220446049250313e-16,"[6.327682685464303e-11, 2.0807933993963615e-07, 1.6514075493068653e-19]",2.0807934956086211e-07,2.081844230031801e-07,0.0,0.0
A_best-combined_motor3_70-eta068,pre_second_28_30,False,,"[-8.544735862553351e-05, -5.8865410010726806e-05]",0.00010376120465670929,0.00010484508759863522,1.5036781628858669e-05,0.00012687029690934936,7.680512809515872e-07,7.680512809515872e-07,8.666311565181637e-07,4.0143092964622907e-07,1.4125734129066814e-06,0.00010484866924824054,4.911384887033602e-25,2.7767903863779616e-28,200,28.01,30.0,2.9987757494495375e-05,2.906540024255025e-06,0.00039715067358463737,4.645522153157791e-06,0.0012244950694284653,0.00015710154569281563,0.000512695014948555,0.0005139826921869144,0.02937526053394885,0.029449039005081907,[0.0],[0.0],0.0,[0.0],[0.0],0.0,[0.0],[0.0],0.0,[0.0],[0.0],0.0,[0.0],[0.0],0.0,[0.0],[0.0],0.0,[0.0],[0.0],0.0,[0.0],[0.0],0.0,"[0.056293252370030765, 0.004088657135765089, 0.02329034790838924]",0.056441539486178235,0.023290653695962744,every physics interval; dwell = interval count * physics_dt,0.002,"[0.0, 0.0, 0.0, 0.0]","[0.0, 0.0, 0.0, 0.0]",0.0,"[0.0, 0.0, 0.0, 0.0]","[0.0, 0.0, 0.0, 0.0]",0.0,"[0.0, 0.0, 0.0, 0.0]","[0.0, 0.0, 0.0, 0.0]",0.0,"[0.0, 0.0, 0.0, 0.0]","[0.0, 0.0, 0.0, 0.0]",0.0,"[0.0, 0.0, 0.0, 0.0]","[0.0, 0.0, 0.0, 0.0]",0.0,"[0.0, 0.0, 0.0, 0.0]","[0.0, 0.0, 0.0, 0.0]",0.0,"[0.0, 0.0, 0.0, 0.0]","[0.0, 0.0, 0.0, 0.0]",0.0,"[0.0, 0.0, 0.0, 0.0]","[0.0, 0.0, 0.0, 0.0]",0.0,"[0.10825755410779045, 0.12906482110860337, 0.18980141224218885, 0.10825794975815974]","[0.09174151894049797, 0.0709340047469792, 0.01019723411178397, 0.09174182780811099]","[0.5504605100690754, 0.6057960676811126, 0.7571756138151137, 0.5504615891847869]","[0.4495369617203778, 0.3942008801584972, 0.24282110444557792, 0.44953780413934574]","[0.0917415477766268, 0.07093404447706306, 0.006934140762314106, 0.09174183204434364]","[0.2, 0.2, 0.2, 0.2]","[0.2, 0.2, 0.2, 0.2]","[0.2, 0.2, 0.136, 0.2]","[0.2, 0.2, 0.136, 0.2]","[9.057487159805105e-08, 1.1366392875560679e-07, 1.3181035108186226e-07, 1.9840643980502193e-08]","[0.0005977268193344294, 0.00036850749117860247]","[0.001053363723873907, 0.0006274934037691492]",1000,"body origin, body frame; no gravity/external torque","[1.5887640377771652e-12, 2.0807398173842614e-07, 1.9886582988535007e-18]",2.0807398174449185e-07,2.0807649264451592e-07,1.6150787958109265e-16,2.220446049250313e-16,"[3.676352620122256e-09, 3.5692227747887685e-09, 3.661005530628113e-10]",5.1370175606574965e-09,1.039497759731551e-08,3.0562337043901136e-07,6.165774373845245e-07,"[3.6758629944533014e-09, 2.083469462434833e-07, 3.6610055301421966e-10]",2.0837969192642988e-07,2.158046783459913e-07,3.056233704275934e-07,6.165774372179911e-07,"[1.354927892889034e-17, 2.4936989367276113e-17, 1.989421379756334e-18]",2.8449854052749495e-17,3.0228492523427894e-17,1.6150787958109265e-16,2.220446049250313e-16,"[1.5887629376956846e-12, 2.0807398176335234e-07, 1.4219178187976739e-19]",2.0807398176941762e-07,2.0807649266923592e-07,0.0,0.0
A_best-combined_motor3_70-eta068,tail_58_60,False,,"[-7.190077051332893e-08, -5.769888129242814e-08]",9.218937955539187e-08,9.342415414242418e-08,1.5139051305128955e-08,1.2033419030067036e-07,8.688106393206497e-09,8.688106393206497e-09,8.846567347152743e-09,1.6669016551774966e-09,1.127680104850981e-08,9.384207122104212e-08,1.3805065841367707e-30,5.315566646508771e-32,200,58.01,60.0,4.6569889331605366e-08,7.64137255544451e-09,3.5462204302477437e-07,3.410821620498136e-08,2.4148365394514667e-06,6.731172420541686e-07,0.0005124404626761338,0.000512442365564377,0.029360675763073656,0.02936078479053888,[0.0],[0.0],0.0,[0.0],[0.0],0.0,[0.0],[0.0],0.0,[0.0],[0.0],0.0,[0.0],[0.0],0.0,[0.0],[0.0],0.0,[0.0],[0.0],0.0,[0.0],[0.0],0.0,"[0.0563501269478843, 0.004128427887088514, 0.023288837843911364]",0.05650115683648935,0.023288841307088116,every physics interval; dwell = interval count * physics_dt,0.002,"[0.0, 0.0, 0.0, 0.0]","[0.0, 0.0, 0.0, 0.0]",0.0,"[0.0, 0.0, 0.0, 0.0]","[0.0, 0.0, 0.0, 0.0]",0.0,"[0.0, 0.0, 0.0, 0.0]","[0.0, 0.0, 0.0, 0.0]",0.0,"[0.0, 0.0, 0.0, 0.0]","[0.0, 0.0, 0.0, 0.0]",0.0,"[0.0, 0.0, 0.0, 0.0]","[0.0, 0.0, 0.0, 0.0]",0.0,"[0.0, 0.0, 0.0, 0.0]","[0.0, 0.0, 0.0, 0.0]",0.0,"[0.0, 0.0, 0.0, 0.0]","[0.0, 0.0, 0.0, 0.0]",0.0,"[0.0, 0.0, 0.0, 0.0]","[0.0, 0.0, 0.0, 0.0]",0.0,"[0.10825803979357809, 0.12906544569468412, 0.18980213278567065, 0.10825803950435905]","[0.09174193109620585, 0.0709345112277863, 0.01019783043778949, 0.09174192934448407]","[0.5504618347515253, 0.6057976912785926, 0.7571773606796307, 0.550461833962697]","[0.44953808585194643, 0.3942021967424114, 0.24282255016041887, 0.44953808107422244]","[0.09174193823484535, 0.07093452666819564, 0.006934531393027604, 0.09174193926512862]","[0.2, 0.2, 0.2, 0.2]","[0.2, 0.2, 0.2, 0.2]","[0.2, 0.2, 0.136, 0.2]","[0.2, 0.2, 0.136, 0.2]","[5.839804096711971e-09, 8.304623989034105e-09, 5.162541624373006e-09, 5.987783453128323e-09]","[1.458830905082141e-06, 8.447746714052949e-07]","[2.362157502203541e-06, 1.545105831669031e-06]",1000,"body origin, body frame; no gravity/external torque","[9.208744875964126e-14, 2.080740948190124e-07, 1.9859361078732645e-18]",2.080740948190326e-07,2.0807421667711237e-07,1.5597546940945414e-16,2.220446049250313e-16,"[5.955239189352602e-10, 3.531017535178254e-10, 3.229679885760663e-11]",6.930892219460796e-10,1.716579942589949e-09,1.3858729608348254e-08,4.22262493859904e-08,"[5.954380099297915e-10, 2.0807473287462875e-07, 3.229679884518621e-11]",2.0807558734833592e-07,2.0890295429828262e-07,1.3858729611320906e-08,4.2226249219456946e-08,"[1.3717947012938202e-17, 2.4993284714005243e-17, 2.0051240335979585e-18]",2.858088300656961e-17,3.045569228898254e-17,1.5597546940945414e-16,2.220446049250313e-16,"[9.208728283877809e-14, 2.0807409484399494e-07, 1.6299132593050371e-19]",2.0807409484401477e-07,2.0807421670204902e-07,0.0,0.0
A_best-combined_motor3_70-eta068,fault_5_60,False,,"[-0.0026054985266312303, 9.724525817135129e-05]",0.0026073126418813537,0.010669824263062606,0.01034635542556534,0.09755420595336768,-0.0014676768989566953,0.0014676768989566953,0.005963833568405994,0.005780418267903728,0.04008641870192542,0.012223438985665436,-1.7618285302889447e-19,-1.0164395367051604e-19,5500,5.01,60.0,0.03225664181043837,0.010033403779058512,0.05321888840732663,0.025709670465473317,11.54540159220448,1.660115822026486,-0.0009089625713179214,0.06081402427379509,-0.05207971907187599,3.4843869260946,[1.27],[0.52],1.27,[1.27],[0.52],1.27,[0.0],[0.0],0.0,[0.0],[0.0],0.0,[0.0],[0.0],0.0,[0.0],[0.0],0.0,[0.0],[0.0],0.0,[0.0],[0.0],0.0,"[0.0563501269478843, 0.004128427887088514, 0.023288837843911364]",0.05650115683648935,0.02329079984735828,every physics interval; dwell = interval count * physics_dt,0.002,"[0.0, 0.0, 1.27, 0.0]","[0.0, 0.0, 0.52, 0.0]",1.27,"[0.0, 0.0, 0.0, 0.0]","[0.0, 0.0, 0.0, 0.0]",0.0,"[0.0, 0.0, 1.27, 0.0]","[0.0, 0.0, 0.52, 0.0]",1.27,"[0.0, 0.0, 0.0, 0.0]","[0.0, 0.0, 0.0, 0.0]",0.0,"[0.0, 0.0, 0.0, 0.0]","[0.0, 0.0, 0.0, 0.0]",0.0,"[0.0, 0.0, 0.0, 0.0]","[0.0, 0.0, 0.0, 0.0]",0.0,"[0.0, 0.0, 0.0, 0.0]","[0.0, 0.0, 0.0, 0.0]",0.0,"[0.0, 0.0, 0.0, 0.0]","[0.0, 0.0, 0.0, 0.0]",0.0,"[0.0773218276705128, 0.10548848268285207, 0.16592040991143994, 0.08666388508893995]","[0.05955713064089441, 0.04669802999414979, 0.0, 0.060883621239411045]","[0.4617350915545493, 0.5428791752929372, 0.6988422570011991, 0.4895817367370478]","[0.364932664829446, 0.33248529206374067, 0.21814922562016836, 0.36831562036282917]","[0.07848413726780512, 0.05884116442364801, 3.7181895190530057e-07, 0.07614227522035885]","[0.2, 0.2, 0.2, 0.2]","[0.2, 0.2, 0.2, 0.2]","[0.2, 0.2, 0.136, 0.2]","[0.2, 0.2, 0.136, 0.2]","[0.0012905680096866796, 0.0012431497418669162, 0.0017534945454918726, 0.0011625586004535965]","[0.760174820674277, 1.0224493370963665]","[7.152866847969099, 9.182999953005757]",27500,"body origin, body frame; no gravity/external torque","[0.00016730480842834085, 0.0001672794783039698, 2.8109249696805646e-05]",0.00023825081889348982,0.0030185079322300116,0.0047321969186541165,0.0599544038738235,"[8.354936381094659e-05, 8.442181498789286e-05, 1.2056014084695906e-05]",0.00011938545353046509,0.00274839749976219,0.0029214210539323733,0.06503974915622096,"[0.00019051107706060072, 0.00019196800216850422, 3.2062081710691374e-05]",0.0002723493371076669,0.00397560809826785,0.005914009633006391,0.10816691409844786,"[0.00016730682205901435, 0.0001673068220590189, 2.810924969680564e-05]",0.0002382714320548989,0.0030187716011354526,0.0047321969186541165,0.0599544038738235,"[1.1840547289083937e-08, 2.0872082862719438e-07, 1.5136529829770892e-19]",2.0905641071951888e-07,4.4181361708685217e-07,0.0,0.0
A_best-combined_motor3_70-eta068,full_0_60,True,,,,,,,,,,,,,,,,,,,,,,,,,,,,,,,,,,,,,,,,,,,,,,,,,,,,,,,,,,,,,,,,,,,,,,,,,,,,,,,,,,,,,,,,,,,,,,,,,,,,,,,,,,,,,,,,,,,,,,,
A_best-combined_motor3_70-eta068,pre_3_5,True,,,,,,,,,,,,,,,,,,,,,,,,,,,,,,,,,,,,,,,,,,,,,,,,,,,,,,,,,,,,,,,,,,,,,,,,,,,,,,,,,,,,,,,,,,,,,,,,,,,,,,,,,,,,,,,,,,,,,,,
A_best-combined_motor3_70-eta068,tail_18_20,True,,,,,,,,,,,,,,,,,,,,,,,,,,,,,,,,,,,,,,,,,,,,,,,,,,,,,,,,,,,,,,,,,,,,,,,,,,,,,,,,,,,,,,,,,,,,,,,,,,,,,,,,,,,,,,,,,,,,,,,
A_best-combined_motor3_70-eta068,pre_second_28_30,True,,,,,,,,,,,,,,,,,,,,,,,,,,,,,,,,,,,,,,,,,,,,,,,,,,,,,,,,,,,,,,,,,,,,,,,,,,,,,,,,,,,,,,,,,,,,,,,,,,,,,,,,,,,,,,,,,,,,,,,
A_best-combined_motor3_70-eta068,tail_58_60,True,,,,,,,,,,,,,,,,,,,,,,,,,,,,,,,,,,,,,,,,,,,,,,,,,,,,,,,,,,,,,,,,,,,,,,,,,,,,,,,,,,,,,,,,,,,,,,,,,,,,,,,,,,,,,,,,,,,,,,,
A_best-combined_motor3_70-eta068,fault_5_60,True,,,,,,,,,,,,,,,,,,,,,,,,,,,,,,,,,,,,,,,,,,,,,,,,,,,,,,,,,,,,,,,,,,,,,,,,,,,,,,,,,,,,,,,,,,,,,,,,,,,,,,,,,,,,,,,,,,,,,,,
A_best-combined_motor3_70-eta066,full_0_60,False,,"[-0.007507554373087785, 0.0017286842096202349]",0.0077040068640584596,0.02677099145310673,0.02563853080074699,0.22827685624081176,-0.00421546921656728,0.00421546921656728,0.014418928373515308,0.01378895625943955,0.08946283273662459,0.03040709586301984,1.5178830414797062e-18,1.328147661294743e-18,6000,0.01,60.0,0.04860207021051889,0.013887368885397672,0.11767767047196925,0.05933700388310906,11.354460764449074,1.8606665065069068,-0.0032837005498320233,0.19807173752353557,-0.1881421826901628,11.348674600921608,[2.46],[1.17],2.46,[2.46],[1.17],2.46,[0.0],[0.0],0.0,[0.0],[0.0],0.0,[0.0],[0.0],0.0,[0.0],[0.0],0.0,[0.0],[0.0],0.0,[0.0],[0.0],0.0,"[0.0563501101023691, 0.004128413890401151, 0.02328886288723717]",0.05650113901329404,0.024492997317462475,every physics interval; dwell = interval count * physics_dt,0.002,"[0.0, 0.0, 2.46, 0.0]","[0.0, 0.0, 1.17, 0.0]",2.46,"[0.0, 0.0, 0.0, 0.0]","[0.0, 0.0, 0.0, 0.0]",0.0,"[0.0, 0.0, 2.46, 0.0]","[0.0, 0.0, 1.17, 0.0]",2.46,"[0.0, 0.0, 0.0, 0.0]","[0.0, 0.0, 0.0, 0.0]",0.0,"[0.0, 0.0, 0.0, 0.0]","[0.0, 0.0, 0.0, 0.0]",0.0,"[0.0, 0.0, 0.296, 0.0]","[0.0, 0.0, 0.296, 0.0]",0.296,"[0.0, 0.0, 0.0, 0.0]","[0.0, 0.0, 0.0, 0.0]",0.0,"[0.0, 0.0, 0.0, 0.0]","[0.0, 0.0, 0.0, 0.0]",0.0,"[0.07580315422160974, 0.10331047397408233, 0.10665261868665019, 0.08415088197767091]","[0.05270783942023771, 0.04202590763741845, 0.0, 0.060837418892830036]","[0.45710145716115835, 0.5368743081352644, 0.5460735141764886, 0.4821956596580015]","[0.3475755936802343, 0.3208338113506273, 0.21814922562016836, 0.3681976671923697]","[0.07107721426134683, 0.05432990417688274, 2.7385316236916424e-12, 0.0765868446357588]","[0.2, 0.2, 0.2, 0.2]","[0.2, 0.2, 0.2, 0.2]","[0.2, 0.2, 0.132, 0.2]","[0.2, 0.2, 0.2, 0.2]","[0.0018477761625835534, 0.0015385928817738348, 0.0017173622072099613, 0.0012477337775489684]","[0.7249154348983673, 1.068180656122206]","[6.463720554422563, 9.361034407950156]",30000,"body origin, body frame; no gravity/external torque","[0.000437391447199917, 0.0004373619163866522, 7.348627937711612e-05]",0.0006228940176672079,0.006250596628625787,0.012371427504564929,0.1241442537522765,"[0.00010393863621235325, 0.0001284439669836028, 1.29983977026572e-05]",0.0001657409155730981,0.0027265149846227195,0.0030644500138933984,0.06499578952933216,"[0.0004507683037600111, 0.0004570401878751867, 7.54054285474115e-05]",0.0006463464826717269,0.00655932320140879,0.012946167524515585,0.13403474424908202,"[0.0004373918194238902, 0.00043739181942389443, 7.348627937711612e-05]",0.0006229152756632131,0.006250802667644364,0.012371427504564929,0.1241442537522765,"[1.518022873736351e-08, 2.0935946137267226e-07, 1.549309350768629e-19]",2.0990908367856573e-07,5.561258797961317e-07,0.0,0.0
A_best-combined_motor3_70-eta066,pre_3_5,False,,"[-0.02973856406313486, -0.0025841458025280288]",0.02985062816869855,0.030131056072998035,0.004101284921613264,0.035938518658858054,-0.01447063476884988,0.01447063476884988,0.014595220986135252,0.0019029464050981753,0.017994832098413016,0.033479859851980785,6.776263578034403e-20,-1.9185296255309903e-19,200,3.0100000000000002,5.0,0.010637485354529021,0.0033973823107579376,0.11444676190307182,0.05507526932652865,0.5990580907876889,0.09402338798759814,0.002037674298540851,0.0025252845080633,0.11675013732867129,0.1446881443817974,[0.0],[0.0],0.0,[0.0],[0.0],0.0,[0.0],[0.0],0.0,[0.0],[0.0],0.0,[0.0],[0.0],0.0,[0.0],[0.0],0.0,[0.0],[0.0],0.0,[0.0],[0.0],0.0,"[0.035801418324977685, 0.0024555539071012284, 0.014688544504699476]",0.03588553049727324,0.014688544504699476,every physics interval; dwell = interval count * physics_dt,0.002,"[0.0, 0.0, 0.0, 0.0]","[0.0, 0.0, 0.0, 0.0]",0.0,"[0.0, 0.0, 0.0, 0.0]","[0.0, 0.0, 0.0, 0.0]",0.0,"[0.0, 0.0, 0.0, 0.0]","[0.0, 0.0, 0.0, 0.0]",0.0,"[0.0, 0.0, 0.0, 0.0]","[0.0, 0.0, 0.0, 0.0]",0.0,"[0.0, 0.0, 0.0, 0.0]","[0.0, 0.0, 0.0, 0.0]",0.0,"[0.0, 0.0, 0.0, 0.0]","[0.0, 0.0, 0.0, 0.0]",0.0,"[0.0, 0.0, 0.0, 0.0]","[0.0, 0.0, 0.0, 0.0]",0.0,"[0.0, 0.0, 0.0, 0.0]","[0.0, 0.0, 0.0, 0.0]",0.0,"[0.1075136769941142, 0.12795563074405034, 0.12880521964419664, 0.10749292233366971]","[0.09097477038764368, 0.06965821113726708, 0.07068932356081334, 0.09105847084085449]","[0.5484295682149811, 0.6029096173897058, 0.6051210683632064, 0.5483728443941563]","[0.447447862095005, 0.3908885739912954, 0.39356498918714666, 0.4476757047041333]","[0.09140343801828132, 0.07038821476083523, 0.0707786972249487, 0.09147396633469046]","[0.2, 0.2, 0.2, 0.2]","[0.2, 0.2, 0.2, 0.2]","[0.2, 0.2, 0.2, 0.2]","[0.2, 0.2, 0.2, 0.2]","[0.00028390734280996706, 0.00046059329539348124, 9.848848709644325e-05, 0.00028596576861140765]","[0.2955164362240578, 0.13552590298261966]","[0.5711069415389705, 0.20914981820416145]",1000,"body origin, body frame; no gravity/external torque","[6.195138356178489e-09, 2.08095863634974e-07, 2.4744684234955073e-19]",2.0818805969900847e-07,2.1378148141720287e-07,4.8074067159589095e-17,5.551115123125783e-17,"[3.967350874208205e-05, 1.3104214376210287e-05, 1.64249614645901e-07]",4.17819902381594e-05,0.00010571921327651156,0.0003740871909306649,0.0009944755359624358,"[3.96677852242471e-05, 1.3101221739550455e-05, 1.6424961464591205e-07]",4.177561697451967e-05,0.00010577214033357305,0.00037408719093066564,0.0009944755359624913,"[6.614579631726129e-17, 7.669533057178075e-19, 2.4694778238859374e-19]",6.615070348095322e-17,6.82776636242618e-17,4.8074067159589095e-17,5.551115123125783e-17,"[6.1951383562423645e-09, 2.0809586363536732e-07, 1.5101188829344653e-19]",2.0818805969940385e-07,2.1378148142145583e-07,0.0,0.0
A_best-combined_motor3_70-eta066,tail_18_20,False,,"[-0.0013345881811638422, -0.0007675174971407717]",0.0015395482200046373,0.0015596028894241858,0.0002493039329429459,0.002056443868539493,0.00024202535797413605,0.00024202535797413605,0.0002444964620623697,3.4673420057836e-05,0.0003152133063131224,0.0015786512257814534,1.4558378780933287e-21,-5.831623318498845e-23,200,18.01,20.0,0.0007446851885861257,0.00010665878611134676,0.005858927610286162,0.0009262897665269263,0.04577315975193794,0.004837736065143741,0.0005075045594932323,0.0005529248114521085,0.02907786934260821,0.031680258084272626,[0.0],[0.0],0.0,[0.0],[0.0],0.0,[0.0],[0.0],0.0,[0.0],[0.0],0.0,[0.0],[0.0],0.0,[0.0],[0.0],0.0,[0.0],[0.0],0.0,[0.0],[0.0],0.0,"[0.055468116966645956, 0.0036106635125070004, 0.023477928622996965]",0.0555855097199447,0.023574321410564453,every physics interval; dwell = interval count * physics_dt,0.002,"[0.0, 0.0, 0.0, 0.0]","[0.0, 0.0, 0.0, 0.0]",0.0,"[0.0, 0.0, 0.0, 0.0]","[0.0, 0.0, 0.0, 0.0]",0.0,"[0.0, 0.0, 0.0, 0.0]","[0.0, 0.0, 0.0, 0.0]",0.0,"[0.0, 0.0, 0.0, 0.0]","[0.0, 0.0, 0.0, 0.0]",0.0,"[0.0, 0.0, 0.0, 0.0]","[0.0, 0.0, 0.0, 0.0]",0.0,"[0.0, 0.0, 0.0, 0.0]","[0.0, 0.0, 0.0, 0.0]",0.0,"[0.0, 0.0, 0.0, 0.0]","[0.0, 0.0, 0.0, 0.0]",0.0,"[0.0, 0.0, 0.0, 0.0]","[0.0, 0.0, 0.0, 0.0]",0.0,"[0.10823981190053357, 0.12904259135930443, 0.19552643964396005, 0.10825447750267927]","[0.09172627462128205, 0.07091508293683793, 0.004422874887767575, 0.09173866106071679]","[0.5504121179360507, 0.6057382806622378, 0.7710382646602394, 0.5504521187498783]","[0.4494953845772035, 0.39415169432634767, 0.22883914252775306, 0.4495291670481739]","[0.09172711012661941, 0.07091611224539202, 0.0029198604278594387, 0.09173882106768608]","[0.2, 0.2, 0.2, 0.2]","[0.2, 0.2, 0.2, 0.2]","[0.2, 0.2, 0.132, 0.2]","[0.2, 0.2, 0.132, 0.2]","[2.862926702398261e-06, 3.586722612566999e-06, 4.294557531517611e-06, 6.340004752840618e-07]","[0.0214413510191579, 0.013233747768698918]","[0.039210963087622765, 0.02371355270759858]",1000,"body origin, body frame; no gravity/external torque","[5.512528650404744e-11, 2.0807132046509526e-07, 3.1553562598650973e-18]",2.0807132776739237e-07,2.0816056347437904e-07,1.6499983543585117e-16,2.220446049250313e-16,"[1.1551917328285044e-07, 1.1279189124717336e-07, 1.196393605529986e-08]",1.618944900019848e-07,3.063195654218818e-07,9.647923973112537e-06,1.8582610800677024e-05,"[1.1550705333760365e-07, 2.312113267833298e-07, 1.1963936055522381e-08]",2.5873479234456343e-07,4.380624923081791e-07,9.647923973104832e-06,1.858261080051049e-05,"[2.9364680515731393e-17, 1.2765070579945319e-18, 3.1575796886070918e-18]",2.956153313936862e-17,3.136412868743909e-17,1.6499983543585117e-16,2.220446049250313e-16,"[5.512528518436077e-11, 2.0807132046403181e-07, 1.3799640750150366e-19]",2.0807132776632842e-07,2.0816056347265668e-07,0.0,0.0
A_best-combined_motor3_70-eta066,pre_second_28_30,False,,"[-0.00012468383894929653, -7.470167334989894e-05]",0.00014534923355975814,0.00014659334217006188,1.905802382671775e-05,0.00018222894031211028,3.041607325105722e-05,3.041607325105722e-05,3.062637520277878e-05,3.582924231365372e-06,3.729352228365457e-05,0.0001497584148775962,-1.9231949241857893e-23,-5.638399097285286e-25,200,28.01,30.0,3.897402348023088e-05,7.0229055783843995e-06,0.0005515485524686856,0.00011596599306157772,0.0012043118123420086,0.00013954858467627064,0.0005110015350465027,0.000511963792048904,0.02927823128287103,0.029333364547915537,[0.0],[0.0],0.0,[0.0],[0.0],0.0,[0.0],[0.0],0.0,[0.0],[0.0],0.0,[0.0],[0.0],0.0,[0.0],[0.0],0.0,[0.0],[0.0],0.0,[0.0],[0.0],0.0,"[0.056267811022138424, 0.0040775274448247665, 0.023311662264088574]",0.05641535949798052,0.023323779977993845,every physics interval; dwell = interval count * physics_dt,0.002,"[0.0, 0.0, 0.0, 0.0]","[0.0, 0.0, 0.0, 0.0]",0.0,"[0.0, 0.0, 0.0, 0.0]","[0.0, 0.0, 0.0, 0.0]",0.0,"[0.0, 0.0, 0.0, 0.0]","[0.0, 0.0, 0.0, 0.0]",0.0,"[0.0, 0.0, 0.0, 0.0]","[0.0, 0.0, 0.0, 0.0]",0.0,"[0.0, 0.0, 0.0, 0.0]","[0.0, 0.0, 0.0, 0.0]",0.0,"[0.0, 0.0, 0.0, 0.0]","[0.0, 0.0, 0.0, 0.0]",0.0,"[0.0, 0.0, 0.0, 0.0]","[0.0, 0.0, 0.0, 0.0]",0.0,"[0.0, 0.0, 0.0, 0.0]","[0.0, 0.0, 0.0, 0.0]",0.0,"[0.10825768284022222, 0.12906499003624655, 0.19555317323470112, 0.10825798687883109]","[0.09174145837353243, 0.07093393238809528, 0.004445535366705083, 0.09174182346578379]","[0.5504608611801853, 0.6057965068049207, 0.7711029253988132, 0.55046169042942]","[0.44953679652748535, 0.3942006920635336, 0.2288939511009589, 0.44953779229588875]","[0.09174148922522625, 0.07093397376759814, 0.002934083118975389, 0.09174183779436543]","[0.2, 0.2, 0.2, 0.2]","[0.2, 0.2, 0.2, 0.2]","[0.2, 0.2, 0.132, 0.2]","[0.2, 0.2, 0.132, 0.2]","[7.725037306517918e-08, 9.788655732360467e-08, 1.167350237578877e-07, 1.7976598165481628e-08]","[0.0005512641035775527, 0.00034376008350774003]","[0.0010136001232909117, 0.0006535240367763447]",1000,"body origin, body frame; no gravity/external torque","[1.4578897948119513e-12, 2.0807424839767648e-07, 3.160130668835213e-18]",2.0807424840278371e-07,2.0807672974924576e-07,1.6527973357671094e-16,2.220446049250313e-16,"[3.1119406028286852e-09, 3.0673941931392666e-09, 3.1030686159058685e-10]",4.380567520309264e-09,9.189335176272233e-09,2.631245831501149e-07,5.417801565155145e-07,"[3.111484810994622e-09, 2.0802801083113144e-07, 3.1030686152501174e-10]",2.0805151025271293e-07,2.1364872507631612e-07,2.6312458314793853e-07,5.41780156348981e-07,"[2.9347713593368916e-17, 1.3830272620805514e-18, 3.1778261896410374e-18]",2.95516435559452e-17,3.130729171916139e-17,1.6527973357671094e-16,2.220446049250313e-16,"[1.4578923158284109e-12, 2.0807424839652247e-07, 1.5101188829344653e-19]",2.0807424840163016e-07,2.0807672974859558e-07,0.0,0.0
A_best-combined_motor3_70-eta066,tail_58_60,False,,"[-9.835475388013998e-08, -7.571692530644032e-08]",1.2412377044178112e-07,1.25413784077322e-07,1.794176267564491e-08,1.4831968617749982e-07,4.5154176784301116e-08,4.5154176784301116e-08,4.547299473899192e-08,5.375273896692976e-09,5.610742781492206e-08,1.3340318769476812e-07,7.888609052210118e-30,-3.0814879110195774e-32,200,58.01,60.0,5.207230932947154e-08,1.2757422931323836e-08,4.770620973548214e-07,1.7155423745788366e-07,3.1945284701301985e-06,5.844858825668483e-07,0.0005124376403613061,0.0005124403946999963,0.02936051405634557,0.029360671868327866,[0.0],[0.0],0.0,[0.0],[0.0],0.0,[0.0],[0.0],0.0,[0.0],[0.0],0.0,[0.0],[0.0],0.0,[0.0],[0.0],0.0,[0.0],[0.0],0.0,[0.0],[0.0],0.0,"[0.0563501101023691, 0.004128413890401151, 0.02328886288723717]",0.05650113901329404,0.023288880877974247,every physics interval; dwell = interval count * physics_dt,0.002,"[0.0, 0.0, 0.0, 0.0]","[0.0, 0.0, 0.0, 0.0]",0.0,"[0.0, 0.0, 0.0, 0.0]","[0.0, 0.0, 0.0, 0.0]",0.0,"[0.0, 0.0, 0.0, 0.0]","[0.0, 0.0, 0.0, 0.0]",0.0,"[0.0, 0.0, 0.0, 0.0]","[0.0, 0.0, 0.0, 0.0]",0.0,"[0.0, 0.0, 0.0, 0.0]","[0.0, 0.0, 0.0, 0.0]",0.0,"[0.0, 0.0, 0.0, 0.0]","[0.0, 0.0, 0.0, 0.0]",0.0,"[0.0, 0.0, 0.0, 0.0]","[0.0, 0.0, 0.0, 0.0]",0.0,"[0.0, 0.0, 0.0, 0.0]","[0.0, 0.0, 0.0, 0.0]",0.0,"[0.10825803793062136, 0.12906544823441554, 0.19555371299941074, 0.10825803877051798]","[0.09174192823964279, 0.07093451343237345, 0.004446247379768925, 0.09174192805858039]","[0.5504618296704112, 0.6057976978805606, 0.7711042309255666, 0.5504618319611826]","[0.4495380780608258, 0.39420220247318294, 0.2288956732437215, 0.4495380775669896]","[0.0917419366894098, 0.07093452829555691, 0.0029345298910088136, 0.09174194031005102]","[0.2, 0.2, 0.2, 0.2]","[0.2, 0.2, 0.2, 0.2]","[0.2, 0.2, 0.132, 0.2]","[0.2, 0.2, 0.132, 0.2]","[5.932400163756389e-09, 5.2983358445031376e-09, 6.445469645674044e-09, 5.141551964149945e-09]","[1.6725595410417951e-06, 6.832216473455259e-07]","[2.8612354231101178e-06, 1.3414045869037364e-06]",1000,"body origin, body frame; no gravity/external torque","[6.123975024963436e-14, 2.0807409508234604e-07, 3.167763579755514e-18]",2.0807409508235541e-07,2.0807424831436308e-07,1.659309931416067e-16,2.220446049250313e-16,"[3.928382626088637e-10, 3.209379222348572e-10, 2.9019722497667966e-11]",5.080995914107978e-10,1.4206878520842796e-09,1.4195757313955557e-08,4.0769268017104565e-08,"[3.927815387344994e-10, 2.0807715363421639e-07, 2.9019722526460883e-11]",2.0807752637898882e-07,2.0897414545100764e-07,1.4195757311081461e-08,4.076926818363802e-08,"[2.9395528928797473e-17, 1.448536301311701e-18, 3.177095119247369e-18]",2.960218424063891e-17,3.15762279675212e-17,1.659309931416067e-16,2.220446049250313e-16,"[6.123958356062839e-14, 2.0807409508105146e-07, 1.5786221915782286e-19]",2.080740950810598e-07,2.0807424831306204e-07,0.0,0.0
A_best-combined_motor3_70-eta066,fault_5_60,False,,"[-0.0049312264994047506, 0.0021092828206280938]",0.005363400861937175,0.02555830961568703,0.024989220107988364,0.22827685624081176,-0.0032612852392858646,0.0032612852392858646,0.01432754170103077,0.013951432535148163,0.08946283273662459,0.02930026692038992,1.734723475976807e-18,1.1384122811097797e-18,5500,5.01,60.0,0.04946029148365246,0.013783269255249104,0.11348761726792828,0.05887604506292657,11.354460764449074,1.8606665065069068,-0.0035268262918244616,0.19807173752353557,-0.2020722615973161,11.348674600921608,[2.46],[1.17],2.46,[2.46],[1.17],2.46,[0.0],[0.0],0.0,[0.0],[0.0],0.0,[0.0],[0.0],0.0,[0.0],[0.0],0.0,[0.0],[0.0],0.0,[0.0],[0.0],0.0,"[0.0563501101023691, 0.004128413890401151, 0.02328886288723717]",0.05650113901329404,0.024492997317462475,every physics interval; dwell = interval count * physics_dt,0.002,"[0.0, 0.0, 2.46, 0.0]","[0.0, 0.0, 1.17, 0.0]",2.46,"[0.0, 0.0, 0.0, 0.0]","[0.0, 0.0, 0.0, 0.0]",0.0,"[0.0, 0.0, 2.46, 0.0]","[0.0, 0.0, 1.17, 0.0]",2.46,"[0.0, 0.0, 0.0, 0.0]","[0.0, 0.0, 0.0, 0.0]",0.0,"[0.0, 0.0, 0.0, 0.0]","[0.0, 0.0, 0.0, 0.0]",0.0,"[0.0, 0.0, 0.296, 0.0]","[0.0, 0.0, 0.296, 0.0]",0.296,"[0.0, 0.0, 0.0, 0.0]","[0.0, 0.0, 0.0, 0.0]",0.0,"[0.0, 0.0, 0.0, 0.0]","[0.0, 0.0, 0.0, 0.0]",0.0,"[0.07580315422160974, 0.10331047397408233, 0.18092897192660767, 0.08415088197767091]","[0.0639865005798311, 0.05101458638970391, 0.0, 0.060837418892830036]","[0.45710145716115835, 0.5368743081352644, 0.735615367553881, 0.4821956596580015]","[0.3762580860296354, 0.34331148175623594, 0.21814922562016836, 0.3681976671923697]","[0.08169565724498722, 0.061092159189008094, 2.7385316236916424e-12, 0.0765868446357588]","[0.2, 0.2, 0.2, 0.2]","[0.2, 0.2, 0.2, 0.2]","[0.2, 0.2, 0.132, 0.2]","[0.2, 0.2, 0.132, 0.2]","[0.0012268958666086201, 0.001058943865171898, 0.0015754214820559106, 0.0010996055964494996]","[0.7413779312985393, 1.0574810007994364]","[6.463720554422563, 9.361034407950156]",27500,"body origin, body frame; no gravity/external torque","[0.00045684046703883336, 0.0004568096185762707, 7.675391555324348e-05]",0.0006505915796416832,0.006250596628625787,0.012921534604923063,0.1241442537522765,"[8.019722695389036e-05, 8.211407119281654e-05, 1.049600928218435e-05]",0.00011525832772431265,0.0027265149846227195,0.00245125396238434,0.06499578952933216,"[0.0004650933846262849, 0.0004654287268043195, 7.82862301013848e-05]",0.0006626194156386783,0.00655932320140879,0.013364280418309109,0.13403474424908202,"[0.00045684085595705206, 0.00045684085595705645, 7.675391555324348e-05]",0.000650613786278697,0.006250802667644364,0.012921534604923063,0.1241442537522765,"[1.0989546999869429e-08, 2.086697100074316e-07, 1.5515838457795456e-19]",2.0895889073655027e-07,4.358836917557576e-07,0.0,0.0
A_best-combined_motor3_70-eta066,full_0_60,True,,,,,,,,,,,,,,,,,,,,,,,,,,,,,,,,,,,,,,,,,,,,,,,,,,,,,,,,,,,,,,,,,,,,,,,,,,,,,,,,,,,,,,,,,,,,,,,,,,,,,,,,,,,,,,,,,,,,,,,
A_best-combined_motor3_70-eta066,pre_3_5,True,,,,,,,,,,,,,,,,,,,,,,,,,,,,,,,,,,,,,,,,,,,,,,,,,,,,,,,,,,,,,,,,,,,,,,,,,,,,,,,,,,,,,,,,,,,,,,,,,,,,,,,,,,,,,,,,,,,,,,,
A_best-combined_motor3_70-eta066,tail_18_20,True,,,,,,,,,,,,,,,,,,,,,,,,,,,,,,,,,,,,,,,,,,,,,,,,,,,,,,,,,,,,,,,,,,,,,,,,,,,,,,,,,,,,,,,,,,,,,,,,,,,,,,,,,,,,,,,,,,,,,,,
A_best-combined_motor3_70-eta066,pre_second_28_30,True,,,,,,,,,,,,,,,,,,,,,,,,,,,,,,,,,,,,,,,,,,,,,,,,,,,,,,,,,,,,,,,,,,,,,,,,,,,,,,,,,,,,,,,,,,,,,,,,,,,,,,,,,,,,,,,,,,,,,,,
A_best-combined_motor3_70-eta066,tail_58_60,True,,,,,,,,,,,,,,,,,,,,,,,,,,,,,,,,,,,,,,,,,,,,,,,,,,,,,,,,,,,,,,,,,,,,,,,,,,,,,,,,,,,,,,,,,,,,,,,,,,,,,,,,,,,,,,,,,,,,,,,
A_best-combined_motor3_70-eta066,fault_5_60,True,,,,,,,,,,,,,,,,,,,,,,,,,,,,,,,,,,,,,,,,,,,,,,,,,,,,,,,,,,,,,,,,,,,,,,,,,,,,,,,,,,,,,,,,,,,,,,,,,,,,,,,,,,,,,,,,,,,,,,,
A_best-combined_motor2_70-eta074,full_0_60,False,,"[-0.00010450963988034478, -0.005371306651754053]",0.005372323278806409,0.013861376212126894,0.012777945573608977,0.0613809730985725,0.0005241173456793668,0.0005241173456793668,0.0019302821828008458,0.0018577648702665299,0.008625484913935777,0.013995132718175835,-1.1384122811097797e-18,-2.964615315390051e-21,6000,0.01,60.0,0.022100018919833368,0.0035270456295878366,0.05972036772716087,0.008494597213411887,5.574340998391288,1.3514386399632607,-0.015154924150947697,0.018078855830197405,-0.8683131926901856,1.0358421374957933,[0.14],[0.14],0.14,[0.14],[0.14],0.14,[0.0],[0.0],0.0,[0.0],[0.0],0.0,[0.0],[0.0],0.0,[0.0],[0.0],0.0,[0.0],[0.0],0.0,[0.0],[0.0],0.0,"[0.001215738239409959, 0.06373525392679201, -0.006183219571696154]",0.06374684786387025,0.006271447114456442,every physics interval; dwell = interval count * physics_dt,0.002,"[0.0, 0.14, 0.0, 0.0]","[0.0, 0.14, 0.0, 0.0]",0.14,"[0.0, 0.0, 0.0, 0.0]","[0.0, 0.0, 0.0, 0.0]",0.0,"[0.0, 0.14, 0.0, 0.0]","[0.0, 0.14, 0.0, 0.0]",0.14,"[0.0, 0.0, 0.0, 0.0]","[0.0, 0.0, 0.0, 0.0]",0.0,"[0.0, 0.0, 0.0, 0.0]","[0.0, 0.0, 0.0, 0.0]",0.0,"[0.0, 0.0, 0.0, 0.0]","[0.0, 0.0, 0.0, 0.0]",0.0,"[0.0, 0.0, 0.0, 0.0]","[0.0, 0.0, 0.0, 0.0]",0.0,"[0.0, 0.0, 0.0, 0.0]","[0.0, 0.0, 0.0, 0.0]",0.0,"[0.10644243302100408, 0.10671204466234556, 0.09907734637970009, 0.09108999512737494]","[0.040285671385354827, 0.0, 0.07963285166728794, 0.07006296047753369]","[0.5454975438093234, 0.5462362977132903, 0.5250919353258158, 0.5024205684083305]","[0.3165103308031114, 0.21814922562016836, 0.417015230737796, 0.39193853288651814]","[0.057684785503413244, 0.0028833821268016147, 0.08569998326398624, 0.08097652617308376]","[0.2, 0.2, 0.2, 0.2]","[0.2, 0.2, 0.2, 0.2]","[0.2, 0.148, 0.2, 0.2]","[0.2, 0.2, 0.2, 0.2]","[0.0013114744941112421, 0.001988265795603785, 0.0004784467542916401, 0.0010022953129699853]","[0.7174685291297194, 0.37285194215766665]","[4.499193089354399, 3.6263139110869926]",30000,"body origin, body frame; no gravity/external torque","[6.845668861943208e-05, 6.846545311183176e-05, 1.1503614806720878e-05]",9.749958789743144e-05,0.0028629736904174923,0.00193663548934695,0.056866740010315,"[0.00011733662081935872, 7.621748905674327e-05, 8.85852660577254e-06]",0.00014019793763478505,0.0028935744872754555,0.0023336539799766205,0.05538944511395372,"[0.0001467248787973255, 0.00011363027971692122, 1.7174361756655578e-05]",0.0001863732524489092,0.0041676455233317896,0.0035746672355315133,0.07781235316856289,"[6.84697477258628e-05, 6.846974772586251e-05, 1.1503614806720873e-05]",9.751177293490232e-05,0.002863304256240709,0.00193663548934695,0.056866740010315,"[2.0914105346168665e-07, 1.1162594028555863e-08, 1.5276609957161683e-19]",2.0943873507188487e-07,6.103277316112358e-07,0.0,0.0
A_best-combined_motor2_70-eta074,pre_3_5,False,,"[-0.0013762209747797006, -0.03394071372641852]",0.03396860362791085,0.03434312551221735,0.00505808634938127,0.04202876009700014,0.006461303150693078,0.006461303150693078,0.006514672681031438,0.0008321789085413145,0.00764533581176674,0.034955560789220526,-1.196010521523072e-18,2.9434394917086937e-20,200,3.0100000000000002,5.0,0.01781773481441743,0.0020676966020689133,0.13258369413821072,0.025034986860578704,1.2888247983587884,0.13835220135746942,-0.017049457305259485,0.017926745993967864,-0.9768619465798581,1.0271268858574145,[0.0],[0.0],0.0,[0.0],[0.0],0.0,[0.0],[0.0],0.0,[0.0],[0.0],0.0,[0.0],[0.0],0.0,[0.0],[0.0],0.0,[0.0],[0.0],0.0,[0.0],[0.0],0.0,"[0.0005317849180558472, 0.04036298771930876, -0.003446314771563318]",0.04036649071727863,0.003446314771563318,every physics interval; dwell = interval count * physics_dt,0.002,"[0.0, 0.0, 0.0, 0.0]","[0.0, 0.0, 0.0, 0.0]",0.0,"[0.0, 0.0, 0.0, 0.0]","[0.0, 0.0, 0.0, 0.0]",0.0,"[0.0, 0.0, 0.0, 0.0]","[0.0, 0.0, 0.0, 0.0]",0.0,"[0.0, 0.0, 0.0, 0.0]","[0.0, 0.0, 0.0, 0.0]",0.0,"[0.0, 0.0, 0.0, 0.0]","[0.0, 0.0, 0.0, 0.0]",0.0,"[0.0, 0.0, 0.0, 0.0]","[0.0, 0.0, 0.0, 0.0]",0.0,"[0.0, 0.0, 0.0, 0.0]","[0.0, 0.0, 0.0, 0.0]",0.0,"[0.0, 0.0, 0.0, 0.0]","[0.0, 0.0, 0.0, 0.0]",0.0,"[0.1286521506890696, 0.12844461108331476, 0.10804559548844418, 0.10813063400869422]","[0.0704205520538593, 0.07022776575248785, 0.0914774905322643, 0.0915774211876318]","[0.6047229077085022, 0.6041828680180733, 0.5498822374163427, 0.5501142823535156]","[0.39286683840895853, 0.3923662870166258, 0.4488170967093429, 0.4490894939910999]","[0.07044574252715669, 0.07033676785322185, 0.09147964821973983, 0.09164751159567998]","[0.2, 0.2, 0.2, 0.2]","[0.2, 0.2, 0.2, 0.2]","[0.2, 0.2, 0.2, 0.2]","[0.2, 0.2, 0.2, 0.2]","[8.021935177856664e-05, 0.00012823828722820522, 3.9664002765137794e-05, 4.897143087860749e-05]","[0.6081988488747602, 0.28546071011230867]","[1.1679558295903452, 0.5489320376388197]",1000,"body origin, body frame; no gravity/external torque","[2.0810764545932525e-07, 1.1467121381181574e-09, 2.168496544660732e-19]",2.0811080473476602e-07,2.127060284929037e-07,4.886873367543068e-17,5.551115123125783e-17,"[6.371429223359969e-06, 6.226329398131368e-06, 4.0903941829972697e-07]",8.917937057865075e-06,2.864124785292116e-05,0.0001979684280317938,0.0005323570009163059,"[6.390751196056103e-06, 6.225520297329793e-06, 4.0903941829970675e-07]",8.931187886730449e-06,2.8788666551361496e-05,0.00019796842803179596,0.0005323570009163059,"[7.551742329129542e-17, 1.4819281649461944e-18, 2.210205729671161e-19]",7.553228569119581e-17,7.721439710533009e-17,4.886873367543068e-17,5.551115123125783e-17,"[2.0810764553483633e-07, 1.1467121382351734e-09, 1.462668697448798e-19]",2.0811080481027686e-07,2.1270602856882547e-07,0.0,0.0
A_best-combined_motor2_70-eta074,tail_18_20,False,,"[0.00011112961992929494, -0.000987507061408478]",0.0009937404031019556,0.001004870029953205,0.0001491435159197933,0.0013806605831802184,-1.7953749561719357e-05,1.7953749561719357e-05,2.0706717311269435e-05,1.031654101353197e-05,3.3286111828068066e-05,0.0010050833523842508,6.319659879905131e-22,1.2924697071141057e-25,200,18.01,20.0,0.0007283691939333099,5.973535155927217e-05,0.003766196677583999,0.00010735893757421982,0.042660740651346424,0.0053344348797038955,-0.015576888187212095,0.015621275577091913,-0.8924899510744408,0.895033161178156,[0.0],[0.0],0.0,[0.0],[0.0],0.0,[0.0],[0.0],0.0,[0.0],[0.0],0.0,[0.0],[0.0],0.0,[0.0],[0.0],0.0,[0.0],[0.0],0.0,[0.0],[0.0],0.0,"[0.0013037491953569588, 0.06306412580753347, -0.006264163228243997]",0.06307760082495849,0.006271447114456442,every physics interval; dwell = interval count * physics_dt,0.002,"[0.0, 0.0, 0.0, 0.0]","[0.0, 0.0, 0.0, 0.0]",0.0,"[0.0, 0.0, 0.0, 0.0]","[0.0, 0.0, 0.0, 0.0]",0.0,"[0.0, 0.0, 0.0, 0.0]","[0.0, 0.0, 0.0, 0.0]",0.0,"[0.0, 0.0, 0.0, 0.0]","[0.0, 0.0, 0.0, 0.0]",0.0,"[0.0, 0.0, 0.0, 0.0]","[0.0, 0.0, 0.0, 0.0]",0.0,"[0.0, 0.0, 0.0, 0.0]","[0.0, 0.0, 0.0, 0.0]",0.0,"[0.0, 0.0, 0.0, 0.0]","[0.0, 0.0, 0.0, 0.0]",0.0,"[0.0, 0.0, 0.0, 0.0]","[0.0, 0.0, 0.0, 0.0]",0.0,"[0.12905245935432053, 0.17439495907890612, 0.1082529035468624, 0.10825527277083857]","[0.07091863343582588, 0.025565367350514845, 0.0917355149251897, 0.09173940390503697]","[0.6057639331726244, 0.719660269478761, 0.5504478258203561, 0.5504542878191481]","[0.3941609234452568, 0.2802426213258603, 0.4495205862478979, 0.44953119309959255]","[0.07091943714462692, 0.018919194285353214, 0.09173583701071658, 0.09173953058571421]","[0.2, 0.2, 0.2, 0.2]","[0.2, 0.2, 0.2, 0.2]","[0.2, 0.148, 0.2, 0.2]","[0.2, 0.148, 0.2, 0.2]","[2.8936364426902103e-06, 3.992569201910126e-06, 1.1600103812542462e-06, 5.159982292899012e-07]","[0.02214604784450787, 0.009611110023533199]","[0.03936869370839132, 0.01664067042580516]",1000,"body origin, body frame; no gravity/external torque","[2.0807866861234498e-07, 2.5171914529262043e-11, 8.947503078066416e-19]",2.0807867013490692e-07,2.0821326001092292e-07,5.900916318210352e-17,1.1102230246251565e-16,"[1.809797259037753e-07, 5.909110733441303e-08, 1.0220474280950436e-08]",1.906564403547396e-07,3.744348259043379e-07,6.550353382107334e-06,1.2830499814764362e-05,"[2.6342346887094966e-07, 5.908495384712178e-08, 1.0220474281000846e-08]",2.7016182894267143e-07,5.157994692122003e-07,6.550353382103375e-06,1.2830499814708851e-05,"[4.192145337493574e-17, 9.302183061805158e-18, 9.094426843494328e-19]",4.2950738629019666e-17,4.4682791186159585e-17,5.900916318210352e-17,1.1102230246251565e-16,"[2.0807866865426035e-07, 2.517191494109129e-11, 1.5934452603638887e-19]",2.0807867017682222e-07,2.082132600527751e-07,0.0,0.0
A_best-combined_motor2_70-eta074,pre_second_28_30,False,,"[1.4029830889614055e-05, -9.761144931137348e-05]",9.861455871958259e-05,9.953482784807053e-05,1.3503731457898063e-05,0.00011941535225680098,-2.0309202796964797e-05,2.0309202796964797e-05,2.0374236046218025e-05,1.6265842181599255e-06,2.3550914272418844e-05,0.00010159867838319574,9.228233708794715e-24,2.378952054656901e-25,200,28.01,30.0,2.6041696985703944e-05,3.219007917275887e-06,0.0003771665268345621,7.852822433892673e-05,0.0011150365536389249,0.0001221537728659207,-0.01551909632497082,0.015521083341441545,-0.8891787212778143,0.8892925689354098,[0.0],[0.0],0.0,[0.0],[0.0],0.0,[0.0],[0.0],0.0,[0.0],[0.0],0.0,[0.0],[0.0],0.0,[0.0],[0.0],0.0,[0.0],[0.0],0.0,[0.0],[0.0],0.0,"[0.0012258442136844452, 0.06366899682799143, -0.006203907987984352]",0.06368079656473376,0.0062119962622574736,every physics interval; dwell = interval count * physics_dt,0.002,"[0.0, 0.0, 0.0, 0.0]","[0.0, 0.0, 0.0, 0.0]",0.0,"[0.0, 0.0, 0.0, 0.0]","[0.0, 0.0, 0.0, 0.0]",0.0,"[0.0, 0.0, 0.0, 0.0]","[0.0, 0.0, 0.0, 0.0]",0.0,"[0.0, 0.0, 0.0, 0.0]","[0.0, 0.0, 0.0, 0.0]",0.0,"[0.0, 0.0, 0.0, 0.0]","[0.0, 0.0, 0.0, 0.0]",0.0,"[0.0, 0.0, 0.0, 0.0]","[0.0, 0.0, 0.0, 0.0]",0.0,"[0.0, 0.0, 0.0, 0.0]","[0.0, 0.0, 0.0, 0.0]",0.0,"[0.0, 0.0, 0.0, 0.0]","[0.0, 0.0, 0.0, 0.0]",0.0,"[0.12906509977787706, 0.17441228996541286, 0.10825790644591812, 0.10825799094491442]","[0.07093423651564873, 0.025586751758965603, 0.09174181761493948, 0.09174187302941605]","[0.6057967920758711, 0.7197026907469677, 0.5504614710529687, 0.550461701519442]","[0.3942014826350695, 0.2802949636733214, 0.44953777633803416, 0.4495379274779606]","[0.07093417165231647, 0.018934138302530823, 0.09174179905036392, 0.0917418828717366]","[0.2, 0.2, 0.2, 0.2]","[0.2, 0.2, 0.2, 0.2]","[0.2, 0.148, 0.2, 0.2]","[0.2, 0.148, 0.2, 0.2]","[6.686581012728517e-08, 9.202729023716802e-08, 2.709260707468061e-08, 1.3234467681013584e-08]","[0.0005274113082497236, 0.00022955862945504642]","[0.0010250421578530794, 0.00043885618287163423]",1000,"body origin, body frame; no gravity/external torque","[2.080740476312227e-07, 5.957557426604188e-13, 8.997106004789403e-19]",2.0807404763207592e-07,2.0807679291248692e-07,5.991605307709953e-17,1.1102230246251565e-16,"[4.184349549988927e-09, 1.4046833769657924e-09, 2.412474523779837e-10]",4.420420441462031e-09,9.441223373231448e-09,1.5113043578388904e-07,3.156986593255695e-07,"[2.0851695723244092e-07, 1.404551887085076e-09, 2.4124745230018216e-10]",2.0852182720236372e-07,2.1718355491145318e-07,1.5113043579098294e-07,3.1569865938108066e-07,"[4.1999506875526917e-17, 9.311449554657065e-18, 9.127359160306463e-19]",4.302899902912882e-17,4.5095134758614673e-17,5.991605307709953e-17,1.1102230246251565e-16,"[2.080740476732158e-07, 5.957555836396911e-13, 1.5023145987371593e-19]",2.0807404767406924e-07,2.0807679295433718e-07,0.0,0.0
A_best-combined_motor2_70-eta074,tail_58_60,False,,"[1.4508945724366076e-08, -8.858499046041145e-08]",8.976530532953023e-08,9.073086462914292e-08,1.3201505802296324e-08,1.0866359901529597e-07,-7.448707317059267e-08,7.448707317059267e-08,7.490745931826745e-08,7.924859115256683e-09,9.080040275222245e-08,1.176572023204264e-07,5.7192415628523356e-30,-4.930380657631324e-31,200,58.01,60.0,5.387132585685471e-08,1.6697853940526698e-08,3.4463073269973015e-07,2.850195760673138e-07,2.9575586669421963e-06,5.305616453340699e-07,-0.015514387953836401,0.015514390651945854,-0.8889089514834309,0.8889091060737152,[0.0],[0.0],0.0,[0.0],[0.0],0.0,[0.0],[0.0],0.0,[0.0],[0.0],0.0,[0.0],[0.0],0.0,[0.0],[0.0],0.0,[0.0],[0.0],0.0,[0.0],[0.0],0.0,"[0.001215738239409959, 0.06373525392679201, -0.006183219571696154]",0.06374684786387025,0.006183249242197157,every physics interval; dwell = interval count * physics_dt,0.002,"[0.0, 0.0, 0.0, 0.0]","[0.0, 0.0, 0.0, 0.0]",0.0,"[0.0, 0.0, 0.0, 0.0]","[0.0, 0.0, 0.0, 0.0]",0.0,"[0.0, 0.0, 0.0, 0.0]","[0.0, 0.0, 0.0, 0.0]",0.0,"[0.0, 0.0, 0.0, 0.0]","[0.0, 0.0, 0.0, 0.0]",0.0,"[0.0, 0.0, 0.0, 0.0]","[0.0, 0.0, 0.0, 0.0]",0.0,"[0.0, 0.0, 0.0, 0.0]","[0.0, 0.0, 0.0, 0.0]",0.0,"[0.0, 0.0, 0.0, 0.0]","[0.0, 0.0, 0.0, 0.0]",0.0,"[0.0, 0.0, 0.0, 0.0]","[0.0, 0.0, 0.0, 0.0]",0.0,"[0.1290654445897041, 0.17441276268150185, 0.10825804246559285, 0.10825804161763171]","[0.07093451417707583, 0.025587178224571794, 0.09174193527300391, 0.09174193112255366]","[0.605797688406222, 0.719703847818537, 0.5504618420392992, 0.550461839726532]","[0.3942022044090182, 0.2802960075367389, 0.4495380972439357, 0.44953808592380906]","[0.07093452635289774, 0.018934529044595888, 0.09174193965636099, 0.09174193896754794]","[0.2, 0.2, 0.2, 0.2]","[0.2, 0.2, 0.2, 0.2]","[0.2, 0.148, 0.2, 0.2]","[0.2, 0.148, 0.2, 0.2]","[6.618151147635718e-09, 9.561812083564291e-09, 4.123262813550933e-09, 4.7898656937597755e-09]","[1.8960519321033692e-06, 2.7449755474442406e-07]","[2.97634639801165e-06, 7.047698383961469e-07]",1000,"body origin, body frame; no gravity/external torque","[2.0807409511807373e-07, 7.984364985572714e-14, 8.59741074084531e-19]",2.0807409511808885e-07,2.0807423246524927e-07,5.768888059150692e-17,1.1102230246251565e-16,"[4.080290792935428e-10, 5.151490415398677e-10, 3.211225480325618e-11]",6.57949436854482e-10,1.3307751027225278e-09,1.2673306012025995e-08,4.305350470579228e-08,"[2.080742701016302e-07, 5.150747294560223e-10, 3.211225480619206e-11]",2.0807491009609976e-07,2.090430551986077e-07,1.2673306013475403e-08,4.305350476130343e-08,"[4.2011971010119786e-17, 9.419148650427884e-18, 8.953467903247328e-19]",4.30642277920892e-17,4.499416870726233e-17,5.768888059150692e-17,1.1102230246251565e-16,"[2.080740951600802e-07, 7.984369074541997e-14, 1.5786221915782286e-19]",2.0807409516009517e-07,2.080742325071229e-07,0.0,0.0
A_best-combined_motor2_70-eta074,fault_5_60,False,,"[-6.561556201239568e-05, -0.0021857318056127573]",0.002186716471800907,0.006774522410528174,0.006411897142242921,0.0549416208109014,0.0002575866403755504,0.0002575866403755504,0.0009278268490367803,0.0008913539052999973,0.008625484913935777,0.006837764002401808,1.1519648082658485e-19,6.352747104407253e-22,5500,5.01,60.0,0.01832059956035016,0.0027948873465725352,0.0320598641055834,0.004468062279926468,5.574340998391288,1.2638120673069406,-0.015397585818436664,0.018078855830197405,-0.8822166820869103,1.0358421374957933,[0.14],[0.14],0.14,[0.14],[0.14],0.14,[0.0],[0.0],0.0,[0.0],[0.0],0.0,[0.0],[0.0],0.0,[0.0],[0.0],0.0,[0.0],[0.0],0.0,[0.0],[0.0],0.0,"[0.001215738239409959, 0.06373525392679201, -0.006183219571696154]",0.06374684786387025,0.006271447114456442,every physics interval; dwell = interval count * physics_dt,0.002,"[0.0, 0.14, 0.0, 0.0]","[0.0, 0.14, 0.0, 0.0]",0.14,"[0.0, 0.0, 0.0, 0.0]","[0.0, 0.0, 0.0, 0.0]",0.0,"[0.0, 0.14, 0.0, 0.0]","[0.0, 0.14, 0.0, 0.0]",0.14,"[0.0, 0.0, 0.0, 0.0]","[0.0, 0.0, 0.0, 0.0]",0.0,"[0.0, 0.0, 0.0, 0.0]","[0.0, 0.0, 0.0, 0.0]",0.0,"[0.0, 0.0, 0.0, 0.0]","[0.0, 0.0, 0.0, 0.0]",0.0,"[0.0, 0.0, 0.0, 0.0]","[0.0, 0.0, 0.0, 0.0]",0.0,"[0.0, 0.0, 0.0, 0.0]","[0.0, 0.0, 0.0, 0.0]",0.0,"[0.1252138980342058, 0.15594238659457943, 0.10370341238459153, 0.09613224752312481]","[0.05909867636637042, 0.0, 0.08749504271131651, 0.07230229223815596]","[0.5957472680316477, 0.6741075448636777, 0.5379604543475297, 0.516802522698308]","[0.3637651509560589, 0.21814922562016836, 0.4380198927257325, 0.39776248204096964]","[0.06375849729804745, 0.0028833821268016147, 0.08878867300488431, 0.08097652617308376]","[0.2, 0.2, 0.2, 0.2]","[0.2, 0.2, 0.2, 0.2]","[0.2, 0.148, 0.2, 0.2]","[0.2, 0.148, 0.2, 0.2]","[0.0003064378048173513, 0.0016098945602982288, 0.00014816738368525682, 0.0006411037298248335]","[0.6067937754615494, 0.3624946362021411]","[4.499193089354399, 3.6263139110869926]",27500,"body origin, body frame; no gravity/external torque","[7.150064912295693e-05, 7.150983287578751e-05, 1.201513380342737e-05]",0.00010183497662023042,0.0028629736904174923,0.002022749798556798,0.056866740010315,"[4.297542925045919e-05, 4.942939127684488e-05, 7.717268095398647e-06]",6.595231965683245e-05,0.002507290799859835,0.0016325846028352057,0.03991041172196452,"[0.00010157154629516299, 0.00010095952778721247, 1.719656676331937e-05]",0.00014424051849689666,0.0041676455233317896,0.0032656102965438034,0.07781235316856289,"[7.151431912797702e-05, 7.151431912797671e-05, 1.2015133803427366e-05]",0.00010184772516355232,0.002863304256240709,0.002022749798556798,0.056866740010315,"[2.0831661970998097e-07, 6.286309456819867e-09, 1.529664975369824e-19]",2.084114481835894e-07,3.816839916635273e-07,0.0,0.0
A_best-combined_motor2_70-eta074,full_0_60,True,,,,,,,,,,,,,,,,,,,,,,,,,,,,,,,,,,,,,,,,,,,,,,,,,,,,,,,,,,,,,,,,,,,,,,,,,,,,,,,,,,,,,,,,,,,,,,,,,,,,,,,,,,,,,,,,,,,,,,,
A_best-combined_motor2_70-eta074,pre_3_5,True,,,,,,,,,,,,,,,,,,,,,,,,,,,,,,,,,,,,,,,,,,,,,,,,,,,,,,,,,,,,,,,,,,,,,,,,,,,,,,,,,,,,,,,,,,,,,,,,,,,,,,,,,,,,,,,,,,,,,,,
A_best-combined_motor2_70-eta074,tail_18_20,True,,,,,,,,,,,,,,,,,,,,,,,,,,,,,,,,,,,,,,,,,,,,,,,,,,,,,,,,,,,,,,,,,,,,,,,,,,,,,,,,,,,,,,,,,,,,,,,,,,,,,,,,,,,,,,,,,,,,,,,
A_best-combined_motor2_70-eta074,pre_second_28_30,True,,,,,,,,,,,,,,,,,,,,,,,,,,,,,,,,,,,,,,,,,,,,,,,,,,,,,,,,,,,,,,,,,,,,,,,,,,,,,,,,,,,,,,,,,,,,,,,,,,,,,,,,,,,,,,,,,,,,,,,
A_best-combined_motor2_70-eta074,tail_58_60,True,,,,,,,,,,,,,,,,,,,,,,,,,,,,,,,,,,,,,,,,,,,,,,,,,,,,,,,,,,,,,,,,,,,,,,,,,,,,,,,,,,,,,,,,,,,,,,,,,,,,,,,,,,,,,,,,,,,,,,,
A_best-combined_motor2_70-eta074,fault_5_60,True,,,,,,,,,,,,,,,,,,,,,,,,,,,,,,,,,,,,,,,,,,,,,,,,,,,,,,,,,,,,,,,,,,,,,,,,,,,,,,,,,,,,,,,,,,,,,,,,,,,,,,,,,,,,,,,,,,,,,,,
A_best-combined_motor2_70-eta073,full_0_60,False,,"[-0.00011008292814379809, -0.005397028478678848]",0.00539815104000798,0.014211361529192137,0.013146207128394977,0.06591782563556425,0.000526110638295555,0.000526110638295555,0.0019481836672443145,0.0018758004151800734,0.009738317535883168,0.014344274680677296,8.131516293641283e-20,1.3552527156068805e-20,6000,0.01,60.0,0.026863207640515103,0.004176016622023373,0.06291907467245675,0.00884919229793688,7.526150090817327,1.378798866520762,-0.015071838860307996,0.018497111339195797,-0.8635527561969129,1.0598064129194973,[0.19],[0.19],0.19,[0.19],[0.19],0.19,[0.0],[0.0],0.0,[0.0],[0.0],0.0,[0.0],[0.0],0.0,[0.0],[0.0],0.0,[0.0],[0.0],0.0,[0.0],[0.0],0.0,"[0.0012157394986861806, 0.06373525521631432, -0.006183217751599139]",0.06374684917717413,0.006246005416491864,every physics interval; dwell = interval count * physics_dt,0.002,"[0.0, 0.19, 0.0, 0.0]","[0.0, 0.19, 0.0, 0.0]",0.19,"[0.0, 0.0, 0.0, 0.0]","[0.0, 0.0, 0.0, 0.0]",0.0,"[0.0, 0.19, 0.0, 0.0]","[0.0, 0.19, 0.0, 0.0]",0.19,"[0.0, 0.0, 0.0, 0.0]","[0.0, 0.0, 0.0, 0.0]",0.0,"[0.0, 0.0, 0.0, 0.0]","[0.0, 0.0, 0.0, 0.0]",0.0,"[0.0, 0.0, 0.0, 0.0]","[0.0, 0.0, 0.0, 0.0]",0.0,"[0.0, 0.0, 0.0, 0.0]","[0.0, 0.0, 0.0, 0.0]",0.0,"[0.0, 0.0, 0.0, 0.0]","[0.0, 0.0, 0.0, 0.0]",0.0,"[0.10644243302100408, 0.10671204466234556, 0.09907734637970009, 0.09108999512737494]","[0.040285671385354827, 0.0, 0.07963285166728794, 0.07006296047753369]","[0.5454975438093234, 0.5462362977132903, 0.5250919353258158, 0.5024205684083305]","[0.3165103308031114, 0.21814922562016836, 0.417015230737796, 0.39193853288651814]","[0.057684785503413244, 0.0010396212951397643, 0.08569998326398624, 0.0811565950896497]","[0.2, 0.2, 0.2, 0.2]","[0.2, 0.2, 0.2, 0.2]","[0.2, 0.146, 0.2, 0.2]","[0.2, 0.2, 0.2, 0.2]","[0.0013386868071761351, 0.002194188861796533, 0.0005054329379451848, 0.0009793107883306756]","[0.8747220574953696, 0.4852648569091271]","[5.940872103028966, 4.8326594678110935]",30000,"body origin, body frame; no gravity/external torque","[8.824726063243539e-05, 8.825807056626151e-05, 1.4828847928491418e-05]",0.0001256859608711167,0.0032759961636663034,0.0024964390452005382,0.0650689353834415,"[0.00011864952759305608, 8.477830929666804e-05, 8.611677894404218e-06]",0.00014607954381574045,0.0028935744872754555,0.002475220282662506,0.05538944511395372,"[0.00015904503273662265, 0.00013172076079231792, 1.9983681301065387e-05]",0.00020747295915430784,0.004417346069280119,0.004144083901403354,0.08745162251436905,"[8.826160244306466e-05, 8.826160244306387e-05, 1.4828847928491418e-05]",0.00012569851097973028,0.0032762940094449096,0.0024964390452005382,0.0650689353834415,"[2.0918611391625049e-07, 1.2554205031817135e-08, 1.5168501165275001e-19]",2.0956249263492983e-07,6.103277316112358e-07,0.0,0.0
A_best-combined_motor2_70-eta073,pre_3_5,False,,"[-0.0013762209747797006, -0.03394071372641852]",0.03396860362791085,0.03434312551221735,0.00505808634938127,0.04202876009700014,0.006461303150693078,0.006461303150693078,0.006514672681031438,0.0008321789085413145,0.00764533581176674,0.034955560789220526,-1.196010521523072e-18,2.9434394917086937e-20,200,3.0100000000000002,5.0,0.01781773481441743,0.0020676966020689133,0.13258369413821072,0.025034986860578704,1.2888247983587884,0.13835220135746942,-0.017049457305259485,0.017926745993967864,-0.9768619465798581,1.0271268858574145,[0.0],[0.0],0.0,[0.0],[0.0],0.0,[0.0],[0.0],0.0,[0.0],[0.0],0.0,[0.0],[0.0],0.0,[0.0],[0.0],0.0,[0.0],[0.0],0.0,[0.0],[0.0],0.0,"[0.0005317849180558472, 0.04036298771930876, -0.003446314771563318]",0.04036649071727863,0.003446314771563318,every physics interval; dwell = interval count * physics_dt,0.002,"[0.0, 0.0, 0.0, 0.0]","[0.0, 0.0, 0.0, 0.0]",0.0,"[0.0, 0.0, 0.0, 0.0]","[0.0, 0.0, 0.0, 0.0]",0.0,"[0.0, 0.0, 0.0, 0.0]","[0.0, 0.0, 0.0, 0.0]",0.0,"[0.0, 0.0, 0.0, 0.0]","[0.0, 0.0, 0.0, 0.0]",0.0,"[0.0, 0.0, 0.0, 0.0]","[0.0, 0.0, 0.0, 0.0]",0.0,"[0.0, 0.0, 0.0, 0.0]","[0.0, 0.0, 0.0, 0.0]",0.0,"[0.0, 0.0, 0.0, 0.0]","[0.0, 0.0, 0.0, 0.0]",0.0,"[0.0, 0.0, 0.0, 0.0]","[0.0, 0.0, 0.0, 0.0]",0.0,"[0.1286521506890696, 0.12844461108331476, 0.10804559548844418, 0.10813063400869422]","[0.0704205520538593, 0.07022776575248785, 0.0914774905322643, 0.0915774211876318]","[0.6047229077085022, 0.6041828680180733, 0.5498822374163427, 0.5501142823535156]","[0.39286683840895853, 0.3923662870166258, 0.4488170967093429, 0.4490894939910999]","[0.07044574252715669, 0.07033676785322185, 0.09147964821973983, 0.09164751159567998]","[0.2, 0.2, 0.2, 0.2]","[0.2, 0.2, 0.2, 0.2]","[0.2, 0.2, 0.2, 0.2]","[0.2, 0.2, 0.2, 0.2]","[8.021935177856664e-05, 0.00012823828722820522, 3.9664002765137794e-05, 4.897143087860749e-05]","[0.6081988488747602, 0.28546071011230867]","[1.1679558295903452, 0.5489320376388197]",1000,"body origin, body frame; no gravity/external torque","[2.0810764545932525e-07, 1.1467121381181574e-09, 2.168496544660732e-19]",2.0811080473476602e-07,2.127060284929037e-07,4.886873367543068e-17,5.551115123125783e-17,"[6.371429223359969e-06, 6.226329398131368e-06, 4.0903941829972697e-07]",8.917937057865075e-06,2.864124785292116e-05,0.0001979684280317938,0.0005323570009163059,"[6.390751196056103e-06, 6.225520297329793e-06, 4.0903941829970675e-07]",8.931187886730449e-06,2.8788666551361496e-05,0.00019796842803179596,0.0005323570009163059,"[7.551742329129542e-17, 1.4819281649461944e-18, 2.210205729671161e-19]",7.553228569119581e-17,7.721439710533009e-17,4.886873367543068e-17,5.551115123125783e-17,"[2.0810764553483633e-07, 1.1467121382351734e-09, 1.462668697448798e-19]",2.0811080481027686e-07,2.1270602856882547e-07,0.0,0.0
A_best-combined_motor2_70-eta073,tail_18_20,False,,"[0.00012978008279952165, -0.0009658862724345553]",0.0009745661399663805,0.0009885856512751453,0.00016589885092468723,0.0014042049251940176,9.085902703691584e-06,9.085902703691584e-06,1.693380831843449e-05,1.428986480777657e-05,5.030387691462579e-05,0.0009887306730203473,1.1745964698252993e-21,-1.809457589959748e-25,200,18.01,20.0,0.000934369579887443,7.94852858795041e-05,0.0037237119674983178,7.607337034202942e-05,0.05642967836501921,0.007065388410328761,-0.015579014370100336,0.015634492370047624,-0.89261177238041,0.8957904276332166,[0.0],[0.0],0.0,[0.0],[0.0],0.0,[0.0],[0.0],0.0,[0.0],[0.0],0.0,[0.0],[0.0],0.0,[0.0],[0.0],0.0,[0.0],[0.0],0.0,[0.0],[0.0],0.0,"[0.0013170482803961413, 0.063079007066468, -0.0062454859773417165]",0.06309275512025461,0.006246005416491864,every physics interval; dwell = interval count * physics_dt,0.002,"[0.0, 0.0, 0.0, 0.0]","[0.0, 0.0, 0.0, 0.0]",0.0,"[0.0, 0.0, 0.0, 0.0]","[0.0, 0.0, 0.0, 0.0]",0.0,"[0.0, 0.0, 0.0, 0.0]","[0.0, 0.0, 0.0, 0.0]",0.0,"[0.0, 0.0, 0.0, 0.0]","[0.0, 0.0, 0.0, 0.0]",0.0,"[0.0, 0.0, 0.0, 0.0]","[0.0, 0.0, 0.0, 0.0]",0.0,"[0.0, 0.0, 0.0, 0.0]","[0.0, 0.0, 0.0, 0.0]",0.0,"[0.0, 0.0, 0.0, 0.0]","[0.0, 0.0, 0.0, 0.0]",0.0,"[0.0, 0.0, 0.0, 0.0]","[0.0, 0.0, 0.0, 0.0]",0.0,"[0.12904821819029966, 0.17677802730449868, 0.10825122766642732, 0.1082543574392715]","[0.0709134555613539, 0.02316866768313483, 0.09173342202562375, 0.09173858387859929]","[0.6057529080446145, 0.7254880797154195, 0.5504432548735692, 0.5504517912802454]","[0.39414746416989266, 0.27438168152579456, 0.44951487809403146, 0.4495289565400514]","[0.07091453378493665, 0.01691421701801324, 0.09173385091923392, 0.0917387579631672]","[0.2, 0.2, 0.2, 0.2]","[0.2, 0.2, 0.2, 0.2]","[0.2, 0.146, 0.2, 0.2]","[0.2, 0.146, 0.2, 0.2]","[3.837495195525685e-06, 5.364738888387421e-06, 1.537822631978214e-06, 6.858750376258756e-07]","[0.0293971952840369, 0.012766120054818215]","[0.05202582794083167, 0.02223241924970813]",1000,"body origin, body frame; no gravity/external torque","[2.080799637427652e-07, 3.339955673558461e-11, 4.431479946382532e-18]",2.080799664232983e-07,2.0825871948322314e-07,1.0561716829138561e-16,1.6653345369377348e-16,"[2.400026368556322e-07, 7.831745369091281e-08, 1.3571945167218523e-08]",2.5282224377199625e-07,4.956466030701798e-07,8.683326498919785e-06,1.6979869704447648e-05,"[3.0330351777202397e-07, 7.830937617711822e-08, 1.3571945166918832e-08]",3.135435854642024e-07,6.157395564380843e-07,8.683326498929938e-06,1.697986970461418e-05,"[6.373854811642552e-18, 6.3252408010553095e-18, 4.4300209798324305e-18]",1.0012980686738052e-17,1.2585490713059098e-17,1.0561716829138561e-16,1.6653345369377348e-16,"[2.0807996373642505e-07, 3.3399556579988225e-11, 1.6371093793252835e-19]",2.0807996641695785e-07,2.0825871947715012e-07,0.0,0.0
A_best-combined_motor2_70-eta073,pre_second_28_30,False,,"[1.5978842813504183e-05, -9.557897374514411e-05]",9.690543658553747e-05,9.783388281062022e-05,1.3446374454422627e-05,0.00011614591860031861,-1.7556598192305927e-05,1.7556598192305927e-05,1.7602688100090516e-05,1.2729839995021432e-06,2.0242353241384237e-05,9.940484522472352e-05,-3.386270632638957e-24,1.9992890781921323e-26,200,28.01,30.0,2.8448850124050423e-05,2.887737203714208e-06,0.00037153136258955254,6.804132437791378e-05,0.001476577270307992,0.00016168620860051931,-0.015519276705922538,0.015521540283845175,-0.8891890563450523,0.8893187498066184,[0.0],[0.0],0.0,[0.0],[0.0],0.0,[0.0],[0.0],0.0,[0.0],[0.0],0.0,[0.0],[0.0],0.0,[0.0],[0.0],0.0,[0.0],[0.0],0.0,[0.0],[0.0],0.0,"[0.0012271970874005837, 0.0636703120506184, -0.00620201416822085]",0.06368213760007156,0.006209005652866777,every physics interval; dwell = interval count * physics_dt,0.002,"[0.0, 0.0, 0.0, 0.0]","[0.0, 0.0, 0.0, 0.0]",0.0,"[0.0, 0.0, 0.0, 0.0]","[0.0, 0.0, 0.0, 0.0]",0.0,"[0.0, 0.0, 0.0, 0.0]","[0.0, 0.0, 0.0, 0.0]",0.0,"[0.0, 0.0, 0.0, 0.0]","[0.0, 0.0, 0.0, 0.0]",0.0,"[0.0, 0.0, 0.0, 0.0]","[0.0, 0.0, 0.0, 0.0]",0.0,"[0.0, 0.0, 0.0, 0.0]","[0.0, 0.0, 0.0, 0.0]",0.0,"[0.0, 0.0, 0.0, 0.0]","[0.0, 0.0, 0.0, 0.0]",0.0,"[0.0, 0.0, 0.0, 0.0]","[0.0, 0.0, 0.0, 0.0]",0.0,"[0.12906498504440264, 0.17680134652345006, 0.108257861944728, 0.10825797787276367]","[0.07093412541075794, 0.02319734054766573, 0.09174176795890894, 0.09174185360741195]","[0.6057964938287278, 0.7255450555861811, 0.5504613496783384, 0.5504616658658554]","[0.3942011938207898, 0.27445173656233046, 0.44953764090397275, 0.4495378745055142]","[0.0709340435532087, 0.016934007859965156, 0.09174174669307306, 0.09174186063409293]","[0.2, 0.2, 0.2, 0.2]","[0.2, 0.2, 0.2, 0.2]","[0.2, 0.146, 0.2, 0.2]","[0.2, 0.146, 0.2, 0.2]","[8.866405992856828e-08, 1.2300981731193085e-07, 3.5678131125803394e-08, 1.6678141988746305e-08]","[0.0006997463556913989, 0.0003050393192920299]","[0.0013556037366148229, 0.0005853366583182354]",1000,"body origin, body frame; no gravity/external torque","[2.0807404270680488e-07, 7.906571985076752e-13, 4.426947919225668e-18]",2.0807404270830704e-07,2.080777728871369e-07,1.0561716829138561e-16,1.6653345369377348e-16,"[5.52871939646495e-09, 1.8018652471190937e-09, 3.20734485941873e-10]",5.823772586914414e-09,1.1782469554324825e-08,1.9986138694230305e-07,4.0724539923653325e-07,"[2.0867648473248076e-07, 1.8016957424111504e-09, 3.2073448634276173e-10]",2.0868450890869754e-07,2.1932161988584784e-07,1.998613869347796e-07,4.0724539912551094e-07,"[6.4101568100635064e-18, 6.348806951701091e-18, 4.4348636664648145e-18]",1.0053132635139242e-17,1.1579716907157554e-17,1.0561716829138561e-16,1.6653345369377348e-16,"[2.0807404270044043e-07, 7.906571843031361e-13, 1.6585104102549832e-19]",2.0807404270194275e-07,2.0807777288128215e-07,0.0,0.0
A_best-combined_motor2_70-eta073,tail_58_60,False,,"[1.5912821798470908e-08, -8.849089656438528e-08]",8.991027011614761e-08,9.076403056312371e-08,1.2419845880888409e-08,1.1279560030531562e-07,-7.038848851115276e-08,7.038848851115276e-08,7.092768805264313e-08,8.729124675955392e-09,8.653436911476575e-08,1.1519047780331805e-07,8.209083794956154e-30,-2.7979910232057762e-30,200,58.01,60.0,4.429799132083051e-08,1.6366158830965798e-08,3.414075443903315e-07,2.684124204305222e-07,2.4148365394514667e-06,4.556230035048839e-07,-0.015514387037180256,0.015514388703958439,-0.8889088989629025,0.8889089944622577,[0.0],[0.0],0.0,[0.0],[0.0],0.0,[0.0],[0.0],0.0,[0.0],[0.0],0.0,[0.0],[0.0],0.0,[0.0],[0.0],0.0,[0.0],[0.0],0.0,[0.0],[0.0],0.0,"[0.0012157394986861806, 0.06373525521631432, -0.006183217751599139]",0.06374684917717413,0.0061832457946599285,every physics interval; dwell = interval count * physics_dt,0.002,"[0.0, 0.0, 0.0, 0.0]","[0.0, 0.0, 0.0, 0.0]",0.0,"[0.0, 0.0, 0.0, 0.0]","[0.0, 0.0, 0.0, 0.0]",0.0,"[0.0, 0.0, 0.0, 0.0]","[0.0, 0.0, 0.0, 0.0]",0.0,"[0.0, 0.0, 0.0, 0.0]","[0.0, 0.0, 0.0, 0.0]",0.0,"[0.0, 0.0, 0.0, 0.0]","[0.0, 0.0, 0.0, 0.0]",0.0,"[0.0, 0.0, 0.0, 0.0]","[0.0, 0.0, 0.0, 0.0]",0.0,"[0.0, 0.0, 0.0, 0.0]","[0.0, 0.0, 0.0, 0.0]",0.0,"[0.0, 0.0, 0.0, 0.0]","[0.0, 0.0, 0.0, 0.0]",0.0,"[0.12906544968230863, 0.17680198461398433, 0.1082580418069861, 0.10825803991438307]","[0.0709345190971645, 0.023197959039414018, 0.09174193364238156, 0.09174193091549801]","[0.6057977016443238, 0.7255466146197307, 0.5504618402429853, 0.5504618350810144]","[0.394202217198669, 0.2744532477098056, 0.4495380927965028, 0.44953808535907547]","[0.07093452961181118, 0.016934528457962977, 0.09174194153364816, 0.0917419395560938]","[0.2, 0.2, 0.2, 0.2]","[0.2, 0.2, 0.2, 0.2]","[0.2, 0.146, 0.2, 0.2]","[0.2, 0.146, 0.2, 0.2]","[5.569206562868115e-09, 9.262140108841115e-09, 3.816937463291288e-09, 5.864480632657256e-09]","[1.4524248689617975e-06, 3.0418997574883434e-07]","[2.341785801199609e-06, 8.302516760653087e-07]",1000,"body origin, body frame; no gravity/external torque","[2.0807409485028787e-07, 8.065692734561506e-14, 4.4325009183134174e-18]",2.0807409485030346e-07,2.0807421670920044e-07,1.1260693919046712e-16,1.6653345369377348e-16,"[3.41414300728447e-10, 5.205992212632613e-10, 2.7358724197769485e-11]",6.231659279128938e-10,1.1497825871735639e-09,1.3098511669104268e-08,4.321136698459682e-08,"[2.080766995615265e-07, 5.205240750185151e-10, 2.7358724121730616e-11]",2.0807735242988417e-07,2.0893072333110715e-07,1.3098511667350535e-08,4.3211367095619124e-08,"[6.313260002127359e-18, 6.381835363053766e-18, 4.425411043042665e-18]",1.0008463286412572e-17,1.2307677760120914e-17,1.1260693919046712e-16,1.6653345369377348e-16,"[2.0807409484401697e-07, 8.065698263597502e-14, 1.4301608897011483e-19]",2.080740948440324e-07,2.080742167024784e-07,0.0,0.0
A_best-combined_motor2_70-eta073,fault_5_60,False,,"[-7.169551284525515e-05, -0.0022137919804398223]",0.0022149526358867847,0.007524120274941527,0.007190714201841456,0.06591782563556425,0.0002597611414113887,0.0002597611414113887,0.0009677834483864203,0.0009322708578430221,0.009738317535883168,0.007586105108338327,-7.453889935837843e-20,-7.411538288475128e-22,5500,5.01,60.0,0.024291302432470022,0.003642103731873481,0.038154751146069796,0.005164561549668381,7.526150090817327,1.378798866520762,-0.01530694731955699,0.018497111339195797,-0.8770234786397038,1.0598064129194973,[0.19],[0.19],0.19,[0.19],[0.19],0.19,[0.0],[0.0],0.0,[0.0],[0.0],0.0,[0.0],[0.0],0.0,[0.0],[0.0],0.0,[0.0],[0.0],0.0,[0.0],[0.0],0.0,"[0.0012157394986861806, 0.06373525521631432, -0.006183217751599139]",0.06374684917717413,0.006246005416491864,every physics interval; dwell = interval count * physics_dt,0.002,"[0.0, 0.19, 0.0, 0.0]","[0.0, 0.19, 0.0, 0.0]",0.19,"[0.0, 0.0, 0.0, 0.0]","[0.0, 0.0, 0.0, 0.0]",0.0,"[0.0, 0.19, 0.0, 0.0]","[0.0, 0.19, 0.0, 0.0]",0.19,"[0.0, 0.0, 0.0, 0.0]","[0.0, 0.0, 0.0, 0.0]",0.0,"[0.0, 0.0, 0.0, 0.0]","[0.0, 0.0, 0.0, 0.0]",0.0,"[0.0, 0.0, 0.0, 0.0]","[0.0, 0.0, 0.0, 0.0]",0.0,"[0.0, 0.0, 0.0, 0.0]","[0.0, 0.0, 0.0, 0.0]",0.0,"[0.0, 0.0, 0.0, 0.0]","[0.0, 0.0, 0.0, 0.0]",0.0,"[0.12186452499602066, 0.14352351443469208, 0.10228488511299284, 0.09591836604785992]","[0.05774224967999414, 0.0, 0.08699598114814011, 0.07310607223845453]","[0.5869419768098872, 0.6428964330131233, 0.5340334929557256, 0.5161974371507616]","[0.36031579965931604, 0.21814922562016836, 0.43667465050310694, 0.39985920410362397]","[0.06253518950116313, 0.0010396212951397643, 0.08831120004812591, 0.0811565950896497]","[0.2, 0.2, 0.2, 0.2]","[0.2, 0.2, 0.2, 0.2]","[0.2, 0.146, 0.2, 0.2]","[0.2, 0.146, 0.2, 0.2]","[0.00041542416860484884, 0.001879180965092531, 0.00022565122046722306, 0.0006011049390474412]","[0.8008357337100587, 0.4864516140557649]","[5.940872103028966, 4.8326594678110935]",27500,"body origin, body frame; no gravity/external torque","[9.217123421493054e-05, 9.218254773713597e-05, 1.548822652749175e-05]",0.00013127468790662323,0.0032759961636663034,0.002607445543348741,0.0650689353834415,"[4.67427159759249e-05, 6.282369631902236e-05, 7.406192285085753e-06]",7.865462478554303e-05,0.0024726515777362995,0.001846075737953793,0.04173250062768452,"[0.00012010985795055923, 0.00012261666393615015, 2.023859227952924e-05]",0.0001728317819997006,0.004417346069280119,0.003931788202273142,0.08745162251436905,"[9.218623718509433e-05, 9.218623718509352e-05, 1.548822652749175e-05]",0.00013128781289083798,0.0032762940094449096,0.002607445543348741,0.0650689353834415,"[2.083659705834803e-07, 8.690377410313966e-09, 1.517883041479706e-19]",2.0854711783366994e-07,3.6920920037021027e-07,0.0,0.0
A_best-combined_motor2_70-eta073,full_0_60,True,,,,,,,,,,,,,,,,,,,,,,,,,,,,,,,,,,,,,,,,,,,,,,,,,,,,,,,,,,,,,,,,,,,,,,,,,,,,,,,,,,,,,,,,,,,,,,,,,,,,,,,,,,,,,,,,,,,,,,,
A_best-combined_motor2_70-eta073,pre_3_5,True,,,,,,,,,,,,,,,,,,,,,,,,,,,,,,,,,,,,,,,,,,,,,,,,,,,,,,,,,,,,,,,,,,,,,,,,,,,,,,,,,,,,,,,,,,,,,,,,,,,,,,,,,,,,,,,,,,,,,,,
A_best-combined_motor2_70-eta073,tail_18_20,True,,,,,,,,,,,,,,,,,,,,,,,,,,,,,,,,,,,,,,,,,,,,,,,,,,,,,,,,,,,,,,,,,,,,,,,,,,,,,,,,,,,,,,,,,,,,,,,,,,,,,,,,,,,,,,,,,,,,,,,
A_best-combined_motor2_70-eta073,pre_second_28_30,True,,,,,,,,,,,,,,,,,,,,,,,,,,,,,,,,,,,,,,,,,,,,,,,,,,,,,,,,,,,,,,,,,,,,,,,,,,,,,,,,,,,,,,,,,,,,,,,,,,,,,,,,,,,,,,,,,,,,,,,
A_best-combined_motor2_70-eta073,tail_58_60,True,,,,,,,,,,,,,,,,,,,,,,,,,,,,,,,,,,,,,,,,,,,,,,,,,,,,,,,,,,,,,,,,,,,,,,,,,,,,,,,,,,,,,,,,,,,,,,,,,,,,,,,,,,,,,,,,,,,,,,,
A_best-combined_motor2_70-eta073,fault_5_60,True,,,,,,,,,,,,,,,,,,,,,,,,,,,,,,,,,,,,,,,,,,,,,,,,,,,,,,,,,,,,,,,,,,,,,,,,,,,,,,,,,,,,,,,,,,,,,,,,,,,,,,,,,,,,,,,,,,,,,,,
A_best-combined_motor2_70-eta072,full_0_60,False,,"[-0.00012465376539134716, -0.005436226190261172]",0.005437655170467114,0.014958579553087792,0.013935243395547492,0.08525157017647031,0.0005288507604964487,0.0005288507604964487,0.0019987001854248243,0.001927464475506497,0.01098102418202962,0.015091517639961641,-1.5449880957918438e-18,1.9058241313221758e-20,6000,0.01,60.0,0.03573695233701151,0.005268061675058929,0.06976741879921806,0.009586149348691085,11.121176799715334,2.1315263510676403,-0.014933652356971128,0.02581028469876089,-0.8556352527700399,1.4788203812700862,[0.25],[0.25],0.25,[0.25],[0.25],0.25,[0.0],[0.0],0.0,[0.0],[0.0],0.0,[0.0],[0.0],0.0,[0.0],[0.0],0.0,[0.0],[0.0],0.0,[0.0],[0.0],0.0,"[0.0012157416070795852, 0.06373525571039357, -0.006183212746668981]",0.06374684971137351,0.006209365030368207,every physics interval; dwell = interval count * physics_dt,0.002,"[0.0, 0.25, 0.0, 0.0]","[0.0, 0.25, 0.0, 0.0]",0.25,"[0.0, 0.0, 0.0, 0.0]","[0.0, 0.0, 0.0, 0.0]",0.0,"[0.0, 0.25, 0.0, 0.0]","[0.0, 0.25, 0.0, 0.0]",0.25,"[0.0, 0.0, 0.0, 0.0]","[0.0, 0.0, 0.0, 0.0]",0.0,"[0.0, 0.0, 0.0, 0.0]","[0.0, 0.0, 0.0, 0.0]",0.0,"[0.0, 0.0, 0.0, 0.0]","[0.0, 0.0, 0.0, 0.0]",0.0,"[0.0, 0.0, 0.0, 0.0]","[0.0, 0.0, 0.0, 0.0]",0.0,"[0.0, 0.0, 0.0, 0.0]","[0.0, 0.0, 0.0, 0.0]",0.0,"[0.10644243302100408, 0.10671204466234556, 0.09489406882615956, 0.09108999512737494]","[0.040285671385354827, 0.0, 0.07963285166728794, 0.07006296047753369]","[0.5454975438093234, 0.5462362977132903, 0.5132936810884384, 0.5024205684083305]","[0.3165103308031114, 0.21814922562016836, 0.417015230737796, 0.39193853288651814]","[0.057684785503413244, 0.0003066963462041994, 0.08569998326398624, 0.08154355510224492]","[0.2, 0.2, 0.2, 0.2]","[0.2, 0.2, 0.2, 0.2]","[0.2, 0.144, 0.2, 0.2]","[0.2, 0.2, 0.2, 0.2]","[0.0014612592876717281, 0.0023092315288629553, 0.0006206010257470459, 0.0009708978320288954]","[1.1655758918336279, 0.6877111822627437]","[8.65650007561656, 7.22456034069904]",30000,"body origin, body frame; no gravity/external torque","[0.00012102853948293658, 0.00012104145379045196, 2.0336766413738808e-05]",0.00017237321419886266,0.003740214914645587,0.0034236980494509917,0.07428791638590804,"[0.0001237313316466318, 9.30019556366905e-05, 8.081772426288629e-06]",0.00015499716522842958,0.0028935744872754555,0.0026335242071136946,0.05538944511395372,"[0.0001843787002788241, 0.00016264468149994633, 2.4368353736477008e-05]",0.0002470680355702765,0.004656946155206664,0.004930435876932543,0.09839304971526641,"[0.00012104484453834033, 0.00012104484453834135, 2.0336766413738808e-05]",0.00017238704373237905,0.0037404800615692064,0.0034236980494509917,0.07428791638590804,"[2.0931921572568027e-07, 1.4013903514872432e-08, 1.5202045565372502e-19]",2.0978780604157898e-07,6.103277316112358e-07,0.0,0.0
A_best-combined_motor2_70-eta072,pre_3_5,False,,"[-0.0013762209747797006, -0.03394071372641852]",0.03396860362791085,0.03434312551221735,0.00505808634938127,0.04202876009700014,0.006461303150693078,0.006461303150693078,0.006514672681031438,0.0008321789085413145,0.00764533581176674,0.034955560789220526,-1.196010521523072e-18,2.9434394917086937e-20,200,3.0100000000000002,5.0,0.01781773481441743,0.0020676966020689133,0.13258369413821072,0.025034986860578704,1.2888247983587884,0.13835220135746942,-0.017049457305259485,0.017926745993967864,-0.9768619465798581,1.0271268858574145,[0.0],[0.0],0.0,[0.0],[0.0],0.0,[0.0],[0.0],0.0,[0.0],[0.0],0.0,[0.0],[0.0],0.0,[0.0],[0.0],0.0,[0.0],[0.0],0.0,[0.0],[0.0],0.0,"[0.0005317849180558472, 0.04036298771930876, -0.003446314771563318]",0.04036649071727863,0.003446314771563318,every physics interval; dwell = interval count * physics_dt,0.002,"[0.0, 0.0, 0.0, 0.0]","[0.0, 0.0, 0.0, 0.0]",0.0,"[0.0, 0.0, 0.0, 0.0]","[0.0, 0.0, 0.0, 0.0]",0.0,"[0.0, 0.0, 0.0, 0.0]","[0.0, 0.0, 0.0, 0.0]",0.0,"[0.0, 0.0, 0.0, 0.0]","[0.0, 0.0, 0.0, 0.0]",0.0,"[0.0, 0.0, 0.0, 0.0]","[0.0, 0.0, 0.0, 0.0]",0.0,"[0.0, 0.0, 0.0, 0.0]","[0.0, 0.0, 0.0, 0.0]",0.0,"[0.0, 0.0, 0.0, 0.0]","[0.0, 0.0, 0.0, 0.0]",0.0,"[0.0, 0.0, 0.0, 0.0]","[0.0, 0.0, 0.0, 0.0]",0.0,"[0.1286521506890696, 0.12844461108331476, 0.10804559548844418, 0.10813063400869422]","[0.0704205520538593, 0.07022776575248785, 0.0914774905322643, 0.0915774211876318]","[0.6047229077085022, 0.6041828680180733, 0.5498822374163427, 0.5501142823535156]","[0.39286683840895853, 0.3923662870166258, 0.4488170967093429, 0.4490894939910999]","[0.07044574252715669, 0.07033676785322185, 0.09147964821973983, 0.09164751159567998]","[0.2, 0.2, 0.2, 0.2]","[0.2, 0.2, 0.2, 0.2]","[0.2, 0.2, 0.2, 0.2]","[0.2, 0.2, 0.2, 0.2]","[8.021935177856664e-05, 0.00012823828722820522, 3.9664002765137794e-05, 4.897143087860749e-05]","[0.6081988488747602, 0.28546071011230867]","[1.1679558295903452, 0.5489320376388197]",1000,"body origin, body frame; no gravity/external torque","[2.0810764545932525e-07, 1.1467121381181574e-09, 2.168496544660732e-19]",2.0811080473476602e-07,2.127060284929037e-07,4.886873367543068e-17,5.551115123125783e-17,"[6.371429223359969e-06, 6.226329398131368e-06, 4.0903941829972697e-07]",8.917937057865075e-06,2.864124785292116e-05,0.0001979684280317938,0.0005323570009163059,"[6.390751196056103e-06, 6.225520297329793e-06, 4.0903941829970675e-07]",8.931187886730449e-06,2.8788666551361496e-05,0.00019796842803179596,0.0005323570009163059,"[7.551742329129542e-17, 1.4819281649461944e-18, 2.210205729671161e-19]",7.553228569119581e-17,7.721439710533009e-17,4.886873367543068e-17,5.551115123125783e-17,"[2.0810764553483633e-07, 1.1467121382351734e-09, 1.462668697448798e-19]",2.0811080481027686e-07,2.1270602856882547e-07,0.0,0.0
A_best-combined_motor2_70-eta072,tail_18_20,False,,"[0.00015044156602719407, -0.0009317241506486161]",0.0009437915859397136,0.0009650679100686285,0.00020152794683028592,0.001439841002317677,7.774861166867319e-05,7.774861166867319e-05,8.109672814121219e-05,2.3061498190783933e-05,0.00014276989851191857,0.0009684692820938826,2.845501307182415e-22,4.1359030627651384e-25,200,18.01,20.0,0.0012939471138600424,0.00011533569762944715,0.0037010698276310466,0.00028768844782676756,0.07999785500762216,0.010041229400221714,-0.015584323901312454,0.015659158644481353,-0.8929159861100573,0.8972037010545807,[0.0],[0.0],0.0,[0.0],[0.0],0.0,[0.0],[0.0],0.0,[0.0],[0.0],0.0,[0.0],[0.0],0.0,[0.0],[0.0],0.0,[0.0],[0.0],0.0,[0.0],[0.0],0.0,"[0.001332642088163159, 0.06310188866754074, -0.006197843827108715]",0.063115959062236,0.006197843827108715,every physics interval; dwell = interval count * physics_dt,0.002,"[0.0, 0.0, 0.0, 0.0]","[0.0, 0.0, 0.0, 0.0]",0.0,"[0.0, 0.0, 0.0, 0.0]","[0.0, 0.0, 0.0, 0.0]",0.0,"[0.0, 0.0, 0.0, 0.0]","[0.0, 0.0, 0.0, 0.0]",0.0,"[0.0, 0.0, 0.0, 0.0]","[0.0, 0.0, 0.0, 0.0]",0.0,"[0.0, 0.0, 0.0, 0.0]","[0.0, 0.0, 0.0, 0.0]",0.0,"[0.0, 0.0, 0.0, 0.0]","[0.0, 0.0, 0.0, 0.0]",0.0,"[0.0, 0.0, 0.0, 0.0]","[0.0, 0.0, 0.0, 0.0]",0.0,"[0.0, 0.0, 0.0, 0.0]","[0.0, 0.0, 0.0, 0.0]",0.0,"[0.1290409878742693, 0.17922310088562432, 0.10824838083167994, 0.10825282076945389]","[0.07090456346358506, 0.020700130138271017, 0.09172979101972101, 0.09173717077038465]","[0.6057341122495298, 0.7314569550032918, 0.5504354901132464, 0.5504476000463066]","[0.39412435052448436, 0.26835580274040094, 0.4495049750007514, 0.44952510240687693]","[0.07090608291886916, 0.014905632892334153, 0.09173040996892506, 0.0917374084792694]","[0.2, 0.2, 0.2, 0.2]","[0.2, 0.2, 0.2, 0.2]","[0.2, 0.144, 0.2, 0.2]","[0.2, 0.144, 0.2, 0.2]","[5.445553242715635e-06, 7.721788591967474e-06, 2.1819971774155716e-06, 9.726979645675996e-07]","[0.04166488556871024, 0.018087547998462607]","[0.0737719446751701, 0.03133416052537232]",1000,"body origin, body frame; no gravity/external torque","[2.0808272937542e-07, 4.737495494169734e-11, 3.565421771604487e-19]",2.0808273476843423e-07,2.0833611051651844e-07,1.577435097919502e-16,1.6653345369377348e-16,"[3.4063016055123903e-07, 1.1116867658528327e-07, 1.923698043480619e-08]",3.588278728682255e-07,7.046837613073699e-07,1.2325368041882745e-05,2.4056428215846193e-05,"[3.83132461654776e-07, 1.1115708103762005e-07, 1.9236980434776945e-08]",3.993950941795611e-07,7.918492668728792e-07,1.2325368041896397e-05,2.4056428216012726e-05,"[1.3437014035816573e-17, 2.6124677767224483e-17, 3.661248180141794e-19]",2.938003032711864e-17,3.124103275469436e-17,1.577435097919502e-16,1.6653345369377348e-16,"[2.0808272938883902e-07, 4.7374955998893845e-11, 1.6371093793252835e-19]",2.0808273478185364e-07,2.0833611053040716e-07,0.0,0.0
A_best-combined_motor2_70-eta072,pre_second_28_30,False,,"[1.8348244560756108e-05, -9.254124187342802e-05]",9.434267075898171e-05,9.530912674073503e-05,1.3538467939315233e-05,0.00011368349947090259,-1.05231028751962e-05,1.05231028751962e-05,1.053340707234797e-05,4.6580084781768564e-07,1.1686228594931514e-05,9.588942749142516e-05,2.7658851732241863e-24,2.784363451068083e-26,200,28.01,30.0,3.3992490122309656e-05,2.449386199455094e-06,0.00036349674439731803,4.136569422160268e-05,0.002065585489610089,0.00022950162116467513,-0.015519747146708672,0.015522469304764985,-0.8892160106166086,0.8893719787844028,[0.0],[0.0],0.0,[0.0],[0.0],0.0,[0.0],[0.0],0.0,[0.0],[0.0],0.0,[0.0],[0.0],0.0,[0.0],[0.0],0.0,[0.0],[0.0],0.0,[0.0],[0.0],0.0,"[0.0012289348792883805, 0.06367224384379266, -0.006197168987261882]",0.06368410254561907,0.006201358041423162,every physics interval; dwell = interval count * physics_dt,0.002,"[0.0, 0.0, 0.0, 0.0]","[0.0, 0.0, 0.0, 0.0]",0.0,"[0.0, 0.0, 0.0, 0.0]","[0.0, 0.0, 0.0, 0.0]",0.0,"[0.0, 0.0, 0.0, 0.0]","[0.0, 0.0, 0.0, 0.0]",0.0,"[0.0, 0.0, 0.0, 0.0]","[0.0, 0.0, 0.0, 0.0]",0.0,"[0.0, 0.0, 0.0, 0.0]","[0.0, 0.0, 0.0, 0.0]",0.0,"[0.0, 0.0, 0.0, 0.0]","[0.0, 0.0, 0.0, 0.0]",0.0,"[0.0, 0.0, 0.0, 0.0]","[0.0, 0.0, 0.0, 0.0]",0.0,"[0.0, 0.0, 0.0, 0.0]","[0.0, 0.0, 0.0, 0.0]",0.0,"[0.12906479213189423, 0.17925663710547737, 0.10825777863148965, 0.10825795444056933]","[0.0709339615666591, 0.020741476598148845, 0.0917417013361575, 0.09174181057136388]","[0.6057959923567603, 0.7315387522373057, 0.5504611224458759, 0.5504616019558087]","[0.3942007679124203, 0.26845664700670846, 0.4495374591941521, 0.44953775712707233]","[0.07093384322981089, 0.014933782254021727, 0.09174165700972667, 0.09174182253697095]","[0.2, 0.2, 0.2, 0.2]","[0.2, 0.2, 0.2, 0.2]","[0.2, 0.144, 0.2, 0.2]","[0.2, 0.144, 0.2, 0.2]","[1.256617673334216e-07, 1.7730200510908802e-07, 5.0565027599942526e-08, 2.3226112411593067e-08]","[0.0009908500281605606, 0.00043210257299971757]","[0.0018918651956005195, 0.0008291500631698415]",1000,"body origin, body frame; no gravity/external torque","[2.0807402183797844e-07, 1.118509315511218e-12, 3.6474076623896083e-19]",2.0807402184098461e-07,2.08079274367264e-07,1.5725438145225752e-16,1.6653345369377348e-16,"[7.842533273693572e-09, 2.575591623551921e-09, 4.5230318505965937e-10]",8.26701751126225e-09,1.6126978613473435e-08,2.836183494124655e-07,5.668978196871066e-07,"[2.0896778995640888e-07, 2.5753563842815287e-09, 4.5230318510941583e-10]",2.0898414838916169e-07,2.235896994005684e-07,2.8361834939536553e-07,5.668978195205732e-07,"[1.3437127761692366e-17, 2.6039496941092457e-17, 3.7058271830300046e-19]",2.9304421764988165e-17,3.1290662990672226e-17,1.5725438145225752e-16,1.6653345369377348e-16,"[2.0807402185139176e-07, 1.1185090941999769e-12, 1.5786221915782286e-19]",2.0807402185439839e-07,2.0807927438157567e-07,0.0,0.0
A_best-combined_motor2_70-eta072,tail_58_60,False,,"[2.0366356695275212e-08, -8.616289542300961e-08]",8.853718446345394e-08,8.936539480026417e-08,1.2138400021889998e-08,1.1725164822460183e-07,-6.419463295381789e-08,6.419463295381789e-08,6.454447427873204e-08,6.711055046898274e-09,7.678978897196487e-08,1.1023684931875088e-07,-7.839305245633805e-30,2.711709361697228e-30,200,58.01,60.0,5.052131816107492e-08,1.3335949904850997e-08,3.3570790658882004e-07,2.4609035235217286e-07,2.831646840510158e-06,6.021637636607159e-07,-0.015514389137480185,0.015514391008526411,-0.8889090193012241,0.8889091265042761,[0.0],[0.0],0.0,[0.0],[0.0],0.0,[0.0],[0.0],0.0,[0.0],[0.0],0.0,[0.0],[0.0],0.0,[0.0],[0.0],0.0,[0.0],[0.0],0.0,[0.0],[0.0],0.0,"[0.0012157416070795852, 0.06373525571039357, -0.006183212746668981]",0.06374684971137351,0.006183238319210476,every physics interval; dwell = interval count * physics_dt,0.002,"[0.0, 0.0, 0.0, 0.0]","[0.0, 0.0, 0.0, 0.0]",0.0,"[0.0, 0.0, 0.0, 0.0]","[0.0, 0.0, 0.0, 0.0]",0.0,"[0.0, 0.0, 0.0, 0.0]","[0.0, 0.0, 0.0, 0.0]",0.0,"[0.0, 0.0, 0.0, 0.0]","[0.0, 0.0, 0.0, 0.0]",0.0,"[0.0, 0.0, 0.0, 0.0]","[0.0, 0.0, 0.0, 0.0]",0.0,"[0.0, 0.0, 0.0, 0.0]","[0.0, 0.0, 0.0, 0.0]",0.0,"[0.0, 0.0, 0.0, 0.0]","[0.0, 0.0, 0.0, 0.0]",0.0,"[0.0, 0.0, 0.0, 0.0]","[0.0, 0.0, 0.0, 0.0]",0.0,"[0.1290654461574199, 0.17925756662682862, 0.10825804160933677, 0.10825803940301425]","[0.07093451831923114, 0.0207423824451283, 0.09174192874093971, 0.09174192659728395]","[0.6057976924814604, 0.7315410193796151, 0.5504618397039083, 0.5504618336862848]","[0.39420221517645115, 0.2684588564047533, 0.4495380794280862, 0.4495380735813824]","[0.07093452849334667, 0.014934527702405165, 0.0917419406156656, 0.09174193847871592]","[0.2, 0.2, 0.2, 0.2]","[0.2, 0.2, 0.2, 0.2]","[0.2, 0.144, 0.2, 0.2]","[0.2, 0.144, 0.2, 0.2]","[7.2140114178128874e-09, 1.1031926919547387e-08, 4.2888093021404845e-09, 6.2506887409012375e-09]","[1.6552426640995059e-06, 3.0579180429161107e-07]","[2.767889191124751e-06, 7.633711011245318e-07]",1000,"body origin, body frame; no gravity/external torque","[2.0807409451446077e-07, 9.874126459829149e-14, 3.534640093775037e-19]",2.0807409451448399e-07,2.0807426410487524e-07,1.560248521776408e-16,1.6653345369377348e-16,"[4.5580581732939496e-10, 6.36750579190422e-10, 3.2251893453740496e-11]",7.837413016053237e-10,1.5362253243776557e-09,1.3056510187921697e-08,3.619472543903157e-08,"[2.0807320893009742e-07, 6.366585001154312e-10, 3.225189345443173e-11]",2.0807418544523588e-07,2.0941590117703117e-07,1.305651018953116e-08,3.619472527249812e-08,"[1.3438186240982583e-17, 2.604483855819851e-17, 3.7662081175709403e-19]",2.930973060616222e-17,3.138975954794438e-17,1.560248521776408e-16,1.6653345369377348e-16,"[2.080740945278778e-07, 9.874157668299988e-14, 1.5409408128351395e-19]",2.08074094527901e-07,2.08074264117452e-07,0.0,0.0
A_best-combined_motor2_70-eta072,fault_5_60,False,,"[-8.759097166076294e-05, -0.0022565531203477983]",0.002258252457823939,0.00896605676893545,0.008677008114581055,0.08525157017647031,0.00026275036563054436,0.00026275036563054436,0.0010742966744244759,0.0010416696165485972,0.01098102418202962,0.009030187557767152,-1.3552527156068805e-19,1.6940658945086007e-21,5500,5.01,60.0,0.034584172895767595,0.004951348974578951,0.04946792220898053,0.006441571774017331,11.121176799715334,2.1315263510676403,-0.01515619840682586,0.02581028469876089,-0.8683862021740241,1.4788203812700862,[0.25],[0.25],0.25,[0.25],[0.25],0.25,[0.0],[0.0],0.0,[0.0],[0.0],0.0,[0.0],[0.0],0.0,[0.0],[0.0],0.0,[0.0],[0.0],0.0,[0.0],[0.0],0.0,"[0.0012157416070795852, 0.06373525571039357, -0.006183212746668981]",0.06374684971137351,0.006209365030368207,every physics interval; dwell = interval count * physics_dt,0.002,"[0.0, 0.25, 0.0, 0.0]","[0.0, 0.25, 0.0, 0.0]",0.25,"[0.0, 0.0, 0.0, 0.0]","[0.0, 0.0, 0.0, 0.0]",0.0,"[0.0, 0.25, 0.0, 0.0]","[0.0, 0.25, 0.0, 0.0]",0.25,"[0.0, 0.0, 0.0, 0.0]","[0.0, 0.0, 0.0, 0.0]",0.0,"[0.0, 0.0, 0.0, 0.0]","[0.0, 0.0, 0.0, 0.0]",0.0,"[0.0, 0.0, 0.0, 0.0]","[0.0, 0.0, 0.0, 0.0]",0.0,"[0.0, 0.0, 0.0, 0.0]","[0.0, 0.0, 0.0, 0.0]",0.0,"[0.0, 0.0, 0.0, 0.0]","[0.0, 0.0, 0.0, 0.0]",0.0,"[0.1147512327108287, 0.1389746947536626, 0.09489406882615956, 0.09575750099670291]","[0.05663763903491606, 0.0, 0.08513471933592347, 0.07466049211467465]","[0.568021844209589, 0.6313226088106925, 0.5132936810884384, 0.515742057600098]","[0.35751219261493894, 0.21814922562016836, 0.43167229951237185, 0.4039237194608559]","[0.061326174108858905, 0.0003066963462041994, 0.0862749775061562, 0.08194165158926607]","[0.2, 0.2, 0.2, 0.2]","[0.2, 0.2, 0.2, 0.2]","[0.2, 0.144, 0.2, 0.2]","[0.2, 0.144, 0.2, 0.2]","[0.0007395763956891515, 0.0020239825279334796, 0.00043862402071835616, 0.0005860277984711314]","[1.1352155733329388, 0.7040508224998758]","[8.65650007561656, 7.22456034069904]",27500,"body origin, body frame; no gravity/external torque","[0.00012641016965226712, 0.00012642367491456002, 2.124105976213329e-05]",0.00018003793819702858,0.003740214914645587,0.003575935986891141,0.07428791638590804,"[5.940192900202918e-05, 7.444278419858239e-05, 6.723210262154118e-06]",9.547522633975949e-05,0.0024379927977902813,0.0020712921648504074,0.04604883275336791,"[0.00015465279290477246, 0.00015800417491068365, 2.4934890739009023e-05]",0.00022249618967214133,0.004656946155206664,0.004821144166339795,0.09839304971526641,"[0.00012642721681653684, 0.0001264272168165379, 2.124105976213329e-05]",0.0001800523949403895,0.0037404800615692064,0.003575935986891141,0.07428791638590804,"[2.085117394708433e-07, 1.085493766067964e-08, 1.5215395796308075e-19]",2.087940975429505e-07,3.5643176238213336e-07,0.0,0.0
A_best-combined_motor2_70-eta072,full_0_60,True,,,,,,,,,,,,,,,,,,,,,,,,,,,,,,,,,,,,,,,,,,,,,,,,,,,,,,,,,,,,,,,,,,,,,,,,,,,,,,,,,,,,,,,,,,,,,,,,,,,,,,,,,,,,,,,,,,,,,,,
A_best-combined_motor2_70-eta072,pre_3_5,True,,,,,,,,,,,,,,,,,,,,,,,,,,,,,,,,,,,,,,,,,,,,,,,,,,,,,,,,,,,,,,,,,,,,,,,,,,,,,,,,,,,,,,,,,,,,,,,,,,,,,,,,,,,,,,,,,,,,,,,
A_best-combined_motor2_70-eta072,tail_18_20,True,,,,,,,,,,,,,,,,,,,,,,,,,,,,,,,,,,,,,,,,,,,,,,,,,,,,,,,,,,,,,,,,,,,,,,,,,,,,,,,,,,,,,,,,,,,,,,,,,,,,,,,,,,,,,,,,,,,,,,,
A_best-combined_motor2_70-eta072,pre_second_28_30,True,,,,,,,,,,,,,,,,,,,,,,,,,,,,,,,,,,,,,,,,,,,,,,,,,,,,,,,,,,,,,,,,,,,,,,,,,,,,,,,,,,,,,,,,,,,,,,,,,,,,,,,,,,,,,,,,,,,,,,,
A_best-combined_motor2_70-eta072,tail_58_60,True,,,,,,,,,,,,,,,,,,,,,,,,,,,,,,,,,,,,,,,,,,,,,,,,,,,,,,,,,,,,,,,,,,,,,,,,,,,,,,,,,,,,,,,,,,,,,,,,,,,,,,,,,,,,,,,,,,,,,,,
A_best-combined_motor2_70-eta072,fault_5_60,True,,,,,,,,,,,,,,,,,,,,,,,,,,,,,,,,,,,,,,,,,,,,,,,,,,,,,,,,,,,,,,,,,,,,,,,,,,,,,,,,,,,,,,,,,,,,,,,,,,,,,,,,,,,,,,,,,,,,,,,
A_best-combined_motor2_70-eta071,full_0_60,False,,"[-0.0002749864311970139, -0.005674140765698181]",0.005680800204751124,0.01696366040492643,0.015984188542662002,0.12410985385402197,0.0005361847370266948,0.0005361847370266948,0.0022374396951435256,0.0021722436136823067,0.01432224234936208,0.01711057891256379,1.0299920638612292e-18,8.470329472543003e-22,6000,0.01,60.0,0.052591615268941905,0.007132732670259692,0.08597824062590176,0.011462283182978213,17.770377495266608,3.023770557680403,-0.014730703735121734,0.057880815988386125,-0.8440071532800731,3.3163264709078617,[0.61],[0.33],0.61,[0.61],[0.33],0.61,[0.0],[0.0],0.0,[0.0],[0.0],0.0,[0.0],[0.0],0.0,[0.0],[0.0],0.0,[0.0],[0.0],0.0,[0.0],[0.0],0.0,"[0.0012157454566852524, 0.06373525204637918, -0.006183205073277675]",0.063746846121443,0.006186968100428211,every physics interval; dwell = interval count * physics_dt,0.002,"[0.0, 0.61, 0.0, 0.0]","[0.0, 0.33, 0.0, 0.0]",0.61,"[0.0, 0.0, 0.0, 0.0]","[0.0, 0.0, 0.0, 0.0]",0.0,"[0.0, 0.61, 0.0, 0.0]","[0.0, 0.33, 0.0, 0.0]",0.61,"[0.0, 0.0, 0.0, 0.0]","[0.0, 0.0, 0.0, 0.0]",0.0,"[0.0, 0.0, 0.0, 0.0]","[0.0, 0.0, 0.0, 0.0]",0.0,"[0.0, 0.0, 0.0, 0.0]","[0.0, 0.0, 0.0, 0.0]",0.0,"[0.0, 0.0, 0.0, 0.0]","[0.0, 0.0, 0.0, 0.0]",0.0,"[0.0, 0.0, 0.0, 0.0]","[0.0, 0.0, 0.0, 0.0]",0.0,"[0.10644243302100408, 0.10671204466234556, 0.09244982101376911, 0.09108999512737494]","[0.040285671385354827, 0.0, 0.07746194954986714, 0.07006296047753369]","[0.5454975438093234, 0.5462362977132903, 0.5063238130347526, 0.5024205684083305]","[0.3165103308031114, 0.21814922562016836, 0.41128229452686316, 0.39193853288651814]","[0.05583279915955905, 6.061723890921078e-05, 0.08239539576280941, 0.08154355510224492]","[0.2, 0.2, 0.2, 0.2]","[0.2, 0.2, 0.2, 0.2]","[0.2, 0.142, 0.2, 0.2]","[0.2, 0.2, 0.2, 0.2]","[0.0016665368335316332, 0.0025204457265622145, 0.0007811452589226962, 0.0010336205273159752]","[1.7308595262745148, 1.0574512672739567]","[14.531550404697766, 10.879411237345801]",30000,"body origin, body frame; no gravity/external torque","[0.00018314153165137912, 0.0001831594782229231, 3.0773158271193906e-05]",0.00026083558489689254,0.004288552528619363,0.005180666375621945,0.08517759450469442,"[0.00013360003651560092, 8.597588664095886e-05, 9.818730154344189e-06]",0.0001591767266358828,0.0028935744872754555,0.0032927755633124682,0.055728709533552245,"[0.00024080765546407145, 0.00021098390921441161, 3.444649156357135e-05]",0.0003220079155215634,0.0048940543246039905,0.006678690209737572,0.11090414631403739,"[0.00018316245971012381, 0.00018316245971011135, 3.0773158271193906e-05]",0.000260852373123391,0.0042887875907322804,0.005180666375621945,0.08517759450469442,"[2.096444767549593e-07, 1.3077712707766203e-08, 1.5291991679424246e-19]",2.1005197738542956e-07,6.103277316112358e-07,0.0,0.0
A_best-combined_motor2_70-eta071,pre_3_5,False,,"[-0.0013762209747797006, -0.03394071372641852]",0.03396860362791085,0.03434312551221735,0.00505808634938127,0.04202876009700014,0.006461303150693078,0.006461303150693078,0.006514672681031438,0.0008321789085413145,0.00764533581176674,0.034955560789220526,-1.196010521523072e-18,2.9434394917086937e-20,200,3.0100000000000002,5.0,0.01781773481441743,0.0020676966020689133,0.13258369413821072,0.025034986860578704,1.2888247983587884,0.13835220135746942,-0.017049457305259485,0.017926745993967864,-0.9768619465798581,1.0271268858574145,[0.0],[0.0],0.0,[0.0],[0.0],0.0,[0.0],[0.0],0.0,[0.0],[0.0],0.0,[0.0],[0.0],0.0,[0.0],[0.0],0.0,[0.0],[0.0],0.0,[0.0],[0.0],0.0,"[0.0005317849180558472, 0.04036298771930876, -0.003446314771563318]",0.04036649071727863,0.003446314771563318,every physics interval; dwell = interval count * physics_dt,0.002,"[0.0, 0.0, 0.0, 0.0]","[0.0, 0.0, 0.0, 0.0]",0.0,"[0.0, 0.0, 0.0, 0.0]","[0.0, 0.0, 0.0, 0.0]",0.0,"[0.0, 0.0, 0.0, 0.0]","[0.0, 0.0, 0.0, 0.0]",0.0,"[0.0, 0.0, 0.0, 0.0]","[0.0, 0.0, 0.0, 0.0]",0.0,"[0.0, 0.0, 0.0, 0.0]","[0.0, 0.0, 0.0, 0.0]",0.0,"[0.0, 0.0, 0.0, 0.0]","[0.0, 0.0, 0.0, 0.0]",0.0,"[0.0, 0.0, 0.0, 0.0]","[0.0, 0.0, 0.0, 0.0]",0.0,"[0.0, 0.0, 0.0, 0.0]","[0.0, 0.0, 0.0, 0.0]",0.0,"[0.1286521506890696, 0.12844461108331476, 0.10804559548844418, 0.10813063400869422]","[0.0704205520538593, 0.07022776575248785, 0.0914774905322643, 0.0915774211876318]","[0.6047229077085022, 0.6041828680180733, 0.5498822374163427, 0.5501142823535156]","[0.39286683840895853, 0.3923662870166258, 0.4488170967093429, 0.4490894939910999]","[0.07044574252715669, 0.07033676785322185, 0.09147964821973983, 0.09164751159567998]","[0.2, 0.2, 0.2, 0.2]","[0.2, 0.2, 0.2, 0.2]","[0.2, 0.2, 0.2, 0.2]","[0.2, 0.2, 0.2, 0.2]","[8.021935177856664e-05, 0.00012823828722820522, 3.9664002765137794e-05, 4.897143087860749e-05]","[0.6081988488747602, 0.28546071011230867]","[1.1679558295903452, 0.5489320376388197]",1000,"body origin, body frame; no gravity/external torque","[2.0810764545932525e-07, 1.1467121381181574e-09, 2.168496544660732e-19]",2.0811080473476602e-07,2.127060284929037e-07,4.886873367543068e-17,5.551115123125783e-17,"[6.371429223359969e-06, 6.226329398131368e-06, 4.0903941829972697e-07]",8.917937057865075e-06,2.864124785292116e-05,0.0001979684280317938,0.0005323570009163059,"[6.390751196056103e-06, 6.225520297329793e-06, 4.0903941829970675e-07]",8.931187886730449e-06,2.8788666551361496e-05,0.00019796842803179596,0.0005323570009163059,"[7.551742329129542e-17, 1.4819281649461944e-18, 2.210205729671161e-19]",7.553228569119581e-17,7.721439710533009e-17,4.886873367543068e-17,5.551115123125783e-17,"[2.0810764553483633e-07, 1.1467121382351734e-09, 1.462668697448798e-19]",2.0811080481027686e-07,2.1270602856882547e-07,0.0,0.0
A_best-combined_motor2_70-eta071,tail_18_20,False,,"[0.00015409227076392337, -0.0009516001713882349]",0.0009639954948521805,0.0010018926209144816,0.0002729496469087077,0.0015410093516927295,0.0002451442492729883,0.0002451442492729883,0.0002489103081082798,4.313511946131344e-05,0.0003589610177829883,0.00103234934267691,7.014491594449675e-22,-2.0472720160687435e-23,200,18.01,20.0,0.0019445645881312516,0.00018426587966390435,0.004044100684694748,0.0009120979737023001,0.12276104699630802,0.015419530128175315,-0.01560181507891072,0.015713033719749584,-0.8939181567651516,0.9002905154884,[0.0],[0.0],0.0,[0.0],[0.0],0.0,[0.0],[0.0],0.0,[0.0],[0.0],0.0,[0.0],[0.0],0.0,[0.0],[0.0],0.0,[0.0],[0.0],0.0,[0.0],[0.0],0.0,"[0.0013390185896067874, 0.06308443606343223, -0.00608551577802322]",0.06309864534381528,0.00608551577802322,every physics interval; dwell = interval count * physics_dt,0.002,"[0.0, 0.0, 0.0, 0.0]","[0.0, 0.0, 0.0, 0.0]",0.0,"[0.0, 0.0, 0.0, 0.0]","[0.0, 0.0, 0.0, 0.0]",0.0,"[0.0, 0.0, 0.0, 0.0]","[0.0, 0.0, 0.0, 0.0]",0.0,"[0.0, 0.0, 0.0, 0.0]","[0.0, 0.0, 0.0, 0.0]",0.0,"[0.0, 0.0, 0.0, 0.0]","[0.0, 0.0, 0.0, 0.0]",0.0,"[0.0, 0.0, 0.0, 0.0]","[0.0, 0.0, 0.0, 0.0]",0.0,"[0.0, 0.0, 0.0, 0.0]","[0.0, 0.0, 0.0, 0.0]",0.0,"[0.0, 0.0, 0.0, 0.0]","[0.0, 0.0, 0.0, 0.0]",0.0,"[0.12902801546081602, 0.18172881289391696, 0.1082433213988319, 0.10825008550007639]","[0.07088833055323651, 0.01815153254365426, 0.0917231462254659, 0.09173455241711521]","[0.6057003887415524, 0.7375635517783121, 0.5504216903292992, 0.5504401396146043]","[0.394082156592787, 0.2621450888408531, 0.4494868524465856, 0.44951796110874076]","[0.07089066581031186, 0.012890009687529153, 0.0917240991643213, 0.09173490801298442]","[0.2, 0.2, 0.2, 0.2]","[0.2, 0.2, 0.2, 0.2]","[0.2, 0.142, 0.2, 0.2]","[0.2, 0.142, 0.2, 0.2]","[8.257823471458883e-06, 1.1928862597797866e-05, 3.3138761236095745e-06, 1.4562838151802723e-06]","[0.0629260542089174, 0.027187009766619273]","[0.11316352791595381, 0.0481449441679524]",1000,"body origin, body frame; no gravity/external torque","[2.0809099246675433e-07, 7.206072030060912e-11, 3.50926848573272e-18]",2.080910049438614e-07,2.0847717896785233e-07,1.728884979889926e-16,2.220446049250313e-16,"[5.169889631820014e-07, 1.693646384490045e-07, 2.8867529304550524e-08]",5.447892281030453e-07,1.0805222231365206e-06,1.8755815570381204e-05,3.686566936966784e-05,"[5.417406913677427e-07, 1.69345006072641e-07, 2.886752930472776e-08]",5.683256478582522e-07,1.1077223120728692e-06,1.8755815570395763e-05,3.6865669369889886e-05,"[1.02155754147073e-16, 6.570359869432434e-18, 3.5002140106651955e-18]",1.0242665293902522e-16,1.0438782638813219e-16,1.728884979889926e-16,2.220446049250313e-16,"[2.0809099256890757e-07, 7.206071978195799e-11, 1.6008053238269127e-19]",2.080910050460147e-07,2.084771790695467e-07,0.0,0.0
A_best-combined_motor2_70-eta071,pre_second_28_30,False,,"[1.9674422910335195e-05, -9.583764602366892e-05]",9.783627809873384e-05,9.901101931551714e-05,1.5206729881368546e-05,0.00012117372889266697,5.5639203852742014e-06,5.5639203852742014e-06,5.911483787875409e-06,1.9971055356800694e-06,8.577441842794187e-06,9.918733581698835e-05,1.576813042679209e-23,1.6155871338926322e-27,200,28.01,30.0,4.7133218974474625e-05,4.5047313689010784e-06,0.00038043967903461163,2.1390370366141063e-05,0.002826276162986528,0.0003521341742811888,-0.01552122116403729,0.015524539945865687,-0.8893004655884675,0.8894906177803593,[0.0],[0.0],0.0,[0.0],[0.0],0.0,[0.0],[0.0],0.0,[0.0],[0.0],0.0,[0.0],[0.0],0.0,[0.0],[0.0],0.0,[0.0],[0.0],0.0,[0.0],[0.0],0.0,"[0.0012303065292467536, 0.06366977176481942, -0.0061865138860392995]",0.06368165741200604,0.0061865138860392995,every physics interval; dwell = interval count * physics_dt,0.002,"[0.0, 0.0, 0.0, 0.0]","[0.0, 0.0, 0.0, 0.0]",0.0,"[0.0, 0.0, 0.0, 0.0]","[0.0, 0.0, 0.0, 0.0]",0.0,"[0.0, 0.0, 0.0, 0.0]","[0.0, 0.0, 0.0, 0.0]",0.0,"[0.0, 0.0, 0.0, 0.0]","[0.0, 0.0, 0.0, 0.0]",0.0,"[0.0, 0.0, 0.0, 0.0]","[0.0, 0.0, 0.0, 0.0]",0.0,"[0.0, 0.0, 0.0, 0.0]","[0.0, 0.0, 0.0, 0.0]",0.0,"[0.0, 0.0, 0.0, 0.0]","[0.0, 0.0, 0.0, 0.0]",0.0,"[0.0, 0.0, 0.0, 0.0]","[0.0, 0.0, 0.0, 0.0]",0.0,"[0.12906444034214812, 0.18178087875965504, 0.10825765115977071, 0.10825790677945606]","[0.0709336533592072, 0.018216406729951284, 0.09174158850097269, 0.09174173454673827]","[0.6057950778863022, 0.737690335080269, 0.5504607747733883, 0.5504614719626731]","[0.3941999667357272, 0.26230305504858087, 0.4495371514425843, 0.4495375497741452]","[0.07093359862765236, 0.012933473122936495, 0.0917415472086717, 0.09174174607472721]","[0.2, 0.2, 0.2, 0.2]","[0.2, 0.2, 0.2, 0.2]","[0.2, 0.142, 0.2, 0.2]","[0.2, 0.142, 0.2, 0.2]","[1.9216413285245407e-07, 2.7552140846300895e-07, 7.708394301287355e-08, 3.488895104933288e-08]","[0.0014815294225471191, 0.0006458329335748992]","[0.0025679750334329896, 0.001180398653497193]",1000,"body origin, body frame; no gravity/external torque","[2.0807389478939942e-07, 1.6823026749209042e-12, 3.509936092633726e-18]",2.0807389479620044e-07,2.0808178731343432e-07,1.7474995049556956e-16,2.220446049250313e-16,"[1.2005341641217878e-08, 3.9371196576955136e-09, 6.8542442509174e-10]",1.2653021210915789e-08,2.4643267642439868e-08,4.3408427250689937e-07,8.572608327095388e-07,"[2.0952401254062805e-07, 3.93673029911255e-09, 6.854244248271504e-10]",2.0956211366374256e-07,2.3171930755393796e-07,4.3408427249115186e-07,8.572608325430053e-07,"[1.0216151087863106e-16, 6.677066201226708e-18, 3.5309781816101015e-18]",1.0244035008227581e-16,1.0432491851228999e-16,1.7474995049556956e-16,2.220446049250313e-16,"[2.080738948915584e-07, 1.6823028601322537e-12, 1.586051042923807e-19]",2.0807389489835939e-07,2.0808178741643347e-07,0.0,0.0
A_best-combined_motor2_70-eta071,tail_58_60,False,,"[2.3381531881826076e-08, -9.122696482883524e-08]",9.417566110743472e-08,9.505783095437212e-08,1.2920374635728556e-08,1.1532305004292587e-07,-5.087336556297561e-08,5.087336556297561e-08,5.12151537320926e-08,5.9069999236264905e-09,6.178294187364486e-08,1.0797677156477622e-07,1.720702849513332e-29,2.0461079729169994e-30,200,58.01,60.0,5.0865688302680315e-08,1.1662322358380995e-08,3.5925675495231547e-07,1.9488738335299588e-07,2.561320938754782e-06,5.393995738518535e-07,-0.015514389609080758,0.015514392360109928,-0.8889090463219466,0.8889092039443073,[0.0],[0.0],0.0,[0.0],[0.0],0.0,[0.0],[0.0],0.0,[0.0],[0.0],0.0,[0.0],[0.0],0.0,[0.0],[0.0],0.0,[0.0],[0.0],0.0,[0.0],[0.0],0.0,"[0.0012157454566852524, 0.06373525204637918, -0.006183205073277675]",0.063746846121443,0.006183225338484782,every physics interval; dwell = interval count * physics_dt,0.002,"[0.0, 0.0, 0.0, 0.0]","[0.0, 0.0, 0.0, 0.0]",0.0,"[0.0, 0.0, 0.0, 0.0]","[0.0, 0.0, 0.0, 0.0]",0.0,"[0.0, 0.0, 0.0, 0.0]","[0.0, 0.0, 0.0, 0.0]",0.0,"[0.0, 0.0, 0.0, 0.0]","[0.0, 0.0, 0.0, 0.0]",0.0,"[0.0, 0.0, 0.0, 0.0]","[0.0, 0.0, 0.0, 0.0]",0.0,"[0.0, 0.0, 0.0, 0.0]","[0.0, 0.0, 0.0, 0.0]",0.0,"[0.0, 0.0, 0.0, 0.0]","[0.0, 0.0, 0.0, 0.0]",0.0,"[0.0, 0.0, 0.0, 0.0]","[0.0, 0.0, 0.0, 0.0]",0.0,"[0.12906544916816157, 0.1817823095724586, 0.10825804390828517, 0.10825804142307088]","[0.07093452309208392, 0.01821763141583177, 0.09174193415035134, 0.09174193204446857]","[0.6057977003078107, 0.7376938191310591, 0.5504618459741656, 0.5504618391958797]","[0.3942022275833661, 0.2623060371746013, 0.44953809418196056, 0.44953808843828247]","[0.07093452995288055, 0.01293452801082623, 0.09174194066390573, 0.09174194049905783]","[0.2, 0.2, 0.2, 0.2]","[0.2, 0.2, 0.2, 0.2]","[0.2, 0.142, 0.2, 0.2]","[0.2, 0.142, 0.2, 0.2]","[5.4567245611660536e-09, 8.785919949809408e-09, 3.6527629975024243e-09, 4.828765191461104e-09]","[1.701175609164081e-06, 3.070255779039554e-07]","[2.6095746422440684e-06, 6.625620568281144e-07]",1000,"body origin, body frame; no gravity/external torque","[2.0807409371453823e-07, 7.347289173246301e-14, 3.509082453515111e-18]",2.080740937145507e-07,2.0807420079550348e-07,1.7597998041182627e-16,2.220446049250313e-16,"[3.2807836530424057e-10, 4.747211286491883e-10, 2.8402993716992732e-11]",5.777562581389748e-10,1.266638344706077e-09,1.1497926667394118e-08,4.103327611026941e-08,"[2.0808254198313404e-07, 4.746526321479963e-10, 2.8402993646658246e-11]",2.0808308528088961e-07,2.089577525819812e-07,1.1497926662373827e-08,4.1033276276802866e-08,"[1.021550050462176e-16, 6.6465259319529e-18, 3.5010045431684226e-18]",1.0243084689568935e-16,1.043559185579676e-16,1.7597998041182627e-16,2.220446049250313e-16,"[2.080740938166908e-07, 7.347301072042522e-14, 1.54855044337518e-19]",2.0807409381670311e-07,2.0807420089785217e-07,0.0,0.0
A_best-combined_motor2_70-eta071,fault_5_60,False,,"[-0.0002515902434487628, -0.0025160962935518337]",0.0025286435511997106,0.012256248791656656,0.01199256420595534,0.12410985385402197,0.00027075106729990275,0.00027075106729990275,0.0015024602336203385,0.0014778635299534414,0.01432224234936208,0.012347996647092017,8.131516293641283e-20,-4.235164736271502e-22,5500,5.01,60.0,0.05310512214195423,0.007052757305716339,0.07212048645215549,0.009196384829695953,17.770377495266608,3.023770557680403,-0.014934799910262885,0.057880815988386125,-0.8557010027304239,3.3163264709078617,[0.61],[0.33],0.61,[0.61],[0.33],0.61,[0.0],[0.0],0.0,[0.0],[0.0],0.0,[0.0],[0.0],0.0,[0.0],[0.0],0.0,[0.0],[0.0],0.0,[0.0],[0.0],0.0,"[0.0012157454566852524, 0.06373525204637918, -0.006183205073277675]",0.063746846121443,0.006186968100428211,every physics interval; dwell = interval count * physics_dt,0.002,"[0.0, 0.61, 0.0, 0.0]","[0.0, 0.33, 0.0, 0.0]",0.61,"[0.0, 0.0, 0.0, 0.0]","[0.0, 0.0, 0.0, 0.0]",0.0,"[0.0, 0.61, 0.0, 0.0]","[0.0, 0.33, 0.0, 0.0]",0.61,"[0.0, 0.0, 0.0, 0.0]","[0.0, 0.0, 0.0, 0.0]",0.0,"[0.0, 0.0, 0.0, 0.0]","[0.0, 0.0, 0.0, 0.0]",0.0,"[0.0, 0.0, 0.0, 0.0]","[0.0, 0.0, 0.0, 0.0]",0.0,"[0.0, 0.0, 0.0, 0.0]","[0.0, 0.0, 0.0, 0.0]",0.0,"[0.0, 0.0, 0.0, 0.0]","[0.0, 0.0, 0.0, 0.0]",0.0,"[0.11158941963151991, 0.13056798154087573, 0.09244982101376911, 0.09564743402334386]","[0.043191060179255336, 0.0, 0.07746194954986714, 0.07718866225491788]","[0.5595077962860997, 0.6096978386432721, 0.5063238130347526, 0.5154303386078499]","[0.3237333830715188, 0.21814922562016836, 0.41128229452686316, 0.4105625200625347]","[0.05583279915955905, 6.061723890921078e-05, 0.08239539576280941, 0.08212995155354075]","[0.2, 0.2, 0.2, 0.2]","[0.2, 0.2, 0.2, 0.2]","[0.2, 0.142, 0.2, 0.2]","[0.2, 0.142, 0.2, 0.2]","[0.001116874756394909, 0.002282397361766577, 0.0006617338613351098, 0.0006932440156380312]","[1.7535301759637933, 1.0952642402921933]","[14.531550404697766, 10.879411237345801]",27500,"body origin, body frame; no gravity/external torque","[0.0001912850799346236, 0.00019130383555870058, 3.214151554921878e-05]",0.0002724338751456602,0.004288552528619363,0.005411029553740614,0.08517759450469442,"[7.936613015400542e-05, 6.457474970141368e-05, 8.894973626832767e-06]",0.00010270346377043556,0.002403306047194172,0.0029244396119692696,0.055728709533552245,"[0.0002238112458887161, 0.0002113483816114088, 3.5614305022237816e-05]",0.0003098838345545691,0.0048940543246039905,0.006736779656699791,0.11090414631403739,"[0.0001913069498725098, 0.00019130694987249677, 3.2141515549218784e-05]",0.0002724514179828059,0.0042887875907322804,0.005411029553740614,0.08517759450469442,"[2.0886791633402477e-07, 9.495316180776667e-09, 1.531340708910875e-19]",2.090836375785808e-07,3.9637688009651535e-07,0.0,0.0
A_best-combined_motor2_70-eta071,full_0_60,True,,,,,,,,,,,,,,,,,,,,,,,,,,,,,,,,,,,,,,,,,,,,,,,,,,,,,,,,,,,,,,,,,,,,,,,,,,,,,,,,,,,,,,,,,,,,,,,,,,,,,,,,,,,,,,,,,,,,,,,
A_best-combined_motor2_70-eta071,pre_3_5,True,,,,,,,,,,,,,,,,,,,,,,,,,,,,,,,,,,,,,,,,,,,,,,,,,,,,,,,,,,,,,,,,,,,,,,,,,,,,,,,,,,,,,,,,,,,,,,,,,,,,,,,,,,,,,,,,,,,,,,,
A_best-combined_motor2_70-eta071,tail_18_20,True,,,,,,,,,,,,,,,,,,,,,,,,,,,,,,,,,,,,,,,,,,,,,,,,,,,,,,,,,,,,,,,,,,,,,,,,,,,,,,,,,,,,,,,,,,,,,,,,,,,,,,,,,,,,,,,,,,,,,,,
A_best-combined_motor2_70-eta071,pre_second_28_30,True,,,,,,,,,,,,,,,,,,,,,,,,,,,,,,,,,,,,,,,,,,,,,,,,,,,,,,,,,,,,,,,,,,,,,,,,,,,,,,,,,,,,,,,,,,,,,,,,,,,,,,,,,,,,,,,,,,,,,,,
A_best-combined_motor2_70-eta071,tail_58_60,True,,,,,,,,,,,,,,,,,,,,,,,,,,,,,,,,,,,,,,,,,,,,,,,,,,,,,,,,,,,,,,,,,,,,,,,,,,,,,,,,,,,,,,,,,,,,,,,,,,,,,,,,,,,,,,,,,,,,,,,
A_best-combined_motor2_70-eta071,fault_5_60,True,,,,,,,,,,,,,,,,,,,,,,,,,,,,,,,,,,,,,,,,,,,,,,,,,,,,,,,,,,,,,,,,,,,,,,,,,,,,,,,,,,,,,,,,,,,,,,,,,,,,,,,,,,,,,,,,,,,,,,,
B_best-combined_motor3_70-eta074,full_0_60,False,,"[-0.005561961464597108, 0.0016877019515139236]",0.005812379307203472,0.015302683690291597,0.014155860090941497,0.07073418479063423,-0.0007324962932833502,0.0007324962932833502,0.0023768212805473856,0.0022611343569078567,0.01515519991380021,0.01548616826477032,-8.131516293641283e-19,-4.1504614415460717e-20,6000,0.01,60.0,0.02116907549459062,0.00933839366919032,0.06479559600061124,0.013352456144987668,7.1012081954670725,1.5907732446500036,0.009222574273634125,0.022817696856072742,0.5284145821251661,1.3073577280618955,[0.2],[0.2],0.2,[0.2],[0.2],0.2,[0.0],[0.0],0.0,[0.0],[0.0],0.0,[0.0],[0.0],0.0,[0.0],[0.0],0.0,[0.0],[0.0],0.0,[0.0],[0.0],0.0,"[0.06552662027549593, -0.019693481410841148, 0.008573912778445072]",0.0684220079711797,0.008574457410525007,every physics interval; dwell = interval count * physics_dt,0.002,"[0.0, 0.0, 0.2, 0.0]","[0.0, 0.0, 0.2, 0.0]",0.2,"[0.0, 0.0, 0.0, 0.0]","[0.0, 0.0, 0.0, 0.0]",0.0,"[0.0, 0.0, 0.2, 0.0]","[0.0, 0.0, 0.2, 0.0]",0.2,"[0.0, 0.0, 0.0, 0.0]","[0.0, 0.0, 0.0, 0.0]",0.0,"[0.0, 0.0, 0.0, 0.0]","[0.0, 0.0, 0.0, 0.0]",0.0,"[0.0, 0.0, 0.0, 0.0]","[0.0, 0.0, 0.0, 0.0]",0.0,"[0.0, 0.0, 0.0, 0.0]","[0.0, 0.0, 0.0, 0.0]",0.0,"[0.0, 0.0, 0.0, 0.0]","[0.0, 0.0, 0.0, 0.0]",0.0,"[0.08803775861425776, 0.10825664557542906, 0.111898022188068, 0.09249561057287833]","[0.05934852504488164, 0.04529619208147573, 0.0, 0.06815659941163768]","[0.49358955459919984, 0.5504580320901427, 0.5603417906573862, 0.5064549232387824]","[0.3644013171122701, 0.3289823751482228, 0.21814922562016836, 0.3870002743548916]","[0.07552885816758526, 0.05631194210607679, 0.0008736782323705006, 0.07982573600399792]","[0.2, 0.2, 0.2, 0.2]","[0.2, 0.2, 0.2, 0.2]","[0.2, 0.2, 0.148, 0.2]","[0.2, 0.2, 0.2, 0.2]","[0.0014382027576810151, 0.0013839605571442362, 0.002110860265190119, 0.001021590847691276]","[0.42522652335354744, 0.6620546842147778]","[4.64497367422064, 5.600348425027621]",30000,"body origin, body frame; no gravity/external torque","[7.35105848903518e-05, 7.349859240428033e-05, 1.235095855405986e-05]",0.0001046823545471642,0.00247070103136521,0.0020792859518619423,0.04907380298639352,"[6.736495543498154e-05, 0.00015053633406587186, 8.98994289687138e-06]",0.0001651667162840049,0.0027771703611231043,0.0027230194705187144,0.05363807392624009,"[0.00010624689547733574, 0.00017308940306269866, 1.8197049363704705e-05]",0.00020391046284268946,0.0035155476128576504,0.003925142541997336,0.07396634778769151,"[7.351315482807905e-05, 7.351315482807988e-05, 1.2350958554059866e-05]",0.00010469438400773212,0.0024709211207705976,0.0020792859518619423,0.04907380298639352,"[9.612798832578725e-09, 2.0966725299454411e-07, 1.5090806436347412e-19]",2.098875005322488e-07,5.937522688194143e-07,0.0,0.0
B_best-combined_motor3_70-eta074,pre_3_5,False,,"[-0.03674554266393267, 0.014558291598262578]",0.03952440714200453,0.039851561796850836,0.005095902051775023,0.04777326809916805,-0.006523403538899457,0.006523403538899457,0.0065480786913212855,0.0005679267702882146,0.00741649192686622,0.04038594201199171,-2.7816561987831223e-18,-8.279747059410786e-20,200,3.0100000000000002,5.0,0.008902018676350097,0.002252568284852845,0.1513618679948816,0.025259731948309556,0.29864699235166686,0.04216393343917914,0.009246043354823963,0.009514709608030747,0.5297592614263937,0.5451527038327356,[0.0],[0.0],0.0,[0.0],[0.0],0.0,[0.0],[0.0],0.0,[0.0],[0.0],0.0,[0.0],[0.0],0.0,[0.0],[0.0],0.0,[0.0],[0.0],0.0,[0.0],[0.0],0.0,"[0.04141497361330784, -0.011721834285616814, 0.0050933748047580375]",0.04304185681880426,0.0050933748047580375,every physics interval; dwell = interval count * physics_dt,0.002,"[0.0, 0.0, 0.0, 0.0]","[0.0, 0.0, 0.0, 0.0]",0.0,"[0.0, 0.0, 0.0, 0.0]","[0.0, 0.0, 0.0, 0.0]",0.0,"[0.0, 0.0, 0.0, 0.0]","[0.0, 0.0, 0.0, 0.0]",0.0,"[0.0, 0.0, 0.0, 0.0]","[0.0, 0.0, 0.0, 0.0]",0.0,"[0.0, 0.0, 0.0, 0.0]","[0.0, 0.0, 0.0, 0.0]",0.0,"[0.0, 0.0, 0.0, 0.0]","[0.0, 0.0, 0.0, 0.0]",0.0,"[0.0, 0.0, 0.0, 0.0]","[0.0, 0.0, 0.0, 0.0]",0.0,"[0.0, 0.0, 0.0, 0.0]","[0.0, 0.0, 0.0, 0.0]",0.0,"[0.1079496865901567, 0.12854093281893725, 0.12849146553722116, 0.10781486213279363]","[0.09150123391516733, 0.07055092187681006, 0.0705148833682962, 0.091431882532469]","[0.5496204660322833, 0.6044335345712462, 0.6043048074227821, 0.5492523638078981]","[0.44888181126067117, 0.39320543684561104, 0.3931118285670535, 0.44869279997159706]","[0.0915217722415643, 0.07060104809767401, 0.07055969780309942, 0.09149225753746962]","[0.2, 0.2, 0.2, 0.2]","[0.2, 0.2, 0.2, 0.2]","[0.2, 0.2, 0.2, 0.2]","[0.2, 0.2, 0.2, 0.2]","[4.853614926989631e-05, 7.983954388118516e-05, 8.044495134055931e-05, 6.786487027145478e-05]","[0.050847089942849664, 0.1300477375564627]","[0.12603339726316873, 0.28070254358579355]",1000,"body origin, body frame; no gravity/external torque","[6.120092613316823e-10, 2.079495026148104e-07, 2.347903670917718e-19]",2.0795040320490573e-07,2.0983794185225472e-07,4.8234047858538485e-17,5.551115123125783e-17,"[3.825703311235134e-06, 3.0022617423806057e-06, 9.842424397520346e-08]",4.864079432653191e-06,1.7130273374082852e-05,0.0002450292463199506,0.0007948706273402939,"[3.82515292421509e-06, 3.0114487612974537e-06, 9.842424397521132e-08]",4.86932293726277e-06,1.726972339776473e-05,0.00024502924631995045,0.0007948706273403494,"[6.629681879178159e-17, 7.1934179166233e-19, 2.404345616077627e-19]",6.630115717920745e-17,6.843479707541564e-17,4.8234047858538485e-17,5.551115123125783e-17,"[6.12009263105927e-10, 2.0794950261522105e-07, 1.5636586103463756e-19]",2.0795040320532194e-07,2.0983794185356805e-07,0.0,0.0
B_best-combined_motor3_70-eta074,tail_18_20,False,,"[-0.0009261479626241884, -0.00025877641444809894]",0.0009616211735124957,0.0009705361409037902,0.00013124450256247916,0.0012076537573808283,-5.2302410056626616e-05,5.2302410056626616e-05,5.3329086833960416e-05,1.0413904398090814e-05,7.16205795612268e-05,0.0009720002018019162,-2.0844951436336297e-22,-1.822382287030889e-24,200,18.01,20.0,0.000231613164150053,1.8041630022029608e-05,0.003651291882674757,0.00019536741025623285,0.0009633397088243419,7.715979424040955e-05,0.01000028807841387,0.010007355304661472,0.5729743008081069,0.5733792230449585,[0.0],[0.0],0.0,[0.0],[0.0],0.0,[0.0],[0.0],0.0,[0.0],[0.0],0.0,[0.0],[0.0],0.0,[0.0],[0.0],0.0,[0.0],[0.0],0.0,[0.0],[0.0],0.0,"[0.06492924622763599, -0.01991199155225015, 0.008555987135137213]",0.06791387504233479,0.008555987135137213,every physics interval; dwell = interval count * physics_dt,0.002,"[0.0, 0.0, 0.0, 0.0]","[0.0, 0.0, 0.0, 0.0]",0.0,"[0.0, 0.0, 0.0, 0.0]","[0.0, 0.0, 0.0, 0.0]",0.0,"[0.0, 0.0, 0.0, 0.0]","[0.0, 0.0, 0.0, 0.0]",0.0,"[0.0, 0.0, 0.0, 0.0]","[0.0, 0.0, 0.0, 0.0]",0.0,"[0.0, 0.0, 0.0, 0.0]","[0.0, 0.0, 0.0, 0.0]",0.0,"[0.0, 0.0, 0.0, 0.0]","[0.0, 0.0, 0.0, 0.0]",0.0,"[0.0, 0.0, 0.0, 0.0]","[0.0, 0.0, 0.0, 0.0]",0.0,"[0.0, 0.0, 0.0, 0.0]","[0.0, 0.0, 0.0, 0.0]",0.0,"[0.10825776053790546, 0.12906509647807551, 0.1744122365725365, 0.10825771782277169]","[0.0917417347234537, 0.07093420326245642, 0.02558672012453289, 0.0917418584757635]","[0.5504610730965723, 0.6057967834981112, 0.7197025600566992, 0.550460956593272]","[0.44953755025612807, 0.39420139619425376, 0.28029488624147114, 0.44953788778367476]","[0.09174175847471791, 0.07093423773978758, 0.018934205997379466, 0.09174187072153574]","[0.2, 0.2, 0.2, 0.2]","[0.2, 0.2, 0.2, 0.2]","[0.2, 0.2, 0.148, 0.2]","[0.2, 0.2, 0.148, 0.2]","[5.128270490019756e-08, 7.30127766769978e-08, 1.0797047869030932e-07, 3.193408202607411e-08]","[0.00019240408036568562, 0.00043194433548249435]","[0.00040676019361617744, 0.0008881341350559033]",1000,"body origin, body frame; no gravity/external torque","[3.971223592703602e-13, 2.0807412644452463e-07, 1.7046003390741556e-18]",2.080741264449036e-07,2.0807630297946062e-07,6.71891344611886e-17,1.1102230246251565e-16,"[7.769252575812047e-10, 2.640662812280426e-09, 2.1805996147544216e-10]",2.761206817829307e-09,6.806885438999037e-09,2.3248591316850713e-07,5.916021572072161e-07,"[7.768217770972207e-10, 2.0779942463173538e-07, 2.1805996153926734e-10]",2.0780099104552052e-07,2.133447458018495e-07,2.3248591315576828e-07,5.916021571517049e-07,"[6.2885056243549805e-18, 1.2465845213758844e-17, 1.6990474528438962e-18]",1.4065182619786844e-17,1.5907713933834673e-17,6.71891344611886e-17,1.1102230246251565e-16,"[3.971230643589745e-13, 2.0807412645696395e-07, 1.4301608897011483e-19]",2.0807412645734268e-07,2.0807630299203742e-07,0.0,0.0
B_best-combined_motor3_70-eta074,pre_second_28_30,False,,"[-8.252621748556247e-05, -3.6608286709136656e-05]",9.028146669307443e-05,9.111887736261044e-05,1.2325038887149124e-05,0.00011317883186884711,-5.865775867747169e-07,5.865775867747169e-07,6.459211935558601e-07,2.704457856543093e-07,1.1212151043160645e-06,9.112116672876136e-05,-4.807987310464473e-24,-1.7670484276950664e-28,200,28.01,30.0,2.1588086554883317e-05,4.858382628415897e-07,0.0003429212165198994,2.108706935361116e-06,3.750778342337989e-05,8.855168792328709e-07,0.010028641315791162,0.010029239891669968,0.5745988216453582,0.5746331175169321,[0.0],[0.0],0.0,[0.0],[0.0],0.0,[0.0],[0.0],0.0,[0.0],[0.0],0.0,[0.0],[0.0],0.0,[0.0],[0.0],0.0,[0.0],[0.0],0.0,[0.0],[0.0],0.0,"[0.06547364168206506, -0.01972099865914028, 0.00857444441495926]",0.0683792040259702,0.00857444441495926,every physics interval; dwell = interval count * physics_dt,0.002,"[0.0, 0.0, 0.0, 0.0]","[0.0, 0.0, 0.0, 0.0]",0.0,"[0.0, 0.0, 0.0, 0.0]","[0.0, 0.0, 0.0, 0.0]",0.0,"[0.0, 0.0, 0.0, 0.0]","[0.0, 0.0, 0.0, 0.0]",0.0,"[0.0, 0.0, 0.0, 0.0]","[0.0, 0.0, 0.0, 0.0]",0.0,"[0.0, 0.0, 0.0, 0.0]","[0.0, 0.0, 0.0, 0.0]",0.0,"[0.0, 0.0, 0.0, 0.0]","[0.0, 0.0, 0.0, 0.0]",0.0,"[0.0, 0.0, 0.0, 0.0]","[0.0, 0.0, 0.0, 0.0]",0.0,"[0.0, 0.0, 0.0, 0.0]","[0.0, 0.0, 0.0, 0.0]",0.0,"[0.10825803746954518, 0.12906544801667194, 0.17441276531842978, 0.10825803929458502]","[0.09174193035038347, 0.07093452737032765, 0.02558719629710937, 0.09174193642780984]","[0.5504618284128504, 0.605797697314541, 0.7197038542729678, 0.5504618333905497]","[0.4495380838177575, 0.3942022387045574, 0.28029605177304917, 0.44953810039360564]","[0.09174194278357073, 0.07093453256656848, 0.018934532836221013, 0.09174194198042629]","[0.2, 0.2, 0.2, 0.2]","[0.2, 0.2, 0.2, 0.2]","[0.2, 0.2, 0.148, 0.2]","[0.2, 0.2, 0.148, 0.2]","[4.416740183980051e-09, 4.219399334635002e-09, 6.749339457382836e-09, 4.500824198858554e-09]","[8.548699147214703e-06, 2.8591511221532623e-05]","[1.061230794479106e-05, 3.6016676457428825e-05]",1000,"body origin, body frame; no gravity/external torque","[3.588744278782174e-14, 2.080740918287041e-07, 1.7170849758310871e-18]",2.0807409182870644e-07,2.0807421669054147e-07,6.030054506389723e-17,1.1102230246251565e-16,"[2.3509654684536567e-10, 2.63444658948653e-10, 2.708385689898659e-11]",3.5412852182747433e-10,9.633728121059661e-10,1.4475902650946956e-08,4.598355557439149e-08,"[2.3506288582138517e-10, 2.0806807562265783e-07, 2.7083856889544727e-11]",2.080682101653488e-07,2.088375196723107e-07,1.447590264955836e-08,4.598355551888034e-08,"[6.3472875372387684e-18, 1.2317347895543092e-17, 1.7254030997461663e-18]",1.3963600327882487e-17,1.5595157197864508e-17,6.030054506389723e-17,1.1102230246251565e-16,"[3.588732383732521e-14, 2.080740918410019e-07, 1.5101188829344653e-19]",2.0807409184100456e-07,2.08074216702034e-07,0.0,0.0
B_best-combined_motor3_70-eta074,tail_58_60,False,,"[-5.2546109182756164e-08, -4.3957167411595376e-08]",6.850785471095379e-08,6.942048714109233e-08,1.1219531086877665e-08,9.220025381745765e-08,2.6605935377066457e-09,2.6605935377066457e-09,2.808793320745699e-09,9.003121379717709e-10,4.441877088368074e-09,6.947728661098698e-08,-2.1693674893577825e-30,-1.3577806107930013e-32,200,58.01,60.0,3.0450106774569145e-08,7.937562605253226e-09,2.5919857393601874e-07,1.3524137272496478e-08,1.4787793334710982e-06,3.400888493893171e-07,0.010031325196649999,0.010031327457880762,0.5747525966912855,0.5747527262502647,[0.0],[0.0],0.0,[0.0],[0.0],0.0,[0.0],[0.0],0.0,[0.0],[0.0],0.0,[0.0],[0.0],0.0,[0.0],[0.0],0.0,[0.0],[0.0],0.0,[0.0],[0.0],0.0,"[0.06552662027549593, -0.019693481410841148, 0.008573912778445072]",0.0684220079711797,0.008573913839662259,every physics interval; dwell = interval count * physics_dt,0.002,"[0.0, 0.0, 0.0, 0.0]","[0.0, 0.0, 0.0, 0.0]",0.0,"[0.0, 0.0, 0.0, 0.0]","[0.0, 0.0, 0.0, 0.0]",0.0,"[0.0, 0.0, 0.0, 0.0]","[0.0, 0.0, 0.0, 0.0]",0.0,"[0.0, 0.0, 0.0, 0.0]","[0.0, 0.0, 0.0, 0.0]",0.0,"[0.0, 0.0, 0.0, 0.0]","[0.0, 0.0, 0.0, 0.0]",0.0,"[0.0, 0.0, 0.0, 0.0]","[0.0, 0.0, 0.0, 0.0]",0.0,"[0.0, 0.0, 0.0, 0.0]","[0.0, 0.0, 0.0, 0.0]",0.0,"[0.0, 0.0, 0.0, 0.0]","[0.0, 0.0, 0.0, 0.0]",0.0,"[0.10825804389800966, 0.1290654476149107, 0.17441277293739718, 0.10825804193168063]","[0.09174193006494494, 0.07093451930191727, 0.025587192042718226, 0.09174193180557065]","[0.5504618459461403, 0.605797696270174, 0.7197038729219833, 0.5504618405830843]","[0.44953808303923826, 0.3942022177309179, 0.2802960413595381, 0.4495380877867018]","[0.09174194006536666, 0.07093452926747484, 0.0189345301880873, 0.0917419401717009]","[0.2, 0.2, 0.2, 0.2]","[0.2, 0.2, 0.2, 0.2]","[0.2, 0.2, 0.148, 0.2]","[0.2, 0.2, 0.148, 0.2]","[4.528208602394147e-09, 5.773436962510322e-09, 7.159665233374636e-09, 4.5858236523557605e-09]","[7.341450724677581e-07, 3.8775149266174134e-07]","[1.310928637003224e-06, 8.075148372211656e-07]",1000,"body origin, body frame; no gravity/external torque","[5.861131020753432e-14, 2.0807409649115647e-07, 1.679719596415397e-18]",2.0807409649116428e-07,2.0807423249496014e-07,6.106226635438361e-17,1.1102230246251565e-16,"[3.801581208177345e-10, 3.892460492947814e-10, 2.5218805625573982e-11]",5.446729953581751e-10,1.0184522074599978e-09,1.2528408571186165e-08,3.978156676298639e-08,"[3.8010347314488176e-10, 2.0806920398751067e-07, 2.5218805577173356e-11]",2.0806955270446166e-07,2.0907565800823106e-07,1.252840857317617e-08,3.9781566707475235e-08,"[6.138158032842523e-18, 1.2500065847329441e-17, 1.6913227758866396e-18]",1.402815750396159e-17,1.6423140653174776e-17,6.106226635438361e-17,1.1102230246251565e-16,"[5.86113440405983e-14, 2.080740965036364e-07, 1.4301608897011483e-19]",2.080740965036445e-07,2.080742325081838e-07,0.0,0.0
B_best-combined_motor3_70-eta074,fault_5_60,False,,"[-0.0022972924510855186, 0.0007733318274495615]",0.002423962607211792,0.008416652965458868,0.008060052879467143,0.07073418479063423,-0.00033508775594253884,0.00033508775594253884,0.0017427272441283025,0.0017102088887748198,0.01515519991380021,0.008595181521550001,0.0,1.8211208365967457e-20,5500,5.01,60.0,0.019185862130325852,0.008872677205347812,0.037845706722898116,0.0112204901238347,7.1012081954670725,1.5907732446500036,0.009227863835491814,0.022817696856072742,0.5287176516950851,1.3073577280618955,[0.2],[0.2],0.2,[0.2],[0.2],0.2,[0.0],[0.0],0.0,[0.0],[0.0],0.0,[0.0],[0.0],0.0,[0.0],[0.0],0.0,[0.0],[0.0],0.0,[0.0],[0.0],0.0,"[0.06552662027549593, -0.019693481410841148, 0.008573912778445072]",0.0684220079711797,0.008574457410525007,every physics interval; dwell = interval count * physics_dt,0.002,"[0.0, 0.0, 0.2, 0.0]","[0.0, 0.0, 0.2, 0.0]",0.2,"[0.0, 0.0, 0.0, 0.0]","[0.0, 0.0, 0.0, 0.0]",0.0,"[0.0, 0.0, 0.2, 0.0]","[0.0, 0.0, 0.2, 0.0]",0.2,"[0.0, 0.0, 0.0, 0.0]","[0.0, 0.0, 0.0, 0.0]",0.0,"[0.0, 0.0, 0.0, 0.0]","[0.0, 0.0, 0.0, 0.0]",0.0,"[0.0, 0.0, 0.0, 0.0]","[0.0, 0.0, 0.0, 0.0]",0.0,"[0.0, 0.0, 0.0, 0.0]","[0.0, 0.0, 0.0, 0.0]",0.0,"[0.0, 0.0, 0.0, 0.0]","[0.0, 0.0, 0.0, 0.0]",0.0,"[0.09173561906012252, 0.11380128090662926, 0.13470776546990626, 0.09620143464427491]","[0.06820388314201065, 0.059101315546380956, 0.0, 0.0791737720051355]","[0.5042761015551688, 0.5654709090310452, 0.6203869489546585, 0.5169981667920144]","[0.3871225447985469, 0.3637718695255101, 0.21814922562016836, 0.41580059742532094]","[0.07801343810124346, 0.06162302659936733, 0.0008736782323705006, 0.08442930426578087]","[0.2, 0.2, 0.2, 0.2]","[0.2, 0.2, 0.2, 0.2]","[0.2, 0.2, 0.148, 0.2]","[0.2, 0.2, 0.148, 0.2]","[0.0008812614613542737, 0.0006010917920380536, 0.0019754912914936792, 0.0006018643741176568]","[0.4427454727296661, 0.6018264736335199]","[4.64497367422064, 5.600348425027621]",27500,"body origin, body frame; no gravity/external torque","[7.677930180559735e-05, 7.676674702769131e-05, 1.2900155483380293e-05]",0.00010933713297167641,0.00247070103136521,0.002171743347370433,0.04907380298639352,"[6.909094765350091e-05, 7.383745801696546e-05, 7.612082619583027e-06]",0.00010140746055332563,0.002551461661980576,0.0021744834215328447,0.048632117536891395,"[0.0001101709821333291, 0.00011584499310373432, 1.8193765682867618e-05]",0.0001608997229368378,0.0035155476128576504,0.003666991173277085,0.07396634778769151,"[7.678198604628176e-05, 7.678198604628263e-05, 1.29001554833803e-05]",0.00010934971775875022,0.0024709211207705976,0.002171743347370433,0.04907380298639352,"[9.821666385501158e-09, 2.0855361342566675e-07, 1.5040208055320543e-19]",2.0878475711481433e-07,3.9151223412876144e-07,0.0,0.0
B_best-combined_motor3_70-eta074,full_0_60,True,,,,,,,,,,,,,,,,,,,,,,,,,,,,,,,,,,,,,,,,,,,,,,,,,,,,,,,,,,,,,,,,,,,,,,,,,,,,,,,,,,,,,,,,,,,,,,,,,,,,,,,,,,,,,,,,,,,,,,,
B_best-combined_motor3_70-eta074,pre_3_5,True,,,,,,,,,,,,,,,,,,,,,,,,,,,,,,,,,,,,,,,,,,,,,,,,,,,,,,,,,,,,,,,,,,,,,,,,,,,,,,,,,,,,,,,,,,,,,,,,,,,,,,,,,,,,,,,,,,,,,,,
B_best-combined_motor3_70-eta074,tail_18_20,True,,,,,,,,,,,,,,,,,,,,,,,,,,,,,,,,,,,,,,,,,,,,,,,,,,,,,,,,,,,,,,,,,,,,,,,,,,,,,,,,,,,,,,,,,,,,,,,,,,,,,,,,,,,,,,,,,,,,,,,
B_best-combined_motor3_70-eta074,pre_second_28_30,True,,,,,,,,,,,,,,,,,,,,,,,,,,,,,,,,,,,,,,,,,,,,,,,,,,,,,,,,,,,,,,,,,,,,,,,,,,,,,,,,,,,,,,,,,,,,,,,,,,,,,,,,,,,,,,,,,,,,,,,
B_best-combined_motor3_70-eta074,tail_58_60,True,,,,,,,,,,,,,,,,,,,,,,,,,,,,,,,,,,,,,,,,,,,,,,,,,,,,,,,,,,,,,,,,,,,,,,,,,,,,,,,,,,,,,,,,,,,,,,,,,,,,,,,,,,,,,,,,,,,,,,,
B_best-combined_motor3_70-eta074,fault_5_60,True,,,,,,,,,,,,,,,,,,,,,,,,,,,,,,,,,,,,,,,,,,,,,,,,,,,,,,,,,,,,,,,,,,,,,,,,,,,,,,,,,,,,,,,,,,,,,,,,,,,,,,,,,,,,,,,,,,,,,,,
B_best-combined_motor3_70-eta073,full_0_60,False,,"[-0.005620359797866372, 0.0017313323803829354]",0.005880982576817837,0.01666727229570057,0.01559525600014929,0.10309282994714396,-0.0007352982084110344,0.0007352982084110344,0.002973157433779871,0.0028807987903961773,0.022251231138766703,0.01693037598238941,2.981555974335137e-19,-4.743384504624082e-20,6000,0.01,60.0,0.03195060175457945,0.014052259637193183,0.07398497090065484,0.018451997549007195,12.077354304374541,2.257541565446883,0.008462022829831026,0.05114906082259613,0.48483819429266745,2.930625311192705,[0.29],[0.28],0.29,[0.29],[0.28],0.29,[0.0],[0.0],0.0,[0.0],[0.0],0.0,[0.0],[0.0],0.0,[0.0],[0.0],0.0,[0.0],[0.0],0.0,[0.0],[0.0],0.0,"[0.0655266223021099, -0.019693484490845525, 0.008573901490621965]",0.0684220107985328,0.008573901490621965,every physics interval; dwell = interval count * physics_dt,0.002,"[0.0, 0.0, 0.29, 0.0]","[0.0, 0.0, 0.28, 0.0]",0.29,"[0.0, 0.0, 0.0, 0.0]","[0.0, 0.0, 0.0, 0.0]",0.0,"[0.0, 0.0, 0.29, 0.0]","[0.0, 0.0, 0.28, 0.0]",0.29,"[0.0, 0.0, 0.0, 0.0]","[0.0, 0.0, 0.0, 0.0]",0.0,"[0.0, 0.0, 0.0, 0.0]","[0.0, 0.0, 0.0, 0.0]",0.0,"[0.0, 0.0, 0.0, 0.0]","[0.0, 0.0, 0.0, 0.0]",0.0,"[0.0, 0.0, 0.0, 0.0]","[0.0, 0.0, 0.0, 0.0]",0.0,"[0.0, 0.0, 0.0, 0.0]","[0.0, 0.0, 0.0, 0.0]",0.0,"[0.08803775861425776, 0.10612542757073594, 0.111898022188068, 0.09249561057287833]","[0.05934852504488164, 0.04529619208147573, 0.0, 0.06815659941163768]","[0.49358955459919984, 0.5446282166272032, 0.5603417906573862, 0.5064549232387824]","[0.3644013171122701, 0.3289823751482228, 0.21814922562016836, 0.3870002743548916]","[0.07552885816758526, 0.05593721426460732, 0.0001728485248899403, 0.07982573600399792]","[0.2, 0.2, 0.2, 0.2]","[0.2, 0.2, 0.2, 0.2]","[0.2, 0.2, 0.146, 0.2]","[0.2, 0.2, 0.2, 0.2]","[0.0014288734997298647, 0.001482152088585229, 0.002219267656800427, 0.0010232003287756293]","[0.695503698160664, 1.0033955183147487]","[7.967650605456956, 9.217808031931728]",30000,"body origin, body frame; no gravity/external torque","[0.00012245594974676853, 0.00012244118692614572, 2.0574297028640856e-05]",0.00017438636868313546,0.00313910294728057,0.003463686368458109,0.06234869981066815,"[5.355571204279174e-05, 0.00014826006554881463, 9.860502848764693e-06]",0.00015794458156385827,0.0027771703611231043,0.0032636417616457177,0.06239646243349778,"[0.00014119198867637827, 0.000199960570070719, 2.4827790784105124e-05]",0.0002460402943515966,0.0037185670713552293,0.005219714650574456,0.08246453294540868,"[0.00012245863155683638, 0.00012245863155683833, 2.057429702864086e-05]",0.00017440050052614309,0.0031393270918392215,0.003463686368458109,0.06234869981066815,"[7.289012513566314e-09, 2.0971908767044304e-07, 1.5004877584555478e-19]",2.098457181758695e-07,5.937522688194143e-07,0.0,0.0
B_best-combined_motor3_70-eta073,pre_3_5,False,,"[-0.03674554266393267, 0.014558291598262578]",0.03952440714200453,0.039851561796850836,0.005095902051775023,0.04777326809916805,-0.006523403538899457,0.006523403538899457,0.0065480786913212855,0.0005679267702882146,0.00741649192686622,0.04038594201199171,-2.7816561987831223e-18,-8.279747059410786e-20,200,3.0100000000000002,5.0,0.008902018676350097,0.002252568284852845,0.1513618679948816,0.025259731948309556,0.29864699235166686,0.04216393343917914,0.009246043354823963,0.009514709608030747,0.5297592614263937,0.5451527038327356,[0.0],[0.0],0.0,[0.0],[0.0],0.0,[0.0],[0.0],0.0,[0.0],[0.0],0.0,[0.0],[0.0],0.0,[0.0],[0.0],0.0,[0.0],[0.0],0.0,[0.0],[0.0],0.0,"[0.04141497361330784, -0.011721834285616814, 0.0050933748047580375]",0.04304185681880426,0.0050933748047580375,every physics interval; dwell = interval count * physics_dt,0.002,"[0.0, 0.0, 0.0, 0.0]","[0.0, 0.0, 0.0, 0.0]",0.0,"[0.0, 0.0, 0.0, 0.0]","[0.0, 0.0, 0.0, 0.0]",0.0,"[0.0, 0.0, 0.0, 0.0]","[0.0, 0.0, 0.0, 0.0]",0.0,"[0.0, 0.0, 0.0, 0.0]","[0.0, 0.0, 0.0, 0.0]",0.0,"[0.0, 0.0, 0.0, 0.0]","[0.0, 0.0, 0.0, 0.0]",0.0,"[0.0, 0.0, 0.0, 0.0]","[0.0, 0.0, 0.0, 0.0]",0.0,"[0.0, 0.0, 0.0, 0.0]","[0.0, 0.0, 0.0, 0.0]",0.0,"[0.0, 0.0, 0.0, 0.0]","[0.0, 0.0, 0.0, 0.0]",0.0,"[0.1079496865901567, 0.12854093281893725, 0.12849146553722116, 0.10781486213279363]","[0.09150123391516733, 0.07055092187681006, 0.0705148833682962, 0.091431882532469]","[0.5496204660322833, 0.6044335345712462, 0.6043048074227821, 0.5492523638078981]","[0.44888181126067117, 0.39320543684561104, 0.3931118285670535, 0.44869279997159706]","[0.0915217722415643, 0.07060104809767401, 0.07055969780309942, 0.09149225753746962]","[0.2, 0.2, 0.2, 0.2]","[0.2, 0.2, 0.2, 0.2]","[0.2, 0.2, 0.2, 0.2]","[0.2, 0.2, 0.2, 0.2]","[4.853614926989631e-05, 7.983954388118516e-05, 8.044495134055931e-05, 6.786487027145478e-05]","[0.050847089942849664, 0.1300477375564627]","[0.12603339726316873, 0.28070254358579355]",1000,"body origin, body frame; no gravity/external torque","[6.120092613316823e-10, 2.079495026148104e-07, 2.347903670917718e-19]",2.0795040320490573e-07,2.0983794185225472e-07,4.8234047858538485e-17,5.551115123125783e-17,"[3.825703311235134e-06, 3.0022617423806057e-06, 9.842424397520346e-08]",4.864079432653191e-06,1.7130273374082852e-05,0.0002450292463199506,0.0007948706273402939,"[3.82515292421509e-06, 3.0114487612974537e-06, 9.842424397521132e-08]",4.86932293726277e-06,1.726972339776473e-05,0.00024502924631995045,0.0007948706273403494,"[6.629681879178159e-17, 7.1934179166233e-19, 2.404345616077627e-19]",6.630115717920745e-17,6.843479707541564e-17,4.8234047858538485e-17,5.551115123125783e-17,"[6.12009263105927e-10, 2.0794950261522105e-07, 1.5636586103463756e-19]",2.0795040320532194e-07,2.0983794185356805e-07,0.0,0.0
B_best-combined_motor3_70-eta073,tail_18_20,False,,"[-0.0008348926790390927, -0.0005148751699675569]",0.0009808884881382766,0.0009899062708918927,0.00013331241123354018,0.0012329692515950716,-6.854428710100225e-05,6.854428710100225e-05,6.920189997315288e-05,9.517545151436733e-06,8.539303478294347e-05,0.00099232218966976,-1.4095157637903592e-21,-2.740035779081904e-24,200,18.01,20.0,0.00023659153392290215,1.623874295072846e-05,0.0037236489672547606,0.0002608024676454946,0.001337447249109789,0.00012364042163890123,0.010000911660667126,0.010007856812605723,0.5730100294393976,0.5734079573335563,[0.0],[0.0],0.0,[0.0],[0.0],0.0,[0.0],[0.0],0.0,[0.0],[0.0],0.0,[0.0],[0.0],0.0,[0.0],[0.0],0.0,[0.0],[0.0],0.0,[0.0],[0.0],0.0,"[0.0649889070812892, -0.0200571653089041, 0.008526889064065754]",0.06801358631809638,0.008526889064065754,every physics interval; dwell = interval count * physics_dt,0.002,"[0.0, 0.0, 0.0, 0.0]","[0.0, 0.0, 0.0, 0.0]",0.0,"[0.0, 0.0, 0.0, 0.0]","[0.0, 0.0, 0.0, 0.0]",0.0,"[0.0, 0.0, 0.0, 0.0]","[0.0, 0.0, 0.0, 0.0]",0.0,"[0.0, 0.0, 0.0, 0.0]","[0.0, 0.0, 0.0, 0.0]",0.0,"[0.0, 0.0, 0.0, 0.0]","[0.0, 0.0, 0.0, 0.0]",0.0,"[0.0, 0.0, 0.0, 0.0]","[0.0, 0.0, 0.0, 0.0]",0.0,"[0.0, 0.0, 0.0, 0.0]","[0.0, 0.0, 0.0, 0.0]",0.0,"[0.0, 0.0, 0.0, 0.0]","[0.0, 0.0, 0.0, 0.0]",0.0,"[0.1082576649277835, 0.129064956578436, 0.17680120934748, 0.10825764400858244]","[0.0917415339845543, 0.0709339373190527, 0.023197100611112242, 0.09174176766756516]","[0.5504608123249337, 0.6057964198320651, 0.7255447204268467, 0.5504607552688899]","[0.4495370027521781, 0.3942007048814222, 0.2744511503307361, 0.44953764010935027]","[0.09174156250323048, 0.07093398460985287, 0.01693392884892489, 0.09174178718029301]","[0.2, 0.2, 0.2, 0.2]","[0.2, 0.2, 0.2, 0.2]","[0.2, 0.2, 0.146, 0.2]","[0.2, 0.2, 0.146, 0.2]","[8.219314097551636e-08, 1.15889407976892e-07, 1.746334312598261e-07, 4.7541113768959e-08]","[0.0003329515657578616, 0.0005136604365250924]","[0.0007069912919597684, 0.0011512877051574617]",1000,"body origin, body frame; no gravity/external torque","[5.964932950589798e-13, 2.0807424971693985e-07, 3.70781037808382e-18]",2.08074249717795e-07,2.080775831917221e-07,2.9373740229761034e-17,5.551115123125783e-17,"[1.1956917456614809e-09, 4.176177953897452e-09, 3.4217127280918533e-10]",4.357432986656015e-09,1.0497857156011779e-08,3.6929870168794164e-07,9.163669068001923e-07,"[1.1955173060546626e-09, 2.0761300116411578e-07, 3.421712728695372e-10]",2.0761672522988168e-07,2.155988876361608e-07,3.692987016868135e-07,9.163669068557034e-07,"[6.3572401532190116e-18, 2.4471089126339054e-17, 3.712939704333907e-18]",2.5554542192004706e-17,2.80470463438827e-17,2.9373740229761034e-17,5.551115123125783e-17,"[5.964942057755109e-13, 2.0807424974139642e-07, 1.470683380443598e-19]",2.0807424974225136e-07,2.0807758321709247e-07,0.0,0.0
B_best-combined_motor3_70-eta073,pre_second_28_30,False,,"[-7.421470251818724e-05, -5.4171740066547256e-05]",9.188253093869687e-05,9.273693850341164e-05,1.2559469387078965e-05,0.00011524419295253092,-6.97980136960541e-06,6.97980136960541e-06,7.0349249434774874e-06,8.789435711217049e-07,8.609405647508339e-06,9.300338666922788e-05,-8.892191584945048e-24,9.087677628146056e-28,200,28.01,30.0,2.2000930728874054e-05,1.5379035530626074e-06,0.0003489565117772865,2.6601827126819552e-05,3.8769221081776104e-05,9.838752769234376e-07,0.010028559310156624,0.01002916673549353,0.5745941230686029,0.574628925976777,[0.0],[0.0],0.0,[0.0],[0.0],0.0,[0.0],[0.0],0.0,[0.0],[0.0],0.0,[0.0],[0.0],0.0,[0.0],[0.0],0.0,[0.0],[0.0],0.0,[0.0],[0.0],0.0,"[0.06547887551316614, -0.019730731814312247, 0.008568644456541997]",0.06838702301165786,0.008568644456541997,every physics interval; dwell = interval count * physics_dt,0.002,"[0.0, 0.0, 0.0, 0.0]","[0.0, 0.0, 0.0, 0.0]",0.0,"[0.0, 0.0, 0.0, 0.0]","[0.0, 0.0, 0.0, 0.0]",0.0,"[0.0, 0.0, 0.0, 0.0]","[0.0, 0.0, 0.0, 0.0]",0.0,"[0.0, 0.0, 0.0, 0.0]","[0.0, 0.0, 0.0, 0.0]",0.0,"[0.0, 0.0, 0.0, 0.0]","[0.0, 0.0, 0.0, 0.0]",0.0,"[0.0, 0.0, 0.0, 0.0]","[0.0, 0.0, 0.0, 0.0]",0.0,"[0.0, 0.0, 0.0, 0.0]","[0.0, 0.0, 0.0, 0.0]",0.0,"[0.0, 0.0, 0.0, 0.0]","[0.0, 0.0, 0.0, 0.0]",0.0,"[0.10825803948597473, 0.12906544322169003, 0.17680197808990686, 0.10825803696126361]","[0.09174193634608811, 0.07093452299275024, 0.02319797851957084, 0.09174193462759266]","[0.5504618339125552, 0.6057976848501033, 0.7255465986795893, 0.5504618270265423]","[0.4495381001707147, 0.39420222732515087, 0.27445329530526175, 0.4495380954836107]","[0.09174194264624976, 0.07093453397594154, 0.016934533747649638, 0.09174194330029564]","[0.2, 0.2, 0.2, 0.2]","[0.2, 0.2, 0.2, 0.2]","[0.2, 0.2, 0.146, 0.2]","[0.2, 0.2, 0.146, 0.2]","[4.968118230020809e-09, 5.455800515818272e-09, 7.873603165103489e-09, 4.700425822214082e-09]","[1.6128522240805904e-05, 2.5789555246408035e-05]","[1.9708600274014738e-05, 3.339028043443558e-05]",1000,"body origin, body frame; no gravity/external torque","[5.08075867310681e-14, 2.08074086284928e-07, 3.720228244656136e-18]",2.080740862849342e-07,2.0807423248347344e-07,2.884444029575346e-17,5.551115123125783e-17,"[3.2888553265004104e-10, 4.1579488430439887e-10, 3.4715577132537453e-11]",5.312779410966119e-10,1.2196541296482055e-09,1.3393101461828624e-08,4.2145884893152186e-08,"[3.2883805779510563e-10, 2.0808528428084476e-07, 3.471557700228008e-11]",2.0808554700862695e-07,2.0926930298113462e-07,1.339310146216093e-08,4.2145884837641034e-08,"[6.465552351239134e-18, 2.4278973811479098e-17, 3.705408629718338e-18]",2.5396889369729765e-17,2.7470956799544114e-17,2.884444029575346e-17,5.551115123125783e-17,"[5.080763690759712e-14, 2.0807408630919483e-07, 1.5332934166833742e-19]",2.080740863092008e-07,2.0807423250753315e-07,0.0,0.0
B_best-combined_motor3_70-eta073,tail_58_60,False,,"[-5.012140991241473e-08, -4.696023567710293e-08]",6.868347302268106e-08,6.989047333267388e-08,1.2932857232949062e-08,9.124837668113666e-08,-1.2077916540231826e-08,1.2077916540231826e-08,1.2327478492804386e-08,2.4679258574254594e-09,1.6966640759008556e-08,7.096932427926698e-08,-7.395570986446986e-32,4.622231866529366e-33,200,58.01,60.0,3.285809361954631e-08,9.906236017259077e-09,2.615991611036345e-07,4.648442837478877e-08,1.7075472925031877e-06,4.0299745208909925e-07,0.010031324409974153,0.010031327520034685,0.5747525516180797,0.5747527298114222,[0.0],[0.0],0.0,[0.0],[0.0],0.0,[0.0],[0.0],0.0,[0.0],[0.0],0.0,[0.0],[0.0],0.0,[0.0],[0.0],0.0,[0.0],[0.0],0.0,[0.0],[0.0],0.0,"[0.0655266223021099, -0.019693484490845525, 0.008573901490621965]",0.0684220107985328,0.008573901490621965,every physics interval; dwell = interval count * physics_dt,0.002,"[0.0, 0.0, 0.0, 0.0]","[0.0, 0.0, 0.0, 0.0]",0.0,"[0.0, 0.0, 0.0, 0.0]","[0.0, 0.0, 0.0, 0.0]",0.0,"[0.0, 0.0, 0.0, 0.0]","[0.0, 0.0, 0.0, 0.0]",0.0,"[0.0, 0.0, 0.0, 0.0]","[0.0, 0.0, 0.0, 0.0]",0.0,"[0.0, 0.0, 0.0, 0.0]","[0.0, 0.0, 0.0, 0.0]",0.0,"[0.0, 0.0, 0.0, 0.0]","[0.0, 0.0, 0.0, 0.0]",0.0,"[0.0, 0.0, 0.0, 0.0]","[0.0, 0.0, 0.0, 0.0]",0.0,"[0.0, 0.0, 0.0, 0.0]","[0.0, 0.0, 0.0, 0.0]",0.0,"[0.10825803379104008, 0.129065448188636, 0.17680198479520992, 0.1082580385136475]","[0.09174192407539179, 0.07093451578320459, 0.02319796675767638, 0.09174192949137518]","[0.5504618183799292, 0.6057976977615592, 0.7255466150625155, 0.5504618312605852]","[0.44953806670306107, 0.3942022085841119, 0.2744532665676733, 0.4495380814748581]","[0.09174193803854659, 0.07093452863128646, 0.016934528278102517, 0.09174193994487549]","[0.2, 0.2, 0.2, 0.2]","[0.2, 0.2, 0.2, 0.2]","[0.2, 0.2, 0.146, 0.2]","[0.2, 0.2, 0.146, 0.2]","[7.027228160607022e-09, 6.166765747481656e-09, 9.828088608843989e-09, 4.956676029712202e-09]","[8.869972481357234e-07, 5.402507280831629e-07]","[1.5115635155620787e-06, 1.2792333328701415e-06]",1000,"body origin, body frame; no gravity/external torque","[6.057402602400999e-14, 2.080740953728906e-07, 3.692393331662291e-18]",2.0807409537289902e-07,2.080742640933812e-07,3.14018491736755e-17,5.551115123125783e-17,"[3.9431635662985816e-10, 6.41485374360124e-10, 2.127076354234222e-11]",7.532870103788252e-10,1.4065297150324523e-09,1.3693711153826263e-08,4.608639742054166e-08,"[3.9425969684612493e-10, 2.080776922817046e-07, 2.1270763480587427e-11]",2.0807806688460396e-07,2.0942756460529718e-07,1.369371115305357e-08,4.608639742054166e-08,"[6.213242511387839e-18, 2.4337936023056745e-17, 3.691863295102789e-18]",2.5388370703088594e-17,2.7523760351696242e-17,3.14018491736755e-17,5.551115123125783e-17,"[6.057420170958078e-14, 2.0807409539721678e-07, 1.4465061162897554e-19]",2.0807409539722525e-07,2.080742641185335e-07,0.0,0.0
B_best-combined_motor3_70-eta073,fault_5_60,False,,"[-0.002360999723742951, 0.0008209286589430378]",0.002499648687033501,0.010882640765739894,0.010591677226839697,0.10309282994714396,-0.0003381443906272902,0.0003381443906272902,0.0025529432112444067,0.0025304500411836134,0.022251231138766703,0.01117807626901797,8.538092108323347e-19,5.082197683525802e-20,5500,5.01,60.0,0.03150988979630954,0.014107036489822646,0.05313700353209408,0.01740206603759966,12.077354304374541,2.257541565446883,0.008398171351342977,0.05114906082259613,0.4811797740596318,2.930625311192705,[0.29],[0.28],0.29,[0.29],[0.28],0.29,[0.0],[0.0],0.0,[0.0],[0.0],0.0,[0.0],[0.0],0.0,[0.0],[0.0],0.0,[0.0],[0.0],0.0,[0.0],[0.0],0.0,"[0.0655266223021099, -0.019693484490845525, 0.008573901490621965]",0.0684220107985328,0.008573901490621965,every physics interval; dwell = interval count * physics_dt,0.002,"[0.0, 0.0, 0.29, 0.0]","[0.0, 0.0, 0.28, 0.0]",0.29,"[0.0, 0.0, 0.0, 0.0]","[0.0, 0.0, 0.0, 0.0]",0.0,"[0.0, 0.0, 0.29, 0.0]","[0.0, 0.0, 0.28, 0.0]",0.29,"[0.0, 0.0, 0.0, 0.0]","[0.0, 0.0, 0.0, 0.0]",0.0,"[0.0, 0.0, 0.0, 0.0]","[0.0, 0.0, 0.0, 0.0]",0.0,"[0.0, 0.0, 0.0, 0.0]","[0.0, 0.0, 0.0, 0.0]",0.0,"[0.0, 0.0, 0.0, 0.0]","[0.0, 0.0, 0.0, 0.0]",0.0,"[0.0, 0.0, 0.0, 0.0]","[0.0, 0.0, 0.0, 0.0]",0.0,"[0.09165592975146039, 0.10612542757073594, 0.126886425887809, 0.09461533082458273]","[0.06902904363733162, 0.053101547328506, 0.0, 0.07817828700037767]","[0.50404730273244, 0.5446282166272032, 0.6001212107409819, 0.5125017730591327]","[0.38925805788643464, 0.3485685267398554, 0.21814922562016836, 0.4131709837717702]","[0.07829006953465921, 0.05593721426460732, 0.0001728485248899403, 0.08079430229903363]","[0.2, 0.2, 0.2, 0.2]","[0.2, 0.2, 0.2, 0.2]","[0.2, 0.2, 0.146, 0.2]","[0.2, 0.2, 0.146, 0.2]","[0.0008645475468442421, 0.0008175106697447723, 0.0021011087711617802, 0.000604839618546062]","[0.7255814386815177, 0.9911416779483236]","[7.967650605456956, 9.217808031931728]",27500,"body origin, body frame; no gravity/external torque","[0.00012790106812150584, 0.0001278856314293869, 2.1489152398092474e-05]",0.00018214060948482872,0.00313910294728057,0.0036177024239213472,0.06234869981066815,"[5.4331703773368296e-05, 6.862942797175967e-05, 8.708966839771826e-06]",8.796464359084739e-05,0.002516891021878345,0.0028738702095406975,0.06239646243349778,"[0.00014686895728699753, 0.0001560629663903505, 2.534235276988142e-05]",0.0002157970688796365,0.0037185670713552293,0.005134368967289361,0.08246453294540868,"[0.00012790386919773916, 0.00012790386919774122, 2.1489152398092478e-05]",0.0001821553819745486,0.0031393270918392215,0.0036177024239213472,0.06234869981066815,"[7.322456497878225e-09, 2.0861046157469276e-07, 1.4946125648654084e-19]",2.0873893515003437e-07,3.803717242446973e-07,0.0,0.0
B_best-combined_motor3_70-eta073,full_0_60,True,,,,,,,,,,,,,,,,,,,,,,,,,,,,,,,,,,,,,,,,,,,,,,,,,,,,,,,,,,,,,,,,,,,,,,,,,,,,,,,,,,,,,,,,,,,,,,,,,,,,,,,,,,,,,,,,,,,,,,,
B_best-combined_motor3_70-eta073,pre_3_5,True,,,,,,,,,,,,,,,,,,,,,,,,,,,,,,,,,,,,,,,,,,,,,,,,,,,,,,,,,,,,,,,,,,,,,,,,,,,,,,,,,,,,,,,,,,,,,,,,,,,,,,,,,,,,,,,,,,,,,,,
B_best-combined_motor3_70-eta073,tail_18_20,True,,,,,,,,,,,,,,,,,,,,,,,,,,,,,,,,,,,,,,,,,,,,,,,,,,,,,,,,,,,,,,,,,,,,,,,,,,,,,,,,,,,,,,,,,,,,,,,,,,,,,,,,,,,,,,,,,,,,,,,
B_best-combined_motor3_70-eta073,pre_second_28_30,True,,,,,,,,,,,,,,,,,,,,,,,,,,,,,,,,,,,,,,,,,,,,,,,,,,,,,,,,,,,,,,,,,,,,,,,,,,,,,,,,,,,,,,,,,,,,,,,,,,,,,,,,,,,,,,,,,,,,,,,
B_best-combined_motor3_70-eta073,tail_58_60,True,,,,,,,,,,,,,,,,,,,,,,,,,,,,,,,,,,,,,,,,,,,,,,,,,,,,,,,,,,,,,,,,,,,,,,,,,,,,,,,,,,,,,,,,,,,,,,,,,,,,,,,,,,,,,,,,,,,,,,,
B_best-combined_motor3_70-eta073,fault_5_60,True,,,,,,,,,,,,,,,,,,,,,,,,,,,,,,,,,,,,,,,,,,,,,,,,,,,,,,,,,,,,,,,,,,,,,,,,,,,,,,,,,,,,,,,,,,,,,,,,,,,,,,,,,,,,,,,,,,,,,,,
B_best-combined_motor3_70-eta072,full_0_60,False,,,,,,,,,,,,,,,,,,,,,,,,,,,,,,,,,,,,,,,,,,,,,,,,,,,,,,,,,,,,,,,,,,,,,,,,,,,,,,,,,,,,,,,,,,,,,,,,,,,,,,,,,,,,,,,,,,,,,,,
B_best-combined_motor3_70-eta072,pre_3_5,False,,"[-0.03674554266393267, 0.014558291598262578]",0.03952440714200453,0.039851561796850836,0.005095902051775023,0.04777326809916805,-0.006523403538899457,0.006523403538899457,0.0065480786913212855,0.0005679267702882146,0.00741649192686622,0.04038594201199171,-2.7816561987831223e-18,-8.279747059410786e-20,200,3.0100000000000002,5.0,0.008902018676350097,0.002252568284852845,0.1513618679948816,0.025259731948309556,0.29864699235166686,0.04216393343917914,0.009246043354823963,0.009514709608030747,0.5297592614263937,0.5451527038327356,[0.0],[0.0],0.0,[0.0],[0.0],0.0,[0.0],[0.0],0.0,[0.0],[0.0],0.0,[0.0],[0.0],0.0,[0.0],[0.0],0.0,[0.0],[0.0],0.0,[0.0],[0.0],0.0,"[0.04141497361330784, -0.011721834285616814, 0.0050933748047580375]",0.04304185681880426,0.0050933748047580375,every physics interval; dwell = interval count * physics_dt,0.002,"[0.0, 0.0, 0.0, 0.0]","[0.0, 0.0, 0.0, 0.0]",0.0,"[0.0, 0.0, 0.0, 0.0]","[0.0, 0.0, 0.0, 0.0]",0.0,"[0.0, 0.0, 0.0, 0.0]","[0.0, 0.0, 0.0, 0.0]",0.0,"[0.0, 0.0, 0.0, 0.0]","[0.0, 0.0, 0.0, 0.0]",0.0,"[0.0, 0.0, 0.0, 0.0]","[0.0, 0.0, 0.0, 0.0]",0.0,"[0.0, 0.0, 0.0, 0.0]","[0.0, 0.0, 0.0, 0.0]",0.0,"[0.0, 0.0, 0.0, 0.0]","[0.0, 0.0, 0.0, 0.0]",0.0,"[0.0, 0.0, 0.0, 0.0]","[0.0, 0.0, 0.0, 0.0]",0.0,"[0.1079496865901567, 0.12854093281893725, 0.12849146553722116, 0.10781486213279363]","[0.09150123391516733, 0.07055092187681006, 0.0705148833682962, 0.091431882532469]","[0.5496204660322833, 0.6044335345712462, 0.6043048074227821, 0.5492523638078981]","[0.44888181126067117, 0.39320543684561104, 0.3931118285670535, 0.44869279997159706]","[0.0915217722415643, 0.07060104809767401, 0.07055969780309942, 0.09149225753746962]","[0.2, 0.2, 0.2, 0.2]","[0.2, 0.2, 0.2, 0.2]","[0.2, 0.2, 0.2, 0.2]","[0.2, 0.2, 0.2, 0.2]","[4.853614926989631e-05, 7.983954388118516e-05, 8.044495134055931e-05, 6.786487027145478e-05]","[0.050847089942849664, 0.1300477375564627]","[0.12603339726316873, 0.28070254358579355]",1000,"body origin, body frame; no gravity/external torque","[6.120092613316823e-10, 2.079495026148104e-07, 2.347903670917718e-19]",2.0795040320490573e-07,2.0983794185225472e-07,4.8234047858538485e-17,5.551115123125783e-17,"[3.825703311235134e-06, 3.0022617423806057e-06, 9.842424397520346e-08]",4.864079432653191e-06,1.7130273374082852e-05,0.0002450292463199506,0.0007948706273402939,"[3.82515292421509e-06, 3.0114487612974537e-06, 9.842424397521132e-08]",4.86932293726277e-06,1.726972339776473e-05,0.00024502924631995045,0.0007948706273403494,"[6.629681879178159e-17, 7.1934179166233e-19, 2.404345616077627e-19]",6.630115717920745e-17,6.843479707541564e-17,4.8234047858538485e-17,5.551115123125783e-17,"[6.12009263105927e-10, 2.0794950261522105e-07, 1.5636586103463756e-19]",2.0795040320532194e-07,2.0983794185356805e-07,0.0,0.0
B_best-combined_motor3_70-eta072,tail_18_20,False,,,,,,,,,,,,,,,,,,,,,,,,,,,,,,,,,,,,,,,,,,,,,,,,,,,,,,,,,,,,,,,,,,,,,,,,,,,,,,,,,,,,,,,,,,,,,,,,,,,,,,,,,,,,,,,,,,,,,,,
B_best-combined_motor3_70-eta072,pre_second_28_30,False,,,,,,,,,,,,,,,,,,,,,,,,,,,,,,,,,,,,,,,,,,,,,,,,,,,,,,,,,,,,,,,,,,,,,,,,,,,,,,,,,,,,,,,,,,,,,,,,,,,,,,,,,,,,,,,,,,,,,,,
B_best-combined_motor3_70-eta072,tail_58_60,False,,,,,,,,,,,,,,,,,,,,,,,,,,,,,,,,,,,,,,,,,,,,,,,,,,,,,,,,,,,,,,,,,,,,,,,,,,,,,,,,,,,,,,,,,,,,,,,,,,,,,,,,,,,,,,,,,,,,,,,
B_best-combined_motor3_70-eta072,fault_5_60,False,,,,,,,,,,,,,,,,,,,,,,,,,,,,,,,,,,,,,,,,,,,,,,,,,,,,,,,,,,,,,,,,,,,,,,,,,,,,,,,,,,,,,,,,,,,,,,,,,,,,,,,,,,,,,,,,,,,,,,,
B_best-combined_motor3_70-eta072,full_0_60,True,,"[-0.04605403881697129, 0.02020522298385297]",0.05029140609669129,0.0653734282469385,0.041766728308251545,0.29034628702280946,-0.001451124002779493,0.001451124002779493,0.015471044676368187,0.015402839430012171,0.0850428657031077,0.06717915111205108,-4.336808689942018e-18,-2.710505431213761e-20,566,0.01,5.66,0.16732677222046552,0.06404107472315933,0.39607102767865243,0.11194156863688728,66.16872643804658,12.970794802464635,-0.003093171118219403,0.23331469396270532,-0.1772256503857332,13.367947262449443,[0.55],[0.55],0.55,[0.55],[0.55],0.55,[0.0],[0.0],0.0,[0.0],[0.0],0.0,[0.0],[0.0],0.0,[0.0],[0.0],0.0,[0.0],[0.0],0.0,[0.0],[0.0],0.0,"[0.04466392615485911, -0.0158709586329962, 0.0034700111968283117]",0.047399932779456394,0.005103990204032318,every physics interval; dwell = interval count * physics_dt,0.002,"[0.0, 0.0, 0.55, 0.0]","[0.0, 0.0, 0.55, 0.0]",0.55,"[0.0, 0.0, 0.0, 0.0]","[0.0, 0.0, 0.0, 0.0]",0.0,"[0.0, 0.0, 0.55, 0.0]","[0.0, 0.0, 0.55, 0.0]",0.55,"[0.0, 0.0, 0.0, 0.0]","[0.0, 0.0, 0.0, 0.0]",0.0,"[0.0, 0.0, 0.0, 0.0]","[0.0, 0.0, 0.0, 0.0]",0.0,"[0.0, 0.0, 0.0, 0.0]","[0.0, 0.0, 0.0, 0.0]",0.0,"[0.0, 0.0, 0.0, 0.0]","[0.0, 0.0, 0.0, 0.0]",0.0,"[0.0, 0.0, 0.0, 0.0]","[0.0, 0.0, 0.0, 0.0]",0.0,"[0.028237441136999067, 0.02070819680893683, 0.06551453187133671, 0.03568634085807094]","[0.05934852504488164, 0.04529619208147573, 0.0, 0.06815659941163768]","[0.2857595264889409, 0.2496248465864287, 0.4247883165475346, 0.3176927522997318]","[0.3644013171122701, 0.3289823751482228, 0.21814922562016836, 0.3870002743548916]","[0.07552885816758526, 0.05204854816603796, 7.646084350942939e-07, 0.07601460907694522]","[0.2, 0.2, 0.2, 0.2]","[0.2, 0.2, 0.2, 0.2]","[0.2, 0.2, 0.144, 0.2]","[0.2, 0.2, 0.2, 0.2]","[0.005669414118034124, 0.006414590782454905, 0.008802407307790997, 0.004428152851034877]","[4.790386211613783, 4.192160937243376]","[58.50643109599947, 39.3366425763003]",2830,"body origin, body frame; no gravity/external torque","[0.0011563247205909287, 0.0011562568791181308, 0.0001942761501053272]",0.0016467422544094263,0.007233503730634686,0.03270642257665464,0.1436658687836163,"[0.00026160746249502244, 0.00048122830712497177, 3.548633369164147e-05]",0.0005488883564900282,0.0027771703611231043,0.016569665137712644,0.15482220688906928,"[0.0012148523496929764, 0.0012792345016303319, 0.00020650889224608598]",0.0017762187546281163,0.007529159303575975,0.03572315597379816,0.15482220688906928,"[0.0011563355701976383, 0.0011563355701976368, 0.00019427615010532726]",0.001646805126391201,0.0072337379193889205,0.03270642257665464,0.1436658687836163,"[5.1371277375661795e-08, 2.280522474493739e-07, 1.5242934440266198e-19]",2.3376662658711104e-07,6.679558140926782e-07,0.0,0.0
B_best-combined_motor3_70-eta072,pre_3_5,True,,,,,,,,,,,,,,,,,,,,,,,,,,,,,,,,,,,,,,,,,,,,,,,,,,,,,,,,,,,,,,,,,,,,,,,,,,,,,,,,,,,,,,,,,,,,,,,,,,,,,,,,,,,,,,,,,,,,,,,
B_best-combined_motor3_70-eta072,tail_18_20,True,,,,,,,,,,,,,,,,,,,,,,,,,,,,,,,,,,,,,,,,,,,,,,,,,,,,,,,,,,,,,,,,,,,,,,,,,,,,,,,,,,,,,,,,,,,,,,,,,,,,,,,,,,,,,,,,,,,,,,,
B_best-combined_motor3_70-eta072,pre_second_28_30,True,,,,,,,,,,,,,,,,,,,,,,,,,,,,,,,,,,,,,,,,,,,,,,,,,,,,,,,,,,,,,,,,,,,,,,,,,,,,,,,,,,,,,,,,,,,,,,,,,,,,,,,,,,,,,,,,,,,,,,,
B_best-combined_motor3_70-eta072,tail_58_60,True,,,,,,,,,,,,,,,,,,,,,,,,,,,,,,,,,,,,,,,,,,,,,,,,,,,,,,,,,,,,,,,,,,,,,,,,,,,,,,,,,,,,,,,,,,,,,,,,,,,,,,,,,,,,,,,,,,,,,,,
B_best-combined_motor3_70-eta072,fault_5_60,True,,"[-0.08075644945141981, 0.08429196289014927]",0.1167336247011718,0.14582540769147645,0.08739742783692944,0.29034628702280946,0.02622210479459034,0.02622210479459034,0.042333862152791245,0.03323487783809432,0.0850428657031077,0.15184599241717525,0.0,0.0,66,5.01,5.66,0.47962683415371016,0.18385861510059012,1.040662080586093,0.31897601202417775,66.16872643804658,12.970794802464635,-0.09595347575018115,0.23331469396270532,-5.497729190096271,13.367947262449443,[0.55],[0.55],0.55,[0.55],[0.55],0.55,[0.0],[0.0],0.0,[0.0],[0.0],0.0,[0.0],[0.0],0.0,[0.0],[0.0],0.0,[0.0],[0.0],0.0,[0.0],[0.0],0.0,"[0.04466392615485911, -0.0158709586329962, 0.0034700111968283117]",0.047399932779456394,0.005103990204032318,every physics interval; dwell = interval count * physics_dt,0.002,"[0.0, 0.0, 0.55, 0.0]","[0.0, 0.0, 0.55, 0.0]",0.55,"[0.0, 0.0, 0.0, 0.0]","[0.0, 0.0, 0.0, 0.0]",0.0,"[0.0, 0.0, 0.55, 0.0]","[0.0, 0.0, 0.55, 0.0]",0.55,"[0.0, 0.0, 0.0, 0.0]","[0.0, 0.0, 0.0, 0.0]",0.0,"[0.0, 0.0, 0.0, 0.0]","[0.0, 0.0, 0.0, 0.0]",0.0,"[0.0, 0.0, 0.0, 0.0]","[0.0, 0.0, 0.0, 0.0]",0.0,"[0.0, 0.0, 0.0, 0.0]","[0.0, 0.0, 0.0, 0.0]",0.0,"[0.0, 0.0, 0.0, 0.0]","[0.0, 0.0, 0.0, 0.0]",0.0,"[0.028237441136999067, 0.02070819680893683, 0.06551453187133671, 0.03568634085807094]","[0.06999805105789503, 0.04991056213214212, 0.0, 0.07189272007810424]","[0.2857595264889409, 0.2496248465864287, 0.4247883165475346, 0.3176927522997318]","[0.39177009682543185, 0.3405365948775454, 0.21814922562016836, 0.3966953734208648]","[0.07862031878245883, 0.05204854816603796, 7.646084350942939e-07, 0.07601460907694522]","[0.2, 0.2, 0.2, 0.2]","[0.2, 0.2, 0.2, 0.2]","[0.2, 0.2, 0.144, 0.2]","[0.2, 0.2, 0.144, 0.2]","[0.012341954691955126, 0.014451758432441314, 0.024178863076261926, 0.010171908098824007]","[14.024696183106798, 11.876370342567265]","[58.50643109599947, 39.3366425763003]",330,"body origin, body frame; no gravity/external torque","[0.0033862269215174877, 0.0033860281970172737, 0.0005689259409498872]",0.004822384932923915,0.007233503730634686,0.09577877793769211,0.1436658687836163,"[0.0007564122083160085, 0.0006166057602595862, 9.099857488472438e-05]",0.0009801238866112049,0.002482273142796177,0.045546267181994365,0.15482220688906928,"[0.0035555482027169027, 0.0035253975700693754, 0.0006026628869294568]",0.0050431690041259376,0.007529159303575975,0.10326594832959851,0.15482220688906928,"[0.0033862586939871443, 0.00338625869398714, 0.0005689259409498873]",0.004822569088306846,0.0072337379193889205,0.09577877793769211,0.1436658687836163,"[1.4923042060558772e-07, 2.7232561097843106e-07, 1.1843050649121588e-19]",3.1053334253972867e-07,6.679558140926782e-07,0.0,0.0
B_best-combined_motor3_70-eta071,full_0_60,False,,,,,,,,,,,,,,,,,,,,,,,,,,,,,,,,,,,,,,,,,,,,,,,,,,,,,,,,,,,,,,,,,,,,,,,,,,,,,,,,,,,,,,,,,,,,,,,,,,,,,,,,,,,,,,,,,,,,,,,
B_best-combined_motor3_70-eta071,pre_3_5,False,,"[-0.03674554266393267, 0.014558291598262578]",0.03952440714200453,0.039851561796850836,0.005095902051775023,0.04777326809916805,-0.006523403538899457,0.006523403538899457,0.0065480786913212855,0.0005679267702882146,0.00741649192686622,0.04038594201199171,-2.7816561987831223e-18,-8.279747059410786e-20,200,3.0100000000000002,5.0,0.008902018676350097,0.002252568284852845,0.1513618679948816,0.025259731948309556,0.29864699235166686,0.04216393343917914,0.009246043354823963,0.009514709608030747,0.5297592614263937,0.5451527038327356,[0.0],[0.0],0.0,[0.0],[0.0],0.0,[0.0],[0.0],0.0,[0.0],[0.0],0.0,[0.0],[0.0],0.0,[0.0],[0.0],0.0,[0.0],[0.0],0.0,[0.0],[0.0],0.0,"[0.04141497361330784, -0.011721834285616814, 0.0050933748047580375]",0.04304185681880426,0.0050933748047580375,every physics interval; dwell = interval count * physics_dt,0.002,"[0.0, 0.0, 0.0, 0.0]","[0.0, 0.0, 0.0, 0.0]",0.0,"[0.0, 0.0, 0.0, 0.0]","[0.0, 0.0, 0.0, 0.0]",0.0,"[0.0, 0.0, 0.0, 0.0]","[0.0, 0.0, 0.0, 0.0]",0.0,"[0.0, 0.0, 0.0, 0.0]","[0.0, 0.0, 0.0, 0.0]",0.0,"[0.0, 0.0, 0.0, 0.0]","[0.0, 0.0, 0.0, 0.0]",0.0,"[0.0, 0.0, 0.0, 0.0]","[0.0, 0.0, 0.0, 0.0]",0.0,"[0.0, 0.0, 0.0, 0.0]","[0.0, 0.0, 0.0, 0.0]",0.0,"[0.0, 0.0, 0.0, 0.0]","[0.0, 0.0, 0.0, 0.0]",0.0,"[0.1079496865901567, 0.12854093281893725, 0.12849146553722116, 0.10781486213279363]","[0.09150123391516733, 0.07055092187681006, 0.0705148833682962, 0.091431882532469]","[0.5496204660322833, 0.6044335345712462, 0.6043048074227821, 0.5492523638078981]","[0.44888181126067117, 0.39320543684561104, 0.3931118285670535, 0.44869279997159706]","[0.0915217722415643, 0.07060104809767401, 0.07055969780309942, 0.09149225753746962]","[0.2, 0.2, 0.2, 0.2]","[0.2, 0.2, 0.2, 0.2]","[0.2, 0.2, 0.2, 0.2]","[0.2, 0.2, 0.2, 0.2]","[4.853614926989631e-05, 7.983954388118516e-05, 8.044495134055931e-05, 6.786487027145478e-05]","[0.050847089942849664, 0.1300477375564627]","[0.12603339726316873, 0.28070254358579355]",1000,"body origin, body frame; no gravity/external torque","[6.120092613316823e-10, 2.079495026148104e-07, 2.347903670917718e-19]",2.0795040320490573e-07,2.0983794185225472e-07,4.8234047858538485e-17,5.551115123125783e-17,"[3.825703311235134e-06, 3.0022617423806057e-06, 9.842424397520346e-08]",4.864079432653191e-06,1.7130273374082852e-05,0.0002450292463199506,0.0007948706273402939,"[3.82515292421509e-06, 3.0114487612974537e-06, 9.842424397521132e-08]",4.86932293726277e-06,1.726972339776473e-05,0.00024502924631995045,0.0007948706273403494,"[6.629681879178159e-17, 7.1934179166233e-19, 2.404345616077627e-19]",6.630115717920745e-17,6.843479707541564e-17,4.8234047858538485e-17,5.551115123125783e-17,"[6.12009263105927e-10, 2.0794950261522105e-07, 1.5636586103463756e-19]",2.0795040320532194e-07,2.0983794185356805e-07,0.0,0.0
B_best-combined_motor3_70-eta071,tail_18_20,False,,,,,,,,,,,,,,,,,,,,,,,,,,,,,,,,,,,,,,,,,,,,,,,,,,,,,,,,,,,,,,,,,,,,,,,,,,,,,,,,,,,,,,,,,,,,,,,,,,,,,,,,,,,,,,,,,,,,,,,
B_best-combined_motor3_70-eta071,pre_second_28_30,False,,,,,,,,,,,,,,,,,,,,,,,,,,,,,,,,,,,,,,,,,,,,,,,,,,,,,,,,,,,,,,,,,,,,,,,,,,,,,,,,,,,,,,,,,,,,,,,,,,,,,,,,,,,,,,,,,,,,,,,
B_best-combined_motor3_70-eta071,tail_58_60,False,,,,,,,,,,,,,,,,,,,,,,,,,,,,,,,,,,,,,,,,,,,,,,,,,,,,,,,,,,,,,,,,,,,,,,,,,,,,,,,,,,,,,,,,,,,,,,,,,,,,,,,,,,,,,,,,,,,,,,,
B_best-combined_motor3_70-eta071,fault_5_60,False,,,,,,,,,,,,,,,,,,,,,,,,,,,,,,,,,,,,,,,,,,,,,,,,,,,,,,,,,,,,,,,,,,,,,,,,,,,,,,,,,,,,,,,,,,,,,,,,,,,,,,,,,,,,,,,,,,,,,,,
B_best-combined_motor3_70-eta071,full_0_60,True,,"[-0.04344018534195176, 0.015548000728893233]",0.04613881261160483,0.05355054127463054,0.027182171392240308,0.2631879604240412,-0.003989319944210218,0.003989319944210218,0.00783031614984065,0.006737891167804798,0.046590266111369294,0.05411999927764564,-3.0357660829594124e-18,-6.776263578034403e-21,547,0.01,5.47,0.21515689749310918,0.046293853990086654,0.382059979301005,0.06904588605140366,63.2632454241351,9.079305000783059,0.0034291997795317325,0.13422658173478086,0.19647867447436065,7.690616631870727,[0.46],[0.46],0.46,[0.46],[0.46],0.46,[0.0],[0.0],0.0,[0.18],[0.14],0.18,[0.0],[0.0],0.0,[0.0],[0.0],0.0,[0.0],[0.0],0.0,[0.0],[0.0],0.0,"[0.041473320613224035, -0.011745773316221841, 0.005103990204032318]",0.04310451848105188,0.005103990204032318,every physics interval; dwell = interval count * physics_dt,0.002,"[0.0, 0.0, 0.46, 0.0]","[0.0, 0.0, 0.46, 0.0]",0.46,"[0.0, 0.0, 0.0, 0.0]","[0.0, 0.0, 0.0, 0.0]",0.0,"[0.0, 0.0, 0.46, 0.0]","[0.0, 0.0, 0.46, 0.0]",0.46,"[0.0, 0.0, 0.0, 0.0]","[0.0, 0.0, 0.0, 0.0]",0.0,"[0.0, 0.0, 0.0, 0.0]","[0.0, 0.0, 0.0, 0.0]",0.0,"[0.0, 0.0, 0.0, 0.0]","[0.0, 0.0, 0.0, 0.0]",0.0,"[0.04, 0.14, 0.0, 0.0]","[0.04, 0.14, 0.0, 0.0]",0.18,"[0.0, 0.0, 0.0, 0.0]","[0.0, 0.0, 0.0, 0.0]",0.0,"[0.08803775861425776, 0.10825664557542906, 0.111898022188068, 0.09249561057287833]","[0.05934852504488164, 0.03389502349093426, 0.0, 0.03262867476912246]","[0.49358955459919984, 0.5504580320901427, 0.5603417906573862, 0.5064549232387824]","[0.3644013171122701, 0.3007026437605961, 0.21814922562016836, 0.29758228568089184]","[0.06363911687565998, 0.0355754120651198, 4.528263895325901e-06, 0.03604613118314398]","[0.2, 0.2, 0.2, 0.2]","[0.2, 0.2, 0.2, 0.2]","[0.2, 0.2, 0.142, 0.2]","[0.2, 0.2, 0.2, 0.2]","[0.004401753442063186, 0.004620908129455657, 0.005547074596057219, 0.003473531825874843]","[4.691294700875122, 6.210738775807699]","[35.19591257517566, 56.596067019156834]",2735,"body origin, body frame; no gravity/external torque","[0.001535379435501585, 0.0015353562659291785, 0.0002579606078306094]",0.002186607543543536,0.010158300263278708,0.043427711755994955,0.20174961507367917,"[0.00017784885698356615, 0.0004689212788852394, 2.8178134508073933e-05]",0.0005023060710225228,0.0027771703611231043,0.008286530265579257,0.05363807392624009,"[0.001585964989853349, 0.0015379414339050613, 0.00025617295229074055]",0.002223999412016074,0.009948780506452922,0.04736824799535754,0.22379627995970508,"[0.0015353867491331831, 0.0015353867491332013, 0.0002579606078306094]",0.0021866340832475653,0.010158319809269832,0.043427711755994955,0.20174961507367917,"[2.680157316185359e-08, 2.1969773012425845e-07, 1.5402852149924455e-19]",2.2132649399857645e-07,5.937522688194143e-07,0.0,0.0
B_best-combined_motor3_70-eta071,pre_3_5,True,,,,,,,,,,,,,,,,,,,,,,,,,,,,,,,,,,,,,,,,,,,,,,,,,,,,,,,,,,,,,,,,,,,,,,,,,,,,,,,,,,,,,,,,,,,,,,,,,,,,,,,,,,,,,,,,,,,,,,,
B_best-combined_motor3_70-eta071,tail_18_20,True,,,,,,,,,,,,,,,,,,,,,,,,,,,,,,,,,,,,,,,,,,,,,,,,,,,,,,,,,,,,,,,,,,,,,,,,,,,,,,,,,,,,,,,,,,,,,,,,,,,,,,,,,,,,,,,,,,,,,,,
B_best-combined_motor3_70-eta071,pre_second_28_30,True,,,,,,,,,,,,,,,,,,,,,,,,,,,,,,,,,,,,,,,,,,,,,,,,,,,,,,,,,,,,,,,,,,,,,,,,,,,,,,,,,,,,,,,,,,,,,,,,,,,,,,,,,,,,,,,,,,,,,,,
B_best-combined_motor3_70-eta071,tail_58_60,True,,,,,,,,,,,,,,,,,,,,,,,,,,,,,,,,,,,,,,,,,,,,,,,,,,,,,,,,,,,,,,,,,,,,,,,,,,,,,,,,,,,,,,,,,,,,,,,,,,,,,,,,,,,,,,,,,,,,,,,
B_best-combined_motor3_70-eta071,fault_5_60,True,,"[-0.06436427820075703, 0.05599722852326963]",0.08531383188318134,0.108490392559782,0.06702026087075366,0.2631879604240412,0.00786887430921634,0.00786887430921634,0.018649648027824643,0.016908287573480018,0.046590266111369294,0.11008167263144827,0.0,0.0,47,5.01,5.47,0.7243155090452539,0.15173028759490542,1.1534621020121107,0.21784486418252313,63.2632454241351,9.079305000783059,-0.0575834524935301,0.13422658173478086,-3.299288797671351,7.690616631870727,[0.46],[0.46],0.46,[0.46],[0.46],0.46,[0.0],[0.0],0.0,[0.18],[0.14],0.18,[0.0],[0.0],0.0,[0.0],[0.0],0.0,[0.0],[0.0],0.0,[0.0],[0.0],0.0,"[0.041473320613224035, -0.011745773316221841, 0.005103990204032318]",0.04310451848105188,0.005103990204032318,every physics interval; dwell = interval count * physics_dt,0.002,"[0.0, 0.0, 0.46, 0.0]","[0.0, 0.0, 0.46, 0.0]",0.46,"[0.0, 0.0, 0.0, 0.0]","[0.0, 0.0, 0.0, 0.0]",0.0,"[0.0, 0.0, 0.46, 0.0]","[0.0, 0.0, 0.46, 0.0]",0.46,"[0.0, 0.0, 0.0, 0.0]","[0.0, 0.0, 0.0, 0.0]",0.0,"[0.0, 0.0, 0.0, 0.0]","[0.0, 0.0, 0.0, 0.0]",0.0,"[0.0, 0.0, 0.0, 0.0]","[0.0, 0.0, 0.0, 0.0]",0.0,"[0.04, 0.14, 0.0, 0.0]","[0.04, 0.14, 0.0, 0.0]",0.18,"[0.0, 0.0, 0.0, 0.0]","[0.0, 0.0, 0.0, 0.0]",0.0,"[0.09403134521090423, 0.12897007631784924, 0.1816243542011947, 0.1081814861718638]","[0.060674929186584736, 0.03389502349093426, 0.0, 0.03262867476912246]","[0.5108402263040189, 0.605549757858682, 0.7373091764662304, 0.5502530172381588]","[0.36778290703427174, 0.3007026437605961, 0.21814922562016836, 0.29758228568089184]","[0.06363911687565998, 0.0355754120651198, 4.528263895325901e-06, 0.03604613118314398]","[0.2, 0.2, 0.2, 0.2]","[0.2, 0.2, 0.2, 0.2]","[0.2, 0.2, 0.142, 0.2]","[0.2, 0.2, 0.142, 0.2]","[0.007233519368362582, 0.0068028602131977615, 0.015683665297268085, 0.007041251393813031]","[15.999823478936756, 20.865198906400686]","[35.19591257517566, 56.596067019156834]",235,"body origin, body frame; no gravity/external torque","[0.005237939208155998, 0.005237860115479639, 0.0008800313138796218]",0.007459600582543209,0.010158300263278708,0.14815341984505456,0.20174961507367917,"[0.0005894115267824451, 0.0005515353536854775, 7.552630143661137e-05]",0.0008107412759183239,0.0024476031883259347,0.020147166512511104,0.04299235223861991,"[0.0054085973709848975, 0.005027266129940751, 0.0008719069653509794]",0.007435492721999112,0.009948780506452922,0.1603751467610018,0.22379627995970508,"[0.00523796415862184, 0.005237964158621902, 0.0008800313138796218]",0.007459691157643414,0.010158319809269832,0.14815341984505456,0.20174961507367917,"[8.861177759737722e-08, 1.989499560402262e-07, 1.2651771253727753e-19]",2.1779148775233396e-07,3.5756461671496965e-07,0.0,0.0
