time_sec,time_post,control_step,phase,position_1,position_2,position_3,reference_position_1,reference_position_2,reference_position_3,attitude_deg_1,attitude_deg_2,attitude_deg_3,position_error,linear_velocity_1,linear_velocity_2,linear_velocity_3,angular_velocity_1,angular_velocity_2,angular_velocity_3,control_input_1,control_input_2,control_input_3,control_input_4,policy_action_1,policy_action_2,policy_action_3,policy_action_4,motor_thrust_1,motor_thrust_2,motor_thrust_3,motor_thrust_4,motor_thrust_command_1,motor_thrust_command_2,motor_thrust_command_3,motor_thrust_command_4,motor_command_1,motor_command_2,motor_command_3,motor_command_4,motor_omega_rad_s_1,motor_omega_rad_s_2,motor_omega_rad_s_3,motor_omega_rad_s_4,reaction_torque_nm_1,reaction_torque_nm_2,reaction_torque_nm_3,reaction_torque_nm_4,wrench_command_1,wrench_command_2,wrench_command_3,wrench_command_4,wrench_actual_1,wrench_actual_2,wrench_actual_3,wrench_actual_4,allocation_error_1,allocation_error_2,allocation_error_3,allocation_error_4,motor_effectiveness_1,motor_effectiveness_2,motor_effectiveness_3,motor_effectiveness_4,motor_thrust_before_effectiveness_1,motor_thrust_before_effectiveness_2,motor_thrust_before_effectiveness_3,motor_thrust_before_effectiveness_4,motor_thrust_applied_1,motor_thrust_applied_2,motor_thrust_applied_3,motor_thrust_applied_4,reaction_torque_before_effectiveness_nm_1,reaction_torque_before_effectiveness_nm_2,reaction_torque_before_effectiveness_nm_3,reaction_torque_before_effectiveness_nm_4,position_before_1,position_before_2,position_before_3,velocity_before_1,velocity_before_2,velocity_before_3,raw_observation_1,raw_observation_2,raw_observation_3,raw_observation_4,raw_observation_5,raw_observation_6,raw_observation_7,raw_observation_8,raw_observation_9,raw_observation_10,raw_observation_11,raw_observation_12,raw_observation_13,raw_observation_14,raw_observation_15,quaternion_1,quaternion_2,quaternion_3,quaternion_4,reward,terminated,truncated
0.0,0.01,0,HOVER,-2.1721496823445818e-10,-8.493659248154373e-11,0.9999998728518449,0.0,0.0,1.0,7.736830009764585e-05,-0.0001978771736425983,8.62685305353073e-05,1.2714836902571032e-07,-6.799378837740733e-08,-2.6586858936639146e-08,-2.4458717234665528e-05,0.00019287472241558135,-0.0004932963056489825,0.000215062900679186,0.0008147191256284714,-0.0020880945958197117,0.009224709123373032,-0.001195959746837616,0.0008147191256284714,-0.0020880945958197117,0.009224709123373032,-0.001195959746837616,0.10644495010614075,0.10626396889707276,0.10642048063475051,0.10631984938081193,0.10669573194499875,0.1056977632767945,0.10656066878524245,0.10600565611954556,0.5461916155225169,0.5434542031728916,0.5458215859543532,0.5442995652798674,1581.9628857334585,1580.5238805755778,1581.7683682880954,1580.9682712178496,0.000632283003630476,-0.0006312079752486122,0.000632137654970418,-0.0006315399053220228,6.110393442213535e-06,-1.5660709468647838e-05,9.224709123373032e-06,0.42495982012658123,1.1105363415969162e-06,-2.840772663599816e-06,1.6727780302590138e-06,0.42544924901877595,4.999857100616619e-06,-1.2819936805048022e-05,7.551931093114018e-06,-0.000489428892194721,1.0,1.0,1.0,1.0,0.10644495010614075,0.10626396889707276,0.10642048063475051,0.10631984938081193,0.10644495010614075,0.10626396889707276,0.10642048063475051,0.10631984938081193,0.000632283003630476,-0.0006312079752486122,0.000632137654970418,-0.0006315399053220228,0.0,0.0,1.0,0.0,0.0,0.0,0.0,0.0,0.0,0.0,0.0,0.0,1.0,0.0,0.0,0.0,0.0,0.0,0.0,0.0,1.0,0.9999999999979978,6.751670845650254e-07,-1.7268035831118955e-06,7.528360999326342e-07,-3.527753635828458e-10,False,False
0.01,0.02,1,HOVER,-4.875167380902212e-09,-1.9065378165095126e-09,0.999999366701104,0.0,0.0,1.0,0.00045664303897650525,-0.0011670515266713158,0.0005132039825709011,6.33320530069157e-07,-9.269576253245759e-07,-3.6254959923098795e-07,-7.061578799039125e-05,0.0007967648562043905,-0.002035600831732154,0.0008984521264210343,0.0007412564009428024,-0.001888206577859819,0.008811412379145622,-0.001155603677034378,0.0007412564009428024,-0.001888206577859819,0.008811412379145622,-0.001155603677034378,0.10648694397561265,0.10616797022309495,0.10644486536113723,0.10626431602832512,0.10667667703164363,0.10573469918094427,0.10655502342781376,0.10601359852108122,0.5461394196140095,0.5435556544806194,0.5458061164653149,0.5443213625494374,1582.2966805707642,1579.760287030306,1581.9622120850293,1580.5266413580046,0.0006325324472151392,-0.000630637743125184,0.0006322825002451552,-0.0006312100372082512,5.559423007071018e-06,-1.4161549333948642e-05,8.811412379145623e-06,0.42497999816148285,1.918616529134661e-06,-4.893995358690607e-06,2.9671671268591054e-06,0.42536409558816995,3.6408064779363573e-06,-9.267553975258035e-06,5.8442452522865175e-06,-0.00038409742668710223,1.0,1.0,1.0,1.0,0.10648694397561265,0.10616797022309495,0.10644486536113723,0.10626431602832512,0.10648694397561265,0.10616797022309495,0.10644486536113723,0.10626431602832512,0.0006325324472151392,-0.000630637743125184,0.0006322825002451552,-0.0006312100372082512,-2.1721496529803561e-10,-8.493659407030778e-11,0.9999998728518453,-6.799378507272612e-08,-2.6586859646527004e-08,-2.445871704026516e-05,-2.1721496823445818e-10,-8.493659248154373e-11,-1.2714815511571942e-07,-6.799378837740733e-08,-2.6586858936639146e-08,-2.4458717234665528e-05,1.0,6.751670866833592e-07,-1.726803589008341e-06,7.528361152253638e-07,0.00019287472241558135,-0.0004932963056489825,0.000215062900679186,1.5056698430271354e-06,1.0,0.9999999999301697,3.985008003625458e-06,-1.0184428421973932e-05,4.478590419685549e-06,-6.4109125192217845e-09,False,False
0.02,0.03,2,HOVER,-3.113237312390993e-08,-1.2181877728778545e-08,0.9999982936435572,0.0,0.0,1.0,0.0013040193486622384,-0.0033283207488942145,0.0014906282968003876,1.7066838994729659e-06,-4.220572009216994e-06,-1.652091441428638e-06,-0.0001337716676061973,0.0016569942235946655,-0.00422446196898818,0.0019210530444979668,0.000506935641169548,-0.0012709893053397536,0.007497081533074379,-0.0011222437024116516,0.000506935641169548,-0.0012709893053397536,0.007497081533074379,-0.0011222437024116516,0.10650838156551662,0.10610837829328595,0.10645924187557501,0.10622145406322327,0.10660522372488247,0.10583934618944058,0.10652418281862863,0.10602792541584256,0.5459436675069145,0.5438430295253596,0.545721602294498,0.5443606803076786,1582.467065541879,1579.2861770599784,1582.0764904845885,1580.1857340015106,0.0006326597864991687,-0.0006302837670621186,0.0006323678967409156,-0.0006309554371355462,3.80201730877161e-06,-9.532419790048153e-06,7.497081533074379e-06,0.4249966781487942,2.260460108247965e-06,-5.735127584019506e-06,3.7884790424194594e-06,0.4252974557976008,1.541557200523645e-06,-3.7972922060286466e-06,3.70860249065492e-06,-0.00030077764880659386,1.0,1.0,1.0,1.0,0.10650838156551662,0.10610837829328595,0.10645924187557501,0.10622145406322327,0.10650838156551662,0.10610837829328595,0.10645924187557501,0.10622145406322327,0.0006326597864991687,-0.0006302837670621186,0.0006323678967409156,-0.0006309554371355462,-4.875167525283591e-09,-1.9065377309320596e-09,0.9999993667010887,-9.269576009638146e-07,-3.62549605354414e-07,-7.06157907219867e-05,-4.875167380902212e-09,-1.9065378165095126e-09,-6.332988959911745e-07,-9.269576253245759e-07,-3.6254959923098795e-07,-7.061578799039125e-05,1.0,3.985007879236946e-06,-1.0184427992498968e-05,4.478590199141763e-06,0.0007967648562043905,-0.002035600831732154,0.0008984521264210343,8.957099453255069e-06,1.0,0.9999999994288321,1.138009341888287e-05,-2.9044929146678862e-05,1.300851605188257e-05,-3.09047491218567e-08,False,False
0.03,0.04,3,HOVER,-1.1613833805768081e-07,-4.548226328893179e-08,0.9999965067318044,0.0,0.0,1.0,0.002672920296930398,-0.006810002500186008,0.003144063347638304,3.4954941619485843e-06,-1.2119155144318938e-05,-4.749478648591321e-06,-0.00021020112035330385,0.0025685529690235853,-0.0065283747389912605,0.0031322792638093233,0.0001658182591199875,-0.0003836251562461257,0.0055212583392858505,-0.0010936744511127472,0.0001658182591199875,-0.0003836251562461257,0.0055212583392858505,-0.0010936744511127472,0.1065062582192745,0.10608713925201636,0.10646183832383864,0.10619027855116019,0.10649666795216262,0.10599122558406975,0.10647356582052099,0.10604950341769034,0.5456461957059233,0.5442599606146025,0.5455828780879904,0.5444198945280072,1582.4501897384896,1579.1171813221704,1582.0971290706339,1579.9377504444637,0.0006326471738224905,-0.0006301576071569772,0.0006323833196436016,-0.0006307702545938915,1.2436369433999062e-06,-2.8771886718459427e-06,5.5212583392858505e-06,0.42501096277444367,2.0760245180951806e-06,-5.216955324364482e-06,4.102631715223394e-06,0.42524551434628965,-8.323875746952744e-07,2.3397666525185394e-06,1.4186266240624563e-06,-0.00023455157184598674,1.0,1.0,1.0,1.0,0.1065062582192745,0.10608713925201636,0.10646183832383864,0.10619027855116019,0.1065062582192745,0.10608713925201636,0.10646183832383864,0.10619027855116019,0.0006326471738224905,-0.0006301576071569772,0.0006323833196436016,-0.0006307702545938915,-3.113237221226563e-08,-1.2181877669720228e-08,0.999998293643606,-4.220571895032167e-06,-1.6520914369337362e-06,-0.00013377166364360944,-3.113237312390993e-08,-1.2181877728778545e-08,-1.7063564428099198e-06,-4.220572009216994e-06,-1.652091441428638e-06,-0.0001337716676061973,1.0,1.1380093383195344e-05,-2.9044929760857485e-05,1.300851636187872e-05,0.0016569942235946655,-0.00422446196898818,0.0019210530444979668,2.6016370611614548e-05,1.0,0.9999999975856492,2.3327259928734656e-05,-5.94278436928706e-05,2.7438514952612975e-05,-8.678962169802356e-08,False,False
0.04,0.05,4,HOVER,-3.191958910520043e-07,-1.2513599756402982e-07,0.999993892596649,0.0,0.0,1.0,0.004495484171145427,-0.011428373441037781,0.005510886150531432,6.11701894121593e-06,-2.6796315069077536e-05,-1.0516876500332728e-05,-0.00029671925585716963,0.0033205964136868715,-0.008405827917158604,0.004378449637442827,-0.00020874477922916412,0.0005756557220593095,0.003169061616063118,-0.0010511130094528198,-0.00020874477922916412,0.0005756557220593095,0.003169061616063118,-0.0010511130094528198,0.10648191403237686,0.10610148416373966,0.10645260377575348,0.10617084496688887,0.10637198031017085,0.10616628237713722,0.1064108974657541,0.10608308334221148,0.5453044072037838,0.5447402964531766,0.5454110980318907,0.5445120372192739,1582.2567013405426,1579.2313226500987,1582.023725035654,1579.7831563251925,0.0006325025693523186,-0.0006302428159326135,0.0006323284664279757,-0.0006306548191033199,-1.5655858442187308e-06,4.317417915444821e-06,3.169061616063118e-06,0.42503224349527363,1.4159870724205978e-06,-3.4885153182605613e-06,3.933400744360891e-06,0.4252068469387589,-2.9815729166393286e-06,7.805933233705382e-06,-7.643391282977728e-07,-0.00017460344348524393,1.0,1.0,1.0,1.0,0.10648191403237686,0.10610148416373966,0.10645260377575348,0.10617084496688887,0.10648191403237686,0.10610148416373966,0.10645260377575348,0.10617084496688887,0.0006325025693523186,-0.0006302428159326135,0.0006323284664279757,-0.0006306548191033199,-1.1613833620541798e-07,-4.5482264126221754e-08,0.9999965067318064,-1.2119155485348541e-05,-4.749478482200961e-06,-0.000210201116958809,-1.1613833805768081e-07,-4.548226328893179e-08,-3.4932681955979206e-06,-1.2119155144318938e-05,-4.749478648591321e-06,-0.00021020112035330385,1.0,2.3327260350924917e-05,-5.9427842643344775e-05,2.7438514734967612e-05,0.0025685529690235853,-0.0065283747389912605,0.0031322792638093233,5.487425733008422e-05,1.0,0.999999993100724,3.9235294943865026e-05,-9.972948497361969e-05,4.809546452607216e-05,-1.7968791286215263e-07,False,False
0.05,0.06,5,HOVER,-7.186803259173757e-07,-2.820935094405286e-07,0.9999903695797911,0.0,0.0,1.0,0.006599380318773053,-0.0167355632783309,0.00854633866279239,9.66131831366525e-06,-4.991956302546896e-05,-1.9625344066298567e-05,-0.00039008204475976527,0.0037400294095277786,-0.00942138209939003,0.005519530735909939,-0.0005393940955400467,0.0014010980958119035,0.0007347092032432556,-0.0009673871099948883,-0.0005393940955400467,0.0014010980958119035,0.0007347092032432556,-0.0009673871099948883,0.10644054403870018,0.10614480134822979,0.10643312294063413,0.10616429152437241,0.10625374952185883,0.10634051563270987,0.10634514790966969,0.10613469338076424,0.5449802080285351,0.5452181387622378,0.5452308398073892,0.5446536372920974,1581.9278611517645,1579.5759662004527,1581.8688686042558,1579.7310218073378,0.0006322568315898791,-0.0006305001200084849,0.0006322127502673667,-0.0006306158916547721,-4.04545571655035e-06,1.0508235718589276e-05,7.347092032432556e-07,0.4250741064450026,4.267022553970483e-07,-9.514480996480022e-07,3.353570193988806e-06,0.4251827598519365,-4.472157971947398e-06,1.1459683818237278e-05,-2.6188609907455505e-06,-0.00010865340693388958,1.0,1.0,1.0,1.0,0.10644054403870018,0.10614480134822979,0.10643312294063413,0.10616429152437241,0.10644054403870018,0.10614480134822979,0.10643312294063413,0.10616429152437241,0.0006322568315898791,-0.0006305001200084849,0.0006322127502673667,-0.0006306158916547721,-3.191958855603646e-07,-1.2513600139103204e-07,0.9999938925966306,-2.6796315337174906e-05,-1.0516876732285216e-05,-0.00029671924646521437,-3.191958910520043e-07,-1.2513599756402982e-07,-6.1074033510521986e-06,-2.6796315069077536e-05,-1.0516876500332728e-05,-0.00029671925585716963,1.0,3.923529584426433e-05,-9.972948464564979e-05,4.809546589967795e-05,0.0033205964136868715,-0.008405827917158604,0.004378449637442827,9.618310286896303e-05,1.0,0.9999999848952688,5.760134895956465e-05,-0.0001460410408012138,7.458928488366793e-05,-3.046777590830755e-07,False,False
0.06,0.07,6,HOVER,-1.4045211855773232e-06,-5.520364538824651e-07,0.9999858916880839,0.0,0.0,1.0,0.008745508755859353,-0.022122077369820182,0.01213765618369145,1.4188794491711598e-05,-8.226322097470984e-05,-3.2399741030531004e-05,-0.00048644415801391006,0.0037257387302815914,-0.009334753267467022,0.006442570593208075,-0.0007599983364343643,0.0019225120777264237,-0.0015121474862098694,-0.0008167140185832977,-0.0007599983364343643,0.0019225120777264237,-0.0015121474862098694,-0.0008167140185832977,0.10639004845003344,0.10620794213375996,0.10640633541974401,0.10617234832011584,0.10616206598423408,0.10649326628078767,0.10628537036918326,0.1062087403565034,0.5447287299236164,0.5456368727647064,0.5450669256570443,0.5448567607835654,1581.5264323609456,1580.078256906113,1581.6559163572383,1579.795115797032,0.0006319568877931987,-0.0006308751762745342,0.0006320536323932794,-0.000630663749021488,-5.699987523257732e-06,1.4418840582948177e-05,-1.5121474862098693e-06,0.4251494429907084,-6.825934672706653e-07,1.8342450955051263e-06,2.47159489045589e-06,0.42517667432365325,-5.017394055987067e-06,1.258459548744305e-05,-3.9837423766657595e-06,-2.7231332944854802e-05,1.0,1.0,1.0,1.0,0.10639004845003344,0.10620794213375996,0.10640633541974401,0.10617234832011584,0.10639004845003344,0.10620794213375996,0.10640633541974401,0.10617234832011584,0.0006319568877931987,-0.0006308751762745342,0.0006320536323932794,-0.000630663749021488,-7.186803487612931e-07,-2.820935166159759e-07,0.999990369579515,-4.9919562875590905e-05,-1.962534383227335e-05,-0.0003900820456750169,-7.186803259173757e-07,-2.820935094405286e-07,-9.63042020885041e-06,-4.991956302546896e-05,-1.9625344066298567e-05,-0.00039008204475976527,1.0,5.760134808951989e-05,-0.00014604104217141867,7.458928303094581e-05,0.0037400294095277786,-0.00942138209939003,0.005519530735909939,0.00014916174404788762,1.0,0.9999999728420678,7.633940721335105e-05,-0.00019304344945622322,0.00010593576035849674,-4.4840264950297827e-07,False,False
0.07,0.08,7,HOVER,-2.4679691250639735e-06,-9.713628514873562e-07,0.9999804566305102,0.0,0.0,1.0,0.010678273816637355,-0.026950275834779925,0.01612383234283127,1.972251780092653e-05,-0.000123521764180623,-4.873787838732824e-05,-0.0005810626316815615,0.0032672437373548746,-0.008145434781908989,0.007070681545883417,-0.0008283127099275589,0.0020395307801663876,-0.0033536329865455627,-0.0005839429795742035,-0.0008283127099275589,0.0020395307801663876,-0.0033536329865455627,-0.0005839429795742035,0.10633946313699251,0.10628073415738726,0.1063760958801632,0.10619648302160903,0.10611107580374515,0.10660969512402985,0.1062395461124265,0.10630551147001147,0.5445888413825948,0.5459559184070628,0.5449412538249675,0.5451221570076275,1581.1242335423267,1580.6572139274606,1581.415502532425,1579.9871052211302,0.0006316564110337356,-0.0006313075608948804,0.0006318740095281694,-0.0006308071091483576,-6.212345324456692e-06,1.5296480851247905e-05,-3.353632986545563e-06,0.42526582851021294,-1.6835482706395455e-06,4.273849540239322e-06,1.415750518667016e-06,0.42519277619615203,-4.528797053817146e-06,1.1022631311008584e-05,-4.769383505212578e-06,7.305231406090629e-05,1.0,1.0,1.0,1.0,0.10633946313699251,0.10628073415738726,0.1063760958801632,0.10619648302160903,0.10633946313699251,0.10628073415738726,0.1063760958801632,0.10619648302160903,0.0006316564110337356,-0.0006313075608948804,0.0006318740095281694,-0.0006308071091483576,-1.4045211533505952e-06,-5.52036461584147e-07,0.9999858916879912,-8.226322084119485e-05,-3.2399739821725196e-05,-0.00048644414659444133,-1.4045211855773232e-06,-5.520364538824651e-07,-1.4108311916061211e-05,-8.226322097470984e-05,-3.2399741030531004e-05,-0.00048644415801391006,1.0,7.633940549567342e-05,-0.00019304345187265426,0.00010593576007522643,0.0037257387302815914,-0.009334753267467022,0.006442570593208075,0.0002118420525221154,1.0,0.9999999580998039,9.321860615018918e-05,-0.0002351724050775676,0.00014072889581720648,-5.943243037430678e-07,False,False
0.08,0.09,8,HOVER,-3.990890490968013e-06,-1.5728915059298743e-06,0.9999741147330496,0.0,0.0,1.0,0.01217798401892659,-0.030689603194676552,0.0203182314069846,2.6238297194967002e-05,-0.0001723563764244318,-6.811834464315325e-05,-0.0006683564861305058,0.0024446812458336353,-0.006085280794650316,0.0073670921847224236,-0.0007336903363466263,0.0017400399083271623,-0.004641138017177582,-0.0002706404775381088,-0.0007336903363466263,0.0017400399083271623,-0.004641138017177582,-0.0002706404775381088,0.1062972981899803,0.10635346419144406,0.10634664507161778,0.10623694654795873,0.10610691559135763,0.10668214464737602,0.10621365610599376,0.10641976341650361,0.5445774272040182,0.5461543969876801,0.5448702440324503,0.5454354022889835,1580.788940785963,1581.235560227781,1581.1813398549057,1580.3089599020395,0.0006314059512484829,-0.0006317395772971777,0.0006316990717254097,-0.0006310474624948749,-5.502677522599697e-06,1.3050299312453717e-05,-4.641138017177582e-06,0.425422479761231,-2.374822285130477e-06,5.864140285717027e-06,3.179831818399823e-07,0.42523435400100085,-3.12785523746922e-06,7.18615902673669e-06,-4.959121199017564e-06,0.00018812576023014005,1.0,1.0,1.0,1.0,0.1062972981899803,0.10635346419144406,0.10634664507161778,0.10623694654795873,0.1062972981899803,0.10635346419144406,0.10634664507161778,0.10623694654795873,0.0006314059512484829,-0.0006317395772971777,0.0006316990717254097,-0.0006310474624948749,-2.4679690948305936e-06,-9.713628727955839e-07,0.9999804566300843,-0.00012352175732415665,-4.873787876888068e-05,-0.0005810626504836366,-2.4679691250639735e-06,-9.713628514873562e-07,-1.954336948983837e-05,-0.000123521764180623,-4.873787838732824e-05,-0.0005810626316815615,0.9999999403953552,9.321860852651298e-05,-0.00023517241061199456,0.0001407288946211338,0.0032672437373548746,-0.008145434781908989,0.007070681545883417,0.00028141395887359977,0.9999999403953552,0.9999999427655027,0.0001063204371451663,-0.00026779847164461656,0.00017733847472559673,-7.277664067944069e-07,False,False
0.09,0.1,9,HOVER,-6.036855211277725e-06,-2.3821639842935838e-06,0.999966974974086,0.0,0.0,1.0,0.013104900840643165,-0.033025064334821795,0.02453125651623422,3.36566585196386e-05,-0.0002266574592795223,-8.96932979230769e-05,-0.0007423486094921827,0.0014108442701399326,-0.0035624620504677296,0.007334387395530939,-0.0004977155476808548,0.0010998077923431993,-0.005303652957081795,0.00010162033140659332,-0.0004977155476808548,0.0010998077923431993,-0.005303652957081795,0.00010162033140659332,0.10627004974029922,0.10641808364727037,0.10632202865730839,0.10629197916505859,0.10614700375497349,0.10671009253997747,0.10621086589378038,0.10654064797697202,0.5446874096697804,0.5462309507583571,0.5448625908731772,0.5457667235516908,1580.5722419673998,1581.749312978425,1580.9856005505844,1580.746641459084,0.0006312440954573773,-0.000632123416864786,0.0006315528502244118,-0.000631374356240448,-3.7328666076064108e-06,8.248558442573994e-06,-5.303652957081795e-06,0.42560861016570334,-2.620709357738834e-06,6.296138579456757e-06,-7.008274234449356e-07,0.4253021412099366,-1.1121572498675768e-06,1.9524198631172377e-06,-4.602825533636859e-06,0.0003064689557667477,1.0,1.0,1.0,1.0,0.10627004974029922,0.10641808364727037,0.10632202865730839,0.10629197916505859,0.10627004974029922,0.10641808364727037,0.10632202865730839,0.10629197916505859,0.0006312440954573773,-0.000632123416864786,0.0006315528502244118,-0.000631374356240448,-3.990890393276012e-06,-1.5728914626949371e-06,0.9999741147335666,-0.00017235637995273253,-6.811834417297251e-05,-0.0006683565042121014,-3.990890490968013e-06,-1.5728915059298743e-06,-2.588526695035398e-05,-0.0001723563764244318,-6.811834464315325e-05,-0.0006683564861305058,0.9999999403953552,0.0001063204399542883,-0.0002677984593901783,0.00017733847198542207,0.0024446812458336353,-0.006085280794650316,0.0073670921847224236,0.00035462004598230124,0.9999999403953552,0.9999999290103929,0.00011442352264958221,-0.0002881735596279164,0.0002141085386897917,-8.386263481450862e-07,False,False
0.1,0.11,10,HOVER,-8.645836715004407e-06,-3.415086666791467e-06,0.9999592047206534,0.0,0.0,1.0,0.013426462750620361,-0.03391702926423707,0.028590662041111676,4.184098620270021e-05,-0.00028396083507686853,-0.00011244601773796603,-0.0007973994361236691,0.0003592967987060547,-0.0010702589061111212,0.0070095909759402275,-0.00016989745199680328,0.0002635248238220811,-0.005345376208424568,0.0004949532449245453,-0.00016989745199680328,0.0002635248238220811,-0.005345376208424568,0.0004949532449245453,0.10626122692511242,0.10646903934228133,0.10630558259172651,0.10635744976924535,0.1062213800206368,0.10669927880947302,0.10623131079830272,0.10665330699404979,0.5448914293311292,0.546201330917055,0.5449186669823496,0.5460753997872282,1580.5020732025591,1582.1543675725088,1580.8548208973832,1581.2672499852918,0.0006311916879351677,-0.0006324260936931511,0.0006314551605948555,-0.0006317632516293175,-1.2742308899760246e-06,1.9764361786656082e-06,-5.345376208424568e-06,0.4258052766224623,-2.37705476154558e-06,5.513443947827677e-06,-1.5424967924452821e-06,0.4253932986283656,1.1028238715695555e-06,-3.537007769162069e-06,-3.802879415979286e-06,0.00041197799409670166,1.0,1.0,1.0,1.0,0.10626122692511242,0.10646903934228133,0.10630558259172651,0.10635744976924535,0.10626122692511242,0.10646903934228133,0.10630558259172651,0.10635744976924535,0.0006311916879351677,-0.0006324260936931511,0.0006314551605948555,-0.0006317632516293175,-6.036855012816494e-06,-2.382164081922856e-06,0.9999669749745045,-0.00022665746154284865,-8.969329836965107e-05,-0.0007423486036387018,-6.036855211277725e-06,-2.3821639842935838e-06,-3.3025025913957506e-05,-0.0002266574592795223,-8.96932979230769e-05,-0.0007423486094921827,0.9999999403953552,0.00011442352115409449,-0.0002881735563278198,0.000214108542422764,0.0014108442701399326,-0.0035624620504677296,0.007334387395530939,0.0004281511646695435,0.9999998807907104,0.9999999181992659,0.00011724182945898745,-0.0002959526499004694,0.0002495352559849572,-9.219080830773226e-07,False,False
0.11,0.12,11,HOVER,-1.183352833322715e-05,-4.677367542171851e-06,0.9999510211855522,0.0,0.0,1.0,0.01322266172505109,-0.03360143530800214,0.032357653492381164,5.060468777343042e-05,-0.0003419260319788009,-0.0001353806583210826,-0.0008290780242532492,-0.0005148566560819745,0.000919025216717273,0.006456162314862013,0.00018377415835857391,-0.000587581074796617,-0.004835767671465874,0.0008606519550085068,0.00018377415835857391,-0.000587581074796617,-0.004835767671465874,0.0008606519550085068,0.10627095945131473,0.10650358357508014,0.10629951129414444,0.10642702939316478,0.10631492122001869,0.10665964938876239,0.10627209061793667,0.10674146475078657,0.5451479595564039,0.5460927745397387,0.5450305079422337,0.5463168772084899,1580.5794768950489,1582.4289322203424,1580.8065402204925,1581.820428243885,0.0006312494991408095,-0.000632631286435976,0.000631419097087218,-0.0006321765545953988,1.3783061876893043e-06,-4.4068580609746275e-06,-4.835767671465874e-06,0.4259881259775043,-1.6971226983728861e-06,3.716023504861648e-06,-2.139244803347367e-06,0.4255010837137041,3.07542888606219e-06,-8.122881565836275e-06,-2.6965228681185066e-06,0.000487042263800197,1.0,1.0,1.0,1.0,0.10627095945131473,0.10650358357508014,0.10629951129414444,0.10642702939316478,0.10627095945131473,0.10650358357508014,0.10629951129414444,0.10642702939316478,0.0006312494991408095,-0.000632631286435976,0.000631419097087218,-0.0006321765545953988,-8.645836635379376e-06,-3.4150865574513745e-06,0.9999592047199357,-0.00028396082845794486,-0.0001124460199624953,-0.0007973994410673549,-8.645836715004407e-06,-3.415086666791467e-06,-4.079527934663929e-05,-0.00028396083507686853,-0.00011244601773796603,-0.0007973994361236691,0.9999999403953552,0.00011724182695616037,-0.00029595266096293926,0.00024953525280579925,0.0003592967987060547,-0.0010702589061111212,0.0070095909759402275,0.0004990011802874506,0.9999998807907104,0.9999999104743172,0.00011547228228894391,-0.00029319524097590687,0.000282407613398421,-9.776410481146836e-07,False,False
0.12,0.13,12,HOVER,-1.559528027428314e-05,-6.165851118566934e-06,0.9999426743779622,0.0,0.0,1.0,0.012669052375248829,-0.03253220483729694,0.03573757063529327,5.9728196263280294e-05,-0.0003987747768405825,-0.00015770617756061256,-0.0008349718991667032,-0.0010536285117268562,0.0020524575375020504,0.005754164885729551,0.0004930105060338974,-0.0012746177380904555,-0.0038934219628572464,0.0011491645127534866,0.0004930105060338974,-0.0012746177380904555,-0.0038934219628572464,0.0011491645127534866,0.10629628287442724,0.10652164192404037,0.10630463530706039,0.10649292504234747,0.10641068238393893,0.1066032165819624,0.10632777962279683,0.10679070366767866,0.5454105084200023,0.5459381682150176,0.5451832175856794,0.5464517243201288,1580.7808665793677,1582.5724531622823,1580.8472878755317,1582.3442188358206,0.0006313999202740979,-0.0006327385530287998,0.0006314495337239387,-0.000632567974751544,3.6975787952542304e-06,-9.559633035678416e-06,-3.893421962857246e-06,0.4261323822563768,-7.199850965079919e-07,1.3105856079974505e-06,-2.4570737823072838e-06,0.4256154851478755,4.417563891762222e-06,-1.0870218643675867e-05,-1.4363481805499624e-06,0.0005168971085012797,1.0,1.0,1.0,1.0,0.10629628287442724,0.10652164192404037,0.10630463530706039,0.10649292504234747,0.10629628287442724,0.10652164192404037,0.10630463530706039,0.10649292504234747,0.0006313999202740979,-0.0006327385530287998,0.0006314495337239387,-0.000632567974751544,-1.1833528005054704e-05,-4.677367597268854e-06,0.9999510211863786,-0.0003419260230249579,-0.00013538066308480575,-0.0008290780053437632,-1.183352833322715e-05,-4.677367542171851e-06,-4.897881444776431e-05,-0.0003419260319788009,-0.0001353806583210826,-0.0008290780242532492,0.9999998807907104,0.0001154722849605605,-0.0002931952476501465,0.00028240762185305357,-0.0005148566560819745,0.000919025216717273,0.006456162314862013,0.0005647475481964648,0.9999998211860657,0.9999999049486923,0.00011064686978921167,-0.0002838625553862905,0.00031190050754913455,-1.0113416710912663e-06,False,False
0.13,0.14,13,HOVER,-1.9913706637453288e-05,-7.871461093600374e-06,0.9999344233146985,0.0,0.0,1.0,0.012001093497419422,-0.03127967946333399,0.038684711453488035,6.898418128036148e-05,-0.000453599204774946,-0.0001789781090337783,-0.0008152443915605545,-0.001166883041150868,0.0021668311674147844,0.00498992670327425,0.0006978344172239304,-0.0016587473219260573,-0.002666560932993889,0.0013196580111980438,0.0006978344172239304,-0.0016587473219260573,-0.002666560932993889,0.0013196580111980438,0.10633195878001156,0.10652527021796347,0.10632032847184494,0.10654704976382148,0.10649313884694567,0.10654165842873968,0.1063912176648611,0.10679161406505264,0.5456365235057876,0.5457694925347532,0.5453571475864364,0.5464542173870638,1581.0645623020125,1582.6012886019064,1580.972080898566,1582.774372859073,0.0006316118351532686,-0.000632760105094703,0.000631542751122759,-0.0006328894755970997,5.233758129179478e-06,-1.244060491444543e-05,-2.6665609329938887e-06,0.42621762900559906,3.5882629857925466e-07,-1.1812053890406828e-06,-2.4949944157751135e-06,0.42572460723364147,4.874931830600223e-06,-1.1259399525404747e-05,-1.7156651721877523e-07,0.0004930217719575913,1.0,1.0,1.0,1.0,0.10633195878001156,0.10652527021796347,0.10632032847184494,0.10654704976382148,0.10633195878001156,0.10652527021796347,0.10632032847184494,0.10654704976382148,0.0006316118351532686,-0.000632760105094703,0.000631542751122759,-0.0006328894755970997,-1.5595280049181872e-05,-6.16585101363726e-06,0.999942674379667,-0.00039877477150766614,-0.0001577061762952307,-0.0008349718727092364,-1.559528027428314e-05,-6.165851118566934e-06,-5.73256220377516e-05,-0.0003987747768405825,-0.00015770617756061256,-0.0008349718991667032,0.9999998807907104,0.00011064686987083405,-0.00028386255144141614,0.0003119005123153329,-0.0010536285117268562,0.0020524575375020504,0.005754164885729551,0.0006237382185645401,0.9999998211860657,0.9999999002680631,0.00010482143801224172,-0.00027293133923289147,0.0003376163714541862,-1.0345915533135896e-06,False,False
0.14,0.15,14,HOVER,-2.4768260118435137e-05,-9.783164387044962e-06,0.9999265089427354,0.0,0.0,1.0,0.01146720494341681,-0.030407714992972238,0.04120151262231846,7.816720867851082e-05,-0.000506478943862021,-0.00019917076861020178,-0.0007727975607849658,-0.0008491103653796017,0.001317232265137136,0.004246371798217297,0.0007596593350172043,-0.0016681983834132552,-0.001313537359237671,0.001348644495010376,0.0007596593350172043,-0.0016681983834132552,-0.001313537359237671,0.001348644495010376,0.10637164160615711,0.10651788969158568,0.10634465750843125,0.10658239344107492,0.10655093002421977,0.10648455628673842,0.1064545639817519,0.10674207195479517,0.5457948995102674,0.545613000931104,0.5455307953712397,0.5463185402270433,1581.3800879419398,1582.5426324291896,1581.1655360935183,1583.0552303062668,0.0006318475511405732,-0.000632716264768019,0.0006316872656000817,-0.000633099417039985,5.697445012629032e-06,-1.2511487875599414e-05,-1.313537359237671e-06,0.42623212224750523,1.3265072880941885e-06,-3.2345528382898663e-06,-2.280865067349146e-06,0.42581658224724894,4.370937724534844e-06,-9.276935037309548e-06,9.673277081114752e-07,0.000415540000256287,1.0,1.0,1.0,1.0,0.10637164160615711,0.10651788969158568,0.10634465750843125,0.10658239344107492,0.10637164160615711,0.10651788969158568,0.10634465750843125,0.10658239344107492,0.0006318475511405732,-0.000632716264768019,0.0006316872656000817,-0.000633099417039985,-1.991370695705751e-05,-7.871460958302839e-06,0.9999344233157141,-0.00045359919124644165,-0.0001789781080671887,-0.0008152443957798922,-1.9913706637453288e-05,-7.871461093600374e-06,-6.557668530149385e-05,-0.000453599204774946,-0.0001789781090337783,-0.0008152443915605545,0.9999998807907104,0.00010482143989065662,-0.0002729313273448497,0.0003376163658685982,-0.001166883041150868,0.0021668311674147844,0.00498992670327425,0.0006751755718141794,0.9999997615814209,0.999999895137689,0.00010016563847326837,-0.0002653213721918596,0.0003595775652279504,-1.0641314751288253e-06,False,False
0.15,0.16,15,HOVER,-3.0144708944135346e-05,-1.1892160728166346e-05,0.999919128131296,0.0,0.0,1.0,0.011279881210739109,-0.030355624235202914,0.043332870431226606,8.712282199162831e-05,-0.0005583878373727202,-0.00021866628958377987,-0.0007129794685170054,-0.00017945822037290782,-0.00024068314814940095,0.0035949661396443844,0.0006680022925138474,-0.0013114832108840346,1.5290454030036926e-05,0.0012349486351013184,0.0006680022925138474,-0.0013114832108840346,1.5290454030036926e-05,0.0012349486351013184,0.10640914579324769,0.10650344235584178,0.10637468425127185,0.1065943129371979,0.10657858817335596,0.10643819596330203,0.10651033606067445,0.10664815412021829,0.5458706873070186,0.5454859295600218,0.5456836549215666,0.5460612834570263,1581.6782586775778,1582.4278098346788,1581.4042791441284,1583.149941986713,0.0006320703260118913,-0.0006326304475937002,0.0006318656244525548,-0.0006331702188469555,5.010017193853855e-06,-9.836124081630259e-06,1.5290454030036926e-08,0.4261752743175507,1.9943415872900917e-06,-4.431117220401407e-06,-1.8647159762096022e-06,0.4258815853375592,3.0156756065637635e-06,-5.4050068612288515e-06,1.880006430239639e-06,0.000293688979991491,1.0,1.0,1.0,1.0,0.10640914579324769,0.10650344235584178,0.10637468425127185,0.1065943129371979,0.10640914579324769,0.10650344235584178,0.10637468425127185,0.1065943129371979,0.0006320703260118913,-0.0006326304475937002,0.0006318656244525548,-0.0006331702188469555,-2.4768260143743167e-05,-9.783164343562523e-06,0.999926508939836,-0.0005064789338863367,-0.00019917077230924822,-0.0007727975890274352,-2.4768260118435137e-05,-9.783164387044962e-06,-7.349105726461858e-05,-0.000506478943862021,-0.00019917076861020178,-0.0007727975607849658,0.9999998807907104,0.00010016564192483202,-0.0002653213741723448,0.0003595775633584708,-0.0008491103653796017,0.001317232265137136,0.004246371798217297,0.0007191019831225276,0.9999997615814209,0.9999998885596689,9.853569706023013e-05,-0.000264865539119274,0.0003781766946706744,-1.11826635560766e-06,False,False
0.16,0.17,16,HOVER,-3.60425328835845e-05,-1.4195470612321515e-05,0.9999124132518773,0.0,0.0,1.0,0.011574361451510825,-0.031349446123789516,0.04515685351400216,9.577063229027686e-05,-0.0006109151290729642,-0.00023816338216420263,-0.000642863567918539,0.0006946565117686987,-0.00210964260622859,0.0030898924451321363,0.00044230930507183075,-0.0006727933650836349,0.001191725954413414,0.0010008737444877625,0.00044230930507183075,-0.0006727933650836349,0.001191725954413414,0.0010008737444877625,0.10643955579305572,0.10648564375091873,0.10640690890392049,0.10658148298507703,0.1065769394146807,0.106405264585179,0.10655249265396764,0.1065235402184166,0.545866169605439,0.5453956562872821,0.5457991815237533,0.5457198412655646,1581.9200053594589,1582.2863461177212,1581.6604755402634,1583.0479957423195,0.000632250961410751,-0.0006325247238804573,0.0006320570388892877,-0.0006330940089313576,3.3173197880387304e-06,-5.045950238127261e-06,1.191725954413414e-06,0.4260582368722439,2.2341653582902583e-06,-4.542626889042587e-06,-1.3107325117760887e-06,0.42591359143297197,1.083154429748472e-06,-5.033233490846743e-07,2.5024584661895025e-06,0.00014464543927195095,1.0,1.0,1.0,1.0,0.10643955579305572,0.10648564375091873,0.10640690890392049,0.10658148298507703,0.10643955579305572,0.10648564375091873,0.10640690890392049,0.10658148298507703,0.000632250961410751,-0.0006325247238804573,0.0006320570388892877,-0.0006330940089313576,-3.0144708284932073e-05,-1.1892160516317371e-05,0.9999191281320053,-0.0005583878405266219,-0.0002186662862804119,-0.0007129794780911489,-3.0144708944135346e-05,-1.1892160728166346e-05,-8.087186870398e-05,-0.0005583878373727202,-0.00021866628958377987,-0.0007129794685170054,0.9999998807907104,9.853569645201787e-05,-0.00026486554997973144,0.0003781766863539815,-0.00017945822037290782,-0.00024068314814940095,0.0035949661396443844,0.0007563012186437845,0.9999997019767761,0.9999998798215408,0.00010111315081899312,-0.000273535704049132,0.00039409548737341546,-1.211162910520104e-06,False,False
0.17,0.18,17,HOVER,-4.2478746763663366e-05,-1.6698226318112575e-05,0.9999064208604977,0.0,0.0,1.0,0.012382732328648716,-0.03336007018783827,0.04677319991050538,0.0001041169056338333,-0.0006658642087131739,-0.0002585245529189706,-0.0005702209309674799,0.001586873084306717,-0.0038373146671801805,0.002764747478067875,0.00012709759175777435,0.00010787101928144693,0.002119464799761772,0.0006881058216094971,0.00012709759175777435,0.00010787101928144693,0.002119464799761772,0.0006881058216094971,0.1064599730199009,0.10646744164479774,0.10643775830804167,0.10654627212391464,0.1065522050797928,0.10638524051097593,0.10657712750353568,0.10638727981650041,0.5457983934968298,0.5453407611573671,0.5458666849816746,0.5453463519652401,1582.0823022022857,1582.141668105511,1581.905716681454,1582.7681930566853,0.0006323722397382113,-0.0006324166033700986,0.0006322402843497675,-0.000632884856416053,9.532319381833076e-07,8.090326446108519e-07,2.1194647997617724e-06,0.4259018529108048,2.0016504513951754e-06,-3.5724527269616856e-06,-6.889356981726888e-07,0.4259114450966549,-1.0484185132118676e-06,4.381485371572537e-06,2.8084004979344612e-06,-9.592185850115786e-06,1.0,1.0,1.0,1.0,0.1064599730199009,0.10646744164479774,0.10643775830804167,0.10654627212391464,0.1064599730199009,0.10646744164479774,0.10643775830804167,0.10654627212391464,0.0006323722397382113,-0.0006324166033700986,0.0006322402843497675,-0.000632884856416053,-3.604253415282437e-05,-1.4195471006678493e-05,0.9999124132525494,-0.0006109151139568758,-0.00023816337704461466,-0.0006428635776289219,-3.60425328835845e-05,-1.4195470612321515e-05,-8.758674812270328e-05,-0.0006109151290729642,-0.00023816338216420263,-0.000642863567918539,0.9999998807907104,0.00010111315350513905,-0.00027353569748811424,0.0003940954920835793,0.0006946565117686987,-0.00210964260622859,0.0030898924451321363,0.0007881356868892908,0.9999997019767761,0.9999998684701752,0.00010817853894632448,-0.0002910773766050846,0.00040820460178928617,-1.3474320394912925e-06,False,False
0.18,0.19,18,HOVER,-4.9487396609038115e-05,-1.9414213966229e-05,0.9999011316394899,0.0,0.0,1.0,0.013628142087507466,-0.0361154542078716,0.04829111414659757,0.00011225358273579093,-0.0007248165202327073,-0.0002805919502861798,-0.0005023638950660825,0.002308069495484233,-0.005011685658246279,0.0026317245792597532,-0.00021700747311115265,0.000865326845087111,0.002738870680332184,0.0003506522625684738,-0.00021700747311115265,0.000865326845087111,0.002738870680332184,0.0003506522625684738,0.10646979687766941,0.10645075723821402,0.10646407029572812,0.10649447332660456,0.10651417121129775,0.10637540919345158,0.10658293652440602,0.10626060920212896,0.5456941653905878,0.5453138079041409,0.5458826019606059,0.544999020800931,1582.1603889026887,1582.009046959468,1582.1148703961405,1582.3565246632609,0.0006324305934533563,-0.0006323174979949914,0.000632396577556625,-0.0006325771715600311,-1.627556048333645e-06,6.4899513381533324e-06,2.738870680332184e-06,0.4257331261312843,1.3431190005121392e-06,-1.7480456095818504e-06,-6.749854504104966e-08,0.4258790977382161,-2.970675048845784e-06,8.237996947735184e-06,2.8063692253732336e-06,-0.0001459716069318051,1.0,1.0,1.0,1.0,0.10646979687766941,0.10645075723821402,0.10646407029572812,0.10649447332660456,0.10646979687766941,0.10645075723821402,0.10646407029572812,0.10649447332660456,0.0006324305934533563,-0.0006323174979949914,0.000632396577556625,-0.0006325771715600311,-4.247874677034819e-05,-1.6698227104423688e-05,0.9999064208616995,-0.0006658642006602468,-0.00025852454415425225,-0.0005702209533711046,-4.2478746763663366e-05,-1.6698226318112575e-05,-9.357913950225338e-05,-0.0006658642087131739,-0.0002585245529189706,-0.0005702209309674799,0.9999998807907104,0.0001081785376300104,-0.00029107739101164043,0.00040820459253154695,0.001586873084306717,-0.0038373146671801805,0.002764747478067875,0.0008163462625816464,0.9999996423721313,0.9999998544500427,0.00011906077073707817,-0.00031511664349261477,0.0004214569107355578,-1.5197825684732213e-06,False,False
0.19,0.2,19,HOVER,-5.711499761673622e-05,-2.2364571123034693e-05,0.9998964615660952,0.0,0.0,1.0,0.015139833200074728,-0.03916284991887851,0.04981759473888252,0.00012034327687796826,-0.0007887518731877208,-0.00030500785214826465,-0.00044506811536848545,0.0027023986913263798,-0.00534516666084528,0.002683010883629322,-0.0005249325186014175,0.0014445275301113725,0.003027578815817833,4.497729241847992e-05,-0.0005249325186014175,0.0014445275301113725,0.003027578815817833,4.497729241847992e-05,0.10647050913153502,0.10643649713063359,0.10648349899984119,0.10643440117140125,0.10647372615454175,0.10637209620405215,0.10657126487023107,0.10616320141738435,0.5455833175406366,0.5453047249424173,0.5458506208413405,0.54473184468974,1582.1660502974923,1581.8956912099632,1582.2692991136007,1581.8790297333276,0.0006324348242413181,-0.0006322327929559635,0.0006325119840590567,-0.0006322203429581234,-3.936993889510631e-06,1.0833956475835293e-05,3.027578815817833e-06,0.4255802886462093,3.851541553051563e-07,5.333594326238991e-07,4.936723862877714e-07,0.4258249064334111,-4.3221480448157875e-06,1.0300597043211394e-05,2.5339064295300617e-06,-0.00024461778720180627,1.0,1.0,1.0,1.0,0.10647050913153502,0.10643649713063359,0.10648349899984119,0.10643440117140125,0.10647050913153502,0.10643649713063359,0.10648349899984119,0.10643440117140125,0.0006324348242413181,-0.0006322327929559635,0.0006325119840590567,-0.0006322203429581234,-4.9487396697968964e-05,-1.9414213866446732e-05,0.9999011316391841,-0.0007248164963135776,-0.0002805919418440146,-0.0005023638982719112,-4.9487396609038115e-05,-1.9414213966229e-05,-9.886836051009595e-05,-0.0007248165202327073,-0.0002805919502861798,-0.0005023638950660825,0.9999998807907104,0.00011906077270396054,-0.00031511663109995425,0.0004214569053146988,0.002308069495484233,-0.005011685658246279,0.0026317245792597532,0.0008428388391621411,0.9999996423721313,0.9999998383528014,0.00013226852310336073,-0.00034170287533460654,0.0004347856413957368,-1.711114974276495e-06,False,False
0.2,0.21,20,HOVER,-6.54129107715562e-05,-2.5574909159331582e-05,0.999892282365181,0.0,0.0,1.0,0.016685776442279806,-0.04196647955350476,0.051447407491262115,0.0001285924326121536,-0.0008578033884987235,-0.00033207409433089197,-0.00040177235496230423,0.0026763088535517454,-0.004730314016342163,0.0028939309995621443,-0.0007397998124361038,0.0017319299513474107,0.002996699884533882,-0.0001803673803806305,-0.0007397998124361038,0.0017319299513474107,0.002996699884533882,-0.0001803673803806305,0.10646505319794927,0.10642478042398687,0.10649476317164067,0.10637552020462578,0.10644041165919643,0.10637186486783692,0.10654564396073654,0.10610969582203986,0.5454920030475333,0.5453040907030252,0.5457804141781025,0.544585055206611,1582.12268317827,1581.802549964324,1582.3588283577194,1581.4109255344702,0.0006324024159958186,-0.000632163195718482,0.0006325788932395455,-0.0006318705900154771,-5.548498593270778e-06,1.298947463510558e-05,2.9966998845338824e-06,0.4254676163098097,-6.911989356523859e-07,2.79199117537033e-06,9.47523501405043e-07,0.4257601169982026,-4.8572996576183925e-06,1.019748345973525e-05,2.0491763831288394e-06,-0.0002925006883928716,1.0,1.0,1.0,1.0,0.10646505319794927,0.10642478042398687,0.10649476317164067,0.10637552020462578,0.10646505319794927,0.10642478042398687,0.10649476317164067,0.10637552020462578,0.0006324024159958186,-0.000632163195718482,0.0006325788932395455,-0.0006318705900154771,-5.711499893953879e-05,-2.236457140820906e-05,0.9998964615654122,-0.0007887518892254596,-0.0003050078585556181,-0.0004450681225036687,-5.711499761673622e-05,-2.2364571123034693e-05,-0.00010353843390475959,-0.0007887518731877208,-0.00030500785214826465,-0.00044506811536848545,0.9999998211860657,0.00013226852752268314,-0.00034170286380685866,0.00043478564475663006,0.0027023986913263798,-0.00534516666084528,0.002683010883629322,0.0008694809512235224,0.9999996423721313,0.9999998215297985,0.00014577526600832244,-0.00036616119828550926,0.0004490166142792146,-1.9001177516241523e-06,False,False
0.21,0.22,21,HOVER,-7.442833884852007e-05,-2.9071388780721463e-05,0.9998884475280647,0.0,0.0,1.0,0.018016329689107744,-0.04401946095105778,0.05325536520969901,0.00013721762738169672,-0.000931192422285676,-0.0003616762114688754,-0.0003731949254870415,0.002215142361819744,-0.0032566434238106012,0.0032272792886942625,-0.0008233282715082169,0.0016775742406025529,0.0026854723691940308,-0.00029298290610313416,-0.0008233282715082169,0.0016775742406025529,0.0026854723691940308,-0.00029298290610313416,0.10645698543678932,0.10641529103457487,0.10649773458394214,0.106326861717411,0.10642054839981968,0.10637243386172197,0.10651115573638133,0.10610717054902552,0.5454375541371026,0.5453056506756621,0.5456859013033019,0.5445781267231806,1582.0585544364203,1581.727112409828,1582.3824450980237,1581.0240320603962,0.0006323544934945286,-0.0006321068287453747,0.0006325965434286164,-0.0006315815586014213,-6.174962036311626e-06,1.2581806804519146e-05,2.6854723691940307e-06,0.4254113085469485,-1.685732410740097e-06,4.567104605916403e-06,1.2626495763489029e-06,0.42569687277271734,-4.489229625571529e-06,8.014702198602743e-06,1.4228227928451278e-06,-0.000285564225768864,1.0,1.0,1.0,1.0,0.10645698543678932,0.10641529103457487,0.10649773458394214,0.106326861717411,0.10645698543678932,0.10641529103457487,0.10649773458394214,0.106326861717411,0.0006323544934945286,-0.0006321068287453747,0.0006325965434286164,-0.0006315815586014213,-6.541291424542567e-05,-2.5574909295582538e-05,0.9998922823636673,-0.0008578033719024684,-0.000332074085951443,-0.0004017723477477141,-6.54129107715562e-05,-2.5574909159331582e-05,-0.00010771763481898233,-0.0008578033884987235,-0.00033207409433089197,-0.00040177235496230423,0.9999998211860657,0.00014577526599168777,-0.00036616119905374944,0.00044901660294272006,0.0026763088535517454,-0.004730314016342163,0.0028939309995621443,0.0008979265694506466,0.9999995827674866,0.9999998058379338,0.000157400635526465,-0.0003840691265980132,0.0004648010765477112,-2.067765021526346e-06,False,False
0.22,0.23,22,HOVER,-8.41957880766131e-05,-3.287650542915799e-05,0.9998848193499725,0.0,0.0,1.0,0.01891048104533607,-0.04494646471989297,0.05529135707180849,0.0001464116712554899,-0.0010073526063933969,-0.00039328591083176434,-0.00035742842010222375,0.001384549424983561,-0.0011863483814522624,0.003638262627646327,-0.0007625017315149307,0.0013031266862526536,0.0021532047539949417,-0.00028206221759319305,-0.0007625017315149307,0.0013031266862526536,0.0021532047539949417,-0.00028206221759319305,0.10644958180877173,0.10640764575038006,0.10649333904153932,0.10629552491558789,0.10641614407568067,0.10637311666728064,0.10647348656133476,0.1061540215869074,0.545425480651872,0.5453075226749149,0.5455826608498101,0.5447066619238687,1581.9997034637431,1581.6663334381205,1582.347509323755,1580.7748389641988,0.000632310515944104,-0.0006320614157572576,0.0006325704339067436,-0.000631395417998592,-5.71876298636198e-06,9.773450146894902e-06,2.1532047539949416e-06,0.42541676889120345,-2.4169951495793714e-06,5.5110690785754694e-06,1.424116094998068e-06,0.42564609151627897,-3.3017678367826086e-06,4.262381068319433e-06,7.290886589968736e-07,-0.00022932262507552315,1.0,1.0,1.0,1.0,0.10644958180877173,0.10640764575038006,0.10649333904153932,0.10629552491558789,0.10644958180877173,0.10640764575038006,0.10649333904153932,0.10629552491558789,0.000632310515944104,-0.0006320614157572576,0.0006325704339067436,-0.000631395417998592,-7.442833864835038e-05,-2.907138807224142e-05,0.9998884475298809,-0.0009311924018444861,-0.0003616762193998089,-0.00037319493959432794,-7.442833884852007e-05,-2.9071388780721463e-05,-0.00011155247193528339,-0.000931192422285676,-0.0003616762114688754,-0.0003731949254870415,0.9999998211860657,0.00015740063099656254,-0.00038406913517974317,0.0004648010653909296,0.002215142361819744,-0.0032566434238106012,0.0032272792886942625,0.0009294813498854637,0.9999995827674866,0.9999997930221795,0.0001652142972424818,-0.0003921522074891273,0.0004825727725005218,-2.20207573643587e-06,False,False
0.23,0.24,23,HOVER,-9.473079262534156e-05,-3.700537854456343e-05,0.9998812922349316,0.0,0.0,1.0,0.0192159355490562,-0.04457629252958211,0.05757823635802771,0.0001563165205606392,-0.001084210118278861,-0.00042603909969329834,-0.00035048442077822983,0.00031682007829658687,0.0011046658037230372,0.00407949835062027,-0.000571543350815773,0.0006950736278668046,0.0014717280864715576,-0.0001596212387084961,-0.000571543350815773,0.0006950736278668046,0.0014717280864715576,-0.0001596212387084961,0.1064451053670381,0.10640167874602609,0.1064833053301287,0.10628552871010201,0.10642488751787117,0.10637472908068328,0.10643799000801331,0.10624038277407806,0.54544944872911,0.54531194329946,0.5454853650100292,0.5449435484921629,1581.9641199209664,1581.618895662361,1582.2677597745226,1580.6953436374256,0.0006322839258802064,-0.000632025971751395,0.0006325108336609645,-0.0006313360405380059,-4.286575131118298e-06,5.213052209001034e-06,1.4717280864715577e-06,0.4254779893806458,-2.7559248250278758e-06,5.457044215163593e-06,1.4327472517698973e-06,0.4256156181532949,-1.530650306090422e-06,-2.439920061625589e-07,3.898083470166039e-08,-0.0001376287726491121,1.0,1.0,1.0,1.0,0.1064451053670381,0.10640167874602609,0.1064833053301287,0.10628552871010201,0.1064451053670381,0.10640167874602609,0.1064833053301287,0.10628552871010201,0.0006322839258802064,-0.000632025971751395,0.0006325108336609645,-0.0006313360405380059,-8.419578669668863e-05,-3.2876507006227964e-05,0.9998848193527754,-0.0010073525752936454,-0.00039328591102515863,-0.00035742841407467447,-8.41957880766131e-05,-3.287650542915799e-05,-0.0001151806500274688,-0.0010073526063933969,-0.00039328591083176434,-0.00035742842010222375,0.9999998211860657,0.00016521429643034935,-0.00039215220022015274,0.00048257276648655534,0.001384549424983561,-0.0011863483814522624,0.003638262627646327,0.0009650160791352391,0.9999995231628418,0.9999997840105672,0.00016788610338937823,-0.00038891722713987805,0.0005025300646994505,-2.2998826963912794e-06,False,False
0.24,0.25,24,HOVER,-0.00010602703696349636,-4.146315768593922e-05,0.9998778084554942,0.0,0.0,1.0,0.018875706876555758,-0.042970487795405334,0.06011243378176052,0.00016700808232313983,-0.0011595587711781263,-0.0004588741867337376,-0.0003471718810033053,-0.0008149101049639285,0.003207096131518483,0.004505634307861328,-0.0002883840352296829,-1.539511140435934e-05,0.0007179547101259232,4.2982399463653564e-05,-0.0002883840352296829,-1.539511140435934e-05,0.0007179547101259232,4.2982399463653564e-05,0.10644438841829137,0.10639758280138721,0.10646982209340157,0.10629723776148532,0.10644115022560469,0.10637908341363557,0.10640892927242,0.10635012828807164,0.5454940275380725,0.5453238811255529,0.5454057025361062,0.545244495113891,1581.9584208048661,1581.5863323826525,1582.1605893317192,1580.7884602343747,0.0006322796672046507,-0.00063200164184024,0.0006324307432348053,-0.0006314055923032228,-2.162880264222622e-06,-1.1546333553269505e-07,7.179547101259232e-07,0.42557929119973187,-2.6484913022103464e-06,4.446906469251621e-06,1.3031762959932365e-06,0.4256090310745655,4.856110379877245e-07,-4.562369804784316e-06,-5.852215858673133e-07,-2.973987483362306e-05,1.0,1.0,1.0,1.0,0.10644438841829137,0.10639758280138721,0.10646982209340157,0.10629723776148532,0.10644438841829137,0.10639758280138721,0.10646982209340157,0.10629723776148532,0.0006322796672046507,-0.00063200164184024,0.0006324307432348053,-0.0006314055923032228,-9.47307915877961e-05,-3.7005377799583293e-05,0.9998812922363964,-0.0010842101148313007,-0.0004260391032336351,-0.0003504844080597301,-9.473079262534156e-05,-3.700537854456343e-05,-0.0001187077650683932,-0.001084210118278861,-0.00042603909969329834,-0.00035048442077822983,0.9999997615814209,0.00016788610082585365,-0.0003889172221533954,0.0005025300779379904,0.00031682007829658687,0.0011046658037230372,0.00407949835062027,0.0010049296543002129,0.9999995231628418,0.9999997785008596,0.00016491829869813923,-0.00037490178518661545,0.0005246416282200568,-2.3660552982916245e-06,False,False
0.25,0.26,25,HOVER,-0.00011805738904513419,-4.624408757081255e-05,0.9998743640171597,0.0,0.0,1.0,0.017936557620245954,-0.04040362928017729,0.06286691476757474,0.00017849499412494688,-0.0012314497726038098,-0.0004907033289782703,-0.0003421361616346985,-0.001829435583204031,0.0047626374289393425,0.004877245053648949,3.275834023952484e-05,-0.000680698431096971,-3.3134594559669495e-05,0.00028152763843536377,3.275834023952484e-05,-0.000680698431096971,-3.3134594559669495e-05,0.00028152763843536377,0.10644678485669762,0.10639588167732743,0.10645514912462369,0.10632743778506229,0.10645760894310283,0.10638819838650516,0.10638888385921987,0.1064638726303899,0.5455391415839151,0.545348870237833,0.5453507494667177,0.54555631007367,1581.977470351685,1581.57280812107,1582.0439578200135,1581.02861279844,0.0006322939020487839,-0.0006319915371633249,0.0006323435858002647,-0.00063158498044327,2.456875517964363e-07,-5.105238233227283e-06,-3.31345945596695e-08,0.4256985638192177,-2.1241151185080916e-06,2.715552503560186e-06,1.060970242453647e-06,0.425625253443711,2.3698026703045277e-06,-7.82079073678747e-06,-1.0941048370133165e-06,7.331037550672992e-05,1.0,1.0,1.0,1.0,0.10644678485669762,0.10639588167732743,0.10645514912462369,0.10632743778506229,0.10644678485669762,0.10639588167732743,0.10645514912462369,0.10632743778506229,0.0006322939020487839,-0.0006319915371633249,0.0006323435858002647,-0.00063158498044327,-0.00010602703568280588,-4.146315788838017e-05,0.9998778084555376,-0.0011595587657338227,-0.00045887417494660203,-0.0003471718678990538,-0.00010602703696349636,-4.146315768593922e-05,-0.00012219154450576752,-0.0011595587711781263,-0.0004588741867337376,-0.0003471718810033053,0.9999997615814209,0.00016491829592268914,-0.00037490177783183753,0.0005246416549198329,-0.0008149101049639285,0.003207096131518483,0.004505634307861328,0.0010491596767678857,0.999999463558197,0.999999775069853,0.00015671939466983505,-0.00035250225822738314,0.0005486724276343677,-2.4114923320763264e-06,False,False
0.26,0.27,26,HOVER,-0.00013077851326670498,-5.133228114573285e-05,0.9998710041982122,0.0,0.0,1.0,0.016538211273641714,-0.037301014889215195,0.06579601251349876,0.00019073001729868772,-0.001298517920076847,-0.0005205851048231125,-0.00033086142502725124,-0.0025708861649036407,0.005535039585083723,0.005163786467164755,0.0003325175493955612,-0.001167720532976091,-0.0007138978689908981,0.0005079768598079681,0.0003325175493955612,-0.001167720532976091,-0.0007138978689908981,0.0005079768598079681,0.10645048443884209,0.10639725001896805,0.10644127320540281,0.10637004608211975,0.10646719465264906,0.10640343041196308,0.10637860714908823,0.10656255621620368,0.5455654154680385,0.5453906281086989,0.5453225754071764,0.5458267578653919,1582.0068784783446,1581.583686703834,1581.9336574519903,1581.367402303928,0.000632315877566722,-0.0006319996651126702,0.0006322611628400927,-0.0006318380737277914,2.493881620466709e-06,-8.757903997320681e-06,-7.138978689908982e-07,0.425811788429904,-1.287458345516912e-06,6.361320290257724e-07,7.393015663531956e-07,0.4256590537453327,3.781339965983621e-06,-9.394036026346454e-06,-1.4531994353440937e-06,0.00015273468457133177,1.0,1.0,1.0,1.0,0.10645048443884209,0.10639725001896805,0.10644127320540281,0.10637004608211975,0.10645048443884209,0.10639725001896805,0.10644127320540281,0.10637004608211975,0.000632315877566722,-0.0006319996651126702,0.0006322611628400927,-0.0006318380737277914,-0.00011805738680806823,-4.624408896367427e-05,0.999874364018194,-0.0012314498300169748,-0.0004907033214174846,-0.0003421361616817478,-0.00011805738904513419,-4.624408757081255e-05,-0.00012563598284032196,-0.0012314497726038098,-0.0004907033289782703,-0.0003421361616346985,0.9999997615814209,0.00015671939763706177,-0.0003525022475514561,0.0005486724548973143,-0.001829435583204031,0.0047626374289393425,0.004877245053648949,0.0010972344316542149,0.9999994039535522,0.9999997717386988,0.00014450999284549272,-0.00032542982882168047,0.0005742254252321031,-2.4509137971699848e-06,False,False
0.27,0.28,27,HOVER,-0.00014413800090551376,-5.670407335855998e-05,0.9998678102419944,0.0,0.0,1.0,0.01488585133837497,-0.03414796923200075,0.06884147041038274,0.00020363017301484876,-0.001360178692266345,-0.0005478666280396283,-0.00031044764909893274,-0.002936577657237649,0.005453625228255987,0.005345478188246489,0.0005565639585256577,-0.0013850316172465682,-0.0012689866125583649,0.0006800256669521332,0.0005565639585256577,-0.0013850316172465682,-0.0012689866125583649,0.0006800256669521332,0.10645311221862697,0.10640226051877702,0.10642964119746318,0.10641730436941815,0.1064649812347182,0.10642489209350328,0.1063771081270907,0.10663083137816395,0.5455593486778614,0.5454494612719702,0.545318465703905,0.5460138262136908,1582.02776662082,1581.6235207993736,1581.8411907564443,1581.7431179328864,0.0006323314865786442,-0.0006320294274815355,0.0006321920687129312,-0.0006321187879543438,4.1742296889424325e-06,-1.0387737129349261e-05,-1.268986612558365e-06,0.4258978128334761,-2.979426138288027e-07,-1.3616932926629327e-06,3.7533985569615253e-07,0.4257023183042853,4.472172302771235e-06,-9.026043836686329e-06,-1.6443264682545175e-06,0.00019549452919082055,1.0,1.0,1.0,1.0,0.10645311221862697,0.10640226051877702,0.10642964119746318,0.10641730436941815,0.10645311221862697,0.10640226051877702,0.10642964119746318,0.10641730436941815,0.0006323314865786442,-0.0006320294274815355,0.0006321920687129312,-0.0006321187879543438,-0.00013077850850683363,-5.133228251890017e-05,0.9998710041967688,-0.001298517903175309,-0.0005205850864902172,-0.000330861416987279,-0.00013077851326670498,-5.133228114573285e-05,-0.00012899580178782344,-0.001298517920076847,-0.0005205851048231125,-0.00033086142502725124,0.9999997615814209,0.0001445099915144965,-0.00032542983535677195,0.0005742254434153438,-0.0025708861649036407,0.005535039585083723,0.005163786467164755,0.0011483568232506514,0.9999993443489075,0.9999997666847418,0.00013008254657450132,-0.0002979191455362205,0.0006007937882091853,-2.50061939646605e-06,False,False
0.28,0.29,28,HOVER,-0.00015808256284799427,-6.233147723833099e-05,0.9998648804030381,0.0,0.0,1.0,0.013211356944286351,-0.03139042201719399,0.07193904508067597,0.00021710047262602875,-0.0014166635228320956,-0.0005722705973312259,-0.0002800353686325252,-0.0028943622019141912,0.00462134275585413,0.005414092913269997,0.0006666835397481918,-0.0012995362048968673,-0.001658393070101738,0.0007682517170906067,0.0006666835397481918,-0.0012995362048968673,-0.001658393070101738,0.0007682517170906067,0.10645241142147685,0.10641109564927083,0.1064210268472045,0.10646120477376587,0.10644924617919165,0.10645100360415857,0.10638212137380984,0.10665955470138531,0.5455162191505382,0.5455210363172305,0.5453322099020589,0.5460925151494714,1582.0221960203191,1581.6937598266152,1581.7727104904666,1582.0920931367039,0.0006323273238435725,-0.0006320819081566687,0.0006321408994723948,-0.0006323795563561693,5.000126548111439e-06,-9.746521536726504e-06,-1.6583930701017381e-06,0.42594192585854534,6.620064731239182e-07,-2.8812097199212676e-06,6.7588031292574804e-09,0.42574573869171806,4.338120074987521e-06,-6.865311816805237e-06,-1.6651518732309956e-06,0.00019618716682728854,1.0,1.0,1.0,1.0,0.10645241142147685,0.10641109564927083,0.1064210268472045,0.10646120477376587,0.10645241142147685,0.10641109564927083,0.1064210268472045,0.10646120477376587,0.0006323273238435725,-0.0006320819081566687,0.0006321408994723948,-0.0006323795563561693,-0.0001441380012629313,-5.6704072538619735e-05,0.9998678102476981,-0.0013601787030838274,-0.0005478666382270675,-0.0003104476409172937,-0.00014413800090551376,-5.670407335855998e-05,-0.000132189758005552,-0.001360178692266345,-0.0005478666280396283,-0.00031044764909893274,0.9999997615814209,0.0001300825533689931,-0.00029791914857923985,0.0006007938063703477,-0.002936577657237649,0.005453625228255987,0.005345478188246489,0.001201509963721037,0.9999992847442627,0.9999997587565371,0.00011546278146390516,-0.00027386065667437943,0.0006278180903748615,-2.5758595317729303e-06,False,False
0.29,0.3,29,HOVER,-0.00017256545834243298,-6.818609836045653e-05,0.9998623090505134,0.0,0.0,1.0,0.01173084955229482,-0.029347292078972964,0.0750250521681112,0.000231056224744257,-0.0014688895316794515,-0.0005939119728282094,-0.0002408154687145725,-0.0024863628204911947,0.003287120256572962,0.0053726984187960625,0.0006465446203947067,-0.0009414762025699019,-0.0018594060093164444,0.0007614977657794952,0.0006465446203947067,-0.0009414762025699019,-0.0018594060093164444,0.0007614977657794952,0.10644690231826476,0.10642334507372515,0.1064155362447966,0.10649489714448626,0.1064220206511781,0.10647867671979551,0.10639073813291693,0.10664711337899928,0.5454415899570719,0.5455968862361058,0.5453558329547515,0.5460584323153799,1581.9784040630514,1581.7911395255387,1581.7290617763495,1582.3598931760919,0.0006322945997704926,-0.0006321546697379274,0.0006321082852940918,-0.0006325796890382484,4.8490846529603e-06,-7.061071519274264e-06,-1.8594060093164443e-06,0.4259385488828898,1.4207759342923197e-06,-3.6386709892258055e-06,-3.3147371159144515e-07,0.4257806807812728,3.4283087186679807e-06,-3.4224005300484584e-06,-1.5279322977249992e-06,0.00015786810161699805,1.0,1.0,1.0,1.0,0.10644690231826476,0.10642334507372515,0.1064155362447966,0.10649489714448626,0.10644690231826476,0.10642334507372515,0.1064155362447966,0.10649489714448626,0.0006322945997704926,-0.0006321546697379274,0.0006321082852940918,-0.0006325796890382484,-0.0001580825569748912,-6.233147467740732e-05,0.9998648803997577,-0.0014166635625874364,-0.0005722705941754599,-0.0002800353757474761,-0.00015808256284799427,-6.233147723833099e-05,-0.0001351195969618857,-0.0014166635228320956,-0.0005722705973312259,-0.0002800353686325252,0.9999997615814209,0.00011546278255991638,-0.0002738606708589941,0.0006278181099332869,-0.0028943622019141912,0.00462134275585413,0.005414092913269997,0.0012555727735161781,0.9999992251396179,0.9999997476212346,0.00010253862084224559,-0.00025603634988740693,0.000654743221512391,-2.6877599339104327e-06,False,False
0.3,0.31,30,HOVER,-0.00018755195196717978,-7.424281648127362e-05,0.9998601682891604,0.0,0.0,1.0,0.010606417481270648,-0.028152222951999803,0.07804229492691717,0.00024543968269640756,-0.0015181975904852152,-0.0006132441922090948,-0.00019564357353374362,-0.0018189512193202972,0.0017893729964271188,0.0052344524301588535,0.0005046706646680832,-0.00039574725087732077,-0.0018679182976484299,0.0006678253412246704,0.0005046706646680832,-0.00039574725087732077,-0.0018679182976484299,0.0006678253412246704,0.10643632150121331,0.10643792627541315,0.1064127360250269,0.10651381930038968,0.10638853548594737,0.10650379192862519,0.10640008866942208,0.10659929658661776,0.5453497943990782,0.5456657200609865,0.5453814670330226,0.5459274278854926,1581.894295077061,1581.907051901009,1581.7068005749547,1582.510282788402,0.0006322317497172071,-0.0006322412820759541,0.0006320916519886598,-0.0006326920866443147,3.785029985010624e-06,-2.9681043815799056e-06,-1.86791829764843e-06,0.4258917126706124,1.8493333874751265e-06,-3.517062408615792e-06,-6.099670144019782e-07,0.42580080310204305,1.9356965975354974e-06,5.489580270358863e-07,-1.2579512832464517e-06,9.090956856933063e-05,1.0,1.0,1.0,1.0,0.10643632150121331,0.10643792627541315,0.1064127360250269,0.10651381930038968,0.10643632150121331,0.10643792627541315,0.1064127360250269,0.10651381930038968,0.0006322317497172071,-0.0006322412820759541,0.0006320916519886598,-0.0006326920866443147,-0.00017256545884851153,-6.818610088980079e-05,0.9998623090524456,-0.00146888953745342,-0.0005939119843152538,-0.00024081546572195483,-0.00017256545834243298,-6.818609836045653e-05,-0.00013769094948656857,-0.0014688895316794515,-0.0005939119728282094,-0.0002408154687145725,0.9999997615814209,0.0001025386227411218,-0.0002560363500379026,0.0006547432276420295,-0.0024863628204911947,0.003287120256572962,0.0053726984187960625,0.0013094337191432714,0.9999991655349731,0.9999997336101663,9.272573996638616e-05,-0.00024561139135540735,0.0006810701713148942,-2.8405419589700256e-06,False,False
0.31,0.32,31,HOVER,-0.00020302151096984744,-8.048246672842652e-05,0.9998584951244993,0.0,0.0,1.0,0.00991902070840055,-0.02773541535232875,0.08094492064872505,0.00026022834426256674,-0.0015660175122320652,-0.0006309457239694893,-0.00014836186892352998,-0.0010411014081910253,0.0004833563871216029,0.005020599812269211,0.0002716612070798874,0.00021761807147413492,-0.0016973502933979034,0.0005114972591400146,0.0002716612070798874,0.00021761807147413492,-0.0016973502933979034,0.0005114972591400146,0.10642176064699946,0.10645315724765463,0.10641185904527024,0.10651633369282976,0.10635600165445494,0.106521958361742,0.10640789805650872,0.10652769055686442,0.5452605985895632,0.5457155062156317,0.5454028756063075,0.5457312151030647,1581.7785439376848,1582.0281245538724,1581.6998287210472,1582.530266093352,0.0006321452582431768,-0.0006323317540510685,0.0006320864427289052,-0.0006327070221354088,2.0374590530991554e-06,1.632135536056012e-06,-1.6973502933979035e-06,0.42581354862957005,1.883532090030289e-06,-2.5836743483024713e-06,-8.070752143952802e-07,0.4258031106327541,1.5392696306886632e-07,4.215809884358483e-06,-8.902750790026234e-07,1.0437996815937378e-05,1.0,1.0,1.0,1.0,0.10642176064699946,0.10645315724765463,0.10641185904527024,0.10651633369282976,0.10642176064699946,0.10645315724765463,0.10641185904527024,0.10651633369282976,0.0006321452582431768,-0.0006323317540510685,0.0006320864427289052,-0.0006327070221354088,-0.0001875519530563335,-7.424281294536295e-05,0.9998601682935987,-0.0015181976180911726,-0.000613244170478096,-0.00019564357227007409,-0.00018755195196717978,-7.424281648127362e-05,-0.00013983171083964407,-0.0015181975904852152,-0.0006132441922090948,-0.00019564357353374362,0.9999997615814209,9.272574243368581e-05,-0.00024561138707213104,0.0006810701452195644,-0.0018189512193202972,0.0017893729964271188,0.0052344524301588535,0.0013620945392176509,0.9999990463256836,0.9999997174632165,8.673073473941204e-05,-0.0002419759565419605,0.0007063985443192247,-3.030305076652424e-06,False,False
0.32,0.33,32,HOVER,-0.00021896664111409336,-8.689328387845308e-05,0.9998572865442839,0.0,0.0,1.0,0.009657228666214861,-0.02784778001326671,0.08370183187051819,0.0002754341357682714,-0.001613530213944614,-0.0006477709976024926,-0.00010296592517988756,-0.00031552271684631705,-0.0003321159165352583,0.0047578830271959305,-5.738809704780579e-06,0.0007695496315136552,-0.0013773087412118912,0.0003282316029071808,-5.738809704780579e-06,0.0007695496315136552,-0.0013773087412118912,0.0003282316029071808,0.10640548882856593,0.10646700601043596,0.10641206930640992,0.10650382449995326,0.10633200383640679,0.1065295627628453,0.10641301898509344,0.10644733021710814,0.5451948001978439,0.5457363457660797,0.5454169138138744,0.5455109674008639,1581.649185967918,1582.138205410014,1581.7015002662579,1582.430847047832,0.0006320486036416816,-0.0006324140157019896,0.0006320876916800749,-0.0006326327175297223,-4.3041072785854336e-08,5.771622236352414e-06,-1.3773087412118912e-06,0.42572191580145363,1.5343704910580555e-06,-1.0690649027093185e-06,-9.104379099553845e-07,0.42578838864536506,-1.5774115638439098e-06,6.840687139061732e-06,-4.6687083125650666e-07,-6.647284391142483e-05,1.0,1.0,1.0,1.0,0.10640548882856593,0.10646700601043596,0.10641206930640992,0.10650382449995326,0.10640548882856593,0.10646700601043596,0.10641206930640992,0.10650382449995326,0.0006320486036416816,-0.0006324140157019896,0.0006320876916800749,-0.0006326327175297223,-0.00020302150757836815,-8.048246648126652e-05,0.9998584951308074,-0.0015660174731033818,-0.0006309457292637863,-0.0001483618681153735,-0.00020302151096984744,-8.048246672842652e-05,-0.00014150487550068647,-0.0015660175122320652,-0.0006309457239694893,-0.00014836186892352998,0.9999997019767761,8.67307317093946e-05,-0.0002419759548502043,0.0007063985685817897,-0.0010411014081910253,0.0004833563871216029,0.005020599812269211,0.0014127548784017563,0.9999989867210388,0.9999997001365154,8.44527010133581e-05,-0.00024295610191790295,0.0007304566744145189,-3.246295102947564e-06,False,False
0.33,0.34,33,HOVER,-0.00023538876848760992,-9.347066952614114e-05,0.9998565029236488,0.0,0.0,1.0,0.009723415296979855,-0.02812077038962737,0.08629851418127953,0.000291094571081495,-0.001661398564465344,-0.0006643932429142296,-6.279079389059916e-05,0.00021193291468080133,-0.00047352368710562587,0.004475593101233244,-0.0002741236239671707,0.0011486500734463334,-0.0009498968720436096,0.00015681609511375427,-0.0002741236239671707,0.0011486500734463334,-0.0009498968720436096,0.00015681609511375427,0.10639047924719455,0.1064774245963494,0.10641268255501121,0.1064802109675199,0.10632269397382248,0.10652448552979885,0.10641545240079406,0.10637357614314157,0.5451692727733922,0.5457224318653859,0.5454235845639283,0.5453087823850713,1581.529857342596,1582.2210177215911,1581.7063754970588,1582.2431648337238,0.0006319594467283356,-0.0006324759021023154,0.0006320913343767666,-0.0006324924531470682,-2.0559271797537802e-06,8.6148755508475e-06,-9.498968720436097e-07,0.4256362080475569,8.835101005908071e-07,6.864857951247895e-07,-9.175741442813985e-07,0.4257607973660751,-2.9394372803445873e-06,7.928389755722711e-06,-3.2322727762211233e-08,-0.00012458931851816457,1.0,1.0,1.0,1.0,0.10639047924719455,0.1064774245963494,0.10641268255501121,0.1064802109675199,0.10639047924719455,0.1064774245963494,0.10641268255501121,0.1064802109675199,0.0006319594467283356,-0.0006324759021023154,0.0006320913343767666,-0.0006324924531470682,-0.00021896664808805492,-8.689328450081553e-05,0.9998572865466957,-0.0016135302278080254,-0.0006477710032948216,-0.00010296592408230914,-0.00021896664111409336,-8.689328387845308e-05,-0.00014271345571614802,-0.001613530213944614,-0.0006477709976024926,-0.00010296592517988756,0.9999997019767761,8.445270213996992e-05,-0.00024295609910041094,0.0007304566679522395,-0.00031552271684631705,-0.0003321159165352583,0.0047578830271959305,0.0014608720084652305,0.999998927116394,0.999999682696515,8.503758658569818e-05,-0.00024533604190908517,0.0007531173246906305,-3.4744679177776156e-06,False,False
0.34,0.35000000000000003,34,HOVER,-0.00025229196762666106,-0.0001002155477181077,0.9998560786189046,0.0,0.0,1.0,0.00995572219046331,-0.028148257103568053,0.08873707614746855,0.0003072584528858187,-0.001709616743028164,-0.0006812696228735149,-2.9877686756663024e-05,0.0004387171647977084,9.447097545489669e-05,0.004202543757855892,-0.00048363395035266876,0.0012835912639275193,-0.00046594999730587006,3.154762089252472e-05,-0.00048363395035266876,0.0012835912639275193,-0.00046594999730587006,3.154762089252472e-05,0.10637976169746242,0.10648273591861958,0.10641332148256043,0.10645103412723811,0.10633135821255377,0.10650672631150095,0.10641620731242478,0.10631928197396684,0.5451930299338373,0.5456737620766484,0.5454256540025375,0.5451599169836677,1581.4446480108131,1582.2632339335514,1581.7114548626203,1582.0112479475329,0.0006318957844829268,-0.0006325074513566002,0.0006320951296064089,-0.0006323191427157944,-3.6272546276450154e-06,9.626934479456395e-06,-4.6594999730587006e-07,0.4255735738104463,6.568936784800972e-08,2.307323036431809e-06,-8.356799830589292e-07,0.42572685322588055,-3.692943995493025e-06,7.319611443024586e-06,3.697299857530591e-07,-0.00015327941543424872,1.0,1.0,1.0,1.0,0.10637976169746242,0.10648273591861958,0.10641332148256043,0.10645103412723811,0.10637976169746242,0.10648273591861958,0.10641332148256043,0.10645103412723811,0.0006318957844829268,-0.0006325074513566002,0.0006320951296064089,-0.0006323191427157944,-0.0002353887747385452,-9.347066756278124e-05,0.999856502921659,-0.0016613985429113707,-0.0006643932190633878,-6.279079717245171e-05,-0.00023538876848760992,-9.347066952614114e-05,-0.00014349707635119557,-0.001661398564465344,-0.0006643932429142296,-6.279079389059916e-05,0.9999997019767761,8.503758726874366e-05,-0.0002453360357321799,0.0007531173177994788,0.00021193291468080133,-0.00047352368710562587,0.004475593101233244,0.001506192609667778,0.9999988675117493,0.9999996662100267,8.707026009027547e-05,-0.00024557252472883953,0.0007743983085377246,-3.7019878842483657e-06,False,False
0.35000000000000003,0.36,35,HOVER,-0.0002696761512197554,-0.00010713163646869361,0.9998559372324962,0.0,0.0,1.0,0.010161153047007628,-0.02757273358400354,0.0910346836207598,0.0003239698983702186,-0.00175750651396811,-0.0006985529325902462,-4.635547156794928e-06,0.00032308066147379577,0.0012578672030940652,0.003964231815189123,-0.000597069039940834,0.001155936741270125,2.0481646060943604e-05,-2.4458393454551697e-05,-0.000597069039940834,0.001155936741270125,2.0481646060943604e-05,-2.4458393454551697e-05,0.10637574726250544,0.10648196784489103,0.1064139689664614,0.10642230291323765,0.10635761600311694,0.10647849874089664,0.10641689344280066,0.10629256261645856,0.5452650247313817,0.5455963984280902,0.5454275348873708,0.5450866487458808,1581.4127307943588,1582.2571290586525,1581.7166022404865,1581.7828547536174,0.0006318719387392823,-0.0006325028889986528,0.0006320989756607807,-0.0006321484793046316,-4.478017799556255e-06,8.669525559525937e-06,2.0481646060943604e-08,0.42554557080327277,-7.581253152425665e-07,3.4607820019677896e-06,-6.804539032214058e-07,0.4256939869870955,-3.7198924843136885e-06,5.208743557558147e-06,7.009355492823494e-07,-0.00014841618382271937,1.0,1.0,1.0,1.0,0.10637574726250544,0.10648196784489103,0.1064139689664614,0.10642230291323765,0.10637574726250544,0.10648196784489103,0.1064139689664614,0.10642230291323765,0.0006318719387392823,-0.0006325028889986528,0.0006320989756607807,-0.0006321484793046316,-0.00025229196723169564,-0.00010021554497615519,0.999856078623094,-0.0017096167007098874,-0.0006812696237580105,-2.987768610326189e-05,-0.00025229196762666106,-0.0001002155477181077,-0.0001439213810954243,-0.001709616743028164,-0.0006812696228735149,-2.9877686756663024e-05,0.9999996423721313,8.707025699550286e-05,-0.0002455725334584713,0.000774398329667747,0.0004387171647977084,9.447097545489669e-05,0.004202543757855892,0.0015487534692510962,0.9999988079071045,0.9999996515457594,8.886391202741653e-05,-0.0002405469754605603,0.0007944486876566724,-3.920852356355241e-06,False,False
0.36,0.37,36,HOVER,-0.0002875311183743179,-0.00011422220268286765,0.9998560081294272,0.0,0.0,1.0,0.010153281331618118,-0.026158028222666663,0.09322051973580481,0.00034125432511598056,-0.0018038535490632057,-0.0007160640670917928,1.4154114978737198e-05,-0.00011030004679923877,0.0027828263118863106,0.003780456492677331,-0.0005962271243333817,0.0008018814260140061,0.0004574321210384369,-2.983957529067993e-06,-0.0005962271243333817,0.0008018814260140061,0.0004574321210384369,-2.983957529067993e-06,0.10637967624236075,0.10647507996386137,0.10641492367021047,0.10639934642400187,0.1063974226280129,0.10644397142549038,0.10641923576989766,0.1062956781978346,0.5453741582677345,0.5455017607142102,0.5454339558666054,0.5450951923902342,1581.4439685941463,1582.2023815791654,1581.7241919426465,1581.6003534519014,0.0006318952768796228,-0.0006324619749853365,0.0006321046466010501,-0.0006320121177585711,-4.471703432500362e-06,6.014110695105046e-06,4.574321210384369e-07,0.4255563080212355,-1.4313864901060666e-06,3.9237321133589464e-06,-4.7416926323459556e-07,0.42566902630043446,-3.0403169423942957e-06,2.0903785817460993e-06,9.316013842730324e-07,-0.00011271827919895339,1.0,1.0,1.0,1.0,0.10637967624236075,0.10647507996386137,0.10641492367021047,0.10639934642400187,0.10637967624236075,0.10647507996386137,0.10641492367021047,0.10639934642400187,0.0006318952768796228,-0.0006324619749853365,0.0006321046466010501,-0.0006320121177585711,-0.0002696761572483569,-0.00010713163923272525,0.9998559372347487,-0.0017575064935954668,-0.0006985529600328902,-4.6355473808325235e-06,-0.0002696761512197554,-0.00010713163646869361,-0.0001440627675037831,-0.00175750651396811,-0.0006985529325902462,-4.635547156794928e-06,0.9999996423721313,8.886391151463613e-05,-0.0002405469713266939,0.0007944487151689827,0.00032308066147379577,0.0012578672030940652,0.003964231815189123,0.0015888542402535677,0.9999987483024597,0.9999996391110761,8.878976181335103e-05,-0.00022819970651995,0.0008135225809037147,-4.129390283495064e-06,False,False
0.37,0.38,37,HOVER,-0.0003058325091842562,-0.00012148687528679147,0.9998562409600709,0.0,0.0,1.0,0.009787404173238798,-0.02383414390341799,0.09533171172376484,0.0003591089613226516,-0.0018471505027264357,-0.0007333283429034054,2.90030766336713e-05,-0.0007773060351610184,0.004368521738797426,0.0036636153236031532,-0.0004852134734392166,0.00030239077750593424,0.0008003059774637222,8.783675730228424e-05,-0.0004852134734392166,0.00030239077750593424,0.0008003059774637222,8.783675730228424e-05,0.1063913005489682,0.10646301306663218,0.10641664445961399,0.10638586443551118,0.10644380823675793,0.10640851610672873,0.10642441677558649,0.10632497725957805,0.5455013134000924,0.5454045699028875,0.5454481583154501,0.5451755335507457,1581.5363869552364,1582.1064667890448,1581.7378718201107,1581.4931678305315,0.0006319643252608711,-0.0006323902976157951,0.0006321148680901071,-0.0006319320347469364,-3.6391010507941245e-06,2.2679308312945066e-06,8.003059774637222e-07,0.4256017183786512,-1.8315558924010024e-06,3.623623814165162e-06,-2.431390117533117e-07,0.42565682251072556,-1.8075451583931221e-06,-1.3556929828706552e-06,1.043444989217034e-06,-5.5104132074379475e-05,1.0,1.0,1.0,1.0,0.1063913005489682,0.10646301306663218,0.10641664445961399,0.10638586443551118,0.1063913005489682,0.10646301306663218,0.10641664445961399,0.10638586443551118,0.0006319643252608711,-0.0006323902976157951,0.0006321148680901071,-0.0006319320347469364,-0.00028753111917464525,-0.00011422220460867414,0.9998560081245463,-0.0018038535942403054,-0.0007160640509340072,1.415411518669328e-05,-0.0002875311183743179,-0.00011422220268286765,-0.0001439918705727905,-0.0018038535490632057,-0.0007160640670917928,1.4154114978737198e-05,0.9999996423721313,8.878976223058999e-05,-0.00022819970035925508,0.0008135226089507341,-0.00011030004679923877,0.0027828263118863106,0.003780456492677331,0.0016270042397081852,0.9999986886978149,0.9999996286568362,8.55842190200739e-05,-0.00020792100893481764,0.0008319437392010194,-4.331527827082622e-06,False,False
0.38,0.39,38,HOVER,-0.0003245406551286578,-0.00012891922960989177,0.999856615322642,0.0,0.0,1.0,0.008986613466419663,-0.020706230334686253,0.09740865565732416,0.000377499629530409,-0.0018858917756006122,-0.0007496672333218157,4.313578756409697e-05,-0.0015522590838372707,0.005711491219699383,0.0036178354639559984,-0.00028826482594013214,-0.00023513135965913534,0.0010168366134166718,0.00022620707750320435,-0.00028826482594013214,-0.00023513135965913534,0.0010168366134166718,0.00022620707750320435,0.10640887791789502,0.10644755555198493,0.10641956647300692,0.10638337148028132,0.10648827957905319,0.10637774758552114,0.10643276449784929,0.10637211187632806,0.5456232055801231,0.5453202188386561,0.5454710411046539,0.5453047679100557,1581.6761290902823,1581.9835966644162,1581.7611009997918,1581.4733476894953,0.0006320687348322964,-0.0006322984799787904,0.0006321322248496611,-0.0006319172265928711,-2.161986194550991e-06,-1.763485197443515e-06,1.0168366134166717e-06,0.42567090353875164,-1.8913339890997902e-06,2.6471217210626355e-06,-1.4746889703950647e-08,0.4256593714231682,-2.7065220545120086e-07,-4.410606918506151e-06,1.0315835031206223e-06,1.1532115583468006e-05,1.0,1.0,1.0,1.0,0.10640887791789502,0.10644755555198493,0.10641956647300692,0.10638337148028132,0.10640887791789502,0.10644755555198493,0.10641956647300692,0.10638337148028132,0.0006320687348322964,-0.0006322984799787904,0.0006321322248496611,-0.0006319172265928711,-0.0003058325007083441,-0.00012148687808400619,0.9998562409621553,-0.001847150483340927,-0.0007333283486432777,2.9003077105037212e-05,-0.0003058325091842562,-0.00012148687528679147,-0.00014375903992913663,-0.0018471505027264357,-0.0007333283429034054,2.90030766336713e-05,0.9999996423721313,8.558421541238204e-05,-0.0002079210098600015,0.0008319437620230019,-0.0007773060351610184,0.004368521738797426,0.0036636153236031532,0.0016638514352962375,0.9999986290931702,0.9999996192941497,7.857656902120605e-05,-0.00018062921294029237,0.0008500649186330621,-4.5346976484246345e-06,False,False
0.39,0.4,39,HOVER,-0.00034360235440544784,-0.0001365054922644049,0.9998571437172359,0.0,0.0,1.0,0.00775425857564421,-0.01702734306343152,0.09949029586918776,0.0003963637784870044,-0.0019188591977581382,-0.0007643249700777233,5.979678826406598e-05,-0.002292915480211377,0.006567840930074453,0.0036390279419720173,-4.5204535126686096e-05,-0.0007000364130362868,0.0010902248322963715,0.00038194842636585236,-4.5204535126686096e-05,-0.0007000364130362868,0.0010902248322963715,0.00038194842636585236,0.10642948977287545,0.10643106288287897,0.10642391486084457,0.1063911049968832,0.10652260118543919,0.10635658063213214,0.1064435556881806,0.10642603670743106,0.5457172678647835,0.5452621860043979,0.5455006211426836,0.5454525989168083,1581.839987012306,1581.8524923670768,1581.7956691020963,1581.5348322547695,0.0006321911692508802,-0.0006322005135243011,0.0006321580542734168,-0.0006319631636814863,-3.390340134501457e-07,-5.250273097772151e-06,1.0902248322963716e-06,0.42574877421318297,-1.6098120742317167e-06,1.2156100445289385e-06,1.855463185096223e-07,0.4256755725134822,1.270778060781571e-06,-6.465883142301089e-06,9.046785137867493e-07,7.320169970076451e-05,1.0,1.0,1.0,1.0,0.10642948977287545,0.10643106288287897,0.10642391486084457,0.1063911049968832,0.10642948977287545,0.10643106288287897,0.10642391486084457,0.1063911049968832,0.0006321911692508802,-0.0006322005135243011,0.0006321580542734168,-0.0006319631636814863,-0.0003245406454676907,-0.00012891923599894146,0.9998566153269693,-0.0018858917322611248,-0.000749667223094492,4.313578772632685e-05,-0.0003245406551286578,-0.00012891922960989177,-0.00014338467735797167,-0.0018858917756006122,-0.0007496672333218157,4.313578756409697e-05,0.9999996423721313,7.857656601117924e-05,-0.0001806292129913345,0.0008500649128109217,-0.0015522590838372707,0.005711491219699383,0.0036178354639559984,0.0017001009546220303,0.9999985694885254,0.9999996097619612,6.779765606394314e-05,-0.00014853279243840807,0.0008682265907081581,-4.747547993661842e-06,False,False
0.4,0.41000000000000003,40,HOVER,-0.0003629551501944661,-0.00014422457024920732,0.9998578677041223,0.0,0.0,1.0,0.006170909653967042,-0.013142133407510938,0.10160986794440124,0.0004156185237061918,-0.0019453391432762146,-0.0007766063790768385,8.158235141308978e-05,-0.0028677487280219793,0.006800513248890638,0.003715827129781246,0.00019707344472408295,-0.0010016694432124496,0.0010203961282968521,0.0005222111940383911,0.00019707344472408295,-0.0010016694432124496,0.0010203961282968521,0.0005222111940383911,0.10644958149743082,0.10641604221619713,0.10642954976841101,0.10640637527826141,0.10654034291996108,0.1063482068827135,0.10645500180853985,0.10647535398580484,0.5457658875897253,0.5452392269866794,0.5455319954550345,0.5455877791824584,1581.9997009888878,1581.7330841318135,1581.8404639446494,1581.656233231563,0.0006323105140947391,-0.000632111290764211,0.0006321915256243615,-0.0006320538691528728,1.478050835430622e-06,-7.512520824093372e-06,1.0203961282968522e-06,0.42581890559701924,-1.049996370212393e-06,-3.6644718877810317e-07,3.36879802016808e-07,0.4257015487603004,2.528047205643015e-06,-7.1460736353152685e-06,6.835163262800442e-07,0.00011735683671881825,1.0,1.0,1.0,1.0,0.10644958149743082,0.10641604221619713,0.10642954976841101,0.10640637527826141,0.10644958149743082,0.10641604221619713,0.10642954976841101,0.10640637527826141,0.0006323105140947391,-0.000632111290764211,0.0006321915256243615,-0.0006320538691528728,-0.00034360235764797594,-0.00013650549603727154,0.9998571437227946,-0.0019188591611398772,-0.0007643249497899764,5.979678940710968e-05,-0.00034360235440544784,-0.0001365054922644049,-0.00014285628276411444,-0.0019188591977581382,-0.0007643249700777233,5.979678826406598e-05,0.9999995827674866,6.779765681130812e-05,-0.00014853279571980238,0.0008682265761308372,-0.002292915480211377,0.006567840930074453,0.0036390279419720173,0.0017364324303343892,0.9999985098838806,0.9999995988377075,5.3953017490348244e-05,-0.00011463895852634054,0.0008867194625911251,-4.978190950095416e-06,False,False
0.41000000000000003,0.42,41,HOVER,-0.00038253303500823677,-0.0001520494552096352,0.9998588482121704,0.0,0.0,1.0,0.0043769602261962744,-0.009414313112624534,0.10379150283466544,0.00043517167521525115,-0.001965231029316783,-0.0007859992911107838,0.00010993415344273672,-0.003180196275934577,0.006402567960321903,0.0038312897086143494,0.0003934185951948166,-0.0010865613585337996,0.0008238349109888077,0.000618981197476387,0.0003934185951948166,-0.0010865613585337996,0.0008238349109888077,0.000618981197476387,0.10646565376527595,0.10640473359968904,0.1064359277006806,0.106425272654715,0.10653825563482322,0.10635366092088833,0.10646473603752475,0.10651063800550196,0.5457601676857987,0.5452541808458674,0.5455586766109174,0.5456844824242363,1582.1274568894478,1581.643181894334,1581.8911646316253,1581.806462983772,0.0006324059833657392,-0.0006320441175821529,0.0006322294105420427,-0.0006321661195690071,2.9506394639611243e-06,-8.149210189003497e-06,8.238349109888077e-07,0.42586729059873824,-3.248067233256255e-07,-1.7771233042120083e-06,4.2515675662186704e-07,0.42573158772036057,3.27544618728675e-06,-6.3720868847914886e-06,3.9867815436694065e-07,0.0001357028783776637,1.0,1.0,1.0,1.0,0.10646565376527595,0.10640473359968904,0.1064359277006806,0.106425272654715,0.10646565376527595,0.10640473359968904,0.1064359277006806,0.106425272654715,0.0006324059833657392,-0.0006320441175821529,0.0006322294105420427,-0.0006321661195690071,-0.0003629551524054882,-0.0001442245745149494,0.9998578677106893,-0.0019453391702987963,-0.0007766063989985043,8.158234859239634e-05,-0.0003629551501944661,-0.00014422457024920732,-0.00014213229587767273,-0.0019453391432762146,-0.0007766063790768385,8.158235141308978e-05,0.9999995827674866,5.3953019232722e-05,-0.00011463895498309284,0.0008867194410413504,-0.0028677487280219793,0.006800513248890638,0.003715827129781246,0.0017734258435666561,0.9999984502792358,0.9999995856998568,3.827057884059449e-05,-8.212075134879013e-05,0.0009057547459945449,-5.233089561447726e-06,False,False
0.42,0.43,42,HOVER,-0.00040227267891168594,-0.00015994952991604805,0.9998601522529498,0.0,0.0,1.0,0.0025446385943164564,-0.006153455333125181,0.10604808512321677,0.00045493356951776273,-0.001979028107598424,-0.0007922588847577572,0.00014488557644654065,-0.003185517154633999,0.00549276964738965,0.003965138923376799,0.0005088727921247482,-0.0009485244518145919,0.0005303751677274704,0.000653732568025589,0.0005088727921247482,-0.0009485244518145919,0.0005303751677274704,0.000653732568025589,0.10647492537574191,0.106398718836704,0.10644213498414411,0.10644355384316923,0.10651680503204529,0.10637155348203013,0.10647017248434897,0.10652613528558848,0.5457013834752582,0.5453032369962483,0.5455735773922384,0.545726952959375,1582.201152842354,1581.595364044905,1581.9405078981392,1581.9517866475035,0.0006324610567319069,-0.0006320083898900217,0.000632266281805816,-0.0006322747098284251,3.816545940935611e-06,-7.113933388609439e-06,5.303751677274704e-07,0.42588466628401284,4.2583735863736816e-07,-2.744445948518401e-06,4.4423881927603895e-07,0.4257593330397592,3.3907085822982433e-06,-4.369487440091038e-06,8.613634845143144e-08,0.00012533324425362258,1.0,1.0,1.0,1.0,0.10647492537574191,0.106398718836704,0.10644213498414411,0.10644355384316923,0.10647492537574191,0.106398718836704,0.10644213498414411,0.10644355384316923,0.0006324610567319069,-0.0006320083898900217,0.000632266281805816,-0.0006322747098284251,-0.00038253304885680923,-0.0001520494481331818,0.9998588482183046,-0.0019652309192809405,-0.000785999314626419,0.00010993415280729615,-0.00038253303500823677,-0.0001520494552096352,-0.00014115178782958537,-0.001965231029316783,-0.0007859992911107838,0.00010993415344273672,0.9999995827674866,3.8270580262178555e-05,-8.212075044866651e-05,0.0009057547431439161,-0.003180196275934577,0.006402567960321903,0.0038312897086143494,0.0018115025013685226,0.9999983310699463,0.999999570087201,2.2255846037833195e-05,-5.367845528975675e-05,0.0009254451437664046,-5.516329692002046e-06,False,False
0.43,0.44,43,HOVER,-0.0004221185517963022,-0.0001678935659583658,0.9998618388199247,0.0,0.0,1.0,0.0008450416245817706,-0.0035562697896539515,0.10838047476305877,0.0004748271611235097,-0.0019876831211149693,-0.0007954398752190173,0.00018509790243115276,-0.0028973424341529608,0.004285427276045084,0.004096271935850382,0.0005248915404081345,-0.0006274789338931441,0.0001798924058675766,0.0006209947168827057,0.0005248915404081345,-0.0006274789338931441,0.0001798924058675766,0.0006209947168827057,0.10647586085792156,0.10639865902043161,0.1064470417936266,0.10645752186211434,0.1064800861391082,0.10639838885105685,0.10646920499851886,0.10652061736975751,0.5456007491913315,0.5453768071066346,0.5455709256225353,0.5457118312361167,1582.208588472876,1581.5948884966979,1581.9795127634302,1582.0628184003274,0.000632466613496054,-0.0006320080345813638,0.0006322954282541421,-0.0006323576798609591,3.936686553061008e-06,-4.706092004198581e-06,1.7989240586757661e-07,0.4258682973584414,1.0621977495446286e-06,-3.0999937858412763e-06,3.9632730787313424e-07,0.4257790835340941,2.8744888035163796e-06,-1.6060982183573046e-06,-2.1643490200555763e-07,8.921382434728953e-05,1.0,1.0,1.0,1.0,0.10647586085792156,0.10639865902043161,0.1064470417936266,0.10645752186211434,0.10647586085792156,0.10639865902043161,0.1064470417936266,0.10645752186211434,0.000632466613496054,-0.0006320080345813638,0.0006322954282541421,-0.0006323576798609591,-0.0004022726891855094,-0.00015994952736757257,0.9998601522564529,-0.0019790280197986747,-0.0007922588590993397,0.00014488558024260985,-0.00040227267891168594,-0.00015994952991604805,-0.00013984774705022573,-0.001979028107598424,-0.0007922588847577572,0.00014488557644654065,0.9999995827674866,2.225584648840595e-05,-5.3678453696193174e-05,0.000925445172470063,-0.003185517154633999,0.00549276964738965,0.003965138923376799,0.0018508870853111148,0.9999982714653015,0.9999995522240703,7.403728413663422e-06,-3.1027320780562045e-05,0.0009457981546182505,-5.829123584147899e-06,False,False
0.44,0.45,44,HOVER,-0.000442026270320639,-0.00017585257592145354,0.9998639467958128,0.0,0.0,1.0,-0.0005834291778319588,-0.0016737746264906177,0.11077818921144764,0.000494794731662926,-0.001992387929931283,-0.0007958725327625871,0.00022816630371380597,-0.002383001847192645,0.00304192746989429,0.00420523714274168,0.00044248066842556,-0.00019937229808419943,-0.00018385238945484161,0.0005286410450935364,0.00044248066842556,-0.00019937229808419943,-0.00018385238945484161,0.0005286410450935364,0.1064684354478761,0.10640420009820965,0.10644951487194491,0.10646473349190094,0.10643489934352136,0.10642922830548707,0.1064606851273939,0.1064973077461445,0.5454768930613558,0.5454613477537268,0.5455475733064394,0.5456479491757416,1582.149567460771,1581.638940547111,1581.9991713815812,1582.1201419373022,0.000632422506560384,-0.0006320409485833653,0.0006323101183393528,-0.0006324005169418916,3.3186050131917e-06,-1.4952922356314957e-06,-1.838523894548416e-07,0.4258221205225468,1.4712211719083296e-06,-2.8090950960025715e-06,2.911593744798959e-07,0.42578688390993163,1.8473838412833702e-06,1.3138028603710758e-06,-4.750117639347375e-07,3.5236612615174856e-05,1.0,1.0,1.0,1.0,0.1064684354478761,0.10640420009820965,0.10644951487194491,0.10646473349190094,0.1064684354478761,0.10640420009820965,0.10644951487194491,0.10646473349190094,0.000632422506560384,-0.0006320409485833653,0.0006323101183393528,-0.0006324005169418916,-0.00042211855380764045,-0.00016789356934842774,0.9998618388186261,-0.001987683046387875,-0.000795439870521336,0.00018509790416158426,-0.0004221185517963022,-0.0001678935659583658,-0.00013816118007525802,-0.0019876831211149693,-0.0007954398752190173,0.00018509790243115276,0.9999995231628418,7.403728432109347e-06,-3.102732080151327e-05,0.0009457981796003878,-0.0028973424341529608,0.004285427276045084,0.004096271935850382,0.0018915949622169137,0.9999982118606567,0.9999995326046799,-5.077257194012634e-06,-1.4611354538168305e-05,0.0009667218585669422,-6.169709881830913e-06,False,False
0.45,0.46,45,HOVER,-0.00046196355833671987,-0.00018380212713964283,0.9998664872109657,0.0,0.0,1.0,-0.0016592853886618578,-0.000409977443839716,0.11322127008649349,0.0005148001709478104,-0.001994319027289748,-0.0007940881187096238,0.0002711195847950876,-0.0017487951554358006,0.002014744095504284,0.004276352468878031,0.00028142891824245453,0.00024135189596563578,-0.00051845982670784,0.0003955848515033722,0.00028142891824245453,0.00024135189596563578,-0.00051845982670784,0.0003955848515033722,0.10645409884713918,0.10641405931508606,0.10644866062514832,0.10646439102638244,0.10638935250136702,0.1064585933807652,0.10644480231195431,0.10646284423166522,0.5453520342508134,0.5455418399038565,0.5455040382411152,0.5455534912988368,1582.035609261664,1581.7173204946878,1581.9923809481572,1582.1174197860835,0.0006323373471520066,-0.0006320995123316112,0.000632305044113381,-0.0006323984826967118,2.1107168868184088e-06,1.8101392197422682e-06,-5.1845982670784e-07,0.4257555924257517,1.5872093143969208e-06,-1.971745991369723e-06,1.443962370647426e-07,0.425781209813756,5.235075724214879e-07,3.7818852111119913e-06,-6.628560637725826e-07,-2.5617388004273156e-05,1.0,1.0,1.0,1.0,0.10645409884713918,0.10641405931508606,0.10644866062514832,0.10646439102638244,0.10645409884713918,0.10641405931508606,0.10644866062514832,0.10646439102638244,0.0006323373471520066,-0.0006320995123316112,0.000632305044113381,-0.0006323984826967118,-0.0004420262825660693,-0.0001758525729174652,0.9998639467990552,-0.0019923879054674397,-0.0007958725494192628,0.0002281662989051547,-0.000442026270320639,-0.00017585257592145354,-0.00013605320418719202,-0.001992387929931283,-0.0007958725327625871,0.00022816630371380597,0.9999995231628418,-5.077257355878828e-06,-1.461135434510652e-05,0.0009667218546383083,-0.002383001847192645,0.00304192746989429,0.00420523714274168,0.0019334430107846856,0.999998152256012,0.9999995117754181,-1.4476454549934125e-05,-3.592033258768206e-06,0.0009880417273707438,-6.533943315188933e-06,False,False
0.46,0.47000000000000003,46,HOVER,-0.00048190844245254993,-0.00019172376778442413,0.9998694410023745,0.0,0.0,1.0,-0.002370479064758241,0.00044909380794298044,0.11568314805846337,0.0005348265157052984,-0.001994401914998889,-0.000790710560977459,0.00031101141939871013,-0.001118395826779306,0.001395813305862248,0.004299250431358814,7.559917867183685e-05,0.0006017402047291398,-0.0007879249751567841,0.0002479925751686096,7.559917867183685e-05,0.0006017402047291398,-0.0007879249751567841,0.0002479925751686096,0.10643547427540123,0.10642628583448692,0.10644404688257178,0.10645737863526476,0.10635136555651366,0.10648151400659539,0.10642320893617105,0.10642570778830428,0.5452478874531335,0.5456046626940858,0.5454448473400417,0.5454516972763476,1581.8875602058931,1581.81451730383,1581.9557058903058,1582.0616799123518,0.0006322267171958834,-0.0006321721378568523,0.0006322776384824764,-0.0006323568290934727,5.669938400387764e-07,4.513051535468548e-06,-7.879249751567841e-07,0.42568179628758435,1.402370498015254e-06,-7.962014449856489e-07,-2.461127196528093e-08,0.4257631856277247,-8.353766579764777e-07,5.309252980454197e-06,-7.633137031915031e-07,-8.13893401403476e-05,1.0,1.0,1.0,1.0,0.10643547427540123,0.10642628583448692,0.10644404688257178,0.10645737863526476,0.10643547427540123,0.10642628583448692,0.10644404688257178,0.10645737863526476,0.0006322267171958834,-0.0006321721378568523,0.0006322776384824764,-0.0006323568290934727,-0.00046196354584173034,-0.00018380212117276233,0.9998664872064826,-0.001994319074621474,-0.0007940881423883153,0.0002711195752719174,-0.00046196355833671987,-0.00018380212713964283,-0.00013351278903428465,-0.001994319027289748,-0.0007940881187096238,0.0002711195847950876,0.9999995231628418,-1.4476454452960752e-05,-3.5920331811212236e-06,0.0009880417492240667,-0.0017487951554358006,0.002014744095504284,0.004276352468878031,0.001976082567125559,0.9999980330467224,0.9999994902070672,-2.0690277951931965e-05,3.898197684391222e-06,0.0010095257907203011,-6.916621679446259e-06,False,False
0.47000000000000003,0.48,47,HOVER,-0.0005018459050916135,-0.00019960520148742944,0.9998727627535118,0.0,0.0,1.0,-0.0027732849062223966,0.0011833546001599464,0.1181341032226893,0.0005548701341863359,-0.0019931416027247906,-0.0007863356731832027,0.0003454709076322615,-0.0006087103975005448,0.0012797171948477626,0.004269672557711601,-0.00013358332216739655,0.0008098945254459977,-0.0009673815220594406,0.00011266767978668213,-0.00013358332216739655,0.0008098945254459977,-0.0009673815220594406,0.00011266767978668213,0.10641580000992584,0.10643861087555617,0.10643582390747858,0.10644592768110576,0.10632695158762845,0.10649428411914033,0.10639868591126947,0.10639421222185516,0.5451809471328117,0.5456396623577036,0.5453776214768425,0.5453653570925447,1581.7311586487542,1581.912493972308,1581.8903395459436,1581.970656585274,0.0006321098520589595,-0.0006322453486008036,0.0006322287940104227,-0.0006322888104257682,-1.001874916255474e-06,6.074208940844982e-06,-9.673815220594407e-07,0.4256141338398934,9.666305581827392e-07,4.492592377714627e-07,-1.955129571896714e-07,0.42573616247406637,-1.9685054744382134e-06,5.62494970307352e-06,-7.718685648697693e-07,-0.00012202863417298815,1.0,1.0,1.0,1.0,0.10641580000992584,0.10643861087555617,0.10643582390747858,0.10644592768110576,0.10641580000992584,0.10643861087555617,0.10643582390747858,0.10644592768110576,0.0006321098520589595,-0.0006322453486008036,0.0006322287940104227,-0.0006322888104257682,-0.00048190843986351895,-0.0001917237606134165,0.999869441008607,-0.001994401881936382,-0.0007907105398826886,0.00031101140857532904,-0.00048190844245254993,-0.00019172376778442413,-0.00013055899762548506,-0.001994401914998889,-0.000790710560977459,0.00031101141939871013,0.999999463558197,-2.0690278688562103e-05,3.898197519447422e-06,0.001009525847621262,-0.001118395826779306,0.001395813305862248,0.004299250431358814,0.0020190502982586622,0.9999979734420776,0.999999468261254,-2.4212110059180554e-05,1.0301762175842533e-05,0.0010309145730540237,-7.313134010086321e-06,False,False
0.48,0.49,48,HOVER,-0.0005217629368416965,-0.00020743937056977302,0.9998763889598195,0.0,0.0,1.0,-0.0029781748424568422,0.002075456371326279,0.1205447651479668,0.0005749324690592566,-0.0019905539229512215,-0.0007814221316948533,0.00037311395863071084,-0.00030777169740758836,0.0016487326938658953,0.004189459141343832,-0.00030543841421604156,0.0008286997908726335,-0.0010446608066558838,1.296214759349823e-05,-0.00030543841421604156,0.0008286997908726335,-0.0010446608066558838,1.296214759349823e-05,0.1063983151462091,0.10644886532821414,0.10642477106950207,0.10643304971393845,0.10631935267157135,0.10649518481210339,0.10637485345399238,0.1063748901361297,0.5451601108391879,0.5456421308833381,0.5453122842829655,0.5453123848511725,1581.59215464426,1581.9940081404447,1581.8024756002008,1581.8682864970745,0.000632005991968482,-0.000632306260049592,0.0006321631401528423,-0.0006322123153007944,-2.2907881066203114e-06,6.215248431544751e-06,-1.0446608066558837e-06,0.4255642810737968,3.7618812530641407e-07,1.4945102107407314e-06,-3.4944322906214215e-07,0.42570500125786376,-2.6669762319267255e-06,4.7207382208040195e-06,-6.952175775937416e-07,-0.00014072018406696696,1.0,1.0,1.0,1.0,0.1063983151462091,0.10644886532821414,0.10642477106950207,0.10643304971393845,0.1063983151462091,0.10644886532821414,0.10642477106950207,0.10643304971393845,0.000632005991968482,-0.000632306260049592,0.0006321631401528423,-0.0006322123153007944,-0.0005018458931912837,-0.00019960520420517254,0.9998727627602962,-0.001993141700810927,-0.0007863356662126443,0.0003454708955797232,-0.0005018459050916135,-0.00019960520148742944,-0.000127237246488221,-0.0019931416027247906,-0.0007863356731832027,0.0003454709076322615,0.999999463558197,-2.4212109565269202e-05,1.0301761903974693e-05,0.0010309146018698812,-0.0006087103975005448,0.0012797171948477626,0.004269672557711601,0.0020618275739252567,0.9999978542327881,0.9999994461968249,-2.6008516041098405e-05,1.8084423378695223e-05,0.0010519517831995484,-7.720709100513598e-06,False,False
0.49,0.5,49,HOVER,-0.0005416440544649959,-0.0002152225497411564,0.9998802492555114,0.0,0.0,1.0,-0.0031258059675838023,0.0033500162192214135,0.12288929364482482,0.0005950119901816495,-0.001986202085390687,-0.000776213884819299,0.00039373704930767417,-0.00025887563242577016,0.0023818507324904203,0.004065800923854113,-0.0004077572375535965,0.0006622463697567582,-0.0010214745998382568,-3.672763705253601e-05,-0.0004077572375535965,0.0006622463697567582,-0.0010214745998382568,-3.672763705253601e-05,0.10638563545263446,0.10645534201855761,0.10641218873058172,0.10642182012907815,0.10632837123639038,0.10648459645527406,0.10635536414392241,0.10637110434588695,0.5451848397729581,0.5456131110239645,0.5452588506890218,0.5453020056267752,1581.491347317064,1582.045491113353,1581.7024496704646,1581.7790167985181,0.0006319306745886487,-0.0006323447315902321,0.0006320884010596555,-0.0006321456115667242,-3.0581792816519735e-06,4.9668477731756865e-06,-1.0214745998382568e-06,0.4255394361814738,-2.4637526072112184e-07,2.123957544371193e-06,-4.7126750865220893e-07,0.42567498633085193,-2.8118040209308516e-06,2.8428902288044933e-06,-5.502070911860479e-07,-0.0001355501493781608,1.0,1.0,1.0,1.0,0.10638563545263446,0.10645534201855761,0.10641218873058172,0.10642182012907815,0.10638563545263446,0.10645534201855761,0.10641218873058172,0.10642182012907815,0.0006319306745886487,-0.0006323447315902321,0.0006320884010596555,-0.0006321456115667242,-0.0005217629603544193,-0.00020743937776952312,0.9998763889557071,-0.0019905538754530277,-0.0007814221537733588,0.0003731139595627111,-0.0005217629368416965,-0.00020743937056977302,-0.00012361104018054903,-0.0019905539229512215,-0.0007814221316948533,0.00037311395863071084,0.999999463558197,-2.6008516215370037e-05,1.8084423572872765e-05,0.0010519517818465829,-0.00030777169740758836,0.0016487326938658953,0.004189459141343832,0.002103901468217373,0.9999977946281433,0.9999994241667305,-2.7309139055060546e-05,2.9205138103989943e-05,0.001072411990923604,-8.138672728523538e-06,False,False
0.5,0.51,50,HOVER,-0.0005614672554656863,-0.00022295195958577096,0.9998842781715211,0.0,0.0,1.0,-0.003358036946125562,0.005127817273032031,0.125147843685137,0.0006150972255097521,-0.0019793324172496796,-0.0007707080221734941,0.00040826527401804924,-0.0004537825006991625,0.0032848757691681385,0.003909886348992586,-0.0004226658493280411,0.00035295786801725626,-0.0009118635207414627,-3.2767653465270996e-05,-0.0004226658493280411,0.00035295786801725626,-0.0009118635207414627,-3.2767653465270996e-05,0.10637929754716569,0.10645706843942078,0.10639969654811804,0.10641471005989825,0.1063506728084337,0.10646486619136498,0.1063432790895854,0.10638259808388335,0.5452459880797804,0.5455590333527959,0.5452257157880653,0.5453335168290582,1581.4409577499855,1582.0592142122211,1581.6031369839093,1581.722493785524,0.0006318930274301642,-0.0006323549865301594,0.0006320141974958211,-0.0006321033777557956,-3.1699938699603078e-06,2.647184010129422e-06,-9.118635207414627e-07,0.4255414161732674,-7.763738293486283e-07,2.2187871866891085e-06,-5.511393599697467e-07,0.42565077259460277,-2.3936200406116794e-06,4.283968234403136e-07,-3.60724160771716e-07,-0.00010935642133536039,1.0,1.0,1.0,1.0,0.10637929754716569,0.10645706843942078,0.10639969654811804,0.10641471005989825,0.10637929754716569,0.10645706843942078,0.10639969654811804,0.10641471005989825,0.0006318930274301642,-0.0006323549865301594,0.0006320141974958211,-0.0006321033777557956,-0.0005416440675001775,-0.0002152225499956535,0.9998802492549975,-0.001986202174891579,-0.0007762138652062738,0.0003937370604386823,-0.0005416440544649959,-0.0002152225497411564,-0.00011975074448855594,-0.001986202085390687,-0.000776213884819299,0.00039373704930767417,0.9999994039535522,-2.7309139113640413e-05,2.9205137252574787e-05,0.0010724120074883103,-0.00025887563242577016,0.0023818507324904203,0.004065800923854113,0.002144821221008897,0.9999976754188538,0.9999994022038956,-2.935325377365997e-05,4.471661841226185e-05,0.0010921220912173473,-8.567635451527123e-06,False,False
0.51,0.52,51,HOVER,-0.0005812020390294492,-0.00023062339460011572,0.9998884248561808,0.0,0.0,1.0,-0.0037896740124419535,0.0074038128053303814,0.12730808083749354,0.0006351629499798829,-0.0019690694753080606,-0.0007646734011359513,0.0004184777208138257,-0.0008360084029845893,0.004134369548410177,0.0037351713981479406,-0.0003496576100587845,-2.8817332349717617e-05,-0.0007392372936010361,1.7162412405014038e-05,-0.0003496576100587845,-2.8817332349717617e-05,-0.0007392372936010361,1.7162412405014038e-05,0.10637952538978113,0.10645392423147695,0.10638894913034103,0.10641307547191267,0.10638055447820456,0.10643972327063814,0.1063404107634825,0.10640569269387738,0.545327914158942,0.5454901160961615,0.5452178512238133,0.5453968298951908,1581.442769229935,1582.0342212555834,1581.5176923827014,1581.709499120802,0.0006318943808152999,-0.0006323363099349731,0.0006319503578342257,-0.0006320936683031613,-2.6224320754408837e-06,-2.1612999262288213e-07,-7.392372936010361e-07,0.42556638120620255,-1.1110315468998953e-06,1.7773842418901571e-06,-5.852395886088218e-07,0.4256354742235118,-1.5114005285409884e-06,-1.993514234513039e-06,-1.5399770499221425e-07,-6.909301730922968e-05,1.0,1.0,1.0,1.0,0.10637952538978113,0.10645392423147695,0.10638894913034103,0.10641307547191267,0.10637952538978113,0.10645392423147695,0.10638894913034103,0.10641307547191267,0.0006318943808152999,-0.0006323363099349731,0.0006319503578342257,-0.0006320936683031613,-0.0005614672333687194,-0.00022295195369350068,0.9998842781682564,-0.0019793325139641966,-0.000770708008876115,0.00040826526280391415,-0.0005614672554656863,-0.00022295195958577096,-0.00011572182847885415,-0.0019793324172496796,-0.0007707080221734941,0.00040826527401804924,0.9999994039535522,-2.935325392172672e-05,4.471661668503657e-05,0.001092122052796185,-0.0004537825006991625,0.0032848757691681385,0.003909886348992586,0.002184240147471428,0.999997615814209,0.9999993802336092,-3.314290412667762e-05,6.45736733175626e-05,0.0011109744308874354,-9.008101543341826e-06,False,False
0.52,0.53,52,HOVER,-0.0006008096970617771,-0.0002382292877882719,0.9998926592015778,0.0,0.0,1.0,-0.004486352235340062,0.010052455246463319,0.12936556338415517,0.0006551698502293075,-0.001954631647095084,-0.0007577135693281889,0.00042657851008698344,-0.0013132755411788821,0.0047257328405976295,0.003555533941835165,-0.00020513124763965607,-0.0004006422823294997,-0.0005323626101016998,9.653717279434204e-05,-0.00020513124763965607,-0.0004006422823294997,-0.0005323626101016998,9.653717279434204e-05,0.10638527363243414,0.10644660607477471,0.10638134196131593,0.10641692121357647,0.10641123761375089,0.10641355434253968,0.10634698501193074,0.10643429161817593,0.5454120304916931,0.5454183813991981,0.5452358768352117,0.545475227191603,1581.4884706867235,1581.9760491993325,1581.4572119781183,1581.7400719439236,0.0006319285253766588,-0.0006322928400841618,0.0006319051712502167,-0.0006321165120086442,-1.5384843572974205e-06,-3.004817117471248e-06,-5.323626101016998e-07,0.4256060685863972,-1.1885125000480994e-06,9.105040352798931e-07,-5.756554659305021e-07,0.4256301428821012,-3.499718572493211e-07,-3.9153211527511404e-06,4.329285582880225e-08,-2.407429570400188e-05,1.0,1.0,1.0,1.0,0.10638527363243414,0.10644660607477471,0.10638134196131593,0.10641692121357647,0.10638527363243414,0.10644660607477471,0.10638134196131593,0.10641692121357647,0.0006319285253766588,-0.0006322928400841618,0.0006319051712502167,-0.0006321165120086442,-0.0005812020362477979,-0.00023062338931649742,0.9998884248591081,-0.0019690694864605805,-0.0007646733856265046,0.00041847773261245654,-0.0005812020390294492,-0.00023062339460011572,-0.00011157514381920919,-0.0019690694753080606,-0.0007646734011359513,0.0004184777208138257,0.9999994039535522,-3.314290370326489e-05,6.457367271650583e-05,0.0011109744664281607,-0.0008360084029845893,0.004134369548410177,0.0037351713981479406,0.00222194311209023,0.9999975562095642,0.9999993581433181,-3.924981833571718e-05,8.767997129750587e-05,0.0011289307446882648,-9.459249271822099e-06,False,False
0.53,0.54,53,HOVER,-0.000620245176833123,-0.00024575760471634567,0.9998969731241232,0.0,0.0,1.0,-0.005452607855040458,0.01285802866838509,0.1313233327778821,0.0006750669720950697,-0.0019355203257873654,-0.0007493612356483936,0.00043470668606460094,-0.0017764593940228224,0.004915214609354734,0.0033835622016340494,-1.8807128071784973e-05,-0.0006858169799670577,-0.0003209635615348816,0.0001835748553276062,-1.8807128071784973e-05,-0.0006858169799670577,-0.0003209635615348816,0.0001835748553276062,0.10639451480794788,0.10643644083615811,0.10637774869444669,0.10642496156371492,0.10643625698425196,0.10639053154587856,0.10636151959477062,0.10646127930276272,0.5454806145556871,0.5453552665980542,0.5452757273246545,0.5455492019137438,1581.5619412015872,1581.8952437077385,1581.4286434487385,1581.8039899467262,0.0006319834179592105,-0.0006322324585667792,0.0006318838272450133,-0.0006321642716884666,-1.4105346053838728e-07,-5.143627349752933e-06,-3.209635615348816e-07,0.42564958742766384,-9.986156200634914e-07,-1.869162656055988e-07,-5.294850510220066e-07,0.4256336659022676,8.575621595251042e-07,-4.956711084147334e-06,2.0852148948712501e-07,1.5921525396256353e-05,1.0,1.0,1.0,1.0,0.10639451480794788,0.10643644083615811,0.10637774869444669,0.10642496156371492,0.10639451480794788,0.10643644083615811,0.10637774869444669,0.10642496156371492,0.0006319834179592105,-0.0006322324585667792,0.0006318838272450133,-0.0006321642716884666,-0.0006008096967098354,-0.0002382292882949499,0.9998926592046,-0.001954631737735712,-0.0007577135480398114,0.00042657851260600896,-0.0006008096970617771,-0.0002382292877882719,-0.00010734079842222854,-0.001954631647095084,-0.0007577135693281889,0.00042657851008698344,0.9999993443489075,-3.924981865566224e-05,8.76799676916562e-05,0.0011289307149127126,-0.0013132755411788821,0.0047257328405976295,0.003555533941835165,0.0022578532807528973,0.9999974370002747,0.9999993358945816,-4.771153896561653e-05,0.00011215286298120948,0.0011460173385577207,-9.918447881930959e-06,False,False
0.54,0.55,54,HOVER,-0.0006394608644768596,-0.0002531917707528919,0.9999013771812315,0.0,0.0,1.0,-0.006632172319906435,0.015562527424967278,0.1331903903652144,0.0006947968986375226,-0.0019116417970508337,-0.0007391847902908921,0.00044449054985307157,-0.0021213116124272346,0.004647368099540472,0.0032291938550770283,0.00017198733985424042,-0.0008289649849757552,-0.00013172626495361328,0.0002562757581472397,0.00017198733985424042,-0.0008289649849757552,-0.00013172626495361328,0.0002562757581472397,0.10640471371295387,0.10642511136033325,0.10637835592694544,0.10643495810779874,0.10645078227027899,0.10637394448217015,0.1063810985998173,0.10648011252680725,0.5455204296341951,0.5453097922311126,0.5453294059047872,0.545600821514945,1581.6430237945126,1581.805180764428,1581.4334713149744,1581.8834570153804,0.000632043999454946,-0.0006321651614803795,0.0006318874342060559,-0.0006322236511603245,1.289905048906803e-06,-6.217237387318164e-06,-1.3172626495361328e-07,0.42568593787907366,-5.837477676856259e-07,-1.2800112809702863e-06,-4.573789797020439e-07,0.4256431391080313,1.873652816592429e-06,-4.937226106347878e-06,3.2565271474843064e-07,4.2798771042351635e-05,1.0,1.0,1.0,1.0,0.10640471371295387,0.10642511136033325,0.10637835592694544,0.10643495810779874,0.10640471371295387,0.10642511136033325,0.10637835592694544,0.10643495810779874,0.000632043999454946,-0.0006321651614803795,0.0006318874342060559,-0.0006322236511603245,-0.0006202451868612477,-0.00024575760922109684,0.9998969731233615,-0.0019355203126290267,-0.0007493612283490012,0.0004347066939146631,-0.000620245176833123,-0.00024575760471634567,-0.00010302687587682158,-0.0019355203257873654,-0.0007493612356483936,0.00043470668606460094,0.9999993443489075,-4.771153908222914e-05,0.00011215286212973297,0.0011460173409432173,-0.0017764593940228224,0.004915214609354734,0.0033835622016340494,0.0022920225746929646,0.9999973773956299,0.9999993136170757,-5.8034434401653484e-05,0.0001357413062320185,0.0011623130730723378,-1.0381617110506653e-05,False,False
0.55,0.56,55,HOVER,-0.0006584107759408653,-0.0002605115878395736,0.999905893477262,0.0,0.0,1.0,-0.007920108916649524,0.01792035886289759,0.13497991356087863,0.0007143018093884309,-0.0018833434442058206,-0.0007268858607858419,0.00045673191198147833,-0.0022686184383928776,0.003962904214859009,0.003098847111687064,0.0003305356949567795,-0.0008067212766036391,1.4917925000190735e-05,0.00029661692678928375,0.0003305356949567795,-0.0008067212766036391,1.4917925000190735e-05,0.00029661692678928375,0.10641335888923796,0.10641432060350187,0.1063826238421113,0.1064442483176111,0.106452408770871,0.10636558651990935,0.10640190117841894,0.10648621199419542,0.545524887914057,0.5452868776101023,0.5453864358680889,0.5456175388402263,1581.711752239076,1581.7193976863553,1581.4674035951828,1581.9573071255402,0.0006320953518020735,-0.0006321010643848011,0.0006319127856221411,-0.0006322788350066099,2.479017712175846e-06,-6.050409574527293e-06,1.4917925000190735e-08,0.4257061084633947,-2.8543258831590507e-08,-2.1447319234943994e-06,-3.717619671963568e-07,0.42565455165246224,2.5075609710074364e-06,-3.905677651032894e-06,3.866798921965476e-07,5.155681093244047e-05,1.0,1.0,1.0,1.0,0.10641335888923796,0.10641432060350187,0.1063826238421113,0.1064442483176111,0.10641335888923796,0.10641432060350187,0.1063826238421113,0.1064442483176111,0.0006320953518020735,-0.0006321010643848011,0.0006319127856221411,-0.0006322788350066099,-0.0006394608572555992,-0.00025319176732102686,0.9999013771835219,-0.001911641812197922,-0.0007391848176468267,0.0004444905490366707,-0.0006394608644768596,-0.0002531917707528919,-9.86228187684901e-05,-0.0019116417970508337,-0.0007391847902908921,0.00044449054985307157,0.9999992847442627,-5.803443491458893e-05,0.00013574131298810244,0.0011623130412772298,-0.0021213116124272346,0.004647368099540472,0.0032291938550770283,0.002324608853086829,0.9999973177909851,0.9999992916206906,-6.930014991079765e-05,0.00015630310565057035,0.001177932487646168,-1.084412016203154e-05,False,False
0.56,0.5700000000000001,56,HOVER,-0.0006770548643544316,-0.00026769511168822646,0.9999105464303284,0.0,0.0,1.0,-0.009184051015972696,0.019748143305355556,0.1367069582118504,0.0007335297562435777,-0.0018513561226427555,-0.0007123687537387013,0.00047127949073910713,-0.0021788813173770905,0.0029861414805054665,0.0029951082542538643,0.00042696110904216766,-0.000631211674772203,0.00010689347982406616,0.0002943389117717743,0.00042696110904216766,-0.000631211674772203,0.00010689347982406616,0.0002943389117717743,0.10641847314278277,0.10640549307079325,0.10638938222877617,0.10645034122968192,0.10644157337368924,0.1063656248556272,0.10641990912191568,0.10647786210465383,0.5454951874309347,0.5452869827145063,0.545435801706639,0.5455946535211522,1581.7524093560457,1581.649219693612,1581.5211356708064,1582.0057401086392,0.0006321257304681297,-0.0006320486288405119,0.0006319529304389304,-0.0006323150269043105,3.2022083178162573e-06,-4.734087560791522e-06,1.0689347982406616e-07,0.42570496945588593,5.570973928056139e-07,-2.6141159222116753e-06,-2.849948377623259e-07,0.4256636896720341,2.6451109250106434e-06,-2.1199716385798464e-06,3.9188831758639205e-07,4.127978385182196e-05,1.0,1.0,1.0,1.0,0.10641847314278277,0.10640549307079325,0.10638938222877617,0.10645034122968192,0.10641847314278277,0.10640549307079325,0.10638938222877617,0.10645034122968192,0.0006321257304681297,-0.0006320486288405119,0.0006319529304389304,-0.0006323150269043105,-0.0006584107775027538,-0.00026051159121194485,0.9999058934771485,-0.0018833434125423048,-0.0007268858404537249,0.0004567319181983791,-0.0006584107759408653,-0.0002605115878395736,-9.410652273800224e-05,-0.0018833434442058206,-0.0007268858607858419,0.00045673191198147833,0.9999992847442627,-6.930014933459461e-05,0.00015630311099812388,0.0011779324850067496,-0.0022686184383928776,0.003962904214859009,0.003098847111687064,0.002355841686949134,0.9999971985816956,0.9999992703057335,-8.035149693408723e-05,0.00017223931882247084,0.0011930068124139854,-1.1301740586390735e-05,False,False
0.5700000000000001,0.58,57,HOVER,-0.0006953619886189699,-0.0002747207472566515,0.9999153535900405,0.0,0.0,1.0,-0.010290244092234904,0.020959451545452507,0.13838644130787345,0.0007524392327014978,-0.001816661679185927,-0.0006957701407372952,0.00048710667761042714,-0.0018590163672342896,0.0018955871928483248,0.002916959347203374,0.0004443209618330002,-0.0003458693390712142,0.00014108233153820038,0.00024846382439136505,0.0004443209618330002,-0.0003458693390712142,0.00014108233153820038,0.00024846382439136505,0.1064189718868725,0.10639954187384199,0.10639704679121414,0.10645145340129618,0.10642122455078747,0.10637266359858133,0.10643166702244325,0.10645647674038371,0.5454394076430228,0.5453062805292077,0.5454680327337946,0.5455360382343484,1581.756374223611,1581.6019073037446,1581.5820710062042,1582.0145807495644,0.0006321286930080226,-0.0006320132787306214,0.000631998457939812,-0.0006323216332036993,3.3324072137475014e-06,-2.5940200430341062e-06,1.4108233153820037e-07,0.4256820319121957,1.0601702961419816e-06,-2.610493810143496e-06,-2.0776098648607206e-07,0.4256670139532248,2.2722369176055197e-06,1.647376710938964e-08,3.4884331802427243e-07,1.501795897090874e-05,1.0,1.0,1.0,1.0,0.1064189718868725,0.10639954187384199,0.10639704679121414,0.10645145340129618,0.1064189718868725,0.10639954187384199,0.10639704679121414,0.10645145340129618,0.0006321286930080226,-0.0006320132787306214,0.000631998457939812,-0.0006323216332036993,-0.0006770548712481928,-0.0002676951012933815,0.9999105464324747,-0.0018513560965406591,-0.0007123687418930588,0.00047127949853749054,-0.0006770548643544316,-0.00026769511168822646,-8.945356967160478e-05,-0.0018513561226427555,-0.0007123687537387013,0.00047127949073910713,0.9999992847442627,-8.035149949137121e-05,0.00017223932081833482,0.001193006755784154,-0.0021788813173770905,0.0029861414805054665,0.0029951082542538643,0.002385984407737851,0.9999971389770508,0.9999992500123975,-9.002013968766338e-05,0.0001827971455732114,0.0012076656079348172,-1.175143399825098e-05,False,False
0.58,0.59,58,HOVER,-0.0007133114850148559,-0.00028156969347037375,0.9999203182742349,0.0,0.0,1.0,-0.011129225089522767,0.021577899082279837,0.140031266964226,0.0007710019094373281,-0.001780314720235765,-0.0006774428184144199,0.0005025702994316816,-0.0013598822988569736,0.0008844809490256011,0.0028604406397789717,0.0003812219947576523,-1.5272176824510098e-05,0.00012223422527313232,0.00016738660633563995,0.0003812219947576523,-1.5272176824510098e-05,0.00012223422527313232,0.00016738660633563995,0.106414827668381,0.10639676105213994,0.10640391273366964,0.10644688580453873,0.1063961102579348,0.1063842013072293,0.10643492546985057,0.10642625626815322,0.5453705604773614,0.5453379121416675,0.5454769646776256,0.545453200781103,1581.7234287483886,1581.5797993270105,1581.636655990766,1581.9782727941445,0.0006321040763501832,-0.0006319967606497112,0.0006320392416379976,-0.00063229450167896,2.8591649606823922e-06,-1.1454132618382572e-07,1.2223422527313232e-07,0.42564149330316786,1.3862631043394524e-06,-2.158058137779681e-06,-1.4794434049039164e-07,0.4256623872587293,1.4729018563429398e-06,2.043516811595855e-06,2.7017856576352395e-07,-2.089395556142959e-05,1.0,1.0,1.0,1.0,0.106414827668381,0.10639676105213994,0.10640391273366964,0.10644688580453873,0.106414827668381,0.10639676105213994,0.10640391273366964,0.10644688580453873,0.0006321040763501832,-0.0006319967606497112,0.0006320392416379976,-0.00063229450167896,-0.000695362007027897,-0.0002747207500875597,0.9999153535910313,-0.0018166617173092895,-0.0006957701386835007,0.00048710668210312833,-0.0006953619886189699,-0.0002747207472566515,-8.464640995953232e-05,-0.001816661679185927,-0.0006957701407372952,0.00048710667761042714,0.9999992251396179,-9.002014121506363e-05,0.00018279714277014136,0.0012076656566932797,-0.0018590163672342896,0.0018955871928483248,0.002916959347203374,0.002415296621620655,0.999997079372406,0.9999992308864561,-9.735084221581549e-05,0.0001881838635257137,0.0012220213350459936,-1.219177228550924e-05,False,False
0.59,0.6,59,HOVER,-0.0007308925269171596,-0.000288227602140978,0.9999254256108543,0.0,0.0,1.0,-0.011636192723420903,0.021726762016247174,0.14165115576385323,0.0007892023669856448,-0.0017432576278224587,-0.0006578986067324877,0.0005157859995961189,-0.0007654213113710284,0.00011996545072179288,0.0028195949271321297,0.0002518799155950546,0.0002895906800404191,6.131455302238464e-05,6.636977195739746e-05,0.0002518799155950546,0.0002895906800404191,6.131455302238464e-05,6.636977195739746e-05,0.10640699337607412,0.10639683438004775,0.10640846792750297,0.10643714740566888,0.10637161071018748,0.10639716557713752,0.1064290428904637,0.10639316570819006,0.5453033938951218,0.5453734535779406,0.5454608394945515,0.5453624881082572,1581.6611470908852,1581.5803822977937,1581.672869696885,1581.9008604425708,0.0006320575406538803,-0.0006319971962174837,0.0006320662994893677,-0.0006322366555896731,1.8890993669629097e-06,2.171930100303143e-06,6.131455302238464e-08,0.42559098488597874,1.4773997866024229e-06,-1.3731342550682597e-06,-1.100116639088768e-07,0.42564944308929376,4.116995803604868e-07,3.545064355371403e-06,1.7132621693126145e-07,-5.8458203315014945e-05,1.0,1.0,1.0,1.0,0.10640699337607412,0.10639683438004775,0.10640846792750297,0.10643714740566888,0.10640699337607412,0.10639683438004775,0.10640846792750297,0.10643714740566888,0.0006320575406538803,-0.0006319971962174837,0.0006320662994893677,-0.0006322366555896731,-0.0007133114586273299,-0.00028156968374828435,0.9999203182756671,-0.0017803147283240567,-0.0006774428149502627,0.0005025702861914422,-0.0007133114850148559,-0.00028156969347037375,-7.968172576511279e-05,-0.001780314720235765,-0.0006774428184144199,0.0005025702994316816,0.9999992251396179,-9.735084313433617e-05,0.0001881838688859716,0.0012220212956890464,-0.0013598822988569736,0.0008844809490256011,0.0028604406397789717,0.0024440044071525335,0.9999970197677612,0.9999992128257719,-0.00010177922825797233,0.0001894761007101755,0.0012361584173900982,-1.2623122320643998e-05,False,False
0.6,0.61,60,HOVER,-0.0007481023785658181,-0.0002946858003269881,0.9999306425743271,0.0,0.0,1.0,-0.01180226347520209,0.021598379749297094,0.1432518868078186,0.000807036146790321,-0.0017061688704416156,-0.0006377223180606961,0.0005250400281511247,-0.00017563528672326356,-0.0002904756984207779,0.0027875308878719807,8.30572098493576e-05,0.0005061939591541886,-2.6986002922058105e-05,-3.549829125404358e-05,8.30572098493576e-05,0.0005061939591541886,-2.6986002922058105e-05,-3.549829125404358e-05,0.10639713778942755,0.10639896508770996,0.10640967500356896,0.10642383399352401,0.10635262687706265,0.10640858891819152,0.10641512700105635,0.10636370805806253,0.5452513457263054,0.5454047695049419,0.545422692544561,0.5452817274484746,1581.5827944586752,1581.597321775965,1581.6824658519668,1581.795026240127,0.0006319989984691996,-0.0006320098526209971,0.0006320734695211996,-0.0006321575739215326,6.22929073870182e-07,3.796454693656415e-06,-2.6986002922058105e-08,0.425540050854373,1.3224933710248056e-06,-4.359869590860911e-07,-9.495855213053576e-08,0.4256296118742305,-6.995642971546236e-07,4.232441652742506e-06,6.797254920847765e-08,-8.956101985746479e-05,1.0,1.0,1.0,1.0,0.10639713778942755,0.10639896508770996,0.10640967500356896,0.10642383399352401,0.10639713778942755,0.10639896508770996,0.10640967500356896,0.10642383399352401,0.0006319989984691996,-0.0006320098526209971,0.0006320734695211996,-0.0006321575739215326,-0.0007308925126290481,-0.0002882275902317274,0.9999254256107593,-0.0017432576285643863,-0.0006578986228686387,0.0005157859755335898,-0.0007308925269171596,-0.000288227602140978,-7.457438914570957e-05,-0.0017432576278224587,-0.0006578986067324877,0.0005157859995961189,0.9999992251396179,-0.00010177923104492947,0.0001894760935101658,0.0012361584231257439,-0.0007654213113710284,0.00011996545072179288,0.0028195949271321297,0.0024722765665501356,0.9999969601631165,0.9999991955237101,-0.00010322971750732066,0.0001883525178139356,0.0012501275484694192,-1.3047567434005621e-05,False,False
0.61,0.62,61,HOVER,-0.0007649430190213025,-0.00030094137764535844,0.9999359219582402,0.0,0.0,1.0,-0.011674676247812998,0.021410557340188142,0.14483530167378558,0.0008245056279761101,-0.0016693731304258108,-0.0006174736772663891,0.0005291527486406267,0.00031305497395806015,-0.0003186497779097408,0.0027574393898248672,-9.19494777917862e-05,0.0005933806532993913,-0.00012691691517829895,-0.00011947564780712128,-9.19494777917862e-05,0.0005933806532993913,-0.00012691691517829895,-0.00011947564780712128,0.10638724775247893,0.10640208966290707,0.10640715379438144,0.10640927269503428,0.10634258126415215,0.10641620263231602,0.10639576658187772,0.10634351169775062,0.5452238024504192,0.5454256411729755,0.5453696183061769,0.5452263535655951,1581.5041657773554,1581.6221624831692,1581.6624224102966,1581.679267535918,0.0006319402516497248,-0.000632028412597668,0.0006320584935386258,-0.0006320710798085037,-6.896210834383965e-07,4.4503548997454345e-06,-1.2691691517829896e-07,0.4254980621760965,9.5773421232093e-07,4.4982201060543917e-07,-1.0074721782109448e-07,0.4256057639048017,-1.6473552957593263e-06,4.000532889139995e-06,-2.6169697357204476e-08,-0.00010770172870522288,1.0,1.0,1.0,1.0,0.10638724775247893,0.10640208966290707,0.10640715379438144,0.10640927269503428,0.10638724775247893,0.10640208966290707,0.10640715379438144,0.10640927269503428,0.0006319402516497248,-0.000632028412597668,0.0006320584935386258,-0.0006320710798085037,-0.0007481023962757603,-0.00029468578978737584,0.9999306425765788,-0.0017061688265971888,-0.0006377223069437355,0.0005250400330391292,-0.0007481023785658181,-0.0002946858003269881,-6.935742567293346e-05,-0.0017061688704416156,-0.0006377223180606961,0.0005250400281511247,0.9999992251396179,-0.00010322971502318978,0.00018835251103155315,0.001250127563253045,-0.00017563528672326356,-0.0002904756984207779,0.0027875308878719807,0.0025002143811434507,0.9999969005584717,0.9999991785761012,-0.0001021168455047088,0.00018671343706665782,0.0012639451591263085,-1.346849431024769e-05,False,False
0.62,0.63,62,HOVER,-0.0007814174168743193,-0.0003069964295718819,0.9999412092547573,0.0,0.0,1.0,-0.011346194733910795,0.021359708332129336,0.1463997919372583,0.0008416153152661927,-0.0016328308265656233,-0.000597597099840641,0.000527719093952328,0.0006262942333705723,-1.7842619854491204e-05,0.002723429352045059,-0.00023883767426013947,0.0005388014251366258,-0.0002240929752588272,-0.00017103366553783417,-0.00023883767426013947,0.0005388014251366258,-0.0002240929752588272,-0.00017103366553783417,0.10637917784839307,0.10640510838882508,0.10640124303797563,0.10639603688413142,0.10634273113654324,0.10641874325087498,0.10637454740201686,0.10633626137779606,0.5452242133794193,0.54543260573653,0.5453114452066222,0.5452064740550222,1581.4400060753776,1581.6461614715386,1581.615431745756,1581.5740420475042,0.0006318923164194549,-0.000632046343829621,0.0006320233836455753,-0.0006319924590917406,-1.791282556951046e-06,4.0410106885246935e-06,-2.240929752588272e-07,0.4254722831672311,4.5939172924709323e-07,1.1008378261356984e-06,-1.2310285633140156e-07,0.4255815661593252,-2.2506742861981392e-06,2.940172862388995e-06,-1.0099011892742565e-07,-0.00010928299209406189,1.0,1.0,1.0,1.0,0.10637917784839307,0.10640510838882508,0.10640124303797563,0.10639603688413142,0.10637917784839307,0.10640510838882508,0.10640124303797563,0.10639603688413142,0.0006318923164194549,-0.000632046343829621,0.0006320233836455753,-0.0006319924590917406,-0.0007649430407967588,-0.0003009413784172895,0.9999359219604144,-0.0016693731553859986,-0.0006174736490149431,0.0005291527736455305,-0.0007649430190213025,-0.00030094137764535844,-6.407804175978526e-05,-0.0016693731304258108,-0.0006174736772663891,0.0005291527486406267,0.9999991655349731,-0.0001021168427541852,0.00018671344150789082,0.0012639451306313276,0.00031305497395806015,-0.0003186497779097408,0.0027574393898248672,0.002527850214391947,0.9999967813491821,0.9999991615981474,-9.925228675808298e-05,0.00018627196999905285,0.0012775972522755788,-1.388978000476813e-05,False,False
0.63,0.64,63,HOVER,-0.0007975262124091387,-0.00031285639852285385,0.9999464509855898,0.0,0.0,1.0,-0.01093594933740841,0.021580626345105405,0.1479409926668722,0.0008583674519229309,-0.0015962031902745366,-0.0005783560336567461,0.0005211809184402227,0.0007256489479914308,0.0004920666688121855,0.002681086305528879,-0.00033013708889484406,0.00036027433816343546,-0.0003075208514928818,-0.00018267706036567688,-0.00033013708889484406,0.00036027433816343546,-0.0003075208514928818,-0.00018267706036567688,0.10637426465389144,0.10640711405724104,0.10639290925714867,0.10638641205117402,0.1063520742863469,0.106416173110514,0.1063552708550017,0.10634294321795464,0.5452498306413759,0.5454255602449639,0.5452585949129789,0.5452247948765023,1581.4009430574301,1581.6621065016025,1581.5491766580974,1581.49752160852,0.0006318631320441151,-0.0006320582575000118,0.0006319738809874631,-0.0006319352875839737,-2.47602816671133e-06,2.7020575362257657e-06,-3.0752085149288176e-07,0.4254664614698172,-7.273947633980316e-08,1.391099372659299e-06,-1.5653205240730248e-07,0.4255607000194552,-2.403288690371527e-06,1.3109581635664666e-06,-1.5098879908557927e-07,-9.423854963797051e-05,1.0,1.0,1.0,1.0,0.10637426465389144,0.10640711405724104,0.10639290925714867,0.10638641205117402,0.10637426465389144,0.10640711405724104,0.10639290925714867,0.10638641205117402,0.0006318631320441151,-0.0006320582575000118,0.0006319738809874631,-0.0006319352875839737,-0.0007814174144662448,-0.00030699642252994617,0.9999412092561897,-0.00163283079642392,-0.0005975970814793267,0.0005277190731939553,-0.0007814174168743193,-0.0003069964295718819,-5.8790745242731646e-05,-0.0016328308265656233,-0.000597597099840641,0.000527719093952328,0.9999991655349731,-9.925228368956596e-05,0.00018627196550369263,0.001277597271837294,0.0006262942333705723,-1.7842619854491204e-05,0.002723429352045059,0.002555155660957098,0.9999967217445374,0.9999991443120791,-9.567720926124429e-05,0.0001882031217547445,0.00129104630672531,-1.431467157008467e-05,False,False
0.64,0.65,64,HOVER,-0.0008132656221278012,-0.00031852812389843166,0.9999516027019126,0.0,0.0,1.0,-0.010565705497284063,0.02212099986304319,0.1494528674414161,0.0008747590732946595,-0.001558978925459087,-0.0005598042043857276,0.000510726822540164,0.0006150600966066122,0.0010527876438573003,0.0026277340948581696,-0.0003495011478662491,0.0001009978586807847,-0.00037002190947532654,-0.0001549646258354187,-0.0003495011478662491,0.0001009978586807847,-0.00037002190947532654,-0.0001549646258354187,0.1063730719764154,0.10640755458089642,0.10638355844807515,0.10638194348180713,0.10636768511253877,0.10640954428126306,0.10634132710562569,0.10636176118765484,0.5452926312703243,0.5454073884903405,0.5452203637175311,0.5452763897032126,1581.3914604328825,1581.6656086452756,1581.474834174261,1581.4619943824941,0.0006318560475399075,-0.0006320608742105247,0.0006319183371815664,-0.0006319087442819343,-2.621258608996868e-06,7.574839401058853e-07,-3.7002190947532653e-07,0.42548031768708233,-5.347312027718931e-07,1.276229613831996e-06,-1.952337709850262e-07,0.4255461284871941,-2.086527406224975e-06,-5.187456737261106e-07,-1.7478813849030032e-07,-6.581080011175411e-05,1.0,1.0,1.0,1.0,0.1063730719764154,0.10640755458089642,0.10638355844807515,0.10638194348180713,0.1063730719764154,0.10640755458089642,0.10638355844807515,0.10638194348180713,0.0006318560475399075,-0.0006320608742105247,0.0006319183371815664,-0.0006319087442819343,-0.0007975262150752162,-0.0003128563860671895,0.9999464509867402,-0.001596203246878759,-0.0005783560610941716,0.0005211809372516893,-0.0007975262124091387,-0.00031285639852285385,-5.354901441023685e-05,-0.0015962031902745366,-0.0005783560336567461,0.0005211809184402227,0.9999991655349731,-9.567721281200647e-05,0.00018820312106981874,0.0012910462683066726,0.0007256489479914308,0.0004920666688121855,0.002681086305528879,0.0025820545852184296,0.9999966621398926,0.9999991265956127,-9.245486241904927e-05,0.00019292172300741512,0.0013042397475873835,-1.4744663471179475e-05,False,False
0.65,0.66,65,HOVER,-0.0008286263910122216,-0.00032401777571067214,0.9999566350779787,0.0,0.0,1.0,-0.010336217154038483,0.022935401927965268,0.15092865691680946,0.0008907804057793046,-0.001520629390142858,-0.0005417979555204511,0.0004980455851182342,0.00033904158044606447,0.001502616098150611,0.002562418580055237,-0.0002949703484773636,-0.00018095073755830526,-0.000408833846449852,-9.614601731300354e-05,-0.0002949703484773636,-0.00018095073755830526,-0.000408833846449852,-9.614601731300354e-05,0.1063753183652128,0.10640630940360155,0.10637475311706596,0.1063831485898954,0.1063854647052101,0.10640068542054958,0.10633498516702312,0.10638859169856077,0.5453413757931089,0.5453831029768783,0.5452029747959716,0.545349948506395,1581.4093207770622,1581.6557095294665,1581.4048266740078,1581.4715756016622,0.000631869391089364,-0.0006320534778573931,0.0006318660335153718,-0.0006319159026239786,-2.212277613580227e-06,-1.3571305316872895e-06,-4.08833846449852e-07,0.42550972699134354,-8.38834916812737e-07,7.988662203491266e-07,-2.3395587663596444e-07,0.42553952947577567,-1.37344269676749e-06,-2.155996752036416e-06,-1.7487796981388757e-07,-2.980248443212874e-05,1.0,1.0,1.0,1.0,0.1063753183652128,0.10640630940360155,0.10637475311706596,0.1063831485898954,0.1063753183652128,0.10640630940360155,0.10637475311706596,0.1063831485898954,0.000631869391089364,-0.0006320534778573931,0.0006318660335153718,-0.0006319159026239786,-0.0008132655993840127,-0.00031852811529158145,0.9999516027033222,-0.0015589789317419483,-0.0005598042314630433,0.0005107268151412387,-0.0008132656221278012,-0.00031852812389843166,-4.8397298087365925e-05,-0.001558978925459087,-0.0005598042043857276,0.000510726822540164,0.9999991059303284,-9.245486580766737e-05,0.00019292172510176897,0.001304239733144641,0.0006150600966066122,0.0010527876438573003,0.0026277340948581696,0.00260844174772501,0.9999966025352478,0.9999991085010062,-9.046404886070915e-05,0.00020003016198390995,0.0013171185912517582,-1.5178777928865544e-05,False,False
0.66,0.67,66,HOVER,-0.0008435947820544243,-0.0003293291956651956,0.9999615369051753,0.0,0.0,1.0,-0.010308224895378788,0.02389908927643527,0.15236171926085834,0.0009064156249152094,-0.0014807615661993623,-0.0005240466562099755,0.0004849845718126744,-2.694487920962274e-05,0.0017105485312640667,0.002485669916495681,-0.0001789052039384842,-0.0004252254730090499,-0.0004246477037668228,-2.0615756511688232e-05,-0.0001789052039384842,-0.0004252254730090499,-0.0004246477037668228,-2.0615756511688232e-05,0.10637998073816388,0.10640365789317771,0.10636790235906934,0.1063894311420413,0.1064010398269675,0.10639168217831803,0.10633696147769527,0.10641780863876343,0.5453840745514708,0.5453584210434234,0.5452083936628149,0.5454300437026349,1581.446389508244,1581.634630000004,1581.3503579749488,1581.5215245485695,0.0006318970855846934,-0.0006320377278854756,0.0006318253400128719,-0.0006319532209837253,-1.3417890295386313e-06,-3.189191047567874e-06,-4.246477037668228e-07,0.4255474921217442,-9.300178793148969e-07,7.59556935403527e-08,-2.6852327163564855e-07,0.42554097213245223,-4.117711502237344e-07,-3.2651467411082266e-06,-1.5612443213117426e-07,6.51998929196429e-06,1.0,1.0,1.0,1.0,0.10637998073816388,0.10640365789317771,0.10636790235906934,0.1063894311420413,0.10637998073816388,0.10640365789317771,0.10636790235906934,0.1063894311420413,0.0006318970855846934,-0.0006320377278854756,0.0006318253400128719,-0.0006319532209837253,-0.000828626378277658,-0.00032401778291870113,0.9999566350764462,-0.0015206293446939122,-0.0005417979464144046,0.0004980456082784317,-0.0008286263910122216,-0.00032401777571067214,-4.336492202128284e-05,-0.001520629390142858,-0.0005417979555204511,0.0004980455851182342,0.9999991059303284,-9.046404738910496e-05,0.00020003016106784344,0.001317118643783033,0.00033904158044606447,0.001502616098150611,0.002562418580055237,0.002634198870509863,0.999996542930603,0.9999990902536757,-9.023345214819817e-05,0.00020843910286470226,0.0013296250920312488,-1.5613542958330397e-05,False,False
0.67,0.68,67,HOVER,-0.0008581545553170145,-0.00033446276211179793,0.9999663145208615,0.0,0.0,1.0,-0.010491679407706867,0.024837875837068257,0.15374625100887707,0.0009216448836485704,-0.00143923528958112,-0.0005061905831098557,0.00047318689757958055,-0.00039187708171084523,0.0016024779761210084,0.0023991295602172613,-2.5363638997077942e-05,-0.0005819894140586257,-0.00042098574340343475,5.4661184549331665e-05,-2.5363638997077942e-05,-0.0005819894140586257,-0.00042098574340343475,5.4661184549331665e-05,0.10638556249678169,0.1064001816506438,0.10636399626680701,0.1063992353143564,0.10641077446144975,0.10638448108065583,0.1063463543243001,0.10644352072586905,0.5454107608355967,0.5453386791517294,0.5452341475978919,0.5455005253079377,1581.4907672860575,1581.6069936072363,1581.3193011255569,1581.5994701152806,0.0006319302412308832,-0.0006320170790048242,0.0006318021378248337,-0.000632011457767277,-1.9022729247808456e-07,-4.364920605439693e-06,-4.209857434034348e-07,0.4255851305922747,-7.959317801955849e-07,-7.29016341313813e-07,-2.9615771638433035e-07,0.4255489757285889,6.057044877175004e-07,-3.6359042641258797e-06,-1.2482802701910443e-07,3.615486368580001e-05,1.0,1.0,1.0,1.0,0.10638556249678169,0.1064001816506438,0.10636399626680701,0.1063992353143564,0.10638556249678169,0.1064001816506438,0.10636399626680701,0.1063992353143564,0.0006319302412308832,-0.0006320170790048242,0.0006318021378248337,-0.000632011457767277,-0.00084359477899334,-0.0003293291906717825,0.9999615369062488,-0.001480761557387183,-0.0005240466720676047,0.00048498456889435414,-0.0008435947820544243,-0.0003293291956651956,-3.8463094824692234e-05,-0.0014807615661993623,-0.0005240466562099755,0.0004849845718126744,0.9999991059303284,-9.023345046443865e-05,0.00020843910169787705,0.0013296251418069005,-2.694487920962274e-05,0.0017105485312640667,0.002485669916495681,0.002659210469573736,0.9999964833259583,0.999999072226597,-9.184790245088116e-05,0.00021662831954234328,0.0013417086416695455,-1.604369197847705e-05,False,False
0.68,0.6900000000000001,68,HOVER,-0.0008722898783162236,-0.00033941533183678985,0.9999709878284193,0.0,0.0,1.0,-0.010845100025662,0.025567118322676677,0.15507778299585603,0.0009364475988535812,-0.0013962213415652514,-0.00048788951244205236,0.0004637840611394495,-0.0006672531017102301,0.0011743385111913085,0.0023051276803016663,0.00013478659093379974,-0.0006218090420588851,-0.00040233321487903595,0.00011346302926540375,0.00013478659093379974,-0.0006218090420588851,-0.00040233321487903595,0.00011346302926540375,0.10639045039455457,0.10639660322737071,0.1063634297770343,0.10641037456235938,0.10641252817607345,0.10638044116726939,0.10636087114901405,0.10646069102227589,0.5454155683480534,0.54532760350914,0.5452739494697322,0.5455475894640538,1581.5296279545778,1581.5785445897388,1581.3147970083364,1581.6880272718079,0.0006319592753436541,-0.000631995823170582,0.0006317987728755837,-0.0006320776249004147,1.010899432003498e-06,-4.663567815441638e-06,-4.0233321487903596e-07,0.42561453151463274,-4.684283839043006e-07,-1.442199480953827e-06,-3.153998517589889e-07,0.42556085796131893,1.4793278159077986e-06,-3.2213683344878112e-06,-8.693336312004704e-08,5.3673553313815514e-05,1.0,1.0,1.0,1.0,0.10639045039455457,0.10639660322737071,0.1063634297770343,0.10641037456235938,0.10639045039455457,0.10639660322737071,0.1063634297770343,0.10641037456235938,0.0006319592753436541,-0.000631995823170582,0.0006317987728755837,-0.0006320776249004147,-0.000858154542406668,-0.00033446274985983286,0.9999663145210264,-0.0014392352575867235,-0.0005061905615997193,0.00047318690920337275,-0.0008581545553170145,-0.00033446276211179793,-3.3685479138512164e-05,-0.00143923528958112,-0.0005061905831098557,0.00047318689757958055,0.9999990463256836,-9.184790542349219e-05,0.00021662832295987755,0.001341708586551249,-0.00039187708171084523,0.0016024779761210084,0.0023991295602172613,0.0026833752635866404,0.9999964237213135,0.99999905488037,-9.494320647606539e-05,0.00022298691746147842,0.0013533295936111562,-1.646332896785403e-05,False,False
0.6900000000000001,0.7000000000000001,69,HOVER,-0.000885988469235599,-0.00034418090945109725,0.9999755839253339,0.0,0.0,1.0,-0.011284958301249353,0.02593125611113922,0.15635323075338534,0.0009508060847255469,-0.0013521919026970863,-0.0004689060733653605,0.0004572022007778287,-0.0007842538761906326,0.0004900238127447665,0.0022062985226511955,0.00027023814618587494,-0.00054102239664644,-0.00037352927029132843,0.0001436527818441391,0.00027023814618587494,-0.00054102239664644,-0.00037352927029132843,0.0001436527818441391,0.10639327740403302,0.10639361228265873,0.10636594851864137,0.10642048456667522,0.10640604631004538,0.10638010352667633,0.10637732502764703,0.1064661515265534,0.5453977992898371,0.5453266778434066,0.5453190603573009,0.5455625563528483,1581.5521035259571,1581.5547658995001,1581.3348232772437,1581.768399545577,0.0006319760677799561,-0.0006319780569589928,0.0006318137342007297,-0.0006321376783260508,2.026786096394062e-06,-4.0576679748483e-06,-3.7352927029132844e-07,0.4256296263909221,-1.6143141619035656e-08,-1.91628234442456e-06,-3.259333043577556e-07,0.4255733227720083,2.0429292380130976e-06,-2.1413856304237402e-06,-4.7595965933572825e-08,5.630361891378888e-05,1.0,1.0,1.0,1.0,0.10639327740403302,0.10639361228265873,0.10636594851864137,0.10642048456667522,0.10639327740403302,0.10639361228265873,0.10636594851864137,0.10642048456667522,0.0006319760677799561,-0.0006319780569589928,0.0006318137342007297,-0.0006321376783260508,-0.0008722898532991788,-0.00033941532036170697,0.9999709878275104,-0.0013962212889073791,-0.00048788950413482035,0.00046378406260660227,-0.0008722898783162236,-0.00033941533183678985,-2.9012171580689028e-05,-0.0013962213415652514,-0.00048788951244205236,0.0004637840611394495,0.9999990463256836,-9.494320693193004e-05,0.0002229869132861495,0.001353329629637301,-0.0006672531017102301,0.0011743385111913085,0.0023051276803016663,0.0027066145557910204,0.9999963641166687,0.9999990386690616,-9.87885063475005e-05,0.00022615831788764924,0.001364461138684493,-1.686716592243974e-05,False,False
0.7000000000000001,0.71,70,HOVER,-0.0008992442162707448,-0.0003487521316856146,0.9999801296580699,0.0,0.0,1.0,-0.01170301817087149,0.025835598553027098,0.15757108424458313,0.0009647087852507948,-0.0013078473275527358,-0.0004491663712542504,0.000453115557320416,-0.0007066738326102495,-0.00033485275343991816,0.0021052721422165632,0.0003550481051206589,-0.0003613814478740096,-0.0003386419266462326,0.00013923272490501404,0.0003550481051206589,-0.0003613814478740096,-0.0003386419266462326,0.00013923272490501404,0.10639321576515647,0.10639170886661528,0.10637071885354389,0.10642748431606738,0.10639293736371408,0.10638311191794396,0.10639226560483155,0.10645910147596299,0.545361862107946,0.5453349255315749,0.5453600204965146,0.5455432325776706,1581.5516134803336,1581.5396332059809,1581.3727513588758,1581.8240446599016,0.0006319757016450294,-0.0006319667506676948,0.0006318420699900507,-0.0006321792568374403,2.6628607884049415e-06,-2.710360859055072e-06,-3.3864192664623264e-07,0.42562741636245255,4.6946270531667347e-07,-2.0602193254418318e-06,-3.282358700548932e-07,0.425583127801383,2.193398083088268e-06,-6.501415336132401e-07,-1.0406056591339415e-08,4.428856106952761e-05,1.0,1.0,1.0,1.0,0.10639321576515647,0.10639170886661528,0.10637071885354389,0.10642748431606738,0.10639321576515647,0.10639170886661528,0.10637071885354389,0.10642748431606738,0.0006319757016450294,-0.0006319667506676948,0.0006318420699900507,-0.0006321792568374403,-0.0008859884480682165,-0.0003441809173995586,0.9999755839260797,-0.0013521918678660362,-0.00046890606805092465,0.0004572022071857169,-0.000885988469235599,-0.00034418090945109725,-2.4416074666078202e-05,-0.0013521919026970863,-0.0004689060733653605,0.0004572022007778287,0.9999990463256836,-9.878850687528029e-05,0.0002261583140352741,0.0013644611462950706,-0.0007842538761906326,0.0004900238127447665,0.0022062985226511955,0.002728875260800123,0.9999963045120239,0.999999023933098,-0.0001024380151945135,0.0002253174806298788,0.0013750895742756354,-1.7251489066964506e-05,False,False
0.71,0.72,71,HOVER,-0.0009120588656514883,-0.00035312192630954087,0.9999846445807634,0.0,0.0,1.0,-0.01198810661635483,0.025264052191430564,0.15873117837585485,0.0009781524718334926,-0.0012639975175261497,-0.0004287874326109886,0.0004505485121626407,-0.000437258742749691,-0.0011592950904741883,0.0020044760312885046,0.0003737490624189377,-0.00012422201689332724,-0.000300506129860878,0.00010129623115062714,0.0003737490624189377,-0.00012422201689332724,-0.000300506129860878,0.00010129623115062714,0.10639013692019776,0.10639110008399813,0.10637651543423024,0.10642996484453206,0.10637623116764881,0.1063883504354902,0.1064026977613627,0.10644116875107366,0.5453160614329541,0.5453492870816434,0.5453886196226846,0.5454940783183365,1581.5271357287052,1581.5347931957801,1581.4188382576974,1581.843763575098,0.0006319574133059747,-0.0006319631344989489,0.0006318765016793276,-0.0006321939911765204,2.8031179681420325e-06,-9.316651266999543e-07,-3.00506129860878e-07,0.42560844811557536,8.924759722951647e-07,-1.8556512450590076e-06,-3.232106901670173e-07,0.4255877172829582,1.9106419958468677e-06,9.239861183590534e-07,2.270456030613929e-08,2.073083261716624e-05,1.0,1.0,1.0,1.0,0.10639013692019776,0.10639110008399813,0.10637651543423024,0.10642996484453206,0.10639013692019776,0.10639110008399813,0.10637651543423024,0.10642996484453206,0.0006319574133059747,-0.0006319631344989489,0.0006318765016793276,-0.0006321939911765204,-0.000899244234325436,-0.0003487521265458638,0.9999801296573902,-0.0013078473515292113,-0.0004491663585931621,0.0004531155492695819,-0.0008992442162707448,-0.0003487521316856146,-1.9870341930072755e-05,-0.0013078473275527358,-0.0004491663712542504,0.000453115557320416,0.9999990463256836,-0.00010243801807519048,0.0002253174752695486,0.0013750896323472261,-0.0007066738326102495,-0.00033485275343991816,0.0021052721422165632,0.0027501306030899286,0.9999962449073792,0.99999901081544,-0.00010492125978616854,0.00022032532281802177,0.0013852134936722961,-1.761468142833709e-05,False,False
0.72,0.73,72,HOVER,-0.0009244421380572021,-0.00035728560760617256,0.9999891357538218,0.0,0.0,1.0,-0.012048011105322989,0.02427972476919383,0.15983466701126928,0.0009911429280700663,-0.0012214239686727524,-0.0004080666694790125,0.0004481026262510568,-1.6383131878683344e-05,-0.001847349340096116,0.0019060448976233602,0.0003237556666135788,0.00011907669249922037,-0.00026064738631248474,3.7647783756256104e-05,0.0003237556666135788,0.00011907669249922037,-0.00026064738631248474,3.7647783756256104e-05,0.10638461963331855,0.10639167489592782,0.10638198150854172,0.10642742993166579,0.1063597010076015,0.10639427113491987,0.10640667092265471,0.10641598082670212,0.5452707412646719,0.5453655186006103,0.5453995115851048,0.5454250331378799,1581.4832710976339,1581.5393631287197,1581.4622967147707,1581.8236123305774,0.0006319246406219121,-0.0006319665488818113,0.0006319089701607378,-0.0006321789337940948,2.428167499601841e-06,8.930751937441527e-07,-2.6064738631248474e-07,0.42557662389187817,1.1708483870307568e-06,-1.357390190000543e-06,-3.118718932561791e-07,0.4255857059694539,1.2573191125710841e-06,2.250465383744696e-06,5.122450694369438e-08,-9.082077575717218e-06,1.0,1.0,1.0,1.0,0.10638461963331855,0.10639167489592782,0.10638198150854172,0.10642742993166579,0.10638461963331855,0.10639167489592782,0.10638198150854172,0.10642742993166579,0.0006319246406219121,-0.0006319665488818113,0.0006319089701607378,-0.0006321789337940948,-0.0009120588865495109,-0.00035312193329286586,0.9999846445814958,-0.0012639975104221546,-0.00042878743526358405,0.0004505485098762419,-0.0009120588656514883,-0.00035312192630954087,-1.5355419236584567e-05,-0.0012639975175261497,-0.0004287874326109886,0.0004505485121626407,0.9999989867210388,-0.0001049212587531656,0.00022032532433513552,0.0013852134579792619,-0.000437258742749691,-0.0011592950904741883,0.0020044760312885046,0.002770378254354,0.9999961853027344,0.99999899923303,-0.00010543416512678118,0.0002117337096864914,0.0013948424324962028,-1.795729612456138e-05,False,False
0.73,0.74,73,HOVER,-0.0009364106226712465,-0.0003612422151491046,0.9999935952687338,0.0,0.0,1.0,-0.011827259052374178,0.023009042518438085,0.16088369482184373,0.0010036940832942956,-0.00118075346108526,-0.0003874357498716563,0.0004442586796358228,0.00048652669647708535,-0.002296126214787364,0.0018118025036528707,0.00021614693105220795,0.00031806679908186197,-0.00021994300186634064,-3.904849290847778e-05,0.00021614693105220795,0.00031806679908186197,-0.00021994300186634064,-3.904849290847778e-05,0.10637779658495274,0.1063930445675612,0.10638590802997835,0.10642035842975926,0.10634698084500169,0.10639923096780633,0.1064036433110754,0.10638842062966242,0.5452358654102174,0.5453791157102126,0.5453912117488756,0.5453494795196077,1581.4290242075717,1581.5502524130288,1581.493514425375,1581.7673967992657,0.0006318841117146192,-0.0006319746847313135,0.0006319322936980714,-0.00063213692907277,1.6211019828915596e-06,2.385500993113965e-06,-2.1994300186634064e-07,0.4255382757535458,1.2524617368928417e-06,-6.789014591317838e-07,-2.9520839139299173e-07,0.42557710761225154,3.6864024599871785e-07,3.0644024522457487e-06,7.526538952665109e-08,-3.883185870573458e-05,1.0,1.0,1.0,1.0,0.10637779658495274,0.1063930445675612,0.10638590802997835,0.10642035842975926,0.10637779658495274,0.1063930445675612,0.10638590802997835,0.10642035842975926,0.0006318841117146192,-0.0006319746847313135,0.0006319322936980714,-0.00063213692907277,-0.0009244421182460828,-0.00035728559907609813,0.9999891357539655,-0.001221423995982542,-0.00040806665557103177,0.00044810261810525207,-0.0009244421380572021,-0.00035728560760617256,-1.0864246178243775e-05,-0.0012214239686727524,-0.0004080666694790125,0.0004481026262510568,0.9999989867210388,-0.00010543416283326223,0.00021173371351324022,0.0013948424020782113,-1.6383131878683344e-05,-0.001847349340096116,0.0019060448976233602,0.0027896377723664045,0.9999961256980896,0.9999989889129239,-0.0001034941107470212,0.0002006466741735868,0.0014039953742881793,-1.828175933376043e-05,False,False
0.74,0.75,74,HOVER,-0.0009479859145358205,-0.0003649956197477877,0.9999980009306455,0.0,0.0,1.0,-0.011317426941982713,0.0216134565567615,0.16188134483011482,0.0010158263103856248,-0.0011423671385273337,-0.0003673893224913627,0.0004376876458991319,0.0009870148496702313,-0.002455643145367503,0.0017232786631211638,7.246248424053192e-05,0.0004341393942013383,-0.00017889589071273804,-0.00011422857642173767,7.246248424053192e-05,0.0004341393942013383,-0.00017889589071273804,-0.00011422857642173767,0.10637108547326404,0.10639464645442837,0.10638746710946506,0.10641005465008405,0.10634077526019195,0.10640188171489556,0.10639450901904332,0.10636351971765837,0.5452188506282468,0.5453863825106722,0.5453661707511727,0.5452812110758251,1581.375666265948,1581.5629878225675,1581.5059097529797,1581.6854840037402,0.0006318442477111884,-0.0006319841999393045,0.0006319415546302225,-0.0006320757246214993,5.434686318039894e-07,3.256045456510037e-06,-1.7889589071273803e-07,0.4255006857117892,1.1239295052934903e-06,3.441599048022853e-08,-2.7412221939289525e-07,0.4255632536872415,-5.804608734895009e-07,3.2216294660298085e-06,9.522632868015722e-08,-6.256797545234338e-05,1.0,1.0,1.0,1.0,0.10637108547326404,0.10639464645442837,0.10638746710946506,0.10641005465008405,0.10637108547326404,0.10639464645442837,0.10638746710946506,0.10641005465008405,0.0006318442477111884,-0.0006319841999393045,0.0006319415546302225,-0.0006320757246214993,-0.0009364106195381266,-0.0003612422140185327,0.9999935952686978,-0.0011807534397178265,-0.00038743575849799916,0.0004442586789119123,-0.0009364106226712465,-0.0003612422151491046,-6.404731266229646e-06,-0.00118075346108526,-0.0003874357498716563,0.0004442586796358228,0.9999989867210388,-0.00010349410877097398,0.00020064666750840843,0.0014039953239262104,0.00048652669647708535,-0.002296126214787364,0.0018118025036528707,0.0028079466428607702,0.9999960660934448,0.9999989794753101,-9.902953313991323e-05,0.0001884732701380971,0.0014126993013972781,-1.8591793591181287e-05,False,False
0.75,0.76,75,HOVER,-0.0009591917041689157,-0.0003685545816551894,1.0000023197749215,0.0,0.0,1.0,-0.010558180565117831,0.02025520888979743,0.16283139832304333,0.0010275634220626904,-0.0011063643032684922,-0.00034840195439755917,0.000427511113230139,0.0014021648094058037,-0.002336659235879779,0.0016417261213064194,-7.889606058597565e-05,0.0004477069014683366,-0.00013831444084644318,-0.00017405115067958832,-7.889606058597565e-05,0.0004477069014683366,-0.00013831444084644318,-0.00017405115067958832,0.1063658697290228,0.10639587836404632,0.10638637305462706,0.10639836784358944,0.10634231295524699,0.1064014425282517,0.10638143162738226,0.10634558731377933,0.5452230667847368,0.5453851785211,0.5453303189210458,0.5452320445824821,1581.3341968308039,1581.5727817797892,1581.4972115695657,1581.5925735966293,0.0006318132661903954,-0.0006319915174824351,0.0006319350559444847,-0.0006320063049909213,-5.917204543948174e-07,3.3578017610125244e-06,-1.3831444084644319e-07,0.42547077442466025,8.1291062598585e-07,6.368795274912416e-07,-2.4950033847617997e-07,0.4255464889912856,-1.4046310803806674e-06,2.720922233521283e-06,1.1118589762973678e-07,-7.571456662536225e-05,1.0,1.0,1.0,1.0,0.1063658697290228,0.10639587836404632,0.10638637305462706,0.10639836784358944,0.1063658697290228,0.10639587836404632,0.10638637305462706,0.10639836784358944,0.0006318132661903954,-0.0006319915174824351,0.0006319350559444847,-0.0006320063049909213,-0.000947985927282724,-0.0003649956267397938,0.9999980009305719,-0.0011423671227770923,-0.0003673893215749706,0.0004376876460433326,-0.0009479859145358205,-0.0003649956197477877,-1.9990693544968963e-06,-0.0011423671385273337,-0.0003673893224913627,0.0004376876458991319,0.9999989867210388,-9.902953024720773e-05,0.00018847327737603337,0.0014126993482932448,0.0009870148496702313,-0.002455643145367503,0.0017232786631211638,0.002825358649715781,0.9999960064888,0.9999989705295558,-9.238858358181e-05,0.00017662893167487187,0.001420987824972449,-1.8891653380896563e-05,False,False
0.76,0.77,76,HOVER,-0.0009700509835965931,-0.00037193202297203243,1.0000065136441663,0.0,0.0,1.0,-0.009629006506514208,0.019064628854838412,0.1637383188401133,0.001038929626129273,-0.0010725841857492924,-0.00033085039467550814,0.0004134649643674493,0.0016665681032463908,-0.0020054688211530447,0.0015681148506700993,-0.0002089906483888626,0.000361689948476851,-9.944848716259003e-05,-0.0002080816775560379,-0.0002089906483888626,0.000361689948476851,-9.944848716259003e-05,-0.0002080816775560379,0.10636320254971555,0.10639624310736537,0.10638292512516595,0.10638730825073163,0.10635115606696101,0.10639789053193387,0.106367352428872,0.10633736013345517,0.5452473130760742,0.545375440997409,0.5452917191618789,0.5452094867375753,1581.3129903391557,1581.5756815643604,1581.4697989464091,1581.5046467627267,0.0006317974231453104,-0.0006319936840577503,0.0006319145752434858,-0.0006319406110093459,-1.5674298629164695e-06,2.7126746135763822e-06,-9.944848716259002e-08,0.425453759161222,3.813997987629249e-07,1.0131835113343958e-06,-2.2229667830000847e-07,0.4255296790329785,-1.9488296616793943e-06,1.6994911022419864e-06,1.2284819113741846e-07,-7.591987175648018e-05,1.0,1.0,1.0,1.0,0.10636320254971555,0.10639624310736537,0.10638292512516595,0.10638730825073163,0.10636320254971555,0.10639624310736537,0.10638292512516595,0.10638730825073163,0.0006317974231453104,-0.0006319936840577503,0.0006319145752434858,-0.0006319406110093459,-0.0009591917046439225,-0.0003685545784390279,1.000002319774837,-0.0011063642906709477,-0.0003484019442008406,0.00042751111402014017,-0.0009591917041689157,-0.0003685545816551894,2.3197749214887153e-06,-0.0011063643032684922,-0.00034840195439755917,0.000427511113230139,0.9999989867210388,-9.238858183380216e-05,0.00017662893515080214,0.0014209877699613571,0.0014021648094058037,-0.002336659235879779,0.0016417261213064194,0.002841940149664879,0.9999959468841553,0.9999989617521967,-8.426656955158918e-05,0.0001662500233826291,0.001428899787871433,-1.9185295042784844e-05,False,False
0.77,0.78,77,HOVER,-0.0009805840672925115,-0.00037514380528591573,1.0000105456483652,0.0,0.0,1.0,-0.008633482126359063,0.018115709714503214,0.16460690269127515,0.0010499472359941544,-0.0010406790534034371,-0.0003149555413983762,0.00039593398105353117,0.0017444893019273877,-0.001567240571603179,0.0015030947979539633,-0.0002934802323579788,0.0001999154919758439,-6.434693932533264e-05,-0.00021147914230823517,-0.0002934802323579788,0.0001999154919758439,-6.434693932533264e-05,-0.00021147914230823517,0.10636357712727246,0.10639545398674405,0.10637792550920146,0.10637865190892151,0.10636526896996071,0.10639188982235251,0.10635534483542813,0.1063395568011046,0.5452860069882158,0.5453589902960347,0.5452587977497245,0.5452155097616994,1581.3159685795906,1581.5694078890429,1581.4300492340008,1581.435824548027,0.0006317996481359984,-0.0006319889966812597,0.0006318848775246567,-0.0006318891923389938,-2.201101742684841e-06,1.4993661898188291e-06,-6.434693932533264e-08,0.4254520604288459,-8.675041831629829e-08,1.1013245045155863e-06,-1.9366335959837468e-07,0.42551560853213943,-2.114351324368543e-06,3.9804168530324283e-07,1.2931642027304206e-07,-6.354810329350924e-05,1.0,1.0,1.0,1.0,0.10636357712727246,0.10639545398674405,0.10637792550920146,0.10637865190892151,0.10636357712727246,0.10639545398674405,0.10637792550920146,0.10637865190892151,0.0006317996481359984,-0.0006319889966812597,0.0006318848775246567,-0.0006318891923389938,-0.0009700510069869178,-0.000371932025588427,1.0000065136442948,-0.0010725841480537087,-0.0003308503861178561,0.00041346495680996367,-0.0009700509835965931,-0.00037193202297203243,6.513644166261656e-06,-0.0010725841857492924,-0.00033085039467550814,0.0004134649643674493,0.9999989867210388,-8.426656859228387e-05,0.00016625002899672836,0.001428899820894003,0.0016665681032463908,-0.0020054688211530447,0.0015681148506700993,0.0028577686753124,0.9999958872795105,0.9999989529310835,-7.556835980943106e-05,0.0001579810062542334,0.001436477692536876,-1.9475654200925368e-05,False,False
0.78,0.79,78,HOVER,-0.0009908071951940656,-0.0003782068088185042,1.0000143861934703,0.0,0.0,1.0,-0.007679282859924541,0.017414747141094936,0.16544226664732822,0.001060634833883732,-0.0010102208470925689,-0.0003007549967151135,0.00037585949758067727,0.0016360323643311858,-0.001142019871622324,0.0014469262678176165,-0.00031763501465320587,7.242197170853615e-07,-3.560073673725128e-05,-0.00018530339002609253,-0.00031763501465320587,7.242197170853615e-07,-3.560073673725128e-05,-0.00018530339002609253,0.10636684325912127,0.10639349900045764,0.10637249745606506,0.10637362149238228,0.10638159562282919,0.10638466913367838,0.10634798183465276,0.1063509017138267,0.5453307685246854,0.5453391947062883,0.5452386099459484,0.5452466156918918,1581.3419372376445,1581.5538652763532,1581.3868925808624,1581.3958294751258,0.0006318190489591803,-0.0006319773840627184,0.0006318526348890265,-0.0006318593116647507,-2.382262609899044e-06,5.431647878140211e-09,-3.560073673725128e-08,0.425465148304987,-5.028651650570981e-07,9.026734309521695e-07,-1.6501187926232664e-07,0.42550646120802627,-1.8793974448419459e-06,-8.972417830740292e-07,1.2941114252507536e-07,-4.1312903039270044e-05,1.0,1.0,1.0,1.0,0.10636684325912127,0.10639349900045764,0.10637249745606506,0.10637362149238228,0.10636684325912127,0.10639349900045764,0.10637249745606506,0.10637362149238228,0.0006318190489591803,-0.0006319773840627184,0.0006318526348890265,-0.0006318593116647507,-0.0009805840854404243,-0.0003751437925107289,1.0000105456486554,-0.0010406790289121323,-0.00031495555139845756,0.00039593398406835274,-0.0009805840672925115,-0.00037514380528591573,1.0545648365223315e-05,-0.0010406790534034371,-0.0003149555413983762,0.00039593398105353117,0.999998927116394,-7.556835771538317e-05,0.0001579810050316155,0.0014364776434376836,0.0017444893019273877,-0.001567240571603179,0.0015030947979539633,0.0028729287441819906,0.9999958872795105,0.9999989439763489,-6.723372352946851e-05,0.000151875429548569,0.001443765793755794,-1.9764215574130384e-05,False,False
0.79,0.8,79,HOVER,-0.001000732183456421,-0.0003811373608186841,1.000018017452021,0.0,0.0,1.0,-0.006857901951540168,0.01690371805968467,0.16624937371948717,0.0010710066383522638,-0.0009808165486901999,-0.0002881104592233896,0.0003545455983839929,0.00137620500754565,-0.0008387971320189536,0.0013994048349559307,-0.0002785641700029373,-0.00019129959400743246,-1.5852972865104675e-05,-0.00013611093163490295,-0.0002785641700029373,-0.00019129959400743246,-1.5852972865104675e-05,-0.00013611093163490295,0.1063722529083992,0.1063906407486074,0.10636784829592291,0.10637268865839028,0.10639668744888475,0.10637773129359838,0.1063468503928812,0.10636847539881827,0.5453721428162217,0.5453201741728746,0.5452355077331219,0.5452947979702037,1581.3849482479486,1581.5311413318334,1581.349928127968,1581.388412778353,0.0006318511822758912,-0.000631960406046728,0.0006318250188777821,-0.0006318537706308383,-2.08923127502203e-06,-1.4347469550557434e-06,-1.5852972865104677e-08,0.4254897445341826,-7.904212237256833e-07,4.789710755272181e-07,-1.3797552389299087e-07,0.4255034306113198,-1.2988100512963466e-06,-1.9137180305829615e-06,1.221225510278862e-07,-1.3686077137198271e-05,1.0,1.0,1.0,1.0,0.1063722529083992,0.1063906407486074,0.10636784829592291,0.10637268865839028,0.1063722529083992,0.1063906407486074,0.10636784829592291,0.10637268865839028,0.0006318511822758912,-0.000631960406046728,0.0006318250188777821,-0.0006318537706308383,-0.0009908071391601877,-0.0003782068206330098,1.0000143861932305,-0.0010102208119705544,-0.0003007549950677558,0.00037585950533355894,-0.0009908071951940656,-0.0003782068088185042,1.4386193470272701e-05,-0.0010102208470925689,-0.0003007549967151135,0.00037585949758067727,0.999998927116394,-6.723372644046322e-05,0.00015187542885541916,0.0014437658246606588,0.0016360323643311858,-0.001142019871622324,0.0014469262678176165,0.0028875081334263086,0.9999958276748657,0.9999989349069762,-6.006043151298978e-05,0.00014742578998485975,0.0014508078075039588,-2.005099005678621e-05,False,False
0.8,0.81,80,HOVER,-0.00101036811247468,-0.00038394940202124417,1.0000214354968193,0.0,0.0,1.0,-0.006228009699870457,0.016477063733420238,0.16703289605345054,0.0010810737007910282,-0.0009522088803350925,-0.0002767480327747762,0.0003334038774482906,0.0010272911749780178,-0.0007330754306167364,0.0013598091900348663,-0.00018582679331302643,-0.0003352373605594039,-7.2605907917022705e-06,-7.453933358192444e-05,-0.00018582679331302643,-0.0003352373605594039,-7.2605907917022705e-06,-7.453933358192444e-05,0.10637863477187362,0.1063873549302242,0.10636501044646829,0.10637552968993039,0.10640746086763904,0.10637251439583699,0.10635219313812445,0.10638836193160862,0.5454016771135739,0.5453058714704815,0.5452501565075942,0.5453493185983594,1581.4356882983393,1581.5050178833578,1581.3273647733315,1581.41100094892,0.0006318890905449293,-0.0006319408882855318,0.0006318081620520216,-0.0006318706463581865,-1.3937009498476981e-06,-2.514280204195529e-06,-7.260590791702271e-09,0.4255205303332091,-8.997693952935218e-07,-6.360665411736521e-08,-1.1428204676740359e-07,0.42550652983849646,-4.939315545541763e-07,-2.450673550078164e-06,1.0702145597570131e-07,1.4000494712618217e-05,1.0,1.0,1.0,1.0,0.10637863477187362,0.1063873549302242,0.10636501044646829,0.10637552968993039,0.10637863477187362,0.1063873549302242,0.10636501044646829,0.10637552968993039,0.0006318890905449293,-0.0006319408882855318,0.0006318081620520216,-0.0006318706463581865,-0.0010007322075971895,-0.00038113735210920896,1.0000180174517954,-0.0009808165982028837,-0.0002881104540162122,0.0003545455917072741,-0.001000732183456421,-0.0003811373608186841,1.8017452021013014e-05,-0.0009808165486901999,-0.0002881104592233896,0.0003545455983839929,0.999998927116394,-6.006043258821592e-05,0.00014742578787263483,0.0014508077874779701,0.00137620500754565,-0.0008387971320189536,0.0013994048349559307,0.002901594853028655,0.999995768070221,0.9999989258212694,-5.4559173457815024e-05,0.00014371013164682985,0.0014576443331433782,-2.033487909422942e-05,False,False
0.81,0.8200000000000001,81,HOVER,-0.0010197224328294396,-0.0003866537008434534,1.0000246497893386,0.0,0.0,1.0,-0.005805570786665054,0.016007653010321646,0.16779684338626683,0.0010908448727962956,-0.000924339983612299,-0.000266322516836226,0.0003136908926535398,0.0006661223014816642,-0.0008526113233529031,0.0013269040500745177,-5.896575748920441e-05,-0.00040240806993097067,-1.0700896382331848e-05,-1.2852251529693604e-05,-5.896575748920441e-05,-0.00040240806993097067,-1.0700896382331848e-05,-1.2852251529693604e-05,0.10638465750378871,0.10638422343472206,0.10636463238514332,0.10638114486924224,0.10641186137093567,0.10637007988920702,0.1063629248173282,0.10640650779676433,0.5454137404171548,0.5452991969299118,0.5452795800365531,0.5453990643967085,1581.4835721852778,1581.4801211347817,1581.324358845713,1581.455644990692,0.0006319248655725049,-0.0006319222872022491,0.0006318059163677514,-0.0006319040005232989,-4.42243181169033e-07,-3.0180605244822797e-06,-1.0700896382331848e-08,0.4255513738742352,-8.168307522467798e-07,-5.991453871693163e-07,-9.550578529177352e-08,0.42551465819289636,3.7458757107774677e-07,-2.4189151373129634e-06,8.480488890944167e-08,3.671568133883918e-05,1.0,1.0,1.0,1.0,0.10638465750378871,0.10638422343472206,0.10636463238514332,0.10638114486924224,0.10638465750378871,0.10638422343472206,0.10636463238514332,0.10638114486924224,0.0006319248655725049,-0.0006319222872022491,0.0006318059163677514,-0.0006319040005232989,-0.001010368145348985,-0.0003839493892907124,1.0000214354973118,-0.0009522088950363063,-0.00027674804291276845,0.00033340386362859433,-0.00101036811247468,-0.00038394940202124417,2.1435496819321997e-05,-0.0009522088803350925,-0.0002767480327747762,0.0003334038774482906,0.999998927116394,-5.4559171985602006e-05,0.0001437101309420541,0.0014576442772522569,0.0010272911749780178,-0.0007330754306167364,0.0013598091900348663,0.0029152699280530214,0.999995768070221,0.9999989168567137,-5.08676588585901e-05,0.00013961879324886158,0.0014643102380017547,-2.061427112996906e-05,False,False
0.8200000000000001,0.8300000000000001,82,HOVER,-0.001028803177177906,-0.0003892575914505869,1.0000276802838926,0.0,0.0,1.0,-0.005562454424749508,0.015376017300064803,0.16854429559847697,0.0011003288817392908,-0.000897368649020791,-0.00025649263989180326,0.00029629349592141807,0.00036887705209665,-0.0011739175533875823,0.001299011055380106,7.623247802257538e-05,-0.00038158742245286703,-2.5859102606773376e-05,3.7727877497673035e-05,7.623247802257538e-05,-0.00038158742245286703,-2.5859102606773376e-05,3.7727877497673035e-05,0.10638911917244905,0.1063818217795908,0.10636685312107061,0.10638810335645278,0.10640927168530975,0.10637097453119757,0.10637688359192607,0.10641953413031552,0.5454066412098958,0.5453016497213836,0.5453178501191265,0.545434773753649,1581.5190442790265,1581.4610267864925,1581.3420156485693,1581.5109681645306,0.0006319513678843473,-0.0006319080213707693,0.0006318191075391594,-0.0006319453339373295,5.717435851693153e-07,-2.8619056683965028e-06,-2.5859102606773378e-08,0.4255766639387489,-5.651310965291458e-07,-1.0093013964400897e-06,-8.287988459215138e-08,0.42552589742956326,1.136874681698461e-06,-1.852604271956413e-06,5.7020781985377996e-08,5.076650918561798e-05,1.0,1.0,1.0,1.0,0.10638911917244905,0.1063818217795908,0.10636685312107061,0.10638810335645278,0.10638911917244905,0.1063818217795908,0.10636685312107061,0.10638810335645278,0.0006319513678843473,-0.0006319080213707693,0.0006318191075391594,-0.0006319453339373295,-0.0010197223972263961,-0.00038665370957606223,1.0000246497897594,-0.0009243399755964577,-0.00026632252103165146,0.000313690885119085,-0.0010197224328294396,-0.0003866537008434534,2.4649789338582195e-05,-0.000924339983612299,-0.000266322516836226,0.0003136908926535398,0.999998927116394,-5.086766032036394e-05,0.0001396187872160226,0.0014643102185800672,0.0006661223014816642,-0.0008526113233529031,0.0013269040500745177,0.002928603207692504,0.9999957084655762,0.9999989081450807,-4.873887466005605e-05,0.0001341095234808489,0.0014708323508657501,-2.0887652798692244e-05,False,False
0.8300000000000001,0.84,83,HOVER,-0.0010376212885603309,-0.00039176535210572183,1.0000305528665194,0.0,0.0,1.0,-0.005433631491904794,0.01449653836797429,0.16927721459663755,0.0011095366182495626,-0.0008716381271369755,-0.0002469926548656076,0.00028159620705991983,0.00019631872419267893,-0.001629709149710834,0.0012741567334160209,0.00019292347133159637,-0.00028072146233171225,-5.027651786804199e-05,6.868317723274231e-05,0.00019292347133159637,-0.00028072146233171225,-5.027651786804199e-05,6.868317723274231e-05,0.10639119584658542,0.10638059105624645,0.10637127778442625,0.10639484032486463,0.10640057561835617,0.10637503235548744,0.10639126314582846,0.10642527046894437,0.5453828019634522,0.545312774761452,0.5453572722719294,0.5454504984854707,1581.5355545385291,1581.4512418764803,1581.3771952855247,1581.5645291381657,0.0006319637033287173,-0.0006319007108741038,0.0006318453900394919,-0.0006319853515296959,1.4469260349869728e-06,-2.1054109674878417e-06,-5.0276517868041994e-08,0.4255921415886164,-2.0042019564141603e-07,-1.2079859796330396e-06,-7.69690355904894e-08,0.42553790501212274,1.6473462306283888e-06,-8.974249878548021e-07,2.6692517722447412e-08,5.423657649367142e-05,1.0,1.0,1.0,1.0,0.10639119584658542,0.10638059105624645,0.10637127778442625,0.10639484032486463,0.10639119584658542,0.10638059105624645,0.10637127778442625,0.10639484032486463,0.0006319637033287173,-0.0006319007108741038,0.0006318453900394919,-0.0006319853515296959,-0.0010288031366077822,-0.00038925760086552607,1.000027680284111,-0.0008973686334935604,-0.00025649262634241065,0.00029629350195763967,-0.001028803177177906,-0.0003892575914505869,2.7680283892550506e-05,-0.000897368649020791,-0.00025649263989180326,0.00029629349592141807,0.999998927116394,-4.873887519352138e-05,0.0001341095194220543,0.0014708323869854212,0.00036887705209665,-0.0011739175533875823,0.001299011055380106,0.0029416484758257866,0.9999956488609314,0.9999988997722646,-4.760420436296957e-05,0.0001264359709209368,0.0014772278245101112,-2.1154056119149808e-05,False,False
0.84,0.85,84,HOVER,-0.0010461919009685516,-0.00039417928201146424,1.0000332940799126,0.0,0.0,1.0,-0.005331346490720164,0.013335200822443837,0.1699964176099219,0.0011184825862643063,-0.0008476044749841094,-0.00023768651590216905,0.0002694543800316751,0.00018239583005197346,-0.0021252832375466824,0.0012502905447036028,0.0002686586230993271,-0.0001244120066985488,-8.034706115722656e-05,7.616542279720306e-05,0.0002686586230993271,-0.0001244120066985488,-8.034706115722656e-05,7.616542279720306e-05,0.10639060550764844,0.10638075697433812,0.10637707115338448,0.10639998057012098,0.10638793916212166,0.10638150637016781,0.10640323897294153,0.10642319820616766,0.545348159571194,0.5453305238330304,0.5453901032987758,0.5454448179264979,1581.530861154693,1581.4525610161693,1581.423256577168,1581.605394993569,0.0006319601967154317,-0.0006319016964275684,0.0006318798026511038,-0.0006320158845865186,2.0149396732449532e-06,-9.330900502391159e-07,-8.034706115722657e-08,0.42559588271139864,2.011431339010196e-07,-1.1581573239054406e-06,-7.758164755154034e-08,0.425548414205492,1.8137965393439336e-06,2.2506727366632466e-07,-2.765413605686223e-09,4.7468505906644864e-05,1.0,1.0,1.0,1.0,0.10639060550764844,0.10638075697433812,0.10637707115338448,0.10639998057012098,0.10639060550764844,0.10638075697433812,0.10637707115338448,0.10639998057012098,0.0006319601967154317,-0.0006319016964275684,0.0006318798026511038,-0.0006320158845865186,-0.001037621275133923,-0.00039176533970722646,1.0000305528664053,-0.0008716381294093928,-0.00024699265621763223,0.0002815962195890637,-0.0010376212885603309,-0.00039176535210572183,3.055286651942879e-05,-0.0008716381271369755,-0.0002469926548656076,0.00028159620705991983,0.999998927116394,-4.7604204155504704e-05,0.00012643597438000143,0.0014772277791053057,0.00019631872419267893,-0.001629709149710834,0.0012741567334160209,0.002954440424218774,0.9999956488609314,0.9999988917545514,-4.6697361507650635e-05,0.00011630243407040848,0.0014835035454042911,-2.141326488366457e-05,False,False
0.85,0.86,85,HOVER,-0.001054534805007279,-0.00039650138933211565,1.0000359262267011,0.0,0.0,1.0,-0.005163332234947396,0.011915557477199539,0.1707016132793222,0.0011271857435573864,-0.0008257420267909765,-0.00022859418822918087,0.00025927380193024874,0.00032835203455761075,-0.0025599077343940735,0.0012255358742550015,0.00028940849006175995,5.231576506048441e-05,-0.00011095032095909119,6.131082773208618e-05,0.00028940849006175995,5.231576506048441e-05,-0.00011095032095909119,6.131082773208618e-05,0.1063876536426106,0.10638228916400864,0.10638314269989546,0.10640258659372534,0.10637432138800723,0.10638920961866379,0.10641056706631984,0.10641435734087526,0.5453108255630194,0.5453516425375586,0.5454101922953181,0.5454205826693609,1581.5073927651251,1581.4647427342315,1581.4715287732597,1581.6261131163894,0.000631942662637107,-0.0006319107976342114,0.0006319158676373791,-0.0006320313643667285,2.1705636754631996e-06,3.9236823795363307e-07,-1.1095032095909119e-07,0.4255884554138661,5.581312479399289e-07,-8.771000073277621e-07,-8.363172645381445e-08,0.42555567210024003,1.6124324275232707e-06,1.2694682452813951e-06,-2.7318594505276743e-08,3.278331362605025e-05,1.0,1.0,1.0,1.0,0.1063876536426106,0.10638228916400864,0.10638314269989546,0.10640258659372534,0.1063876536426106,0.10638228916400864,0.10638314269989546,0.10640258659372534,0.000631942662637107,-0.0006319107976342114,0.0006319158676373791,-0.0006320313643667285,-0.0010461919027927918,-0.00039417928992563583,1.000033294079098,-0.0008476044547070067,-0.00023768651308474957,0.00026945438149034775,-0.0010461919009685516,-0.00039417928201146424,3.329407991259359e-05,-0.0008476044749841094,-0.00023768651590216905,0.0002694543800316751,0.9999988675117493,-4.6697361540282145e-05,0.00011630243534455076,0.001483503496274352,0.00018239583005197346,-0.0021252832375466824,0.0012502905447036028,0.002966993022710085,0.9999955892562866,0.9999988840393753,-4.521342225434404e-05,0.00010391561988313286,0.001489656770747803,-2.1665801119894005e-05,False,False
0.86,0.87,86,HOVER,-0.0010626743314787745,-0.0003987346717622131,1.0000384637969546,0.0,0.0,1.0,-0.004851433757188562,0.010312205477841379,0.17139159117454053,0.0011356696425128855,-0.0008064478170126677,-0.00021988620574120432,0.00025017111329361796,0.0006033195531927049,-0.0028484389185905457,0.0011984462616965175,0.0002522747963666916,0.00021168740931898355,-0.00013696588575839996,2.954155206680298e-05,0.0002522747963666916,0.00021168740931898355,-0.00013696588575839996,2.954155206680298e-05,0.10638314334448463,0.10638491128828195,0.10638837051110361,0.10640230982223012,0.10636277258891905,0.10639675475960092,0.10641198368413485,0.10640105974337866,0.5452791626712213,0.545372327344872,0.5454140757178788,0.5453841291505639,1581.4715338980616,1581.4855898878227,1581.5130921454588,1581.623912765179,0.0006319158714662387,-0.0006319263730523947,0.0006319469208359554,-0.0006320297203440469,1.892060972750187e-06,1.5876555698923767e-06,-1.3696588575839997e-07,0.42557257077603344,7.999316435514797e-07,-4.303186919235938e-07,-9.330109424746276e-08,0.4255587349661003,1.0921293291987072e-06,2.0179742618159702e-06,-4.3664791510937206e-08,1.3835809933138155e-05,1.0,1.0,1.0,1.0,0.10638314334448463,0.10638491128828195,0.10638837051110361,0.10640230982223012,0.10638314334448463,0.10638491128828195,0.10638837051110361,0.10640230982223012,0.0006319158714662387,-0.0006319263730523947,0.0006319469208359554,-0.0006320297203440469,-0.001054534859249112,-0.0003965013822763493,1.000035926228121,-0.0008257420208477821,-0.0002285941823206541,0.00025927380060392796,-0.001054534805007279,-0.00039650138933211565,3.592622670112178e-05,-0.0008257420267909765,-0.00022859418822918087,0.00025927380193024874,0.9999988675117493,-4.521342270891182e-05,0.00010391561954747885,0.0014896567445248365,0.00032835203455761075,-0.0025599077343940735,0.0012255358742550015,0.0029793009161949158,0.9999955892562866,0.9999988765290498,-4.24712946465719e-05,8.99275506565676e-05,0.0014956770584172868,-2.1912763192436064e-05,False,False
0.87,0.88,87,HOVER,-0.0010706376051530242,-0.00040088462992571294,1.00004091176379,0.0,0.0,1.0,-0.0043470086372148775,0.008633754579014632,0.17206460906493626,0.0011439611621444554,-0.000789964571595192,-0.00021184803335927427,0.00024118019791785628,0.0009511492098681629,-0.002938659628853202,0.0011682052863761783,0.00016560964286327362,0.00032131525222212076,-0.0001536291092634201,-1.055002212524414e-05,0.00016560964286327362,0.00032131525222212076,-0.0001536291092634201,-1.055002212524414e-05,0.10637819430238643,0.106388163816656,0.10639183597789975,0.10639941484161355,0.10635584203584161,0.10640285473494532,0.1064074887154231,0.10638633950272741,0.5452601609540092,0.5453890499499084,0.5454017534544611,0.5453437740751094,1581.4321863026148,1581.511448846245,1581.5406437789907,1581.6008973809774,0.0006318864741561754,-0.0006319456930709367,0.0006319675057087246,-0.0006320125241591845,1.2420723214745521e-06,2.4098643916659056e-06,-1.536291092634201e-07,0.4255525249889374,8.800814251478523e-07,8.452145039937464e-08,-1.0423736522123962e-07,0.42555760893855576,3.6199089632669986e-07,2.325342941266531e-06,-4.939174404218049e-08,-5.08394961834524e-06,1.0,1.0,1.0,1.0,0.10637819430238643,0.106388163816656,0.10639183597789975,0.10639941484161355,0.10637819430238643,0.106388163816656,0.10639183597789975,0.10639941484161355,0.0006318864741561754,-0.0006319456930709367,0.0006319675057087246,-0.0006320125241591845,-0.0010626743357535662,-0.0003987346678942031,1.0000384637962865,-0.000806447839125318,-0.0002198862045863416,0.0002501711030733378,-0.0010626743314787745,-0.0003987346717622131,3.8463796954602e-05,-0.0008064478170126677,-0.00021988620574120432,0.00025017111329361796,0.9999988675117493,-4.247129618306644e-05,8.992754737846553e-05,0.0014956770464777946,0.0006033195531927049,-0.0028484389185905457,0.0011984462616965175,0.0029913431499153376,0.9999955296516418,0.9999988691164199,-3.804789741090481e-05,7.52866727277484e-05,0.0015015492518472102,-2.2155584641767914e-05,False,False
0.88,0.89,88,HOVER,-0.0010784532641991973,-0.00040295999497175217,1.0000432660490333,0.0,0.0,1.0,-0.0036402012596724225,0.0069993816376854945,0.17271878670568472,0.001152089472050017,-0.0007763379835523665,-0.00020482200488913804,0.00023146015882957727,0.00130196672398597,-0.0028207681607455015,0.0011347520630806684,4.723481833934784e-05,0.000361198210157454,-0.00015738233923912048,-4.933401942253113e-05,4.723481833934784e-05,0.000361198210157454,-0.00015738233923912048,-4.933401942253113e-05,0.1063739895545218,0.10639149798585892,0.10639301133238095,0.10639467299707031,0.10635499877171033,0.10640655766633308,0.10639832005178093,0.10637325650046446,0.5452578489248959,0.5453992011076628,0.5453766184980412,0.5453079060451306,1581.3987558268116,1581.5379566396393,1581.549988184258,1581.5631988428672,0.0006318614979538595,-0.000631965498036002,0.0006319744873143428,-0.0006319843576025976,3.542611375451088e-07,2.708986576180905e-06,-1.5738233923912048e-07,0.4255331329902888,7.847674775881934e-07,5.602624348313885e-07,-1.1387037039732682e-07,0.425553171869832,-4.305063400430846e-07,2.1487241413495164e-06,-4.351196884179367e-08,-2.0038879543216037e-05,1.0,1.0,1.0,1.0,0.1063739895545218,0.10639149798585892,0.10639301133238095,0.10639467299707031,0.1063739895545218,0.10639149798585892,0.10639301133238095,0.10639467299707031,0.0006318614979538595,-0.000631965498036002,0.0006319744873143428,-0.0006319843576025976,-0.0010706376172380204,-0.0004008846317828646,1.000040911764848,-0.0007899645845364671,-0.00021184803648540004,0.00024118020335186447,-0.0010706376051530242,-0.00040088462992571294,4.091176379006356e-05,-0.000789964571595192,-0.00021184803335927427,0.00024118019791785628,0.9999988675117493,-3.8047895941417664e-05,7.528667629230767e-05,0.001501549268141389,0.0009511492098681629,-0.002938659628853202,0.0011682052863761783,0.0030030894558876753,0.9999954700469971,0.9999988617172629,-3.185877604592328e-05,6.103317700593055e-05,0.0015072571606344922,-2.2395764487807672e-05,False,False
0.89,0.9,89,HOVER,-0.0010861490154638886,-0.0004049729323014617,1.0000455158042314,0.0,0.0,1.0,-0.0027614148710832904,0.005514308445776957,0.1733526048549448,0.0011600838108192226,-0.0007654160726815462,-0.0001991387252928689,0.00022046567755751312,0.0015861534047871828,-0.002527380594983697,0.001098796958103776,-7.918663322925568e-05,0.0003268398577347398,-0.00014662928879261017,-7.779896259307861e-05,-7.918663322925568e-05,0.0003268398577347398,-0.00014662928879261017,-7.779896259307861e-05,0.10637152976288328,0.10639438581035263,0.1063918650593991,0.10638917860586103,0.10636041994177488,0.10640742940892399,0.10638668778485023,0.10636436338315443,0.5452727123851557,0.5454015908738067,0.5453447288987164,0.5452835241503399,1581.3791987041006,1581.5609156395046,1581.5408749856217,1581.5195167960194,0.0006318468867915266,-0.0006319826517134946,0.0006319676784528307,-0.0006319517209188145,-5.938997492194175e-07,2.451298933010548e-06,-1.4662928879261018e-07,0.4255189005187035,5.34853693516437e-07,9.03055123117457e-07,-1.1980738795177356e-07,0.42554695923849606,-1.1287534427358546e-06,1.548243809893091e-06,-2.6821900840836618e-08,-2.8058719792556364e-05,1.0,1.0,1.0,1.0,0.10637152976288328,0.10639438581035263,0.1063918650593991,0.10638917860586103,0.10637152976288328,0.10639438581035263,0.1063918650593991,0.10638917860586103,0.0006318468867915266,-0.0006319826517134946,0.0006319676784528307,-0.0006319517209188145,-0.00107845325164264,-0.0004029600073356725,1.000043266047572,-0.0007763380058386185,-0.00020482200423689234,0.00023146015164315556,-0.0010784532641991973,-0.00040295999497175217,4.32660490332637e-05,-0.0007763379835523665,-0.00020482200488913804,0.00023146015882957727,0.9999988675117493,-3.1858777219895273e-05,6.103317718952894e-05,0.0015072571113705635,0.00130196672398597,-0.0028207681607455015,0.0011347520630806684,0.0030145070049911737,0.9999954700469971,0.9999988542882577,-2.4170659423034942e-05,4.808490788351607e-05,0.0015127874249345908,-2.26346142542868e-05,False,False
0.9,0.91,90,HOVER,-0.0010937502374872565,-0.0004069384594913572,1.0000476470595459,0.0,0.0,1.0,-0.0017749113091480731,0.004249388412612122,0.17396522972880135,0.0011679720604963095,-0.0007568878936581314,-0.00019505165982991457,0.00020804685482289642,0.0017478812951594591,-0.0021246117539703846,0.001061720191501081,-0.0001893509179353714,0.00022976996842771769,-0.0001219622790813446,-8.965469896793365e-05,-0.0001893509179353714,0.00022976996842771769,-0.0001219622790813446,-8.965469896793365e-05,0.10637142766160598,0.10639641924449454,0.10638885386175126,0.106384097501366,0.10637096650566581,0.10640560370991113,0.10637525363448437,0.10636114880045479,0.5453016277182468,0.5453965859565914,0.5453133814222697,0.5452747107118727,1581.3783869221925,1581.5770818897881,1581.5169349626387,1581.4791199053825,0.0006318462803099396,-0.0006319947303122976,0.0006319497919388024,-0.000631921539158114,-1.4201318845152855e-06,1.7232747632078825e-06,-1.219622790813446e-07,0.4255129726505161,1.8046807782673077e-07,1.0517385344460152e-06,-1.2019722166959745e-07,0.42554079826921776,-1.6005999623420163e-06,6.715362287618673e-07,-1.7650574117471473e-09,-2.782561870168232e-05,1.0,1.0,1.0,1.0,0.10637142766160598,0.10639641924449454,0.10638885386175126,0.106384097501366,0.10637142766160598,0.10639641924449454,0.10638885386175126,0.106384097501366,0.0006318462803099396,-0.0006319947303122976,0.0006319497919388024,-0.000631921539158114,-0.0010861490414357743,-0.0004049729365939574,1.0000455158040227,-0.000765416052746318,-0.00019913872526675547,0.00022046567903355785,-0.0010861490154638886,-0.0004049729323014617,4.551580423139967e-05,-0.0007654160726815462,-0.0001991387252928689,0.00022046567755751312,0.9999988675117493,-2.4170660253730603e-05,4.808490848517977e-05,0.001512787421233952,0.0015861534047871828,-0.002527380594983697,0.001098796958103776,0.0030255690217018127,0.9999954104423523,0.9999988468279397,-1.554530085074342e-05,3.705935115577433e-05,0.0015181329780097046,-2.2873075784827716e-05,False,False
0.91,0.92,91,HOVER,-0.001101278467103839,-0.0004088733985554427,1.0000496468128404,0.0,0.0,1.0,-0.0007659977573853529,0.003228988471696166,0.17455686099041925,0.001175779113685077,-0.0007503525703214109,-0.00019268738105893135,0.00019446293299552053,0.001755611621774733,-0.0016963904490694404,0.0010253669461235404,-0.00026232190430164337,9.451212827116251e-05,-8.612312376499176e-05,-8.217617869377136e-05,-0.00026232190430164337,9.451212827116251e-05,-8.612312376499176e-05,-8.217617869377136e-05,0.10637378868524394,0.10639738134468585,0.10638482955747094,0.10638043233794879,0.10638445280970721,0.1064017268520569,0.10636665372442702,0.10636387852446205,0.545338601645818,0.5453859579686899,0.5452898035429097,0.5452821948157539,1581.3971587757985,1581.5847307667038,1581.48494009073,1581.449979978525,0.000631860304790349,-0.000632000445187434,0.0006319258875713774,-0.0006318997680874158,-1.967414282262325e-06,7.088409620337188e-07,-8.612312376499176e-08,0.42551671191065316,-2.0888209560296356e-07,9.895821707741129e-07,-1.1402091312339834e-07,0.4255364319253495,-1.7585321866593616e-06,-2.8074120874039404e-07,2.7897789358406578e-08,-1.9720014696356092e-05,1.0,1.0,1.0,1.0,0.10637378868524394,0.10639738134468585,0.10638482955747094,0.10638043233794879,0.10637378868524394,0.10639738134468585,0.10638482955747094,0.10638043233794879,0.000631860304790349,-0.000632000445187434,0.0006319258875713774,-0.0006318997680874158,-0.0010937502707483809,-0.0004069384525321114,1.0000476470603639,-0.0007568878860202425,-0.00019505165357928478,0.00020804684949961213,-0.0010937502374872565,-0.0004069384594913572,4.7647059545852244e-05,-0.0007568878936581314,-0.00019505165982991457,0.00020804685482289642,0.9999988675117493,-1.5545301721431315e-05,3.705935159814544e-05,0.0015181329799816012,0.0017478812951594591,-0.0021246117539703846,0.001061720191501081,0.0030362613033503294,0.9999954104423523,0.9999988393652688,-6.72750735232798e-06,2.8168024683347233e-05,0.0015232955781643053,-2.3111662854159005e-05,False,False
0.92,0.93,92,HOVER,-0.0011087511666119099,-0.0004107949498575181,1.0000515067877132,0.0,0.0,1.0,0.00017559639271197,0.002429348681400385,0.17512886612962283,0.0011835263366196122,-0.0007454014266841114,-0.0001920209761010483,0.00018031601211987436,0.0016076916363090277,-0.00132574955932796,0.000991776236332953,-0.00028513558208942413,-4.7786510549485683e-05,-4.331022500991821e-05,-5.646049976348877e-05,-0.00028513558208942413,-4.7786510549485683e-05,-4.331022500991821e-05,-5.646049976348877e-05,0.10637821823103251,0.10639727645676032,0.10638085676650991,0.10637883633035652,0.10639822564613169,0.10639680271451091,0.1063629135870916,0.10637162780238413,0.5453763596912348,0.5453724588106135,0.5452795492465686,0.5453034407557298,1581.4323765497656,1581.583896889027,1581.4533544182889,1581.4372908073285,0.0006318866162923332,-0.0006319998221531563,0.0006319022891930688,-0.0006318902878023178,-2.1385168656706807e-06,-3.583988291211426e-07,-4.331022500991821e-08,0.4255295697501183,-5.586652472027061e-07,7.45236090809575e-07,-1.0120447007202268e-07,0.42553518778465926,-1.5798516184679746e-06,-1.1036349199307175e-06,5.7894245062104466e-08,-5.61803454096621e-06,1.0,1.0,1.0,1.0,0.10637821823103251,0.10639727645676032,0.10638085676650991,0.10637883633035652,0.10637821823103251,0.10639727645676032,0.10638085676650991,0.10637883633035652,0.0006318866162923332,-0.0006319998221531563,0.0006319022891930688,-0.0006318902878023178,-0.0011012785117495742,-0.00040887339228631484,1.000049646813876,-0.000750352580326637,-0.00019268738043786492,0.0001944629390506045,-0.001101278467103839,-0.0004088733985554427,4.9646812840364873e-05,-0.0007503525703214109,-0.00019268738105893135,0.00019446293299552053,0.9999988675117493,-6.727507297910051e-06,2.8168024073238485e-05,0.0015232955338433385,0.001755611621774733,-0.0016963904490694404,0.0010253669461235404,0.0030465873423963785,0.9999953508377075,0.9999988319427872,1.4999660251887278e-06,2.1202385005445515e-05,0.0015282870379844035,-2.3350549670060233e-05,False,False
0.93,0.9400000000000001,93,HOVER,-0.001116182073019445,-0.00041271920781582594,1.0000532260855834,0.0,0.0,1.0,0.0009727797711988947,0.0017872185727501489,0.17568372564214021,0.0011912315395491528,-0.0007416958105750382,-0.00019288051407784224,0.0001664142619119957,0.0013318969868123531,-0.001077278284355998,0.0009628813131712377,-0.0002549756318330765,-0.00016583723481744528,1.037493348121643e-06,-1.761689782142639e-05,-0.0002549756318330765,-0.00016583723481744528,1.037493348121643e-06,-1.761689782142639e-05,0.10638390816079736,0.10639630758270203,0.10637797772363299,0.10637949625084106,0.10640960873971109,0.10639193154493672,0.10636497436692348,0.10638247689951807,0.5454075651933113,0.5453591046777557,0.5452851992788397,0.5453331845955932,1581.4776145581648,1581.5761941562707,1581.4304643704804,1581.442537558652,0.0006319204144751363,-0.0006319940670412501,0.0006318851876783799,-0.0006318942077299959,-1.9123172387480736e-06,-1.2437792611308396e-06,1.0374933481216432e-09,0.42554899155108933,-8.040352438912213e-07,3.846940319985129e-07,-8.267261772984102e-08,0.42553768971797346,-1.1082819948568523e-06,-1.6284732931293525e-06,8.371011107796266e-08,1.1301833115873183e-05,1.0,1.0,1.0,1.0,0.10638390816079736,0.10639630758270203,0.10637797772363299,0.10637949625084106,0.10638390816079736,0.10639630758270203,0.10637797772363299,0.10637949625084106,0.0006319204144751363,-0.0006319940670412501,0.0006318851876783799,-0.0006318942077299959,-0.0011087512140757272,-0.0004107949579840744,1.000051506786354,-0.0007454014466113321,-0.00019202096955538603,0.00018031601394075767,-0.0011087511666119099,-0.0004107949498575181,5.1506787713151425e-05,-0.0007454014266841114,-0.0001920209761010483,0.00018031601211987436,0.9999988079071045,1.4999660606918042e-06,2.1202384232310578e-05,0.001528287073597312,0.0016076916363090277,-0.00132574955932796,0.000991776236332953,0.003056570654734969,0.9999953508377075,0.9999988245994064,8.465183639141504e-06,1.5609420574959288e-05,0.0015331289875635877,-2.3589769935983544e-05,False,False
0.9400000000000001,0.9500000000000001,94,HOVER,-0.0011235822457820177,-0.0004146597348153591,1.0000548122734472,0.0,0.0,1.0,0.0015752560001023636,0.00121646273544949,0.17622484816588146,0.0011989095645769758,-0.000739024137146771,-0.00019497926405165344,0.00015360713587142527,0.0009792691562324762,-0.0009842896834015846,0.0009402232244610786,-0.00017930008471012115,-0.0002350382274016738,4.143267869949341e-05,2.763420343399048e-05,-0.00017930008471012115,-0.0002350382274016738,4.143267869949341e-05,2.763420343399048e-05,0.10638983793275153,0.10639483872687786,0.10637701636241054,0.10638214640187513,0.10641662189303225,0.10638820448607207,0.1063726742570434,0.10639411646556934,0.545426790490149,0.54534888695986,0.5453063097507584,0.545365094580048,1581.5247586765802,1581.5645164337984,1581.4228209545051,1581.4636077019827,0.0006319556373205441,-0.0006319853420376544,0.0006318794771927186,-0.0006319099496271383,-1.3447506353259086e-06,-1.7627867055125534e-06,4.143267869949341e-08,0.42557161710171704,-9.020437698771533e-07,-4.569468934310927e-09,-6.017715152995939e-08,0.42554383942391505,-4.4270686544875534e-07,-1.7582172365782425e-06,1.016098302294528e-07,2.777767780198781e-05,1.0,1.0,1.0,1.0,0.10638983793275153,0.10639483872687786,0.10637701636241054,0.10638214640187513,0.10638983793275153,0.10639483872687786,0.10637701636241054,0.10638214640187513,0.0006319556373205441,-0.0006319853420376544,0.0006318794771927186,-0.0006319099496271383,-0.001116182104653941,-0.0004127192052518228,1.0000532260840418,-0.0007416958328103952,-0.000192880516077623,0.00016641425591192109,-0.001116182073019445,-0.00041271920781582594,5.322608558344655e-05,-0.0007416958105750382,-0.00019288051407784224,0.0001664142619119957,0.9999988079071045,8.46518378239125e-06,1.5609421097906306e-05,0.0015331290196627378,0.0013318969868123531,-0.001077278284355998,0.0009628813131712377,0.003066254546865821,0.9999952912330627,0.9999988173553337,1.3730360743389048e-05,1.06367678539878e-05,0.001537851186067116,-2.3829439114080558e-05,False,False
0.9500000000000001,0.96,95,HOVER,-0.0011309614637866616,-0.0004166268918197602,1.0000562808054383,0.0,0.0,1.0,0.0019681309746309487,0.0006286907758589226,0.1767562648673361,0.001206573383022618,-0.0007373269181698561,-0.00019796837295871228,0.00014262134209275246,0.0006136446027085185,-0.0010433474089950323,0.0009247317211702466,-7.412023842334747e-05,-0.00024272350128740072,7.312186062335968e-05,7.131323218345642e-05,-7.412023842334747e-05,-0.00024272350128740072,7.312186062335968e-05,7.131323218345642e-05,0.10639498709536828,0.10639329906238057,0.10637839797969605,0.10638614906242683,0.10641824501132321,0.10638634501059781,0.10638463833549568,0.1064042282586751,0.5454312399230266,0.545343789175073,0.5453391102719107,0.5453928153184547,1581.5656959976598,1581.5522757156173,1581.4338056595147,1581.4954307366881,0.0006319862233464875,-0.0006319761964305406,0.0006318876839993945,-0.0006319337254308153,-5.55901788175106e-07,-1.8204262596555053e-06,7.312186062335968e-08,0.42559345661609177,-8.392964329566148e-07,-3.337199362273176e-07,-3.6014515473917035e-08,0.4255528331998717,2.8339464478150876e-07,-1.4867063234281877e-06,1.0913637609727671e-07,4.0623416220075814e-05,1.0,1.0,1.0,1.0,0.10639498709536828,0.10639329906238057,0.10637839797969605,0.10638614906242683,0.10639498709536828,0.10639329906238057,0.10637839797969605,0.10638614906242683,0.0006319862233464875,-0.0006319761964305406,0.0006318876839993945,-0.0006319337254308153,-0.0011235822521380382,-0.0004146597462969281,1.0000548122731825,-0.0007390241284429328,-0.00019497926883839238,0.00015360713801334996,-0.0011235822457820177,-0.0004146597348153591,5.481227344716899e-05,-0.000739024137146771,-0.00019497926405165344,0.00015360713587142527,0.9999988079071045,1.373036047880305e-05,1.0636767910909839e-05,0.0015378511743620038,0.0009792691562324762,-0.0009842896834015846,0.0009402232244610786,0.0030756990890949965,0.9999952912330627,0.9999988102010995,1.7166700045467956e-05,5.512848195778977e-06,0.0015424886704558623,-2.4069905076843048e-05,False,False
0.96,0.97,96,HOVER,-0.0011383300879970193,-0.0004186274600215256,1.000057652949181,0.0,0.0,1.0,0.00217342041242938,-4.67269713312129e-05,0.17728217963877013,0.00121423564519933,-0.0007366864010691643,-0.00020149948250036687,0.00013392693654168397,0.00029889747384004295,-0.0012169363908469677,0.000916604301892221,3.882311284542084e-05,-0.00018976477440446615,9.284354746341705e-05,0.00010626763105392456,3.882311284542084e-05,-0.00018976477440446615,9.284354746341705e-05,0.00010626763105392456,0.10639855056614388,0.10639210340416076,0.10638206643341683,0.10639064434971929,0.1064146459777946,0.10638670307752363,0.10639863604339175,0.10641094871681706,0.5454213739124352,0.5453447708239182,0.545377484767521,0.5454112385283096,1581.594026268877,1581.542769897169,1581.4629719114894,1581.531169961848,0.0006320073903628946,-0.0006319690942207149,0.000631909474614496,-0.0006319604274373326,2.9117334634065626e-07,-1.423235808033496e-06,9.284354746341705e-08,0.425610933815527,-6.343813823430321e-07,-5.312116427868586e-07,-1.2656680656872657e-08,0.42556336475344075,9.255547286836883e-07,-8.920241652466373e-07,1.0550022812028971e-07,4.7569062086250113e-05,1.0,1.0,1.0,1.0,0.10639855056614388,0.10639210340416076,0.10638206643341683,0.10639064434971929,0.10639855056614388,0.10639210340416076,0.10638206643341683,0.10639064434971929,0.0006320073903628946,-0.0006319690942207149,0.000631909474614496,-0.0006319604274373326,-0.0011309615162300893,-0.00041662690525280817,1.0000562808054017,-0.000737326889797815,-0.00019796836889703415,0.00014262134046991423,-0.0011309614637866616,-0.0004166268918197602,5.628080543829128e-05,-0.0007373269181698561,-0.00019796837295871228,0.00014262134209275246,0.9999988079071045,1.7166699763038196e-05,5.512848019861849e-06,0.0015424886951223016,0.0006136446027085185,-0.0010433474089950323,0.0009247317211702466,0.0030849738977849483,0.999995231628418,0.9999988030938529,1.8967278383597393e-05,-3.784263300282589e-07,0.0015470782012880632,-2.4311772897529565e-05,False,False
0.97,0.98,97,HOVER,-0.001145699410699308,-0.00042066507739946246,1.000058952748077,0.0,0.0,1.0,0.0022443031390157082,-0.0008474843111138439,0.17780656961531188,0.0012219090283347883,-0.0007372847758233547,-0.00020528482855297625,0.00012766639702022076,8.646453352412209e-05,-0.0014432786265388131,0.0009152980055660009,0.00013723038136959076,-9.035167749971151e-05,9.913928806781769e-05,0.00012782402336597443,0.00013723038136959076,-9.035167749971151e-05,9.913928806781769e-05,0.00012782402336597443,0.10640010290873547,0.1063915745661863,0.10638750799323328,0.10639475553869374,0.10640711438933217,0.10638918599693167,0.1064120866744275,0.1064133249509917,0.5454007272902471,0.5453515777785107,0.5454143580480703,0.5454177525641509,1581.6063675999653,1581.5385654767167,1581.5062347951427,1581.5638550682545,0.0006320166112778887,-0.0006319659529231466,0.0006319417974798057,-0.0006319848478998408,1.0292278602719307e-06,-6.776375812478364e-07,9.913928806781769e-08,0.42562171201168303,-3.3282995457947773e-07,-5.577565205805435e-07,7.607934707025941e-09,0.42557394100684875,1.3620578148514084e-06,-1.198810606672929e-07,9.153135336079175e-08,4.777100483427388e-05,1.0,1.0,1.0,1.0,0.10640010290873547,0.1063915745661863,0.10638750799323328,0.10639475553869374,0.10640010290873547,0.1063915745661863,0.10638750799323328,0.10639475553869374,0.0006320166112778887,-0.0006319659529231466,0.0006319417974798057,-0.0006319848478998408,-0.0011383300346515933,-0.00041862746984252337,1.0000576529503025,-0.000736686406182398,-0.00020149947586279242,0.0001339269421253344,-0.0011383300879970193,-0.0004186274600215256,5.765294918091968e-05,-0.0007366864010691643,-0.00020149948250036687,0.00013392693654168397,0.9999988079071045,1.8967279174830765e-05,-3.784263356010342e-07,0.0015470782527700067,0.00029889747384004295,-0.0012169363908469677,0.000916604301892221,0.003094152780249715,0.999995231628418,0.9999987959642036,1.959669057817161e-05,-7.365297118301217e-06,0.0015516545573373345,-2.4555816426147565e-05,False,False
0.98,0.99,98,HOVER,-0.0011530834017321467,-0.0004227410536259413,1.0000602036489,0.0,0.0,1.0,0.00225349638906832,-0.0017710809661224162,0.17833283808417388,0.001229607990016255,-0.0007393411942757666,-0.00020914309425279498,0.00012365014117676765,5.732705176342279e-06,-0.0016509739216417074,0.0009196309256367385,0.00020213238894939423,3.204273525625467e-05,9.264983236789703e-05,0.00013393908739089966,0.00020213238894939423,3.204273525625467e-05,9.264983236789703e-05,0.00013393908739089966,0.1063996623780036,0.10639188235414432,0.10639385269368967,0.10639775691926738,0.10639767265916923,0.10639327252963247,0.10642251092011688,0.10641131343477693,0.5453748437129038,0.5453627809562643,0.5454429339067602,0.5454122383424507,1581.6028653271999,1581.5410124840182,1581.5566772291731,1581.5877166494736,0.0006320139945253414,-0.0006319677811836172,0.0006319794850005166,-0.0006320026761004482,1.5159929171204566e-06,2.4032051442191006e-07,9.264983236789703e-08,0.4256247695436955,2.2938610069571375e-09,-4.130966388452527e-07,2.3022241792537528e-08,0.42558315434510496,1.5136990561134994e-06,6.534171532671627e-07,6.96275905753595e-08,4.161519859052776e-05,1.0,1.0,1.0,1.0,0.1063996623780036,0.10639188235414432,0.10639385269368967,0.10639775691926738,0.1063996623780036,0.10639188235414432,0.10639385269368967,0.10639775691926738,0.0006320139945253414,-0.0006319677811836172,0.0006319794850005166,-0.0006320026761004482,-0.0011456994107438745,-0.0004206650639158019,1.0000589527462969,-0.0007372847853727423,-0.00020528482303962072,0.00012766640123789742,-0.001145699410699308,-0.00042066507739946246,5.895274807699025e-05,-0.0007372847758233547,-0.00020528482855297625,0.00012766639702022076,0.9999988079071045,1.9596691345213912e-05,-7.365297278738581e-06,0.0015516545390710235,8.646453352412209e-05,-0.0014432786265388131,0.0009152980055660009,0.003103305120021105,0.9999951720237732,0.9999987887337494,1.9689494608023955e-05,-1.5424973028732925e-05,0.0015562472259714973,-2.480283795196311e-05,False,False
0.99,1.0,99,HOVER,-0.0011604975443333387,-0.0004248557088430971,1.000061425525928,0.0,0.0,1.0,0.002278163050258923,-0.0027766499607842043,0.17886346672264158,0.0012373479781273339,-0.0007430430268868804,-0.0002130225911969319,0.00012141875777160749,5.895176582271233e-05,-0.0017749749822542071,0.0009279754594899714,0.00022167526185512543,0.00015008228365331888,7.578916847705841e-05,0.0001260414719581604,0.00022167526185512543,0.00015008228365331888,7.578916847705841e-05,0.0001260414719581604,0.10639767146846243,0.1063930309081263,0.10640006235082293,0.10639921708623201,0.10638867935363479,0.10639821857673663,0.10642811057399089,0.10640581223161684,0.5453501888134107,0.5453763403109562,0.5454582838270914,0.5453971575931092,1581.5870373010953,1581.5501438167892,1581.60604515982,1581.5993251992147,0.0006320021685226668,-0.0006319746035942702,0.0006320163703638882,-0.0006320113494922182,1.6625644639134407e-06,1.1256171273998915e-06,7.578916847705841e-08,0.4256208207359791,3.0324197278306514e-07,-1.3418268107225073e-07,3.258580006672805e-08,0.42558998181364366,1.3593224911303755e-06,1.2597998084721422e-06,4.320336841033036e-08,3.083892233546326e-05,1.0,1.0,1.0,1.0,0.10639767146846243,0.1063930309081263,0.10640006235082293,0.10639921708623201,0.10639767146846243,0.1063930309081263,0.10640006235082293,0.10639921708623201,0.0006320021685226668,-0.0006319746035942702,0.0006320163703638882,-0.0006320113494922182,-0.0011530833463478142,-0.0004227410437422959,1.000060203648777,-0.0007393412106817762,-0.00020914308879991896,0.00012365014712506544,-0.0011530834017321467,-0.0004227410536259413,6.02036488999147e-05,-0.0007393411942757666,-0.00020914309425279498,0.00012365014117676765,0.9999988079071045,1.968949436559342e-05,-1.5424973753397353e-05,0.0015562472399324179,5.732705176342279e-06,-0.0016509739216417074,0.0009196309256367385,0.0031124900560826063,0.9999951720237732,0.9999987813380501,1.991851908991401e-05,-2.4199780945376722e-05,0.0015608779701993174,-2.505354180472586e-05,False,False
1.0,1.01,100,HOVER,-0.001167959300801158,-0.0004270096542313695,1.0000626326000202,0.0,0.0,1.0,0.002384390914024388,-0.0037950469021862496,0.17939989768070402,0.0012451461824701578,-0.0007484859670512378,-0.00021699792705476284,0.0001203508218168281,0.00022158416686579585,-0.0017704471247270703,0.0009385051089338958,0.0001931469887495041,0.00023855420295149088,5.2284449338912964e-05,0.00010782107710838318,0.0001931469887495041,0.00023855420295149088,5.2284449338912964e-05,0.00010782107710838318,0.10639487299489678,0.10639486248706884,0.10640513055690456,0.10639905429181054,0.10638223352603222,0.10640313521495064,0.10642802279116904,0.10639831900640236,0.5453325173737269,0.5453898188570458,0.5454580431963351,0.5453766156322074,1581.5647888725287,1581.5647053328523,1581.646337707884,1581.598030961115,0.0006319855455896869,-0.0006319854831731889,0.0006320464755080131,-0.0006320103824933546,1.4486024156212806e-06,1.7891565221361815e-06,5.2284449338912964e-08,0.42561171053855423,5.108573614279535e-07,2.144548481427741e-07,3.6155431156468555e-08,0.4255939203306807,9.377450541933271e-07,1.5747016739934074e-06,1.612901818244441e-08,1.7790207873513708e-05,1.0,1.0,1.0,1.0,0.10639487299489678,0.10639486248706884,0.10640513055690456,0.10639905429181054,0.10639487299489678,0.10639486248706884,0.10640513055690456,0.10639905429181054,0.0006319855455896869,-0.0006319854831731889,0.0006320464755080131,-0.0006320103824933546,-0.0011604975977656355,-0.000424855722061072,1.000061425528843,-0.0007430430305225442,-0.00021302258782559868,0.000121418757424618,-0.0011604975443333387,-0.0004248557088430971,6.142552592791617e-05,-0.0007430430268868804,-0.0002130225911969319,0.00012141875777160749,0.9999988079071045,1.991851968341507e-05,-2.4199780455091968e-05,0.0015608780086040497,5.895176582271233e-05,-0.0017749749822542071,0.0009279754594899714,0.0031217511277645826,0.9999951124191284,0.9999987737459693,2.0859558745245653e-05,-3.308541491889381e-05,0.001565559577880195,-2.5308457079834345e-05,False,False
1.01,1.02,101,HOVER,-0.001175485784187913,-0.00042920481064356863,1.0000638325800537,0.0,0.0,1.0,0.0026142841542677524,-0.004744646197862061,0.17994261709488288,0.001253019631364077,-0.0007556360214948654,-0.00022124149836599827,0.00011979864939348772,0.00044787017395719886,-0.0016216383082792163,0.0009494536789134145,0.00012336485087871552,0.00027976336423307657,2.648867666721344e-05,8.524022996425629e-05,0.00012336485087871552,0.00027976336423307657,2.648867666721344e-05,8.524022996425629e-05,0.10639214803082504,0.10639711419286695,0.10640829701771903,0.10639753914384965,0.10637984056491612,0.10640728454869637,0.10642259917916312,0.10639069582220659,0.5453259569144089,0.545401193759201,0.5454431758466687,0.5453557169603079,1581.543124692246,1581.5826068617123,1581.6715109755987,1581.585985297683,0.0006319693593031007,-0.0006319988583056296,0.0006320652842852511,-0.0006320013825144669,9.252363815903663e-07,2.0982252317480743e-06,2.648867666721344e-08,0.42560042011498217,5.859715736305712e-07,5.559232896436977e-07,3.440276825526431e-08,0.42559509838526066,3.3926480795979506e-07,1.5423019421043766e-06,-7.91409158805087e-09,5.321729721508017e-06,1.0,1.0,1.0,1.0,0.10639214803082504,0.10639711419286695,0.10640829701771903,0.10639753914384965,0.10639214803082504,0.10639711419286695,0.10640829701771903,0.10639753914384965,0.0006319693593031007,-0.0006319988583056296,0.0006320652842852511,-0.0006320013825144669,-0.0011679592856722828,-0.0004270096657853205,1.0000626325975583,-0.0007484859583057996,-0.00021699792091181314,0.00012035082418018705,-0.001167959300801158,-0.0004270096542313695,6.263260002015159e-05,-0.0007484859670512378,-0.00021699792705476284,0.0001203508218168281,0.9999987483024597,2.085955929942429e-05,-3.308541636215523e-05,0.001565559534355998,0.00022158416686579585,-0.0017704471247270703,0.0009385051089338958,0.0031311139464378357,0.9999951124191284,0.9999987659672136,2.2878922581891315e-05,-4.136897574802318e-05,0.0015702958997616619,-2.556790756368443e-05,False,False
1.02,1.03,102,HOVER,-0.0011830930598080158,-0.0004314451362006366,1.0000650272559142,0.0,0.0,1.0,0.0029781247052070715,-0.005549175802998945,0.18049115953933018,0.0012609847888570293,-0.000764320429880172,-0.00022597626957576722,0.00011921869736397639,0.0006804122240282595,-0.0013440578477457166,0.0009593487484380603,2.7066096663475037e-05,0.00026699306908994913,2.769753336906433e-06,6.434693932533264e-05,2.7066096663475037e-05,0.00026699306908994913,2.769753336906433e-06,6.434693932533264e-05,0.10639031119320916,0.10639946826061836,0.10640918666653815,0.10639520317972039,0.10638201494770558,0.10641010096651991,0.10641320493134605,0.10638465262409119,0.5453319181287765,0.5454089145567403,0.5454174235520417,0.545339149444636,1581.528521257642,1581.601322069069,1581.6785836167767,1581.5674139174305,0.0006319584484876624,-0.000632012841468073,0.0006320705687992365,-0.0006319875068875391,2.0299572497606278e-07,2.0024480181746184e-06,2.7697533369064333e-09,0.4255899734696627,5.165504243986527e-07,8.18134294693941e-07,2.8668931286888674e-08,0.4255941693000861,-3.1355469942258987e-07,1.1843137234806774e-06,-2.589917794998224e-08,-4.1958304233813415e-06,1.0,1.0,1.0,1.0,0.10639031119320916,0.10639946826061836,0.10640918666653815,0.10639520317972039,0.10639031119320916,0.10639946826061836,0.10640918666653815,0.10639520317972039,0.0006319584484876624,-0.000632012841468073,0.0006320705687992365,-0.0006319875068875391,-0.001175485729068347,-0.00042920480626129154,1.0000638325801101,-0.000755635995277142,-0.0002212415032765683,0.00011979865291285176,-0.001175485784187913,-0.00042920481064356863,6.383258005371317e-05,-0.0007556360214948654,-0.00022124149836599827,0.00011979864939348772,0.9999987483024597,2.2878923118696548e-05,-4.1368974052602425e-05,0.0015702958917245269,0.00044787017395719886,-0.0016216383082792163,0.0009494536789134145,0.0031405859626829624,0.9999950528144836,0.9999987580456298,2.6065283576922014e-05,-4.838469966238636e-05,0.0015750830835434956,-2.5832011758488266e-05,False,False
1.03,1.04,103,HOVER,-0.001190794981084764,-0.0004337369173299521,1.0000662141101202,0.0,0.0,1.0,0.0034530279330289896,-0.006153643089147951,0.18104443255358704,0.0012690566215936006,-0.0007742486195638776,-0.00023141936981119215,0.00011826991249108687,0.0008618275751359761,-0.0009798221290111542,0.0009671811130829155,-7.601268589496613e-05,0.00020539166871458292,-1.5437602996826172e-05,5.04814088344574e-05,-7.601268589496613e-05,0.00020539166871458292,-1.5437602996826172e-05,5.04814088344574e-05,0.10638993738425653,0.10640161908332914,0.10640787883463301,0.1063927166459176,0.10638824902282952,0.10641133376954526,0.10640197186784739,0.10638148604419513,0.5453490090578422,0.545412294086833,0.5453866296564706,0.5453304681081179,1581.525549350169,1581.6184213390195,1581.6681864454606,1581.5476453452252,0.0006319562280624838,-0.0006320256173549751,0.0006320628002777201,-0.0006319727368767505,-5.700951442122459e-07,1.5404375153593719e-06,-1.5437602996826172e-08,0.42558304070441727,3.1957430337518217e-07,9.490656527454816e-07,2.0674108478229043e-08,0.42559215194813627,-8.896694475874281e-07,5.913718626138903e-07,-3.6111711475055216e-08,-9.111243718995521e-06,1.0,1.0,1.0,1.0,0.10638993738425653,0.10640161908332914,0.10640787883463301,0.1063927166459176,0.10638993738425653,0.10640161908332914,0.10640787883463301,0.1063927166459176,0.0006319562280624838,-0.0006320256173549751,0.0006320628002777201,-0.0006319727368767505,-0.001183093069561393,-0.00043144514515024824,1.000065027254814,-0.0007643204238379698,-0.00022597626754648282,0.0001192186944647047,-0.0011830930598080158,-0.0004314451362006366,6.502725591417402e-05,-0.000764320429880172,-0.00022597626957576722,0.00011921869736397639,0.9999987483024597,2.6065283236675896e-05,-4.838469976675697e-05,0.001575083122588694,0.0006804122240282595,-0.0013440578477457166,0.0009593487484380603,0.003150159725919366,0.9999950528144836,0.9999987500427925,3.0218157052568132e-05,-5.3652991747814975e-05,0.00157991172917635,-2.6100706168501632e-05,False,False
1.04,1.05,104,HOVER,-0.0011986017925664783,-0.0004360882448963821,1.0000673887407174,0.0,0.0,1.0,0.003988180319187203,-0.006534996011212204,0.18160106651564295,0.001277247218378597,-0.000785056792665273,-0.0002377282944507897,0.00011686565994750708,0.0009460609289817512,-0.0005874166963621974,0.00097248749807477,-0.0001656506210565567,0.00011066498700529337,-2.5797635316848755e-05,4.719942808151245e-05,-0.0001656506210565567,0.00011066498700529337,-2.5797635316848755e-05,4.719942808151245e-05,0.10639125028239371,0.106403335791978,0.10640488226202321,0.10639073445155987,0.10639718025101584,0.10641108967611995,0.10639134808788026,0.10638178169902478,0.5453734938055257,0.545411624945114,0.545357505139443,0.5453312786638089,1581.5359873202701,1581.632069282218,1581.6443637616808,1581.5318863007938,0.0006319640266774187,-0.0006320358146043493,0.0006320450006364179,-0.0006319609626422657,-1.2423796579241752e-06,8.299874025397002e-07,-2.5797635316848754e-08,0.4255813997140408,3.6438249318478805e-08,9.274790302841486e-07,1.225006722156783e-08,0.4255902027879548,-1.278817907242654e-06,-9.74916277444484e-08,-3.804770253841659e-08,-8.803073913987713e-06,1.0,1.0,1.0,1.0,0.10639125028239371,0.106403335791978,0.10640488226202321,0.10639073445155987,0.10639125028239371,0.106403335791978,0.10640488226202321,0.10639073445155987,0.0006319640266774187,-0.0006320358146043493,0.0006320450006364179,-0.0006319609626422657,-0.001190794986499624,-0.0004337369245711149,1.0000662141135288,-0.0007742485988579111,-0.00023141937302352704,0.00011826990989621851,-0.001190794981084764,-0.0004337369173299521,6.621411012019962e-05,-0.0007742486195638776,-0.00023141936981119215,0.00011826991249108687,0.9999987483024597,3.0218157917261124e-05,-5.365299148252234e-05,0.0015799116808921099,0.0008618275751359761,-0.0009798221290111542,0.0009671811130829155,0.00315981637686491,0.9999949932098389,0.9999987420201805,3.4893773226571705e-05,-5.6973371928033285e-05,0.0015847695467607803,-2.6373799894221135e-05,False,False
1.05,1.06,105,HOVER,-0.001206519897095859,-0.0004385081701911986,1.0000685473860358,0.0,0.0,1.0,0.00451542910395456,-0.0067054255282603436,0.18215961335095152,0.001285565409283003,-0.0007963664247654378,-0.0002449598105158657,0.00011517250823089853,0.0009071453823707998,-0.00022838427685201168,0.0009753410704433918,-0.00022442825138568878,4.5836204662919044e-06,-2.775155007839203e-05,5.5773183703422546e-05,-0.00022442825138568878,4.5836204662919044e-06,-2.775155007839203e-05,5.5773183703422546e-05,0.10639408936208056,0.10640449575360664,0.10640102335509144,0.10638977551076272,0.10640691278744197,0.10640973494753535,0.10638359451942007,0.1063854443374544,0.5454001746255595,0.545407911172658,0.5453362486065105,0.5453413199542628,1581.5585588026404,1581.641291014095,1581.6136852462698,1581.5242624002387,0.0006319808908107585,-0.0006320427047764234,0.0006320220787292432,-0.0006319552665339306,-1.683211885392666e-06,3.4377153497189285e-08,-2.775155007839203e-08,0.42558568659185175,-2.752828628473959e-07,7.655855086470022e-07,4.998229647659377e-09,0.42558938398154134,-1.40792902254527e-06,-7.312083551498129e-07,-3.274977972605141e-08,-3.697389689583108e-06,1.0,1.0,1.0,1.0,0.10639408936208056,0.10640449575360664,0.10640102335509144,0.10638977551076272,0.10639408936208056,0.10640449575360664,0.10640102335509144,0.10638977551076272,0.0006319808908107585,-0.0006320427047764234,0.0006320220787292432,-0.0006319552665339306,-0.001198601771268198,-0.0004360882394803094,1.0000673887392966,-0.0007850567992571807,-0.00023772829293154584,0.00011686566354924912,-0.0011986017925664783,-0.0004360882448963821,6.738874071743339e-05,-0.000785056792665273,-0.0002377282944507897,0.00011686565994750708,0.9999987483024597,3.4893771953647956e-05,-5.697337110177614e-05,0.001584769575856626,0.0009460609289817512,-0.0005874166963621974,0.00097248749807477,0.003169531235471368,0.9999949932098389,0.9999987340266515,3.9497521819110184e-05,-5.845316131078642e-05,0.0015896440695591428,-2.6651067348913182e-05,False,False
1.06,1.07,106,HOVER,-0.0012145524378865957,-0.00044100568629801273,1.000069689231168,0.0,0.0,1.0,0.00496305844151196,-0.006707961108936402,0.1827188910248684,0.0012940170897883239,-0.0008078423561528325,-0.0002530497731640935,0.00011355744209140539,0.0007438951870426536,4.602673652698286e-05,0.0009762578993104398,-0.00024149753153324127,-8.92080133780837e-05,-2.1938234567642212e-05,7.487647235393524e-05,-0.00024149753153324127,-8.92080133780837e-05,-2.1938234567642212e-05,7.487647235393524e-05,0.10639795671041836,0.10640509640159017,0.10639727541599232,0.10639011646404672,0.1064154247108716,0.10640780933419235,0.10638034775447551,0.10639165643663757,0.545423508657486,0.5454026323864831,0.5453273474114012,0.5453583504730193,1581.5893050223444,1581.6460661729548,1581.5838886147349,1581.5269730953942,0.0006320038628598851,-0.0006320462726254456,0.0006319998159709944,-0.0006319572917964375,-1.8112314864993094e-06,-6.690601003356278e-07,-2.1938234567642213e-08,0.425595238236177,-5.537028562813476e-07,5.055285274158799e-07,1.144089963826117e-10,0.42559044499204757,-1.2575286302179618e-06,-1.1745886277515076e-06,-2.2052643564024824e-08,4.7932441294418204e-06,1.0,1.0,1.0,1.0,0.10639795671041836,0.10640509640159017,0.10639727541599232,0.10639011646404672,0.10639795671041836,0.10640509640159017,0.10639727541599232,0.10639011646404672,0.0006320038628598851,-0.0006320462726254456,0.0006319998159709944,-0.0006319572917964375,-0.001206519940051832,-0.00043850818090292735,1.000068547384975,-0.0007963664074346525,-0.00024495982246126044,0.00011517250946484819,-0.001206519897095859,-0.0004385081701911986,6.85473860357888e-05,-0.0007963664247654378,-0.0002449598105158657,0.00011517250823089853,0.9999987483024597,3.94975213566795e-05,-5.845316263730638e-05,0.0015896441182121634,0.0009071453823707998,-0.00022838427685201168,0.0009753410704433918,0.0031792796216905117,0.9999949336051941,0.9999987260929721,4.34041376868938e-05,-5.846886788015107e-05,0.0015945249779785041,-2.6932363402832802e-05,False,False
1.07,1.08,107,HOVER,-0.0012226994149386883,-0.0004435883311089128,1.0000708178558853,0.0,0.0,1.0,0.005269941062667038,-0.00660563353491186,0.18327817080233758,0.001302604942221388,-0.0008192390669137239,-0.00026181680732406676,0.00011249774979660287,0.0004795327258761972,0.00020539751858450472,0.000976049283053726,-0.00021463818848133087,-0.00015137193258851767,-1.0350719094276428e-05,0.00010115467011928558,-0.00021463818848133087,-0.00015137193258851767,-1.0350719094276428e-05,0.00010115467011928558,0.1064021462380254,0.10640523938674629,0.10639455134151056,0.10639175843355325,0.10642106950148379,0.10640588520215898,0.10638224789339502,0.10639917473802192,0.5454389826128057,0.5453973576327661,0.545332556762659,0.5453789615603996,1581.622612259418,1581.6472029055258,1581.5622316521797,1581.5400272781146,0.0006320287486538709,-0.0006320471219572729,0.0006319836349685728,-0.0006319670450953063,-1.6097864136099814e-06,-1.1352894944138825e-06,-1.0350719094276429e-08,0.4256083773350597,-7.451366664215815e-07,2.0810153385794963e-07,-1.7834301355591081e-09,0.4255936953998355,-8.646497471883999e-07,-1.3433910282718321e-06,-8.56728895871732e-09,1.4681935224192255e-05,1.0,1.0,1.0,1.0,0.1064021462380254,0.10640523938674629,0.10639455134151056,0.10639175843355325,0.1064021462380254,0.10640523938674629,0.10639455134151056,0.10639175843355325,0.0006320287486538709,-0.0006320471219572729,0.0006319836349685728,-0.0006319670450953063,-0.0012145524404896491,-0.00044100568858841324,1.0000696892280785,-0.000807842328265508,-0.00025304976138828514,0.00011355744060781857,-0.0012145524378865957,-0.00044100568629801273,6.968923116801307e-05,-0.0008078423561528325,-0.0002530497731640935,0.00011355744209140539,0.9999987483024597,4.3404139432823285e-05,-5.846886779181659e-05,0.0015945249469950795,0.0007438951870426536,4.602673652698286e-05,0.0009762578993104398,0.0031890408135950565,0.9999949336051941,0.9999987182308461,4.608105235322457e-05,-5.757139930710155e-05,0.0015994057444882067,-2.721771886435351e-05,False,False
1.08,1.09,108,HOVER,-0.0012309590820223093,-0.0004462613433133811,1.000071941743954,0.0,0.0,1.0,0.005397255573869957,-0.006466880076738199,0.18383722044660583,0.0013113295019453444,-0.0008304251823574305,-0.0002709892869461328,0.00011247401562286541,0.00015651651483494788,0.0002456584188621491,0.0009756392682902515,-0.00015013106167316437,-0.0001696780091151595,4.274770617485046e-06,0.00012993812561035156,-0.00015013106167316437,-0.0001696780091151595,4.274770617485046e-06,0.00012993812561035156,0.10640589598332298,0.10640510095510715,0.10639352901968013,0.10639443946208663,0.10642283278014,0.10640447570773955,0.10638891158043916,0.10640654899448654,0.5454438162045244,0.5453934936720932,0.5453508254645876,0.5453991773349188,1581.6524228451494,1581.6461023734403,1581.5541039370562,1581.561342183811,0.0006320510221409385,-0.0006320462996733364,0.0006319775623769,-0.0006319829704047945,-1.1259829625487326e-06,-1.2725850683636962e-06,4.274770617485046e-09,0.4256227690628052,-8.141710853329896e-07,-6.02969138520891e-08,-6.855602924541945e-10,0.42559896542019693,-3.11811877215743e-07,-1.212288154511607e-06,4.960330909939241e-09,2.3803642608288822e-05,1.0,1.0,1.0,1.0,0.10640589598332298,0.10640510095510715,0.10639352901968013,0.10639443946208663,0.10640589598332298,0.10640510095510715,0.10639352901968013,0.10639443946208663,0.0006320510221409385,-0.0006320462996733364,0.0006319775623769,-0.0006319829704047945,-0.0012226993776471961,-0.0004435883448737529,1.0000708178572904,-0.0008192390713992853,-0.00026181680759702067,0.00011249774781975084,-0.0012226994149386883,-0.0004435883311089128,7.081785588525236e-05,-0.0008192390669137239,-0.00026181680732406676,0.00011249774979660287,0.9999986886978149,4.608105155057274e-05,-5.757140024797991e-05,0.0015994057757779956,0.0004795327258761972,0.00020539751858450472,0.000976049283053726,0.0031988020054996014,0.9999948740005493,0.9999987104333495,4.7190418560466614e-05,-5.635854066026032e-05,0.0016042843941151466,-2.750737101275531e-05,False,False
1.09,1.1,109,HOVER,-0.001239329227246344,-0.0004490268474910408,1.0000730736428523,0.0,0.0,1.0,0.005335549057276128,-0.006350452058363501,0.18439631981245888,0.0013201900622843898,-0.0008413819596171379,-0.0002802489325404167,0.00011387035192456096,-0.00017223061877302825,0.00018874170200433582,0.0009758821688592434,-6.154365837574005e-05,-0.00014253181871026754,1.8829479813575745e-05,0.0001564323902130127,-6.154365837574005e-05,-0.00014253181871026754,1.8829479813575745e-05,0.0001564323902130127,0.10640856483666886,0.1064048862450466,0.10639451596573152,0.10639771441989421,0.10642061937562095,0.10640391647525935,0.10639897369498061,0.10641250664924568,0.5454377487004246,0.5453919605988011,0.5453784104155123,0.5454155093360302,1581.6736401179476,1581.6443954267581,1581.5619504062456,1581.587378772276,0.000632066875129813,-0.0006320450242955768,0.0006319834248364452,-0.0006320024236541716,-4.615774378180504e-07,-1.0689886403270065e-06,1.8829479813575745e-08,0.42563601619510655,-7.502577102523264e-07,-2.431379537270323e-07,2.852016509893515e-09,0.4256056814673412,2.88680272434276e-07,-8.258506865999742e-07,1.597746330368223e-08,3.033472776536872e-05,1.0,1.0,1.0,1.0,0.10640856483666886,0.1064048862450466,0.10639451596573152,0.10639771441989421,0.10640856483666886,0.1064048862450466,0.10639451596573152,0.10639771441989421,0.000632066875129813,-0.0006320450242955768,0.0006319834248364452,-0.0006320024236541716,-0.0012309590766228092,-0.0004462613475388357,1.000071941740548,-0.0008304252111611561,-0.00027098929079953085,0.00011247401591667661,-0.0012309590820223093,-0.0004462613433133811,7.194174395408481e-05,-0.0008304251823574305,-0.0002709892869461328,0.00011247401562286541,0.9999986886978149,4.7190416808007285e-05,-5.635854176944122e-05,0.001604284392669797,0.00015651651483494788,0.0002456584188621491,0.0009756392682902515,0.003208559239283204,0.9999948740005493,0.9999987026762507,4.6650564926385235e-05,-5.534315402084112e-05,0.0016091633465207273,-2.780171138579323e-05,False,False
1.1,1.11,110,HOVER,-0.0012478078715503216,-0.00045188385411165655,1.0000742292031646,0.0,0.0,1.0,0.005105881318644708,-0.0062932085262560385,0.18495613259108307,0.0013291852679413042,-0.000852177559863776,-0.0002892827324103564,0.00011689940583892167,-0.00045393587788566947,7.64661017456092e-05,0.000977414776571095,3.324262797832489e-05,-7.811037357896566e-05,3.079511225223541e-05,0.00017644092440605164,3.324262797832489e-05,-7.811037357896566e-05,3.079511225223541e-05,0.00017644092440605164,0.10640976408025815,0.10640478062638295,0.10639739913594318,0.106401049712335,0.10641518070049057,0.10640430358364586,0.10641042171177698,0.1064161144662897,0.545422839751054,0.5453930218133962,0.5454097938291035,0.5454253994837442,1581.683174003012,1581.6435557571701,1581.584872210342,1581.6138947888785,0.0006320739986367335,-0.0006320443969207147,0.0006320005508675025,-0.0006320222352912699,2.4931970983743666e-07,-5.858278018422425e-07,3.0795112252235415e-08,0.42564602046220307,-5.690690724215706e-07,-3.052561400903979e-07,7.917292251381595e-09,0.42561299355491927,8.183887822590073e-07,-2.8057166175184457e-07,2.287782000085382e-08,3.3026907283795204e-05,1.0,1.0,1.0,1.0,0.10640976408025815,0.10640478062638295,0.10639739913594318,0.106401049712335,0.10640976408025815,0.10640478062638295,0.10639739913594318,0.106401049712335,0.0006320739986367335,-0.0006320443969207147,0.0006320005508675025,-0.0006320222352912699,-0.0012393292356931767,-0.00044902685835720296,1.000073073645721,-0.0008413819775579118,-0.00028024894386266395,0.00011387035467743508,-0.001239329227246344,-0.0004490268474910408,7.307364285225049e-05,-0.0008413819596171379,-0.0002802489325404167,0.00011387035192456096,0.9999986886978149,4.6650566218886524e-05,-5.534315278055146e-05,0.0016091633588075638,-0.00017223061877302825,0.00018874170200433582,0.0009758821688592434,0.0032183174043893814,0.9999948143959045,0.9999986949222188,4.464580518319207e-05,-5.4846614286050835e-05,0.0016140484689945046,-2.8101176666167875e-05,False,False
1.11,1.12,111,HOVER,-0.001256394200026989,-0.0004548284341581166,1.000075424934039,0.0,0.0,1.0,0.004754982400652571,-0.0063033048033095535,0.1855175497895593,0.0013383139433835968,-0.0008629238582216203,-0.00029783244826830924,0.00012156536831753328,-0.0006462823948822916,-3.962323171435855e-05,0.0009805622976273298,0.00011555664241313934,7.295631803572178e-06,3.798492252826691e-05,0.00018729083240032196,0.00011555664241313934,7.295631803572178e-06,3.798492252826691e-05,0.00018729083240032196,0.10640943429237514,0.10640491486946546,0.10640167266055453,0.10640394170384562,0.10640794475787956,0.1064055211998576,0.10642097533427175,0.10641700412419132,0.5454030036315588,0.5453963597653714,0.5454387244760455,0.5454278382972244,1581.6805522204265,1581.644622991174,1581.6188472823656,1581.6368863045802,0.0006320720396967083,-0.0006320451943246249,0.000632025935603694,-0.000632039413720843,8.66674818098545e-07,5.471723852679133e-08,3.798492252826691e-08,0.4256514454162002,-3.088187635067255e-07,-2.4000622252801085e-07,1.336725493435078e-08,0.42561996352624076,1.1754935816052706e-06,2.947234610548022e-07,2.461766759391613e-08,3.1481889959439346e-05,1.0,1.0,1.0,1.0,0.10640943429237514,0.10640491486946546,0.10640167266055453,0.10640394170384562,0.10640943429237514,0.10640491486946546,0.10640167266055453,0.10640394170384562,0.0006320720396967083,-0.0006320451943246249,0.000632025935603694,-0.000632039413720843,-0.001247807915964764,-0.0004518838457617104,1.0000742292029066,-0.0008521775428511906,-0.0002892827367434351,0.00011689940821640353,-0.0012478078715503216,-0.00045188385411165655,7.422920316457748e-05,-0.000852177559863776,-0.0002892827324103564,0.00011689940583892167,0.9999986886978149,4.464580342755653e-05,-5.484661596710794e-05,0.0016140484949573874,-0.00045393587788566947,7.64661017456092e-05,0.000977414776571095,0.0032280879095196724,0.9999948143959045,0.9999986871296758,4.1584046416286356e-05,-5.4939460667814825e-05,0.0016189476050658676,-2.8406137382301785e-05,False,False
1.12,1.1300000000000001,112,HOVER,-0.0012650880962610245,-0.00045785470865666866,1.0000766761731938,0.0,0.0,1.0,0.004345517244482778,-0.006360046806053976,0.18608150318037583,0.0013475748814355656,-0.0008737262105569243,-0.0003057323337998241,0.00012766994768753648,-0.0007253896910697222,-0.00011007602734025568,0.000985306454822421,0.00016977451741695404,9.39458841457963e-05,3.9672479033470154e-05,0.00018817558884620667,0.00016977451741695404,9.39458841457963e-05,3.9672479033470154e-05,0.00018817558884620667,0.10640784297766938,0.10640534373374023,0.10640655862730347,0.10640600488118626,0.1064006556452886,0.10640728077234876,0.10642862768618505,0.10641532369060076,0.5453830213505267,0.5454011834068545,0.5454597013367173,0.5454232317303531,1581.6679013845965,1581.6480324642648,1581.6576908519066,1581.6532885817137,0.0006320625872873561,-0.000632047741778417,0.0006320549582461827,-0.0006320516689942464,1.2733088806271552e-06,7.045941310934722e-07,3.967247903347015e-08,0.42565188779442314,-2.2033339232545995e-08,-6.878307514139245e-08,1.8134760875376972e-08,0.42562575021989935,1.2953422198597012e-06,7.733772062348646e-07,2.153771815809318e-08,2.6137574523799056e-05,1.0,1.0,1.0,1.0,0.10640784297766938,0.10640534373374023,0.10640655862730347,0.10640600488118626,0.10640784297766938,0.10640534373374023,0.10640655862730347,0.10640600488118626,0.0006320625872873561,-0.000632047741778417,0.0006320549582461827,-0.0006320516689942464,-0.0012563941618787746,-0.00045482844053888787,1.0000754249338564,-0.0008629238339132091,-0.00029783244600571407,0.00012156536887816138,-0.001256394200026989,-0.0004548284341581166,7.542493403889239e-05,-0.0008629238582216203,-0.00029783244826830924,0.00012156536831753328,0.9999986886978149,4.158404772169888e-05,-5.4939460824243724e-05,0.0016189476009458303,-0.0006462823948822916,-3.962323171435855e-05,0.0009805622976273298,0.003237886354327202,0.9999947547912598,0.9999986792648244,3.8011869017579535e-05,-5.5440225578928385e-05,0.001623868863611898,-2.871683328065597e-05,False,False
1.1300000000000001,1.1400000000000001,113,HOVER,-0.0012738907244056463,-0.00046095577999949455,1.0000779952606536,0.0,0.0,1.0,0.003943527295666512,-0.006420106699263991,0.1866487781943731,0.0013569676007650663,-0.0008846375276334584,-0.00031292796484194696,0.00013485639647115022,-0.0006899462314322591,-9.8375603556633e-05,0.0009913214016705751,0.00018616579473018646,0.00016202928964048624,3.575161099433899e-05,0.00018016621470451355,0.00018616579473018646,0.00016202928964048624,3.575161099433899e-05,0.00018016621470451355,0.10640551662225256,0.10640604022185622,0.106411159625268,0.10640704558497013,0.10639500946428007,0.1064091860356478,0.10643194148426093,0.10641174612316354,0.5453675427019457,0.5454064064142251,0.545468785082211,0.5454134244849873,1581.6494069276328,1581.653569539513,1581.694268427593,1581.6615621496758,0.0006320487687361803,-0.0006320518789178259,0.0006320822881740919,-0.0006320578507747226,1.3962434604763984e-06,1.2152196723036467e-06,3.575161099433899e-08,0.4256478831073523,2.3505298450297515e-07,1.6396375871830307e-07,2.132721772362539e-08,0.4256297620543469,1.1611904759734232e-06,1.0512559135853437e-06,1.4424393270713596e-08,1.8121053005415444e-05,1.0,1.0,1.0,1.0,0.10640551662225256,0.10640604022185622,0.106411159625268,0.10640704558497013,0.10640551662225256,0.10640604022185622,0.106411159625268,0.10640704558497013,0.0006320487687361803,-0.0006320518789178259,0.0006320822881740919,-0.0006320578507747226,-0.0012650881380206337,-0.00045785472282166504,1.0000766761698285,-0.0008737262283662452,-0.0003057323395892832,0.0001276699460573725,-0.0012650880962610245,-0.00045785470865666866,7.66761731938459e-05,-0.0008737262105569243,-0.0003057323337998241,0.00012766994768753648,0.9999986886978149,3.8011869037291035e-05,-5.544022496906109e-05,0.0016238688258454204,-0.0007253896910697222,-0.00011007602734025568,0.000985306454822421,0.003247729269787669,0.9999947547912598,0.9999986713117918,3.450497886718189e-05,-5.5969872018932715e-05,0.0016288190296149655,-2.9033370276964795e-05,False,False
1.1400000000000001,1.1500000000000001,114,HOVER,-0.0012828030157834291,-0.0004641248087864369,1.0000793904182501,0.0,0.0,1.0,0.003605567279067175,-0.006428536012005793,0.18721984028901817,0.0013664912198561817,-0.0008956263191066682,-0.0003194728051312268,0.00014268141239881516,-0.0005608151550404727,1.1455045751063153e-05,0.000998049508780241,0.00016273371875286102,0.0001972072059288621,2.720579504966736e-05,0.00016595050692558289,0.00016273371875286102,0.0001972072059288621,2.720579504966736e-05,0.00016595050692558289,0.10640311173799019,0.10640691698313937,0.10641465227077984,0.10640707729857647,0.1063922499051955,0.10641087703859559,0.10643042777162429,0.10640722053804749,0.5453599774562838,0.5454110420341647,0.5454646357208128,0.545401018282664,1581.6302880424416,1581.6605397697738,1581.7220343739941,1581.6618142716425,0.0006320344837236618,-0.0006320570868798478,0.0006321030344884323,-0.0006320580391535442,1.2205028906464576e-06,1.4790540444664656e-06,2.7205795049667358e-08,0.42564077525346283,4.1368348905734126e-07,4.0234758449941843e-07,2.239217870196944e-08,0.42563175829048583,8.068194015891163e-07,1.0767064599670472e-06,4.8136163476979186e-09,9.016962977004273e-06,1.0,1.0,1.0,1.0,0.10640311173799019,0.10640691698313937,0.10641465227077984,0.10640707729857647,0.10640311173799019,0.10640691698313937,0.10641465227077984,0.10640707729857647,0.0006320344837236618,-0.0006320570868798478,0.0006321030344884323,-0.0006320580391535442,-0.001273890779730315,-0.00046095577666028235,1.0000779952633554,-0.0008846375372623185,-0.00031292795098335484,0.00013485639293025028,-0.0012738907244056463,-0.00046095577999949455,7.799526065355167e-05,-0.0008846375276334584,-0.00031292796484194696,0.00013485639647115022,0.9999986886978149,3.450497752055526e-05,-5.596987102762796e-05,0.0016288190381601453,-0.0006899462314322591,-9.8375603556633e-05,0.0009913214016705751,0.0032576299272477627,0.999994695186615,0.9999986632755308,3.155612385422758e-05,-5.6048075667655955e-05,0.001633802306230688,-2.9355755326543112e-05,False,False
1.1500000000000001,1.16,115,HOVER,-0.0012918250868096948,-0.0004673560615628958,1.0000808653130662,0.0,0.0,1.0,0.0033680818692867643,-0.006331881512718462,0.18779478405472136,0.0013761442301037149,-0.0009065659251064062,-0.000325504457578063,0.0001506976259406656,-0.0003762890992220491,0.0002121714351233095,0.0010048161493614316,0.00010535679757595062,0.00019247981254011393,1.5797093510627747e-05,0.00014903955161571503,0.00010535679757595062,0.00019247981254011393,1.5797093510627747e-05,0.00014903955161571503,0.1064012696120764,0.10640784481158437,0.10641644461492729,0.1064063009810639,0.1063929494818092,0.10641203552302467,0.10642454012777072,0.10640279464320333,0.5453618953293913,0.5454142178252992,0.5454484964525297,0.5453888852144904,1581.6156430122712,1581.6679159641194,1581.7362831044788,1581.6556425704707,0.0006320235414957338,-0.0006320625981808112,0.0006321136810126681,-0.0006320534278275195,7.901759818196296e-07,1.4435985940508544e-06,1.5797093510627746e-08,0.4256323197758079,4.819300977424064e-07,5.910943538440551e-07,2.119650007121124e-08,0.425631860019652,3.082458840772232e-07,8.525042402067993e-07,-5.399406560583492e-09,4.5975615592386276e-07,1.0,1.0,1.0,1.0,0.1064012696120764,0.10640784481158437,0.10641644461492729,0.1064063009810639,0.1064012696120764,0.10640784481158437,0.10641644461492729,0.1064063009810639,0.0006320235414957338,-0.0006320625981808112,0.0006321136810126681,-0.0006320534278275195,-0.0012828030625676892,-0.0004641248008700477,1.0000793904168668,-0.0008956263131409205,-0.0003194728165209166,0.00014268141872214693,-0.0012828030157834291,-0.0004641248087864369,7.939041825011373e-05,-0.0008956263191066682,-0.0003194728051312268,0.00014268141239881516,0.9999986886978149,3.155612284899689e-05,-5.604807665804401e-05,0.001633802312426269,-0.0005608151550404727,1.1455045751063153e-05,0.000998049508780241,0.003267596708610654,0.9999946355819702,0.99999865517569,2.9482575799621114e-05,-5.5207847976436216e-05,0.0016388196004499013,-2.96839310921498e-05,False,False
1.16,1.17,116,HOVER,-0.001300955074839294,-0.00047064549289643764,1.000082419537648,0.0,0.0,1.0,0.003241056693554266,-0.0060905159409115105,0.18837335187888707,0.0013859236151101434,-0.000917245983146131,-0.0003312049084343016,0.00015853189688641578,-0.0001840280747273937,0.0004757056594826281,0.001010947278700769,2.6552006602287292e-05,0.00015000405255705118,3.1869858503341675e-06,0.0001332797110080719,2.6552006602287292e-05,0.00015000405255705118,3.1869858503341675e-06,0.0001332797110080719,0.10640047403465572,0.10640869280563321,0.10641629286888432,0.10640505524446434,0.10639688070747949,0.10641252292767488,0.10641560748507477,0.10639942873527497,0.5453726726240007,0.5454155539604877,0.5454240096966932,0.5453796578749706,1581.609318092716,1581.674657461907,1581.7350767605283,1581.6457389735538,0.000632018815765855,-0.0006320676352654613,0.0006321127796411729,-0.0006320460281521182,1.9914004951715468e-07,1.1250303941778839e-06,3.1869858503341676e-09,0.4256244398555041,4.306689090267414e-07,6.878808592783968e-07,1.7931989448449065e-08,0.4256305149536376,-2.3152885950958672e-07,4.371495348994871e-07,-1.4745003598114897e-08,-6.0750981334956045e-06,1.0,1.0,1.0,1.0,0.10640047403465572,0.10640869280563321,0.10641629286888432,0.10640505524446434,0.10640047403465572,0.10640869280563321,0.10641629286888432,0.10640505524446434,0.000632018815765855,-0.0006320676352654613,0.0006321127796411729,-0.0006320460281521182,-0.0012918250761808235,-0.00046735605994937927,1.0000808653098738,-0.000906565923434576,-0.00032550445546252317,0.0001506976232989023,-0.0012918250868096948,-0.0004673560615628958,8.086531306616962e-05,-0.0009065659251064062,-0.000325504457578063,0.0001506976259406656,0.9999986290931702,2.948257497337181e-05,-5.520784907275811e-05,0.0016388195799663663,-0.0003762890992220491,0.0002121714351233095,0.0010048161493614316,0.003277631476521492,0.9999946355819702,0.9999986470349823,2.8370889555665804e-05,-5.310321457047255e-05,0.0016438684089649046,-3.0017787622957185e-05,False,False
1.17,1.18,117,HOVER,-0.0013101890217512846,-0.0004739908908959478,1.0000840497013996,0.0,0.0,1.0,0.003207074218382071,-0.005687462231777934,0.1889548938261759,0.0013958248420469133,-0.0009274029871448874,-0.0003367541648913175,0.0001659415429458022,-3.138775355182588e-05,0.0007601347169838846,0.0010158707154914737,-5.747564136981964e-05,8.0281519331038e-05,-8.607283234596252e-06,0.0001216791570186615,-5.747564136981964e-05,8.0281519331038e-05,-8.607283234596252e-06,0.0001216791570186615,0.10640094789364815,0.10640935173385524,0.10641433771861385,0.10640372492781938,0.10640308815931075,0.10641232790077139,0.10640550711115314,0.10639771640727412,0.5453896898588848,0.5454150193283275,0.5453963211429057,0.545374963645616,1581.6130853204868,1581.6798958875977,1581.7195337480862,1581.6351629278734,0.00063202163048827,-0.0006320715492991001,0.0006321011660485662,-0.0006320381260712471,-4.3106731027364727e-07,6.02111394982785e-07,-8.607283234596253e-09,0.4256186395785094,2.744615342645598e-07,6.723329890601093e-07,1.3121166488939441e-08,0.42562836227393663,-7.055288445382072e-07,-7.022159407732433e-08,-2.1728449723535694e-08,-9.722695427261119e-06,1.0,1.0,1.0,1.0,0.10640094789364815,0.10640935173385524,0.10641433771861385,0.10640372492781938,0.10640094789364815,0.10640935173385524,0.10641433771861385,0.10640372492781938,0.00063202163048827,-0.0006320715492991001,0.0006321011660485662,-0.0006320381260712471,-0.00130095512390073,-0.00047064549658699565,1.0000824195346654,-0.0009172460065176031,-0.00033120492177439253,0.00015853190146708292,-0.001300955074839294,-0.00047064549289643764,8.241953764809296e-05,-0.000917245983146131,-0.0003312049084343016,0.00015853189688641578,0.9999986290931702,2.837088868545834e-05,-5.3103212849237025e-05,0.0016438683960586786,-0.0001840280747273937,0.0004757056594826281,0.001010947278700769,0.0032877293415367603,0.9999945759773254,0.9999986388688671,2.8068805208856978e-05,-4.9586256496648495e-05,0.0016489432247873735,-3.0357155853438514e-05,False,False
1.18,1.19,118,HOVER,-0.001319519942626357,-0.00047739161527715623,1.0000857509221532,0.0,0.0,1.0,0.0032257907295232245,-0.00513190231804573,0.18953854516531338,0.00140584097748491,-0.0009367622551508248,-0.00034228560980409384,0.00017284105706494302,4.3896019633393735e-05,0.0010194153292104602,0.0010191936744377017,-0.0001297835260629654,-8.329516276717186e-07,-1.829490065574646e-05,0.00011628679931163788,-0.0001297835260629654,-8.329516276717186e-07,-1.829490065574646e-05,0.00011628679931163788,0.10640261465050382,0.10640975828456195,0.10641106593931585,0.10640267214656862,0.10641014291372612,0.10641159453981992,0.10639628881129913,0.10639791713481071,0.5454090295484133,0.5454130089448751,0.5453710499723606,0.5453755139274996,1581.6263361694907,1581.6831279277942,1581.6935236362497,1581.6267932666594,0.0006320315310239927,-0.000632073964210298,0.0006320817316795361,-0.0006320318725506176,-9.733764454722404e-07,-6.24713720753789e-09,-1.8294900655746462e-08,0.42561594339965586,4.8264907194593004e-08,5.493257247027143e-07,7.425942613213318e-09,0.42562611102095027,-1.0216413526668334e-06,-5.555728619102523e-07,-2.572084326895978e-08,-1.0167621294410178e-05,1.0,1.0,1.0,1.0,0.10640261465050382,0.10640975828456195,0.10641106593931585,0.10640267214656862,0.10640261465050382,0.10640975828456195,0.10641106593931585,0.10640267214656862,0.0006320315310239927,-0.000632073964210298,0.0006320817316795361,-0.0006320318725506176,-0.0013101890558114876,-0.00047399089921042496,1.0000840497002326,-0.0009274029942596575,-0.00033675416730202096,0.00016594153699056165,-0.0013101890217512846,-0.0004739908908959478,8.404970139963552e-05,-0.0009274029871448874,-0.0003367541648913175,0.0001659415429458022,0.9999986290931702,2.8068805477232672e-05,-4.9586255045142025e-05,0.0016489431727677584,-3.138775355182588e-05,0.0007601347169838846,0.0010158707154914737,0.0032978791277855635,0.9999945759773254,0.9999986306818639,2.8224370239717468e-05,-4.4737671987311216e-05,0.0016540363728950167,-3.0701806425830365e-05,False,False
1.19,1.2,119,HOVER,-0.0013289384078234434,-0.00048084784066304564,1.000087518375949,0.0,0.0,1.0,0.003242838717205872,-0.0044568305403614615,0.19012329404895842,0.0014159630658274153,-0.0009450822253711522,-0.0003478526195976883,0.00017929665045812726,2.0945193682564422e-05,0.0012136136647313833,0.0010207295417785645,-0.00017611123621463776,-7.542816456407309e-05,-2.514384686946869e-05,0.00011760368943214417,-0.00017611123621463776,-7.542816456407309e-05,-2.514384686946869e-05,0.00011760368943214417,0.10640511931457378,0.10640990148654698,0.10640720231963846,0.10640216404360149,0.10641643223759857,0.10641054828130235,0.10638975219933276,0.10639986912648246,0.5454262705888826,0.5454101407992109,0.5453531300228632,0.5453808651735279,1581.6462483312982,1581.6842663693449,1581.6628081841225,1581.6227538150101,0.0006320464087285682,-0.0006320748148300891,0.0006320587817786525,-0.0006320288544189929,-1.320834271609783e-06,-5.657112342305481e-07,-2.514384686946869e-08,0.4256166018447161,-1.9991265127550575e-07,3.4720193940003183e-07,1.5212581386649451e-09,0.4256243871643607,-1.1209216203342773e-06,-9.129131736305799e-07,-2.6665105008133635e-08,-7.785319644570965e-06,1.0,1.0,1.0,1.0,0.10640511931457378,0.10640990148654698,0.10640720231963846,0.10640216404360149,0.10640511931457378,0.10640990148654698,0.10640720231963846,0.10640216404360149,0.0006320464087285682,-0.0006320748148300891,0.0006320587817786525,-0.0006320288544189929,-0.0013195199839695093,-0.00047739160891644984,1.000085750919297,-0.0009367622589412603,-0.0003422856121597832,0.00017284106422723342,-0.001319519942626357,-0.00047739161527715623,8.575092215323821e-05,-0.0009367622551508248,-0.00034228560980409384,0.00017284105706494302,0.9999986290931702,2.8224370907992125e-05,-4.473767330637202e-05,0.0016540363430976868,4.3896019633393735e-05,0.0010194153292104602,0.0010191936744377017,0.003308065701276064,0.9999945163726807,0.9999986224711314,2.836359684849391e-05,-3.884617809451339e-05,0.0016591390299865714,-3.105146975236741e-05,False,False
1.2,1.21,120,HOVER,-0.0013384328922256827,-0.00048435977078042924,1.0000893486503628,0.0,0.0,1.0,0.0032012769143929245,-0.0037115655434518794,0.19070810040907404,0.0014261802746720806,-0.0009521905449219048,-0.0003534122952260077,0.00018549156084191054,-0.00010057267354568467,0.0013174547348171473,0.0010204862337559462,-0.0001879129558801651,-0.0001277461415156722,-2.9087066650390625e-05,0.00012476928532123566,-0.0001879129558801651,-0.0001277461415156722,-2.9087066650390625e-05,0.00012476928532123566,0.10640791863428724,0.10640982168000974,0.10640355494006062,0.10640232998861195,0.10642056246968852,0.10640946122159001,0.1063870814453581,0.10640307950602405,0.5454375927063148,0.5454071607949103,0.5453458081271155,0.5453896661367933,1581.668502850462,1581.6836319153604,1581.633811518739,1581.6240730892705,0.0006320630366876662,-0.0006320743407792578,0.0006320371163439601,-0.000632029840132355,-1.4093471691012381e-06,-9.580960613675416e-07,-2.9087066650390624e-08,0.42562018464266066,-4.1914715875109726e-07,1.1059033998717799e-07,-4.02787998646844e-09,0.4256236252429696,-9.902000103501409e-07,-1.0686864013547195e-06,-2.5059186663922185e-08,-3.4406003089348935e-06,1.0,1.0,1.0,1.0,0.10640791863428724,0.10640982168000974,0.10640355494006062,0.10640232998861195,0.10640791863428724,0.10640982168000974,0.10640355494006062,0.10640232998861195,0.0006320630366876662,-0.0006320743407792578,0.0006320371163439601,-0.000632029840132355,-0.001328938438839337,-0.0004808478413221183,1.0000875183747362,-0.000945082205006511,-0.0003478526275202594,0.00017929665190625607,-0.0013289384078234434,-0.00048084784066304564,8.75183759490028e-05,-0.0009450822253711522,-0.0003478526195976883,0.00017929665045812726,0.9999986290931702,2.8363596356939524e-05,-3.88461776310578e-05,0.001659139059484005,2.0945193682564422e-05,0.0012136136647313833,0.0010207295417785645,0.003318271366879344,0.9999945163726807,0.9999986142331864,2.7990275745310318e-05,-3.234298057956782e-05,0.0016642422249157568,-3.140587113227602e-05,False,False
1.21,1.22,121,HOVER,-0.0013479908229783177,-0.00048792659072205424,1.0000912405885174,0.0,0.0,1.0,0.0030532282633364415,-0.0029509596774821246,0.1912920156203618,0.001436480581755427,-0.0009580052574165165,-0.0003588291583582759,0.00019167350546922535,-0.0003009479842148721,0.0013253070646896958,0.0010186209110543132,-0.00016354210674762726,-0.0001475348835811019,-3.065355122089386e-05,0.00013587623834609985,-0.00016354210674762726,-0.0001475348835811019,-3.065355122089386e-05,0.00013587623834609985,0.10641040620207158,0.10640959543785827,0.10640085252306723,0.10640315398982084,0.10642164190407745,0.10640857358176482,0.1063886468902548,0.10640687574307604,0.5454405517153537,0.5454047274623584,0.5453500998148266,0.5454000730733383,1581.6882788039818,1581.6818333121298,1581.6123271149513,1581.6306239465744,0.0006320778128403051,-0.0006320729969008782,0.0006320210639870193,-0.0006320347346995358,-1.2265658006072043e-06,-1.1065116268582641e-06,-3.065355122089386e-08,0.4256257381191731,-5.655077165620491e-07,-1.1003292583544946e-07,-8.854773089457882e-09,0.4256240081528179,-6.610580840451552e-07,-9.964787010228147e-07,-2.179877813143598e-08,1.729966355168422e-06,1.0,1.0,1.0,1.0,0.10641040620207158,0.10640959543785827,0.10640085252306723,0.10640315398982084,0.10641040620207158,0.10640959543785827,0.10640085252306723,0.10640315398982084,0.0006320778128403051,-0.0006320729969008782,0.0006320210639870193,-0.0006320347346995358,-0.0013384329271711127,-0.00048435977311080846,1.0000893486482816,-0.0009521905701996449,-0.00035341229346107087,0.0001854915673259789,-0.0013384328922256827,-0.00048435977078042924,8.934865036280826e-05,-0.0009521905449219048,-0.0003534122952260077,0.00018549156084191054,0.9999986290931702,2.799027606670279e-05,-3.234298128518276e-05,0.0016642422415316105,-0.00010057267354568467,0.0013174547348171473,0.0010204862337559462,0.0033284779638051987,0.9999944567680359,0.9999986059684004,2.6687394550810846e-05,-2.570746612157375e-05,0.001669337642662524,-3.1764756985933934e-05,False,False
1.22,1.23,122,HOVER,-0.001357599045149982,-0.0004915456520393491,1.0000931955728447,0.0,0.0,1.0,0.002769435576070336,-0.002223832450123639,0.19187421168857652,0.0014468509633783241,-0.0009625357342883945,-0.0003638978232629597,0.00019809209334198385,-0.0005448217852972448,0.0012516169808804989,0.0010153704788535833,-0.00010852701961994171,-0.0001322649186477065,-3.0899420380592346e-05,0.0001481659710407257,-0.00010852701961994171,-0.0001322649186477065,-3.0899420380592346e-05,0.0001481659710407257,0.10641204379095345,0.10640930846725748,0.10639959227473718,0.10640449104616714,0.10641944030911948,0.10640801232275944,0.10639390022232921,0.1064105301313123,0.5454345165643094,0.5454031888511646,0.5453645017565365,0.5454100910439227,1581.7012974221748,1581.6795519219652,1581.6023079973293,1581.641253589861,0.0006320875401182635,-0.0006320712922955094,0.0006320135781119388,-0.0006320426768142328,-8.139526471495629e-07,-9.919868898577987e-07,-3.0899420380592344e-08,0.4256318829855204,-6.105432784750051e-07,-2.6990343317788434e-07,-1.2850879539867167e-08,0.42562543557911525,-2.034093686745578e-07,-7.220834566799144e-07,-1.8048540840725176e-08,6.4474064051522895e-06,1.0,1.0,1.0,1.0,0.10641204379095345,0.10640930846725748,0.10639959227473718,0.10640449104616714,0.10641204379095345,0.10640930846725748,0.10639959227473718,0.10640449104616714,0.0006320875401182635,-0.0006320712922955094,0.0006320135781119388,-0.0006320426768142328,-0.0013479907649264734,-0.0004879265856793811,1.0000912405863367,-0.0009580052592247543,-0.0003588291717394966,0.00019167350274802627,-0.0013479908229783177,-0.00048792659072205424,9.124058851739392e-05,-0.0009580052574165165,-0.0003588291583582759,0.00019167350546922535,0.9999986290931702,2.668739398359321e-05,-2.5707466193125583e-05,0.0016693376237526536,-0.0003009479842148721,0.0013253070646896958,0.0010186209110543132,0.003338669193908572,0.9999943971633911,0.9999985976806748,2.420034526857771e-05,-1.936610525024981e-05,0.0016744181022504353,-3.2127891791934935e-05,False,False
1.23,1.24,123,HOVER,-0.0013672452187165618,-0.0004952120943926275,1.0000952172122197,0.0,0.0,1.0,0.002344903350899695,-0.0015632127719926096,0.1924540148160724,0.0014572785677552961,-0.0009658655035309494,-0.00036837905645370483,0.00020494242198765278,-0.0007885495433583856,0.0011268953094258904,0.0010109751019626856,-3.4281983971595764e-05,-8.706969674676657e-05,-3.103725612163544e-05,0.00015899725258350372,-3.4281983971595764e-05,-8.706969674676657e-05,-3.103725612163544e-05,0.00015899725258350372,0.1064124807012473,0.10640904072362019,0.10639995307105998,0.10640611146979201,0.10641445408119371,0.10640783142032331,0.10640158266830557,0.10641343045646923,0.5454208478645685,0.5454026929325281,0.545385562702261,0.5454180417882042,1581.7047707920176,1581.6774233827632,1581.6051763727492,1581.6541359594564,0.000632090135365409,-0.0006320697018983039,0.0006320157212420963,-0.0006320523021305645,-2.571148797869682e-07,-6.530227256007492e-07,-3.103725612163544e-08,0.4256372986262918,-5.464781343677422e-07,-3.393505961773319e-07,-1.6147421363129494e-08,0.4256275859657195,2.8936325458077395e-07,-3.1367212942341734e-07,-1.4889834758505944e-08,9.712660572314125e-06,1.0,1.0,1.0,1.0,0.1064124807012473,0.10640904072362019,0.10639995307105998,0.10640611146979201,0.1064124807012473,0.10640904072362019,0.10639995307105998,0.10640611146979201,0.000632090135365409,-0.0006320697018983039,0.0006320157212420963,-0.0006320523021305645,-0.0013575990033388048,-0.0004915456614726225,1.0000931955750214,-0.0009625357382335965,-0.0003638978089040367,0.0001980920914623797,-0.001357599045149982,-0.0004915456520393491,9.319557284470648e-05,-0.0009625357342883945,-0.0003638978232629597,0.00019809209334198385,0.9999985694885254,2.420034616079647e-05,-1.936610533448402e-05,0.0016744181048125029,-0.0005448217852972448,0.0012516169808804989,0.0010153704788535833,0.003348830621689558,0.9999943971633911,0.9999985893740048,2.048602346352029e-05,-1.3607218507249016e-05,0.0016794776470811178,-3.249502720884749e-05,False,False
1.24,1.25,124,HOVER,-0.0013769182842224836,-0.0004989185836166143,1.0000973104761215,0.0,0.0,1.0,0.0017996172107534235,-0.000980446203134169,0.19303085127026143,0.0014677510154202545,-0.0009681201190687716,-0.00037204273394308984,0.00021232185827102512,-0.000989012187346816,0.0009903600439429283,0.0010056121973320842,4.425458610057831e-05,-2.3572123609483242e-05,-3.213249146938324e-05,0.0001658909022808075,4.425458610057831e-05,-2.3572123609483242e-05,-3.213249146938324e-05,0.0001658909022808075,0.10641162083145356,0.10640884149537577,0.10640176171472263,0.10640774729178848,0.10640773712146763,0.1064079416513969,0.1064099308489284,0.10641513582934754,0.545402434425353,0.5454029951155749,0.5454084482059663,0.5454227167455957,1581.6979349549713,1581.67583953409,1581.6195552701813,1581.667140687033,0.0006320850277388341,-0.000632068518482532,0.0006320264645854524,-0.0006320620189132236,3.319093957543373e-07,-1.767909270711243e-07,-3.213249146938324e-08,0.42564074545114045,-3.872546398510021e-07,-3.09883504192969e-07,-1.9045071469100255e-08,0.42562997133334046,7.191640356053394e-07,1.330925771218447e-07,-1.3087420000282987e-08,1.0774117799983163e-05,1.0,1.0,1.0,1.0,0.10641162083145356,0.10640884149537577,0.10640176171472263,0.10640774729178848,0.10641162083145356,0.10640884149537577,0.10640176171472263,0.10640774729178848,0.0006320850277388341,-0.000632068518482532,0.0006320264645854524,-0.0006320620189132236,-0.0013672452530859676,-0.0004952120934327497,1.000095217209515,-0.0009658654875510342,-0.00036837905948188855,0.00020494242810499335,-0.0013672452187165618,-0.0004952120943926275,9.521721221972257e-05,-0.0009658655035309494,-0.00036837905645370483,0.00020494242198765278,0.9999985694885254,2.048602436843794e-05,-1.3607218534161802e-05,0.0016794776311144233,-0.0007885495433583856,0.0011268953094258904,0.0010109751019626856,0.0033589499071240425,0.9999943375587463,0.999998581049929,1.5719013764437693e-05,-8.52954097727684e-06,0.0016845112906150865,-3.2865867248586094e-05,False,False
1.25,1.26,125,HOVER,-0.0013866079971194267,-0.0005026558646932244,1.0000994806614472,0.0,0.0,1.0,0.0011743322792414142,-0.00046433013514077384,0.19360418665801477,0.0014782560867414027,-0.0009694289183244109,-0.00037470797542482615,0.00022021346376277506,-0.0011120735434815288,0.0008809195715002716,0.0009993501007556915,0.0001118239015340805,4.303234163671732e-05,-3.518722951412201e-05,0.0001677330583333969,0.0001118239015340805,4.303234163671732e-05,-3.518722951412201e-05,0.0001677330583333969,0.10640964538637768,0.10640873415174187,0.10640455077308572,0.10640916091518998,0.10640072311705502,0.1064082493179205,0.10641714825952212,0.10641554583466913,0.5453832063186377,0.5454038385397577,0.5454282334139112,0.5454238406943676,1581.6822303981278,1581.6749861603862,1581.6417284199636,1581.6783788957432,0.0006320732935950834,-0.0006320678808613467,0.0006320430315921292,-0.0006320704158362285,8.386792615056038e-07,3.227425622753799e-07,-3.518722951412201e-08,0.42564166652916674,-1.6503183122937998e-07,-1.952082746446357e-07,-2.197151036261412e-08,0.4256320912263952,1.0037110927349839e-06,5.179508369200155e-07,-1.3215719151507894e-08,9.575302771513972e-06,1.0,1.0,1.0,1.0,0.10640964538637768,0.10640873415174187,0.10640455077308572,0.10640916091518998,0.10640964538637768,0.10640873415174187,0.10640455077308572,0.10640916091518998,0.0006320732935950834,-0.0006320678808613467,0.0006320430315921292,-0.0006320704158362285,-0.0013769182420216813,-0.0004989186022574679,1.0000973104794957,-0.0009681201428909941,-0.00037204272641947384,0.00021232185643347694,-0.0013769182842224836,-0.0004989185836166143,9.731047612149268e-05,-0.0009681201190687716,-0.00037204273394308984,0.00021232185827102512,0.9999985694885254,1.571901339048054e-05,-8.529540536983404e-06,0.0016845113132148981,-0.000989012187346816,0.0009903600439429283,0.0010056121973320842,0.003369017504155636,0.9999943375587463,0.9999985727086237,1.0254813373370213e-05,-4.034724943061375e-06,0.0016895145088000089,-3.3240056278530833e-05,False,False
1.26,1.27,126,HOVER,-0.0013963057426735759,-0.0005064132274128497,1.0001017322065309,0.0,0.0,1.0,0.0005224005523825306,1.4711795335341941e-05,0.19417350084883725,0.0014887825649729863,-0.0009698881185613573,-0.0003762735577765852,0.00022849014203529805,-0.0011390357976779342,0.0008285288931801915,0.0009921279270201921,0.00015560351312160492,9.722413960844278e-05,-4.0493905544281006e-05,0.00016392208635807037,0.00015560351312160492,9.722413960844278e-05,-4.0493905544281006e-05,0.00016392208635807037,0.10640695933776062,0.10640870049628892,0.10640764924541911,0.10641017233640987,0.10639482763217505,0.10640854848623987,0.10642164431150672,0.10641474061325747,0.5453670442166618,0.5454046586666195,0.54544055831473,0.5454216333373691,1581.6608764875207,1581.674718602049,1581.6663612235027,1581.686419597595,0.0006320573384662981,-0.0006320676809479562,0.0006320614365177895,-0.0006320764236782746,1.167026348412037e-06,7.291810470633208e-07,-4.049390554428101e-08,0.4256397610431791,7.642859274192143e-08,-2.764522221039567e-08,-2.5329642143185997e-08,0.42563348141587853,1.0905977556701155e-06,7.568262692737165e-07,-1.5164263401095012e-08,6.279627300542767e-06,1.0,1.0,1.0,1.0,0.10640695933776062,0.10640870049628892,0.10640764924541911,0.10641017233640987,0.10640695933776062,0.10640870049628892,0.10640764924541911,0.10641017233640987,0.0006320573384662981,-0.0006320676809479562,0.0006320614365177895,-0.0006320764236782746,-0.0013866080071435424,-0.0005026558734550221,1.0000994806648127,-0.0009694289156656054,-0.0003747079627555685,0.00022021346685937386,-0.0013866079971194267,-0.0005026558646932244,9.948066144715995e-05,-0.0009694289183244109,-0.00037470797542482615,0.00022021346376277506,0.9999985694885254,1.0254813787469175e-05,-4.034724952362012e-06,0.0016895144945010543,-0.0011120735434815288,0.0008809195715002716,0.0009993501007556915,0.003379024099558592,0.9999942779541016,0.9999985643529302,4.558580906326099e-06,1.3610926319058796e-07,0.001694482599284975,-3.361719809149666e-05,False,False
1.27,1.28,127,HOVER,-0.0014060031389817595,-0.0005101796123199165,1.0001040677379933,0.0,0.0,1.0,-0.00010066602258649855,0.0004964942731141154,0.19473815399468142,0.0014993192314328885,-0.0009695346816442907,-0.00037673249607905746,0.00023693816910963506,-0.0010699199046939611,0.0008478070958517492,0.0009837773395702243,0.00016784481704235077,0.00012687745038419962,-4.774332046508789e-05,0.00015511736273765564,0.00016784481704235077,0.00012687745038419962,-4.774332046508789e-05,0.00015511736273765564,0.10640410262350183,0.10640869613305085,0.10641033401222835,0.10641068883905844,0.10639120011289854,0.10640867642580763,0.10642246042976695,0.10641302171289577,0.5453570994679506,0.545405009394313,0.5454427955001787,0.5454169212916546,1581.63816562059,1581.6746839146301,1581.6877049027676,1581.6905257354408,0.0006320403695836009,-0.000632067655030322,0.0006320773840326364,-0.0006320794917040071,1.2588361278176307e-06,9.515808778814971e-07,-4.7743320465087893e-08,0.42563535868136887,2.9076286932458104e-07,1.4985862752765408e-07,-2.9393118091813192e-08,0.42563382160783947,9.680732584930497e-07,8.017222503538431e-07,-1.83502023732747e-08,1.5370735294006899e-06,1.0,1.0,1.0,1.0,0.10640410262350183,0.10640869613305085,0.10641033401222835,0.10641068883905844,0.10640410262350183,0.10640869613305085,0.10641033401222835,0.10641068883905844,0.0006320403695836009,-0.000632067655030322,0.0006320773840326364,-0.0006320794917040071,-0.0013963057062060084,-0.0005064132433890308,1.0001017322083943,-0.0009698880900775023,-0.000376273568056753,0.00022849013603806975,-0.0013963057426735759,-0.0005064132274128497,0.00010173220653086901,-0.0009698881185613573,-0.0003762735577765852,0.00022849014203529805,0.9999985694885254,4.558580712910043e-06,1.3610926430374093e-07,0.0016944826347753406,-0.0011390357976779342,0.0008285288931801915,0.0009921279270201921,0.0033889603801071644,0.9999942779541016,0.9999985559918244,-8.858385922627337e-07,4.331230629089495e-06,0.0016994101099771558,-3.3996889360890405e-05,False,False
1.28,1.29,128,HOVER,-0.001415691920556128,-0.0005139443092048168,1.0001064874231815,0.0,0.0,1.0,-0.0006477613588009412,0.0010209391411564086,0.19529739953583186,0.0015098549394520515,-0.0009683356038294733,-0.00037616814370267093,0.00024529683287255466,-0.0009229108109138906,0.0009353182394988835,0.0009740637033246458,0.00014740042388439178,0.00012572261039167643,-5.6410208344459534e-05,0.00014275871217250824,0.00014740042388439178,0.00012572261039167643,-5.6410208344459534e-05,0.00014275871217250824,0.10640162524570052,0.10640866408868277,0.10641197834923669,0.10641071237100727,0.10639043599687192,0.10640851935534464,0.1064194053471355,0.10641081865673427,0.5453550046511152,0.5454045788084975,0.5454344207240145,0.5454108819897932,1581.6184703303818,1581.674429164271,1581.7007771701967,1581.6907128116409,0.000632025653959461,-0.0006320674646867756,0.0006320871513944659,-0.0006320796314837831,1.1055031791329383e-06,9.429195779375731e-07,-5.6410208344459534e-08,0.4256291793560863,4.3845099710398613e-07,2.9361695393819234e-07,-3.4290816631836994e-08,0.42563298005462724,6.670521820289521e-07,6.493026239993808e-07,-2.211939171262254e-08,-3.8006985409455574e-06,1.0,1.0,1.0,1.0,0.10640162524570052,0.10640866408868277,0.10641197834923669,0.10641071237100727,0.10640162524570052,0.10640866408868277,0.10641197834923669,0.10641071237100727,0.000632025653959461,-0.0006320674646867756,0.0006320871513944659,-0.0006320796314837831,-0.0014060031194360596,-0.0005101795969377429,1.0001040677365214,-0.0009695346552956855,-0.00037673249778452574,0.00023693817132776416,-0.0014060031389817595,-0.0005101796123199165,0.00010406773799331859,-0.0009695346816442907,-0.00037673249607905746,0.00023693816910963506,0.9999985694885254,-8.858385740495578e-07,4.331230684329057e-06,0.0016994101461023092,-0.0010699199046939611,0.0008478070958517492,0.0009837773395702243,0.0033988154027611017,0.9999942183494568,0.999998547640285,-5.667960084276214e-06,8.89972769415212e-06,0.0017042904652113317,-3.437873728383223e-05,False,False
1.29,1.3,129,HOVER,-0.0014253632398322225,-0.0005176980048418045,1.00010898878827,0.0,0.0,1.0,-0.001088775764862115,0.0016182706367487243,0.19585031922080393,0.001520378290311573,-0.0009661947260610759,-0.00037473373231478035,0.0002533038496039808,-0.0007302378653548658,0.001070961356163025,0.0009627374238334596,9.938888251781464e-05,9.458663407713175e-05,-6.555765867233276e-05,0.00012882612645626068,9.938888251781464e-05,9.458663407713175e-05,-6.555765867233276e-05,0.00012882612645626068,0.10639997235303843,0.10640855417739761,0.1064121782816672,0.10641032349960011,0.10639250690119564,0.10640805774639993,0.10641308130898137,0.10640856710665125,0.54536068200531,0.5454033133736615,0.5454170846636208,0.5454047097117759,1581.605329666783,1581.6735553775,1581.7023666031782,1581.687621328534,0.0006320158357770482,-0.0006320668118137418,0.0006320883389931032,-0.0006320773215876247,7.454166188836098e-07,7.093997555784881e-07,-6.555765867233276e-08,0.42562221306322817,4.940949931394115e-07,3.6898622020071353e-07,-3.995863121506252e-08,0.42563102831170335,2.513216257441983e-07,3.404135353777746e-07,-2.5599027457270242e-08,-8.815248475180226e-06,1.0,1.0,1.0,1.0,0.10639997235303843,0.10640855417739761,0.1064121782816672,0.10641032349960011,0.10639997235303843,0.10640855417739761,0.1064121782816672,0.10641032349960011,0.0006320158357770482,-0.0006320668118137418,0.0006320883389931032,-0.0006320773215876247,-0.0014156919785230982,-0.0005139443013982498,1.0001064874221544,-0.0009683356052822042,-0.00037616815246095653,0.0002452968235197957,-0.001415691920556128,-0.0005139443092048168,0.00010648742318153381,-0.0009683356038294733,-0.00037616814370267093,0.00024529683287255466,0.9999985694885254,-5.6679600675124675e-06,8.89972761797253e-06,0.001704290509223938,-0.0009229108109138906,0.0009353182394988835,0.0009740637033246458,0.0034085758961737156,0.9999942183494568,0.9999985393156036,-9.525483999303825e-06,1.4105816103572377e-05,0.0017091158388107877,-3.476234197998709e-05,False,False
1.3,1.31,130,HOVER,-0.001435006852261722,-0.0005214331322349608,1.000111566921987,0.0,0.0,1.0,-0.0014156116090646132,0.0023017009346130474,0.19639593665938637,0.00153087698902039,-0.0009629749110899866,-0.00037261913530528545,0.0002607354836072773,-0.0005314573063515127,0.001223000232130289,0.000949595938436687,3.429315984249115e-05,4.081951919943094e-05,-7.394887506961823e-05,0.00011517293751239777,3.429315984249115e-05,4.081951919943094e-05,-7.394887506961823e-05,0.00011517293751239777,0.10639938838262095,0.1064083277503907,0.1064108259106864,0.1064096508660643,0.10639675080124215,0.10640730505937153,0.10640471778035233,0.10640661282779025,0.5453723164932482,0.5454012499864365,0.5453941572863409,0.545399352325619,1581.6006870284934,1581.671755298319,1581.6916154384414,1581.682273961114,0.0006320123669927685,-0.0006320654668373208,0.0006320803059094773,-0.0006320733261444219,2.571986988186836e-07,3.0614639399573203e-07,-7.394887506961823e-08,0.42561538646875624,4.5115255939377416e-07,3.575950501140922e-07,-4.612007949698384e-08,0.4256281929097624,-1.9395386057509057e-07,-5.1448656118360145e-08,-2.782879557263439e-08,-1.2806441006152358e-05,1.0,1.0,1.0,1.0,0.10639938838262095,0.1064083277503907,0.1064108259106864,0.1064096508660643,0.10639938838262095,0.1064083277503907,0.1064108259106864,0.1064096508660643,0.0006320123669927685,-0.0006320654668373208,0.0006320803059094773,-0.0006320733261444219,-0.0014253632937896016,-0.00051769799915141,1.000108988785038,-0.0009661947467618589,-0.0003747337208522879,0.00025330384277808216,-0.0014253632398322225,-0.0005176980048418045,0.00010898878826992586,-0.0009661947260610759,-0.00037473373231478035,0.0002533038496039808,0.9999985098838806,-9.525483619654551e-06,1.4105816262599546e-05,0.0017091158078983426,-0.0007302378653548658,0.001070961356163025,0.0009627374238334596,0.003418226493522525,0.999994158744812,0.9999985310331373,-1.2387949262475645e-05,2.006492862958738e-05,0.0017138773308537137,-3.514725161245956e-05,False,False
1.31,1.32,131,HOVER,-0.0014446109998971224,-0.0005251439870335162,1.0001142150940723,0.0,0.0,1.0,-0.0016427257463808988,0.003064151628685142,0.19693314733037026,0.001541337807184123,-0.0009585299994796515,-0.0003700124507304281,0.0002674357092473656,-0.00036546328919939697,0.0013555394252762198,0.0009345379658043385,-3.43862920999527e-05,-2.316234167665243e-05,-8.063949644565582e-05,0.00010345876216888428,-3.43862920999527e-05,-2.316234167665243e-05,-8.063949644565582e-05,0.00010345876216888428,0.10639986911643502,0.10640797314320162,0.10640812685812158,0.10640884061591709,0.10640204043352831,0.10640637150903888,0.10639593642061278,0.10640518101790454,0.5453868176227653,0.5453986907814932,0.5453700839109162,0.5453954271976034,1581.6045089233482,1581.6689361931924,1581.6701582176004,1581.6758325424614,0.000632015222551624,-0.0006320633604706176,0.0006320642735372422,-0.0006320685132585475,-2.578971907496452e-07,-1.7371756257489322e-07,-8.063949644565582e-08,0.4256095293810845,3.2262195518361833e-07,2.61282959472791e-07,-5.2377640298866164e-08,0.42562480973367534,-5.805191459332635e-07,-4.350005220476842e-07,-2.8261856146789657e-08,-1.528035259085181e-05,1.0,1.0,1.0,1.0,0.10639986911643502,0.10640797314320162,0.10640812685812158,0.10640884061591709,0.10639986911643502,0.10640797314320162,0.10640812685812158,0.10640884061591709,0.000632015222551624,-0.0006320633604706176,0.0006320642735372422,-0.0006320685132585475,-0.0014350068449641036,-0.0005214331146742436,1.0001115669254195,-0.000962974897826503,-0.00037261912969593686,0.0002607354774748992,-0.001435006852261722,-0.0005214331322349608,0.00011156692198710516,-0.0009629749110899866,-0.00037261913530528545,0.0002607354836072773,0.9999985098838806,-1.2387949027470313e-05,2.0064928321517073e-05,0.001713877310976386,-0.0005314573063515127,0.001223000232130289,0.000949595938436687,0.0034277490340173244,0.9999940991401672,0.99999852280508,-1.4381419598007383e-05,2.6715090836530166e-05,0.0017185654299181027,-3.5532919385854745e-05,False,False
1.32,1.33,132,HOVER,-0.0014541626442223787,-0.0005288266693241894,1.000116925468319,0.0,0.0,1.0,-0.0018032206034381045,0.003879635136879454,0.19746084479405157,0.001551746824447202,-0.0009527397924102843,-0.00036706344690173864,0.0002733324363362044,-0.0002628511283546686,0.0014367069816216826,0.0009175913874059916,-9.274668991565704e-05,-8.332205470651388e-05,-8.494965732097626e-05,9.485706686973572e-05,-9.274668991565704e-05,-8.332205470651388e-05,-8.494965732097626e-05,9.485706686973572e-05,0.10640117428767892,0.10640750349748057,0.10640454986541673,0.10640803251679173,0.10640706935587373,0.1064053822771894,0.1063883942662881,0.10640438263408371,0.5454006038370541,0.5453959789257486,0.5453494072441794,0.5453932385212412,1581.614885174579,1581.6652025345886,1581.641721203979,1581.6694082097406,0.0006320229752688129,-0.0006320605707750346,0.0006320430262005753,-0.0006320637131497429,-6.956001743674278e-07,-6.249154102988541e-07,-8.494965732097626e-08,0.4256052285334349,1.3804702866590524e-07,1.0064007317355655e-07,-5.828245538931024e-08,0.42562126016736795,-8.33647203033333e-07,-7.255554834724107e-07,-2.6667201931666015e-08,-1.603163393304463e-05,1.0,1.0,1.0,1.0,0.10640117428767892,0.10640750349748057,0.10640454986541673,0.10640803251679173,0.10640117428767892,0.10640750349748057,0.10640454986541673,0.10640803251679173,0.0006320229752688129,-0.0006320605707750346,0.0006320430262005753,-0.0006320637131497429,-0.0014446109589968757,-0.0005251439916723854,1.0001142150927251,-0.0009585300282768515,-0.0003700124421727197,0.0002674357168957936,-0.0014446109998971224,-0.0005251439870335162,0.00011421509407227859,-0.0009585299994796515,-0.0003700124507304281,0.0002674357092473656,0.9999985098838806,-1.4381419532583095e-05,2.6715091735241003e-05,0.0017185654724016786,-0.00036546328919939697,0.0013555394252762198,0.0009345379658043385,0.0034371251240372658,0.9999940991401672,0.9999985146434357,-1.579438499790851e-05,3.382903863122635e-05,0.0017231706403689276,-3.591869205480098e-05,False,False
1.33,1.34,133,HOVER,-0.0014636479318141937,-0.000532478210516274,1.0001196900193463,0.0,0.0,1.0,-0.0019413683815492054,0.004708818673545543,0.1979780419007947,0.001562089630498103,-0.0009455388062633574,-0.0003638565831352025,0.0002784342796076089,-0.00024011953792069107,0.0014456555945798755,0.0008989210473373532,-0.00012937374413013458,-0.0001266211038455367,-8.651614189147949e-05,8.957833051681519e-05,-0.00012937374413013458,-0.0001266211038455367,-8.651614189147949e-05,8.957833051681519e-05,0.10640287966112627,0.10640694718524916,0.10640072134241738,0.10640732738427998,0.10641058234671986,0.10640443452527311,0.10638342973238314,0.10640414256088236,0.5454102341840795,0.5453933807750472,0.5453357968352002,0.5453925803875359,1581.6284430192472,1581.6607798754867,1581.6112842155014,1581.6638024427114,0.00063203310518709,-0.00063205726628038,0.0006320202847739593,-0.000632059524662623,-9.703030809760094e-07,-9.496582788415253e-07,-8.651614189147949e-08,0.42560258916525845,-6.28654212189543e-08,-8.97492946874863e-08,-6.340098195382025e-08,0.4256178755730728,-9.074376597570551e-07,-8.59908984154039e-07,-2.311515993765924e-08,-1.5286407814341096e-05,1.0,1.0,1.0,1.0,0.10640287966112627,0.10640694718524916,0.10640072134241738,0.10640732738427998,0.10640287966112627,0.10640694718524916,0.10640072134241738,0.10640732738427998,0.00063203310518709,-0.00063205726628038,0.0006320202847739593,-0.000632059524662623,-0.0014541626302049786,-0.0005288266512119933,1.0001169254713351,-0.0009527398159505715,-0.00036706345223774963,0.0002733324298985118,-0.0014541626442223787,-0.0005288266693241894,0.00011692546831909567,-0.0009527397924102843,-0.00036706344690173864,0.0002733324363362044,0.9999985098838806,-1.5794385035405867e-05,3.382903742021881e-05,0.0017231706297025084,-0.0002628511283546686,0.0014367069816216826,0.0009175913874059916,0.003446335205808282,0.9999940395355225,0.9999985065648053,-1.7012604111760676e-05,4.1062862101599805e-05,0.0017276841643554298,-3.6303839954202276e-05,False,False
1.34,1.35,134,HOVER,-0.0014730527764186263,-0.0005360962823033333,1.000122501180158,0.0,0.0,1.0,-0.002103165616336411,0.0055074442452138035,0.1984838705477077,0.0015723518197764076,-0.0009369338513351977,-0.0003603981458581984,0.0002828158321790397,-0.0002968634362332523,0.001376980566419661,0.0008788087288849056,-0.00013757683336734772,-0.00014418212231248617,-8.562952280044556e-05,8.746795356273651e-05,-0.00013757683336734772,-0.00014418212231248617,-8.562952280044556e-05,8.746795356273651e-05,0.10640448253009435,0.10640634717151047,0.10639729809801457,0.10640678545041987,0.10641172222646755,0.10640363712863495,0.10638183688963355,0.10640433773204538,0.5454133589762472,0.5453911948003816,0.5453314299721457,0.5453931154273819,1581.6411858869192,1581.6560097835234,1581.5840689408699,1581.6594940890325,0.0006320426262287604,-0.0006320537021987722,0.0006319999507022066,-0.000632056305575494,-1.0318262502551078e-06,-1.0813659173436462e-06,-8.562952280044556e-08,0.4256015339767814,-2.385102453386634e-07,-2.6950094702236915e-07,-6.743084329915907e-08,0.4256149132500393,-7.933160049164445e-07,-8.11864970321277e-07,-1.819867950128649e-08,-1.337927325789634e-05,1.0,1.0,1.0,1.0,0.10640448253009435,0.10640634717151047,0.10639729809801457,0.10640678545041987,0.10640448253009435,0.10640634717151047,0.10639729809801457,0.10640678545041987,0.0006320426262287604,-0.0006320537021987722,0.0006319999507022066,-0.000632056305575494,-0.0014636479595305128,-0.0005324782365519668,1.0001196900181837,-0.0009455388142840302,-0.0003638565816422699,0.0002784342907647767,-0.0014636479318141937,-0.000532478210516274,0.00011969001934630796,-0.0009455388062633574,-0.0003638565831352025,0.0002784342796076089,0.9999985098838806,-1.701260407571681e-05,4.106286360183731e-05,0.0017276841681450605,-0.00024011953792069107,0.0014456555945798755,0.0008989210473373532,0.0034553618170320988,0.9999940395355225,0.9999984985928629,-1.843680142665457e-05,4.802965341420273e-05,0.0017320985124106448,-3.668761393630689e-05,False,False
1.35,1.36,135,HOVER,-0.0014823635574430227,-0.0005396778578869998,1.000125352438772,0.0,0.0,1.0,-0.0023268538156833675,0.0062356545200911535,0.19897766206349754,0.0015825192386302123,-0.0009270060108974576,-0.0003566200321074575,0.0002865914430003613,-0.0004164011334069073,0.0012415588134899735,0.0008576078689657152,-0.00011642463505268097,-0.0001330584054812789,-8.29305499792099e-05,8.75275582075119e-05,-0.00011642463505268097,-0.0001330584054812789,-8.29305499792099e-05,8.75275582075119e-05,0.10640550651976723,0.10640574027411806,0.10639482763897572,0.10640641892038591,0.10641013156487988,0.10640299914043826,0.10638366963864683,0.10640476343513885,0.545408998437335,0.5453894458228182,0.5453364545492881,0.5453942824436413,1581.6493266129105,1581.6511849585852,1581.5644282823887,1581.6565801854397,0.0006320487087274173,-0.0006320500972282612,0.0006319852761755158,-0.0006320541283870922,-8.731847628951072e-07,-9.979380411095917e-07,-8.29305499792099e-08,0.4256015637791038,-3.5355829158421545e-07,-4.015453691831074e-07,-7.024071242039184e-08,0.4256124933532469,-5.196264713108918e-07,-5.963926719264843e-07,-1.268983755881807e-08,-1.0929574143114795e-05,1.0,1.0,1.0,1.0,0.10640550651976723,0.10640574027411806,0.10639482763897572,0.10640641892038591,0.10640550651976723,0.10640574027411806,0.10639482763897572,0.10640641892038591,0.0006320487087274173,-0.0006320500972282612,0.0006319852761755158,-0.0006320541283870922,-0.0014730528190252544,-0.0005360962702185743,1.0001225011855095,-0.0009369338479303024,-0.000360398146354059,0.0002828158384558577,-0.0014730527764186263,-0.0005360962823033333,0.00012250118015799671,-0.0009369338513351977,-0.0003603981458581984,0.0002828158321790397,0.9999985098838806,-1.8436801838106476e-05,4.802965486305766e-05,0.001732098520733416,-0.0002968634362332523,0.001376980566419661,0.0008788087288849056,0.0034641900565475225,0.9999939799308777,0.9999984907559277,-2.0400088395471252e-05,5.438100843933097e-05,0.001736407903955455,-3.7069300778029355e-05,False,False
1.36,1.37,136,HOVER,-0.0014915679348632693,-0.0005432191537693143,1.0001282384619117,0.0,0.0,1.0,-0.002635260368250687,0.006866124541920322,0.19945897469843857,0.0015925787441905663,-0.0009158972534351051,-0.0003523985797073692,0.00028988829581066966,-0.0005695541622117162,0.0010637661907821894,0.0008356887847185135,-7.073767483234406e-05,-9.666976984590292e-05,-7.929466664791107e-05,8.88388603925705e-05,-7.073767483234406e-05,-9.666976984590292e-05,-7.929466664791107e-05,8.88388603925705e-05,0.10640561332820433,0.10640515597426692,0.10639365150015988,0.10640621019310331,0.10640609574552262,0.10640251690496201,0.10638833933433582,0.1064052674453759,0.5453979348109578,0.5453881238228954,0.5453492566477242,0.5453956641281688,1581.6501757394897,1581.646539776032,1581.5550776888322,1581.6549208080066,0.0006320493431695338,-0.0006320466264871455,0.0006319782899109497,-0.0006320528885470337,-5.305325612425804e-07,-7.250232738442719e-07,-7.929466664791107e-08,0.4256022194301963,-3.856385235507555e-07,-4.601823374726817e-07,-7.188195369576406e-08,0.42561063099573443,-1.448940376918249e-07,-2.648409363715902e-07,-7.412712952147012e-09,-8.411565538102295e-06,1.0,1.0,1.0,1.0,0.10640561332820433,0.10640515597426692,0.10639365150015988,0.10640621019310331,0.10640561332820433,0.10640515597426692,0.10639365150015988,0.10640621019310331,0.0006320493431695338,-0.0006320466264871455,0.0006319782899109497,-0.0006320528885470337,-0.0014823635994903207,-0.0005396778819382748,1.0001253524347475,-0.0009270060205046932,-0.00035662003979613274,0.00028659145177150225,-0.0014823635574430227,-0.0005396778578869998,0.00012535243877209723,-0.0009270060108974576,-0.0003566200321074575,0.0002865914430003613,0.9999985098838806,-2.0400088033056818e-05,5.4381009249482304e-05,0.0017364078667014837,-0.0004164011334069073,0.0012415588134899735,0.0008576078689657152,0.0034728082828223705,0.9999939799308777,0.9999984830805179,-2.3101244380123757e-05,5.987812014813005e-05,0.0017406084012394389,-3.744825645408963e-05,False,False
1.37,1.3800000000000001,137,HOVER,-0.0015006549656391144,-0.0005467148148454726,1.0001311552041443,0.0,0.0,1.0,-0.0030314182515873062,0.007389219713887069,0.19992754251442688,0.001602518050520176,-0.0009037846466526389,-0.0003475843695923686,0.0002928205649368465,-0.000720807584002614,0.0008757305331528187,0.0008133811643347144,-1.0246410965919495e-05,-4.41953307017684e-05,-7.584504783153534e-05,9.015202522277832e-05,-1.0246410965919495e-05,-4.41953307017684e-05,-7.584504783153534e-05,9.015202522277832e-05,0.1064046708639752,0.10640460395853046,0.10639383061831967,0.1064061198071862,0.10640041410855185,0.106402110704177,0.1063946396344684,0.10640571156541422,0.5453823591978166,0.5453870102630277,0.5453665288283671,0.545396881629183,1581.6426831445065,1581.6421512451618,1581.5565017243443,1581.6542022415983,0.0006320437449320127,-0.0006320433475136709,0.0006319793538728188,-0.000632052351654686,-7.684808224439621e-08,-3.3146498026326297e-07,-7.584504783153534e-08,0.42560287601261143,-3.29664055927735e-07,-4.3684971437474296e-07,-7.260036352543624e-08,0.42560922524801154,2.528159736833388e-07,1.0538473411147999e-07,-3.2446843060991043e-09,-6.349235400104902e-06,1.0,1.0,1.0,1.0,0.1064046708639752,0.10640460395853046,0.10639383061831967,0.1064061198071862,0.1064046708639752,0.10640460395853046,0.10639383061831967,0.1064061198071862,0.0006320437449320127,-0.0006320433475136709,0.0006319793538728188,-0.000632052351654686,-0.0014915678839682,-0.000543219166662639,1.0001282384668195,-0.0009158972461336464,-0.000352398582106646,0.0002898882976236669,-0.0014915679348632693,-0.0005432191537693143,0.00012823846191167831,-0.0009158972534351051,-0.0003523985797073692,0.00028988829581066966,0.9999985098838806,-2.310124364157673e-05,5.987811891827732e-05,0.0017406083643436432,-0.0005695541622117162,0.0010637661907821894,0.0008356887847185135,0.003481208812445402,0.9999939203262329,0.9999984755847605,-2.6566578089844396e-05,6.443685362717083e-05,0.0017446977572306026,-3.7823914430256945e-05,False,False
1.3800000000000001,1.3900000000000001,138,HOVER,-0.0015096156857907772,-0.0005501579726114869,1.0001340994786005,0.0,0.0,1.0,-0.0034982546897831725,0.00781409005170992,0.20038325670739376,0.00161232626467923,-0.0008908488089218736,-0.0003420368011575192,0.000295464473310858,-0.0008355553145520389,0.0007100102375261486,0.0007909198175184429,5.28823584318161e-05,1.2190663255751133e-05,-7.363222539424896e-05,9.012594819068909e-05,5.28823584318161e-05,1.2190663255751133e-05,-7.363222539424896e-05,9.012594819068909e-05,0.10640276657667389,0.10640406971287644,0.10639514248510225,0.10640609315324986,0.10639416569292429,0.10640165671919337,0.10640106779535284,0.10640597276662492,0.5453652295351232,0.545385765705945,0.5453841512243435,0.5453975976797936,1581.6275439915094,1581.6379039801946,1581.5669313815094,1581.6539903432517,0.0006320324334654428,-0.0006320401740944861,0.0006319871463615073,-0.0006320521933303042,3.9661768823862077e-07,9.142997441813349e-08,-7.363222539424896e-08,0.4256028629740954,-1.9801102311240923e-07,-3.410884919174094e-07,-7.27875978400773e-08,0.42560807192790245,5.9462871135103e-07,4.325184663355429e-07,-8.446275541716652e-10,-5.208953807067651e-06,1.0,1.0,1.0,1.0,0.10640276657667389,0.10640406971287644,0.10639514248510225,0.10640609315324986,0.10640276657667389,0.10640406971287644,0.10639514248510225,0.10640609315324986,0.0006320324334654428,-0.0006320401740944861,0.0006319871463615073,-0.0006320521933303042,-0.001500654909834326,-0.0005467148013580378,1.0001311551973586,-0.000903784643712964,-0.0003475843602194803,0.00029282055644911845,-0.0015006549656391144,-0.0005467148148454726,0.00013115520414430648,-0.0009037846466526389,-0.0003475843695923686,0.0002928205649368465,0.9999984502792358,-2.65665785263991e-05,6.443685560952872e-05,0.0017446978017687798,-0.000720807584002614,0.0008757305331528187,0.0008133811643347144,0.0034893867559731007,0.9999939203262329,0.9999984682757466,-3.0647230180811125e-05,6.813731104290473e-05,0.0017486749883677357,-3.819578006672025e-05,False,False
1.3900000000000001,1.4000000000000001,139,HOVER,-0.0015184431103989482,-0.000553540769033134,1.00013706862228,0.0,0.0,1.0,-0.00400226327124588,0.00816561166986099,0.20082608063417504,0.001621994041207778,-0.0008772430010139942,-0.0003356565139256418,0.0002978489501401782,-0.0008869137964211404,0.0005924317520111799,0.0007684103911742568,0.00010616891086101532,5.9568905271589756e-05,-7.339753210544586e-05,8.832663297653198e-05,0.00010616891086101532,5.9568905271589756e-05,-7.339753210544586e-05,8.832663297653198e-05,0.10640020075443862,0.10640353295030125,0.10639714528226911,0.10640608556890652,0.10638861204808027,0.1064011085886461,0.10640619136672066,0.1064060513130413,0.5453500042947521,0.545384263055563,0.5453981969443509,0.5453978130049191,1581.607145484592,1581.6336366992705,1581.5828540281304,1581.6539300478464,0.0006320171924813654,-0.0006320369857247894,0.0006319990429766785,-0.0006320521482793047,7.962668314576149e-07,4.4676678953692314e-07,-7.339753210544586e-08,0.4256019633164883,-1.7778387763692227e-08,-1.98274049342112e-07,-7.289854605022333e-08,0.4256069645559155,8.140452192213071e-07,6.450408388790352e-07,-4.989860552225369e-10,-5.001239427204762e-06,1.0,1.0,1.0,1.0,0.10640020075443862,0.10640353295030125,0.10639714528226911,0.10640608556890652,0.10640020075443862,0.10640353295030125,0.10639714528226911,0.10640608556890652,0.0006320171924813654,-0.0006320369857247894,0.0006319990429766785,-0.0006320521482793047,-0.0015096157324543903,-0.0005501579941339333,1.0001340994749273,-0.0008908487898235853,-0.0003420368028329802,0.00029546448780064797,-0.0015096156857907772,-0.0005501579726114869,0.00013409947860054672,-0.0008908488089218736,-0.0003420368011575192,0.000295464473310858,0.9999984502792358,-3.0647228413727134e-05,6.813731306465343e-05,0.0017486750148236752,-0.0008355553145520389,0.0007100102375261486,0.0007909198175184429,0.0034973404835909605,0.9999938607215881,0.9999984611522116,-3.505116507629811e-05,7.119708407567392e-05,0.0017525397569670012,-3.8563422857259865e-05,False,False
1.4000000000000001,1.41,140,HOVER,-0.0015271308366209269,-0.0005568545311689377,1.0001400599867338,0.0,0.0,1.0,-0.004500327107652651,0.008477926797987754,0.20125597673710732,0.0016315122926063997,-0.0008630703086964786,-0.00032840893254615366,0.0002999556018039584,-0.000860830710735172,0.0005365450633689761,0.0007458205800503492,0.00013956241309642792,8.741917554289103e-05,-7.548555731773376e-05,8.43685120344162e-05,0.00013956241309642792,8.741917554289103e-05,-7.548555731773376e-05,8.43685120344162e-05,0.10639740565594547,0.10640296644127535,0.10639926817272392,0.1064060588925862,0.10638478143045194,0.10640040772628973,0.10640885669441547,0.10640593840486015,0.5453395025720651,0.5453823417013729,0.545405503574234,0.545397503481323,1581.5849240455098,1581.6291329261069,1581.5997313437492,1581.6537179715267,0.0006320005895963161,-0.0006320336206611756,0.0006320116529459801,-0.000632051989821962,1.0467180982232094e-06,6.556438165716827e-07,-7.548555731773377e-08,0.42559998425601725,1.751828967973615e-07,-4.348433539289043e-08,-7.336794084148845e-08,0.42560569916253094,8.715352014258479e-07,6.991281519645731e-07,-2.117616476245323e-09,-5.7149065136874455e-06,1.0,1.0,1.0,1.0,0.10639740565594547,0.10640296644127535,0.10639926817272392,0.1064060588925862,0.10639740565594547,0.10640296644127535,0.10639926817272392,0.1064060588925862,0.0006320005895963161,-0.0006320336206611756,0.0006320116529459801,-0.000632051989821962,-0.001518443071727306,-0.0005535407710977814,1.0001370686267639,-0.0008772429920699078,-0.0003356564995582266,0.00029784896164257847,-0.0015184431103989482,-0.000553540769033134,0.00013706862227991223,-0.0008772430010139942,-0.0003356565139256418,0.0002978489501401782,0.9999984502792358,-3.505116546875797e-05,7.119708607206121e-05,0.0017525397706776857,-0.0008869137964211404,0.0005924317520111799,0.0007684103911742568,0.003505069063976407,0.9999938607215881,0.9999984542105773,-3.940263856374598e-05,7.391478092315589e-05,0.0017562916879466023,-3.892646665915659e-05,False,False
1.41,1.42,141,HOVER,-0.0015356738585978746,-0.0005600908189080656,1.0001430704433005,0.0,0.0,1.0,-0.004948257174028251,0.008786124781262937,0.20167281403292522,0.0016408732666334115,-0.0008483732817694545,-0.00032033518073149025,0.0003017249400727451,-0.0007585161947645247,0.0005409946315921843,0.0007229965412989259,0.00014702044427394867,8.994864765554667e-05,-7.978267967700958e-05,7.830187678337097e-05,0.00014702044427394867,8.994864765554667e-05,-7.978267967700958e-05,7.830187678337097e-05,0.106394850972327,0.10640235056431084,0.1064009320273956,0.10640597975347643,0.10638331257330004,0.10639956887337963,0.1064084471821183,0.10640562230959379,0.5453354756380068,0.5453800420529447,0.545404380956037,0.5453966369453376,1581.5646137879735,1581.6242366674512,1581.6129591822262,1581.653088816778,0.0006319854147756223,-0.0006320299623520063,0.0006320215362427299,-0.00063205151973565,1.102653332054615e-06,6.746148574166e-07,-7.978267967700958e-08,0.4255969509383917,3.4330568490044053e-07,8.66857190009486e-08,-7.453106930417359e-08,0.4256041133175099,7.593476471541744e-07,5.879291384156514e-07,-5.251610372835992e-09,-7.162379118186291e-06,1.0,1.0,1.0,1.0,0.106394850972327,0.10640235056431084,0.1064009320273956,0.10640597975347643,0.106394850972327,0.10640235056431084,0.1064009320273956,0.10640597975347643,0.0006319854147756223,-0.0006320299623520063,0.0006320215362427299,-0.00063205151973565,-0.0015271308930710167,-0.000556854539358103,1.0001400599849222,-0.0008630703238460735,-0.0003284089321604005,0.00029995560928246733,-0.0015271308366209269,-0.0005568545311689377,0.00014005998673383147,-0.0008630703086964786,-0.00032840893254615366,0.0002999556018039584,0.9999984502792358,-3.940263923141174e-05,7.391477993223816e-05,0.001756291720084846,-0.000860830710735172,0.0005365450633689761,0.0007458205800503492,0.0035125722642987967,0.9999938011169434,0.9999984474507043,-4.331656278505927e-05,7.659728855164478e-05,0.0017599297462908424,-3.928456888828083e-05,False,False
1.42,1.43,142,HOVER,-0.0015440665883943439,-0.000563241948839277,1.0001460961357225,0.0,0.0,1.0,-0.005309324048052171,0.009117961196597354,0.20207638115622292,0.0016500688480184861,-0.0008331380086019635,-0.0003115477447863668,0.0003030712832696736,-0.0005958108231425285,0.0005902602570131421,0.0006997028831392527,0.0001279842108488083,6.698223296552896e-05,-8.567236363887787e-05,7.067620754241943e-05,0.0001279842108488083,6.698223296552896e-05,-8.567236363887787e-05,7.067620754241943e-05,0.10639294545765625,0.10640168069029778,0.10640167278353972,0.10640582488795966,0.10638433903048385,0.10639865511571049,0.106405018542981,0.10640512541459594,0.5453382897155639,0.5453775370529603,0.545394981791897,0.545395274767759,1581.5494644621117,1581.618911119479,1581.618848260108,1581.6518576378153,0.0006319740960184781,-0.0006320259833003688,0.0006320259363342259,-0.0006320505998344804,9.598815813660621e-07,5.023667472414672e-07,-8.567236363887786e-08,0.42559313810377125,4.550727149463772e-07,1.6203649827418662e-07,-7.655078214515668e-08,0.4256021238194534,5.048088664196849e-07,3.403302489672806e-07,-9.121581493721181e-09,-8.98571568214157e-06,1.0,1.0,1.0,1.0,0.10639294545765625,0.10640168069029778,0.10640167278353972,0.10640582488795966,0.10639294545765625,0.10640168069029778,0.10640167278353972,0.10640582488795966,0.0006319740960184781,-0.0006320259833003688,0.0006320259363342259,-0.0006320505998344804,-0.0015356738317253826,-0.0005600908116660143,1.0001430704435534,-0.0008483732900348566,-0.0003203351669312173,0.0003017249432146476,-0.0015356738585978746,-0.0005600908189080656,0.00014307044330053031,-0.0008483732817694545,-0.00032033518073149025,0.0003017249400727451,0.9999984502792358,-4.331656236900017e-05,7.659728726139292e-05,0.0017599296988919377,-0.0007585161947645247,0.0005409946315921843,0.0007229965412989259,0.003519847523421049,0.9999938011169434,0.999998440878685,-4.6472836854747674e-05,7.948739142571548e-05,0.0017634517939002638,-3.963738196016211e-05,False,False
1.43,1.44,143,HOVER,-0.0015523035544902086,-0.0005663018091581762,1.0001491322327638,0.0,0.0,1.0,-0.005561070895026698,0.009487421724981154,0.20246625292422557,0.001659091464382804,-0.0008173116948455572,-0.0003022128948941827,0.00030389768653549254,-0.000399633776396513,0.0006584637449122965,0.0006756782531738281,8.705072104930878e-05,2.4014734663069248e-05,-9.227357804775238e-05,6.194040179252625e-05,8.705072104930878e-05,2.4014734663069248e-05,-9.227357804775238e-05,6.194040179252625e-05,0.10639194363651239,0.10640096511003373,0.10640122439291216,0.10640557006838475,0.10638741879037,0.10639773309825613,0.10639919917387884,0.10640441913839135,0.5453467329644723,0.5453750094029006,0.5453790285495059,0.5453933385936588,1581.5414996971172,1581.6132221924308,1581.6152835157982,1581.6498318241554,0.0006319681452008835,-0.0006320217327536004,0.0006320232728938982,-0.0006320490862062053,6.528804078698158e-07,1.8011050997301937e-07,-9.227357804775238e-08,0.4255887702008963,4.909294450141342e-07,1.653128400137642e-07,-7.940086502395208e-08,0.425599703207843,1.6195096285568156e-07,1.4797669959255166e-08,-1.2872713023800306e-08,-1.0933006946711732e-05,1.0,1.0,1.0,1.0,0.10639194363651239,0.10640096511003373,0.10640122439291216,0.10640557006838475,0.10639194363651239,0.10640096511003373,0.10640122439291216,0.10640557006838475,0.0006319681452008835,-0.0006320217327536004,0.0006320232728938982,-0.0006320490862062053,-0.0015440666007090092,-0.0005632419493381518,1.0001460961304733,-0.000833138026474532,-0.00031154773247056236,0.0003030712843954457,-0.0015440665883943439,-0.000563241948839277,0.00014609613572247326,-0.0008331380086019635,-0.0003115477447863668,0.0003030712832696736,0.9999984502792358,-4.6472836402244866e-05,7.948739221319556e-05,0.0017634518444538116,-0.0005958108231425285,0.0005902602570131421,0.0006997028831392527,0.0035268906503915787,0.9999938011169434,0.999998434506591,-4.867570386868292e-05,8.270750098575443e-05,0.0017668544117724115,-3.998450360458878e-05,False,False
1.44,1.45,144,HOVER,-0.0015603782376274467,-0.0005692659760825336,1.0001521730155218,0.0,0.0,1.0,-0.005699120503962506,0.009891530019171183,0.20284192373789195,0.0016679330390155195,-0.0008008288568817079,-0.0002925232402049005,0.0003041122981812805,-0.00020236293494235724,0.0007154268678277731,0.0006506939535029233,3.306381404399872e-05,-2.895889338105917e-05,-9.850971400737762e-05,5.292519927024841e-05,3.306381404399872e-05,-2.895889338105917e-05,-9.850971400737762e-05,5.292519927024841e-05,0.10639189982069255,0.10640023228752266,0.1063995771683216,0.10640519500249784,0.1063917019197935,0.1063969223993227,0.10639213731655546,0.10640350096396353,0.5453584751643585,0.5453727869198529,0.5453596687967815,0.5453908215195106,1581.5411513482934,1581.607396176202,1581.6021878993931,1581.6468500506192,0.0006319678849349137,-0.0006320173797878845,0.0006320134883798303,-0.0006320468583148372,2.479786053299904e-07,-2.1719170035794376e-07,-9.850971400737763e-08,0.42558426259963517,4.4688941337267876e-07,9.597583747753338e-08,-8.286478797765468e-08,0.4255969042790346,-1.989108080426884e-07,-3.1316753783547714e-07,-1.5644926029722944e-08,-1.2641679399461037e-05,1.0,1.0,1.0,1.0,0.10639189982069255,0.10640023228752266,0.1063995771683216,0.10640519500249784,0.10639189982069255,0.10640023228752266,0.1063995771683216,0.10640519500249784,0.0006319678849349137,-0.0006320173797878845,0.0006320134883798303,-0.0006320468583148372,-0.001552303522231335,-0.0005663017802116815,1.0001491322390619,-0.0008173116912358424,-0.0003022128974705169,0.00030389769110058016,-0.0015523035544902086,-0.0005663018091581762,0.0001491322327638045,-0.0008173116948455572,-0.0003022128948941827,0.00030389768653549254,0.9999984502792358,-4.867570532951504e-05,8.270749822258949e-05,0.0017668544314801693,-0.000399633776396513,0.0006584637449122965,0.0006756782531738281,0.0035336953587830067,0.9999937415122986,0.9999984283510207,-4.9886927360171195e-05,8.62317104727575e-05,0.0017701330105444099,-4.032543808860199e-05,False,False
1.45,1.46,145,HOVER,-0.0015682840021327138,-0.0005721321213059127,1.000155211877427,0.0,0.0,1.0,-0.005737323151989217,0.010311055311797776,0.20320276739125126,0.0016765859961450945,-0.0007836406584829092,-0.0002826661220751703,0.00030364308622665703,-3.53275790985208e-05,0.0007335924310609698,0.0006246083648875356,-2.3016706109046936e-05,-7.995439227670431e-05,-0.00010328926146030426,4.433467984199524e-05,-2.3016706109046936e-05,-7.995439227670431e-05,-0.00010328926146030426,4.433467984199524e-05,0.10639266218883409,0.10639952300186795,0.10639696803665663,0.10640468085406529,0.10639610556335646,0.106396319420361,0.10638518372432625,0.10640235863187736,0.5453705476074072,0.5453711338855284,0.5453406054748704,0.5453876899328066,1581.547212396112,1581.601757269115,1581.5814448928925,1581.642762565872,0.0006319724134016745,-0.0006320131666310956,0.0006319979901377404,-0.0006320438042731479,-1.72625295817852e-07,-5.996579420752823e-07,-1.0328926146030427e-07,0.42557996733992104,3.345891142034381e-07,-3.0122614671276166e-08,-8.656736482856586e-08,0.4255938340814239,-5.072144100212901e-07,-5.695353274040062e-07,-1.6721896631738403e-08,-1.3866741502888136e-05,1.0,1.0,1.0,1.0,0.10639266218883409,0.10639952300186795,0.10639696803665663,0.10640468085406529,0.10639266218883409,0.10639952300186795,0.10639696803665663,0.10640468085406529,0.0006319724134016745,-0.0006320131666310956,0.0006319979901377404,-0.0006320438042731479,-0.0015603782912520592,-0.000569265977100463,1.000152173009193,-0.0008008288419514598,-0.0002925232312937424,0.00030411228943965003,-0.0015603782376274467,-0.0005692659760825336,0.00015217301552183926,-0.0008008288568817079,-0.0002925232402049005,0.0003041122981812805,0.9999984502792358,-4.988692671759054e-05,8.623171015642583e-05,0.0017701330361887813,-0.00020236293494235724,0.0007154268678277731,0.0006506939535029233,0.0035402518697082996,0.9999937415122986,0.9999984224321805,-5.02270692344821e-05,8.9892003528151e-05,0.0017732822165486292,-4.065959313001153e-05,False,False
1.46,1.47,146,HOVER,-0.0015760136302560568,-0.0005748995463363826,1.000158241702593,0.0,0.0,1.0,-0.0057043236204778625,0.010714887404135913,0.20354814469642482,0.001685042696067421,-0.0007657402893528342,-0.0002727945684455335,0.00030244732624851167,7.731285586487502e-05,0.000694204936735332,0.0005974058294668794,-6.98436051607132e-05,-0.00011760217603296041,-0.00010582059621810913,3.6738812923431396e-05,-6.98436051607132e-05,-0.00011760217603296041,-0.00010582059621810913,3.6738812923431396e-05,0.10639390701716768,0.10639887773031169,0.10639382833262741,0.10640401886169393,0.1063995295318757,0.10639596327542307,0.10637964771376106,0.10640102888540195,0.5453799342012142,0.5453701575320703,0.5453254281984533,0.5453840445561284,1581.5571091146503,1581.5966272721867,1581.556483552507,1581.6374997118198,0.0006319798076819761,-0.0006320093337180515,0.0006319793402958068,-0.0006320398720384619,-5.238270387053489e-07,-8.820163202472031e-07,-1.0582059621810914e-07,0.42557616940646176,1.7898280809790917e-07,-1.8454659194040712e-07,-9.00577787304839e-08,0.4255906319418007,-7.028098468032581e-07,-6.974697283067959e-07,-1.576281748762524e-08,-1.4462535338932714e-05,1.0,1.0,1.0,1.0,0.10639390701716768,0.10639887773031169,0.10639382833262741,0.10640401886169393,0.10639390701716768,0.10639887773031169,0.10639382833262741,0.10640401886169393,0.0006319798076819761,-0.0006320093337180515,0.0006319793402958068,-0.0006320398720384619,-0.0015682840251983307,-0.0005721321326635691,1.0001552118714576,-0.0007836406504375165,-0.000282666129178932,0.0003036430813054526,-0.0015682840021327138,-0.0005721321213059127,0.00015521187742706388,-0.0007836406584829092,-0.0002826661220751703,0.00030364308622665703,0.9999984502792358,-5.0227070460096e-05,8.989200432552025e-05,0.0017732821870595217,-3.53275790985208e-05,0.0007335924310609698,0.0006246083648875356,0.003546549938619137,0.9999936819076538,0.9999984167735811,-4.994562842257541e-05,9.341646401414864e-05,0.0017762964644794134,-4.0986322633084e-05,False,False
1.47,1.48,147,HOVER,-0.001583560137078166,-0.0005775686586275697,1.0001612551568542,0.0,0.0,1.0,-0.005637319553476515,0.011067024410829226,0.20387750516553227,0.0016932960428654915,-0.0007471787976101041,-0.00026300587342120707,0.00030051454086788,0.00012310509919188917,0.0005914024077355862,0.0005692128324881196,-9.862519800662994e-05,-0.00013377366121858358,-0.00010552257299423218,3.0424445867538452e-05,-9.862519800662994e-05,-0.00013377366121858358,-0.00010552257299423218,3.0424445867538452e-05,0.10639521754343068,0.10639832530392773,0.10639068480935027,0.10640321029275596,0.10640113679889489,0.10639583019483739,0.10637648694110785,0.1063995582880937,0.5453843403914672,0.5453697926980788,0.54531676266177,0.5453800130341934,1581.5675281121596,1581.5922353997078,1581.5314916290995,1581.6310715576178,0.0006319875922079782,-0.0006320060523053307,0.0006319606677675406,-0.0006320350691389703,-7.396889850497246e-07,-1.0033024591393769e-06,-1.0552257299423218e-07,0.4255730122229338,1.2453966608851064e-08,-3.329635934346681e-07,-9.286146878230775e-08,0.42558743794946463,-7.521429516585757e-07,-6.703388657047088e-07,-1.266110421192443e-08,-1.4425726530820082e-05,1.0,1.0,1.0,1.0,0.10639521754343068,0.10639832530392773,0.10639068480935027,0.10640321029275596,0.10639521754343068,0.10639832530392773,0.10639068480935027,0.10640321029275596,0.0006319875922079782,-0.0006320060523053307,0.0006319606677675406,-0.0006320350691389703,-0.0015760135880057541,-0.000574899528037021,1.000158241706206,-0.0007657402900883913,-0.0002727945799145771,0.00030244733061670384,-0.0015760136302560568,-0.0005748995463363826,0.0001582417025929317,-0.0007657402893528342,-0.0002727945684455335,0.00030244732624851167,0.9999983906745911,-4.994562914362177e-05,9.341646364191547e-05,0.0017762964125722647,7.731285586487502e-05,0.000694204936735332,0.0005974058294668794,0.0035525779239833355,0.9999936819076538,0.9999984114008438,-4.936664303681694e-05,9.649032665429009e-05,0.0017791706889024685,-4.130500285607327e-05,False,False
1.48,1.49,148,HOVER,-0.0015909175854176283,-0.0005801405641250312,1.0001642449642532,0.0,0.0,1.0,-0.005574370385101143,0.011334552852233786,0.20419036781784342,0.00170134013237121,-0.0007280681747943163,-0.00025333210942335427,0.00029786559753119946,0.00010330212535336614,0.0004333590331953019,0.0005402938695624471,-0.00010424293577671051,-0.00012513843830674887,-0.00010229647159576416,2.5603920221328735e-05,-0.00010424293577671051,-0.00012513843830674887,-0.00010229647159576416,2.5603920221328735e-05,0.1063961768943488,0.10639787619561877,0.10638805552287794,0.10640227743336708,0.1064005099840174,0.10639584773508845,0.10637618018193057,0.10639806405907432,0.5453826220324187,0.5453698407838375,0.5453159216503894,0.5453759167109105,1581.5751551574497,1581.5886649164065,1581.5105878692782,1581.6236552715209,0.0006319932907524319,-0.0006320033846019755,0.0006319450498058949,-0.0006320295279542004,-7.818220183253288e-07,-9.385382873006165e-07,-1.0229647159576416e-07,0.4255706019601107,-1.3152532776046152e-07,-4.4273684894407736e-07,-9.457199784911312e-08,0.4255843860462126,-6.502966905648673e-07,-4.958014383565392e-07,-7.724473746651038e-09,-1.3784086101920057e-05,1.0,1.0,1.0,1.0,0.1063961768943488,0.10639787619561877,0.10638805552287794,0.10640227743336708,0.1063961768943488,0.10639787619561877,0.10638805552287794,0.10640227743336708,0.0006319932907524319,-0.0006320033846019755,0.0006319450498058949,-0.0006320295279542004,-0.0015835601148417474,-0.0005775686527094648,1.000161255159662,-0.0007471788250188821,-0.0002630058648508307,0.0003005145298712575,-0.001583560137078166,-0.0005775686586275697,0.00016125515685416758,-0.0007471787976101041,-0.00026300587342120707,0.00030051454086788,0.9999983906745911,-4.9366644816473126e-05,9.649033017922193e-05,0.0017791707068681717,0.00012310509919188917,0.0005914024077355862,0.0005692128324881196,0.003558326279744506,0.9999936819076538,0.9999984063380679,-4.8821733078674986e-05,9.882579281187109e-05,0.0017819010145261615,-4.161511391585917e-05,False,False
1.49,1.5,149,HOVER,-0.0015980815514922142,-0.0005826163105666637,1.000167204241734,0.0,0.0,1.0,-0.005546807657916053,0.01149485695687137,0.20448650364049842,0.00170917046224533,-0.0007085705874487758,-0.00024374404165428132,0.0002945518644992262,3.214875687262975e-05,0.0002402968384558335,0.0005110197234898806,-8.63838940858841e-05,-9.401736315339804e-05,-9.656697511672974e-05,2.2510066628456116e-05,-8.63838940858841e-05,-9.401736315339804e-05,-9.656697511672974e-05,2.2510066628456116e-05,0.10639646509570891,0.10639752217592172,0.10638634734194768,0.10640127236539536,0.10639776680487421,0.10639592319524466,0.10637863217852395,0.10639673285467148,0.5453751018074882,0.5453700476542123,0.5453226440274741,0.5453722672937069,1581.5774464160052,1581.5858503997117,1581.4970071429293,1581.6156649014063,0.0006319950026685109,-0.000632001281724975,0.0006319349032111693,-0.0006320235578504485,-6.478792056441307e-07,-7.051302236504853e-07,-9.656697511672974e-08,0.42556905503331427,-2.2512523538712956e-07,-4.903011330691272e-07,-9.493369574329648e-08,0.4255816069789736,-4.227539702570011e-07,-2.148290905813581e-07,-1.6332793734332601e-09,-1.2551945659355912e-05,1.0,1.0,1.0,1.0,0.10639646509570891,0.10639752217592172,0.10638634734194768,0.10640127236539536,0.10639646509570891,0.10639752217592172,0.10638634734194768,0.10640127236539536,0.0006319950026685109,-0.000632001281724975,0.0006319349032111693,-0.0006320235578504485,-0.0015909176197618428,-0.0005801405802732449,1.0001642449626273,-0.0007280681686650202,-0.0002533320998623536,0.000297865595516067,-0.0015909175854176283,-0.0005801405641250312,0.00016424496425315738,-0.0007280681747943163,-0.00025333210942335427,0.00029786559753119946,0.9999983906745911,-4.88217337988317e-05,9.882579615805298e-05,0.0017819009954109788,0.00010330212535336614,0.0004333590331953019,0.0005402938695624471,0.00356378685683012,0.999993622303009,0.9999984016020768,-4.858395536847477e-05,0.00010022501576476351,0.0017844853143546306,-4.191629744158724e-05,False,False
1.5,1.51,150,HOVER,-0.001605049124918878,-0.0005849963636137545,1.000170126761077,0.0,0.0,1.0,-0.0055732269159304544,0.011540459683873308,0.20476589755480312,0.0017167837818661711,-0.000688877422362566,-0.00023416697513312101,0.0002906462468672544,-6.636523903580382e-05,3.9885431760922074e-05,0.0004818178422283381,-4.926510155200958e-05,-4.738790448755026e-05,-8.902885019779205e-05,2.0736828446388245e-05,-4.926510155200958e-05,-4.738790448755026e-05,-8.902885019779205e-05,2.0736828446388245e-05,0.10639591328323333,0.10639722606978391,0.1063857712493799,0.10640026036704481,0.10639342094693222,0.10639588866339784,0.10638316924921999,0.10639568955467321,0.5453631878380123,0.5453699529868263,0.5453350827080908,0.5453694071397209,1581.5730593946519,1581.5834963035093,1581.4924269603962,1581.607619411583,0.000631991724902406,-0.0006319995228545165,0.0006319314812213166,-0.0006320175465802461,-3.694882616400719e-07,-3.5540928365662695e-07,-8.902885019779206e-08,0.42556816841422324,-2.5129402722937066e-07,-4.6584918654730967e-07,-9.38633110400067e-08,0.425579170969442,-1.1819423441070122e-07,1.1043990289068272e-07,4.834460842214643e-09,-1.100255521874205e-05,1.0,1.0,1.0,1.0,0.10639591328323333,0.10639722606978391,0.1063857712493799,0.10640026036704481,0.10639591328323333,0.10639722606978391,0.1063857712493799,0.10640026036704481,0.000631991724902406,-0.0006319995228545165,0.0006319314812213166,-0.0006320175465802461,-0.0015980815515297118,-0.0005826163291170071,1.0001672042381997,-0.0007085706102002172,-0.00024374404615044873,0.0002945518695678033,-0.0015980815514922142,-0.0005826163105666637,0.00016720424173399806,-0.0007085705874487758,-0.00024374404165428132,0.0002945518644992262,0.9999983906745911,-4.858395550400019e-05,0.00010022501373896375,0.001784485299140215,3.214875687262975e-05,0.0002402968384558335,0.0005110197234898806,0.0035689552314579487,0.999993622303009,0.9999983971969402,-4.881546274118144e-05,0.00010062243908393233,0.0017869235367339955,-4.220837543120915e-05,False,False
1.51,1.52,151,HOVER,-0.0016118197236210108,-0.0005872801411896944,1.0001730071235215,0.0,0.0,1.0,-0.005656208997768946,0.011480494098604604,0.20502878899384192,0.0017241787176736328,-0.0006691812304779887,-0.00022450508549809456,0.0002862332039512694,-0.000163607532158494,-0.00013889529509469867,0.000453114858828485,-1.0970979928970337e-06,4.266970790922642e-06,-8.074752986431122e-05,2.0070001482963562e-05,-1.0970979928970337e-06,4.266970790922642e-06,-8.074752986431122e-05,2.0070001482963562e-05,0.10639454992600332,0.10639693887005706,0.10638630728706067,0.10639932000418935,0.10638839217561977,0.10639564169068058,0.10638872839462774,0.10639507273981347,0.5453494015125936,0.5453692759228147,0.5453503232596233,0.5453677161691751,1581.562220398558,1581.5812130129916,1581.4966886896684,1581.6001434108643,0.0006319836265604597,-0.000631997816888139,0.0006319346652851404,-0.0006320119608248847,-8.228234946727752e-09,3.200228093191981e-08,-8.074752986431122e-08,0.4255678350007415,-2.072335025709096e-07,-3.7560349706432933e-07,-9.148586742368289e-08,0.4255771160873104,1.9900526762418185e-07,4.0760577799624915e-07,1.073833755937167e-08,-9.281086568890817e-06,1.0,1.0,1.0,1.0,0.10639454992600332,0.10639693887005706,0.10638630728706067,0.10639932000418935,0.10639454992600332,0.10639693887005706,0.10638630728706067,0.10639932000418935,0.0006319836265604597,-0.000631997816888139,0.0006319346652851404,-0.0006320119608248847,-0.0016050491759957348,-0.0005849963355712708,1.0001701267631107,-0.0006888774034769299,-0.0002341669809109109,0.00029064624066331245,-0.001605049124918878,-0.0005849963636137545,0.0001701267610769719,-0.000688877422362566,-0.00023416697513312101,0.0002906462468672544,0.9999983906745911,-4.8815461923368275e-05,0.00010062244109576568,0.0017869235016405582,-6.636523903580382e-05,3.9885431760922074e-05,0.0004818178422283381,0.0035738316364586353,0.999993622303009,0.9999983931117894,-4.953891153831118e-05,0.00010009773452535407,0.0017892177561603946,-4.2491333735273355e-05,False,False
1.52,1.53,152,HOVER,-0.001618394162505865,-0.0005894663627259433,1.0001758407597663,0.0,0.0,1.0,-0.005782362952673637,0.01133851795396053,0.20527564532501544,0.0017313550273741081,-0.0006496487185359001,-0.00021466922771651298,0.0002814002218656242,-0.0002321928332094103,-0.00027213324210606515,0.00042527582263574004,4.826299846172333e-05,4.965218249708414e-05,-7.282383739948273e-05,2.0129606127738953e-05,4.826299846172333e-05,4.965218249708414e-05,-7.282383739948273e-05,2.0129606127738953e-05,0.10639258467329259,0.10639660641799872,0.10638771876806308,0.10639852921308224,0.10638370843801213,0.10639510485040246,0.10639409401087677,0.10639495750377258,0.5453365609194974,0.5453678041990005,0.5453650330212861,0.5453674002543637,1581.5465961256657,1581.5785699558508,1581.5079105380003,1581.5938565088104,0.000631971952959358,-0.0006319958421229124,0.0006319430494822947,-0.0006320072635257085,3.619724884629249e-07,3.72391368728131e-07,-7.282383739948273e-08,0.4255678648030639,-1.0405365921152543e-07,-2.4001449956678744e-07,-8.810320696822985e-08,0.42557543907243667,4.6602614767445035e-07,6.124058682949184e-07,1.5279369568747117e-08,-7.574269372756515e-06,1.0,1.0,1.0,1.0,0.10639258467329259,0.10639660641799872,0.10638771876806308,0.10639852921308224,0.10639258467329259,0.10639660641799872,0.10638771876806308,0.10639852921308224,0.000631971952959358,-0.0006319958421229124,0.0006319430494822947,-0.0006320072635257085,-0.0016118197031629994,-0.0005872801405047194,1.0001730071185106,-0.0006691812443538224,-0.00022450509201754864,0.0002862332177148962,-0.0016118197236210108,-0.0005872801411896944,0.00017300712352152914,-0.0006691812304779887,-0.00022450508549809456,0.0002862332039512694,0.9999983906745911,-4.953891038894653e-05,0.00010009773541241884,0.0017892176983878016,-0.000163607532158494,-0.00013889529509469867,0.000453114858828485,0.003578420029953122,0.999993622303009,0.9999983893235997,-5.063780399829427e-05,9.885668524161465e-05,0.0017913719253173535,-4.2765283482712295e-05,False,False
1.53,1.54,153,HOVER,-0.0016247748862951994,-0.0005915528163313866,1.0001786239736248,0.0,0.0,1.0,-0.00592552665934712,0.011147214852448524,0.20550705480665205,0.0017383137488953713,-0.0006303989212028682,-0.000204602416488342,0.0002762301592156291,-0.0002513557847123593,-0.0003461040905676782,0.0003985577495768666,8.89357179403305e-05,7.904472295194864e-05,-6.620027124881744e-05,2.0619481801986694e-05,8.89357179403305e-05,7.904472295194864e-05,-6.620027124881744e-05,2.0619481801986694e-05,0.10639036372442856,0.10639618635616366,0.10638960957483926,0.10639795077774261,0.10638033263492395,0.10639428908767454,0.10639814982212178,0.10639533819618079,0.5453273059600817,0.5453655678174398,0.5453761518247078,0.5453684439063746,1581.5289388983365,1581.5752303808029,1581.5229431519922,1581.5892578565986,0.0006319587605231056,-0.0006319933469556121,0.0006319542808745452,-0.0006320038276197911,6.670178845524787e-07,5.928354221396148e-07,-6.620027124881745e-08,0.42556810974090103,3.5718166194274176e-08,-8.904408365381991e-08,-8.413317775237631e-08,0.42557411043317406,6.312997183582045e-07,6.818795057934347e-07,1.793290650355886e-08,-6.00069227302269e-06,1.0,1.0,1.0,1.0,0.10639036372442856,0.10639618635616366,0.10638960957483926,0.10639795077774261,0.10639036372442856,0.10639618635616366,0.10638960957483926,0.10639795077774261,0.0006319587605231056,-0.0006319933469556121,0.0006319542808745452,-0.0006320038276197911,-0.0016183941339042542,-0.0005894663445654942,1.0001758407555192,-0.0006496487410839416,-0.00021466923482114757,0.00028140021180587455,-0.001618394162505865,-0.0005894663627259433,0.0001758407597662881,-0.0006496487185359001,-0.00021466922771651298,0.0002814002218656242,0.9999983906745911,-5.063780554337427e-05,9.885668259812519e-05,0.001791371963918209,-0.0002321928332094103,-0.00027213324210606515,0.00042527582263574004,0.0035827280953526497,0.9999935626983643,0.9999983858039265,-5.188434910107396e-05,9.718490880534384e-05,0.0017933913820575942,-4.303041362006565e-05,False,False
1.54,1.55,154,HOVER,-0.0016309651546180248,-0.0005935372319072485,1.000181353840162,0.0,0.0,1.0,-0.0060524163552270055,0.010941201395777344,0.20572372608900602,0.0017450567316221663,-0.0006114921998232603,-0.000194297987036407,0.00027079301071353257,-0.00021089123038109392,-0.00036007934249937534,0.00037308302125893533,0.00011301599442958832,8.637609425932169e-05,-6.152503192424774e-05,2.100318670272827e-05,0.00011301599442958832,8.637609425932169e-05,-6.152503192424774e-05,2.100318670272827e-05,0.10638828776065495,0.10639565445094282,0.10639150396990593,0.10639761123534833,0.10637891149720521,0.10639325202810453,0.1064000604247294,0.1063960776433123,0.5453234098027396,0.5453627247519046,0.545381389602465,0.5453704710659978,1581.5124342481363,1581.5710016229987,1581.5380042146523,1581.586558437535,0.0006319464292982904,-0.0006319901874386004,0.0006319655335812412,-0.000632001810737969,8.476199582219124e-07,6.478207069449127e-07,-6.152503192424774e-08,0.4255683015933514,1.8289119072499582e-07,4.452696541167034e-08,-8.003529703782056e-08,0.42557305741685203,6.647287674969166e-07,6.032937415332424e-07,1.8510265113572818e-08,-4.755823500623979e-06,1.0,1.0,1.0,1.0,0.10638828776065495,0.10639565445094282,0.10639150396990593,0.10639761123534833,0.10638828776065495,0.10639565445094282,0.10639150396990593,0.10639761123534833,0.0006319464292982904,-0.0006319901874386004,0.0006319655335812412,-0.000632001810737969,-0.0016247748630631898,-0.0005915528316979766,1.0001786239772081,-0.0006303988999089038,-0.0002046024097317599,0.00027623015092521946,-0.0016247748862951994,-0.0005915528163313866,0.00017862397362478077,-0.0006303989212028682,-0.000204602416488342,0.0002762301592156291,0.9999983906745911,-5.1884348067687824e-05,9.71849076449871e-05,0.001793391420505941,-0.0002513557847123593,-0.0003461040905676782,0.0003985577495768666,0.0035867670085281134,0.9999935626983643,0.999998382526543,-5.298862344200913e-05,9.538501785682512e-05,0.0017952822067492716,-4.328694126099961e-05,False,False
1.55,1.56,155,HOVER,-0.0016369684599339962,-0.0005954173393547535,1.0001840280165197,0.0,0.0,1.0,-0.00612953074085091,0.010749561522096676,0.20592636774919532,0.0017515860977089194,-0.0005929325125180185,-0.00018380724941380322,0.00026514154160395265,-0.000112893947516568,-0.0003262122336309403,0.00034883656189776957,0.00011612288653850555,7.067027036100626e-05,-5.906820297241211e-05,2.109818160533905e-05,0.00011612288653850555,7.067027036100626e-05,-5.906820297241211e-05,2.109818160533905e-05,0.10638673013107158,0.10639502151876959,0.10639295475691307,0.1063974975042099,0.1063796949391255,0.10639216279607781,0.10639950753531859,0.10639698382028084,0.5453255576703722,0.5453597386483876,0.5453798738993259,0.5453729553019441,1581.500050476259,1581.565969671603,1581.5495383937625,1581.5856542553106,0.0006319371769785652,-0.0006319864278214913,0.0006319741512560637,-0.0006320011351750068,8.709216490387916e-07,5.30027027707547e-07,-5.906820297241211e-08,0.4255683490908027,3.076101118683165e-07,1.3253318138306894e-07,-7.623476186923665e-08,0.4255722039109642,5.633115371704751e-07,3.97493846324478e-07,1.7166558896824537e-08,-3.854820161464101e-06,1.0,1.0,1.0,1.0,0.10638673013107158,0.10639502151876959,0.10639295475691307,0.1063974975042099,0.10638673013107158,0.10639502151876959,0.10639295475691307,0.1063974975042099,0.0006319371769785652,-0.0006319864278214913,0.0006319741512560637,-0.0006320011351750068,-0.001630965128168165,-0.0005935372073879846,1.000181353846055,-0.0006114922062514823,-0.00019429798488997642,0.00027079301555469395,-0.0016309651546180248,-0.0005935372319072485,0.00018135384016204625,-0.0006114921998232603,-0.000194297987036407,0.00027079301071353257,0.9999983906745911,-5.298862379277125e-05,9.538501763017848e-05,0.001795282238163054,-0.00021089123038109392,-0.00036007934249937534,0.00037308302125893533,0.0035905486438423395,0.9999935626983643,0.9999983794728236,-5.365873438157005e-05,9.371134492350374e-05,0.0017970505420794353,-4.3535062504597976e-05,False,False
1.56,1.57,156,HOVER,-0.0016427880618721247,-0.0005971920327283442,1.0001866445672931,0.0,0.0,1.0,-0.0061299067641532,0.010589759702264471,0.20611560805439252,0.0017579041881410425,-0.0005746808601543307,-0.00017323506472166628,0.0002593064564280212,2.9012076993240044e-05,-0.00026658689603209496,0.0003256819036323577,9.822659194469452e-05,3.590586129575968e-05,-5.881860852241516e-05,2.0407140254974365e-05,9.822659194469452e-05,3.590586129575968e-05,-5.881860852241516e-05,2.0407140254974365e-05,0.10638594735494494,0.10639432359590531,0.10639362257189044,0.10639754898584197,0.10638241184610599,0.10639117133565343,0.10639663887763434,0.1063977815107338,0.5453330062481119,0.545357020575489,0.545372009660771,0.5453751421226793,1581.493827075809,1581.5604210194685,1581.554847701571,1581.5860635432264,0.000631932527288373,-0.0006319822821596776,0.0006319781180770292,-0.0006320014409759013,7.366994395852089e-07,2.6929395971819755e-07,-5.881860852241516e-08,0.42556800357012753,3.8539095631884984e-07,1.5732363389808768e-07,-7.307777017664854e-08,0.4255714425085827,3.5130848326635903e-07,1.1197032582010988e-07,1.4259161654233376e-08,-3.4389384551691826e-06,1.0,1.0,1.0,1.0,0.10638594735494494,0.10639432359590531,0.10639362257189044,0.10639754898584197,0.10638594735494494,0.10639432359590531,0.10639362257189044,0.10639754898584197,0.000631932527288373,-0.0006319822821596776,0.0006319781180770292,-0.0006320014409759013,-0.001636968424999317,-0.0005954173570157502,1.0001840280214382,-0.00059293248351145,-0.00018380724620411897,0.0002651415344545056,-0.0016369684599339962,-0.0005954173393547535,0.00018402801651973277,-0.0005929325125180185,-0.00018380724941380322,0.00026514154160395265,0.9999983906745911,-5.3658735851058736e-05,9.37113436521031e-05,0.0017970505869016051,-0.000112893947516568,-0.0003262122336309403,0.00034883656189776957,0.003594085341319442,0.9999935626983643,0.9999983766334145,-5.365966455209398e-05,9.231671969166751e-05,0.001798701976234089,-4.377490886779966e-05,False,False
1.57,1.58,157,HOVER,-0.0016484266379848123,-0.0005988611956126988,1.0001892017025966,0.0,0.0,1.0,-0.006038377749966333,0.01046423956061811,0.20629199488751762,0.0017640131509413534,-0.0005566783947870135,-0.00016272491484414786,0.00025329526397399604,0.00019271569908596575,-0.00020813850278500468,0.00030340076773427427,6.340257823467255e-05,-9.609735570847988e-06,-6.004609167575836e-05,1.8833205103874207e-05,6.340257823467255e-05,-9.609735570847988e-06,-6.004609167575836e-05,1.8833205103874207e-05,0.10638603378038357,0.1063936231045163,0.10639335197450672,0.10639766761868188,0.1063864241345812,0.10639045924324939,0.1063921297818736,0.10639820344284782,0.5453440060954083,0.5453550683809043,0.5453596481405977,0.5453762988224012,1581.4945141951755,1581.5548519360852,1581.5526963811385,1581.5870066946836,0.0006319330406554784,-0.0006319781212408269,0.0006319765107285699,-0.0006320021456549704,4.755193367600441e-07,-7.207301678135991e-08,-6.004609167575837e-08,0.425567216602552,4.01728551548651e-07,1.1574095490005099e-07,-7.071551174893474e-08,0.4255706764780885,7.379078521139308e-08,-1.878139716814109e-07,1.066942007317637e-08,-3.459875536515611e-06,1.0,1.0,1.0,1.0,0.10638603378038357,0.1063936231045163,0.10639335197450672,0.10639766761868188,0.10638603378038357,0.1063936231045163,0.10639335197450672,0.10639766761868188,0.0006319330406554784,-0.0006319781212408269,0.0006319765107285699,-0.0006320021456549704,-0.0016427880159854066,-0.0005971920084363121,1.000186644563736,-0.0005746808440558601,-0.00017323506991252726,0.00025930644707937575,-0.0016427880618721247,-0.0005971920327283442,0.00018664456729311496,-0.0005746808601543307,-0.00017323506472166628,0.0002593064564280212,0.9999983906745911,-5.3659663535654545e-05,9.231671720044687e-05,0.0017987019382417202,2.9012076993240044e-05,-0.00026658689603209496,0.0003256819036323577,0.0035973882768303156,0.9999935030937195,0.9999983740068499,-5.2859095275065584e-05,9.122270583300684e-05,0.0018002410922965356,-4.400652053872108e-05,False,False
1.58,1.59,158,HOVER,-0.0016538864001631737,-0.0006004264578223228,1.0001916976034408,0.0,0.0,1.0,-0.005854343292878631,0.010360427304457277,0.20645591558926243,0.001769915288103565,-0.0005388726131059229,-0.00015243646339513361,0.00024709408171474934,0.00035223839222453535,-0.00017657692660577595,0.00028174923500046134,1.8982216715812683e-05,-5.552393849939108e-05,-6.199441850185394e-05,1.6255304217338562e-05,1.8982216715812683e-05,-5.552393849939108e-05,-6.199441850185394e-05,1.6255304217338562e-05,0.10638689967636739,0.10639299168280116,0.1063921887267405,0.10639773556027096,0.10639081065635891,0.10639013978226179,0.10638693478429966,0.10639804242918838,0.5453560317771028,0.5453541925803713,0.5453454060529386,0.5453758574139823,1581.5013984310979,1581.5498319647143,1581.5434482366775,1581.5875468418485,0.0006319381840776223,-0.0006319743705958388,0.0006319696010368386,-0.0006320025492280095,1.423666253685951e-07,-4.164295387454331e-07,-6.199441850185395e-08,0.4255659276521087,3.5471416388616755e-07,1.9274587996845338e-08,-6.913470938752723e-08,0.42556981564618,-2.1234753851757245e-07,-4.357041267422784e-07,7.140290885673283e-09,-3.887994071305467e-06,1.0,1.0,1.0,1.0,0.10638689967636739,0.10639299168280116,0.1063921887267405,0.10639773556027096,0.10638689967636739,0.10639299168280116,0.1063921887267405,0.10639773556027096,0.0006319381840776223,-0.0006319743705958388,0.0006319696010368386,-0.0006320025492280095,-0.0016484266342764193,-0.0005988611853668205,1.0001892016993474,-0.0005566784098093609,-0.00016272492181979963,0.0002532952523083321,-0.0016484266379848123,-0.0005988611956126988,0.00018920170259661973,-0.0005566783947870135,-0.00016272491484414786,0.00025329526397399604,0.9999983906745911,-5.285909355734475e-05,9.122270421357825e-05,0.001800241065211594,0.00019271569908596575,-0.00020813850278500468,0.00030340076773427427,0.003600466763600707,0.9999935030937195,0.9999983715967826,-5.125158957561085e-05,9.031959372214954e-05,0.0018016712876744753,-4.422985026326345e-05,False,False
1.59,1.6,159,HOVER,-0.0016591692110523582,-0.0006018909625709057,1.0001941302034538,0.0,0.0,1.0,-0.005591584526860823,0.010254052386660236,0.20660761008159878,0.001775613059656202,-0.0005212410469539464,-0.00014252042456064373,0.00024067371850833297,0.0004829668323509395,-0.00019073580915573984,0.0002605114714242518,-2.6131048798561096e-05,-9.149161633104086e-05,-6.362050771713257e-05,1.2913718819618225e-05,-2.6131048798561096e-05,-9.149161633104086e-05,-6.362050771713257e-05,1.2913718819618225e-05,0.10638829994198812,0.1063924993289951,0.10639036874697379,0.10639763995630372,0.10639462452768807,0.10639027554486687,0.10638214864042451,0.10639720814643043,0.5453664874137135,0.5453545647729002,0.5453322846550356,0.5453735702791782,1581.5125310943456,1581.5459176142447,1581.5289788292412,1581.5867867740533,0.0006319465016554095,-0.0006319714460142309,0.0006319587903570242,-0.0006320019813404441,-1.9598286598920822e-07,-6.861871224828064e-07,-6.362050771713257e-08,0.42556425685940985,2.548894787648276e-07,-1.086042782276822e-07,-6.813534224130689e-08,0.4255688079742607,-4.508723447540358e-07,-5.775828442551242e-07,4.5148345241743265e-09,-4.551114850870341e-06,1.0,1.0,1.0,1.0,0.10638829994198812,0.1063924993289951,0.10639036874697379,0.10639763995630372,0.10638829994198812,0.1063924993289951,0.10639036874697379,0.10639763995630372,0.0006319465016554095,-0.0006319714460142309,0.0006319587903570242,-0.0006320019813404441,-0.0016538864410235588,-0.0006004264631247411,1.0001916976003007,-0.0005388725911083541,-0.00015243646532074164,0.00024709408657957695,-0.0016538864001631737,-0.0006004264578223228,0.00019169760344084352,-0.0005388726131059229,-0.00015243646339513361,0.00024709408171474934,0.9999983906745911,-5.1251590775791556e-05,9.031959052663296e-05,0.0018016713438555598,0.00035223839222453535,-0.00017657692660577595,0.00028174923500046134,0.003603327553719282,0.9999935030937195,0.9999983694092821,-4.895703781918859e-05,8.93953642810663e-05,0.0018029948569961616,-4.444480240867448e-05,False,False
1.6,1.61,160,HOVER,-0.001664276816882193,-0.0006032591918483377,1.0001964970870176,0.0,0.0,1.0,-0.005275267048240485,0.010115011893458268,0.20674726404556368,0.0017811092276913984,-0.0005038079689256847,-0.00013309568748809397,0.00023399756173603237,0.0005664402851834893,-0.000258482905337587,0.00023954742937348783,-6.310828030109406e-05,-0.00010943261440843344,-6.412900984287262e-05,9.063631296157837e-06,-6.310828030109406e-05,-0.00010943261440843344,-6.412900984287262e-05,9.063631296157837e-06,0.10638988320973908,0.10639219586827807,0.10638825960121684,0.10639729532145598,0.10639703437201509,0.10639082524394351,0.10637873347100739,0.10639573872868216,0.5453730938866496,0.5453560717688282,0.5453229217292622,0.5453695419479596,1581.525118644194,1581.5435050139863,1581.5122103699323,1581.5840468667332,0.0006319559062658501,-0.0006319696434575718,0.000631946262031228,-0.0006319999342094485,-4.733121022582054e-07,-8.207446080632508e-07,-6.412900984287262e-08,0.4255623318156481,1.228884878010962e-07,-2.3769384640799987e-07,-6.74093699421039e-08,0.42556763400069,-5.962005900593015e-07,-5.830507616552509e-07,3.280360099231282e-09,-5.302185041855534e-06,1.0,1.0,1.0,1.0,0.10638988320973908,0.10639219586827807,0.10638825960121684,0.10639729532145598,0.10638988320973908,0.10639219586827807,0.10638825960121684,0.10639729532145598,0.0006319559062658501,-0.0006319696434575718,0.000631946262031228,-0.0006319999342094485,-0.0016591692361000356,-0.0006018909799202304,1.0001941302009016,-0.0005212410359291468,-0.00014252041885593248,0.0002406737198445239,-0.0016591692110523582,-0.0006018909625709057,0.00019413020345382392,-0.0005212410469539464,-0.00014252042456064373,0.00024067371850833297,0.9999983906745911,-4.8957037506625056e-05,8.939536201069131e-05,0.0018029948696494102,0.0004829668323509395,-0.00019073580915573984,0.0002605114714242518,0.0036059750709682703,0.9999935030937195,0.9999983674503751,-4.619456941401033e-05,8.818693056622751e-05,0.0018042133221302722,-4.465129843000925e-05,False,False
1.61,1.62,161,HOVER,-0.0016692117787897587,-0.0006045365007594228,1.0001987955183722,0.0,0.0,1.0,-0.0049367912806661035,0.009914469141238703,0.20687503561424367,0.0017864075686488212,-0.0004866495728492737,-0.00012423319276422262,0.00022703300055582076,0.0005937901441939175,-0.00037509435787796974,0.0002188237413065508,-8.505024015903473e-05,-0.00010538322385400534,-6.271712481975555e-05,5.325302481651306e-06,-8.505024015903473e-05,-0.00010538322385400534,-6.271712481975555e-05,5.325302481651306e-06,0.10639127755675287,0.10639210180299154,0.10638628684079214,0.10639666781570986,0.10639757540956521,0.10639167694280006,0.1063773766967943,0.10639383360208132,0.5453745771091008,0.5453584066903346,0.5453192020131032,0.5453643191193148,1581.5362041599503,1581.542757167403,1581.496526133189,1581.5790580795249,0.0006319641886871121,-0.0006319690847097697,0.0006319345438343053,-0.0006319962068253165,-6.378768011927604e-07,-7.9037417890504e-07,-6.271712481975555e-08,0.42556046265124087,-1.5015383135648375e-08,-3.3787814244807396e-07,-6.65590136688602e-08,0.42556633401624644,-6.228614180571121e-07,-4.5249603645696605e-07,3.8418888491046505e-09,-5.871365005571949e-06,1.0,1.0,1.0,1.0,0.10639127755675287,0.10639210180299154,0.10638628684079214,0.10639666781570986,0.10639127755675287,0.10639210180299154,0.10638628684079214,0.10639666781570986,0.0006319641886871121,-0.0006319690847097697,0.0006319345438343053,-0.0006319962068253165,-0.001664276866466289,-0.0006032592064538134,1.0001964970930783,-0.0005038079940011599,-0.00013309568712586116,0.00023399755640564443,-0.001664276816882193,-0.0006032591918483377,0.00019649708701763302,-0.0005038079689256847,-0.00013309568748809397,0.00023399756173603237,0.9999983906745911,-4.619457104126923e-05,8.818692731438205e-05,0.001804213272407651,0.0005664402851834893,-0.000258482905337587,0.00023954742937348783,0.0036084125749766827,0.9999935030937195,0.9999983657233266,-4.3237757296078385e-05,8.64421420055577e-05,0.001805327928205188,-4.484934698325349e-05,False,False
1.62,1.6300000000000001,162,HOVER,-0.0016739772399887443,-0.0006057287100702524,1.0002010224561673,0.0,0.0,1.0,-0.004607602056644896,0.009631598495775402,0.20699106905785403,0.0017915125168659095,-0.0004698867560364306,-0.00011594932584557682,0.00021976135030854493,0.0005671441904269159,-0.0005244089988991618,0.00019842787878587842,-8.832849562168121e-05,-8.012948092073202e-05,-5.9077516198158264e-05,2.1364539861679077e-06,-8.832849562168121e-05,-8.012948092073202e-05,-5.9077516198158264e-05,2.1364539861679077e-06,0.10639216341308207,0.10639219905457019,0.1063848384626302,0.10639577974476429,0.10639616454829194,0.10639263830678429,0.10637829671030578,0.10639176866161114,0.5453707093116498,0.5453610422507176,0.5453217243128178,0.5453586581359506,1581.5432469856928,1581.543530345939,1581.4850108908008,1581.5719977356616,0.0006319694506737075,-0.0006319696623841469,0.0006319259404680233,-0.0006319909316838999,-6.62463717162609e-07,-6.009711069054901e-07,-5.907751619815827e-08,0.4255588682269931,-1.3237832141403671e-07,-3.8556892503847223e-07,-6.520292631598951e-08,0.4255649806750467,-5.300853957485723e-07,-2.154021818670179e-07,6.125410117831238e-09,-6.112448053596786e-06,1.0,1.0,1.0,1.0,0.10639216341308207,0.10639219905457019,0.1063848384626302,0.10639577974476429,0.10639216341308207,0.10639219905457019,0.1063848384626302,0.10639577974476429,0.0006319694506737075,-0.0006319696623841469,0.0006319259404680233,-0.0006319909316838999,-0.0016692117333557545,-0.0006045365239221358,1.0001987955160165,-0.0004866495587792561,-0.0001242331863274063,0.00022703300152137433,-0.0016692117787897587,-0.0006045365007594228,0.00019879551837220788,-0.0004866495728492737,-0.00012423319276422262,0.00022703300055582076,0.9999983906745911,-4.3237756472080946e-05,8.644214540254325e-05,0.0018053279491141438,0.0005937901441939175,-0.00037509435787796974,0.0002188237413065508,0.0036106426268815994,0.9999935030937195,0.9999983642254342,-4.036067244027651e-05,8.397878126817959e-05,0.0018063402327274476,-4.503909483915833e-05,False,False
1.6300000000000001,1.6400000000000001,163,HOVER,-0.0016785783227533102,-0.0006068413495086133,1.0002031748736044,0.0,0.0,1.0,-0.00431320693499753,0.009258526265227314,0.20709566879858388,0.0017964302486751136,-0.00045366803533397615,-0.0001082100861822255,0.00021218899928499013,0.000498814566526562,-0.0006824733573012054,0.0001785554050002247,-7.30324536561966e-05,-3.9225793443620205e-05,-5.324743688106537e-05,2.942979335784912e-07,-7.30324536561966e-05,-3.9225793443620205e-05,-5.324743688106537e-05,2.942979335784912e-07,0.10639235116612489,0.10639243863278833,0.1063841956468637,0.1063947202570291,0.10639319918317694,0.10639352072707732,0.10638129228382491,0.10638993495488769,0.5453625798790097,0.545363461382305,0.545329936901922,0.5453536310468476,1581.544739676932,1581.5454350620516,1581.479900208271,1581.563574570712,0.0006319705659267818,-0.0006319710854787627,0.0006319221221423704,-0.0006319846383267528,-5.477434024214744e-07,-2.9419345082715153e-07,-5.324743688106537e-08,0.42555794714896683,-2.0767155844633733e-07,-3.6900520851163715e-07,-6.30357363633205e-08,0.425563705702806,-3.400718439751371e-07,7.481175768448562e-08,9.788299482255126e-09,-5.7585538391635716e-06,1.0,1.0,1.0,1.0,0.10639235116612489,0.10639243863278833,0.1063841956468637,0.1063947202570291,0.10639235116612489,0.10639243863278833,0.1063841956468637,0.1063947202570291,0.0006319705659267818,-0.0006319710854787627,0.0006319221221423704,-0.0006319846383267528,-0.001673977278641985,-0.0006057286966048937,1.0002010224604112,-0.00046988674602232327,-0.00011594932613027533,0.0002197613437724998,-0.0016739772399887443,-0.0006057287100702524,0.00020102245616726577,-0.0004698867560364306,-0.00011594932584557682,0.00021976135030854493,0.9999983906745911,-4.0360671846428886e-05,8.397878264077008e-05,0.001806340180337429,0.0005671441904269159,-0.0005244089988991618,0.00019842787878587842,0.003612667787820101,0.9999935030937195,0.9999983629452119,-3.7785786606315537e-05,8.072772478978208e-05,0.0018072526566874595,-4.5220843253770885e-05,False,False
1.6400000000000001,1.6500000000000001,164,HOVER,-0.0016830213135108352,-0.000607879483141005,1.0002052499330603,0.0,0.0,1.0,-0.004068575912165317,0.008802365046893716,0.20718924663407207,0.0018011678830072318,-0.00043814530363306403,-0.00010094449680764228,0.00020435279293451458,0.00040851469384506345,-0.0008228869992308319,0.00015947720385156572,-4.300661385059357e-05,8.465372957289219e-06,-4.573725163936615e-05,6.51925802230835e-08,-4.300661385059357e-05,8.465372957289219e-06,-4.573725163936615e-05,6.51925802230835e-08,0.1063918098685547,0.10639274211776414,0.10638446858172512,0.10639362051064558,0.10638936502406116,0.10639411285807225,0.10638570133707724,0.10638865337707953,0.5453520685818013,0.5453650846902207,0.545342024526606,0.5453501175985057,1581.54043620186,1581.5478478535388,1581.4820701677227,1581.5548313141378,0.000631967350619215,-0.000631972888179519,0.0006319237433754472,-0.0006319781058332347,-3.2254960387945173e-07,6.349029717966913e-08,-4.573725163936615e-08,0.42555783259629015,-2.2849561553701242e-07,-2.9060677618313047e-07,-5.99000180915828e-08,0.4255626410786896,-9.405398834243931e-08,3.540970733627996e-07,1.4162766452216654e-08,-4.808482399420999e-06,1.0,1.0,1.0,1.0,0.1063918098685547,0.10639274211776414,0.10638446858172512,0.10639362051064558,0.1063918098685547,0.10639274211776414,0.10638446858172512,0.10639362051064558,0.000631967350619215,-0.000631972888179519,0.0006319237433754472,-0.0006319781058332347,-0.0016785783364594007,-0.0006068413429413495,1.000203174869973,-0.0004536680345573761,-0.00010821008344456548,0.00021218900449888618,-0.0016785783227533102,-0.0006068413495086133,0.0002031748736044392,-0.00045366803533397615,-0.0001082100861822255,0.00021218899928499013,0.9999983906745911,-3.778578684432432e-05,8.072772470768541e-05,0.0018072526436299086,0.000498814566526562,-0.0006824733573012054,0.0001785554050002247,0.0036144934128969908,0.9999934434890747,0.9999983618615077,-3.564385037451787e-05,7.675079941070646e-05,0.001808068895785729,-4.53950294933656e-05,False,False
1.6500000000000001,1.6600000000000001,165,HOVER,-0.001687313779257238,-0.0006088474183343351,1.0002072453935398,0.0,0.0,1.0,-0.0038757915688562043,0.008283965439058134,0.20727237541103968,0.0018057335411480802,-0.00042344850953668356,-9.406456229044124e-05,0.00019631946634035558,0.00031919029424898326,-0.000922561448533088,0.00014149275375530124,-4.829838871955872e-06,5.2870833314955235e-05,-3.725290298461914e-05,1.6745179891586304e-06,-4.829838871955872e-06,5.2870833314955235e-05,-3.725290298461914e-05,1.6745179891586304e-06,0.1063906739874709,0.10639302220539143,0.10638558711979923,0.10639263197397124,0.10638554364872167,0.10639428726746034,0.10639063921453115,0.10638816712828149,0.5453415922192054,0.54536556282739,0.5453555617708356,0.5453487845430809,1581.5314055916351,1581.5500746276673,1581.4909630498526,1581.546972179435,0.0006319606034855771,-0.0006319745519000251,0.0006319303874916074,-0.0006319722339253891,-3.622379153966903e-08,3.9653124986216423e-07,-3.725290298461914e-08,0.4255586372589946,-1.9364283839265473e-07,-1.6604957467098586e-07,-5.579484822965976e-08,0.4255619152866328,1.574190468529857e-07,5.625808245331501e-07,1.8541945245040617e-08,-3.278027638164982e-06,1.0,1.0,1.0,1.0,0.1063906739874709,0.10639302220539143,0.10638558711979923,0.10639263197397124,0.1063906739874709,0.10639302220539143,0.10638558711979923,0.10639263197397124,0.0006319606034855771,-0.0006319745519000251,0.0006319303874916074,-0.0006319722339253891,-0.001683021266724614,-0.000607879505579829,1.0002052499349487,-0.000438145303658711,-0.0001009444937779604,0.00020435279958945474,-0.0016830213135108352,-0.000607879483141005,0.00020524993306025863,-0.00043814530363306403,-0.00010094449680764228,0.00020435279293451458,0.9999983906745911,-3.5643850424094126e-05,7.675080269109458e-05,0.001808068947866559,0.00040851469384506345,-0.0008228869992308319,0.00015947720385156572,0.003616126487031579,0.9999934434890747,0.9999983609455914,-3.395336449334106e-05,7.22299391901658e-05,0.0018087941109004946,-4.556218526832925e-05,False,False
1.6600000000000001,1.67,166,HOVER,-0.0016914649168029428,-0.0006097483565099537,1.0002091598144034,0.0,0.0,1.0,-0.003724336149441123,0.007733711372064121,0.20734581662414842,0.0018101365835215411,-0.000409664586186409,-8.748743130126968e-05,0.0001881823845906183,0.0002523501170799136,-0.0009666942642070353,0.00012488056381698698,3.343634307384491e-05,8.45171744003892e-05,-2.8703361749649048e-05,5.150213837623596e-06,3.343634307384491e-05,8.45171744003892e-05,-2.8703361749649048e-05,5.150213837623596e-06,0.10638921588873212,0.10639320141185091,0.10638731896411291,0.1063918997988271,0.1063826302328878,0.10639401082682083,0.10639514121268025,0.10638859283453,0.5453336049672682,0.545364804975045,0.5453679038846451,0.5453499516206617,1581.519813208208,1581.5514993676873,1581.5047319383957,1581.5411511744564,0.0006319519423790688,-0.0006319756163863944,0.0006319406746468307,-0.0006319678848050329,2.507725730538368e-07,6.33878808002919e-07,-2.8703361749649048e-08,0.42556037510691885,-1.1308429836900252e-07,-2.1047241455761367e-08,-5.0884165527821656e-08,0.42556163606352304,3.6385687142283933e-07,6.549260494586803e-07,2.218080377817261e-08,-1.2609566041876796e-06,1.0,1.0,1.0,1.0,0.10638921588873212,0.10639320141185091,0.10638731896411291,0.1063918997988271,0.10638921588873212,0.10639320141185091,0.10638731896411291,0.1063918997988271,0.0006319519423790688,-0.0006319756163863944,0.0006319406746468307,-0.0006319678848050329,-0.0016873138359400398,-0.0006088473978535358,1.0002072453938873,-0.0004234485090580594,-9.406456290887694e-05,0.00019631946316313556,-0.001687313779257238,-0.0006088474183343351,0.0002072453935397789,-0.00042344850953668356,-9.406456229044124e-05,0.00019631946634035558,0.9999983906745911,-3.395336534595117e-05,7.2229937359225e-05,0.001808794098906219,0.00031919029424898326,-0.000922561448533088,0.00014149275375530124,0.00361757748760283,0.9999934434890747,0.9999983601658052,-3.262303039422796e-05,6.743044532240984e-05,0.001809434876835356,-4.572288751066429e-05,False,False
1.67,1.68,167,HOVER,-0.0016954836901277304,-0.0006105850916355848,1.0002109928173013,0.0,0.0,1.0,-0.003593887700649784,0.007185282106326034,0.2074104761327935,0.0018143861404258802,-0.0003968252276536077,-8.115528908092529e-05,0.00018005185120273381,0.00022382022871170193,-0.0009518747101537883,0.00010985202970914543,6.402097642421722e-05,9.718688670545816e-05,-2.096034586429596e-05,1.0089948773384094e-05,6.402097642421722e-05,9.718688670545816e-05,-2.096034586429596e-05,1.0089948773384094e-05,0.10638777728042365,0.10639322876647356,0.1063893236914565,0.10639152542426034,0.10638127965417818,0.10639335231790775,0.10639837849413772,0.10638983450816311,0.5453299022769427,0.5453629996935414,0.5453767787138396,0.5453533556723886,1581.5083757341224,1581.5517168443032,1581.5206702783348,1581.5381747833565,0.0006319433970457164,-0.0006319757788728529,0.0006319525827272516,-0.0006319656610201063,4.801573231816291e-07,7.289016502909362e-07,-2.096034586429596e-08,0.42556284497438673,-5.548301882166151e-09,1.1489502601495089e-07,-4.546011999121118e-08,0.425561855162614,4.857056250637953e-07,6.140066242759853e-07,2.4499774126915223e-08,9.89811772711402e-07,1.0,1.0,1.0,1.0,0.10638777728042365,0.10639322876647356,0.1063893236914565,0.10639152542426034,0.10638777728042365,0.10639322876647356,0.1063893236914565,0.10639152542426034,0.0006319433970457164,-0.0006319757788728529,0.0006319525827272516,-0.0006319656610201063,-0.001691464866040418,-0.0006097483664668864,1.0002091598163978,-0.0004096646004238732,-8.748742924624561e-05,0.00018818239124534088,-0.0016914649168029428,-0.0006097483565099537,0.00020915981440339237,-0.000409664586186409,-8.748743130126968e-05,0.0001881823845906183,0.9999983310699463,-3.262302925577387e-05,6.743044650647789e-05,0.0018094348488375545,0.0002523501170799136,-0.0009666942642070353,0.00012488056381698698,0.003618859453126788,0.9999934434890747,0.9999983594929881,-3.1476029375710945e-05,6.264654833853019e-05,0.0018099988956203317,-4.5877712055211846e-05,False,False
1.68,1.69,168,HOVER,-0.0016993797617033124,-0.0006113597773946822,1.000212745158933,0.0,0.0,1.0,-0.003458951823042389,0.006668819204289127,0.20746730296077473,0.0018184919176483445,-0.0003849056956823915,-7.504920358769596e-05,0.00017204367031808943,0.00024082700838334858,-0.0008866278221830726,9.651917207520455e-05,8.111260831356049e-05,8.855538908392191e-05,-1.4705583453178406e-05,1.6100704669952393e-05,8.111260831356049e-05,8.855538908392191e-05,-1.4705583453178406e-05,1.6100704669952393e-05,0.10638670203746232,0.10639309235405406,0.10639123027033986,0.10639155467546398,0.10638184557556542,0.10639247622678769,0.10639984175687708,0.10639168679310486,0.5453314537851415,0.545360597912104,0.545380790141907,0.5453584336947893,1581.4998271204481,1581.5506323286702,1581.535828218176,1581.5384073393893,0.0006319370101025262,-0.0006319749685830811,0.0006319639078058188,-0.000631965834772256,6.083445623517036e-07,6.641654181294143e-07,-1.4705583453178407e-08,0.425565850352335,1.057310468326883e-07,2.1446029993803933e-07,-3.988544699216629e-08,0.4255625793373202,5.026135155190153e-07,4.4970511819137497e-07,2.5179863538987887e-08,3.2710150147940986e-06,1.0,1.0,1.0,1.0,0.10638670203746232,0.10639309235405406,0.10639123027033986,0.10639155467546398,0.10638670203746232,0.10639309235405406,0.10639123027033986,0.10639155467546398,0.0006319370101025262,-0.0006319749685830811,0.0006319639078058188,-0.000631965834772256,-0.0016954837221216463,-0.0006105850658822998,1.0002109928174234,-0.0003968252192241855,-8.115529096427152e-05,0.0001800518571704039,-0.0016954836901277304,-0.0006105850916355848,0.00021099281730130315,-0.0003968252276536077,-8.115528908092529e-05,0.00018005185120273381,0.9999983310699463,-3.147602910757996e-05,6.264654803089797e-05,0.001809998881071806,0.00022382022871170193,-0.0009518747101537883,0.00010985202970914543,0.0036199879832565784,0.9999934434890747,0.9999983589044442,-3.0290365043585617e-05,5.814168166564716e-05,0.001810494533826079,-4.6027195051379675e-05,False,False
1.69,1.7,169,HOVER,-0.001703161746263504,-0.000612074916716665,1.000214418687392,0.0,0.0,1.0,-0.0032943563293497324,0.006204926979505239,0.2075172450861108,0.0018224628970467357,-0.00037383544258773327,-6.919426959939301e-05,0.0001642614952288568,0.00030085782054811716,-0.000789448618888855,8.487659943057224e-05,8.144043385982513e-05,6.104784552007914e-05,-1.05295330286026e-05,2.213194966316223e-05,8.144043385982513e-05,6.104784552007914e-05,-1.05295330286026e-05,2.213194966316223e-05,0.10638625151675056,0.1063928178777037,0.10639269848613767,0.10639195101444224,0.10638421667693007,0.10639157816518785,0.10639932998615673,0.106393741146557,0.5453379542783321,0.545358135893061,0.5453793871616679,0.5453640656554727,1581.496245292101,1581.5484501661904,1581.5475009698803,1581.5415583538538,0.0006319343340094983,-0.0006319733381935599,0.0006319726290076578,-0.0006319681890257869,6.108032539486885e-07,4.578588414005935e-07,-1.0529533028602601e-08,0.4255688659748316,1.9728465207183646e-07,2.585805532902795e-07,-3.456420219071117e-08,0.42556371889503414,4.135186018768521e-07,1.9927828811031403e-07,2.403466916210857e-08,5.147079797485077e-06,1.0,1.0,1.0,1.0,0.10638625151675056,0.1063928178777037,0.10639269848613767,0.10639195101444224,0.10638625151675056,0.1063928178777037,0.10639269848613767,0.10639195101444224,0.0006319343340094983,-0.0006319733381935599,0.0006319726290076578,-0.0006319681890257869,-0.0016993797439575759,-0.0006113597978674928,1.0002127451559748,-0.000384905703230282,-7.504920632051279e-05,0.00017204366920712,-0.0016993797617033124,-0.0006113597773946822,0.00021274515893310308,-0.0003849056956823915,-7.504920358769596e-05,0.00017204367031808943,0.9999983310699463,-3.029036452062428e-05,5.814168252982199e-05,0.001810494577512145,0.00024082700838334858,-0.0008866278221830726,9.651917207520455e-05,0.0036209796089679003,0.9999934434890747,0.9999983583851983,-2.884669444526797e-05,5.409605324653622e-05,0.0018109302564442876,-4.617180363672834e-05,False,False
1.7,1.71,170,HOVER,-0.0017068376764655113,-0.0006127333617769182,1.0002160161820939,0.0,0.0,1.0,-0.0030805184479071332,0.005800822480461995,0.2075612503284887,0.0018263077553805234,-0.00036351726157590747,-6.365541776176542e-05,0.0001567840954521671,0.0003924515622202307,-0.0006846549804322422,7.480440399376675e-05,6.546638906002045e-05,2.1172338165342808e-05,-8.391216397285461e-06,2.767518162727356e-05,6.546638906002045e-05,2.1172338165342808e-05,-8.391216397285461e-06,2.767518162727356e-05,0.10638656147909786,0.1063924726707647,0.1063935055837742,0.1063926145691792,0.10638796147560065,0.10639091349406704,0.10639715098845962,0.1063956116326864,0.5453482207438731,0.5453563137056674,0.5453734135839252,0.5453691935202177,1581.4987096230652,1581.545705673703,1581.5539176154507,1581.546833806423,0.0006319361751858414,-0.0006319712876643423,0.0006319774231676187,-0.0006319721305409245,4.909979179501533e-07,1.5879253624007105e-07,-8.391216397285461e-09,0.4255716375908137,2.5052563927671287e-07,2.404920023874914e-07,-2.9819851806692395e-08,0.42556515430281594,2.404722786734404e-07,-8.169946614742033e-08,2.1428635409406935e-08,6.483287997738341e-06,1.0,1.0,1.0,1.0,0.10638656147909786,0.1063924726707647,0.1063935055837742,0.1063926145691792,0.10638656147909786,0.1063924726707647,0.1063935055837742,0.1063926145691792,0.0006319361751858414,-0.0006319712876643423,0.0006319774231676187,-0.0006319721305409245,-0.0017031617366691629,-0.0006120749386277366,1.0002144186937283,-0.0003738354516969657,-6.919427167572422e-05,0.00016426149658265945,-0.001703161746263504,-0.000612074916716665,0.00021441868739202619,-0.00037383544258773327,-6.919426959939301e-05,0.0001642614952288568,0.9999983310699463,-2.8846694476669654e-05,5.4096053645480424e-05,0.0018109302036464214,0.00030085782054811716,-0.000789448618888855,8.487659943057224e-05,0.003621851559728384,0.9999934434890747,0.9999983579267476,-2.697424381684965e-05,5.0572949603013555e-05,0.0018113140465898976,-4.6311918976586456e-05,False,False
1.71,1.72,171,HOVER,-0.0017104143043980002,-0.0006133387796580791,1.0002175409608753,0.0,0.0,1.0,-0.0028074020650591352,0.00544944262689422,0.20760010622558855,0.0018300343223503549,-0.0003538514138199389,-5.8524990890873596e-05,0.00014965313312131912,0.0004978267243131995,-0.0005970249767415226,6.610022683162242e-05,3.680400550365448e-05,-2.1962798200547695e-05,-7.86222517490387e-06,3.174878656864166e-05,3.680400550365448e-05,-2.1962798200547695e-05,-7.86222517490387e-06,3.174878656864166e-05,0.10638760180114798,0.10639213917434638,0.10639357250730727,0.10639338523910126,0.10639230061516514,0.10639063288975957,0.10639387477801114,0.10639686611034854,0.5453601164766189,0.5453555444315278,0.5453644320017791,0.5453726326067825,1581.5069806051092,1581.543054280645,1581.5544496750783,1581.5529608435093,0.000631942354698819,-0.0006319693066956175,0.0006319778206934052,-0.0006319767083202615,2.760300412774086e-07,-1.647209865041077e-07,-7.86222517490387e-09,0.42557367439328436,2.551489356708743e-07,1.6703969685271172e-07,-2.5839623654850576e-08,0.4255666987219029,2.0881105606534297e-08,-3.3176068335681945e-07,1.7977398479946706e-08,6.975671381470594e-06,1.0,1.0,1.0,1.0,0.10638760180114798,0.10639213917434638,0.10639357250730727,0.10639338523910126,0.10638760180114798,0.10639213917434638,0.10639357250730727,0.10639338523910126,0.000631942354698819,-0.0006319693066956175,0.0006319778206934052,-0.0006319767083202615,-0.0017068376217554443,-0.0006127333613147929,1.0002160161849798,-0.00036351727550487157,-6.365542068945444e-05,0.00015678409850828118,-0.0017068376764655113,-0.0006127333617769182,0.00021601618209388107,-0.00036351726157590747,-6.365541776176542e-05,0.0001567840954521671,0.9999983310699463,-2.697424315556418e-05,5.0572951295180246e-05,0.0018113140249624848,0.0003924515622202307,-0.0006846549804322422,7.480440399376675e-05,0.0036226194351911545,0.9999934434890747,0.9999983575245689,-2.4585318936644262e-05,4.751089625884378e-05,0.0018116529583322397,-4.644783749256984e-05,False,False
1.72,1.73,172,HOVER,-0.0017138978000730276,-0.000613895826973021,1.000218996516196,0.0,0.0,1.0,-0.002476444303214559,0.0051316622024021675,0.2076345066490525,0.0018336502473416416,-0.00034475894062779844,-5.3904826927464455e-05,0.0001428682153346017,0.0005966107128188014,-0.0005464243004098535,5.851714013260789e-05,1.3243407011032104e-06,-5.873886402696371e-05,-8.558854460716248e-06,3.406032919883728e-05,1.3243407011032104e-06,-5.873886402696371e-05,-8.558854460716248e-06,3.406032919883728e-05,0.10638919521668028,0.10639191135935244,0.10639297973989709,0.10639408636482044,0.1063963922141114,0.10639088239929675,0.10639030242589365,0.10639725312529769,0.5453713334458196,0.5453562284596707,0.5453546384670883,0.545373693586107,1581.5196488579898,1581.5412430840822,1581.5497370153503,1581.5585349736739,0.0006319518195870809,-0.0006319679534745535,0.0006319742996549886,-0.0006319808730070334,9.932555258274078e-09,-4.405414802022278e-07,-8.558854460716247e-09,0.42557483016459946,2.1069913665097e-07,5.6904500009627434e-08,-2.2707239517405324e-08,0.42556817268075026,-2.0076658139269594e-07,-4.974459802118552e-07,1.4148385056689077e-08,6.657483849203949e-06,1.0,1.0,1.0,1.0,0.10638919521668028,0.10639191135935244,0.10639297973989709,0.10639408636482044,0.10638919521668028,0.10639191135935244,0.10639297973989709,0.10639408636482044,0.0006319518195870809,-0.0006319679534745535,0.0006319742996549886,-0.0006319808730070334,-0.001710414313622997,-0.0006133387654619543,1.0002175409611365,-0.00035385141299650404,-5.852498996874157e-05,0.00014965312818182537,-0.0017104143043980002,-0.0006133387796580791,0.0002175409608753398,-0.0003538514138199389,-5.8524990890873596e-05,0.00014965313312131912,0.9999983310699463,-2.458531889715232e-05,4.7510897275060415e-05,0.001811652909964323,0.0004978267243131995,-0.0005970249767415226,6.610022683162242e-05,0.003623297670856118,0.9999934434890747,0.9999983571758316,-2.169216098298076e-05,4.474296999488683e-05,0.0018119528567232975,-4.657979262698821e-05,False,False
1.73,1.74,173,HOVER,-0.0017172936350107193,-0.0006144102662801743,1.000220386107685,0.0,0.0,1.0,-0.0021001689706118083,0.004821072307817481,0.20766494495089646,0.0018371628780865807,-0.0003361994749866426,-4.9886657507158816e-05,0.00013639188546221703,0.0006699188961647451,-0.0005436131032183766,5.180771404411644e-05,-3.392435610294342e-05,-8.112413343042135e-05,-9.47713851928711e-06,3.458000719547272e-05,-3.392435610294342e-05,-8.112413343042135e-05,-9.47713851928711e-06,3.458000719547272e-05,0.1063910586137918,0.10639186728205721,0.10639194513266696,0.10639455552010177,0.10639947505747921,0.10639166820016337,0.10638727220538709,0.10639667454056814,0.5453797848637917,0.545358382722539,0.5453463310992392,0.5453721074287744,1581.5344634945072,1581.540892656419,1581.5415115919911,1581.562264872981,0.0006319628881659233,-0.0006319676916554199,0.0006319681540880417,-0.0006319836597894045,-2.5443267077207565e-07,-6.084310007281601e-07,-9.47713851928711e-09,0.4255750900035978,1.26385530896736e-07,-6.369978123449416e-08,-2.030919085932014e-08,0.42556942654861774,-3.8081820166881163e-07,-5.44731219493666e-07,1.0832052340033031e-08,5.663454980042726e-06,1.0,1.0,1.0,1.0,0.1063910586137918,0.10639186728205721,0.10639194513266696,0.10639455552010177,0.1063910586137918,0.10639186728205721,0.10639194513266696,0.10639455552010177,0.0006319628881659233,-0.0006319676916554199,0.0006319681540880417,-0.0006319836597894045,-0.0017138978369084853,-0.0006138958466352984,1.0002189965167052,-0.0003447589329074927,-5.3904828305347865e-05,0.0001428682218014449,-0.0017138978000730276,-0.000613895826973021,0.0002189965161960572,-0.00034475894062779844,-5.3904826927464455e-05,0.0001428682153346017,0.9999983310699463,-2.169216168113053e-05,4.474297020351514e-05,0.001811952912248671,0.0005966107128188014,-0.0005464243004098535,5.851714013260789e-05,0.003623897908255458,0.9999934434890747,0.9999983568779884,-1.8403644856874282e-05,4.2038512739055003e-05,0.0018122183622700787,-4.670799277857144e-05,False,False
1.74,1.75,174,HOVER,-0.0017206070479005575,-0.0006148885004222393,1.0002217124711024,0.0,0.0,1.0,-0.0016996175844183087,0.0044902677252148405,0.20769186063819986,0.0018405795014285306,-0.0003281795943621546,-4.653460928238928e-05,0.00013015922741033137,0.0007040584459900856,-0.0005880290409550071,4.5775799662806094e-05,-6.200559437274933e-05,-8.401123341172934e-05,-9.80868935585022e-06,3.355927765369415e-05,-6.200559437274933e-05,-8.401123341172934e-05,-9.80868935585022e-06,3.355927765369415e-05,0.10639285628735229,0.1063920527954774,0.10639077469886063,0.10639467683439227,0.10640097587202546,0.10639289069689627,0.10638548830013582,0.10639522476976937,0.5453838992245907,0.5453617341720548,0.5453414404793384,0.5453681329528192,1581.5487555335621,1581.542367543231,1581.53220627987,1581.563229350486,0.0006319735663468726,-0.0006319687936051357,0.0006319612017112321,-0.0006319843803962901,-4.6504195779561995e-07,-6.3008425058797e-07,-9.80868935585022e-09,0.4255745796388269,1.9178334712856293e-08,-1.66367456958319e-07,-1.840594332112519e-08,0.42557036061608255,-4.842202925084763e-07,-4.63716793629651e-07,8.59725396527497e-09,4.2190227443339445e-06,1.0,1.0,1.0,1.0,0.10639285628735229,0.1063920527954774,0.10639077469886063,0.10639467683439227,0.10639285628735229,0.1063920527954774,0.10639077469886063,0.10639467683439227,0.0006319735663468726,-0.0006319687936051357,0.0006319612017112321,-0.0006319843803962901,-0.0017172936475035139,-0.0006144102735391572,1.000220386114395,-0.0003361994744682926,-4.988665881165826e-05,0.00013639188721667497,-0.0017172936350107193,-0.0006144102662801743,0.0002203861076850444,-0.0003361994749866426,-4.9886657507158816e-05,0.00013639188546221703,0.9999983310699463,-1.8403645299258642e-05,4.203851131023839e-05,0.0018122183391824365,0.0006699188961647451,-0.0005436131032183766,5.180771404411644e-05,0.003624429227784276,0.9999934434890747,0.9999983566278837,-1.490295878610789e-05,3.915803097911059e-05,0.0018124530566478877,-4.6832664682805617e-05,False,False
1.75,1.76,175,HOVER,-0.0017238437430933118,-0.0006153372814878821,1.0002229775709566,0.0,0.0,1.0,-0.0013001572229865066,0.004117271400057147,0.20771558612846364,0.0018439078658491997,-0.00032075002673082054,-4.3873325921595097e-05,0.0001240947749465704,0.0006931012030690908,-0.0006680685910396278,4.03064550482668e-05,-7.777102291584015e-05,-6.706861313432455e-05,-9.005889296531677e-06,3.176182508468628e-05,-7.777102291584015e-05,-6.706861313432455e-05,-9.005889296531677e-06,3.176182508468628e-05,0.10639428218562869,0.10639247226134572,0.10638979314486682,0.1063944148714487,0.10640072254771754,0.106394366850313,0.10638535983706404,0.10639323167744782,0.5453832047578498,0.5453657810008885,0.5453410882937422,0.5453626689611495,1581.560091797618,1581.545702418705,1581.5244025974578,1581.5611466822795,0.0006319820361826344,-0.0006319712852323936,0.000631955371280509,-0.0006319828243364052,-5.832826718688011e-07,-5.030145985074342e-07,-9.005889296531677e-09,0.4255736809125424,-9.002905594504909e-08,-2.273910163267355e-07,-1.6702105655550664e-08,0.42557096246328996,-4.93253615923752e-07,-2.7562358218069865e-07,7.696216359018987e-09,2.718449252425703e-06,1.0,1.0,1.0,1.0,0.10639428218562869,0.10639247226134572,0.10638979314486682,0.1063944148714487,0.10639428218562869,0.10639247226134572,0.10638979314486682,0.1063944148714487,0.0006319820361826344,-0.0006319712852323936,0.000631955371280509,-0.0006319828243364052,-0.0017206070768866588,-0.0006148884787227798,1.0002217124685804,-0.0003281795976036254,-4.6534610281155816e-05,0.00013015923247335236,-0.0017206070479005575,-0.0006148885004222393,0.00022171247110236436,-0.0003281795943621546,-4.653460928238928e-05,0.00013015922741033137,0.9999983310699463,-1.490295835537836e-05,3.9158032450359315e-05,0.0018124530324712396,0.0007040584459900856,-0.0005880290409550071,4.5775799662806094e-05,0.0036248990800231695,0.9999934434890747,0.9999983564209176,-1.1411122453136093e-05,3.590934631005527e-05,0.0018126598601950555,-4.695408732162904e-05,False,False
1.76,1.77,176,HOVER,-0.0017270101234316826,-0.0006157635943964124,1.0002241826732643,0.0,0.0,1.0,-0.0009265739928662266,0.0036906623702949452,0.2077364137696504,0.0018471563663132124,-0.00031399267027154565,-4.1883846279233694e-05,0.00011813032324425876,0.0006397893303073943,-0.0007638027891516685,3.537850716384128e-05,-7.865019142627716e-05,-3.378686960786581e-05,-6.666406989097595e-06,2.995133399963379e-05,-7.865019142627716e-05,-3.378686960786581e-05,-6.666406989097595e-06,2.995133399963379e-05,0.10639511494871733,0.10639308521873085,0.10638927784301236,0.10639381312020386,0.10639887627687311,0.10639585374918278,0.10638695041125737,0.10639109522968662,0.5453781433507373,0.5453698572711861,0.5453454488945582,0.5453568119318856,1581.5667124610038,1581.5505756009095,1581.520305766875,1581.5563626098476,0.000631986982795381,-0.0006319749261992613,0.0006319523103874935,-0.000631979249934011,-5.898764356970787e-07,-2.5340152205899356e-07,-6.6664069890975956e-09,0.42557277566699986,-1.8063591562074086e-07,-2.3210582877778232e-07,-1.4882950397803775e-08,0.4255712911306644,-4.0924052007633785e-07,-2.1295693281211238e-08,8.216543408706179e-09,1.4845363354720753e-06,1.0,1.0,1.0,1.0,0.10639511494871733,0.10639308521873085,0.10638927784301236,0.10639381312020386,0.10639511494871733,0.10639308521873085,0.10638927784301236,0.10639381312020386,0.000631986982795381,-0.0006319749261992613,0.0006319523103874935,-0.000631979249934011,-0.0017238437938156689,-0.0006153373057344134,1.000222977565421,-0.00032075003949440614,-4.387332733094594e-05,0.0001240947773357076,-0.0017238437430933118,-0.0006153372814878821,0.0002229775709565729,-0.00032075002673082054,-4.3873325921595097e-05,0.0001240947749465704,0.9999983310699463,-1.1411122613935731e-05,3.590934647945687e-05,0.001812659902498126,0.0006931012030690908,-0.0006680685910396278,4.03064550482668e-05,0.003625313052907586,0.9999934434890747,0.9999983562501782,-8.144256492896978e-06,3.2192393204681976e-05,0.0018128414885149454,-4.707260579981157e-05,False,False
1.77,1.78,177,HOVER,-0.001730113523080945,-0.0006161737255752087,1.0002253284765175,0.0,0.0,1.0,-0.0005984468650837003,0.0032123661130270586,0.20775468961688254,0.001850333965846834,-0.00030800007516518235,-4.0507791709387675e-05,0.00011222148896194994,0.0005547030013985932,-0.0008513664361089468,3.106440999545157e-05,-6.511993706226349e-05,8.532428182661533e-06,-2.6319175958633423e-06,2.903863787651062e-05,-6.511993706226349e-05,8.532428182661533e-06,-2.6319175958633423e-06,2.903863787651062e-05,0.10639526996000157,0.1063938123635542,0.10638940295153208,0.10639299222666,0.10639597009341602,0.10639709664465449,0.10638996802416795,0.10638928455669987,0.5453701762232648,0.5453732646035226,0.5453537217061858,0.5453518479803755,1581.567944835653,1581.5563565942891,1581.521300424054,1581.5498362885412,0.0006319879035624093,-0.000631979245439512,0.0006319530535321006,-0.0006319743738263604,-4.883995279669761e-07,6.39932113699615e-08,-2.6319175958633423e-09,0.4255723193189383,-2.3642402433281945e-07,-1.7843214454409118e-07,-1.2662171362419136e-08,0.42557147750174784,-2.519755036341567e-07,2.424253559140527e-07,1.0030253766555793e-08,8.418171904556182e-07,1.0,1.0,1.0,1.0,0.10639526996000157,0.1063938123635542,0.10638940295153208,0.10639299222666,0.10639526996000157,0.1063938123635542,0.10638940295153208,0.10639299222666,0.0006319879035624093,-0.000631979245439512,0.0006319530535321006,-0.0006319743738263604,-0.0017270101751117612,-0.00061576358285071,1.0002241826670684,-0.0003139926633029676,-4.188384627895821e-05,0.00011813032488436054,-0.0017270101234316826,-0.0006157635943964124,0.00022418267326429486,-0.00031399267027154565,-4.1883846279233694e-05,0.00011813032324425876,0.9999983310699463,-8.14425675343955e-06,3.219239442842081e-05,0.001812841510400176,0.0006397893303073943,-0.0007638027891516685,3.537850716384128e-05,0.00362567650154233,0.9999934434890747,0.9999983561059086,-5.273249786893165e-06,2.8023668829430677e-05,0.001813000923091133,-4.718862455744819e-05,False,False
1.78,1.79,178,HOVER,-0.0017331618582829833,-0.0006165733211673796,1.000226415504585,0.0,0.0,1.0,-0.0003267057595436738,0.002697493422933192,0.20777085372792764,0.0018534499367662417,-0.00030285242246463895,-3.965877476730384e-05,0.00010636344813974574,0.00045390595914795995,-0.0009082378237508237,2.7510208383318968e-05,-4.046596586704254e-05,5.079957190901041e-05,2.7455389499664307e-06,3.0016526579856873e-05,-4.046596586704254e-05,5.079957190901041e-05,2.7455389499664307e-06,3.0016526579856873e-05,0.10639481671876136,0.10639455815280213,0.10639021189672335,0.1063921319460117,0.10639276959133454,0.10639792664530179,0.10639386564628267,0.106388246380371,0.5453614021641733,0.5453755399999041,0.5453644069674434,0.5453490018135133,1581.5643414641333,1581.5622858035795,1581.527731817333,1581.5429968132648,0.0006319852113094424,-0.0006319836754276446,0.0006319578586665367,-0.0006319692637593094,-3.0349474400281906e-07,3.8099678931757805e-07,2.7455389499664306e-09,0.42557280826328997,-2.485820242295947e-07,-7.702494207815352e-08,-9.869210974931125e-09,0.42557171871429855,-5.491271977322437e-08,4.5802173139573157e-07,1.2614749924897556e-08,1.089548991417555e-06,1.0,1.0,1.0,1.0,0.10639481671876136,0.10639455815280213,0.10639021189672335,0.1063921319460117,0.10639481671876136,0.10639455815280213,0.10639021189672335,0.1063921319460117,0.0006319852113094424,-0.0006319836754276446,0.0006319578586665367,-0.0006319692637593094,-0.001730113498863753,-0.0006161737057181876,1.0002253284835796,-0.0003080000746786445,-4.0507790476054076e-05,0.00011222148642437794,-0.001730113523080945,-0.0006161737255752087,0.00022532847651746124,-0.00030800007516518235,-4.0507791709387675e-05,0.00011222148896194994,0.9999983310699463,-5.273249826132087e-06,2.8023669074173085e-05,0.0018130008829757571,0.0005547030013985932,-0.0008513664361089468,3.106440999545157e-05,0.0036259954795241356,0.9999934434890747,0.9999983559759134,-2.893722502411235e-06,2.353486399092015e-05,0.0018131418055201576,-4.7302587040219524e-05,False,False
1.79,1.8,179,HOVER,-0.0017361642094329,-0.0006169670959934592,1.000227444441407,0.0,0.0,1.0,-0.00011202065645786391,0.002171315710976654,0.20778538681746123,0.0018565143504916156,-0.00029859645292162895,-3.923853364540264e-05,0.00010059576015919447,0.00035556976217776537,-0.0009180991328321397,2.489662801963277e-05,-1.0164454579353333e-05,8.415209595113993e-05,8.862465620040894e-06,3.3196061849594116e-05,-1.0164454579353333e-05,8.415209595113993e-05,8.862465620040894e-06,3.3196061849594116e-05,0.10639395241566939,0.10639522346142988,0.10639160483628363,0.10639142365573011,0.1063900486822755,0.10639822844673917,0.10639789633197648,0.10638822456993371,0.545353942830121,0.5453763673689159,0.5453754568978584,0.5453489420199777,1581.557470044244,1581.5675751615836,1581.5388061332335,1581.537365692206,0.0006319800773490761,-0.0006319876273608935,0.0006319661327275247,-0.0006319650565150369,-7.623340934515e-08,6.311407196335494e-07,8.862465620040894e-09,0.42557439803092484,-2.173407996990638e-07,5.134346133190207e-08,-6.473799329508728e-09,0.425572204369113,1.411073903539138e-07,5.797972583016473e-07,1.533626494954962e-08,2.1936618118112428e-06,1.0,1.0,1.0,1.0,0.10639395241566939,0.10639522346142988,0.10639160483628363,0.10639142365573011,0.10639395241566939,0.10639522346142988,0.10639160483628363,0.10639142365573011,0.0006319800773490761,-0.0006319876273608935,0.0006319661327275247,-0.0006319650565150369,-0.001733161912840244,-0.0006165733067182791,1.0002264155066016,-0.0003028524179229012,-3.9658776520813246e-05,0.00010636344703235225,-0.0017331618582829833,-0.0006165733211673796,0.00022641550458502024,-0.00030285242246463895,-3.965877476730384e-05,0.00010636344813974574,0.9999983310699463,-2.893722466978943e-06,2.353486343054101e-05,0.0018131418619304895,0.00045390595914795995,-0.0009082378237508237,2.7510208383318968e-05,0.0036262774374336004,0.9999934434890747,0.9999983558470478,-1.0119214362159534e-06,1.8946501521318094e-05,0.0018132686528409647,-4.741495111570635e-05,False,False
1.8,1.81,180,HOVER,-0.001739129307679832,-0.000617358717136085,1.0002284166548634,0.0,0.0,1.0,5.47217809319337e-05,0.0016640857872809221,0.20779893008666256,0.0018595366903274126,-0.00029523143894039094,-3.91543835576158e-05,9.499835869064555e-05,0.000276313629001379,-0.0008742844802327454,2.339399725315161e-05,1.9585713744163513e-05,0.00010166468564420938,1.4901161193847656e-05,3.869831562042236e-05,1.9585713744163513e-05,0.00010166468564420938,1.4901161193847656e-05,3.869831562042236e-05,0.10639296117338293,0.10639572913056497,0.10639337036850577,0.10639104000640015,0.1063884841075616,0.10639801307276983,0.10640134477784133,0.10638930719963752,0.5453496535448145,0.5453757769352593,0.545384910547187,0.5453519100560353,1581.549589406462,1581.571595342,1581.5528426183246,1581.5343155598387,0.0006319741893698945,-0.0006319906310355559,0.0006319766199889243,-0.0006319627776380169,1.4689285308122634e-07,7.624851423315703e-07,1.4901161193847656e-08,0.42557714915781025,-1.5131689127916015e-07,1.8025107841566912e-07,-2.599314753997002e-09,0.4255731006788538,2.982097443603865e-07,5.822340639159012e-07,1.750047594784466e-08,4.048478956464319e-06,1.0,1.0,1.0,1.0,0.10639296117338293,0.10639572913056497,0.10639337036850577,0.10639104000640015,0.10639296117338293,0.10639572913056497,0.10639337036850577,0.10639104000640015,0.0006319741893698945,-0.0006319906310355559,0.0006319766199889243,-0.0006319627776380169,-0.0017361641805626266,-0.000616967069116168,1.0002274444472004,-0.000298596455467099,-3.923853513531059e-05,0.00010059575972333647,-0.0017361642094329,-0.0006169670959934592,0.0002274444414069876,-0.00029859645292162895,-3.923853364540264e-05,0.00010059576015919447,0.9999983310699463,-1.0119214266524068e-06,1.894650085887406e-05,0.001813268638215959,0.00035556976217776537,-0.0009180991328321397,2.489662801963277e-05,0.003626531222835183,0.9999934434890747,0.9999983557071519,4.5120305913640597e-07,1.4522730732296052e-05,0.001813386853186535,-4.752616709621094e-05,False,False
1.81,1.82,181,HOVER,-0.0017420657677575946,-0.0006177511531859636,1.0002293344732607,0.0,0.0,1.0,0.00019004286711476532,0.0012048288463384462,0.2078121781665556,0.0018625262218506342,-0.0002927046734839678,-3.933457628590986e-05,8.968007750809193e-05,0.00022799961152486503,-0.0007811356917954981,2.3121638150769286e-05,4.2719766497612e-05,9.99026233330369e-05,2.018548548221588e-05,4.612468183040619e-05,4.2719766497612e-05,9.99026233330369e-05,2.018548548221588e-05,4.612468183040619e-05,0.10639215274510214,0.10639603175994063,0.10639522990473915,0.10639109319319727,0.10638850137573638,0.10639739863577913,0.10640362890966082,0.10639133341973894,0.545349700885658,0.545374092494465,0.545391172268948,0.5453574649269308,1581.5431621721298,1581.574001309128,1581.5676263873397,1581.5347384117338,0.0006319693873059067,-0.0006319924286540473,0.0006319876656341505,-0.0006319630935675918,3.2039824873209e-07,7.492696749977767e-07,2.018548548221588e-08,0.42558086234091524,-6.58100482446751e-08,2.833960061781639e-07,1.5307184181214545e-09,0.4255745076029792,3.8620829697676507e-07,4.6587366881961284e-07,1.8654767064094426e-08,6.354737936031807e-06,1.0,1.0,1.0,1.0,0.10639215274510214,0.10639603175994063,0.10639522990473915,0.10639109319319727,0.10639215274510214,0.10639603175994063,0.10639522990473915,0.10639109319319727,0.0006319693873059067,-0.0006319924286540473,0.0006319876656341505,-0.0006319630935675918,-0.0017391292557516517,-0.0006173587133929883,1.0002284166584803,-0.00029523142707241294,-3.9154384588878246e-05,9.499835813703099e-05,-0.001739129307679832,-0.000617358717136085,0.0002284166548633948,-0.00029523143894039094,-3.91543835576158e-05,9.499835869064555e-05,0.9999983310699463,4.51203050033655e-07,1.452273045288166e-05,0.0018133867997676134,0.000276313629001379,-0.0008742844802327454,2.339399725315161e-05,0.0036267677787691355,0.9999934434890747,0.9999983555464325,1.6393668457507366e-06,1.0517106039273061e-05,0.0018135024493575558,-4.763666019309872e-05,False,False
1.82,1.83,182,HOVER,-0.001744981505908072,-0.0006181467324495316,1.0002302014036104,0.0,0.0,1.0,0.0003141269733252148,0.0008154521960511404,0.20782585217802177,0.0018654914969046194,-0.0002909178438130766,-3.973857019445859e-05,8.475992945022881e-05,0.00021558953449130058,-0.0006529715028591454,2.4115555788739584e-05,5.502067506313324e-05,7.960351649671793e-05,2.38809734582901e-05,5.467422306537628e-05,5.502067506313324e-05,7.960351649671793e-05,2.38809734582901e-05,5.467422306537628e-05,0.10639178966738581,0.10639613166479354,0.10639689739370942,0.10639161565996001,0.10639014977498192,0.10639658290095079,0.10640442896373549,0.10639397547186456,0.545354219975371,0.5453718562037067,0.545393365528724,0.5453647080506288,1581.540275596493,1581.574795573256,1581.5808832682671,1581.5388921847612,0.0006319672306242717,-0.0006319930220888737,0.0006319975705186339,-0.0006319661970201624,4.126550629734993e-07,5.970263737253844e-07,2.38809734582901e-08,0.42558513711153273,2.0920313281193315e-08,3.4024701506089883e-07,5.58203386953008e-09,0.4255764343858488,3.9173474969230596e-07,2.567793586644856e-07,1.829893958876002e-08,8.702725683928936e-06,1.0,1.0,1.0,1.0,0.10639178966738581,0.10639613166479354,0.10639689739370942,0.10639161565996001,0.10639178966738581,0.10639613166479354,0.10639689739370942,0.10639161565996001,0.0006319672306242717,-0.0006319930220888737,0.0006319975705186339,-0.0006319661970201624,-0.0017420657723196918,-0.000617751148190847,1.0002293344782738,-0.0002927046684280188,-3.9334576260444446e-05,8.968008054557548e-05,-0.0017420657677575946,-0.0006177511531859636,0.00022933447326067835,-0.0002927046734839678,-3.933457628590986e-05,8.968007750809193e-05,0.9999983310699463,1.6393668147429707e-06,1.0517105692997575e-05,0.0018135024001821876,0.00022799961152486503,-0.0007811356917954981,2.3121638150769286e-05,0.0036269989795982838,0.9999934434890747,0.9999983553576335,2.7283644574732396e-06,7.121122981627108e-06,0.0018136217560225584,-4.774681593650784e-05,False,False
1.83,1.84,183,HOVER,-0.0017478832742199302,-0.0006185476668179035,1.0002310221025255,0.0,0.0,1.0,0.00044652955050390573,0.0005064341403242985,0.20784064628030072,0.0018684400895610592,-0.00028974239830859005,-4.036043901578523e-05,8.034575148485601e-05,0.00023647770285606384,-0.0005109270568937063,2.6311672627343796e-05,5.428306758403778e-05,4.5457505621016026e-05,2.5792047381401062e-05,6.3333660364151e-05,5.428306758403778e-05,4.5457505621016026e-05,2.5792047381401062e-05,6.3333660364151e-05,0.10639203854434867,0.10639607392476755,0.10639813806888161,0.10639254621364866,0.10639316263802184,0.10639581313307339,0.10640374182482859,0.10639674923425832,0.5453624796914742,0.5453697459240695,0.545391481813689,0.5453723121974487,1581.5422542425506,1581.5743365282012,1581.5907468515159,1581.5462903605858,0.0006319687089534311,-0.0006319926791131192,0.0006320049401291567,-0.000631971724509073,4.0712300688028334e-07,3.409312921576202e-07,2.579204738140106e-08,0.4255894668301821,9.092646325323597e-08,3.4037091647043036e-07,9.245460395640621e-09,0.4255787967516465,3.1619654362704737e-07,5.603756871898198e-10,1.654658698576044e-08,1.0670078535612859e-05,1.0,1.0,1.0,1.0,0.10639203854434867,0.10639607392476755,0.10639813806888161,0.10639254621364866,0.10639203854434867,0.10639607392476755,0.10639813806888161,0.10639254621364866,0.0006319687089534311,-0.0006319926791131192,0.0006320049401291567,-0.000631971724509073,-0.0017449815545042763,-0.0006181467462774863,1.0002302014101476,-0.0002909178483228727,-3.973856929038253e-05,8.47599265896933e-05,-0.001744981505908072,-0.0006181467324495316,0.0002302014036104083,-0.0002909178438130766,-3.973857019445859e-05,8.475992945022881e-05,0.9999983310699463,2.7283645067655016e-06,7.121122962416848e-06,0.0018136217258870602,0.00021558953449130058,-0.0006529715028591454,2.4115555788739584e-05,0.003627237631008029,0.9999934434890747,0.9999983551351848,3.888683244431923e-06,4.426532149752638e-06,0.0018137508674241237,-4.785696769983843e-05,False,False
1.84,1.85,184,HOVER,-0.0017507760785520077,-0.0006189562845975161,1.0002318020997336,0.0,0.0,1.0,0.0006021580461834635,0.0002749941465122837,0.20785718769727476,0.0018713780945906198,-0.00028904067585244775,-4.122503014514223e-05,7.651489431736991e-05,0.0002812619204632938,-0.00037838154821656644,2.9554350476246327e-05,4.1058287024497986e-05,5.0157541409134865e-06,2.5780871510505676e-05,7.107295095920563e-05,4.1058287024497986e-05,5.0157541409134865e-06,2.5780871510505676e-05,7.107295095920563e-05,0.10639293349449902,0.10639594045217524,0.10639881321636226,0.10639374517630373,0.10639697570393036,0.10639533760306773,0.10640186264083897,0.10639916052764262,0.5453729330514278,0.5453684422803822,0.5453863302209403,0.5453789226036877,1581.5493693517176,1581.5732753934205,1581.596114376977,1581.555822438396,0.0006319740249573242,-0.0006319918862859209,0.0006320089505051918,-0.0006319788463472442,3.079371526837349e-07,3.761815605685115e-08,2.5780871510505678e-08,0.42559333647547964,1.302635880377767e-07,2.8549154491245426e-07,1.2242829350891764e-08,0.4255814323393402,1.7767356464595816e-07,-2.4787338885560314e-07,1.3538042159613915e-08,1.190413613944008e-05,1.0,1.0,1.0,1.0,0.10639293349449902,0.10639594045217524,0.10639881321636226,0.10639374517630373,0.10639293349449902,0.10639594045217524,0.10639881321636226,0.10639374517630373,0.0006319740249573242,-0.0006319918862859209,0.0006320089505051918,-0.0006319788463472442,-0.0017478832464856524,-0.0006185476829281834,1.0002310220976807,-0.00028974238906181397,-4.036043942704698e-05,8.034575010768012e-05,-0.0017478832742199302,-0.0006185476668179035,0.00023102210252545774,-0.00028974239830859005,-4.036043901578523e-05,8.034575148485601e-05,0.9999983310699463,3.888683295372175e-06,4.426532086654333e-06,0.0018137508304789662,0.00023647770285606384,-0.0005109270568937063,2.6311672627343796e-05,0.003627495840191841,0.9999934434890747,0.9999983548740804,5.250458654978568e-06,2.409304452949824e-06,0.0018138951901411952,-4.796738910460228e-05,False,False
1.85,1.86,185,HOVER,-0.001753664226271212,-0.0006193752051331103,1.0002325474488316,0.0,0.0,1.0,0.000788319485441688,0.00010610426340571786,0.20787597009772288,0.001874311121237662,-0.0002886885486077517,-4.237785469740629e-05,7.329719664994627e-05,0.00033585281926207244,-0.00027595506981015205,3.36138837155886e-05,1.8289312720298767e-05,-3.285182174295187e-05,2.4080276489257812e-05,7.678382098674774e-05,1.8289312720298767e-05,-3.285182174295187e-05,2.4080276489257812e-05,7.678382098674774e-05,0.10639436555644967,0.1063958284007947,0.10639889948957149,0.10639501432566548,0.10640083375834558,0.10639532230373938,0.10639928915620156,0.10640074669220692,0.5453835096322542,0.5453684003379484,0.5453792752293858,0.5453832709479038,1581.5607546160438,1581.5723845614098,1581.596800261422,1581.565912484776,0.000631982531405311,-0.0006319912207007205,0.0006320094629680546,-0.0006319863850944529,1.3716984540224075e-07,-2.4638866307213904e-07,2.4080276489257814e-08,0.4255961919104934,1.3151557932793156e-07,1.8907883171572631e-07,1.4388578192196105e-08,0.42558410777248135,5.654266074309186e-09,-4.3546749478786535e-07,9.691698297061709e-09,1.2084138012069534e-05,1.0,1.0,1.0,1.0,0.10639436555644967,0.1063958284007947,0.10639889948957149,0.10639501432566548,0.10639436555644967,0.1063958284007947,0.10639889948957149,0.10639501432566548,0.000631982531405311,-0.0006319912207007205,0.0006320094629680546,-0.0006319863850944529,-0.0017507761343114319,-0.000618956264600581,1.000231802094031,-0.00028904068401650556,-4.122502902501163e-05,7.651489449962925e-05,-0.0017507760785520077,-0.0006189562845975161,0.00023180209973361343,-0.00028904067585244775,-4.122503014514223e-05,7.651489431736991e-05,0.9999983310699463,5.250458798400359e-06,2.409304443062865e-06,0.0018138951854780316,0.0002812619204632938,-0.00037838154821656644,2.9554350476246327e-05,0.003627784550189972,0.9999934434890747,0.9999983545694353,6.877694392747383e-06,9.384124673643053e-07,0.0018140590505050526,-4.8078294216638475e-05,False,False
1.86,1.87,186,HOVER,-0.0017565502785146236,-0.0006198076298460364,1.000233264217968,0.0,0.0,1.0,0.001003402818433056,-2.3919079681253e-05,0.20789732695058763,0.001877243344468008,-0.00028859401936642826,-4.387100852909498e-05,7.067013211781159e-05,0.0003844949824269861,-0.00021719519281759858,3.822000871878117e-05,-8.957460522651672e-06,-6.0206628404557705e-05,2.1224841475486755e-05,8.011050522327423e-05,-8.957460522651672e-06,-6.0206628404557705e-05,2.1224841475486755e-05,8.011050522327423e-05,0.10639611652064955,0.10639583278521247,0.10639849881284558,0.10639615162065374,0.10640402512945991,0.1063958525881181,0.10639668909966374,0.10640128843536996,0.5453922584623249,0.5453698540881847,0.5453721473417434,0.5453847560893638,1581.5746751742113,1581.572419418457,1581.5936148223175,1581.5749542264223,0.0006319929321326583,-0.0006319912467441621,0.0006320070829483027,-0.0006319931406266832,-6.718095391988753e-08,-4.5154971303418276e-07,2.1224841475486755e-08,0.4255978552526117,9.549836761657549e-08,7.295351356437912e-08,1.562771011567616e-08,0.42558659973936136,-1.6267932153646302e-07,-5.245032265985618e-07,5.5971313598105954e-09,1.1255513250318927e-05,1.0,1.0,1.0,1.0,0.10639611652064955,0.10639583278521247,0.10639849881284558,0.10639615162065374,0.10639611652064955,0.10639583278521247,0.10639849881284558,0.10639615162065374,0.0006319929321326583,-0.0006319912467441621,0.0006320070829483027,-0.0006319931406266832,-0.0017536641912147119,-0.000619375180303443,1.0002325474535827,-0.0002886885350242622,-4.2377855820658194e-05,7.329719747586188e-05,-0.001753664226271212,-0.0006193752051331103,0.00023254744883161038,-0.0002886885486077517,-4.237785469740629e-05,7.329719664994627e-05,0.9999983310699463,6.8776944317505695e-06,9.384124837197305e-07,0.001814059098251164,0.00033585281926207244,-0.00027595506981015205,3.36138837155886e-05,0.003628112142905593,0.9999934434890747,0.9999983542170016,8.756706151386863e-06,-1.9284684995859276e-07,0.0018142454550948784,-4.8189847196435085e-05,False,False
1.87,1.8800000000000001,187,HOVER,-0.0017594367964193225,-0.000620257284026593,1.0002339578932151,0.0,0.0,1.0,0.0012374250292132257,-0.00014207193210711707,0.20792145819879918,0.0018801790432775255,-0.000288708892185241,-4.574804552248679e-05,6.856346590211615e-05,0.00041301760938949883,-0.0002058562240563333,4.310598160373047e-05,-3.530271351337433e-05,-7.123721297830343e-05,1.803971827030182e-05,8.089840412139893e-05,-3.530271351337433e-05,-7.123721297830343e-05,1.803971827030182e-05,8.089840412139893e-05,0.10639790294780678,0.10639602575243651,0.10639780501047894,0.10639697769028432,0.10640597173493892,0.10639689732021797,0.10639467136089535,0.10640070878600853,0.5453975948515579,0.5453727181668946,0.5453666158051358,0.545383167031295,1581.58887760073,1581.573953548228,1581.5880989826826,1581.5815216410272,0.0006320035435099723,-0.0006319923929694729,0.0006320029617622448,-0.0006319980474802888,-2.647703513503075e-07,-5.342790973372757e-07,1.803971827030182e-08,0.42559824920206074,3.0193188383948605e-08,-3.711833683516311e-08,1.606482245538124e-08,0.42558871140100657,-2.949635397342561e-07,-4.971607605021126e-07,1.9748958149205807e-09,9.537801054171346e-06,1.0,1.0,1.0,1.0,0.10639790294780678,0.10639602575243651,0.10639780501047894,0.10639697769028432,0.10639790294780678,0.10639602575243651,0.10639780501047894,0.10639697769028432,0.0006320035435099723,-0.0006319923929694729,0.0006320029617622448,-0.0006319980474802888,-0.0017565503295365957,-0.0006198076258092076,1.0002332642131007,-0.0002885940216428864,-4.387100871793496e-05,7.067013349834184e-05,-0.0017565502785146236,-0.0006198076298460364,0.00023326421796809882,-0.00028859401936642826,-4.387100852909498e-05,7.067013211781159e-05,0.9999983310699463,8.75670593813993e-06,-1.9284685492948483e-07,0.0018142454791814089,0.0003844949824269861,-0.00021719519281759858,3.822000871878117e-05,0.0036284849047660828,0.9999934434890747,0.9999983538141715,1.0800802418894859e-05,-1.2202159191766297e-06,0.001814456061992769,-4.8302179075594935e-05,False,False
1.8800000000000001,1.8900000000000001,188,HOVER,-0.0017623256426304579,-0.000620728125795722,1.0002346330875298,0.0,0.0,1.0,0.0014741890054302453,-0.00027269515745331286,0.20794841693932495,0.0018831218129984298,-0.00028903016936965287,-4.8030946345534176e-05,6.687054701615125e-05,0.000411524495575577,-0.00023524531570728868,4.8050747864181176e-05,-5.568750202655792e-05,-6.381270941346884e-05,1.5202909708023071e-05,7.945112884044647e-05,-5.568750202655792e-05,-6.381270941346884e-05,1.5202909708023071e-05,7.945112884044647e-05,0.10639943571183827,0.1063964399293319,0.10639705794513374,0.10639737553106206,0.10640635876072353,0.10639831062967688,0.10639368372769097,0.10639917244632892,0.5453986558336243,0.5453765926679744,0.54536390824347,0.5453789552778929,1581.6010633020073,1581.5772463383394,1581.5821596819183,1581.5846845473664,0.0006320126481283193,-0.0006319948531802315,0.0006319985241940944,-0.0006320004106545086,-4.176562651991844e-07,-4.785953206010163e-07,1.5202909708023073e-08,0.42559752556442026,-5.0987742668609504e-08,-1.1714414100815612e-07,1.59084876735641e-08,0.42559030911736595,-3.666685225305749e-07,-3.6145117959286016e-07,-7.055779655410265e-10,7.2164470543145676e-06,1.0,1.0,1.0,1.0,0.10639943571183827,0.1063964399293319,0.10639705794513374,0.10639737553106206,0.10639943571183827,0.1063964399293319,0.10639705794513374,0.10639737553106206,0.0006320126481283193,-0.0006319948531802315,0.0006319985241940944,-0.0006320004106545086,-0.0017594367990025693,-0.0006202572782695042,1.000233957893028,-0.0002887088892677055,-4.574804542073152e-05,6.856346283831086e-05,-0.0017594367964193225,-0.000620257284026593,0.00023395789321511984,-0.000288708892185241,-4.574804552248679e-05,6.856346590211615e-05,0.9999983310699463,1.08008025563322e-05,-1.2202159496155218e-06,0.0018144560744985938,0.00041301760938949883,-0.0002058562240563333,4.310598160373047e-05,0.0036289060954004526,0.9999934434890747,0.9999983533606767,1.2869023093405733e-05,-2.3563648380472832e-06,0.0018146913707534646,-4.8415405546064114e-05,False,False
1.8900000000000001,1.9000000000000001,189,HOVER,-0.0017652191454544663,-0.0006212242296896875,1.0002352931915084,0.0,0.0,1.0,0.0016946109360913178,-0.0004321905081777832,0.20797817623104742,0.001886075571392288,-0.0002895919024012983,-5.07115873915609e-05,6.546972872456536e-05,0.00037625947152264416,-0.00028986643883399665,5.29102653672453e-05,-6.60289078950882e-05,-3.9866543374955654e-05,1.3461336493492126e-05,7.672794163227081e-05,-6.60289078950882e-05,-3.9866543374955654e-05,1.3461336493492126e-05,7.672794163227081e-05,0.10640048486296305,0.10639706022864068,0.10639650209806208,0.10639732322124809,0.10640522355550432,0.1063998619203457,0.10639399153903623,0.10639708695592996,0.545395543809347,0.5453808454184698,0.5453647520982373,0.5453732380424416,1581.6094041789293,1581.5821778362185,1581.5777405919935,1581.5842686750582,0.0006320188800860005,-0.0006319985377581256,0.0006319952224624887,-0.0006320000999342136,-4.952168092131615e-07,-2.9899907531216737e-07,1.3461336493492127e-08,0.4255961639708162,-1.3151254943909174e-07,-1.5010875670934398e-07,1.5464856150011752e-08,0.4255913704109139,-3.6370425977406974e-07,-1.488903186028234e-07,-2.003519656519625e-09,4.793559902294131e-06,1.0,1.0,1.0,1.0,0.10640048486296305,0.10639706022864068,0.10639650209806208,0.10639732322124809,0.10640048486296305,0.10639706022864068,0.10639650209806208,0.10639732322124809,0.0006320188800860005,-0.0006319985377581256,0.0006319952224624887,-0.0006320000999342136,-0.0017623256413631626,-0.0006207281298756714,1.0002346330816094,-0.0002890301768363,-4.803094457774203e-05,6.687054793025671e-05,-0.0017623256426304579,-0.000620728125795722,0.00023463308752980083,-0.00028903016936965287,-4.8030946345534176e-05,6.687054701615125e-05,0.9999983310699463,1.2869023521488998e-05,-2.356364802835742e-06,0.001814691349864006,0.000411524495575577,-0.00023524531570728868,4.8050747864181176e-05,0.003629376646131277,0.9999934434890747,0.9999983528584785,1.479509110938198e-05,-3.7447275057288838e-06,0.0018149510771033185,-4.85296401435076e-05,False,False
1.9000000000000001,1.9100000000000001,190,HOVER,-0.001768119866028428,-0.0006217493209987879,1.0002359404461458,0.0,0.0,1.0,0.0018805454778182268,-0.0006255445593148146,0.20801065594947518,0.001889044195601134,-0.00029044877737760544,-5.3749379731016234e-05,6.424880120903254e-05,0.000310186151182279,-0.0003489134833216667,5.763612352893688e-05,-6.488896906375885e-05,-4.722154699265957e-06,1.3165175914764404e-05,7.382035255432129e-05,-6.488896906375885e-05,-4.722154699265957e-06,1.3165175914764404e-05,7.382035255432129e-05,0.10640092688565353,0.10639783135937167,0.10639632768298918,0.10639688987329693,0.10640292335669244,0.10640131431195689,0.10639553991123697,0.10639493259639093,0.5453892380694394,0.5453848270277062,0.5453689968991541,0.545367331971803,1581.6129183048727,1581.5883084607838,1581.576353957582,1581.5808234795766,0.000632021505700782,-0.0006320031182746677,0.0006319941864369557,-0.0006319975258473838,-4.866672679781913e-07,-3.541616024449467e-08,1.3165175914764405e-08,0.4255947101762772,-1.9589105037035037e-07,-1.2931857002601577e-07,1.504801568617299e-08,0.4255919758013113,-2.9077621760784096e-07,9.39024097815211e-08,-1.882839771408586e-09,2.7343749658959027e-06,1.0,1.0,1.0,1.0,0.10640092688565353,0.10639783135937167,0.10639632768298918,0.10639688987329693,0.10640092688565353,0.10639783135937167,0.10639632768298918,0.10639688987329693,0.000632021505700782,-0.0006320031182746677,0.0006319941864369557,-0.0006319975258473838,-0.001765219100893215,-0.000621224216550053,1.000235293190515,-0.00028959190099100746,-5.07115891075876e-05,6.546973098875703e-05,-0.0017652191454544663,-0.0006212242296896875,0.00023529319150839,-0.0002895919024012983,-5.07115873915609e-05,6.546972872456536e-05,0.9999983310699463,1.4795091374253388e-05,-3.744727564480854e-06,0.001814951072447002,0.00037625947152264416,-0.00028986643883399665,5.29102653672453e-05,0.003629896091297269,0.9999933838844299,0.9999983523108688,1.6420737138064962e-05,-5.429107488647942e-06,0.001815234539096172,-4.8645000904731035e-05,False,False
1.9100000000000001,1.92,191,HOVER,-0.0017710312968119979,-0.0006223065429367125,1.0002365761465626,0.0,0.0,1.0,0.002018263073996824,-0.0008453607409150829,0.20804578963436812,0.001892032124672261,-0.0002916556259151548,-5.707524178433232e-05,6.312458572210744e-05,0.0002221213944721967,-0.00039082704461179674,6.226739787962288e-05,-5.279667675495148e-05,3.386812750250101e-05,1.4217570424079895e-05,7.170438766479492e-05,-5.279667675495148e-05,3.386812750250101e-05,1.4217570424079895e-05,7.170438766479492e-05,0.10640076163915611,0.106398661467734,0.10639663219670714,0.10639622436823226,0.10640001527859327,0.1064024108052498,0.10639800758351016,0.10639321852647923,0.5453812658379475,0.5453878329609959,0.5453757618868081,0.5453626329081346,1581.6116045786957,1581.5949079531154,1581.578774901577,1581.5755325844616,0.0006320205241365873,-0.0006320080491183399,0.0006319959952484404,-0.0006319935727472996,-3.959750756621361e-07,2.540109562687576e-07,1.4217570424079895e-08,0.42559365219383244,-2.32160090667035e-07,-5.983278489980412e-08,1.4897519388132156e-08,0.42559227967182955,-1.638149849951011e-07,3.138437411685617e-07,-6.799489640522613e-10,1.3725220028848462e-06,1.0,1.0,1.0,1.0,0.10640076163915611,0.106398661467734,0.10639663219670714,0.10639622436823226,0.10640076163915611,0.106398661467734,0.10639663219670714,0.10639622436823226,0.0006320205241365873,-0.0006320080491183399,0.0006319959952484404,-0.0006319935727472996,-0.0017681199016173629,-0.0006217492974329849,1.0002359404528962,-0.0002904487802535585,-5.374937968676345e-05,6.42487978813339e-05,-0.001768119866028428,-0.0006217493209987879,0.00023594044614583254,-0.00029044877737760544,-5.3749379731016234e-05,6.424880120903254e-05,0.9999983310699463,1.642073766561225e-05,-5.429107659438159e-06,0.0018152345437556505,0.000310186151182279,-0.0003489134833216667,5.763612352893688e-05,0.003630463033914566,0.9999933838844299,0.9999983517213507,1.762603276464001e-05,-7.345175733101532e-06,0.0018155412288112223,-4.876161151748954e-05,False,False
1.92,1.93,192,HOVER,-0.0017739571630954742,-0.0006228983402252197,1.0002372009621467,0.0,0.0,1.0,0.0021009601263446863,-0.0010735811302788683,0.20808359120283534,0.0018950437079910368,-0.00029324699426069856,-6.0601010773098096e-05,6.205991667229682e-05,0.00012484136095736176,-0.00039796228520572186,6.691074668196961e-05,-3.253854811191559e-05,6.759318057447672e-05,1.658126711845398e-05,7.149763405323029e-05,-3.253854811191559e-05,6.759318057447672e-05,1.658126711845398e-05,7.149763405323029e-05,0.10640012073366269,0.10639944784780499,0.10639741381547697,0.10639552731847873,0.10639722599858085,0.10640299967723235,0.10640094413948789,0.10639237900172559,0.5453736192198049,0.5453894472943835,0.5453838122326022,0.5453603313717164,1581.6065093102086,1581.6011597845343,1581.5849889152234,1581.5699908923773,0.0006320167171579564,-0.0006320127202159616,0.0006320006380639333,-0.0006319894322717636,-2.440391108393669e-07,5.069488543085754e-07,1.658126711845398e-08,0.42559354881702666,-2.3431340678576468e-07,4.2907221873590695e-08,1.520273416443646e-08,0.4255925097154234,-9.725704053602206e-09,4.640416324349847e-07,1.3785329540175214e-09,1.0391016032618161e-06,1.0,1.0,1.0,1.0,0.10640012073366269,0.10639944784780499,0.10639741381547697,0.10639552731847873,0.10640012073366269,0.10639944784780499,0.10639741381547697,0.10639552731847873,0.0006320167171579564,-0.0006320127202159616,0.0006320006380639333,-0.0006319894322717636,-0.00177103133245907,-0.0006223065492464557,1.0002365761407117,-0.00029165563638487084,-5.7075242748959875e-05,6.312458267774709e-05,-0.0017710312968119979,-0.0006223065429367125,0.00023657614656258374,-0.0002916556259151548,-5.707524178433232e-05,6.312458572210744e-05,0.9999983310699463,1.7626032786211e-05,-7.345175617956556e-06,0.0018155411817133427,0.0002221213944721967,-0.00039082704461179674,6.226739787962288e-05,0.0036310763098299503,0.9999933838844299,0.9999983510927737,1.8351318528769226e-05,-9.33545443523002e-06,0.0018158710890888669,-4.887960069265468e-05,False,False
1.93,1.94,193,HOVER,-0.0017769011901691556,-0.0006235261098481715,1.0002378155477345,0.0,0.0,1.0,0.002129815846951839,-0.0012854839888713219,0.20812411477136444,0.0018980829497235402,-0.0002952211943920702,-6.423217564588413e-05,6.10698334639892e-05,3.241653030272573e-05,-0.00036034590448252857,7.171218749135733e-05,-8.450821042060852e-06,8.919986430555582e-05,1.9622966647148132e-05,7.36340880393982e-05,-8.450821042060852e-06,8.919986430555582e-05,1.9622966647148132e-05,7.36340880393982e-05,0.10639922834086601,0.10640009303501088,0.10639856463731244,0.10639500567839544,0.10639519773766569,0.10640300713786915,0.10640376254921347,0.10639264961927146,0.5453680588454715,0.5453894677469535,0.5453915386273427,0.5453610732636386,1581.5994146750852,1581.606289102704,1581.5941381367882,1581.565843736995,0.0006320114163447441,-0.0006320165526279647,0.0006320074739456359,-0.0006319863337296689,-6.338115781545638e-08,6.689989822916686e-07,1.9622966647148133e-08,0.42559461704401974,-2.0332873227517714e-07,1.5639825400254673e-07,1.600393274641624e-08,0.42559289169158476,1.3994757445972075e-07,5.126007282891219e-07,3.6190339007318928e-09,1.725352434978067e-06,1.0,1.0,1.0,1.0,0.10639922834086601,0.10640009303501088,0.10639856463731244,0.10639500567839544,0.10639922834086601,0.10640009303501088,0.10639856463731244,0.10639500567839544,0.0006320114163447441,-0.0006320165526279647,0.0006320074739456359,-0.0006319863337296689,-0.0017739571237884214,-0.0006228983342125197,1.0002372009569918,-0.00029324698010599223,-6.060101214976008e-05,6.205991470796903e-05,-0.0017739571630954742,-0.0006228983402252197,0.00023720096214674413,-0.00029324699426069856,-6.0601010773098096e-05,6.205991667229682e-05,0.9999983310699463,1.8351318431086838e-05,-9.335454706160817e-06,0.0018158711027354002,0.00012484136095736176,-0.00039796228520572186,6.691074668196961e-05,0.0036317359190434217,0.9999933838844299,0.9999983504267975,1.8606492992811993e-05,-1.1184189083593673e-05,0.001816224764841006,-4.8999101832191486e-05,False,False
1.94,1.95,194,HOVER,-0.0017798669869080186,-0.000624190317466855,1.0002384209947195,0.0,0.0,1.0,0.0021134425279560874,-0.001455066969999621,0.20816752110148617,0.0019011534957039723,-0.0002975325915031135,-6.788135942770168e-05,6.021677836542949e-05,-4.259084744262509e-05,-0.00027771657914854586,7.681349234189838e-05,1.467578113079071e-05,9.43370396271348e-05,2.2666528820991516e-05,7.820501923561096e-05,1.467578113079071e-05,9.43370396271348e-05,2.2666528820991516e-05,7.820501923561096e-05,0.10639835279319448,0.10640052868374777,0.10639990534805496,0.1063948318870038,0.1063943982725869,0.10640249636563956,0.1064059609391935,0.10639404693219792,0.5453658671438956,0.5453880675163738,0.5453975652563765,0.5453649039567059,1581.5924539436553,1581.6097525588777,1581.6047969691188,1581.5644620552034,0.0006320062155915753,-0.0006320191403814618,0.0006320154377674465,-0.0006319853014088026,1.1006835848093033e-07,7.075277972035109e-07,2.2666528820991517e-08,0.42559690250961785,-1.4651967179118985e-07,2.563008259758026e-07,1.721156875735593e-08,0.425593618712001,2.565880302721202e-07,4.512269712277083e-07,5.4549600636355856e-09,3.2837976168265115e-06,1.0,1.0,1.0,1.0,0.10639835279319448,0.10640052868374777,0.10639990534805496,0.1063948318870038,0.10639835279319448,0.10640052868374777,0.10639990534805496,0.1063948318870038,0.0006320062155915753,-0.0006320191403814618,0.0006320154377674465,-0.0006319853014088026,-0.0017769011441213947,-0.0006235260839220669,1.0002378155466676,-0.0002952211833305546,-6.423217667975408e-05,6.106983308764468e-05,-0.0017769011901691556,-0.0006235261098481715,0.00023781554773449898,-0.0002952211943920702,-6.423217564588413e-05,6.10698334639892e-05,0.9999983310699463,1.8606493540573865e-05,-1.1184189133928157e-05,0.0018162247724831104,3.241653030272573e-05,-0.00036034590448252857,7.171218749135733e-05,0.0036324430257081985,0.9999933838844299,0.9999983497235809,1.8466303081853698e-05,-1.2664329553123356e-05,0.0018166036235938228,-4.912025076173589e-05,False,False
1.95,1.96,195,HOVER,-0.0017828574636951089,-0.0006248907884582877,1.0002390192239545,0.0,0.0,1.0,0.0020659156438040823,-0.0015606291515997952,0.20821403735672805,0.0019042582342668765,-0.00030009320471435785,-7.147987344069406e-05,5.9595575294224545e-05,-9.15087221073918e-05,-0.00015946061466820538,8.231418178183958e-05,3.2318755984306335e-05,8.192809764295816e-05,2.4996697902679443e-05,8.465349674224854e-05,3.2318755984306335e-05,8.192809764295816e-05,2.4996697902679443e-05,8.465349674224854e-05,0.10639774953246567,0.1064007248008141,0.10640121723732546,0.10639510683438715,0.10639502482419241,0.1064016105953906,0.10640714264914322,0.10639634867964495,0.5453675848105061,0.5453856392617954,0.5454008047607225,0.5453712140983443,1581.587657923155,1581.6113117101106,1581.615226628228,1581.5666479502356,0.0006320026322228461,-0.0006320203053168358,0.0006320232303897132,-0.0006319869345962596,2.423906698822975e-07,6.144607323221862e-07,2.4996697902679443e-08,0.42560012674837117,-7.602249770715178e-08,3.2122390834212963e-07,1.862269946389071e-08,0.42559479840499237,3.184131675894493e-07,2.932368239800566e-07,6.373998438788733e-09,5.328343378796507e-06,1.0,1.0,1.0,1.0,0.10639774953246567,0.1064007248008141,0.10640121723732546,0.10639510683438715,0.10639774953246567,0.1064007248008141,0.10640121723732546,0.10639510683438715,0.0006320026322228461,-0.0006320203053168358,0.0006320232303897132,-0.0006319869345962596,-0.001779866984152203,-0.0006241903172783314,1.0002384209953772,-0.00029753259767298845,-6.788135972134964e-05,6.0216780056556344e-05,-0.0017798669869080186,-0.000624190317466855,0.0002384209947194904,-0.0002975325915031135,-6.788135942770168e-05,6.021677836542949e-05,0.9999983310699463,1.8466302208253182e-05,-1.2664329915423878e-05,0.0018166035879403353,-4.259084744262509e-05,-0.00027771657914854586,7.681349234189838e-05,0.003633200889453292,0.9999933838844299,0.9999983489814769,1.8053232353826014e-05,-1.3586278507185601e-05,0.0018170095801862199,-4.924317879533245e-05,False,False
1.96,1.97,196,HOVER,-0.0017858744831755757,-0.0006256267079152167,1.0002396131894784,0.0,0.0,1.0,0.0020038109702244953,-0.0015894119219344485,0.20826391700010585,0.001907398995461221,-0.0003027833008673042,-7.498518971260637e-05,5.931302803219296e-05,-0.00011109460319858044,-2.2575210095965303e-05,8.824202086543664e-05,4.131905734539032e-05,5.4703676141798496e-05,2.60230153799057e-05,9.219907224178314e-05,4.131905734539032e-05,5.4703676141798496e-05,2.60230153799057e-05,9.219907224178314e-05,0.10639760962384923,0.1064007002699824,0.10640229493273208,0.10639584332274811,0.10639697770549847,0.10640058947268567,0.1064071625520721,0.10639916980586472,0.5453729385386148,0.5453828399439299,0.5454008593219263,0.5453789480392537,1581.5865456258402,1581.6111166874741,1581.6237943926626,1581.57250319409,0.0006320018011656644,-0.0006320201596036955,0.0006320296319004286,-0.0006319913093371238,3.098929300904274e-07,4.102775710634887e-07,2.60230153799057e-08,0.42560389953612093,-6.068273915044858e-09,3.373664650215165e-07,1.9964125273731412e-08,0.42559644814931186,3.1596120400547226e-07,7.29111060419722e-08,6.058890106174289e-09,7.451386809076421e-06,1.0,1.0,1.0,1.0,0.10639760962384923,0.1064007002699824,0.10640229493273208,0.10639584332274811,0.10639760962384923,0.1064007002699824,0.10640229493273208,0.10639584332274811,0.0006320018011656644,-0.0006320201596036955,0.0006320296319004286,-0.0006319913093371238,-0.0017828575186653285,-0.0006248907836926905,1.0002390192228747,-0.00030009319528077,-7.14798763288757e-05,5.959557360325165e-05,-0.0017828574636951089,-0.0006248907884582877,0.00023901922395452857,-0.00030009320471435785,-7.147987344069406e-05,5.9595575294224545e-05,0.9999983310699463,1.805323154258076e-05,-1.3586278328148182e-05,0.0018170095281675458,-9.15087221073918e-05,-0.00015946061466820538,8.231418178183958e-05,0.003634012769907713,0.9999933838844299,0.99999834819682,1.751172969329938e-05,-1.3838432116997405e-05,0.0018174447636346177,-4.936799988751901e-05,False,False
1.97,1.98,197,HOVER,-0.0017889185110107064,-0.0006263970280997455,1.000240206849412,0.0,0.0,1.0,0.0019428694203026716,-0.0015402874432952026,0.20831734648987776,0.0019105763544944821,-0.00030546903144568205,-7.838298915885389e-05,5.946373494225554e-05,-0.00010397111327620223,0.00011204690235899761,9.453677193960175e-05,4.009716212749481e-05,1.872482243925333e-05,2.53189355134964e-05,9.961612522602081e-05,4.009716212749481e-05,1.872482243925333e-05,2.53189355134964e-05,9.961612522602081e-05,0.10639801538800953,0.1064005194869768,0.10640298234468677,0.10639695386672293,0.10639984809068757,0.10639970295354469,0.10640608716414703,0.1064019698542338,0.5453808075055493,0.5453804096233976,0.545397911286202,0.5453866241363409,1581.5897715187823,1581.6096794435634,1581.6292593590658,1581.5813322392817,0.0006320042114047765,-0.0006320190857526422,0.0006320337151274394,-0.0006319979059683342,3.0072871595621106e-07,1.4043616829439996e-07,2.53189355134964e-08,0.42560760806261305,4.95442492483289e-08,3.016692573997934e-07,2.0934811239474264e-08,0.42559847108639604,2.5118446670788217e-07,-1.6123308910539343e-07,4.3841242740221345e-09,9.136976217016812e-06,1.0,1.0,1.0,1.0,0.10639801538800953,0.1064005194869768,0.10640298234468677,0.10639695386672293,0.10639801538800953,0.1064005194869768,0.10640298234468677,0.10639695386672293,0.0006320042114047765,-0.0006320190857526422,0.0006320337151274394,-0.0006319979059683342,-0.0017858745404835154,-0.0006256266986985024,1.0002396131853635,-0.0003027832921646835,-7.498519081120264e-05,5.931302637007066e-05,-0.0017858744831755757,-0.0006256267079152167,0.00023961318947840482,-0.0003027833008673042,-7.498518971260637e-05,5.931302803219296e-05,0.9999983310699463,1.751172931108158e-05,-1.383843209623592e-05,0.0018174448050558567,-0.00011109460319858044,-2.2575210095965303e-05,8.824202086543664e-05,0.003634883090853691,0.9999933838844299,0.9999983473642003,1.6979142847026093e-05,-1.3410699231148065e-05,0.001817911089721301,-4.9494794150891855e-05,False,False
1.98,1.99,198,HOVER,-0.0017919887322932482,-0.0006272007012739778,1.0002408049622318,0.0,0.0,1.0,0.0018949478308077912,-0.0014239347676779902,0.20837449880562964,0.0019137897915340598,-0.0003080227179452777,-8.16836254671216e-05,6.010794095345773e-05,-7.787701179040596e-05,0.00022410342353396118,0.00010105246474267915,2.9539689421653748e-05,-1.850572880357504e-05,2.2897496819496155e-05,0.00010577589273452759,2.9539689421653748e-05,-1.850572880357504e-05,2.2897496819496155e-05,0.00010577589273452759,0.1063989280966564,0.10640027310230515,0.10640320684832665,0.10639827756311959,0.10640305051621242,0.10639916026971728,0.10640422085569341,0.10640425630474422,0.5453895866642172,0.5453789218966056,0.5453927950240124,0.5453928922036081,1581.5970276918329,1581.6077206583398,1581.631044174241,1581.591855852816,0.000632009632894139,-0.0006320176222276926,0.0006320350486790602,-0.0006320057687249303,2.215476706624031e-07,-1.3879296602681277e-07,2.2897496819496157e-08,0.4256106879463673,8.07229773962248e-08,2.2182755320728637e-07,2.1290620576329237e-08,0.42560068561040776,1.408246932661783e-07,-3.6062051923409914e-07,1.6068762431669192e-09,1.0002335959546915e-05,1.0,1.0,1.0,1.0,0.1063989280966564,0.10640027310230515,0.10640320684832665,0.10639827756311959,0.1063989280966564,0.10640027310230515,0.10640320684832665,0.10639827756311959,0.000632009632894139,-0.0006320176222276926,0.0006320350486790602,-0.0006320057687249303,-0.0017889185446872623,-0.0006263970224172512,1.0002402068545182,-0.0003054690178729029,-7.83829861835148e-05,5.946373651701966e-05,-0.0017889185110107064,-0.0006263970280997455,0.00024020684941206127,-0.00030546903144568205,-7.838298915885389e-05,5.946373494225554e-05,0.9999983310699463,1.697914194664918e-05,-1.3410699466476217e-05,0.0018179110484197736,-0.00010397111327620223,0.00011204690235899761,9.453677193960175e-05,0.0036358158104121685,0.9999933838844299,0.9999983464775551,1.6559107773977048e-05,-1.239608463342837e-05,0.0018184098242371382,-4.962359323905581e-05,False,False
1.99,2.0,199,HOVER,-0.001795083051547408,-0.0006280369707383215,1.0002414125337964,0.0,0.0,1.0,0.0018659117910829158,-0.0012605538785057744,0.20843540019270018,0.001917037717427833,-0.0003103419439867139,-8.49139760248363e-05,6.125561048975214e-05,-4.3830397771671414e-05,0.0002980981080327183,0.00010757753625512123,1.2254342436790466e-05,-4.9209571443498135e-05,1.893751323223114e-05,0.00010966137051582336,1.2254342436790466e-05,-4.9209571443498135e-05,1.893751323223114e-05,0.00010966137051582336,0.1064001945193946,0.10640006063417749,0.1064029871479914,0.10639960856170302,0.10640591457047174,0.10639910099039596,0.10640199483892762,0.10640562028546266,0.5453974381423282,0.545378759386679,0.5453866926295077,0.545396631396433,1581.6070959152792,1581.6060315122872,1581.62929754559,1581.602437480786,0.0006320171554452039,-0.0006320163601670143,0.000632033743659069,-0.000632013674856516,9.19075682759285e-08,-3.69071785826236e-07,1.893751323223114e-08,0.42561263068525795,8.275036170526939e-08,1.147164063750386e-07,2.0864080742602487e-08,0.4256028508632665,9.157206570659106e-09,-4.837881922012746e-07,-1.9265675103713468e-09,9.779821991462434e-06,1.0,1.0,1.0,1.0,0.1064001945193946,0.10640006063417749,0.1064029871479914,0.10639960856170302,0.1064001945193946,0.10640006063417749,0.1064029871479914,0.10639960856170302,0.0006320171554452039,-0.0006320163601670143,0.000632033743659069,-0.000632013674856516,-0.0017919887085608393,-0.0006272007248078909,1.0002408049571443,-0.0003080227188171672,-8.168362767751417e-05,6.0107942416587726e-05,-0.0017919887322932482,-0.0006272007012739778,0.0002408049622317776,-0.0003080227179452777,-8.16836254671216e-05,6.010794095345773e-05,0.9999983310699463,1.6559108189539984e-05,-1.2396084457577672e-05,0.0018184097716584802,-7.787701179040596e-05,0.00022410342353396118,0.00010105246474267915,0.0036368132568895817,0.9999933838844299,0.9999983455319505,1.6303134493549923e-05,-1.0970771325505924e-05,0.0018189412337670458,-4.9754373399700135e-05,False,True
