key,label,condition,configuration,allocator_mode,gain,completed,actual_duration_sec,end_reason,kind,start_s,end_s,applied,fully_observed,recovery_s__xy,recovery_s__z,recovery_s__3d,before_event__e_true_before,before_event__velocity,before_event__xi_before,before_event__position,before_event__quaternion,before_event__omega,before_event__target_before,before_event__target_after,before_event__p_cmd_before,before_event__p_cmd_after,before_event__effectiveness_before,before_event__effectiveness_after,before_event__position_band_3d,before_event__speed_band_3d,before_event__attitude_deg,motion_command_metrics,observed_metrics__mean_error_xy_m,observed_metrics__offset_xy_m,observed_metrics__rmse_xy_m,observed_metrics__sway_xy_rms_m,observed_metrics__max_xy_error_m,observed_metrics__mean_error_z_m,observed_metrics__offset_z_abs_m,observed_metrics__rmse_z_m,observed_metrics__sway_z_rms_m,observed_metrics__max_abs_z_error_m,observed_metrics__rmse_3d_m,observed_metrics__xy_bias_variance_residual_m2,observed_metrics__z_bias_variance_residual_m2,observed_metrics__sample_count,observed_metrics__first_sample_s,observed_metrics__last_sample_s,observed_metrics__actual_velocity_xy_rms_m_s,observed_metrics__actual_velocity_z_rms_m_s,observed_metrics__velocity_error_xy_rms_m_s,observed_metrics__velocity_error_z_rms_m_s,observed_metrics__max_tilt_deg,observed_metrics__max_angular_speed_rad_s,observed_metrics__yaw_error_mean_rad,observed_metrics__yaw_error_max_abs_rad,observed_metrics__yaw_error_mean_deg,observed_metrics__yaw_error_max_abs_deg,observed_metrics__integral__integral_frozen__duration_s_per_channel,observed_metrics__integral__integral_frozen__longest_continuous_s_per_channel,observed_metrics__integral__integral_frozen__duration_any_s,observed_metrics__integral__interval_allocator_clipping__duration_s_per_channel,observed_metrics__integral__interval_allocator_clipping__longest_continuous_s_per_channel,observed_metrics__integral__interval_allocator_clipping__duration_any_s,observed_metrics__integral__interval_esc_boundary__duration_s_per_channel,observed_metrics__integral__interval_esc_boundary__longest_continuous_s_per_channel,observed_metrics__integral__interval_esc_boundary__duration_any_s,observed_metrics__integral__interval_action_boundary__duration_s_per_channel,observed_metrics__integral__interval_action_boundary__longest_continuous_s_per_channel,observed_metrics__integral__interval_action_boundary__duration_any_s,observed_metrics__integral__integral_xy_at_limit__duration_s_per_channel,observed_metrics__integral__integral_xy_at_limit__longest_continuous_s_per_channel,observed_metrics__integral__integral_xy_at_limit__duration_any_s,observed_metrics__integral__integral_z_at_limit__duration_s_per_channel,observed_metrics__integral__integral_z_at_limit__longest_continuous_s_per_channel,observed_metrics__integral__integral_z_at_limit__duration_any_s,observed_metrics__integral__integral_xy_projected__duration_s_per_channel,observed_metrics__integral__integral_xy_projected__longest_continuous_s_per_channel,observed_metrics__integral__integral_xy_projected__duration_any_s,observed_metrics__integral__integral_z_projected__duration_s_per_channel,observed_metrics__integral__integral_z_projected__longest_continuous_s_per_channel,observed_metrics__integral__integral_z_projected__duration_any_s,observed_metrics__integral__xi_final_m,observed_metrics__integral__xi_max_xy_norm_m,observed_metrics__integral__xi_max_abs_z_m,observed_metrics__motors__sampling,observed_metrics__motors__physics_dt,observed_metrics__motors__allocator_clipped__duration_s_per_channel,observed_metrics__motors__allocator_clipped__longest_continuous_s_per_channel,observed_metrics__motors__allocator_clipped__duration_any_s,observed_metrics__motors__allocator_lower__duration_s_per_channel,observed_metrics__motors__allocator_lower__longest_continuous_s_per_channel,observed_metrics__motors__allocator_lower__duration_any_s,observed_metrics__motors__allocator_upper__duration_s_per_channel,observed_metrics__motors__allocator_upper__longest_continuous_s_per_channel,observed_metrics__motors__allocator_upper__duration_any_s,observed_metrics__motors__esc_lower__duration_s_per_channel,observed_metrics__motors__esc_lower__longest_continuous_s_per_channel,observed_metrics__motors__esc_lower__duration_any_s,observed_metrics__motors__esc_upper__duration_s_per_channel,observed_metrics__motors__esc_upper__longest_continuous_s_per_channel,observed_metrics__motors__esc_upper__duration_any_s,observed_metrics__motors__actual_effective_upper__duration_s_per_channel,observed_metrics__motors__actual_effective_upper__longest_continuous_s_per_channel,observed_metrics__motors__actual_effective_upper__duration_any_s,observed_metrics__motors__policy_action_at_bound__duration_s_per_channel,observed_metrics__motors__policy_action_at_bound__longest_continuous_s_per_channel,observed_metrics__motors__policy_action_at_bound__duration_any_s,observed_metrics__motors__policy_action_clipped__duration_s_per_channel,observed_metrics__motors__policy_action_clipped__longest_continuous_s_per_channel,observed_metrics__motors__policy_action_clipped__duration_any_s,observed_metrics__motors__allocator_lower_margin_n_minimum_per_motor,observed_metrics__motors__allocator_upper_margin_n_minimum_per_motor,observed_metrics__motors__esc_lower_margin_minimum_per_motor,observed_metrics__motors__esc_upper_margin_minimum_per_motor,observed_metrics__motors__effective_max_margin_n_minimum_per_motor,observed_metrics__motors__nominal_max_thrust_n_minimum_per_motor,observed_metrics__motors__nominal_max_thrust_n_maximum_per_motor,observed_metrics__motors__effective_max_thrust_n_minimum_per_motor,observed_metrics__motors__effective_max_thrust_n_maximum_per_motor,observed_metrics__motors__thrust_lag_rms_n_per_motor,observed_metrics__roll_pitch_rms_deg,observed_metrics__roll_pitch_max_abs_deg,observed_metrics__wrench_diagnostics__sample_count,observed_metrics__wrench_diagnostics__moment_reference,observed_metrics__wrench_diagnostics__allocation_residual_xml__moment_rms_xyz_nm,observed_metrics__wrench_diagnostics__allocation_residual_xml__moment_norm_rms_nm,observed_metrics__wrench_diagnostics__allocation_residual_xml__moment_norm_max_nm,observed_metrics__wrench_diagnostics__allocation_residual_xml__force_rms_n,observed_metrics__wrench_diagnostics__allocation_residual_xml__force_max_abs_n,observed_metrics__wrench_diagnostics__actuator_response_residual_xml__moment_rms_xyz_nm,observed_metrics__wrench_diagnostics__actuator_response_residual_xml__moment_norm_rms_nm,observed_metrics__wrench_diagnostics__actuator_response_residual_xml__moment_norm_max_nm,observed_metrics__wrench_diagnostics__actuator_response_residual_xml__force_rms_n,observed_metrics__wrench_diagnostics__actuator_response_residual_xml__force_max_abs_n,observed_metrics__wrench_diagnostics__total_rotor_residual_xml__moment_rms_xyz_nm,observed_metrics__wrench_diagnostics__total_rotor_residual_xml__moment_norm_rms_nm,observed_metrics__wrench_diagnostics__total_rotor_residual_xml__moment_norm_max_nm,observed_metrics__wrench_diagnostics__total_rotor_residual_xml__force_rms_n,observed_metrics__wrench_diagnostics__total_rotor_residual_xml__force_max_abs_n,observed_metrics__wrench_diagnostics__allocation_residual_b0__moment_rms_xyz_nm,observed_metrics__wrench_diagnostics__allocation_residual_b0__moment_norm_rms_nm,observed_metrics__wrench_diagnostics__allocation_residual_b0__moment_norm_max_nm,observed_metrics__wrench_diagnostics__allocation_residual_b0__force_rms_n,observed_metrics__wrench_diagnostics__allocation_residual_b0__force_max_abs_n,observed_metrics__wrench_diagnostics__geometry_wrench_difference__moment_rms_xyz_nm,observed_metrics__wrench_diagnostics__geometry_wrench_difference__moment_norm_rms_nm,observed_metrics__wrench_diagnostics__geometry_wrench_difference__moment_norm_max_nm,observed_metrics__wrench_diagnostics__geometry_wrench_difference__force_rms_n,observed_metrics__wrench_diagnostics__geometry_wrench_difference__force_max_abs_n,observed_metrics_partial
combined_motor2_70-A_best-existing_no_integral,A_best,combined_motor2_70,existing_no_integral,existing,no_integral,False,5.41,max_tilt,fault,5.0,60.0,True,False,,,,"[-0.0002106858438207015, -0.0617678485210194, 0.005951985059769793]","[-0.0023195498937618342, -0.006806801169231275, 0.0007511036933678538]","[0.0, 0.0, 0.0]","[-0.0002106858438207015, -0.0617678485210194, 1.0059519850597698]","[0.999958797222303, 0.004107229252740316, -0.0019924694832988174, -0.007846310658457627]","[-0.03609424804096917, 0.012839557160281937, 0.0026393132669937916]","[0.0, 0.0, 1.0]","[0.0, 0.0, 1.0]","[0.0, 0.0, 1.0]","[0.0, 0.0, 1.0]","[1.0, 1.0, 1.0, 1.0]","[1.0, 0.7, 1.0, 1.0]",False,True,"[0.47243486595877043, -0.22461845638353825, -0.9000656229323581]",,"[-0.03840500732994607, -0.10780215889361673]",0.11443884851805265,0.1326415813427025,0.06706369398530751,0.2811446741283819,0.0015403578100688796,0.0015403578100688796,0.0026589578039267945,0.002167338095457884,0.005920171436571753,0.13266822964710062,-6.938893903907228e-18,-8.470329472543003e-22,41,5.01,5.41,0.7730385801641401,0.037384025758919005,1.2868296514498692,0.034672801764792614,60.00097131766869,7.25478954226372,0.06039962434271043,0.23227316169175882,3.4606435590129365,13.308271859097532,[0.0],[0.0],0.0,[0.38],[0.38],0.38,[0.0],[0.0],0.0,[0.25],[0.25],0.25,[0.0],[0.0],0.0,[0.0],[0.0],0.0,[0.0],[0.0],0.0,[0.0],[0.0],0.0,"[0.0, 0.0, 0.0]",0.0,0.0,every physics interval; dwell = interval count * physics_dt,0.002,"[0.0, 0.38, 0.0, 0.0]","[0.0, 0.38, 0.0, 0.0]",0.38,"[0.0, 0.0, 0.0, 0.0]","[0.0, 0.0, 0.0, 0.0]",0.0,"[0.0, 0.38, 0.0, 0.0]","[0.0, 0.38, 0.0, 0.0]",0.38,"[0.0, 0.0, 0.0, 0.0]","[0.0, 0.0, 0.0, 0.0]",0.0,"[0.0, 0.0, 0.0, 0.0]","[0.0, 0.0, 0.0, 0.0]",0.0,"[0.0, 0.0, 0.0, 0.0]","[0.0, 0.0, 0.0, 0.0]",0.0,"[0.25, 0.0, 0.03, 0.0]","[0.25, 0.0, 0.03, 0.0]",0.25,"[0.0, 0.0, 0.0, 0.0]","[0.0, 0.0, 0.0, 0.0]",0.0,"[0.12515590689767067, 0.12919187669685692, 0.10830723239868009, 0.0957403633617979]","[0.04371774204251824, 0.0, 0.04985229785471712, 0.06691605959349384]","[0.5955953417570511, 0.6061263052262682, 0.550595995965153, 0.5156935298256747]","[0.32504537787166343, 0.21814922562016836, 0.34039026731332755, 0.38379618915850433]","[0.04548407827803885, 1.9582584354749244e-05, 0.053774619756519204, 0.07033133619210707]","[0.2, 0.2, 0.2, 0.2]","[0.2, 0.2, 0.2, 0.2]","[0.2, 0.13999999999999999, 0.2, 0.2]","[0.2, 0.13999999999999999, 0.2, 0.2]","[0.005118959740057153, 0.016257026932143353, 0.0058110413144079, 0.005649153222027512]","[25.138631695668966, 14.382574642815984]","[57.39376223042432, 21.897389826948828]",205,"body origin, body frame; no gravity/external torque","[0.005741271456276035, 0.005741402693693679, 0.0009646183993621478]",0.008176575779762026,0.01001212644743332,0.16239366992628737,0.1988471189826646,"[0.0004965938579772693, 0.000520337770872932, 5.5247586999530826e-05]",0.0007213938947946754,0.0025173293265482815,0.019628190577280557,0.029055256570654442,"[0.005766041091512135, 0.0058512950846055485, 0.000962753428380622]",0.008271141287633416,0.009856377289043762,0.1756221264944001,0.21718855353516697,"[0.005741428200243958, 0.0057414282002439115, 0.0009646183993621482]",0.008176703749892166,0.010012175869778844,0.16239366992628737,0.1988471189826646,"[1.9293499555462683e-07, 6.462468240797675e-08, 1.4761318159668554e-19]",2.0347054353393687e-07,3.25889089910683e-07,0.0,0.0,True
combined_motor2_70-A_best-existing_integral_020,A_best,combined_motor2_70,existing_integral_020,existing,integral_020,False,5.41,max_tilt,fault,5.0,60.0,True,False,,,,"[-0.00027978918596513805, -0.02482111999967938, 0.004820166229031919]","[-0.0012413606766270128, 0.0009386770876165628, -0.0009223858751313414]","[0.0005317849180558472, 0.04036298771930876, -0.003446314771563318]","[-0.00027978918596513805, -0.02482111999967938, 1.004820166229032]","[0.9999492420426432, 0.004519482730486505, -0.002070530755099048, -0.008763590393458665]","[-0.029513457576119916, 0.009763163859519548, 0.0027454999996100304]","[0.0, 0.0, 1.0]","[0.0, 0.0, 1.0]","[0.0005317849180558472, 0.04036298771930876, 0.9965536852284367]","[0.0005317849180558472, 0.04036298771930876, 0.9965536852284367]","[1.0, 1.0, 1.0, 1.0]","[1.0, 0.7, 1.0, 1.0]",False,True,"[0.51995900683013, -0.23271532808723858, -1.005314704109987]",,"[-0.03842001781763686, -0.0696134452192283]",0.07951182002946501,0.1038155448454031,0.06674981518438734,0.24769594093147768,-2.18825175811001e-05,2.18825175811001e-05,0.0023717305539049955,0.002371629603405812,0.004771649133852307,0.1038426331396129,2.6020852139652106e-18,2.541098841762901e-21,41,5.01,5.41,0.772487643528862,0.03917016763832736,1.1832061331137564,0.03949900195270051,60.37586355525606,7.292741725982474,0.05842939510948383,0.23066303537239483,3.347757739275756,13.216018416515043,[0.38],[0.38],0.38,[0.38],[0.38],0.38,[0.0],[0.0],0.0,[0.25],[0.25],0.25,[0.0],[0.0],0.0,[0.0],[0.0],0.0,[0.0],[0.0],0.0,[0.0],[0.0],0.0,"[0.0005335795330690643, 0.040511910134057916, -0.003474815825310157]",0.040515423851023635,0.003474815825310157,every physics interval; dwell = interval count * physics_dt,0.002,"[0.0, 0.38, 0.0, 0.0]","[0.0, 0.38, 0.0, 0.0]",0.38,"[0.0, 0.0, 0.0, 0.0]","[0.0, 0.0, 0.0, 0.0]",0.0,"[0.0, 0.38, 0.0, 0.0]","[0.0, 0.38, 0.0, 0.0]",0.38,"[0.0, 0.0, 0.0, 0.0]","[0.0, 0.0, 0.0, 0.0]",0.0,"[0.0, 0.0, 0.0, 0.0]","[0.0, 0.0, 0.0, 0.0]",0.0,"[0.0, 0.0, 0.0, 0.0]","[0.0, 0.0, 0.0, 0.0]",0.0,"[0.25, 0.0, 0.03, 0.0]","[0.25, 0.0, 0.03, 0.0]",0.25,"[0.0, 0.0, 0.0, 0.0]","[0.0, 0.0, 0.0, 0.0]",0.0,"[0.12516076605761736, 0.12921509943994386, 0.10831722340664472, 0.0957532998083506]","[0.043758174021615, 0.0, 0.049780601282717524, 0.06684149899590452]","[0.5956080725770653, 0.6061866559916064, 0.5506232418958042, 0.5157301615618016]","[0.32514613029583395, 0.21814922562016836, 0.34021022104223186, 0.38360384493345345]","[0.045494925728947117, 1.9581996447498584e-05, 0.05369380296116941, 0.07029337643327194]","[0.2, 0.2, 0.2, 0.2]","[0.2, 0.2, 0.2, 0.2]","[0.2, 0.13999999999999999, 0.2, 0.2]","[0.2, 0.13999999999999999, 0.2, 0.2]","[0.005136350969540182, 0.016251341656990166, 0.00582658762131537, 0.00566767156846516]","[25.329278900438894, 14.416835698140781]","[57.791498833107674, 21.966280222018913]",205,"body origin, body frame; no gravity/external torque","[0.005742947376210819, 0.00574307808761985, 0.0009648999000398682]",0.008178962177655728,0.01002004709174794,0.1624410606127722,0.19900442006594377,"[0.0004968102160028551, 0.0005207070443170892, 5.5323718359489744e-05]",0.0007218150251548957,0.002514179360602771,0.019658612667548456,0.029103040270912373,"[0.005767096871749665, 0.005852975405122686, 0.0009630519833030011]",0.008273100781669452,0.009864835040347079,0.17567032705985805,0.21735329145593996,"[0.005743103697964629, 0.005743103697964579, 0.000964899900039868]",0.008179089924205895,0.010020096156068916,0.1624410606127722,0.19900442006594377,"[1.9272660720817956e-07, 6.477317381596212e-08, 2.1148552319034018e-19]",2.0332021338806621e-07,3.2573055131171964e-07,0.0,0.0,True
combined_motor2_70-A_best-oracle_no_integral,A_best,combined_motor2_70,oracle_no_integral,oracle,no_integral,False,5.84,max_tilt,fault,5.0,60.0,True,False,,,,"[-0.0002106858438207015, -0.0617678485210194, 0.005951985059769793]","[-0.0023195498937618342, -0.006806801169231275, 0.0007511036933678538]","[0.0, 0.0, 0.0]","[-0.0002106858438207015, -0.0617678485210194, 1.0059519850597698]","[0.999958797222303, 0.004107229252740316, -0.0019924694832988174, -0.007846310658457627]","[-0.03609424804096917, 0.012839557160281937, 0.0026393132669937916]","[0.0, 0.0, 1.0]","[0.0, 0.0, 1.0]","[0.0, 0.0, 1.0]","[0.0, 0.0, 1.0]","[1.0, 1.0, 1.0, 1.0]","[1.0, 0.7, 1.0, 1.0]",False,True,"[0.47243486595877043, -0.22461845638353825, -0.9000656229323581]",,"[-0.07404918131198263, -0.13701650846220442]",0.155745962529204,0.17457583962851592,0.07886646269393034,0.2661345772873745,0.006758938637000459,0.006758938637000459,0.017629520482660473,0.01628240587105627,0.045937869691667466,0.1754637392011519,-1.1275702593849246e-17,-5.421010862427522e-20,84,5.01,5.84,0.49111036487467635,0.18420664177458335,0.8966910298225103,0.22356467142957417,66.74070842867954,15.950899520824798,0.027923275938095696,0.18844253630526828,1.5998858614320879,10.796962011032662,[0.0],[0.0],0.0,[0.6900000000000001],[0.5],0.6900000000000001,[0.0],[0.0],0.0,[0.01],[0.01],0.01,[0.0],[0.0],0.0,[0.0],[0.0],0.0,[0.0],[0.0],0.0,[0.0],[0.0],0.0,"[0.0, 0.0, 0.0]",0.0,0.0,every physics interval; dwell = interval count * physics_dt,0.002,"[0.01, 0.67, 0.0, 0.04]","[0.01, 0.5, 0.0, 0.04]",0.6900000000000001,"[0.0, 0.0, 0.0, 0.0]","[0.0, 0.0, 0.0, 0.0]",0.0,"[0.01, 0.67, 0.0, 0.04]","[0.01, 0.5, 0.0, 0.04]",0.6900000000000001,"[0.0, 0.0, 0.0, 0.0]","[0.0, 0.0, 0.0, 0.0]",0.0,"[0.0, 0.0, 0.0, 0.0]","[0.0, 0.0, 0.0, 0.0]",0.0,"[0.0, 0.0, 0.0, 0.0]","[0.0, 0.0, 0.0, 0.0]",0.0,"[0.01, 0.0, 0.0, 0.0]","[0.01, 0.0, 0.0, 0.0]",0.01,"[0.0, 0.0, 0.0, 0.0]","[0.0, 0.0, 0.0, 0.0]",0.0,"[0.09767093936366861, 0.12252038587696593, 0.08230648269432154, 0.075880040609315]","[0.0, 0.0, 0.00987284582405154, 0.0]","[0.5211431659258648, 0.5886711665235188, 0.47672742761688147, 0.4573368210624147]","[0.21814922562016836, 0.21814922562016836, 0.24203472635973444, 0.21814922562016836]","[0.03780205100606088, 1.9800274756176517e-06, 0.040472095202173375, 0.026595481924580944]","[0.2, 0.2, 0.2, 0.2]","[0.2, 0.2, 0.2, 0.2]","[0.2, 0.13999999999999999, 0.2, 0.2]","[0.2, 0.13999999999999999, 0.2, 0.2]","[0.013721406008784505, 0.01892254532082956, 0.015539260000913432, 0.019206885834436378]","[22.65732190635694, 12.957920012117993]","[66.29659806299235, 25.34985266733197]",420,"body origin, body frame; no gravity/external torque","[0.0028143229321103518, 0.002807809374780887, 0.00047437990179147546]",0.004003653749081373,0.006311636839604577,0.08005064686229921,0.1253565929926953,"[0.0013951266530901132, 0.0005697454491791636, 0.00011060019931479245]",0.0015110329775062023,0.004693227391072655,0.041634160856572046,0.16992668201525918,"[0.003351839725377734, 0.002901833582129828, 0.0005005086561443168]",0.004461611435106389,0.006470005378526493,0.09507602808489253,0.24182731803039315,"[0.002814533171453274, 0.002807824106055525, 0.00047437990179147546]",0.004003811868080348,0.006311845310610555,0.08005064686229921,0.1253565929926953,"[3.5804108623271147e-07, 9.654793188167925e-08, 1.5149299588353407e-19]",3.7083004541343355e-07,8.886135885667212e-07,0.0,0.0,True
combined_motor2_70-A_best-oracle_integral_020,A_best,combined_motor2_70,oracle_integral_020,oracle,integral_020,False,5.84,max_tilt,fault,5.0,60.0,True,False,,,,"[-0.00027978918596513805, -0.02482111999967938, 0.004820166229031919]","[-0.0012413606766270128, 0.0009386770876165628, -0.0009223858751313414]","[0.0005317849180558472, 0.04036298771930876, -0.003446314771563318]","[-0.00027978918596513805, -0.02482111999967938, 1.004820166229032]","[0.9999492420426432, 0.004519482730486505, -0.002070530755099048, -0.008763590393458665]","[-0.029513457576119916, 0.009763163859519548, 0.0027454999996100304]","[0.0, 0.0, 1.0]","[0.0, 0.0, 1.0]","[0.0005317849180558472, 0.04036298771930876, 0.9965536852284367]","[0.0005317849180558472, 0.04036298771930876, 0.9965536852284367]","[1.0, 1.0, 1.0, 1.0]","[1.0, 0.7, 1.0, 1.0]",False,True,"[0.51995900683013, -0.23271532808723858, -1.005314704109987]",,"[-0.07448829622427564, -0.09857356496287223]",0.12355263649103174,0.14682575110979462,0.07932557724385199,0.23642132761191179,0.00456099484469555,0.00456099484469555,0.017981548796185087,0.01739348795199646,0.053095524366846836,0.1479227409361554,1.734723475976807e-18,-5.421010862427522e-20,84,5.01,5.84,0.5078664820751214,0.19732013688380973,0.8105088026570437,0.24261448516627654,66.49506179428649,16.8808271318254,0.024869079532757972,0.17861033543592864,1.424893297602209,10.233618397894642,[0.6900000000000001],[0.5],0.6900000000000001,[0.6900000000000001],[0.5],0.6900000000000001,[0.0],[0.0],0.0,[0.01],[0.01],0.01,[0.0],[0.0],0.0,[0.0],[0.0],0.0,[0.0],[0.0],0.0,[0.0],[0.0],0.0,"[0.004256329490529791, 0.04534128304981956, -0.004164842313356602]",0.04554062240830496,0.004164842313356602,every physics interval; dwell = interval count * physics_dt,0.002,"[0.01, 0.67, 0.0, 0.05]","[0.01, 0.5, 0.0, 0.05]",0.6900000000000001,"[0.0, 0.0, 0.0, 0.0]","[0.0, 0.0, 0.0, 0.0]",0.0,"[0.01, 0.67, 0.0, 0.05]","[0.01, 0.5, 0.0, 0.05]",0.6900000000000001,"[0.0, 0.0, 0.0, 0.0]","[0.0, 0.0, 0.0, 0.0]",0.0,"[0.0, 0.0, 0.0, 0.0]","[0.0, 0.0, 0.0, 0.0]",0.0,"[0.0, 0.0, 0.0, 0.0]","[0.0, 0.0, 0.0, 0.0]",0.0,"[0.01, 0.0, 0.0, 0.0]","[0.01, 0.0, 0.0, 0.0]",0.01,"[0.0, 0.0, 0.0, 0.0]","[0.0, 0.0, 0.0, 0.0]",0.0,"[0.09718071616773963, 0.12212552070001391, 0.07998123486979203, 0.07359464276866068]","[0.0, 0.0, 0.005979483074021186, 0.0]","[0.5197625969621892, 0.5876303925039426, 0.4697738162603868, 0.4503044787101178]","[0.21814922562016836, 0.21814922562016836, 0.23260512868825334, 0.21814922562016836]","[0.04367045344504622, 1.9794392215610745e-06, 0.037074893961123484, 0.023518859244416546]","[0.2, 0.2, 0.2, 0.2]","[0.2, 0.2, 0.2, 0.2]","[0.2, 0.13999999999999999, 0.2, 0.2]","[0.2, 0.13999999999999999, 0.2, 0.2]","[0.013673293094587645, 0.018945584124140328, 0.016261442147295024, 0.01989090441155007]","[23.037212236966088, 13.496881918157396]","[65.7771825499117, 26.015212108545196]",420,"body origin, body frame; no gravity/external torque","[0.0028247322217373944, 0.0028243059614459307, 0.0004787687438200249]",0.004023062987133,0.006345940285048748,0.0806180998020616,0.12603788033247398,"[0.001433313381837478, 0.0005710276627683212, 0.00011255108775624409]",0.0015469736874155788,0.00467559899559571,0.04276431504040396,0.16996186859562346,"[0.0033667884957468593, 0.002919052360296523, 0.0005064604216419408]",0.0044847110961505465,0.006494957458981429,0.09644835916020031,0.25939713171640943,"[0.0028249395521698717, 0.0028243223866937527, 0.00047876874382002507]",0.0040232200943339175,0.006346148893677865,0.0806180998020616,0.12603788033247398,"[3.6168138222171636e-07, 9.432130950617112e-08, 1.3795583822016201e-19]",3.7377791758311544e-07,9.372688645367171e-07,0.0,0.0,True
combined_motor2_70-B_best-existing_no_integral,B_best,combined_motor2_70,existing_no_integral,existing,no_integral,True,60.0,horizon,fault,5.0,60.0,True,True,,,,"[-0.008079747637400499, -0.1174569625022636, -0.0215421431556041]","[0.00140431028519537, 0.0022667489383155406, 0.00010360525047723606]","[0.0, 0.0, 0.0]","[-0.008079747637400499, -0.1174569625022636, 0.9784578568443959]","[0.999856037349437, -0.0012395877303932098, 0.0010687901234419333, 0.01688862593025645]","[0.012613375296931836, -0.006884309542721885, -0.001985231358636443]","[0.0, 0.0, 1.0]","[0.0, 0.0, 1.0]","[0.0, 0.0, 1.0]","[0.0, 0.0, 1.0]","[1.0, 1.0, 1.0, 1.0]","[1.0, 0.7, 1.0, 1.0]",False,True,"[-0.13995788962073658, 0.12485576027104, 1.9352360844801235]",,"[-0.12538033191955975, -0.24772023930655201]",0.27764283638220233,0.2780587004257728,0.015201851469973016,0.3077965336413829,-0.0618048752743609,0.0618048752743609,0.06185860003559122,0.002577555175728029,0.0686340280702219,0.28485632743689043,1.748276003132876e-16,1.6297760938119993e-17,5500,5.01,60.0,0.05565325080091793,0.010784782294282215,1.115720392880067,0.2481632881054444,10.99573185508354,2.285664369040836,0.18123609377460906,0.18658743967806024,10.384063268722313,10.690672803704688,[0.0],[0.0],0.0,[0.19],[0.13],0.19,[0.0],[0.0],0.0,[0.0],[0.0],0.0,[0.0],[0.0],0.0,[0.0],[0.0],0.0,[0.0],[0.0],0.0,[0.0],[0.0],0.0,"[0.0, 0.0, 0.0]",0.0,0.0,every physics interval; dwell = interval count * physics_dt,0.002,"[0.0, 0.19, 0.0, 0.0]","[0.0, 0.13, 0.0, 0.0]",0.19,"[0.0, 0.0, 0.0, 0.0]","[0.0, 0.0, 0.0, 0.0]",0.0,"[0.0, 0.19, 0.0, 0.0]","[0.0, 0.13, 0.0, 0.0]",0.19,"[0.0, 0.0, 0.0, 0.0]","[0.0, 0.0, 0.0, 0.0]",0.0,"[0.0, 0.0, 0.0, 0.0]","[0.0, 0.0, 0.0, 0.0]",0.0,"[0.0, 0.0, 0.0, 0.0]","[0.0, 0.0, 0.0, 0.0]",0.0,"[0.0, 0.0, 0.0, 0.0]","[0.0, 0.0, 0.0, 0.0]",0.0,"[0.0, 0.0, 0.0, 0.0]","[0.0, 0.0, 0.0, 0.0]",0.0,"[0.09418884161897935, 0.1289847698646895, 0.08326370394083384, 0.06572417896882694]","[0.040353642000789114, 0.0, 0.06924948765438038, 0.05233030507211811]","[0.511288656165486, 0.6055879599283807, 0.47957048960969867, 0.4254642996312778]","[0.31667903925676577, 0.21814922562016836, 0.3898291273260993, 0.34662397234220177]","[0.05647114694600516, 0.00038613530781708705, 0.07733320409324954, 0.0741110487314964]","[0.2, 0.2, 0.2, 0.2]","[0.2, 0.2, 0.2, 0.2]","[0.2, 0.13999999999999999, 0.2, 0.2]","[0.2, 0.13999999999999999, 0.2, 0.2]","[0.0013283869443330813, 0.001351656817904008, 0.0009363229017217038, 0.0015611474426813262]","[1.1233107717802364, 1.407551595850005]","[8.038170226667585, 7.810077020952841]",27500,"body origin, body frame; no gravity/external torque","[0.0019593147180283683, 0.0019595228457091863, 0.0003292198341539655]",0.002790524976834855,0.004477912220571085,0.05542421450403442,0.08894030164239536,"[7.585505915269396e-05, 8.64180222273665e-05, 8.865273683210034e-06]",0.00011532847715211788,0.0027832196451146704,0.0033305431228793105,0.09723492431814068,"[0.001962263856096498, 0.001962670233764535, 0.00032952846855265413]",0.002794842195730325,0.005723854577342501,0.05557481132550099,0.16396007155122427,"[0.001959523103790199, 0.001959523103790145, 0.00032921983415396547]",0.0027906714761460776,0.004478244122976106,0.05542421450403442,0.08894030164239536,"[2.086749794171732e-07, 1.3138606074340256e-08, 1.529664975369824e-19]",2.0908818714679705e-07,4.6821924681428534e-07,0.0,0.0,False
combined_motor2_70-B_best-existing_integral_020,B_best,combined_motor2_70,existing_integral_020,existing,integral_020,True,60.0,horizon,fault,5.0,60.0,True,True,21.6,12.830000000000002,21.62,"[-0.004275312700076415, -0.055720027344350644, -0.005414566924166864]","[0.0017490848761960245, 0.015004380494517633, 0.000856199500612489]","[0.004380421735784618, 0.0733000014506336, 0.014063603968860543]","[-0.004275312700076415, -0.055720027344350644, 0.9945854330758331]","[0.9998616907094058, -0.0011809977159225413, 0.001091553996223275, 0.016553344254161908]","[0.010710031618804948, -0.0052714787202197905, -0.0015896218521692146]","[0.0, 0.0, 1.0]","[0.0, 0.0, 1.0]","[0.004380421735784618, 0.0733000014506336, 1.0140636039688606]","[0.004380421735784618, 0.0733000014506336, 1.0140636039688606]","[1.0, 1.0, 1.0, 1.0]","[1.0, 0.7, 1.0, 1.0]",False,True,"[-0.13324356087550912, 0.12730588211423932, 1.8968145896475375]",,"[-0.011126361794686119, -0.016123667740722672]",0.019590012460421555,0.048846869539788174,0.044746486740722145,0.22961961405632828,-0.004408367513950112,0.004408367513950112,0.010549232137524034,0.009583975926165436,0.0487769906508565,0.04997302234734713,-8.673617379884035e-18,5.963111948670274e-19,5500,5.01,60.0,0.054752471187417044,0.010787341553512242,0.20241404654432585,0.04354014490148048,11.102655336985439,2.2842334203408368,0.18081116060536298,0.18532781662220008,10.359716391549394,10.61850171882653,[0.19],[0.13],0.19,[0.19],[0.13],0.19,[0.0],[0.0],0.0,[0.0],[0.0],0.0,[0.0],[0.0],0.0,[0.0],[0.0],0.0,[0.0],[0.0],0.0,[0.0],[0.0],0.0,"[0.1262748020225364, 0.24837077900315005, 0.06180563724388205]",0.27864099671933745,0.06180616583196412,every physics interval; dwell = interval count * physics_dt,0.002,"[0.0, 0.19, 0.0, 0.0]","[0.0, 0.13, 0.0, 0.0]",0.19,"[0.0, 0.0, 0.0, 0.0]","[0.0, 0.0, 0.0, 0.0]",0.0,"[0.0, 0.19, 0.0, 0.0]","[0.0, 0.13, 0.0, 0.0]",0.19,"[0.0, 0.0, 0.0, 0.0]","[0.0, 0.0, 0.0, 0.0]",0.0,"[0.0, 0.0, 0.0, 0.0]","[0.0, 0.0, 0.0, 0.0]",0.0,"[0.0, 0.0, 0.0, 0.0]","[0.0, 0.0, 0.0, 0.0]",0.0,"[0.0, 0.0, 0.0, 0.0]","[0.0, 0.0, 0.0, 0.0]",0.0,"[0.0, 0.0, 0.0, 0.0]","[0.0, 0.0, 0.0, 0.0]",0.0,"[0.09433851101365291, 0.12897969820708335, 0.08346638314683427, 0.06580143988824161]","[0.04062879225421365, 0.0, 0.06916310660826472, 0.05238209852959633]","[0.5117145788137558, 0.6055747741398912, 0.4801710485013307, 0.4257132192891571]","[0.3173621148685397, 0.21814922562016836, 0.3896053252680416, 0.3467544939656724]","[0.05664538589074514, 0.0003876623242360655, 0.07734847268417161, 0.07411858561412948]","[0.2, 0.2, 0.2, 0.2]","[0.2, 0.2, 0.2, 0.2]","[0.2, 0.13999999999999999, 0.2, 0.2]","[0.2, 0.13999999999999999, 0.2, 0.2]","[0.0013250201461784395, 0.0013508760226362472, 0.0009308984838334142, 0.0015574577538282266]","[1.1024905280721637, 1.3703230310892307]","[8.09910431627374, 7.889791763908538]",27500,"body origin, body frame; no gravity/external torque","[0.0019592142704743126, 0.0019594223950467763, 0.0003292029572178782]",0.0027903819213294144,0.004461175335963082,0.05542137326900302,0.08860788988990809,"[7.609805688742518e-05, 8.649801632618212e-05, 8.85391169046812e-06]",0.00011554744844707275,0.0027853271219057544,0.003306239255706404,0.09660389226309607,"[0.0019621780029817995, 0.001962577762295971, 0.000329509969218161]",0.002794714799091038,0.0057056704280484625,0.05557030029052157,0.16314141697716944,"[0.0019594226519256677, 0.0019594226519255935, 0.0003292029572178782]",0.002790528416769773,0.004461506817733203,0.05542137326900302,0.08860788988990809,"[2.0867132369152245e-07, 1.3125760296577561e-08, 1.538303283272862e-19]",2.0908373182659473e-07,4.685682050446598e-07,0.0,0.0,False
combined_motor2_70-B_best-oracle_no_integral,B_best,combined_motor2_70,oracle_no_integral,oracle,no_integral,True,60.0,horizon,fault,5.0,60.0,True,True,,,,"[-0.008079747637400499, -0.1174569625022636, -0.0215421431556041]","[0.00140431028519537, 0.0022667489383155406, 0.00010360525047723606]","[0.0, 0.0, 0.0]","[-0.008079747637400499, -0.1174569625022636, 0.9784578568443959]","[0.999856037349437, -0.0012395877303932098, 0.0010687901234419333, 0.01688862593025645]","[0.012613375296931836, -0.006884309542721885, -0.001985231358636443]","[0.0, 0.0, 1.0]","[0.0, 0.0, 1.0]","[0.0, 0.0, 1.0]","[0.0, 0.0, 1.0]","[1.0, 1.0, 1.0, 1.0]","[1.0, 0.7, 1.0, 1.0]",False,True,"[-0.13995788962073658, 0.12485576027104, 1.9352360844801235]",,"[-0.007892754733528327, -0.11723534090709826]",0.11750072652918866,0.11755816739936735,0.003674505056519331,0.15377374204156677,-0.02154489831250347,0.02154489831250347,0.02156290867741452,0.0008811284437593004,0.031137327985280683,0.1195193781481823,1.0834567834919206e-16,1.7635225961834533e-18,5500,5.01,60.0,0.015182424900243994,0.003436071043765097,0.4704691420901095,0.0863181421161826,5.20147849942301,1.4972969806963972,0.03391145464743801,0.06396921185795083,1.9429832284474988,3.6651658582388023,[0.0],[0.0],0.0,[0.24],[0.24],0.24,[0.0],[0.0],0.0,[0.0],[0.0],0.0,[0.0],[0.0],0.0,[0.0],[0.0],0.0,[0.0],[0.0],0.0,[0.0],[0.0],0.0,"[0.0, 0.0, 0.0]",0.0,0.0,every physics interval; dwell = interval count * physics_dt,0.002,"[0.0, 0.24, 0.0, 0.0]","[0.0, 0.24, 0.0, 0.0]",0.24,"[0.0, 0.0, 0.0, 0.0]","[0.0, 0.0, 0.0, 0.0]",0.0,"[0.0, 0.24, 0.0, 0.0]","[0.0, 0.24, 0.0, 0.0]",0.24,"[0.0, 0.0, 0.0, 0.0]","[0.0, 0.0, 0.0, 0.0]",0.0,"[0.0, 0.0, 0.0, 0.0]","[0.0, 0.0, 0.0, 0.0]",0.0,"[0.0, 0.0, 0.0, 0.0]","[0.0, 0.0, 0.0, 0.0]",0.0,"[0.0, 0.0, 0.0, 0.0]","[0.0, 0.0, 0.0, 0.0]",0.0,"[0.0, 0.0, 0.0, 0.0]","[0.0, 0.0, 0.0, 0.0]",0.0,"[0.10485727399328203, 0.1688184199194582, 0.09470168377143326, 0.07550251588114201]","[0.05274569133132584, 0.0, 0.06959188355715296, 0.05911085896224866]","[0.5411427708825722, 0.7059789130706888, 0.5127471852283586, 0.45618034118270373]","[0.3476710321534995, 0.21814922562016836, 0.3907165912059445, 0.36379616446740226]","[0.061783935701638565, 0.0003605276510938449, 0.07886332380557384, 0.07524687381415493]","[0.2, 0.2, 0.2, 0.2]","[0.2, 0.2, 0.2, 0.2]","[0.2, 0.13999999999999999, 0.2, 0.2]","[0.2, 0.13999999999999999, 0.2, 0.2]","[0.0009665272650374959, 0.001636841854596189, 0.0008283529000806456, 0.0012532316450244536]","[0.42594523310116356, 0.3214922144336329]","[4.269892563799435, 3.270344452753362]",27500,"body origin, body frame; no gravity/external torque","[5.983516224708283e-05, 5.9846830952025324e-05, 1.0055788378162208e-05]",8.522328728723554e-05,0.0021211432908040595,0.0016928936663573165,0.04213472005534952,"[8.292855655218642e-05, 8.534474259187379e-05, 8.053318349982817e-06]",0.00011927165009485481,0.002846824058005099,0.002202548951181583,0.06249559609471372,"[0.00011802684695864895, 0.00011719085377369158, 1.4663221497519116e-05]",0.00016697018558980243,0.00423269562290595,0.003079166410322095,0.08608720436574652,"[5.985225557406424e-05, 5.9852255574064335e-05, 1.0055788378162211e-05]",8.523909827369483e-05,0.002121530498286163,0.0016928936663573165,0.04213472005534952,"[2.0860641300236113e-07, 1.2143834288812483e-08, 1.4931819025629373e-19]",2.0895958522390542e-07,4.616850371426313e-07,0.0,0.0,False
combined_motor2_70-B_best-oracle_integral_020,B_best,combined_motor2_70,oracle_integral_020,oracle,integral_020,True,60.0,horizon,fault,5.0,60.0,True,True,9.23,1.7300000000000004,9.34,"[-0.004275312700076415, -0.055720027344350644, -0.005414566924166864]","[0.0017490848761960245, 0.015004380494517633, 0.000856199500612489]","[0.004380421735784618, 0.0733000014506336, 0.014063603968860543]","[-0.004275312700076415, -0.055720027344350644, 0.9945854330758331]","[0.9998616907094058, -0.0011809977159225413, 0.001091553996223275, 0.016553344254161908]","[0.010710031618804948, -0.0052714787202197905, -0.0015896218521692146]","[0.0, 0.0, 1.0]","[0.0, 0.0, 1.0]","[0.004380421735784618, 0.0733000014506336, 1.0140636039688606]","[0.004380421735784618, 0.0733000014506336, 1.0140636039688606]","[1.0, 1.0, 1.0, 1.0]","[1.0, 0.7, 1.0, 1.0]",False,True,"[-0.13324356087550912, 0.12730588211423932, 1.8968145896475375]",,"[-0.0003201992969196752, -0.0042020465723701435]",0.004214228634770013,0.01243375287935404,0.011697798411612767,0.08712559629925642,-0.0007125025667362306,0.0007125025667362306,0.00188861297060493,0.0017490566157593295,0.014850468849186393,0.01257636949272651,-8.402566836762659e-19,-1.7787691892340307e-20,5500,5.01,60.0,0.015346627465700782,0.0034640959444118286,0.049843146362232665,0.008187302417317951,5.155940185204259,1.496254193468801,0.03385454913025327,0.0631675092923598,1.9397227824818044,3.619231684805626,[0.24],[0.24],0.24,[0.24],[0.24],0.24,[0.0],[0.0],0.0,[0.0],[0.0],0.0,[0.0],[0.0],0.0,[0.0],[0.0],0.0,[0.0],[0.0],0.0,[0.0],[0.0],0.0,"[0.00758180143563947, 0.11689971837143247, 0.021411236605133166]",0.117145327983363,0.021411236605133166,every physics interval; dwell = interval count * physics_dt,0.002,"[0.0, 0.24, 0.0, 0.0]","[0.0, 0.24, 0.0, 0.0]",0.24,"[0.0, 0.0, 0.0, 0.0]","[0.0, 0.0, 0.0, 0.0]",0.0,"[0.0, 0.24, 0.0, 0.0]","[0.0, 0.24, 0.0, 0.0]",0.24,"[0.0, 0.0, 0.0, 0.0]","[0.0, 0.0, 0.0, 0.0]",0.0,"[0.0, 0.0, 0.0, 0.0]","[0.0, 0.0, 0.0, 0.0]",0.0,"[0.0, 0.0, 0.0, 0.0]","[0.0, 0.0, 0.0, 0.0]",0.0,"[0.0, 0.0, 0.0, 0.0]","[0.0, 0.0, 0.0, 0.0]",0.0,"[0.0, 0.0, 0.0, 0.0]","[0.0, 0.0, 0.0, 0.0]",0.0,"[0.10490552284517671, 0.168535191638765, 0.09484868995850361, 0.07557829805275339]","[0.05292246822357924, 0.0, 0.06951304338813724, 0.05920621327178918]","[0.541275609871594, 0.7052822806053717, 0.5131648080528675, 0.4564126487808462]","[0.3481168192904931, 0.21814922562016836, 0.3905121923946524, 0.36403893092460415]","[0.06173241003929489, 0.00036054562692108827, 0.07886748976680596, 0.07527155214035358]","[0.2, 0.2, 0.2, 0.2]","[0.2, 0.2, 0.2, 0.2]","[0.2, 0.13999999999999999, 0.2, 0.2]","[0.2, 0.13999999999999999, 0.2, 0.2]","[0.0009665011164280844, 0.0016385981014628297, 0.0008260258722781082, 0.0012470734102783803]","[0.422095798390843, 0.3185760805171974]","[4.217706582390585, 3.2624414259045054]",27500,"body origin, body frame; no gravity/external torque","[5.949800941629683e-05, 5.950960752691272e-05, 9.999134397105031e-06]",8.474307760048253e-05,0.0021226014817406365,0.001683355959108632,0.04216368041083729,"[8.28059866710173e-05, 8.531549566000714e-05, 8.03767096256042e-06]",0.00011916446359035276,0.0028433891267805014,0.0021937822250380286,0.06207433526398243,"[0.00011772140208260376, 0.00011697776431510908, 1.4633143870325338e-05]",0.00016660208507694418,0.004235163285221084,0.003067808491214593,0.08557644064873304,"[5.9515049934287034e-05, 5.951504993428712e-05, 9.999134397105031e-06]",8.47588639969457e-05,0.0021229886847254666,0.001683355959108632,0.04216368041083729,"[2.0860457452816305e-07, 1.2137654528504793e-08, 1.5277076297499632e-19]",2.0895739080379408e-07,4.6104747963245476e-07,0.0,0.0,False
combined_motor3_70-A_best-existing_no_integral,A_best,combined_motor3_70,existing_no_integral,existing,no_integral,False,7.13,max_tilt,fault,5.0,60.0,True,False,,,,"[-0.05572584496856772, -0.003233230539483231, -0.023447186648031804]","[-0.0014265004213350888, -0.003776244720970082, 0.00035116354305362376]","[0.0, 0.0, 0.0]","[-0.05572584496856772, -0.003233230539483231, 0.9765528133519682]","[0.9999976132803425, 0.0017460559306312542, -0.0013073128061932596, 0.0001251220708141325]","[-0.0263515161349576, 0.009513622406616854, 0.001665384530176608]","[0.0, 0.0, 1.0]","[0.0, 0.0, 1.0]","[0.0, 0.0, 1.0]","[0.0, 0.0, 1.0]","[1.0, 1.0, 1.0, 1.0]","[1.0, 1.0, 0.7, 1.0]",False,True,"[0.2000651401593609, -0.14983186065412804, 0.014076375792223582]",,"[-0.17474174099952972, 0.10121289493897308]",0.20193743127383373,0.22051680896939221,0.08859422604531912,0.37105977176625277,-0.10840128286222976,0.10840128286222976,0.12350257585800542,0.059178105050645455,0.30905153490319226,0.2527460173407403,-6.938893903907228e-18,5.204170427930421e-18,213,5.01,7.13,0.464252767231738,0.23557517449418452,1.106791969809258,0.6808882939651884,61.65663772599093,5.842292654857739,-0.15640444392858194,0.27840024455471873,-8.961314534198278,15.951159028395363,[0.0],[0.0],0.0,[1.37],[0.68],1.37,[0.0],[0.0],0.0,[0.25],[0.19],0.25,[0.0],[0.0],0.0,[0.0],[0.0],0.0,[0.0],[0.0],0.0,[0.0],[0.0],0.0,"[0.0, 0.0, 0.0]",0.0,0.0,every physics interval; dwell = interval count * physics_dt,0.002,"[0.0, 0.0, 1.37, 0.0]","[0.0, 0.0, 0.68, 0.0]",1.37,"[0.0, 0.0, 0.0, 0.0]","[0.0, 0.0, 0.0, 0.0]",0.0,"[0.0, 0.0, 1.37, 0.0]","[0.0, 0.0, 0.68, 0.0]",1.37,"[0.0, 0.0, 0.0, 0.0]","[0.0, 0.0, 0.0, 0.0]",0.0,"[0.0, 0.0, 0.0, 0.0]","[0.0, 0.0, 0.0, 0.0]",0.0,"[0.0, 0.0, 0.0, 0.0]","[0.0, 0.0, 0.0, 0.0]",0.0,"[0.19, 0.24, 0.09, 0.0]","[0.19, 0.18, 0.09, 0.0]",0.25,"[0.0, 0.0, 0.0, 0.0]","[0.0, 0.0, 0.0, 0.0]",0.0,"[0.0634791957117801, 0.09520988040400943, 0.12921993871004153, 0.07674703367332682]","[0.05045266139746987, 0.009170148873555467, 0.0, 0.020254869361106514]","[0.41818370520226195, 0.5141900235340511, 0.6061992318400757, 0.45998510413202376]","[0.34189860104821446, 0.24033165578968285, 0.21814922562016836, 0.26726998794413104]","[0.07382903359127294, 0.029644412704653067, 1.4667265429979537e-08, 0.04756871928404993]","[0.2, 0.2, 0.2, 0.2]","[0.2, 0.2, 0.2, 0.2]","[0.2, 0.2, 0.13999999999999999, 0.2]","[0.2, 0.2, 0.13999999999999999, 0.2]","[0.010881103206591379, 0.011858597699397027, 0.009785292916567434, 0.011792392336882902]","[10.331819046047483, 18.443214357119626]","[26.539412127259617, 59.70475353235635]",1065,"body origin, body frame; no gravity/external torque","[0.0037915820269035123, 0.0037914138333233443, 0.0006370273718946777]",0.005399696009480204,0.010344133918116546,0.10724366530213425,0.20544091514262242,"[0.0005168119966508517, 0.0006990802569151458, 8.391925938671864e-05]",0.000873413010887061,0.0024738876587326207,0.031239921033850256,0.12420656417482517,"[0.0038702214464991875, 0.0037823774688194294, 0.0006396954936563485]",0.00544923881713578,0.010027769150637852,0.11751692108608537,0.29011869475744656,"[0.003791599786756886, 0.0037915997867569566, 0.0006370273718946777]",0.005399839049306312,0.010344180915367159,0.10724366530213425,0.20544091514262242,"[8.940952533734646e-08, 2.4389274853127374e-07, 1.6275752990155995e-19]",2.597647705274691e-07,6.564065615005124e-07,0.0,0.0,True
combined_motor3_70-A_best-existing_integral_020,A_best,combined_motor3_70,existing_integral_020,existing,integral_020,False,7.16,max_tilt,fault,5.0,60.0,True,False,,,,"[-0.02287132931181154, -0.0011733021824925037, -0.011474230981688427]","[0.004474352888928177, -0.0025363214195793693, 0.003084748367841071]","[0.035801418324977685, 0.0024555539071012284, 0.014688544504699476]","[-0.02287132931181154, -0.0011733021824925037, 0.9885257690183116]","[0.9999965440952693, 0.001955101482903304, -0.0014828310345533482, 0.000943709612523471]","[-0.023507404382889393, 0.007421567169467392, 0.0012384596048401289]","[0.0, 0.0, 1.0]","[0.0, 0.0, 1.0]","[0.035801418324977685, 0.0024555539071012284, 1.0146885445046996]","[0.035801418324977685, 0.0024555539071012284, 1.0146885445046996]","[1.0, 1.0, 1.0, 1.0]","[1.0, 1.0, 0.7, 1.0]",False,True,"[0.22387855432393314, -0.17013100973669631, 0.10780911024717106]",,"[-0.13265311134047703, 0.09912822435679687]",0.16559967636574793,0.1847693215326386,0.08195394662364414,0.3493475927205903,-0.09393786785096994,0.09393786785096994,0.11001477286438889,0.057261917816440557,0.28301800949802836,0.2150417457798245,1.8214596497756474e-17,-7.37257477290143e-18,216,5.01,7.16,0.4735994923192658,0.21458391514930228,0.9952023688961753,0.6190253424012335,62.73381652979573,6.81054713528902,-0.1570097735950457,0.3965449482707693,-8.995997369300714,22.720351923148634,[1.3800000000000001],[0.66],1.3800000000000001,[1.3800000000000001],[0.66],1.3800000000000001,[0.0],[0.0],0.0,[0.26],[0.22],0.26,[0.0],[0.0],0.0,[0.0],[0.0],0.0,[0.0],[0.0],0.0,[0.0],[0.0],0.0,"[0.0583154859882462, -0.01436779244192349, 0.025561998367901385]",0.06005938199565104,0.025561998367901385,every physics interval; dwell = interval count * physics_dt,0.002,"[0.0, 0.0, 1.3800000000000001, 0.0]","[0.0, 0.0, 0.66, 0.0]",1.3800000000000001,"[0.0, 0.0, 0.0, 0.0]","[0.0, 0.0, 0.0, 0.0]",0.0,"[0.0, 0.0, 1.3800000000000001, 0.0]","[0.0, 0.0, 0.66, 0.0]",1.3800000000000001,"[0.0, 0.0, 0.0, 0.0]","[0.0, 0.0, 0.0, 0.0]",0.0,"[0.0, 0.0, 0.0, 0.0]","[0.0, 0.0, 0.0, 0.0]",0.0,"[0.0, 0.0, 0.0, 0.0]","[0.0, 0.0, 0.0, 0.0]",0.0,"[0.08, 0.24, 0.06, 0.0]","[0.08, 0.2, 0.06, 0.0]",0.26,"[0.0, 0.0, 0.0, 0.0]","[0.0, 0.0, 0.0, 0.0]",0.0,"[0.0685573855967814, 0.09517588798051642, 0.12922672995025908, 0.07670386314561747]","[0.050478781714638654, 0.00944830836944427, 0.0, 0.016869870582879448]","[0.43452385997330956, 0.5140935910039363, 0.6062168800891122, 0.45985348527043424]","[0.34196425280797016, 0.24100574426851784, 0.21814922562016836, 0.2590255895928507]","[0.07379831512121512, 0.02260814436527861, 2.2097470325777024e-08, 0.029292876996183104]","[0.2, 0.2, 0.2, 0.2]","[0.2, 0.2, 0.2, 0.2]","[0.2, 0.2, 0.13999999999999999, 0.2]","[0.2, 0.2, 0.13999999999999999, 0.2]","[0.010437025058635993, 0.011558998179311046, 0.009382798840374396, 0.011652291611736918]","[9.057651450687143, 18.19429518357357]","[21.54276492318669, 62.59984332864818]",1080,"body origin, body frame; no gravity/external torque","[0.0037907977694377733, 0.0037906333756320175, 0.0006368956856758387]",0.005398581779658645,0.009878024492738125,0.1072214959050233,0.1961850257032003,"[0.0005087607552714054, 0.0006910194119305113, 8.522328542820224e-05]",0.0008623272825025875,0.0024753548624177894,0.029850563055463613,0.10853188067057412,"[0.003843927721272494, 0.0037839196589068737, 0.0006313559084611233]",0.0054306941171988156,0.009909645640736148,0.11860465973146624,0.26907656476738084,"[0.0037908159877220278, 0.003790815987722102, 0.0006368956856758385]",0.005398722795251752,0.009878136481971056,0.1072214959050233,0.1961850257032003,"[8.522040802273607e-08, 2.4119324094607297e-07, 1.6429495805137898e-19]",2.558059761257192e-07,6.186688459982894e-07,0.0,0.0,True
combined_motor3_70-A_best-oracle_no_integral,A_best,combined_motor3_70,oracle_no_integral,oracle,no_integral,True,60.0,horizon,fault,5.0,60.0,True,True,,,,"[-0.05572584496856772, -0.003233230539483231, -0.023447186648031804]","[-0.0014265004213350888, -0.003776244720970082, 0.00035116354305362376]","[0.0, 0.0, 0.0]","[-0.05572584496856772, -0.003233230539483231, 0.9765528133519682]","[0.9999976132803425, 0.0017460559306312542, -0.0013073128061932596, 0.0001251220708141325]","[-0.0263515161349576, 0.009513622406616854, 0.001665384530176608]","[0.0, 0.0, 1.0]","[0.0, 0.0, 1.0]","[0.0, 0.0, 1.0]","[0.0, 0.0, 1.0]","[1.0, 1.0, 1.0, 1.0]","[1.0, 1.0, 0.7, 1.0]",False,True,"[0.2000651401593609, -0.14983186065412804, 0.014076375792223582]",,"[-0.056555725273002115, -0.003883181479989185]",0.05668888038726661,0.056760227000540085,0.0028450324411202947,0.08464705359563186,-0.023522337760507918,0.023522337760507918,0.023554262186707094,0.001225925544527737,0.034991417629788524,0.061453450971552276,-8.59569034873664e-18,-2.6262256529619582e-18,5500,5.01,60.0,0.013634470277067098,0.0055143013827407055,0.22746532226286803,0.09437664755431446,6.334779456561263,1.4974447940585063,0.00016687629821653257,0.02744977575538065,0.009561307588573823,1.5727562993638424,[0.0],[0.0],0.0,[0.28],[0.28],0.28,[0.0],[0.0],0.0,[0.0],[0.0],0.0,[0.0],[0.0],0.0,[0.0],[0.0],0.0,[0.0],[0.0],0.0,[0.0],[0.0],0.0,"[0.0, 0.0, 0.0]",0.0,0.0,every physics interval; dwell = interval count * physics_dt,0.002,"[0.0, 0.0, 0.28, 0.0]","[0.0, 0.0, 0.28, 0.0]",0.28,"[0.0, 0.0, 0.0, 0.0]","[0.0, 0.0, 0.0, 0.0]",0.0,"[0.0, 0.0, 0.28, 0.0]","[0.0, 0.0, 0.28, 0.0]",0.28,"[0.0, 0.0, 0.0, 0.0]","[0.0, 0.0, 0.0, 0.0]",0.0,"[0.0, 0.0, 0.0, 0.0]","[0.0, 0.0, 0.0, 0.0]",0.0,"[0.0, 0.0, 0.0, 0.0]","[0.0, 0.0, 0.0, 0.0]",0.0,"[0.0, 0.0, 0.0, 0.0]","[0.0, 0.0, 0.0, 0.0]",0.0,"[0.0, 0.0, 0.0, 0.0]","[0.0, 0.0, 0.0, 0.0]",0.0,"[0.07896018299293352, 0.10628188020282213, 0.16567597610425744, 0.08914372410983268]","[0.05640533998267366, 0.048474159415123785, 0.0, 0.06111535991566161]","[0.4666985235385062, 0.545057354533226, 0.698239413299279, 0.496800853345421]","[0.3569231999967063, 0.3369324685782943, 0.21814922562016836, 0.3689073774391187]","[0.07560938036959931, 0.05738730250371493, 0.0001614521121168222, 0.07551484090653199]","[0.2, 0.2, 0.2, 0.2]","[0.2, 0.2, 0.2, 0.2]","[0.2, 0.2, 0.13999999999999999, 0.2]","[0.2, 0.2, 0.13999999999999999, 0.2]","[0.0013127044302368093, 0.001223599225273972, 0.0015760176504949236, 0.0010475948078799053]","[0.3252581766807363, 0.47228449956859647]","[3.8410463608678844, 5.2107762894641345]",27500,"body origin, body frame; no gravity/external torque","[6.093393354792439e-05, 6.091858965606514e-05, 1.0237960764314884e-05]",8.6768857684765e-05,0.0015486285126668645,0.0017235624182348934,0.030764467580413346,"[9.479267348656531e-05, 7.97641973865477e-05, 1.179690580171758e-05]",0.0001244473588227013,0.0027664092255135276,0.0024331657722762735,0.06530581232367977,"[0.00011659557510796958, 0.00011098532489464805, 1.6984327458623922e-05]",0.00016186641979098372,0.0035861452206316716,0.003388002837157904,0.09040489226429743,"[6.093654929669429e-05, 6.0936549296701536e-05, 1.0237960764314884e-05]",8.678330439081839e-05,0.0015490255103071029,0.0017235624182348934,0.030764467580413346,"[1.3696543297151546e-08, 2.085871436339859e-07, 1.498611153304079e-19]",2.0903634083019256e-07,4.3649993633999887e-07,0.0,0.0,False
combined_motor3_70-A_best-oracle_integral_020,A_best,combined_motor3_70,oracle_integral_020,oracle,integral_020,True,60.0,horizon,fault,5.0,60.0,True,True,7.030000000000001,2.84,7.050000000000001,"[-0.02287132931181154, -0.0011733021824925037, -0.011474230981688427]","[0.004474352888928177, -0.0025363214195793693, 0.003084748367841071]","[0.035801418324977685, 0.0024555539071012284, 0.014688544504699476]","[-0.02287132931181154, -0.0011733021824925037, 0.9885257690183116]","[0.9999965440952693, 0.001955101482903304, -0.0014828310345533482, 0.000943709612523471]","[-0.023507404382889393, 0.007421567169467392, 0.0012384596048401289]","[0.0, 0.0, 1.0]","[0.0, 0.0, 1.0]","[0.035801418324977685, 0.0024555539071012284, 1.0146885445046996]","[0.035801418324977685, 0.0024555539071012284, 1.0146885445046996]","[1.0, 1.0, 1.0, 1.0]","[1.0, 1.0, 0.7, 1.0]",False,True,"[0.22387855432393314, -0.17013100973669631, 0.10780911024717106]",,"[-0.0020020742223760997, -0.0001398407854895131]",0.002006952076455536,0.0061175496043869735,0.005778975387120622,0.05207019003397759,-0.0008655493172063625,0.0008655493172063625,0.003054637298307977,0.0029294425073207583,0.02097491637931992,0.006837779039011825,8.131516293641283e-20,1.2705494208814505e-19,5500,5.01,60.0,0.013668577961680518,0.005557827153080097,0.02736838684331134,0.013071572564168495,6.318787748394838,1.4961940743935656,0.00030285717886957347,0.025690484881823968,0.017352438144465215,1.4719563573731609,[0.28],[0.28],0.28,[0.28],[0.28],0.28,[0.0],[0.0],0.0,[0.0],[0.0],0.0,[0.0],[0.0],0.0,[0.0],[0.0],0.0,[0.0],[0.0],0.0,[0.0],[0.0],0.0,"[0.05635012248886968, 0.004128452960830433, 0.023288850912057846]",0.05650115422148831,0.023289954635533298,every physics interval; dwell = interval count * physics_dt,0.002,"[0.0, 0.0, 0.28, 0.0]","[0.0, 0.0, 0.28, 0.0]",0.28,"[0.0, 0.0, 0.0, 0.0]","[0.0, 0.0, 0.0, 0.0]",0.0,"[0.0, 0.0, 0.28, 0.0]","[0.0, 0.0, 0.28, 0.0]",0.28,"[0.0, 0.0, 0.0, 0.0]","[0.0, 0.0, 0.0, 0.0]",0.0,"[0.0, 0.0, 0.0, 0.0]","[0.0, 0.0, 0.0, 0.0]",0.0,"[0.0, 0.0, 0.0, 0.0]","[0.0, 0.0, 0.0, 0.0]",0.0,"[0.0, 0.0, 0.0, 0.0]","[0.0, 0.0, 0.0, 0.0]",0.0,"[0.0, 0.0, 0.0, 0.0]","[0.0, 0.0, 0.0, 0.0]",0.0,"[0.0789239522118374, 0.10626853458718266, 0.16576456409342183, 0.08907074706404847]","[0.05639850986538544, 0.048524188907185406, 0.0, 0.061070404306597104]","[0.46658914947999136, 0.5450207558346751, 0.6984579132005845, 0.4965893613160228]","[0.3569058854339434, 0.33705788394066993, 0.21814922562016836, 0.3687925632198814]","[0.07559369951950864, 0.05735561107410278, 0.00016144099857595684, 0.07552246669883803]","[0.2, 0.2, 0.2, 0.2]","[0.2, 0.2, 0.2, 0.2]","[0.2, 0.2, 0.13999999999999999, 0.2]","[0.2, 0.2, 0.13999999999999999, 0.2]","[0.001313565693118982, 0.0012227707760465267, 0.0015744714844542539, 0.0010468090008772318]","[0.32358357273972854, 0.4697687792412806]","[3.8248753079092013, 5.194673481613891]",27500,"body origin, body frame; no gravity/external torque","[6.041528512160646e-05, 6.039995872433975e-05, 1.015082308487274e-05]",8.603023247398363e-05,0.0015422647677567328,0.0017088927752311643,0.030638080408558477,"[9.453354439504892e-05, 8.012567429591355e-05, 1.1799600686534742e-05]",0.00012448271074180618,0.002767662490029778,0.0024282331390495086,0.06532534411705498,"[0.0001160947281213963, 0.0001109543280011213, 1.691776733528429e-05]",0.0001614777373242908,0.0035843391720642294,0.0033754462273847333,0.09023184972057768,"[6.041790406829746e-05, 6.04179040683047e-05, 1.0150823084872733e-05]",8.604467138244673e-05,0.0015426617741927963,0.0017088927752311643,0.030638080408558477,"[1.365129986001132e-08, 2.0858928132839116e-07, 1.5282671271610481e-19]",2.0903551438203836e-07,4.3725990736286306e-07,0.0,0.0,False
combined_motor3_70-B_best-existing_no_integral,B_best,combined_motor3_70,existing_no_integral,existing,no_integral,False,5.29,max_tilt,fault,5.0,60.0,True,False,,,,"[-0.0658217297477551, 0.019515042163976384, -0.008333497340685891]","[-5.690886883696036e-05, 0.0005799440705252998, -8.1003569621969e-05]","[0.0, 0.0, 0.0]","[-0.0658217297477551, 0.019515042163976384, 0.9916665026593141]","[0.9999869154451944, 7.968697654164043e-05, 0.0007146602170842817, 0.005064765460083082]","[0.0011162126811892017, -0.001637769580823129, -0.00043560545949194025]","[0.0, 0.0, 1.0]","[0.0, 0.0, 1.0]","[0.0, 0.0, 1.0]","[0.0, 0.0, 1.0]","[1.0, 1.0, 1.0, 1.0]","[1.0, 1.0, 0.7, 1.0]",False,True,"[0.009546119225705113, 0.08184673606155075, 0.5803888198511494]",,"[-0.08162800177701567, 0.037547736272787624]",0.08984966985648464,0.09454485893158421,0.029423921850662147,0.16369993397835905,-0.00827206555560988,0.00827206555560988,0.00857219858525216,0.0022484483602457426,0.010437382863958677,0.09493267582333365,-5.421010862427522e-19,-3.3881317890172014e-21,29,5.01,5.29,0.5311194153764777,0.04012678757873532,0.868998507431178,0.044454156226543175,65.62862589371323,10.885051898384269,-0.013461351844831859,0.11908397382123283,-0.7712786472495101,6.823009107603023,[0.0],[0.0],0.0,[0.25],[0.25],0.25,[0.0],[0.0],0.0,[0.04],[0.03],0.04,[0.0],[0.0],0.0,[0.0],[0.0],0.0,[0.0],[0.0],0.0,[0.0],[0.0],0.0,"[0.0, 0.0, 0.0]",0.0,0.0,every physics interval; dwell = interval count * physics_dt,0.002,"[0.0, 0.05, 0.25, 0.03]","[0.0, 0.05, 0.25, 0.03]",0.25,"[0.0, 0.0, 0.0, 0.0]","[0.0, 0.0, 0.0, 0.0]",0.0,"[0.0, 0.05, 0.25, 0.03]","[0.0, 0.05, 0.25, 0.03]",0.25,"[0.0, 0.0, 0.0, 0.0]","[0.0, 0.0, 0.0, 0.0]",0.0,"[0.0, 0.0, 0.0, 0.0]","[0.0, 0.0, 0.0, 0.0]",0.0,"[0.0, 0.0, 0.0, 0.0]","[0.0, 0.0, 0.0, 0.0]",0.0,"[0.0, 0.03, 0.0, 0.01]","[0.0, 0.03, 0.0, 0.01]",0.04,"[0.0, 0.0, 0.0, 0.0]","[0.0, 0.0, 0.0, 0.0]",0.0,"[0.09181681138610309, 0.12897583366370685, 0.12895918660638553, 0.10818504935808794]","[0.027231196751730358, 0.0, 0.0, 0.0]","[0.5045091495977643, 0.6055647266368372, 0.6055214447568226, 0.550262737605819]","[0.28432271858452063, 0.21814922562016836, 0.21814922562016836, 0.21814922562016836]","[0.03628399069639077, 0.006835756419156069, 0.00023248469535649963, 0.015210129952241525]","[0.2, 0.2, 0.2, 0.2]","[0.2, 0.2, 0.2, 0.2]","[0.2, 0.2, 0.13999999999999999, 0.2]","[0.2, 0.2, 0.13999999999999999, 0.2]","[0.013372215349322607, 0.011752216942067824, 0.018940626009021903, 0.01636216528361095]","[22.703665755423312, 20.743798458969405]","[54.399157176902634, 44.85815072244095]",145,"body origin, body frame; no gravity/external torque","[0.005333362776298564, 0.005420950008619603, 0.0008863599631368439]",0.00765617995372444,0.00958127412141739,0.15514761965716783,0.213301455250129,"[0.0006833569881987856, 0.0007456282982292743, 8.89255267340844e-05]",0.001015305905501063,0.0025067482495482584,0.044715712077450065,0.07205466244494763,"[0.005241035808205802, 0.005133754293657603, 0.0008419685788318073]",0.007384632731441922,0.009094629719024387,0.19784035461798066,0.2598711302930148,"[0.005333259503894279, 0.005421019767592556, 0.0008863599631368438]",0.007656157406999926,0.009581048031736716,0.15514761965716783,0.213301455250129,"[1.409282389995782e-07, 1.914872084245356e-07, 1.5066254098898627e-19]",2.3775642901453548e-07,3.430788311409677e-07,0.0,0.0,True
combined_motor3_70-B_best-existing_integral_020,B_best,combined_motor3_70,existing_integral_020,existing,integral_020,False,5.29,max_tilt,fault,5.0,60.0,True,False,,,,"[-0.029173499958094887, 0.011969515302513518, -0.005307699637140284]","[0.00671005859852934, -0.0024692155709061746, 0.0014013891326778594]","[0.04141497361330784, -0.011721834285616814, 0.0050933748047580375]","[-0.029173499958094887, 0.011969515302513518, 0.9946923003628597]","[0.9999891069887988, 4.832095694448425e-05, 0.0006415437162940592, 0.004622985019434303]","[0.0011876834839184187, -0.0009884574922031644, -0.00027662321703561136]","[0.0, 0.0, 1.0]","[0.0, 0.0, 1.0]","[0.04141497361330784, -0.011721834285616814, 1.0050933748047581]","[0.04141497361330784, -0.011721834285616814, 1.0050933748047581]","[1.0, 1.0, 1.0, 1.0]","[1.0, 1.0, 0.7, 1.0]",False,True,"[0.005876979348304299, 0.07348911570687076, 0.5297608263607556]",,"[-0.04396921575649995, 0.029556661230779824]",0.052980073210148804,0.060362057618018376,0.028925591481043962,0.12858414088582565,-0.005039428713819081,0.005039428713819081,0.005548379466658416,0.0023213515339931792,0.007222376252162599,0.06061652014580684,2.168404344971009e-19,4.235164736271502e-21,29,5.01,5.29,0.5263322066985422,0.040606420035805994,0.7553269109387055,0.042038462899844635,65.52719672468079,10.860395306174496,-0.014431857242267683,0.11700504326020858,-0.8268845105172494,6.70389516055557,[0.25],[0.25],0.25,[0.25],[0.25],0.25,[0.0],[0.0],0.0,[0.04],[0.03],0.04,[0.0],[0.0],0.0,[0.0],[0.0],0.0,[0.0],[0.0],0.0,[0.0],[0.0],0.0,"[0.04164757755649095, -0.011817311914859237, 0.0051366590902207]",0.04329168023092893,0.0051366590902207,every physics interval; dwell = interval count * physics_dt,0.002,"[0.0, 0.05, 0.25, 0.03]","[0.0, 0.05, 0.25, 0.03]",0.25,"[0.0, 0.0, 0.0, 0.0]","[0.0, 0.0, 0.0, 0.0]",0.0,"[0.0, 0.05, 0.25, 0.03]","[0.0, 0.05, 0.25, 0.03]",0.25,"[0.0, 0.0, 0.0, 0.0]","[0.0, 0.0, 0.0, 0.0]",0.0,"[0.0, 0.0, 0.0, 0.0]","[0.0, 0.0, 0.0, 0.0]",0.0,"[0.0, 0.0, 0.0, 0.0]","[0.0, 0.0, 0.0, 0.0]",0.0,"[0.0, 0.03, 0.0, 0.01]","[0.0, 0.03, 0.0, 0.01]",0.04,"[0.0, 0.0, 0.0, 0.0]","[0.0, 0.0, 0.0, 0.0]",0.0,"[0.09182614910110068, 0.1289700763178492, 0.1289532914828484, 0.10818148617186409]","[0.027286498509016932, 0.0, 0.0, 0.0]","[0.5045359475617578, 0.605549757858682, 0.605506117264955, 0.5502530172381621]","[0.28445826271249586, 0.21814922562016836, 0.21814922562016836, 0.21814922562016836]","[0.03635208735486761, 0.006844514050102585, 0.0002326046586771935, 0.01524244826418375]","[0.2, 0.2, 0.2, 0.2]","[0.2, 0.2, 0.2, 0.2]","[0.2, 0.2, 0.13999999999999999, 0.2]","[0.2, 0.2, 0.13999999999999999, 0.2]","[0.013358093771802628, 0.011759310334557793, 0.018938319064512477, 0.0163675986485927]","[22.659649029281482, 20.743586525131104]","[54.25160550272102, 44.84021808883194]",145,"body origin, body frame; no gravity/external torque","[0.005333738016945225, 0.0054219604466956865, 0.0008865391582920251]",0.007657177547773358,0.009586344949542256,0.15515473009917705,0.21333949036940458,"[0.0006831354186197982, 0.0007449654090170728, 8.914327773877317e-05]",0.0010146891074466274,0.002504888011207488,0.04471158301126728,0.07209478309591943,"[0.005241559617975626, 0.005135085319757474, 0.0008420549949516128]",0.007385939688658748,0.009097534097835746,0.1978404478375888,0.2600441230897397,"[0.0053336350006349805, 0.005422030446201264, 0.0008865391582920249]",0.007657155356835665,0.009586119219440976,0.15515473009917705,0.21333949036940458,"[1.4071536965966964e-07, 1.9143674333878916e-07, 2.2778035162853313e-19]",2.375896503609088e-07,3.429876194868205e-07,0.0,0.0,True
combined_motor3_70-B_best-oracle_no_integral,B_best,combined_motor3_70,oracle_no_integral,oracle,no_integral,False,5.39,max_tilt,fault,5.0,60.0,True,False,,,,"[-0.0658217297477551, 0.019515042163976384, -0.008333497340685891]","[-5.690886883696036e-05, 0.0005799440705252998, -8.1003569621969e-05]","[0.0, 0.0, 0.0]","[-0.0658217297477551, 0.019515042163976384, 0.9916665026593141]","[0.9999869154451944, 7.968697654164043e-05, 0.0007146602170842817, 0.005064765460083082]","[0.0011162126811892017, -0.001637769580823129, -0.00043560545949194025]","[0.0, 0.0, 1.0]","[0.0, 0.0, 1.0]","[0.0, 0.0, 1.0]","[0.0, 0.0, 1.0]","[1.0, 1.0, 1.0, 1.0]","[1.0, 1.0, 0.7, 1.0]",False,True,"[0.009546119225705113, 0.08184673606155075, 0.5803888198511494]",,"[-0.09082936755421124, 0.04971988421659681]",0.10354728821562541,0.11384604232581055,0.047316809449079025,0.22648117667715592,-0.002350834985094301,0.002350834985094301,0.009312372438027761,0.009010763302706148,0.018493621556058493,0.11422627383257666,-2.6020852139652106e-18,-2.710505431213761e-20,39,5.01,5.39,0.6345844420727446,0.10102702721143046,1.0585180128381422,0.12081808791159662,64.54026985205405,9.571524791872019,-0.03254201742425494,0.10090571119939744,-1.8645202552509943,5.781471380491437,[0.0],[0.0],0.0,[0.38],[0.38],0.38,[0.0],[0.0],0.0,[0.09],[0.09],0.09,[0.0],[0.0],0.0,[0.0],[0.0],0.0,[0.0],[0.0],0.0,[0.0],[0.0],0.0,"[0.0, 0.0, 0.0]",0.0,0.0,every physics interval; dwell = interval count * physics_dt,0.002,"[0.0, 0.0, 0.38, 0.0]","[0.0, 0.0, 0.38, 0.0]",0.38,"[0.0, 0.0, 0.0, 0.0]","[0.0, 0.0, 0.0, 0.0]",0.0,"[0.0, 0.0, 0.38, 0.0]","[0.0, 0.0, 0.38, 0.0]",0.38,"[0.0, 0.0, 0.0, 0.0]","[0.0, 0.0, 0.0, 0.0]",0.0,"[0.0, 0.0, 0.0, 0.0]","[0.0, 0.0, 0.0, 0.0]",0.0,"[0.0, 0.0, 0.0, 0.0]","[0.0, 0.0, 0.0, 0.0]",0.0,"[0.0, 0.09, 0.0, 0.0]","[0.0, 0.09, 0.0, 0.0]",0.09,"[0.0, 0.0, 0.0, 0.0]","[0.0, 0.0, 0.0, 0.0]",0.0,"[0.09368051931484012, 0.12897583366370638, 0.18422740943769256, 0.10818504935808797]","[0.045732305196321904, 0.020670407038365146, 0.0, 0.007657053138188208]","[0.509840477027378, 0.6055647266368372, 0.7436432222741861, 0.550262737605819]","[0.3300714786862958, 0.26828330967174085, 0.21814922562016836, 0.236666268861632]","[0.0528372132784492, 0.024964198708925606, 2.1945194876860086e-05, 0.019883689840004826]","[0.2, 0.2, 0.2, 0.2]","[0.2, 0.2, 0.2, 0.2]","[0.2, 0.2, 0.13999999999999999, 0.2]","[0.2, 0.2, 0.13999999999999999, 0.2]","[0.008685163501319851, 0.007253033106408715, 0.01728114423717748, 0.010792243659428834]","[19.934424382001176, 19.91473119826064]","[48.40106441679582, 49.64737198075766]",195,"body origin, body frame; no gravity/external torque","[0.0052816466709914795, 0.00528154368641219, 0.0008873671619630441]",0.007521829282083326,0.010102627928273595,0.149388411104891,0.20064294667637506,"[0.0006242622364045138, 0.0006368317077713017, 8.714177278688515e-05]",0.000896019895084991,0.0024128479964633715,0.02668552752985718,0.042162109656353086,"[0.005380113589170354, 0.005003489385023913, 0.0008517424029391654]",0.007396350003845616,0.009583405744162294,0.17244598631689584,0.23294871432863185,"[0.005281627274613419, 0.005281627274613558, 0.0008873671619630441]",0.007521874355239695,0.010102597811988762,0.149388411104891,0.20064294667637506,"[7.835106923612627e-08, 1.983096276394487e-07, 1.552826604365473e-19]",2.1322663638706355e-07,3.4601322376511756e-07,0.0,0.0,True
combined_motor3_70-B_best-oracle_integral_020,B_best,combined_motor3_70,oracle_integral_020,oracle,integral_020,False,5.39,max_tilt,fault,5.0,60.0,True,False,,,,"[-0.029173499958094887, 0.011969515302513518, -0.005307699637140284]","[0.00671005859852934, -0.0024692155709061746, 0.0014013891326778594]","[0.04141497361330784, -0.011721834285616814, 0.0050933748047580375]","[-0.029173499958094887, 0.011969515302513518, 0.9946923003628597]","[0.9999891069887988, 4.832095694448425e-05, 0.0006415437162940592, 0.004622985019434303]","[0.0011876834839184187, -0.0009884574922031644, -0.00027662321703561136]","[0.0, 0.0, 1.0]","[0.0, 0.0, 1.0]","[0.04141497361330784, -0.011721834285616814, 1.0050933748047581]","[0.04141497361330784, -0.011721834285616814, 1.0050933748047581]","[1.0, 1.0, 1.0, 1.0]","[1.0, 1.0, 0.7, 1.0]",False,True,"[0.005876979348304299, 0.07348911570687076, 0.5297608263607556]",,"[-0.052808082531346494, 0.04149125010699717]",0.06715815226820118,0.08169696933712213,0.046520719929852565,0.1916593805078211,0.0009265779769095486,0.0009265779769095486,0.009171171510228733,0.009124244632994964,0.022050963245808353,0.08221012824306204,-1.734723475976807e-18,0.0,39,5.01,5.39,0.62746659964386,0.10204066006802456,0.9461793585166327,0.12922541385155883,64.03979881446705,9.48546967801286,-0.03393008283428928,0.0930787922742812,-1.9440505449340577,5.333021959491206,[0.38],[0.38],0.38,[0.38],[0.38],0.38,[0.0],[0.0],0.0,[0.09],[0.09],0.09,[0.0],[0.0],0.0,[0.0],[0.0],0.0,[0.0],[0.0],0.0,[0.0],[0.0],0.0,"[0.041473320613224035, -0.011745773316221841, 0.005103990204032318]",0.04310451848105188,0.005103990204032318,every physics interval; dwell = interval count * physics_dt,0.002,"[0.0, 0.0, 0.38, 0.0]","[0.0, 0.0, 0.38, 0.0]",0.38,"[0.0, 0.0, 0.0, 0.0]","[0.0, 0.0, 0.0, 0.0]",0.0,"[0.0, 0.0, 0.38, 0.0]","[0.0, 0.0, 0.38, 0.0]",0.38,"[0.0, 0.0, 0.0, 0.0]","[0.0, 0.0, 0.0, 0.0]",0.0,"[0.0, 0.0, 0.0, 0.0]","[0.0, 0.0, 0.0, 0.0]",0.0,"[0.0, 0.0, 0.0, 0.0]","[0.0, 0.0, 0.0, 0.0]",0.0,"[0.0, 0.09, 0.0, 0.0]","[0.0, 0.09, 0.0, 0.0]",0.09,"[0.0, 0.0, 0.0, 0.0]","[0.0, 0.0, 0.0, 0.0]",0.0,"[0.0936835815075365, 0.12897007631784874, 0.18421898783263954, 0.10818148617186411]","[0.04600211600077622, 0.020894634756068037, 0.0, 0.008187720583992697]","[0.5098492085419853, 0.605549757858682, 0.7436227457190281, 0.5502530172381621]","[0.3307455719205088, 0.26883022545081103, 0.21814922562016836, 0.23795151004174186]","[0.0530441181229791, 0.02523734985857093, 2.1946684349849477e-05, 0.020403783421614363]","[0.2, 0.2, 0.2, 0.2]","[0.2, 0.2, 0.2, 0.2]","[0.2, 0.2, 0.13999999999999999, 0.2]","[0.2, 0.2, 0.13999999999999999, 0.2]","[0.008649769216555954, 0.007207281522644752, 0.017281705605688896, 0.010727267232323175]","[19.73891239371347, 19.8364842985403]","[47.70123777789285, 49.42489586734848]",195,"body origin, body frame; no gravity/external torque","[0.005279338068731832, 0.005279234483816536, 0.0008869793415990382]",0.007518541050729343,0.01010411841155414,0.1493231214813209,0.20067257534279004,"[0.0006224713310868383, 0.0006348460463703278, 8.71805491001731e-05]",0.0008933647120624725,0.0024128806740079047,0.026553258671806843,0.042159307495235776,"[0.00537634899557148, 0.00500324162785654, 0.000851856168929056]",0.007393457529562304,0.009585565040004953,0.1722542059787036,0.2328061187139321,"[0.005279318959972097, 0.005279318959972237, 0.0008869793415990382]",0.0075185869493320815,0.010104089648634178,0.1493231214813209,0.20067257534279004,"[7.779858292786164e-08, 1.9818691396373752e-07, 1.6652210161744254e-19]",2.1291001003253292e-07,3.459098442888873e-07,0.0,0.0,True
motor1_70_restore-A_best-existing_no_integral,A_best,motor1_70_restore,existing_no_integral,existing,no_integral,True,60.0,horizon,fault,5.0,30.0,True,True,,,,"[-0.0014091946751221968, -0.0012472155546629636, 0.0013207490473752248]","[3.5676140285760874e-05, 3.2943079579180396e-06, -4.5146057417549625e-06]","[0.0, 0.0, 0.0]","[-0.0014091946751221968, -0.0012472155546629636, 1.0013207490473752]","[0.9999993282147704, 0.00011704159297046778, -6.0193195244931806e-05, -0.001151628435131659]","[0.0001687712517936008, -0.00025152766835442436, 4.4436097995338325e-05]","[0.0, 0.0, 1.0]","[0.0, 0.0, 1.0]","[0.0, 0.0, 1.0]","[0.0, 0.0, 1.0]","[1.0, 1.0, 1.0, 1.0]","[0.7, 1.0, 1.0, 1.0]",True,True,"[0.013419913328181474, -0.006882181852767136, -0.13196773409179793]",,"[0.07172601673870385, -0.06709040150122034]",0.09821274586730469,0.09882352452749077,0.010970211904963936,0.10098163418390511,0.005658658525678524,0.005658658525678524,0.007612318076689163,0.005091853315881595,0.023642292913926943,0.09911627710187797,-1.5598958756635195e-17,-4.743384504624082e-20,2500,5.01,30.0,0.02586922616281255,0.00873371246139812,0.39817287983996535,0.031813559837476434,8.36793097258244,2.1582070641336792,-0.1202415928288747,0.12408436623677271,-6.889335791025025,7.109510488922686,[0.0],[0.0],0.0,[0.0],[0.0],0.0,[0.0],[0.0],0.0,[0.0],[0.0],0.0,[0.0],[0.0],0.0,[0.0],[0.0],0.0,[0.0],[0.0],0.0,[0.0],[0.0],0.0,"[0.0, 0.0, 0.0]",0.0,0.0,every physics interval; dwell = interval count * physics_dt,0.002,"[0.0, 0.0, 0.0, 0.0]","[0.0, 0.0, 0.0, 0.0]",0.0,"[0.0, 0.0, 0.0, 0.0]","[0.0, 0.0, 0.0, 0.0]",0.0,"[0.0, 0.0, 0.0, 0.0]","[0.0, 0.0, 0.0, 0.0]",0.0,"[0.0, 0.0, 0.0, 0.0]","[0.0, 0.0, 0.0, 0.0]",0.0,"[0.0, 0.0, 0.0, 0.0]","[0.0, 0.0, 0.0, 0.0]",0.0,"[0.0, 0.0, 0.0, 0.0]","[0.0, 0.0, 0.0, 0.0]",0.0,"[0.0, 0.0, 0.0, 0.0]","[0.0, 0.0, 0.0, 0.0]",0.0,"[0.0, 0.0, 0.0, 0.0]","[0.0, 0.0, 0.0, 0.0]",0.0,"[0.10640818220434738, 0.08843428700143051, 0.08187309022688405, 0.0899380197813453]","[0.003931860817610211, 0.07632637210315235, 0.0719245788959609, 0.07466890940362014]","[0.545403654557467, 0.49474243946358254, 0.47543651156586475, 0.4990991154328981]","[0.22765163964108415, 0.40829421633176843, 0.3967783480506758, 0.4039457643689188]","[0.01863614590270915, 0.08449172715960487, 0.08430488408257042, 0.08545726119676533]","[0.2, 0.2, 0.2, 0.2]","[0.2, 0.2, 0.2, 0.2]","[0.13999999999999999, 0.2, 0.2, 0.2]","[0.13999999999999999, 0.2, 0.2, 0.2]","[0.002762292394397842, 0.0013224877621419702, 0.0013099262191872544, 0.0010108489897670719]","[0.5584700023394902, 0.5930102651166445]","[5.2994481210161535, 6.533754503332589]",12500,"body origin, body frame; no gravity/external torque","[0.0016136228262103763, 0.0016136227334188128, 0.0002711051548987375]",0.0022980546025031306,0.002961371499443258,0.04564059846780099,0.05882044175471696,"[0.00010699998135486454, 0.0001297241095117755, 1.1901029215742181e-05]",0.00016857928429958046,0.0025488522161609857,0.002504398226975287,0.04817689865360203,"[0.0016202487138944175, 0.0016225947098255393, 0.0002718625085059542]",0.0023090969470252833,0.005218100855391402,0.04580005783518386,0.10338001984847822,"[0.0016136233588291944, 0.0016136233588291081, 0.00027110515489873755]",0.0022980554156353146,0.002961675334293693,0.04564059846780099,0.05882044175471696,"[1.5961930433964935e-08, 2.0325143545741013e-08, 1.5129185701554324e-19]",2.5843658474250948e-08,3.482528725748133e-07,0.0,0.0,False
motor1_70_restore-A_best-existing_no_integral,A_best,motor1_70_restore,existing_no_integral,existing,no_integral,True,60.0,horizon,restore,30.0,60.0,True,True,2.780000000000001,2.4100000000000037,3.049999999999997,"[0.07345525135844264, -0.06832397590681469, 0.007216959566229919]","[-4.032406628569915e-08, 8.529797588259244e-07, 1.0677632223433028e-07]","[0.0, 0.0, 0.0]","[0.07345525135844264, -0.06832397590681469, 1.00721695956623]","[0.9980769425088384, 1.468051549521829e-07, -7.775159499456738e-08, -0.061987231202735305]","[3.978915834601075e-06, 7.755406361774058e-07, 8.200017977320731e-08]","[0.0, 0.0, 1.0]","[0.0, 0.0, 1.0]","[0.0, 0.0, 1.0]","[0.0, 0.0, 1.0]","[0.7, 1.0, 1.0, 1.0]","[1.0, 1.0, 1.0, 1.0]",False,True,"[1.7342566867723146e-05, -7.849754313957002e-06, -7.107770264581018]",,"[8.624046398111002e-05, -0.002272059704930443]",0.0022736958284687706,0.010239214204285377,0.00998357725471402,0.10031811911488446,0.0024413943450923045,0.0024413943450923045,0.00461784595819499,0.003919705976903,0.026422978005614883,0.011232364346603846,1.3552527156068805e-20,2.0328790734103208e-20,3000,30.01,60.0,0.023729270207014777,0.006342492777035024,0.030061665435460447,0.01936533524721796,9.757973889225125,2.815110827293145,-0.005667376678238764,0.12354357793999993,-0.3247167645739531,7.078525601907537,[0.0],[0.0],0.0,[0.0],[0.0],0.0,[0.0],[0.0],0.0,[0.0],[0.0],0.0,[0.0],[0.0],0.0,[0.0],[0.0],0.0,[0.0],[0.0],0.0,[0.0],[0.0],0.0,"[0.0, 0.0, 0.0]",0.0,0.0,every physics interval; dwell = interval count * physics_dt,0.002,"[0.0, 0.0, 0.0, 0.0]","[0.0, 0.0, 0.0, 0.0]",0.0,"[0.0, 0.0, 0.0, 0.0]","[0.0, 0.0, 0.0, 0.0]",0.0,"[0.0, 0.0, 0.0, 0.0]","[0.0, 0.0, 0.0, 0.0]",0.0,"[0.0, 0.0, 0.0, 0.0]","[0.0, 0.0, 0.0, 0.0]",0.0,"[0.0, 0.0, 0.0, 0.0]","[0.0, 0.0, 0.0, 0.0]",0.0,"[0.0, 0.0, 0.0, 0.0]","[0.0, 0.0, 0.0, 0.0]",0.0,"[0.0, 0.0, 0.0, 0.0]","[0.0, 0.0, 0.0, 0.0]",0.0,"[0.0, 0.0, 0.0, 0.0]","[0.0, 0.0, 0.0, 0.0]",0.0,"[0.0487762602763021, 0.07874901649287248, 0.08307732544032485, 0.09122476394718083]","[0.04656345359266226, 0.06759872934779096, 0.06406079656008101, 0.07235533541097633]","[0.3678349549073912, 0.4660608064818725, 0.4790177949050469, 0.5028082473993879]","[0.3321487444381409, 0.38555849364835304, 0.37644877749311645, 0.3979007454306427]","[0.04800103471997996, 0.08098111215834214, 0.07884911749173701, 0.08399493080886429]","[0.2, 0.2, 0.2, 0.2]","[0.2, 0.2, 0.2, 0.2]","[0.2, 0.2, 0.2, 0.2]","[0.2, 0.2, 0.2, 0.2]","[0.003948970997480816, 0.0022468205825642118, 0.0017917791020509058, 0.0012163512823277142]","[0.5798732291426769, 0.5579052703966761]","[6.422406199555238, 7.469045969783092]",15000,"body origin, body frame; no gravity/external torque","[2.7814323772614794e-08, 4.062349243296347e-08, 2.0384964743406423e-19]",4.9233167117085985e-08,5.246731872993515e-07,4.7536909884997324e-17,5.551115123125783e-17,"[0.00018255993495247877, 0.0002591964733302026, 2.2397629633012936e-05]",0.0003178247873433535,0.003887462585800296,0.00259324343804168,0.04507683391946943,"[0.00018253532524779598, 0.0002591602813174144, 2.239762963301295e-05]",0.00031778113567205323,0.0038870555152308557,0.0025932434380416805,0.04507683391946943,"[6.578764308417131e-17, 1.1823236148876624e-18, 2.1875533446293073e-19]",6.57986301194562e-17,9.218336522217619e-17,4.7536909884997324e-17,5.551115123125783e-17,"[2.78143237736457e-08, 4.0623492433065735e-08, 1.5378864177352118e-19]",4.923316711775273e-08,5.246731872711069e-07,0.0,0.0,False
motor1_70_restore-A_best-existing_integral_020,A_best,motor1_70_restore,existing_integral_020,existing,integral_020,True,60.0,horizon,fault,5.0,30.0,True,True,14.3,6.34,14.3,"[-0.0006104664401270879, -0.0004900476000064475, 0.0005719515824553767]","[0.00021437792211345707, 0.0001769829165344288, -0.00014423147032059265]","[0.0009129955770281843, 0.0008251787729572915, -0.0008281162787875247]","[-0.0006104664401270879, -0.0004900476000064475, 1.0005719515824554]","[0.9999992980492342, 0.00012113708194464992, -6.164270386599287e-05, -0.001177041640502893]","[0.00037851806731536205, -0.0003590578180380222, 4.56231168353424e-05]","[0.0, 0.0, 1.0]","[0.0, 0.0, 1.0]","[0.0009129955770281843, 0.0008251787729572915, 0.9991718837212125]","[0.0009129955770281843, 0.0008251787729572915, 0.9991718837212125]","[1.0, 1.0, 1.0, 1.0]","[0.7, 1.0, 1.0, 1.0]",True,True,"[0.013889591881559686, -0.007047389745057051, -0.13487992322499745]",,"[0.014819505692156114, -0.013451310113063036]",0.020013882499845936,0.03227021777017477,0.02531425413115831,0.08951199664949912,0.0013036054825674053,0.0013036054825674053,0.005244991071895091,0.005080407866508302,0.02402428891042996,0.03269368266620881,-1.6263032587282567e-18,-3.049318610115481e-20,2500,5.01,30.0,0.026211169624360226,0.009315374867979776,0.13173581006395427,0.022969101689707498,8.368769888764307,2.1582946914519905,-0.12123050815816507,0.12713666582571123,-6.945996465689153,7.284394373178379,[0.0],[0.0],0.0,[0.0],[0.0],0.0,[0.0],[0.0],0.0,[0.0],[0.0],0.0,[0.0],[0.0],0.0,[0.0],[0.0],0.0,[0.0],[0.0],0.0,[0.0],[0.0],0.0,"[-0.07318267712129241, 0.06808214978445086, -0.007347506881680453]",0.09995440635565667,0.007724131195038568,every physics interval; dwell = interval count * physics_dt,0.002,"[0.0, 0.0, 0.0, 0.0]","[0.0, 0.0, 0.0, 0.0]",0.0,"[0.0, 0.0, 0.0, 0.0]","[0.0, 0.0, 0.0, 0.0]",0.0,"[0.0, 0.0, 0.0, 0.0]","[0.0, 0.0, 0.0, 0.0]",0.0,"[0.0, 0.0, 0.0, 0.0]","[0.0, 0.0, 0.0, 0.0]",0.0,"[0.0, 0.0, 0.0, 0.0]","[0.0, 0.0, 0.0, 0.0]",0.0,"[0.0, 0.0, 0.0, 0.0]","[0.0, 0.0, 0.0, 0.0]",0.0,"[0.0, 0.0, 0.0, 0.0]","[0.0, 0.0, 0.0, 0.0]",0.0,"[0.0, 0.0, 0.0, 0.0]","[0.0, 0.0, 0.0, 0.0]",0.0,"[0.10640882131714798, 0.08849001402278399, 0.0818762049755655, 0.08993821590967435]","[0.003924635020195161, 0.076199450965575, 0.0719091111481873, 0.07465380010759018]","[0.5454054065926676, 0.49490432609508206, 0.47544579753419375, 0.4990996820999518]","[0.22763416576001405, 0.4079606949153508, 0.39673806245536614, 0.40390619334552835]","[0.018631769698342862, 0.08437026528512574, 0.08428736841006952, 0.08544367999439854]","[0.2, 0.2, 0.2, 0.2]","[0.2, 0.2, 0.2, 0.2]","[0.13999999999999999, 0.2, 0.2, 0.2]","[0.13999999999999999, 0.2, 0.2, 0.2]","[0.0027624169068712896, 0.0013202844659030817, 0.001310145810919365, 0.001010707183529191]","[0.5633629273586453, 0.5959817274311145]","[5.3011110031453486, 6.5334059843363566]",12500,"body origin, body frame; no gravity/external torque","[0.001613627154776486, 0.0016136270617947348, 0.0002711058820984949]",0.0022980607669286653,0.0029614806450798717,0.045640720892002634,0.05882260949394147,"[0.00010690661500879856, 0.0001296659369389798, 1.1896357497489817e-05]",0.00016847493242797657,0.0025488009246131473,0.0025064745293622913,0.04820366363959472,"[0.0016202458405901745, 0.0016225948647298626, 0.00027186300179123086]",0.0023090950978122164,0.005218058401068024,0.04580031813953577,0.10340399076682993,"[0.001613627687136847, 0.0016136276871367486, 0.000271105882098495]",0.0022980615798314265,0.0029617844823993686,0.045640720892002634,0.05882260949394147,"[1.5947329874790584e-08, 2.03161141897561e-08, 1.5185024591922791e-19]",2.5827540066885914e-08,3.48241777044149e-07,0.0,0.0,False
motor1_70_restore-A_best-existing_integral_020,A_best,motor1_70_restore,existing_integral_020,existing,integral_020,True,60.0,horizon,restore,30.0,60.0,True,True,14.310000000000002,6.039999999999999,14.32,"[0.0003174147896777911, -0.00027982451063619156, -0.00010964344549879712]","[-7.365129360341123e-05, 6.5654878510668e-05, 1.5828080491006463e-05]","[-0.07318267712129241, 0.06808214978445086, -0.007347506881680453]","[0.0003174147896777911, -0.00027982451063619156, 0.9998903565545012]","[0.9980762731887958, 7.05385045629431e-07, 8.191208355444508e-07, -0.061998007196972627]","[4.078970418464998e-06, 7.819182445302219e-08, 5.763902222833671e-06]","[0.0, 0.0, 1.0]","[0.0, 0.0, 1.0]","[-0.07318267712129241, 0.06808214978445086, 0.9926524931183196]","[-0.07318267712129241, 0.06808214978445086, 0.9926524931183196]","[0.7, 1.0, 1.0, 1.0]","[1.0, 1.0, 1.0, 1.0]",True,True,"[7.48562733710411e-05, 9.869513582991187e-05, -7.109007482153805]",,"[-0.012422451381240592, 0.01111741284895846]",0.016670757834407916,0.029305618045510348,0.024101972580182485,0.08974696994366002,-0.0010124771580845363,0.0010124771580845363,0.004100079981508088,0.00397310279996886,0.018690488480797907,0.02959104433581392,3.2526065174565133e-19,3.049318610115481e-20,3000,30.01,60.0,0.024042840948563123,0.006799554040224585,0.11968195032281029,0.017764387048630984,9.757919293135739,2.815119315281327,-0.00486582925070741,0.12356511886227953,-0.27879147989683833,7.079759805840977,[0.0],[0.0],0.0,[0.0],[0.0],0.0,[0.0],[0.0],0.0,[0.0],[0.0],0.0,[0.0],[0.0],0.0,[0.0],[0.0],0.0,[0.0],[0.0],0.0,[0.0],[0.0],0.0,"[0.0013511941404057272, 0.0013784054751787415, -0.0012723220890210418]",0.09995862256753807,0.010040332413634888,every physics interval; dwell = interval count * physics_dt,0.002,"[0.0, 0.0, 0.0, 0.0]","[0.0, 0.0, 0.0, 0.0]",0.0,"[0.0, 0.0, 0.0, 0.0]","[0.0, 0.0, 0.0, 0.0]",0.0,"[0.0, 0.0, 0.0, 0.0]","[0.0, 0.0, 0.0, 0.0]",0.0,"[0.0, 0.0, 0.0, 0.0]","[0.0, 0.0, 0.0, 0.0]",0.0,"[0.0, 0.0, 0.0, 0.0]","[0.0, 0.0, 0.0, 0.0]",0.0,"[0.0, 0.0, 0.0, 0.0]","[0.0, 0.0, 0.0, 0.0]",0.0,"[0.0, 0.0, 0.0, 0.0]","[0.0, 0.0, 0.0, 0.0]",0.0,"[0.0, 0.0, 0.0, 0.0]","[0.0, 0.0, 0.0, 0.0]",0.0,"[0.048774238894587874, 0.07864744331876172, 0.08306208946517646, 0.0911424690351415]","[0.046590071245917575, 0.06764205298028367, 0.06408332527890764, 0.07239049425173211]","[0.36782765975167275, 0.4657538478007202, 0.4789725949572132, 0.5025715381439638]","[0.33221530510848707, 0.38567040766745475, 0.3765066055926446, 0.39799239921381013]","[0.048001066000167514, 0.08101666875052957, 0.07887300716612225, 0.08402248193689528]","[0.2, 0.2, 0.2, 0.2]","[0.2, 0.2, 0.2, 0.2]","[0.2, 0.2, 0.2, 0.2]","[0.2, 0.2, 0.2, 0.2]","[0.003947987552476252, 0.002253496585094337, 0.0017923519832356868, 0.0012190080119012091]","[0.5858578264806199, 0.5617612453157685]","[6.422384566919357, 7.469021443411776]",15000,"body origin, body frame; no gravity/external torque","[2.7838616638131285e-08, 4.063972504913724e-08, 2.0492896137187467e-19]",4.9260286523672406e-08,5.246648691893045e-07,4.7157259346988436e-17,5.551115123125783e-17,"[0.00018272058654714057, 0.00025930018800838925, 2.241139261366806e-05]",0.00031800262698317985,0.0038872529877317526,0.0025962848312194317,0.04508125004660979,"[0.00018269595213411013, 0.0002592639805565232, 2.2411392613668077e-05]",0.0003179589487010689,0.0038868459530625515,0.0025962848312194313,0.045081250046609844,"[6.57942148087341e-17, 1.1760266927561066e-18, 2.1422453252961169e-19]",6.580507300528076e-17,9.129967292230833e-17,4.7157259346988436e-17,5.551115123125783e-17,"[2.7838616639149537e-08, 4.063972504923036e-08, 1.5776290350209256e-19]",4.926028652432455e-08,5.246648691592445e-07,0.0,0.0,False
motor1_70_restore-A_best-oracle_no_integral,A_best,motor1_70_restore,oracle_no_integral,oracle,no_integral,True,60.0,horizon,fault,5.0,30.0,True,True,0.7599999999999998,0.10000000000000053,0.7700000000000005,"[-0.0014091946751221968, -0.0012472155546629636, 0.0013207490473752248]","[3.5676140285760874e-05, 3.2943079579180396e-06, -4.5146057417549625e-06]","[0.0, 0.0, 0.0]","[-0.0014091946751221968, -0.0012472155546629636, 1.0013207490473752]","[0.9999993282147704, 0.00011704159297046778, -6.0193195244931806e-05, -0.001151628435131659]","[0.0001687712517936008, -0.00025152766835442436, 4.4436097995338325e-05]","[0.0, 0.0, 1.0]","[0.0, 0.0, 1.0]","[0.0, 0.0, 1.0]","[0.0, 0.0, 1.0]","[1.0, 1.0, 1.0, 1.0]","[0.7, 1.0, 1.0, 1.0]",True,True,"[0.013419913328181474, -0.006882181852767136, -0.13196773409179793]",,"[-0.0012853126168247023, -0.0014031608282968821]",0.0019028633248437882,0.002231265603499838,0.0011651855475957242,0.009906682809201992,0.001297308319641192,0.001297308319641192,0.0013589531679368834,0.0004046539712340007,0.0024095172829059486,0.0026125274938279953,-8.893845946170154e-21,-9.396771758602394e-21,2500,5.01,30.0,0.00629458608784344,0.0021449976587519445,0.010937618887116276,0.00584732831025091,3.5078225122294926,1.3871904902199692,-0.002530410331089101,0.009816698109604269,-0.14498183240770676,0.5624553704343782,[0.0],[0.0],0.0,[0.06],[0.06],0.06,[0.0],[0.0],0.0,[0.0],[0.0],0.0,[0.0],[0.0],0.0,[0.0],[0.0],0.0,[0.0],[0.0],0.0,[0.0],[0.0],0.0,"[0.0, 0.0, 0.0]",0.0,0.0,every physics interval; dwell = interval count * physics_dt,0.002,"[0.06, 0.0, 0.0, 0.0]","[0.06, 0.0, 0.0, 0.0]",0.06,"[0.0, 0.0, 0.0, 0.0]","[0.0, 0.0, 0.0, 0.0]",0.0,"[0.06, 0.0, 0.0, 0.0]","[0.06, 0.0, 0.0, 0.0]",0.06,"[0.0, 0.0, 0.0, 0.0]","[0.0, 0.0, 0.0, 0.0]",0.0,"[0.0, 0.0, 0.0, 0.0]","[0.0, 0.0, 0.0, 0.0]",0.0,"[0.0, 0.0, 0.0, 0.0]","[0.0, 0.0, 0.0, 0.0]",0.0,"[0.0, 0.0, 0.0, 0.0]","[0.0, 0.0, 0.0, 0.0]",0.0,"[0.0, 0.0, 0.0, 0.0]","[0.0, 0.0, 0.0, 0.0]",0.0,"[0.11384878785279486, 0.09283015716101622, 0.09085613274190463, 0.09723343375223603]","[0.0, 0.07780777471225554, 0.07483478238896388, 0.08319033977717723]","[0.5655986231979513, 0.5074122039763551, 0.5017473921666132, 0.5199111651277369]","[0.21814922562016836, 0.41219372685540834, 0.40438026462957843, 0.426470782755924]","[0.015637714678574485, 0.08631472122426512, 0.08429497315218348, 0.08924272176988879]","[0.2, 0.2, 0.2, 0.2]","[0.2, 0.2, 0.2, 0.2]","[0.13999999999999999, 0.2, 0.2, 0.2]","[0.13999999999999999, 0.2, 0.2, 0.2]","[0.004172646729931785, 0.0014357702458723547, 0.0012418085810715776, 0.000805084403161076]","[0.20502057973174578, 0.22818673809339526]","[2.346582154686135, 2.6552144385410634]",12500,"body origin, body frame; no gravity/external torque","[2.852212919987193e-05, 2.8522484329240988e-05, 4.793759285030158e-06]",4.0620488604752667e-05,0.00111735024603018,0.0008070301826649952,0.022198021369317977,"[0.00013377006961730374, 0.00017769459702055042, 1.683964503059803e-05]",0.00022305464572716427,0.003035806763152362,0.0018787960882852277,0.03612823618592398,"[0.0001480234098127779, 0.00018886132506692666, 1.9455176529500655e-05]",0.00024074474833821614,0.003558408036745666,0.0023611182076413747,0.04262910673393949,"[2.853255210811752e-05, 2.85325521081177e-05, 4.793759285030159e-06]",4.0634876494062406e-05,0.0011176953181306793,0.0008070301826649952,0.022198021369317977,"[1.980370232706654e-08, 2.7231111355764803e-08, 1.5122968653541018e-19]",3.3670759592399144e-08,3.481370535584734e-07,0.0,0.0,False
motor1_70_restore-A_best-oracle_no_integral,A_best,motor1_70_restore,oracle_no_integral,oracle,no_integral,True,60.0,horizon,restore,30.0,60.0,True,True,0.8100000000000023,0.07000000000000028,0.8100000000000023,"[-0.0014375384752823423, -0.0013035863108399337, 0.0013277787009331465]","[-1.5348287793261417e-07, -4.224036029568321e-07, 5.007294955679971e-08]","[0.0, 0.0, 0.0]","[-0.0014375384752823423, -0.0013035863108399337, 1.0013277787009331]","[0.9999993420116478, 2.4370290905650616e-07, -1.4048513294650527e-07, -0.0011471600553696853]","[-2.0770731200302305e-06, 8.906368485212225e-07, 2.151620588404505e-07]","[0.0, 0.0, 1.0]","[0.0, 0.0, 1.0]","[0.0, 0.0, 1.0]","[0.0, 0.0, 1.0]","[0.7, 1.0, 1.0, 1.0]","[1.0, 1.0, 1.0, 1.0]",True,True,"[2.794474536619199e-05, -1.6066363880175708e-05, -0.13145488803320476]",,"[-0.0015219043246069593, -0.0011479099271720595]",0.0019062764684477243,0.00224467779995646,0.0011851955330070426,0.01014807026074658,0.0012519704346720156,0.0012519704346720156,0.0013085727153151249,0.00038070012079635234,0.002968169346401872,0.002598257296128421,-1.0587911840678754e-21,5.6910026143648304e-21,3000,30.01,60.0,0.006091114998952721,0.0018856682812927144,0.010863508466272499,0.005565884673916933,4.407315056535935,1.9821214058518182,-0.0020998675368937287,0.007938735783980463,-0.12031354740054234,0.45485605509156135,[0.0],[0.0],0.0,[0.0],[0.0],0.0,[0.0],[0.0],0.0,[0.0],[0.0],0.0,[0.0],[0.0],0.0,[0.0],[0.0],0.0,[0.0],[0.0],0.0,[0.0],[0.0],0.0,"[0.0, 0.0, 0.0]",0.0,0.0,every physics interval; dwell = interval count * physics_dt,0.002,"[0.0, 0.0, 0.0, 0.0]","[0.0, 0.0, 0.0, 0.0]",0.0,"[0.0, 0.0, 0.0, 0.0]","[0.0, 0.0, 0.0, 0.0]",0.0,"[0.0, 0.0, 0.0, 0.0]","[0.0, 0.0, 0.0, 0.0]",0.0,"[0.0, 0.0, 0.0, 0.0]","[0.0, 0.0, 0.0, 0.0]",0.0,"[0.0, 0.0, 0.0, 0.0]","[0.0, 0.0, 0.0, 0.0]",0.0,"[0.0, 0.0, 0.0, 0.0]","[0.0, 0.0, 0.0, 0.0]",0.0,"[0.0, 0.0, 0.0, 0.0]","[0.0, 0.0, 0.0, 0.0]",0.0,"[0.0, 0.0, 0.0, 0.0]","[0.0, 0.0, 0.0, 0.0]",0.0,"[0.045373469172618267, 0.08316674556715357, 0.07942049451239167, 0.0913518852703529]","[0.04964329459318417, 0.07095816463580762, 0.06916451781582372, 0.07630313428136645]","[0.3553802629307396, 0.47928301743301516, 0.46808661526883566, 0.503173757113315]","[0.3398654614441994, 0.39426368461773886, 0.38960898122955323, 0.4082331456232269]","[0.0498593441425047, 0.0846483171944209, 0.08296317747471604, 0.08713971585282611]","[0.2, 0.2, 0.2, 0.2]","[0.2, 0.2, 0.2, 0.2]","[0.2, 0.2, 0.2, 0.2]","[0.2, 0.2, 0.2, 0.2]","[0.00393512347091157, 0.002101518289087182, 0.001624256861325511, 0.001225668396033845]","[0.21287015507954976, 0.2371916857458773]","[3.050274014637099, 3.1827391111337535]",15000,"body origin, body frame; no gravity/external torque","[2.8878390911906467e-08, 3.649634924005169e-08, 2.03423237686051e-19]",4.6539713895905104e-08,5.43162145883238e-07,4.759089844286814e-17,5.551115123125783e-17,"[0.00019239088565674615, 0.00023701039374385028, 2.3098392281420158e-05]",0.00030614002572742734,0.004057689511992147,0.0025526366269086036,0.04893400488033128,"[0.00019236469227992324, 0.0002369774608951369, 2.3098392281420165e-05]",0.00030609806849152694,0.004057259015208132,0.002552636626908606,0.04893400488033134,"[6.577784486399706e-17, 1.1523833529273631e-18, 2.1342570037293824e-19]",6.578828476920335e-17,8.782894208923435e-17,4.759089844286814e-17,5.551115123125783e-17,"[2.8878390912855657e-08, 3.649634924014282e-08, 1.5199467855211475e-19]",4.65397138965654e-08,5.431621458557591e-07,0.0,0.0,False
motor1_70_restore-A_best-oracle_integral_020,A_best,motor1_70_restore,oracle_integral_020,oracle,integral_020,True,60.0,horizon,fault,5.0,30.0,True,True,0.7700000000000005,0.10000000000000053,0.7700000000000005,"[-0.0006104664401270879, -0.0004900476000064475, 0.0005719515824553767]","[0.00021437792211345707, 0.0001769829165344288, -0.00014423147032059265]","[0.0009129955770281843, 0.0008251787729572915, -0.0008281162787875247]","[-0.0006104664401270879, -0.0004900476000064475, 1.0005719515824554]","[0.9999992980492342, 0.00012113708194464992, -6.164270386599287e-05, -0.001177041640502893]","[0.00037851806731536205, -0.0003590578180380222, 4.56231168353424e-05]","[0.0, 0.0, 1.0]","[0.0, 0.0, 1.0]","[0.0009129955770281843, 0.0008251787729572915, 0.9991718837212125]","[0.0009129955770281843, 0.0008251787729572915, 0.9991718837212125]","[1.0, 1.0, 1.0, 1.0]","[0.7, 1.0, 1.0, 1.0]",True,True,"[0.013889591881559686, -0.007047389745057051, -0.13487992322499745]",,"[-0.00010499629032578426, -9.699879064685149e-05]",0.00014294399731757925,0.001203424428559712,0.001194904753059901,0.009781340054047636,9.899293806866232e-05,9.899293806866232e-05,0.0004329879699653084,0.00042151984573352247,0.0028150053751194726,0.0012789483716667176,-1.4823076576950256e-21,2.117582368135751e-22,2500,5.01,30.0,0.006354631932984943,0.002188996476018678,0.007986132596750472,0.002788986673934183,3.5083506168788707,1.3871760450262005,-0.002539471683280079,0.009868284166023913,-0.14550100964493143,0.5654110337489476,[0.06],[0.06],0.06,[0.06],[0.06],0.06,[0.0],[0.0],0.0,[0.0],[0.0],0.0,[0.0],[0.0],0.0,[0.0],[0.0],0.0,[0.0],[0.0],0.0,[0.0],[0.0],0.0,"[0.0014332340475327252, 0.0013040798322235204, -0.001324466007765341]",0.0019377265141962534,0.001324466007765341,every physics interval; dwell = interval count * physics_dt,0.002,"[0.06, 0.0, 0.0, 0.0]","[0.06, 0.0, 0.0, 0.0]",0.06,"[0.0, 0.0, 0.0, 0.0]","[0.0, 0.0, 0.0, 0.0]",0.0,"[0.06, 0.0, 0.0, 0.0]","[0.06, 0.0, 0.0, 0.0]",0.06,"[0.0, 0.0, 0.0, 0.0]","[0.0, 0.0, 0.0, 0.0]",0.0,"[0.0, 0.0, 0.0, 0.0]","[0.0, 0.0, 0.0, 0.0]",0.0,"[0.0, 0.0, 0.0, 0.0]","[0.0, 0.0, 0.0, 0.0]",0.0,"[0.0, 0.0, 0.0, 0.0]","[0.0, 0.0, 0.0, 0.0]",0.0,"[0.0, 0.0, 0.0, 0.0]","[0.0, 0.0, 0.0, 0.0]",0.0,"[0.11386629921837554, 0.09285239324863288, 0.09085842016302617, 0.0972341137228894]","[0.0, 0.07779323146586625, 0.07483119745433722, 0.08318604618178935]","[0.565645695661432, 0.50747579152878, 0.501753979266727, 0.5199130812489832]","[0.21814922562016836, 0.4121553839232932, 0.40437087240185565, 0.42645932348342497]","[0.01563621175480165, 0.08629824319591169, 0.08429051435459775, 0.0892387057672889]","[0.2, 0.2, 0.2, 0.2]","[0.2, 0.2, 0.2, 0.2]","[0.13999999999999999, 0.2, 0.2, 0.2]","[0.13999999999999999, 0.2, 0.2, 0.2]","[0.004172339458881422, 0.001434988397602566, 0.0012416846023629725, 0.0008047370161727583]","[0.20580794422227333, 0.22866271536782876]","[2.3478966748734655, 2.6547318235109185]",12500,"body origin, body frame; no gravity/external torque","[2.8526291916551462e-05, 2.8526646554196996e-05, 4.79445860946571e-06]",4.062641662138433e-05,0.0011174570007231315,0.0008071479140514501,0.02220014125510994,"[0.00013373426644127105, 0.00017767196571212524, 1.683671055291364e-05]",0.000223014923811923,0.0030357389914174356,0.0018786419214862954,0.036129591337043854,"[0.00014799267778771428, 0.0001888419386185003, 1.9453039166560774e-05]",0.00024071047171402233,0.003558399777340257,0.0023611427833142673,0.04263604190898329,"[2.853671450128569e-05, 2.8536714501285874e-05, 4.7944586094657086e-06]",4.0640804401656074e-05,0.001117802056762259,0.0008071479140514501,0.02220014125510994,"[1.979786247194157e-08, 2.7227531067581252e-08, 1.578026372650956e-19]",3.3664429395045814e-08,3.481226694330875e-07,0.0,0.0,False
motor1_70_restore-A_best-oracle_integral_020,A_best,motor1_70_restore,oracle_integral_020,oracle,integral_020,True,60.0,horizon,restore,30.0,60.0,True,True,0.8200000000000003,0.07000000000000028,0.8200000000000003,"[-5.1339355779838e-06, 6.025362171754422e-07, 3.467036411519686e-06]","[1.3781139051356232e-06, 1.697968811562413e-08, -7.370428686277904e-07]","[0.0014332340475327252, 0.0013040798322235204, -0.001324466007765341]","[-5.1339355779838e-06, 6.025362171754422e-07, 1.0000034670364115]","[0.9999993419891092, 3.1243763465493816e-07, -1.7818168418540553e-07, -0.0011471796805084483]","[3.2404033205690105e-07, -6.259379137056844e-07, 9.557755619051055e-08]","[0.0, 0.0, 1.0]","[0.0, 0.0, 1.0]","[0.0014332340475327252, 0.0013040798322235204, 0.9986755339922346]","[0.0014332340475327252, 0.0013040798322235204, 0.9986755339922346]","[0.7, 1.0, 1.0, 1.0]","[1.0, 1.0, 1.0, 1.0]",True,True,"[3.582611534389891e-05, -2.0377031397465633e-05, -0.1314571369123875]",,"[-8.56558617416836e-07, 2.8243978919278577e-07]",9.019228900467639e-07,0.001215262921874034,0.0012152625871871936,0.010194891323329262,5.476431603650781e-07,5.476431603650781e-07,0.0004181895911014308,0.0004181892325162743,0.0028961091765559166,0.0012852029035865878,3.3881317890172014e-21,1.852884572118782e-22,3000,30.01,60.0,0.006166291805507399,0.0019216412570786689,0.007871286666214351,0.0025534855712660036,4.407311836761945,1.9821030124180428,-0.002100151775140276,0.007938689485634748,-0.1203298330524457,0.4548534023917534,[0.0],[0.0],0.0,[0.0],[0.0],0.0,[0.0],[0.0],0.0,[0.0],[0.0],0.0,[0.0],[0.0],0.0,[0.0],[0.0],0.0,[0.0],[0.0],0.0,[0.0],[0.0],0.0,"[0.0014383853977841957, 0.0013023808925082655, -0.0013277583827887498]",0.0020495171881870573,0.001414427209219411,every physics interval; dwell = interval count * physics_dt,0.002,"[0.0, 0.0, 0.0, 0.0]","[0.0, 0.0, 0.0, 0.0]",0.0,"[0.0, 0.0, 0.0, 0.0]","[0.0, 0.0, 0.0, 0.0]",0.0,"[0.0, 0.0, 0.0, 0.0]","[0.0, 0.0, 0.0, 0.0]",0.0,"[0.0, 0.0, 0.0, 0.0]","[0.0, 0.0, 0.0, 0.0]",0.0,"[0.0, 0.0, 0.0, 0.0]","[0.0, 0.0, 0.0, 0.0]",0.0,"[0.0, 0.0, 0.0, 0.0]","[0.0, 0.0, 0.0, 0.0]",0.0,"[0.0, 0.0, 0.0, 0.0]","[0.0, 0.0, 0.0, 0.0]",0.0,"[0.0, 0.0, 0.0, 0.0]","[0.0, 0.0, 0.0, 0.0]",0.0,"[0.04537298935595794, 0.08314504167869073, 0.07941388814524966, 0.09134501429760974]","[0.04965384586932589, 0.07095711345332317, 0.06916980747368925, 0.076315397686332]","[0.35537848123396865, 0.4792186519816276, 0.4680667131013565, 0.5031540053455382]","[0.33989195209734147, 0.3942609519713737, 0.38962268503090003, 0.4082653743799478]","[0.04985933649631072, 0.08465535831468153, 0.08296907765063094, 0.0871493538046964]","[0.2, 0.2, 0.2, 0.2]","[0.2, 0.2, 0.2, 0.2]","[0.2, 0.2, 0.2, 0.2]","[0.2, 0.2, 0.2, 0.2]","[0.003935191642355651, 0.0021026088216262256, 0.0016243189992010418, 0.0012260728410723983]","[0.214168587773261, 0.23759113833816983]","[3.050258236951659, 3.1827497680115897]",15000,"body origin, body frame; no gravity/external torque","[2.8883002973047487e-08, 3.6500665889221454e-08, 2.0347163223831965e-19]",4.6545960846217776e-08,5.431608177618783e-07,4.76124767248397e-17,5.551115123125783e-17,"[0.0001924200920744583, 0.0002370377672719345, 2.3102224814828358e-05]",0.00030617986174567803,0.004057689181517934,0.00255280769737495,0.048934026897743954,"[0.000192393894249247, 0.0002370048303407199, 2.3102224814828385e-05]",0.00030613789856961395,0.00405725868477142,0.0025528076973749514,0.04893402689774401,"[6.576535835155668e-17, 1.1744075930074286e-18, 2.1651442847413468e-19]",6.577619988111915e-17,8.673644484895996e-17,4.76124767248397e-17,5.551115123125783e-17,"[2.8883002974000078e-08, 3.650066588930519e-08, 1.5845680589221803e-19]",4.654596084687456e-08,5.431608177340864e-07,0.0,0.0,False
motor1_70_restore-B_best-existing_no_integral,B_best,motor1_70_restore,existing_no_integral,existing,no_integral,True,60.0,horizon,fault,5.0,30.0,True,True,,,,"[0.0015482145214979813, -0.0005971131385883105, 0.0017721142394884204]","[4.174275810284395e-05, -5.3340872510981795e-06, -3.864150140362584e-05]","[0.0, 0.0, 0.0]","[0.0015482145214979813, -0.0005971131385883105, 1.0017721142394884]","[0.9999636366943792, -6.026181038554057e-06, 6.488236851855531e-07, 0.008527910190430883]","[-6.732122889991773e-05, 0.00043093613232029836, -1.163689537614689e-05]","[0.0, 0.0, 1.0]","[0.0, 0.0, 1.0]","[0.0, 0.0, 1.0]","[0.0, 0.0, 1.0]","[1.0, 1.0, 1.0, 1.0]","[0.7, 1.0, 1.0, 1.0]",True,True,"[-0.0006898903218228394, 8.023595796607492e-05, 0.9772383687200467]",,"[0.0748345070133963, -0.1493448693889028]",0.1670451838657029,0.16863404145898142,0.02309429553077632,0.17318531119267647,-0.01435861274522191,0.01435861274522191,0.015291889088289174,0.005260428872372463,0.046071110991678266,0.1693259631913488,1.3660947373317356e-16,-1.3755815063409838e-18,2500,5.01,30.0,0.03319006150840241,0.0146291761936187,0.6788991874977374,0.06311051160393036,7.199346157589455,2.0128729991589593,-0.06166655755141894,0.06583418999511413,-3.5332334847969014,3.7720212343824295,[0.0],[0.0],0.0,[0.0],[0.0],0.0,[0.0],[0.0],0.0,[0.0],[0.0],0.0,[0.0],[0.0],0.0,[0.0],[0.0],0.0,[0.0],[0.0],0.0,[0.0],[0.0],0.0,"[0.0, 0.0, 0.0]",0.0,0.0,every physics interval; dwell = interval count * physics_dt,0.002,"[0.0, 0.0, 0.0, 0.0]","[0.0, 0.0, 0.0, 0.0]",0.0,"[0.0, 0.0, 0.0, 0.0]","[0.0, 0.0, 0.0, 0.0]",0.0,"[0.0, 0.0, 0.0, 0.0]","[0.0, 0.0, 0.0, 0.0]",0.0,"[0.0, 0.0, 0.0, 0.0]","[0.0, 0.0, 0.0, 0.0]",0.0,"[0.0, 0.0, 0.0, 0.0]","[0.0, 0.0, 0.0, 0.0]",0.0,"[0.0, 0.0, 0.0, 0.0]","[0.0, 0.0, 0.0, 0.0]",0.0,"[0.0, 0.0, 0.0, 0.0]","[0.0, 0.0, 0.0, 0.0]",0.0,"[0.0, 0.0, 0.0, 0.0]","[0.0, 0.0, 0.0, 0.0]",0.0,"[0.1064196316416395, 0.08469079885673537, 0.06569099275711118, 0.08325752462971256]","[0.013713986240788734, 0.07897001263843335, 0.05238472556977322, 0.08063263584336142]","[0.5454350410585596, 0.48378871606881185, 0.42535734719810403, 0.4795521719305333]","[0.2513543391455776, 0.41526188823758403, 0.34676111446848024, 0.4196647965912297]","[0.02407180056231345, 0.08438835716992536, 0.07619307516927581, 0.08473391793702419]","[0.2, 0.2, 0.2, 0.2]","[0.2, 0.2, 0.2, 0.2]","[0.13999999999999999, 0.2, 0.2, 0.2]","[0.13999999999999999, 0.2, 0.2, 0.2]","[0.002313242671822885, 0.0013466456914686838, 0.002641581981846146, 0.0012413763527372214]","[0.6294931977595053, 0.5858240733068513]","[5.21429193303433, 4.970918868962411]",12500,"body origin, body frame; no gravity/external torque","[0.0016135466283301648, 0.0016135465912884444, 0.0002710923372044534]",0.002297946121941319,0.0028136903007311568,0.045638440606810646,0.055885804127763394,"[0.00013779510243320882, 0.0001443642141210207, 1.1336226475136285e-05]",0.00019989253763974014,0.00279081224013545,0.004039953438922424,0.07856001871173512,"[0.0016220992346257111, 0.0016226992624592447, 0.00027181793462517255]",0.0023104639821782506,0.005187591825131956,0.045903722162313795,0.13190182848553345,"[0.0016135470676538922, 0.0016135470676537946, 0.0002710923372044534]",0.0022979467649098316,0.0028139130323531184,0.045638440606810646,0.055885804127763394,"[2.1061156680567593e-08, 2.203055166219033e-08, 1.5726538443440417e-19]",3.0478148356878e-08,3.6783298648319583e-07,0.0,0.0,False
motor1_70_restore-B_best-existing_no_integral,B_best,motor1_70_restore,existing_no_integral,existing,no_integral,True,60.0,horizon,restore,30.0,60.0,True,True,3.530000000000001,2.9200000000000017,3.6899999999999977,"[0.07684040932001615, -0.15512906583409658, -0.012806722231466727]","[8.746609206217816e-09, 3.8681673565086775e-08, 7.870606986450577e-09]","[0.0, 0.0, 0.0]","[0.07684040932001615, -0.15512906583409658, 0.9871932777685333]","[0.999503237544145, 1.6786636198865413e-09, -2.040929473790444e-09, -0.031516315437760074]","[3.3343431393949355e-07, -4.4585968218506157e-07, -9.302617719861685e-09]","[0.0, 0.0, 1.0]","[0.0, 0.0, 1.0]","[0.0, 0.0, 1.0]","[0.0, 0.0, 1.0]","[0.7, 1.0, 1.0, 1.0]","[1.0, 1.0, 1.0, 1.0]",False,True,"[1.996359481072897e-07, -2.2769461088491934e-07, -3.6121018594473497]",,"[0.0034757353891345676, -0.005487354725101127]",0.006495521408968806,0.02220508836567601,0.021233797374777503,0.17311638869427018,0.0029503284189815264,0.0029503284189815264,0.005173011327887224,0.004249189148366967,0.028848692212471327,0.022799692882272113,1.0842021724855044e-19,-7.792703114739563e-20,3000,30.01,60.0,0.030005581903262715,0.011848479938234175,0.06928940504575773,0.023414652180284497,7.965383475484054,2.5905189860067805,0.014888680610352272,0.06253265451678972,0.8530585614914478,3.582857185561735,[0.0],[0.0],0.0,[0.0],[0.0],0.0,[0.0],[0.0],0.0,[0.0],[0.0],0.0,[0.0],[0.0],0.0,[0.0],[0.0],0.0,[0.0],[0.0],0.0,[0.0],[0.0],0.0,"[0.0, 0.0, 0.0]",0.0,0.0,every physics interval; dwell = interval count * physics_dt,0.002,"[0.0, 0.0, 0.0, 0.0]","[0.0, 0.0, 0.0, 0.0]",0.0,"[0.0, 0.0, 0.0, 0.0]","[0.0, 0.0, 0.0, 0.0]",0.0,"[0.0, 0.0, 0.0, 0.0]","[0.0, 0.0, 0.0, 0.0]",0.0,"[0.0, 0.0, 0.0, 0.0]","[0.0, 0.0, 0.0, 0.0]",0.0,"[0.0, 0.0, 0.0, 0.0]","[0.0, 0.0, 0.0, 0.0]",0.0,"[0.0, 0.0, 0.0, 0.0]","[0.0, 0.0, 0.0, 0.0]",0.0,"[0.0, 0.0, 0.0, 0.0]","[0.0, 0.0, 0.0, 0.0]",0.0,"[0.0, 0.0, 0.0, 0.0]","[0.0, 0.0, 0.0, 0.0]",0.0,"[0.0507203683184199, 0.08601777863655555, 0.06461224152777599, 0.08976288243804732]","[0.04800106833143006, 0.07076404509779727, 0.04372290840030282, 0.06976247780446046]","[0.37479753395549564, 0.48768965183896307, 0.4218698718968763, 0.49859293556752093]","[0.3357469164458796, 0.3937591476004503, 0.32505825164398383, 0.3911589741429772]","[0.04800105401803684, 0.08027616026441733, 0.06942287461278515, 0.08086198051683062]","[0.2, 0.2, 0.2, 0.2]","[0.2, 0.2, 0.2, 0.2]","[0.2, 0.2, 0.2, 0.2]","[0.2, 0.2, 0.2, 0.2]","[0.0036407326361392075, 0.0024050624837822997, 0.0034024776033605535, 0.0017740810057324987]","[0.5894229722804145, 0.5783041254493986]","[5.845163024213942, 5.439892192110293]",15000,"body origin, body frame; no gravity/external torque","[3.408491789213191e-08, 4.6481166413958796e-08, 1.990579752001495e-19]",5.7639226737661826e-08,6.093620160294824e-07,4.787065743398099e-17,1.1102230246251565e-16,"[0.00022141647527666034, 0.00030143100006966124, 2.0264972315913935e-05]",0.000374561840594985,0.004445672676054295,0.0033964087442683354,0.05757980098414245,"[0.0002213859094671791, 0.00030138855285490854, 2.0264972315913945e-05]",0.00037450961243411804,0.004445175953672944,0.0033964087442683354,0.05757980098414245,"[6.577420492668236e-17, 1.1732256026265139e-18, 2.1473086413245837e-19]",6.578501806183415e-17,8.999322151680812e-17,4.787065743398099e-17,1.1102230246251565e-16,"[3.4084917892638763e-08, 4.64811664140424e-08, 1.5209776074677305e-19]",5.7639226738028837e-08,6.093620159982571e-07,0.0,0.0,False
motor1_70_restore-B_best-existing_integral_020,B_best,motor1_70_restore,existing_integral_020,existing,integral_020,True,60.0,horizon,fault,5.0,30.0,True,True,15.830000000000002,2.54,15.91,"[0.0005108423661164509, -0.00025202316783788355, 0.0006509160961618576]","[-8.00055954296513e-05, 7.068142595771216e-05, -0.00020101972487652277]","[-0.0011037807977765754, 0.00043433179351162917, -0.001229508993651663]","[0.0005108423661164509, -0.00025202316783788355, 1.0006509160961619]","[0.9999634698220063, -3.758461549635929e-06, 3.504509803420606e-06, 0.00854745547669598]","[-8.071628980416013e-05, 0.0004232959872726842, -2.172974571736637e-05]","[0.0, 0.0, 1.0]","[0.0, 0.0, 1.0]","[-0.0011037807977765754, 0.00043433179351162917, 0.9987704910063483]","[-0.0011037807977765754, 0.00043433179351162917, 0.9987704910063483]","[1.0, 1.0, 1.0, 1.0]","[0.7, 1.0, 1.0, 1.0]",True,True,"[-0.00042723968634819865, 0.0004052538581816046, 0.9794781741454198]",,"[0.015102860856749138, -0.03088947235575812]",0.03438394841311088,0.05529737331218503,0.0433075465335048,0.13964027104078922,-0.00276049005409409,0.00276049005409409,0.008001569811577514,0.00751031384902098,0.0465418647154926,0.05587329070921724,-4.336808689942018e-19,-1.0164395367051604e-19,2500,5.01,30.0,0.03358188459268112,0.01525028102315519,0.2237443536149687,0.035479213935343305,7.19967526103425,2.0128591046758952,-0.06161985350025252,0.0661010533238993,-3.5305575397789024,3.7873113768286317,[0.0],[0.0],0.0,[0.0],[0.0],0.0,[0.0],[0.0],0.0,[0.0],[0.0],0.0,[0.0],[0.0],0.0,[0.0],[0.0],0.0,[0.0],[0.0],0.0,[0.0],[0.0],0.0,"[-0.07661856001580351, 0.15488150169369067, 0.012571177366105173]",0.1727966530514639,0.012571177366105173,every physics interval; dwell = interval count * physics_dt,0.002,"[0.0, 0.0, 0.0, 0.0]","[0.0, 0.0, 0.0, 0.0]",0.0,"[0.0, 0.0, 0.0, 0.0]","[0.0, 0.0, 0.0, 0.0]",0.0,"[0.0, 0.0, 0.0, 0.0]","[0.0, 0.0, 0.0, 0.0]",0.0,"[0.0, 0.0, 0.0, 0.0]","[0.0, 0.0, 0.0, 0.0]",0.0,"[0.0, 0.0, 0.0, 0.0]","[0.0, 0.0, 0.0, 0.0]",0.0,"[0.0, 0.0, 0.0, 0.0]","[0.0, 0.0, 0.0, 0.0]",0.0,"[0.0, 0.0, 0.0, 0.0]","[0.0, 0.0, 0.0, 0.0]",0.0,"[0.0, 0.0, 0.0, 0.0]","[0.0, 0.0, 0.0, 0.0]",0.0,"[0.1064200229287638, 0.08469158185371511, 0.06569092462260216, 0.08325812428614301]","[0.013707810422462247, 0.0789443745786287, 0.05236590097869506, 0.08043305083617752]","[0.5454361136816567, 0.4837910238644911, 0.4253571275940312, 0.47955394954592834]","[0.25133934033528993, 0.4151941222923019, 0.34671367445105894, 0.4191353903914845]","[0.024066444294904732, 0.0841982753268945, 0.07617621839075132, 0.08453099534535574]","[0.2, 0.2, 0.2, 0.2]","[0.2, 0.2, 0.2, 0.2]","[0.13999999999999999, 0.2, 0.2, 0.2]","[0.13999999999999999, 0.2, 0.2, 0.2]","[0.0023136621842040415, 0.0013498078730421201, 0.002640097414186814, 0.0012391103645916762]","[0.6335766071490022, 0.588192338650693]","[5.214430990064032, 4.971250924602045]",12500,"body origin, body frame; no gravity/external torque","[0.001613551925662289, 0.0016135518888176499, 0.0002710932272191323]",0.0022979536663213147,0.0028137835996493456,0.04563859044093126,0.055887656873261304,"[0.00013762713439199133, 0.00014444921316330984, 1.133736704913934e-05]",0.00019983828260885988,0.0027908249280934085,0.004040039724298103,0.07859388162209308,"[0.0016220909042049877, 0.0016227119474856151, 0.00027181872845885303]",0.00231046713613462,0.005187610457608101,0.045903918943818726,0.1319397483091605,"[0.0016135523650392114, 0.0016135523650391205, 0.00027109322721913237]",0.0022979543092261612,0.0028140063201707245,0.04563859044093126,0.055887656873261304,"[2.103375294863297e-08, 2.2044117566923893e-08, 1.5154028387747005e-19]",3.046903153053113e-08,3.678343184204922e-07,0.0,0.0,False
motor1_70_restore-B_best-existing_integral_020,B_best,motor1_70_restore,existing_integral_020,existing,integral_020,True,60.0,horizon,restore,30.0,60.0,True,True,15.86,2.6799999999999997,15.950000000000003,"[0.0002733752254077383, -0.0003479624734579228, -0.0002310392606249545]","[-6.684465333147368e-05, 9.672385696000476e-05, 4.304008170635569e-05]","[-0.07661856001580351, 0.15488150169369067, 0.012571177366105173]","[0.0002733752254077383, -0.0003479624734579228, 0.999768960739375]","[0.9995032015627154, 1.3282846764786388e-06, 8.592753302178566e-07, -0.03151745648650971]","[-6.923746016567209e-07, -5.579792997445504e-07, 1.904206573694682e-07]","[0.0, 0.0, 1.0]","[0.0, 0.0, 1.0]","[-0.07661856001580351, 0.15488150169369067, 1.0125711773661052]","[-0.07661856001580351, 0.15488150169369067, 1.0125711773661052]","[0.7, 1.0, 1.0, 1.0]","[1.0, 1.0, 1.0, 1.0]",True,True,"[0.00014903120570683299, 0.000103214060847315, -3.6122326788613726]",,"[-0.012502279900265098, 0.0257067495813773]",0.028585730299298194,0.050017168919385784,0.04104355259923481,0.13662714192353345,0.002374939758883315,0.002374939758883315,0.006824375081131569,0.006397793087436047,0.04079257198175856,0.05048058321729594,1.734723475976807e-18,3.049318610115481e-19,3000,30.01,60.0,0.030314299782089823,0.012318113722098054,0.20237035300227751,0.029968291310716513,7.965147757149833,2.590509584559822,0.014839609662642242,0.06253494663907644,0.8502470032909558,3.582988514494892,[0.0],[0.0],0.0,[0.0],[0.0],0.0,[0.0],[0.0],0.0,[0.0],[0.0],0.0,[0.0],[0.0],0.0,[0.0],[0.0],0.0,[0.0],[0.0],0.0,[0.0],[0.0],0.0,"[-0.0016055875506142431, 0.0006418709416265625, -0.0016778188276272991]",0.1728010003211378,0.012571975040128172,every physics interval; dwell = interval count * physics_dt,0.002,"[0.0, 0.0, 0.0, 0.0]","[0.0, 0.0, 0.0, 0.0]",0.0,"[0.0, 0.0, 0.0, 0.0]","[0.0, 0.0, 0.0, 0.0]",0.0,"[0.0, 0.0, 0.0, 0.0]","[0.0, 0.0, 0.0, 0.0]",0.0,"[0.0, 0.0, 0.0, 0.0]","[0.0, 0.0, 0.0, 0.0]",0.0,"[0.0, 0.0, 0.0, 0.0]","[0.0, 0.0, 0.0, 0.0]",0.0,"[0.0, 0.0, 0.0, 0.0]","[0.0, 0.0, 0.0, 0.0]",0.0,"[0.0, 0.0, 0.0, 0.0]","[0.0, 0.0, 0.0, 0.0]",0.0,"[0.0, 0.0, 0.0, 0.0]","[0.0, 0.0, 0.0, 0.0]",0.0,"[0.05071806171120373, 0.0859085711480779, 0.06455276739193136, 0.08962681410482631]","[0.04800117171213794, 0.07076655309993843, 0.04376142405879538, 0.06976517230819484]","[0.37478933540916637, 0.4873693769590838, 0.42167697902107415, 0.4981994495010665]","[0.3357471754348901, 0.3937656649475765, 0.32515422927312854, 0.39116596265222037]","[0.048001174436795246, 0.08027879527867915, 0.06945511200822149, 0.08086389261204946]","[0.2, 0.2, 0.2, 0.2]","[0.2, 0.2, 0.2, 0.2]","[0.2, 0.2, 0.2, 0.2]","[0.2, 0.2, 0.2, 0.2]","[0.0036360313364808697, 0.0023975793733242456, 0.003398366610043335, 0.001779923428239102]","[0.5942944247943797, 0.5813566081705451]","[5.8449635979886825, 5.439747749979512]",15000,"body origin, body frame; no gravity/external torque","[3.409804481659326e-08, 4.636200504608618e-08, 2.0430678516494686e-19]",5.75509528349256e-08,6.093591534376291e-07,4.795640879233568e-17,5.551115123125783e-17,"[0.00022149655717635186, 0.00030066609068880076, 2.02529632213517e-05]",0.00037399332273493045,0.004445674727769689,0.0034029376970828563,0.0576711608225437,"[0.00022146597924344662, 0.00030062375643973434, 2.0252963221351704e-05]",0.00037394117908762687,0.004445178003309852,0.0034029376970828563,0.0576711608225437,"[6.578126842753267e-17, 1.1959129953532288e-18, 2.1367574142040545e-19]",6.579248544590852e-17,9.064126314854652e-17,4.795640879233568e-17,5.551115123125783e-17,"[3.409804481707418e-08, 4.6362005046137865e-08, 1.5541071583032899e-19]",5.755095283525201e-08,6.093591534073266e-07,0.0,0.0,False
motor1_70_restore-B_best-oracle_no_integral,B_best,motor1_70_restore,oracle_no_integral,oracle,no_integral,True,60.0,horizon,fault,5.0,30.0,True,True,1.4699999999999998,0.6100000000000003,1.4900000000000002,"[0.0015482145214979813, -0.0005971131385883105, 0.0017721142394884204]","[4.174275810284395e-05, -5.3340872510981795e-06, -3.864150140362584e-05]","[0.0, 0.0, 0.0]","[0.0015482145214979813, -0.0005971131385883105, 1.0017721142394884]","[0.9999636366943792, -6.026181038554057e-06, 6.488236851855531e-07, 0.008527910190430883]","[-6.732122889991773e-05, 0.00043093613232029836, -1.163689537614689e-05]","[0.0, 0.0, 1.0]","[0.0, 0.0, 1.0]","[0.0, 0.0, 1.0]","[0.0, 0.0, 1.0]","[1.0, 1.0, 1.0, 1.0]","[0.7, 1.0, 1.0, 1.0]",True,True,"[-0.0006898903218228394, 8.023595796607492e-05, 0.9772383687200467]",,"[0.0017192105536512966, -0.0008136906999160852]",0.0019020456048465101,0.0022864061546365353,0.0012688087409235107,0.01076849085868419,0.0017061822923701837,0.0017061822923701837,0.0017977438079437333,0.0005664139689330355,0.0031948291472265744,0.0029085281334310423,-2.329340604949326e-21,-1.4081922748102743e-20,2500,5.01,30.0,0.005896282403319962,0.0029730778419588496,0.010894066106373295,0.007785870627498479,2.9964682057756957,1.2785346626501464,0.01671340106319999,0.01726509714541084,0.9576073422308223,0.9892171993154065,[0.0],[0.0],0.0,[0.05],[0.05],0.05,[0.0],[0.0],0.0,[0.0],[0.0],0.0,[0.0],[0.0],0.0,[0.0],[0.0],0.0,[0.0],[0.0],0.0,[0.0],[0.0],0.0,"[0.0, 0.0, 0.0]",0.0,0.0,every physics interval; dwell = interval count * physics_dt,0.002,"[0.05, 0.0, 0.0, 0.0]","[0.05, 0.0, 0.0, 0.0]",0.05,"[0.0, 0.0, 0.0, 0.0]","[0.0, 0.0, 0.0, 0.0]",0.0,"[0.05, 0.0, 0.0, 0.0]","[0.05, 0.0, 0.0, 0.0]",0.05,"[0.0, 0.0, 0.0, 0.0]","[0.0, 0.0, 0.0, 0.0]",0.0,"[0.0, 0.0, 0.0, 0.0]","[0.0, 0.0, 0.0, 0.0]",0.0,"[0.0, 0.0, 0.0, 0.0]","[0.0, 0.0, 0.0, 0.0]",0.0,"[0.0, 0.0, 0.0, 0.0]","[0.0, 0.0, 0.0, 0.0]",0.0,"[0.0, 0.0, 0.0, 0.0]","[0.0, 0.0, 0.0, 0.0]",0.0,"[0.1195731329999059, 0.08937951778726136, 0.07308522091183951, 0.0927232705487629]","[0.0, 0.07710926989569765, 0.05856515482886249, 0.08083020415060158]","[0.5808810086195382, 0.4974838102466954, 0.4487264955526904, 0.5071064766451312]","[0.21814922562016836, 0.41035349872061144, 0.3624075418755206, 0.4201890901830416]","[0.017454174262842348, 0.08633814874711157, 0.07715081582287936, 0.08763949985046175]","[0.2, 0.2, 0.2, 0.2]","[0.2, 0.2, 0.2, 0.2]","[0.13999999999999999, 0.2, 0.2, 0.2]","[0.13999999999999999, 0.2, 0.2, 0.2]","[0.0043532763598990625, 0.002368800537170887, 0.0026130966513655952, 0.0017088956037571437]","[0.181642859085154, 0.20922686467513688]","[2.222441961216168, 2.0103732934292]",12500,"body origin, body frame; no gravity/external torque","[1.3702179838021232e-05, 1.3701828008125954e-05, 2.30386649495776e-06]",1.951403658663014e-05,0.0005974474707669911,0.0003878563122824409,0.011873807837650907,"[0.00016880149848802283, 0.00027751573085970434, 1.5761043497971813e-05]",0.00032520353205114916,0.003459877443442685,0.00267543651085381,0.044875522988786054,"[0.0001737925447989831, 0.0002805512915045454, 1.695067440345549e-05]",0.000330454537198851,0.003528272857523396,0.0027684319333625383,0.044875522988786,"[1.3712659920742938e-05, 1.3712659920743058e-05, 2.303866494957758e-06]",1.952900112731042e-05,0.0005978595662975853,0.0003878563122824409,0.011873807837650907,"[2.5557124834088767e-08, 4.258920382155517e-08, 1.5240658900535895e-19]",4.9668973332848447e-08,4.273145338958767e-07,0.0,0.0,False
motor1_70_restore-B_best-oracle_no_integral,B_best,motor1_70_restore,oracle_no_integral,oracle,no_integral,True,60.0,horizon,restore,30.0,60.0,True,True,1.6700000000000017,0.620000000000001,1.6700000000000017,"[0.0015417355809241372, -0.0005826194672171387, 0.0017659368556943722]","[1.3842400130503813e-09, -9.2358100552029e-09, -4.324392709019629e-09]","[0.0, 0.0, 0.0]","[0.0015417355809241372, -0.0005826194672171387, 1.0017659368556944]","[0.9999636130752875, 8.848867912182329e-09, 4.320880386206166e-09, 0.008530681415741379]","[-1.4265784638062154e-07, 7.512886395985376e-07, -1.506902224888276e-08]","[0.0, 0.0, 1.0]","[0.0, 0.0, 1.0]","[0.0, 0.0, 1.0]","[0.0, 0.0, 1.0]","[0.7, 1.0, 1.0, 1.0]","[1.0, 1.0, 1.0, 1.0]",True,True,"[1.0181925241840774e-06, 4.864682448606379e-07, 0.9775559397655615]",,"[0.0015157659254175894, -0.000328362281017854]",0.0015509249266977075,0.0021072165938391097,0.0014265320343751899,0.010185990216110268,0.0017364871265307697,0.0017364871265307697,0.0018026514569487034,0.00048390570841042534,0.005194520696988336,0.0027730694272935508,-8.470329472543003e-21,-1.5617169965001163e-21,3000,30.01,60.0,0.006275576404861076,0.002747136408097602,0.010523485225774216,0.007719850902981367,3.851135852231451,1.849413924582639,0.016871469098742074,0.025571621763945614,0.9666639735433076,1.465146002378965,[0.0],[0.0],0.0,[0.0],[0.0],0.0,[0.0],[0.0],0.0,[0.0],[0.0],0.0,[0.0],[0.0],0.0,[0.0],[0.0],0.0,[0.0],[0.0],0.0,[0.0],[0.0],0.0,"[0.0, 0.0, 0.0]",0.0,0.0,every physics interval; dwell = interval count * physics_dt,0.002,"[0.0, 0.0, 0.0, 0.0]","[0.0, 0.0, 0.0, 0.0]",0.0,"[0.0, 0.0, 0.0, 0.0]","[0.0, 0.0, 0.0, 0.0]",0.0,"[0.0, 0.0, 0.0, 0.0]","[0.0, 0.0, 0.0, 0.0]",0.0,"[0.0, 0.0, 0.0, 0.0]","[0.0, 0.0, 0.0, 0.0]",0.0,"[0.0, 0.0, 0.0, 0.0]","[0.0, 0.0, 0.0, 0.0]",0.0,"[0.0, 0.0, 0.0, 0.0]","[0.0, 0.0, 0.0, 0.0]",0.0,"[0.0, 0.0, 0.0, 0.0]","[0.0, 0.0, 0.0, 0.0]",0.0,"[0.0, 0.0, 0.0, 0.0]","[0.0, 0.0, 0.0, 0.0]",0.0,"[0.04394040174732775, 0.08335659241415339, 0.05905067417369851, 0.08608108680767322]","[0.058033781251020156, 0.07292315416980186, 0.043854851004818896, 0.0781494934997683]","[0.3500250175711802, 0.4798457887701505, 0.4035351455782946, 0.4878752548166428]","[0.36105653514223723, 0.3993817511376885, 0.32538705938321155, 0.4130950101966048]","[0.04985935199293284, 0.08512903352558572, 0.07169595607379253, 0.08645678050540172]","[0.2, 0.2, 0.2, 0.2]","[0.2, 0.2, 0.2, 0.2]","[0.2, 0.2, 0.2, 0.2]","[0.2, 0.2, 0.2, 0.2]","[0.0037734075043314792, 0.002613174082593834, 0.0033671472133344578, 0.00194369995644505]","[0.20322900346586178, 0.2285489718642738]","[2.8414690216295955, 2.600547471176699]",15000,"body origin, body frame; no gravity/external torque","[3.303980429574365e-08, 4.874539742972004e-08, 2.0100979091311913e-19]",5.8887540604804e-08,6.104549348828919e-07,4.8052696157350734e-17,5.551115123125783e-17,"[0.00021724030105543476, 0.0003177773090318938, 2.060264308829662e-05]",0.0003854870107285499,0.004564421281921976,0.003767248710684671,0.06166567604194062,"[0.0002172103280779161, 0.0003177324253384129, 2.0602643088296625e-05]",0.0003854331195387486,0.004563908430539286,0.0037672487106846712,0.061665676041940565,"[6.577902970810922e-17, 1.1711084098608019e-18, 2.111377777855696e-19]",6.578979269924179e-17,8.197091864674794e-17,4.8052696157350734e-17,5.551115123125783e-17,"[3.3039804296062255e-08, 4.874539742984892e-08, 1.5132293267716615e-19]",5.888754060508921e-08,6.104549348572845e-07,0.0,0.0,False
motor1_70_restore-B_best-oracle_integral_020,B_best,motor1_70_restore,oracle_integral_020,oracle,integral_020,True,60.0,horizon,fault,5.0,30.0,True,True,0.8399999999999999,0.6100000000000003,1.04,"[0.0005108423661164509, -0.00025202316783788355, 0.0006509160961618576]","[-8.00055954296513e-05, 7.068142595771216e-05, -0.00020101972487652277]","[-0.0011037807977765754, 0.00043433179351162917, -0.001229508993651663]","[0.0005108423661164509, -0.00025202316783788355, 1.0006509160961619]","[0.9999634698220063, -3.758461549635929e-06, 3.504509803420606e-06, 0.00854745547669598]","[-8.071628980416013e-05, 0.0004232959872726842, -2.172974571736637e-05]","[0.0, 0.0, 1.0]","[0.0, 0.0, 1.0]","[-0.0011037807977765754, 0.00043433179351162917, 0.9987704910063483]","[-0.0011037807977765754, 0.00043433179351162917, 0.9987704910063483]","[1.0, 1.0, 1.0, 1.0]","[0.7, 1.0, 1.0, 1.0]",True,True,"[-0.00042723968634819865, 0.0004052538581816046, 0.9794781741454198]",,"[8.894111756835826e-05, -3.067281885364416e-05]",9.408158273932786e-05,0.0013682674750864715,0.001365029134915724,0.009805836770730663,0.00010635919197849062,0.00010635919197849062,0.000577521241695213,0.0005676429396115687,0.003894971479425302,0.0014851554356324756,6.352747104407253e-22,2.117582368135751e-22,2500,5.01,30.0,0.005934354998937005,0.0030184795737901128,0.008087084544726503,0.003801845533693884,2.9968637728225884,1.2784870808800808,0.016719758008913024,0.017295259780991994,0.9579715683907729,0.9909453910331977,[0.05],[0.05],0.05,[0.05],[0.05],0.05,[0.0],[0.0],0.0,[0.0],[0.0],0.0,[0.0],[0.0],0.0,[0.0],[0.0],0.0,[0.0],[0.0],0.0,[0.0],[0.0],0.0,"[-0.0015437882978108915, 0.0005850773025581278, -0.0017614174929402738]",0.0024176146202655817,0.0017614174929402738,every physics interval; dwell = interval count * physics_dt,0.002,"[0.05, 0.0, 0.0, 0.0]","[0.05, 0.0, 0.0, 0.0]",0.05,"[0.0, 0.0, 0.0, 0.0]","[0.0, 0.0, 0.0, 0.0]",0.0,"[0.05, 0.0, 0.0, 0.0]","[0.05, 0.0, 0.0, 0.0]",0.05,"[0.0, 0.0, 0.0, 0.0]","[0.0, 0.0, 0.0, 0.0]",0.0,"[0.0, 0.0, 0.0, 0.0]","[0.0, 0.0, 0.0, 0.0]",0.0,"[0.0, 0.0, 0.0, 0.0]","[0.0, 0.0, 0.0, 0.0]",0.0,"[0.0, 0.0, 0.0, 0.0]","[0.0, 0.0, 0.0, 0.0]",0.0,"[0.0, 0.0, 0.0, 0.0]","[0.0, 0.0, 0.0, 0.0]",0.0,"[0.11958747038252478, 0.08936823608860564, 0.07310114032429806, 0.0927182806101793]","[0.0, 0.07709319193660151, 0.05855918743078936, 0.08081413820697009]","[0.5809190292629184, 0.49745114720595063, 0.44877586637423333, 0.5070922011741569]","[0.21814922562016836, 0.4103111735957339, 0.3623923636087456, 0.42014644663473544]","[0.017453139860574493, 0.08632181266002154, 0.07714495511307358, 0.08762219433079045]","[0.2, 0.2, 0.2, 0.2]","[0.2, 0.2, 0.2, 0.2]","[0.13999999999999999, 0.2, 0.2, 0.2]","[0.13999999999999999, 0.2, 0.2, 0.2]","[0.004353679353421236, 0.0023694195209140495, 0.0026131377742310835, 0.0017085334381544593]","[0.18184445681662714, 0.20948987972142732]","[2.222660426700961, 2.0107216474680696]",12500,"body origin, body frame; no gravity/external torque","[1.3704940060900515e-05, 1.370458855193948e-05, 2.3043302224531714e-06]",1.951796780469073e-05,0.0005975281400832755,0.00038793438088436164,0.011875409712176543,"[0.00016877974601512107, 0.0002775656218104415, 1.5762548669233303e-05]",0.0003252348920649461,0.0034598634433029387,0.0026748565624580127,0.04488729308413153,"[0.00017377234149583393, 0.0002806011299829856, 1.695231740242559e-05]",0.0003304863111869935,0.0035282728480940575,0.0027679278848466334,0.044887293084131474,"[1.3715420036163838e-05, 1.3715420036163984e-05, 2.3043302224531692e-06]",1.953293196913674e-05,0.0005979402224798548,0.00038793438088436164,0.011875409712176543,"[2.555352483631734e-08, 4.259697734324417e-08, 1.5540063044689708e-19]",4.967378695389693e-08,4.273069684558558e-07,0.0,0.0,False
motor1_70_restore-B_best-oracle_integral_020,B_best,motor1_70_restore,oracle_integral_020,oracle,integral_020,True,60.0,horizon,restore,30.0,60.0,True,True,1.4800000000000004,0.629999999999999,1.4800000000000004,"[-2.6449251662591225e-06, 3.484008761062471e-06, 4.733546608015615e-06]","[6.745057226950313e-07, -9.858994685457375e-07, -9.816573871258174e-07]","[-0.0015437882978108915, 0.0005850773025581278, -0.0017614174929402738]","[-2.6449251662591225e-06, 3.484008761062471e-06, 1.000004733546608]","[0.99996361259213, -1.607161728283612e-08, -6.985131894849922e-09, 0.008530738051095636]","[1.4269122245494532e-07, -1.9008824240104898e-07, -4.7866927578886385e-09]","[0.0, 0.0, 1.0]","[0.0, 0.0, 1.0]","[-0.0015437882978108915, 0.0005850773025581278, 0.9982385825070598]","[-0.0015437882978108915, 0.0005850773025581278, 0.9982385825070598]","[0.7, 1.0, 1.0, 1.0]","[1.0, 1.0, 1.0, 1.0]",True,True,"[-1.8484329865391667e-06, -7.8469720931848e-07, 0.9775624299352693]",,"[-3.5711998929187413e-07, 5.944248795238255e-07]",6.93451962394471e-07,0.0014755531461560067,0.0014755529832084187,0.011299491647318215,7.848867658467966e-07,7.848867658467966e-07,0.0005142437627249769,0.000514243163740954,0.003394687245269923,0.0015625951921826818,1.2705494208814505e-21,1.4823076576950256e-21,3000,30.01,60.0,0.00632855318672656,0.002788819932398071,0.008672205910787765,0.0034742988857587405,3.8511374399313065,1.8494117570843793,0.01687145936604933,0.025571728963296,0.9666634159010902,1.4651521444493087,[0.0],[0.0],0.0,[0.0],[0.0],0.0,[0.0],[0.0],0.0,[0.0],[0.0],0.0,[0.0],[0.0],0.0,[0.0],[0.0],0.0,[0.0],[0.0],0.0,[0.0],[0.0],0.0,"[-0.001541640071264635, 0.0005815008362908089, -0.0017661365257918842]",0.001650931031880862,0.0020309861069434006,every physics interval; dwell = interval count * physics_dt,0.002,"[0.0, 0.0, 0.0, 0.0]","[0.0, 0.0, 0.0, 0.0]",0.0,"[0.0, 0.0, 0.0, 0.0]","[0.0, 0.0, 0.0, 0.0]",0.0,"[0.0, 0.0, 0.0, 0.0]","[0.0, 0.0, 0.0, 0.0]",0.0,"[0.0, 0.0, 0.0, 0.0]","[0.0, 0.0, 0.0, 0.0]",0.0,"[0.0, 0.0, 0.0, 0.0]","[0.0, 0.0, 0.0, 0.0]",0.0,"[0.0, 0.0, 0.0, 0.0]","[0.0, 0.0, 0.0, 0.0]",0.0,"[0.0, 0.0, 0.0, 0.0]","[0.0, 0.0, 0.0, 0.0]",0.0,"[0.0, 0.0, 0.0, 0.0]","[0.0, 0.0, 0.0, 0.0]",0.0,"[0.04393980475332913, 0.08334948410163048, 0.05904447466503722, 0.08607233365476334]","[0.05804501023865197, 0.07293569856528664, 0.043865728844981605, 0.07816260744541004]","[0.35002277230701606, 0.47982472510226215, 0.40351435633961696, 0.48784959557688873]","[0.3610850729662568, 0.3994144889215562, 0.32541416983812654, 0.41312961162512396]","[0.04985935477621345, 0.08512942172807246, 0.07170548713338892, 0.08646760035777529]","[0.2, 0.2, 0.2, 0.2]","[0.2, 0.2, 0.2, 0.2]","[0.2, 0.2, 0.2, 0.2]","[0.2, 0.2, 0.2, 0.2]","[0.003773013872566051, 0.0026123800910224427, 0.0033671136843795, 0.0019440449649561846]","[0.20353500286645443, 0.2288775893317655]","[2.8414710343340666, 2.600547624862197]",15000,"body origin, body frame; no gravity/external torque","[3.3042613334653955e-08, 4.8735499507824776e-08, 2.0284055801071352e-19]",5.888092397594292e-08,6.104543151169388e-07,4.809542866571309e-17,5.551115123125783e-17,"[0.00021725747095824706, 0.0003177143563655446, 2.0601036233869246e-05]",0.0003854447089037005,0.004564419598653244,0.003767764954873737,0.06164420175875096,"[0.00021722749538335428, 0.00031766948193869904, 2.060103623386926e-05]",0.0003853908239691744,0.004563906747427259,0.0037677649548737363,0.061644201758750905,"[6.577531903798977e-17, 1.1968801197647703e-18, 2.186951609763114e-19]",6.578657115357135e-17,8.196661641901096e-17,4.809542866571309e-17,5.551115123125783e-17,"[3.3042613334960336e-08, 4.873549950794421e-08, 1.5214927565451497e-19]",5.888092397621359e-08,6.104543150897891e-07,0.0,0.0,False
combined_motor1_70_restore-A_best-existing_no_integral,A_best,combined_motor1_70_restore,existing_no_integral,existing,no_integral,True,60.0,horizon,fault,5.0,30.0,True,True,,,,"[0.07137042565165382, -0.007120558092874054, -0.018611378924196065]","[0.0010031939577124288, 0.0032049766850284823, -0.00022254001319841748]","[0.0, 0.0, 0.0]","[0.07137042565165382, -0.007120558092874054, 0.9813886210758039]","[0.9999530995447286, -0.001106020009206545, 0.00037472799072050904, -0.009614312745198174]","[0.024205272918455006, -0.0068567864036289785, -0.0009799198391470306]","[0.0, 0.0, 1.0]","[0.0, 0.0, 1.0]","[0.0, 0.0, 1.0]","[0.0, 0.0, 1.0]","[1.0, 1.0, 1.0, 1.0]","[0.7, 1.0, 1.0, 1.0]",False,True,"[-0.1271475960246705, 0.04172013106328087, -1.1017831028033849]",,"[0.16759270385078115, -0.08804684329570389]",0.18931339360529637,0.18976340176711232,0.013060920789619599,0.205387735633039,-0.01480556001460697,0.01480556001460697,0.01682035629814537,0.00798246695266756,0.06455077742342186,0.1905074093998001,-9.925870889104793e-17,1.2197274440461925e-19,2500,5.01,30.0,0.040987264417095555,0.01598366302125207,0.763443405455838,0.06895586014625414,11.83426628356191,2.598517228313147,-0.16761668675728578,0.171040077701461,-9.603728727158831,9.799874579883378,[0.0],[0.0],0.0,[0.52],[0.3],0.52,[0.0],[0.0],0.0,[0.0],[0.0],0.0,[0.0],[0.0],0.0,[0.0],[0.0],0.0,[0.0],[0.0],0.0,[0.0],[0.0],0.0,"[0.0, 0.0, 0.0]",0.0,0.0,every physics interval; dwell = interval count * physics_dt,0.002,"[0.52, 0.0, 0.0, 0.0]","[0.3, 0.0, 0.0, 0.0]",0.52,"[0.0, 0.0, 0.0, 0.0]","[0.0, 0.0, 0.0, 0.0]",0.0,"[0.52, 0.0, 0.0, 0.0]","[0.3, 0.0, 0.0, 0.0]",0.52,"[0.0, 0.0, 0.0, 0.0]","[0.0, 0.0, 0.0, 0.0]",0.0,"[0.0, 0.0, 0.0, 0.0]","[0.0, 0.0, 0.0, 0.0]",0.0,"[0.0, 0.0, 0.0, 0.0]","[0.0, 0.0, 0.0, 0.0]",0.0,"[0.0, 0.0, 0.0, 0.0]","[0.0, 0.0, 0.0, 0.0]",0.0,"[0.0, 0.0, 0.0, 0.0]","[0.0, 0.0, 0.0, 0.0]",0.0,"[0.12927778817661584, 0.08542044607835711, 0.08031160589484806, 0.10041977779381023]","[0.0, 0.06495259372901682, 0.07268699632987308, 0.0464261612634716]","[0.6063495565503108, 0.4859361778362878, 0.4707659595835554, 0.5288448714315095]","[0.21814922562016836, 0.3787396343392121, 0.3987655911605784, 0.33180546389225185]","[3.841525674880275e-05, 0.07862791591296524, 0.07850613702336912, 0.05751443886327895]","[0.2, 0.2, 0.2, 0.2]","[0.2, 0.2, 0.2, 0.2]","[0.13999999999999999, 0.2, 0.2, 0.2]","[0.13999999999999999, 0.2, 0.2, 0.2]","[0.002419110051465876, 0.0015036782797222445, 0.001240373081574594, 0.0014824146928510014]","[0.8438808416353145, 1.1115934828790408]","[6.903961641437629, 10.00694003038978]",12500,"body origin, body frame; no gravity/external torque","[0.0019804044515558663, 0.001980196593880987, 0.0003327282245160106]",0.0028202638907644335,0.0047905553298666585,0.05601485261212283,0.095146348662147,"[0.00010266673408815219, 0.00010861600240887194, 1.3417300066860936e-05]",0.0001500597154758585,0.0026817819345678275,0.003534233726718664,0.05518210097431836,"[0.001986366913504843, 0.001987676743721439, 0.00033355045658700974]",0.0028298000388167367,0.005554688802672732,0.05627837347641682,0.13972329818372153,"[0.0019804051141017196, 0.0019804051141016016, 0.00033272822451601045]",0.002820410768542337,0.004790725563671735,0.05601485261212283,0.095146348662147,"[1.5098681719259727e-08, 2.09341377353768e-07, 1.5594430778265515e-19]",2.098851649403364e-07,4.3369922925165765e-07,0.0,0.0,False
combined_motor1_70_restore-A_best-existing_no_integral,A_best,combined_motor1_70_restore,existing_no_integral,existing,no_integral,True,60.0,horizon,restore,30.0,60.0,True,True,,,,"[0.16873168280581524, -0.08866958745968063, -0.01276178934513672]","[1.0487662700085667e-06, -2.8174379489425285e-05, -2.175372702480404e-06]","[0.0, 0.0, 0.0]","[0.16873168280581524, -0.08866958745968063, 0.9872382106548633]","[0.9963560485172205, -1.6985263548253383e-06, 4.873432740637168e-06, -0.08529140962907604]","[-0.0001350802119007598, -3.3841993494175515e-05, -2.8607126764944667e-06]","[0.0, 0.0, 1.0]","[0.0, 0.0, 1.0]","[0.0, 0.0, 1.0]","[0.0, 0.0, 1.0]","[0.7, 1.0, 1.0, 1.0]","[1.0, 1.0, 1.0, 1.0]",False,True,"[-0.00024155888673367876, 0.0005398184297624443, -9.78556453294008]",,"[0.07369657970691489, -0.007707728203135827]",0.07409854880192374,0.07522049879172836,0.012943280261407597,0.19061148740792785,-0.017252527351910886,0.017252527351910886,0.01786709023804218,0.004645773729521225,0.01862370340671049,0.0773133646406024,-9.622294280808852e-18,-7.453889935837843e-19,3000,30.01,60.0,0.030164741274248133,0.007853937776452153,0.29545144353403563,0.07207094358818122,11.971954855861306,3.1971521602665147,-0.023424796397675182,0.17023970266234012,-1.3421419695400423,9.754016468114132,[0.0],[0.0],0.0,[0.0],[0.0],0.0,[0.0],[0.0],0.0,[0.0],[0.0],0.0,[0.0],[0.0],0.0,[0.0],[0.0],0.0,[0.0],[0.0],0.0,[0.0],[0.0],0.0,"[0.0, 0.0, 0.0]",0.0,0.0,every physics interval; dwell = interval count * physics_dt,0.002,"[0.0, 0.0, 0.0, 0.0]","[0.0, 0.0, 0.0, 0.0]",0.0,"[0.0, 0.0, 0.0, 0.0]","[0.0, 0.0, 0.0, 0.0]",0.0,"[0.0, 0.0, 0.0, 0.0]","[0.0, 0.0, 0.0, 0.0]",0.0,"[0.0, 0.0, 0.0, 0.0]","[0.0, 0.0, 0.0, 0.0]",0.0,"[0.0, 0.0, 0.0, 0.0]","[0.0, 0.0, 0.0, 0.0]",0.0,"[0.0, 0.0, 0.0, 0.0]","[0.0, 0.0, 0.0, 0.0]",0.0,"[0.0, 0.0, 0.0, 0.0]","[0.0, 0.0, 0.0, 0.0]",0.0,"[0.0, 0.0, 0.0, 0.0]","[0.0, 0.0, 0.0, 0.0]",0.0,"[0.06531998774466012, 0.07167212901261552, 0.0874548045352637, 0.111045917206819]","[0.015621676427898024, 0.04579289984309609, 0.06312500035657753, 0.04014611632289802]","[0.42416032129497583, 0.44432870983604483, 0.4918915288743726, 0.5580373756280095]","[0.25598985722540557, 0.3302228481283903, 0.37404870513943467, 0.316163984084478]","[0.015621725729758285, 0.07050005254020847, 0.07659974711919887, 0.055502088097942714]","[0.2, 0.2, 0.2, 0.2]","[0.2, 0.2, 0.2, 0.2]","[0.2, 0.2, 0.2, 0.2]","[0.2, 0.2, 0.2, 0.2]","[0.0035766836035246055, 0.003236431452111852, 0.001570141652425664, 0.0015943881068077623]","[0.7921270845776464, 0.6400537278066429]","[8.225168303437982, 8.983379345350464]",15000,"body origin, body frame; no gravity/external torque","[3.320249927246132e-08, 2.1131665277532708e-07, 2.4022269686623925e-19]",2.139091716081986e-07,6.532607524430268e-07,4.6796482155156847e-17,5.551115123125783e-17,"[0.00021849923402414176, 0.0002480969934147796, 2.0873255143863676e-05]",0.0003312547753480583,0.004114817449539542,0.0036520957126641943,0.05462086689820611,"[0.0002184698135920221, 0.0002480658239464331, 2.0873255143863676e-05]",0.0003312120246027566,0.004114561838510927,0.0036520957126641956,0.054620866898206166,"[8.09295268603464e-17, 2.4730258769608013e-18, 2.5502303478748135e-19]",8.09677047443971e-17,1.0930200448452465e-16,4.6796482155156847e-17,5.551115123125783e-17,"[3.3202499272485e-08, 2.1131665277768027e-07, 1.5302237571146243e-19]",2.1390917161052888e-07,6.532607524466334e-07,0.0,0.0,False
combined_motor1_70_restore-A_best-existing_integral_020,A_best,combined_motor1_70_restore,existing_integral_020,existing,integral_020,True,60.0,horizon,fault,5.0,30.0,True,True,15.93,5.26,15.990000000000002,"[0.030596311604263293, -0.0033680752590126667, -0.005205204791041695]","[-0.006307261824128612, 0.0034931367202599745, 0.0006045714876930609]","[-0.04524634942841802, 0.004150489628068781, 0.012305672068994583]","[0.030596311604263293, -0.0033680752590126667, 0.9947947952089583]","[0.9999485727830757, -0.0012459455836649523, 0.0004890096653610638, -0.010052874128317393]","[0.02191214302466392, -0.006135205596006028, -0.0008945856120314711]","[0.0, 0.0, 1.0]","[0.0, 0.0, 1.0]","[-0.04524634942841802, 0.004150489628068781, 1.0123056720689947]","[-0.04524634942841802, 0.004150489628068781, 1.0123056720689947]","[1.0, 1.0, 1.0, 1.0]","[0.7, 1.0, 1.0, 1.0]",False,True,"[-0.14333104562518287, 0.054598208836023523, -1.1520632464693223]",,"[0.02630666991984819, -0.017975461361273332]",0.03186154568476671,0.052852362281513916,0.04216887602621058,0.16159028006999823,-0.0007374262049829671,0.0007374262049829671,0.00833886440189401,0.008306194201039336,0.05043095555393318,0.05350615719942491,1.3010426069826053e-18,8.131516293641283e-20,2500,5.01,30.0,0.04155447545248271,0.016646812224779303,0.21513546687233917,0.03725032411654448,11.797378243438354,2.588868744862274,-0.1689631079449026,0.1756856691170932,-9.680872978656268,10.066047361341308,[0.51],[0.3],0.51,[0.51],[0.3],0.51,[0.0],[0.0],0.0,[0.0],[0.0],0.0,[0.0],[0.0],0.0,[0.0],[0.0],0.0,[0.0],[0.0],0.0,[0.0],[0.0],0.0,"[-0.1683078687595344, 0.08836481930269742, 0.01252112192560885]",0.19009439754178717,0.017271756090637115,every physics interval; dwell = interval count * physics_dt,0.002,"[0.51, 0.0, 0.0, 0.0]","[0.3, 0.0, 0.0, 0.0]",0.51,"[0.0, 0.0, 0.0, 0.0]","[0.0, 0.0, 0.0, 0.0]",0.0,"[0.51, 0.0, 0.0, 0.0]","[0.3, 0.0, 0.0, 0.0]",0.51,"[0.0, 0.0, 0.0, 0.0]","[0.0, 0.0, 0.0, 0.0]",0.0,"[0.0, 0.0, 0.0, 0.0]","[0.0, 0.0, 0.0, 0.0]",0.0,"[0.0, 0.0, 0.0, 0.0]","[0.0, 0.0, 0.0, 0.0]",0.0,"[0.0, 0.0, 0.0, 0.0]","[0.0, 0.0, 0.0, 0.0]",0.0,"[0.0, 0.0, 0.0, 0.0]","[0.0, 0.0, 0.0, 0.0]",0.0,"[0.1292498463921478, 0.08545835611371062, 0.08028653955440287, 0.10043810085789619]","[0.0, 0.06505266677264401, 0.07275709201004121, 0.04651377423655906]","[0.6062769505431527, 0.4860475845294223, 0.47069073157441477, 0.5288959882577945]","[0.21814922562016836, 0.3789969266646783, 0.39894844750776937, 0.3320245211784655]","[3.781879318864867e-05, 0.0786530362692526, 0.07850273389234438, 0.05760690979930416]","[0.2, 0.2, 0.2, 0.2]","[0.2, 0.2, 0.2, 0.2]","[0.13999999999999999, 0.2, 0.2, 0.2]","[0.13999999999999999, 0.2, 0.2, 0.2]","[0.0024077666001477, 0.0015002670034330316, 0.0012408187713417512, 0.001472509681844192]","[0.8401478505928357, 1.1113286724988525]","[6.871479639970726, 9.93818281553889]",12500,"body origin, body frame; no gravity/external torque","[0.001980100632327574, 0.0019798927747429955, 0.0003326771789460742]",0.0028198312039934338,0.004782948408327457,0.05600625908183099,0.09499526094554045,"[0.00010271679336969483, 0.00010803251154336669, 1.3355468488790852e-05]",0.0001496667355462642,0.0026845532051998668,0.0035170511369827886,0.055131026963768426,"[0.0019860594299606735, 0.0019873087749106887, 0.000333497030447909]",0.0028293194403407897,0.005558009654504425,0.05626810804535348,0.13951277205824664,"[0.001980101289838243, 0.001980101289838138, 0.00033267717894607424]",0.002819978074636263,0.00478311812737511,0.05600625908183099,0.09499526094554045,"[1.5094294946362486e-08, 2.0932787290293415e-07, 1.501062147832714e-19]",2.098713799306487e-07,4.327835855850414e-07,0.0,0.0,False
combined_motor1_70_restore-A_best-existing_integral_020,A_best,combined_motor1_70_restore,existing_integral_020,existing,integral_020,True,60.0,horizon,restore,30.0,60.0,True,True,15.36,6.399999999999999,15.369999999999997,"[0.0004977581529707034, -0.0003507196921251883, -0.00021971739628690035]","[-0.00012419078635445327, 5.3786267417441384e-05, 3.9508067689975026e-05]","[-0.1683078687595344, 0.08836481930269742, 0.01252112192560885]","[0.0004977581529707034, -0.0003507196921251883, 0.9997802826037131]","[0.9963549813289729, 4.865076058420953e-06, 6.883285384818328e-06, -0.08530387511651169]","[-0.00014552575382102462, 4.486556843977521e-06, 8.581644635863035e-06]","[0.0, 0.0, 1.0]","[0.0, 0.0, 1.0]","[-0.1683078687595344, 0.08836481930269742, 1.012521121925609]","[-0.1683078687595344, 0.08836481930269742, 1.012521121925609]","[0.7, 1.0, 1.0, 1.0]","[1.0, 1.0, 1.0, 1.0]",True,True,"[0.00048817973389588237, 0.0008334479598663896, -9.786998193077887]",,"[-0.016104007138214173, 0.013620327193437056]",0.021091523386515588,0.03700927877308731,0.030411089367863152,0.11346151323194945,-0.0010209585261377059,0.0010209585261377059,0.004831593772317877,0.004722493204718003,0.02337682259896945,0.03732333068852232,-2.2768245622195593e-18,-1.0503208545953324e-19,3000,30.01,60.0,0.03054550378653587,0.008406318533602379,0.1511801377654442,0.021088740670625737,11.971366038898228,3.1971613156990535,-0.02242680506736748,0.17026466072681026,-1.2849612783227646,9.755446459873088,[0.0],[0.0],0.0,[0.0],[0.0],0.0,[0.0],[0.0],0.0,[0.0],[0.0],0.0,[0.0],[0.0],0.0,[0.0],[0.0],0.0,[0.0],[0.0],0.0,[0.0],[0.0],0.0,"[-0.07168508343472507, 0.006643770251349703, 0.01864744646907423]",0.19010122138315028,0.019440463778381285,every physics interval; dwell = interval count * physics_dt,0.002,"[0.0, 0.0, 0.0, 0.0]","[0.0, 0.0, 0.0, 0.0]",0.0,"[0.0, 0.0, 0.0, 0.0]","[0.0, 0.0, 0.0, 0.0]",0.0,"[0.0, 0.0, 0.0, 0.0]","[0.0, 0.0, 0.0, 0.0]",0.0,"[0.0, 0.0, 0.0, 0.0]","[0.0, 0.0, 0.0, 0.0]",0.0,"[0.0, 0.0, 0.0, 0.0]","[0.0, 0.0, 0.0, 0.0]",0.0,"[0.0, 0.0, 0.0, 0.0]","[0.0, 0.0, 0.0, 0.0]",0.0,"[0.0, 0.0, 0.0, 0.0]","[0.0, 0.0, 0.0, 0.0]",0.0,"[0.0, 0.0, 0.0, 0.0]","[0.0, 0.0, 0.0, 0.0]",0.0,"[0.06531690886648236, 0.07158441031134061, 0.08743770942219754, 0.11093855947758605]","[0.015621992459802142, 0.04586436678918382, 0.06315547300851437, 0.040194630542456894]","[0.42415037705597836, 0.4440547003353371, 0.49184167791586036, 0.5577466795440842]","[0.25599062556666097, 0.33040139198848084, 0.3741267987491198, 0.3162843802208315]","[0.015621830333020392, 0.07056009793883541, 0.07662681699192057, 0.055546996601611026]","[0.2, 0.2, 0.2, 0.2]","[0.2, 0.2, 0.2, 0.2]","[0.2, 0.2, 0.2, 0.2]","[0.2, 0.2, 0.2, 0.2]","[0.0035771042975743877, 0.0032374396072413327, 0.0015711914932927122, 0.0015956751593456898]","[0.7993156336803819, 0.644760122653416]","[8.224708516142718, 8.982975710260193]",15000,"body origin, body frame; no gravity/external torque","[3.322883061880649e-08, 2.1131743398109113e-07, 2.468216803930094e-19]",2.139140320050224e-07,6.530843798188059e-07,4.6807455653292236e-17,5.551115123125783e-17,"[0.0002186722755278909, 0.00024810936322089807, 2.0867311840492212e-05]",0.00033137782802395777,0.004114791373295208,0.003653379456513364,0.05462661877666203,"[0.0002186428284748261, 0.00024807819188486693, 2.0867311840492223e-05]",0.00033133505766185726,0.004114535769451419,0.0036533794565133644,0.05462661877666203,"[8.092555535132046e-17, 2.4644266687459672e-18, 2.5784265421628078e-19]",8.096348183322857e-17,1.0669994055965017e-16,4.6807455653292236e-17,5.551115123125783e-17,"[3.322883061881664e-08, 2.1131743398343299e-07, 1.5194311122966294e-19]",2.1391403200734005e-07,6.530843798224118e-07,0.0,0.0,False
combined_motor1_70_restore-A_best-oracle_no_integral,A_best,combined_motor1_70_restore,oracle_no_integral,oracle,no_integral,True,60.0,horizon,fault,5.0,30.0,True,True,,,,"[0.07137042565165382, -0.007120558092874054, -0.018611378924196065]","[0.0010031939577124288, 0.0032049766850284823, -0.00022254001319841748]","[0.0, 0.0, 0.0]","[0.07137042565165382, -0.007120558092874054, 0.9813886210758039]","[0.9999530995447286, -0.001106020009206545, 0.00037472799072050904, -0.009614312745198174]","[0.024205272918455006, -0.0068567864036289785, -0.0009799198391470306]","[0.0, 0.0, 1.0]","[0.0, 0.0, 1.0]","[0.0, 0.0, 1.0]","[0.0, 0.0, 1.0]","[1.0, 1.0, 1.0, 1.0]","[0.7, 1.0, 1.0, 1.0]",False,True,"[-0.1271475960246705, 0.04172013106328087, -1.1017831028033849]",,"[0.07241754146647214, -0.007141342586316908]",0.07276880572046895,0.07297477352966544,0.0054789128230497315,0.11282128437958282,-0.01865010766382912,0.01865010766382912,0.018747716246249914,0.001910588542173769,0.03395507420825672,0.07534450501633057,2.5427929076574096e-17,-3.358485635863301e-19,2500,5.01,30.0,0.02557857252492205,0.008740738991626867,0.2930322699066249,0.07550093684433111,8.013209250020436,1.7523357357440315,-0.020770951028231392,0.054007701534962226,-1.1900878303905764,3.0944133591555536,[0.0],[0.0],0.0,[0.33],[0.24],0.33,[0.0],[0.0],0.0,[0.0],[0.0],0.0,[0.0],[0.0],0.0,[0.0],[0.0],0.0,[0.0],[0.0],0.0,[0.0],[0.0],0.0,"[0.0, 0.0, 0.0]",0.0,0.0,every physics interval; dwell = interval count * physics_dt,0.002,"[0.33, 0.0, 0.0, 0.0]","[0.24, 0.0, 0.0, 0.0]",0.33,"[0.0, 0.0, 0.0, 0.0]","[0.0, 0.0, 0.0, 0.0]",0.0,"[0.33, 0.0, 0.0, 0.0]","[0.24, 0.0, 0.0, 0.0]",0.33,"[0.0, 0.0, 0.0, 0.0]","[0.0, 0.0, 0.0, 0.0]",0.0,"[0.0, 0.0, 0.0, 0.0]","[0.0, 0.0, 0.0, 0.0]",0.0,"[0.0, 0.0, 0.0, 0.0]","[0.0, 0.0, 0.0, 0.0]",0.0,"[0.0, 0.0, 0.0, 0.0]","[0.0, 0.0, 0.0, 0.0]",0.0,"[0.0, 0.0, 0.0, 0.0]","[0.0, 0.0, 0.0, 0.0]",0.0,"[0.15978757095239482, 0.09346149458482779, 0.08796601914447363, 0.11079760613968188]","[0.0, 0.07326494706738412, 0.07822214544507108, 0.05573032357614169]","[0.6836714481892621, 0.5092157140710997, 0.49338079314649347, 0.5573648923440956]","[0.21814922562016836, 0.4002740422631673, 0.41328671640506764, 0.3552128773998432]","[0.00036001735908258725, 0.08151968589086915, 0.0811729446163836, 0.06253774228888895]","[0.2, 0.2, 0.2, 0.2]","[0.2, 0.2, 0.2, 0.2]","[0.13999999999999999, 0.2, 0.2, 0.2]","[0.13999999999999999, 0.2, 0.2, 0.2]","[0.002585605080939701, 0.0012681589163491167, 0.0009391518745487453, 0.0009570106538537276]","[0.7243574741674367, 0.7871501566151597]","[5.126435283728223, 6.350392812562628]",12500,"body origin, body frame; no gravity/external torque","[0.00013920423535481604, 0.0001391840004235134, 2.338869143729251e-05]",0.00019823480017837743,0.0030615349857087406,0.003937490140958417,0.06081010645966184,"[9.879500507401684e-05, 9.673244590102896e-05, 1.124764502238488e-05]",0.0001387232087147645,0.002417312213913333,0.0028021661911891474,0.03959219273916803,"[0.00018798118690621106, 0.0001941030172937561, 2.999632263978996e-05]",0.0002718688789198175,0.004373465020957562,0.005759386020756711,0.0851734993217228,"[0.00013920996393357684, 0.00013920996393357733, 2.338869143729251e-05]",0.00019825705284787356,0.003061857187818549,0.003937490140958417,0.06081010645966184,"[1.3394933795899258e-08, 2.0897368659534582e-07, 1.4991815096152345e-19]",2.0940254521052522e-07,3.800573434610777e-07,0.0,0.0,False
combined_motor1_70_restore-A_best-oracle_no_integral,A_best,combined_motor1_70_restore,oracle_no_integral,oracle,no_integral,True,60.0,horizon,restore,30.0,60.0,True,True,,,,"[0.07157328460194455, -0.006551848237548281, -0.018575543675823036]","[-4.708834585060916e-07, -1.2715281272049677e-06, 9.404705601462004e-08]","[0.0, 0.0, 0.0]","[0.07157328460194455, -0.006551848237548281, 0.981424456324177]","[0.9999529619623052, 2.84856920410602e-07, -1.0621564984319453e-07, -0.00969916814578107]","[-5.732351018952933e-06, 2.011589546185894e-06, 3.0299384700850624e-07]","[0.0, 0.0, 1.0]","[0.0, 0.0, 1.0]","[0.0, 0.0, 1.0]","[0.0, 0.0, 1.0]","[0.7, 1.0, 1.0, 1.0]","[1.0, 1.0, 1.0, 1.0]",False,True,"[3.275871580344488e-05, -1.1854242215982575e-05, -1.1114602261093773]",,"[0.0715688091798766, -0.006351230564138064]",0.07185007012595346,0.07186371658068637,0.0014004226807654964,0.07502537139006318,-0.0186904505019634,0.0186904505019634,0.018697692621578905,0.0005203550755995925,0.022633111566105146,0.07425629582843642,-1.6311313465276062e-17,1.5003071078241795e-19,3000,30.01,60.0,0.007447400013165618,0.0023629193453615998,0.2875520924546127,0.07482862505581932,5.099738761525284,2.082534691766403,-0.019167332126583985,0.01948431636545105,-1.0982072353787753,1.116369094438025,[0.0],[0.0],0.0,[0.0],[0.0],0.0,[0.0],[0.0],0.0,[0.0],[0.0],0.0,[0.0],[0.0],0.0,[0.0],[0.0],0.0,[0.0],[0.0],0.0,[0.0],[0.0],0.0,"[0.0, 0.0, 0.0]",0.0,0.0,every physics interval; dwell = interval count * physics_dt,0.002,"[0.0, 0.0, 0.0, 0.0]","[0.0, 0.0, 0.0, 0.0]",0.0,"[0.0, 0.0, 0.0, 0.0]","[0.0, 0.0, 0.0, 0.0]",0.0,"[0.0, 0.0, 0.0, 0.0]","[0.0, 0.0, 0.0, 0.0]",0.0,"[0.0, 0.0, 0.0, 0.0]","[0.0, 0.0, 0.0, 0.0]",0.0,"[0.0, 0.0, 0.0, 0.0]","[0.0, 0.0, 0.0, 0.0]",0.0,"[0.0, 0.0, 0.0, 0.0]","[0.0, 0.0, 0.0, 0.0]",0.0,"[0.0, 0.0, 0.0, 0.0]","[0.0, 0.0, 0.0, 0.0]",0.0,"[0.0, 0.0, 0.0, 0.0]","[0.0, 0.0, 0.0, 0.0]",0.0,"[0.060549306624057976, 0.07132796417326454, 0.07962706609386037, 0.10412311232088639]","[0.030614892509221697, 0.054335243849690074, 0.06708043764500682, 0.04482273958662067]","[0.40853682241092004, 0.4432529429735119, 0.46870864001729684, 0.5391192019600451]","[0.2926277889178063, 0.35168356157115843, 0.38422032809662265, 0.3278006873833975]","[0.01784842406903231, 0.0750522365528292, 0.08161989410365014, 0.06024292146831567]","[0.2, 0.2, 0.2, 0.2]","[0.2, 0.2, 0.2, 0.2]","[0.2, 0.2, 0.2, 0.2]","[0.2, 0.2, 0.2, 0.2]","[0.003880295888746033, 0.0033746868577633634, 0.0014884198824420417, 0.0017750413967952668]","[0.2690999744082866, 0.268545007355442]","[3.7713550089209127, 3.445467396275731]",15000,"body origin, body frame; no gravity/external torque","[4.054183563792306e-08, 2.10438230488049e-07, 2.4482294584648894e-19]",2.1430793099611194e-07,6.25414834230714e-07,4.6917049471433994e-17,1.1102230246251565e-16,"[0.00026855787943152754, 0.0002240837332831076, 2.2544958487792753e-05]",0.0003504926950452381,0.0046888603140640365,0.003872516892153292,0.059066793067886314,"[0.00026852077527620083, 0.00022405639427623597, 2.254495848779277e-05]",0.00035044678586658196,0.004688511261383229,0.003872516892153294,0.05906679306788637,"[8.089904974116588e-17, 2.4987139784284307e-18, 2.564086218482909e-19]",8.093803534773372e-17,1.0114110369310799e-16,4.6917049471433994e-17,1.1102230246251565e-16,"[4.054183563823106e-08, 2.1043823049042187e-07, 1.5038786955675918e-19]",2.1430793099849914e-07,6.254148342766057e-07,0.0,0.0,False
combined_motor1_70_restore-A_best-oracle_integral_020,A_best,combined_motor1_70_restore,oracle_integral_020,oracle,integral_020,True,60.0,horizon,fault,5.0,30.0,True,True,7.1899999999999995,1.2199999999999998,7.75,"[0.030596311604263293, -0.0033680752590126667, -0.005205204791041695]","[-0.006307261824128612, 0.0034931367202599745, 0.0006045714876930609]","[-0.04524634942841802, 0.004150489628068781, 0.012305672068994583]","[0.030596311604263293, -0.0033680752590126667, 0.9947947952089583]","[0.9999485727830757, -0.0012459455836649523, 0.0004890096653610638, -0.010052874128317393]","[0.02191214302466392, -0.006135205596006028, -0.0008945856120314711]","[0.0, 0.0, 1.0]","[0.0, 0.0, 1.0]","[-0.04524634942841802, 0.004150489628068781, 1.0123056720689947]","[-0.04524634942841802, 0.004150489628068781, 1.0123056720689947]","[1.0, 1.0, 1.0, 1.0]","[0.7, 1.0, 1.0, 1.0]",False,True,"[-0.14333104562518287, 0.054598208836023523, -1.1520632464693223]",,"[0.005790028401248246, -0.000666869491456115]",0.005828305397445835,0.012381582195494338,0.010924030110627037,0.07130489021774154,-0.001403370540291761,0.001403370540291761,0.0029210884526341923,0.002561895562811658,0.020219254038809087,0.012721491084456067,-2.710505431213761e-20,-3.134021904840911e-20,2500,5.01,30.0,0.02566881512029155,0.00882402603635059,0.05445808114014745,0.01451450008471923,7.951887336425499,1.741826488469462,-0.020898125864535898,0.054606104950518396,-1.1973744117710916,3.128699349313135,[0.33],[0.24],0.33,[0.33],[0.24],0.33,[0.0],[0.0],0.0,[0.0],[0.0],0.0,[0.0],[0.0],0.0,[0.0],[0.0],0.0,[0.0],[0.0],0.0,[0.0],[0.0],0.0,"[-0.07151014497402088, 0.0065535373038332154, 0.018526084123458252]",0.07180981607968522,0.018526084123458252,every physics interval; dwell = interval count * physics_dt,0.002,"[0.33, 0.0, 0.0, 0.0]","[0.24, 0.0, 0.0, 0.0]",0.33,"[0.0, 0.0, 0.0, 0.0]","[0.0, 0.0, 0.0, 0.0]",0.0,"[0.33, 0.0, 0.0, 0.0]","[0.24, 0.0, 0.0, 0.0]",0.33,"[0.0, 0.0, 0.0, 0.0]","[0.0, 0.0, 0.0, 0.0]",0.0,"[0.0, 0.0, 0.0, 0.0]","[0.0, 0.0, 0.0, 0.0]",0.0,"[0.0, 0.0, 0.0, 0.0]","[0.0, 0.0, 0.0, 0.0]",0.0,"[0.0, 0.0, 0.0, 0.0]","[0.0, 0.0, 0.0, 0.0]",0.0,"[0.0, 0.0, 0.0, 0.0]","[0.0, 0.0, 0.0, 0.0]",0.0,"[0.15992836190497794, 0.09343106183436231, 0.08795662993819073, 0.11075970259912422]","[0.0, 0.07330601684169288, 0.07818442481602014, 0.05577267067696348]","[0.6840208334555, 0.509128868246279, 0.49335346645024425, 0.5572622026488063]","[0.21814922562016836, 0.4003813012330475, 0.41318717942710104, 0.35532012316183226]","[0.0003601337923971881, 0.08153073118688246, 0.08114161522026658, 0.0625481428685731]","[0.2, 0.2, 0.2, 0.2]","[0.2, 0.2, 0.2, 0.2]","[0.13999999999999999, 0.2, 0.2, 0.2]","[0.13999999999999999, 0.2, 0.2, 0.2]","[0.0025851752020042964, 0.0012657695159281142, 0.0009396930562015641, 0.0009542412933349019]","[0.725369538320696, 0.7819660516322752]","[5.130007092915619, 6.262946290712311]",12500,"body origin, body frame; no gravity/external torque","[0.00013869138807773122, 0.00013867129843338097, 2.3302529983466084e-05]",0.00019750452663105884,0.0030589907373597823,0.003922984845701444,0.06075957471992721,"[9.892523996467661e-05, 9.658095693041506e-05, 1.1247778805232296e-05]",0.00013871047859377827,0.002418243392143788,0.0027944941509432416,0.03957249562868753,"[0.0001876579807000999, 0.0001936092860682163, 2.9933302287685483e-05]",0.00027128596712349426,0.004374221985942094,0.005737233460755926,0.0849274183793185,"[0.00013869712921976674, 0.0001386971292197671, 2.3302529983466084e-05]",0.00019752669493321599,0.003059312857944336,0.003922984845701444,0.06075957471992721,"[1.3412349263385237e-08, 2.08969807025601e-07, 1.5375806445106496e-19]",2.0939978835013156e-07,3.7949959409067566e-07,0.0,0.0,False
combined_motor1_70_restore-A_best-oracle_integral_020,A_best,combined_motor1_70_restore,oracle_integral_020,oracle,integral_020,True,60.0,horizon,restore,30.0,60.0,True,True,1.6999999999999993,0.5300000000000011,1.7200000000000024,"[7.538266587347111e-05, 1.626807491769096e-06, -5.2590301057642286e-05]","[-1.814551122186043e-05, -8.005526882216336e-07, 1.1157994788019736e-05]","[-0.07151014497402088, 0.0065535373038332154, 0.018526084123458252]","[7.538266587347111e-05, 1.626807491769096e-06, 0.9999474096989424]","[0.9999529668607994, 5.057753779376848e-07, 3.549210479461578e-08, -0.009698663105196745]","[-3.2777370701993077e-06, 7.59909180592291e-07, 1.4690942414449454e-07]","[0.0, 0.0, 1.0]","[0.0, 0.0, 1.0]","[-0.07151014497402088, 0.0065535373038332154, 1.0185260841234582]","[-0.07151014497402088, 0.0065535373038332154, 1.0185260841234582]","[0.7, 1.0, 1.0, 1.0]","[1.0, 1.0, 1.0, 1.0]",True,True,"[5.79154177573324e-05, 4.629015464087678e-06, -1.1114023499935741]",,"[1.0457987069013256e-05, 5.435643107236005e-07]",1.0472103690068243e-05,0.0014338111209820795,0.0014337728780027144,0.011911182934137626,-8.288983973393356e-06,8.288983973393356e-06,0.0005667372004548726,0.0005666765807090622,0.004269830394771246,0.001541753996275448,5.505714157152952e-21,1.0058516248644817e-21,3000,30.01,60.0,0.007529304369713865,0.0024053495411183886,0.009488741298883469,0.0033121906765292237,5.09970007417094,2.0824938086906513,-0.019167334983533218,0.01953016577749146,-1.0982073990699086,1.1189960722410965,[0.0],[0.0],0.0,[0.0],[0.0],0.0,[0.0],[0.0],0.0,[0.0],[0.0],0.0,[0.0],[0.0],0.0,[0.0],[0.0],0.0,[0.0],[0.0],0.0,[0.0],[0.0],0.0,"[-0.07157304334202681, 0.006550268677977163, 0.01857592441273436]",0.07187215422535585,0.019130929794418498,every physics interval; dwell = interval count * physics_dt,0.002,"[0.0, 0.0, 0.0, 0.0]","[0.0, 0.0, 0.0, 0.0]",0.0,"[0.0, 0.0, 0.0, 0.0]","[0.0, 0.0, 0.0, 0.0]",0.0,"[0.0, 0.0, 0.0, 0.0]","[0.0, 0.0, 0.0, 0.0]",0.0,"[0.0, 0.0, 0.0, 0.0]","[0.0, 0.0, 0.0, 0.0]",0.0,"[0.0, 0.0, 0.0, 0.0]","[0.0, 0.0, 0.0, 0.0]",0.0,"[0.0, 0.0, 0.0, 0.0]","[0.0, 0.0, 0.0, 0.0]",0.0,"[0.0, 0.0, 0.0, 0.0]","[0.0, 0.0, 0.0, 0.0]",0.0,"[0.0, 0.0, 0.0, 0.0]","[0.0, 0.0, 0.0, 0.0]",0.0,"[0.06054877621709767, 0.07132210593295056, 0.07962040232319523, 0.1041161206730393]","[0.030628930798063225, 0.05434694921845029, 0.06708752877607443, 0.044839687180619786]","[0.40853506045052884, 0.443234615647806, 0.4686885828667795, 0.5390999102998616]","[0.29266229588570036, 0.35171314392906405, 0.38423862795664077, 0.3278429749591968]","[0.017848450722145665, 0.0750631693083928, 0.08162647999851227, 0.060256679897167736]","[0.2, 0.2, 0.2, 0.2]","[0.2, 0.2, 0.2, 0.2]","[0.2, 0.2, 0.2, 0.2]","[0.2, 0.2, 0.2, 0.2]","[0.0038804850457412115, 0.003375343375019767, 0.001488579877945436, 0.0017752623760010039]","[0.27057229944261035, 0.26879334153844175]","[3.7713168873122798, 3.4454542036884535]",15000,"body origin, body frame; no gravity/external torque","[4.0549110879191456e-08, 2.1043875779308115e-07, 2.4341637261126643e-19]",2.1430982519377855e-07,6.25369412150655e-07,4.6785506083197463e-17,5.551115123125783e-17,"[0.00026860355656333255, 0.00022410517109587428, 2.2545565163955503e-05]",0.00035054143951742425,0.00468886629738602,0.0038725889406812752,0.059066780181721734,"[0.00026856644553286036, 0.00022407782869657305, 2.254556516395551e-05]",0.00035049552277894897,0.004688517243721195,0.003872588940681277,0.05906678018172179,"[8.093026713623837e-17, 2.4905804666412744e-18, 2.517390624572661e-19]",8.09689724669839e-17,1.0148633664231584e-16,4.6785506083197463e-17,5.551115123125783e-17,"[4.054911087950325e-08, 2.1043875779544543e-07, 1.5424657422660348e-19]",2.1430982519615983e-07,6.25369412197515e-07,0.0,0.0,False
combined_motor1_70_restore-B_best-existing_no_integral,B_best,combined_motor1_70_restore,existing_no_integral,existing,no_integral,True,60.0,horizon,fault,5.0,30.0,True,True,,,,"[0.07839695612309584, -0.02064546572781805, -0.03318262448501186]","[0.00071532026874116, -0.0005168254144965365, -0.00027066691296146893]","[0.0, 0.0, 0.0]","[0.07839695612309584, -0.02064546572781805, 0.9668173755149881]","[0.999958054269932, -6.869668000826109e-05, -0.00016260084795800746, 0.009157430994680138]","[-0.0007011778898707218, -0.002928724469769733, 7.460627710318167e-05]","[0.0, 0.0, 1.0]","[0.0, 0.0, 1.0]","[0.0, 0.0, 1.0]","[0.0, 0.0, 1.0]","[1.0, 1.0, 1.0, 1.0]","[0.7, 1.0, 1.0, 1.0]",False,True,"[-0.008042357435211181, -0.018559815586363593, 1.0493802801973027]",,"[0.17424852176659325, -0.20728720575898388]",0.27079610966409806,0.27225807707716176,0.02817671954901323,0.2775421318432247,-0.05568218809532076,0.05568218809532076,0.056171461574579515,0.0073977715794552685,0.10324001498628488,0.27799225462084054,-2.1098574276567916e-16,-1.3965879234328904e-17,2500,5.01,30.0,0.044381488505095906,0.021426330129090912,1.0951004096920227,0.22634225110432113,9.140615360751957,2.2891398854476113,-0.0807164577571819,0.08573603340913795,-4.624712366732518,4.912312866536228,[0.0],[0.0],0.0,[0.29],[0.17],0.29,[0.0],[0.0],0.0,[0.0],[0.0],0.0,[0.0],[0.0],0.0,[0.0],[0.0],0.0,[0.0],[0.0],0.0,[0.0],[0.0],0.0,"[0.0, 0.0, 0.0]",0.0,0.0,every physics interval; dwell = interval count * physics_dt,0.002,"[0.29, 0.0, 0.0, 0.0]","[0.17, 0.0, 0.0, 0.0]",0.29,"[0.0, 0.0, 0.0, 0.0]","[0.0, 0.0, 0.0, 0.0]",0.0,"[0.29, 0.0, 0.0, 0.0]","[0.17, 0.0, 0.0, 0.0]",0.29,"[0.0, 0.0, 0.0, 0.0]","[0.0, 0.0, 0.0, 0.0]",0.0,"[0.0, 0.0, 0.0, 0.0]","[0.0, 0.0, 0.0, 0.0]",0.0,"[0.0, 0.0, 0.0, 0.0]","[0.0, 0.0, 0.0, 0.0]",0.0,"[0.0, 0.0, 0.0, 0.0]","[0.0, 0.0, 0.0, 0.0]",0.0,"[0.0, 0.0, 0.0, 0.0]","[0.0, 0.0, 0.0, 0.0]",0.0,"[0.1290994628825881, 0.08613907811507755, 0.06500402325747949, 0.09311215773456968]","[0.0, 0.07852672988782763, 0.0570077995284157, 0.05321940181428067]","[0.6058861152138476, 0.488045230208447, 0.4231389116735895, 0.5082182662060422]","[0.21814922562016836, 0.414090753690196, 0.3584511639793465, 0.3488658649738665]","[0.00015356438759189794, 0.0808863418369184, 0.07999410657499173, 0.058355379855044104]","[0.2, 0.2, 0.2, 0.2]","[0.2, 0.2, 0.2, 0.2]","[0.13999999999999999, 0.2, 0.2, 0.2]","[0.13999999999999999, 0.2, 0.2, 0.2]","[0.0020717682927590417, 0.000877233720663601, 0.0021322577615702034, 0.0014987257290711294]","[0.8432860550786457, 0.7789467838381332]","[7.060948799375644, 6.560995019072242]",12500,"body origin, body frame; no gravity/external torque","[0.001960464770713021, 0.0019602566076660833, 0.0003293781020476777]",0.0027918664042561187,0.00396732621822819,0.05545085893058543,0.07879585250225868,"[0.00012835271803827715, 7.647558598264903e-05, 1.08998616579134e-05]",0.00014980568234671584,0.0028255315460913363,0.004176228036298563,0.08536980311108522,"[0.001966434452407239, 0.001964226103931359, 0.00033010699308404657]",0.002798931808719624,0.005469945383119597,0.05575945876655599,0.162774832788389,"[0.0019604651174909447, 0.001960465117490834, 0.00032937810204767794]",0.0027920130529612086,0.003967459710243821,0.05545085893058543,0.07879585250225868,"[1.906493024244956e-08, 2.087401878211258e-07, 1.5091844997061374e-19]",2.0960901120121127e-07,4.851726166647589e-07,0.0,0.0,False
combined_motor1_70_restore-B_best-existing_no_integral,B_best,combined_motor1_70_restore,existing_no_integral,existing,no_integral,True,60.0,horizon,restore,30.0,60.0,True,True,,,,"[0.17649921571573476, -0.21411744147115397, -0.0536520618389249]","[1.5968129416820403e-08, -1.3636879301912744e-08, -2.5741855885122017e-09]","[0.0, 0.0, 0.0]","[0.17649921571573476, -0.21411744147115397, 0.9463479381610751]","[0.999154450578239, -4.063457087436886e-09, 3.5497880678212678e-09, -0.04111427841635343]","[4.1857948661850015e-09, -3.6660212631461106e-07, -1.2644886774621962e-08]","[0.0, 0.0, 1.0]","[0.0, 0.0, 1.0]","[0.0, 0.0, 1.0]","[0.0, 0.0, 1.0]","[0.7, 1.0, 1.0, 1.0]","[1.0, 1.0, 1.0, 1.0]",False,True,"[-4.819684542363208e-07, 3.8728743435491827e-07, -4.712677604129558]",,"[0.08096088948148283, -0.027018320661198386]",0.08535019201492294,0.08948169008518546,0.026875966652698244,0.27748619409993597,-0.031624972693082704,0.031624972693082704,0.03204972819464754,0.00520059414995659,0.053595323043192034,0.09504818745169191,1.3444106938820255e-17,-4.05559375145359e-18,3000,30.01,60.0,0.03657836325239456,0.014581248972569011,0.3465116698783027,0.12810590046918696,9.904432412742713,2.9682400313583157,0.01582931775217268,0.08170110759632127,0.9069530997710058,4.6811286468134385,[0.0],[0.0],0.0,[0.0],[0.0],0.0,[0.0],[0.0],0.0,[0.0],[0.0],0.0,[0.0],[0.0],0.0,[0.0],[0.0],0.0,[0.0],[0.0],0.0,[0.0],[0.0],0.0,"[0.0, 0.0, 0.0]",0.0,0.0,every physics interval; dwell = interval count * physics_dt,0.002,"[0.0, 0.0, 0.0, 0.0]","[0.0, 0.0, 0.0, 0.0]",0.0,"[0.0, 0.0, 0.0, 0.0]","[0.0, 0.0, 0.0, 0.0]",0.0,"[0.0, 0.0, 0.0, 0.0]","[0.0, 0.0, 0.0, 0.0]",0.0,"[0.0, 0.0, 0.0, 0.0]","[0.0, 0.0, 0.0, 0.0]",0.0,"[0.0, 0.0, 0.0, 0.0]","[0.0, 0.0, 0.0, 0.0]",0.0,"[0.0, 0.0, 0.0, 0.0]","[0.0, 0.0, 0.0, 0.0]",0.0,"[0.0, 0.0, 0.0, 0.0]","[0.0, 0.0, 0.0, 0.0]",0.0,"[0.0, 0.0, 0.0, 0.0]","[0.0, 0.0, 0.0, 0.0]",0.0,"[0.06987900950223172, 0.09457207152188421, 0.07072466690602382, 0.10673375662488255]","[0.015620775396532616, 0.07219793973343638, 0.04170192610325621, 0.04098866355118974]","[0.43870334411601, 0.5123788047543959, 0.4413627055121884, 0.5462957658452898]","[0.25598766662591244, 0.397490517308453, 0.32002825551715075, 0.31825583358001386]","[0.015620764655630281, 0.07902297220988215, 0.06658078987420737, 0.05346031582349142]","[0.2, 0.2, 0.2, 0.2]","[0.2, 0.2, 0.2, 0.2]","[0.2, 0.2, 0.2, 0.2]","[0.2, 0.2, 0.2, 0.2]","[0.003664403467683103, 0.0010293489157336747, 0.0032989233055544234, 0.0018468356801015823]","[0.7459759526080384, 0.6152386877935735]","[7.627839213953998, 6.336524064684721]",15000,"body origin, body frame; no gravity/external torque","[4.104922569666374e-08, 2.099866752636624e-07, 2.441254652930665e-19]",2.1396131126580612e-07,7.01230010789402e-07,4.6774527435602164e-17,1.1102230246251565e-16,"[0.00026625544201285163, 0.00020494512945018792, 2.106237366985496e-05]",0.0003366572293467537,0.004816641083613922,0.003501369609972555,0.059490587902476744,"[0.00026621873683043177, 0.00020492103718731716, 2.106237366985497e-05]",0.0003366135334565948,0.004816283461698627,0.003501369609972556,0.059490587902476744,"[8.092975391491907e-17, 2.4500811317907727e-18, 2.5641028740502484e-19]",8.096723851359491e-17,1.0798827805574773e-16,4.6774527435602164e-17,1.1102230246251565e-16,"[4.104922569701802e-08, 2.099866752659536e-07, 1.5939369885843158e-19]",2.1396131126812098e-07,7.012300108496159e-07,0.0,0.0,False
combined_motor1_70_restore-B_best-existing_integral_020,B_best,combined_motor1_70_restore,existing_integral_020,existing,integral_020,True,60.0,horizon,fault,5.0,30.0,True,True,16.990000000000002,5.08,17.2,"[0.03507770825818547, -0.013047556079409346, -0.011312312603020014]","[-0.007741618076226109, 0.0028343153513204263, 0.002052368027334816]","[-0.04960915086576503, 0.012501384048377145, 0.021431324507415576]","[0.03507770825818547, -0.013047556079409346, 0.98868768739698]","[0.9999558991209014, -3.21133455465682e-05, -5.257284632974829e-05, 0.009391273509937426]","[-0.0008082817821660395, -0.0030607713763808127, 3.941382829019431e-05]","[0.0, 0.0, 1.0]","[0.0, 0.0, 1.0]","[-0.04960915086576503, 0.012501384048377145, 1.0214313245074156]","[-0.04960915086576503, 0.012501384048377145, 1.0214313245074156]","[1.0, 1.0, 1.0, 1.0]","[0.7, 1.0, 1.0, 1.0]",False,True,"[-0.003736332896831859, -0.005989579633199426, 1.0761766895567753]",,"[0.02619258709864459, -0.04113638752184968]",0.04876734560408094,0.07898902040565829,0.06213703684098277,0.2012438615057402,-0.00697789736439159,0.00697789736439159,0.014899348808209997,0.013164328440172166,0.079337403210053,0.08038193789374708,-1.9949319973733282e-17,-1.6263032587282567e-19,2500,5.01,30.0,0.044504029827882485,0.02201497510298494,0.3187491841821101,0.0634030355280898,9.139044384551937,2.2878916239404834,-0.08060932228129429,0.08584862101832184,-4.6185739561280315,4.918763661367933,[0.29],[0.17],0.29,[0.29],[0.17],0.29,[0.0],[0.0],0.0,[0.0],[0.0],0.0,[0.0],[0.0],0.0,[0.0],[0.0],0.0,[0.0],[0.0],0.0,[0.0],[0.0],0.0,"[-0.17614540247456922, 0.2138301096446778, 0.053263383371650895]",0.27703883952179503,0.053263383371650895,every physics interval; dwell = interval count * physics_dt,0.002,"[0.29, 0.0, 0.0, 0.0]","[0.17, 0.0, 0.0, 0.0]",0.29,"[0.0, 0.0, 0.0, 0.0]","[0.0, 0.0, 0.0, 0.0]",0.0,"[0.29, 0.0, 0.0, 0.0]","[0.17, 0.0, 0.0, 0.0]",0.29,"[0.0, 0.0, 0.0, 0.0]","[0.0, 0.0, 0.0, 0.0]",0.0,"[0.0, 0.0, 0.0, 0.0]","[0.0, 0.0, 0.0, 0.0]",0.0,"[0.0, 0.0, 0.0, 0.0]","[0.0, 0.0, 0.0, 0.0]",0.0,"[0.0, 0.0, 0.0, 0.0]","[0.0, 0.0, 0.0, 0.0]",0.0,"[0.0, 0.0, 0.0, 0.0]","[0.0, 0.0, 0.0, 0.0]",0.0,"[0.12908788535111507, 0.08613920440888126, 0.06499301279501729, 0.09312498510297601]","[0.0, 0.07838079762738667, 0.05693697554605434, 0.0532620324867199]","[0.6058560213521688, 0.488045600340201, 0.4231032856121335, 0.5082549129120177]","[0.21814922562016836, 0.41370545691607086, 0.35827146639562457, 0.34897343141850024]","[0.00014663170995174446, 0.08076943317531617, 0.0799497453658217, 0.0584175135218572]","[0.2, 0.2, 0.2, 0.2]","[0.2, 0.2, 0.2, 0.2]","[0.13999999999999999, 0.2, 0.2, 0.2]","[0.13999999999999999, 0.2, 0.2, 0.2]","[0.002069918648930369, 0.0008754310715942054, 0.0021334098836455367, 0.0014944583382219053]","[0.842572219618141, 0.7786777605384206]","[7.048872116804914, 6.562532249734373]",12500,"body origin, body frame; no gravity/external torque","[0.001960464399619091, 0.0019602562395290403, 0.00032937803976577673]",0.0027918658778434053,0.003964641289468873,0.05545084844541692,0.07874251780596997,"[0.00012823453181516674, 7.657488813685773e-05, 1.0916598749890604e-05]",0.00014975640477553445,0.0028272845722544177,0.004169357668384387,0.0854030882829383,"[0.0019664294878540688, 0.0019642307349296093, 0.0003301082161885088]",0.0027989317149832867,0.005472621361896476,0.05575848527135296,0.1627057687703145,"[0.0019604647467878263, 0.0019604647467877166, 0.0003293780397657767]",0.0027920125250211936,0.003964774248357645,0.05545084844541692,0.07874251780596997,"[1.9042214196427382e-08, 2.0873884075778233e-07, 1.52653201770225e-19]",2.0960560479721153e-07,4.855743178693849e-07,0.0,0.0,False
combined_motor1_70_restore-B_best-existing_integral_020,B_best,combined_motor1_70_restore,existing_integral_020,existing,integral_020,True,60.0,horizon,restore,30.0,60.0,True,True,16.75,2.950000000000003,16.869999999999997,"[0.0004373779704789001, -0.0004159925272928868, -0.00039208530900258776]","[-0.00010739555970194824, 0.00011837944503595468, 7.623790566067014e-05]","[-0.17614540247456922, 0.2138301096446778, 0.053263383371650895]","[0.0004373779704789001, -0.0004159925272928868, 0.9996079146909974]","[0.9991543690976759, 1.633560128678741e-06, 1.4006521850439338e-06, -0.04111625844352969]","[-1.005455183445369e-06, -1.033124904310787e-06, 3.9897564741850805e-07]","[0.0, 0.0, 1.0]","[0.0, 0.0, 1.0]","[-0.17614540247456922, 0.2138301096446778, 1.053263383371651]","[-0.17614540247456922, 0.2138301096446778, 1.053263383371651]","[0.7, 1.0, 1.0, 1.0]","[1.0, 1.0, 1.0, 1.0]",True,True,"[0.00018043462696032978, 0.00016806383426312067, -4.712904690298929]",,"[-0.01628498159313463, 0.03215047056358702]",0.03603960852935016,0.06301734498681724,0.05169460693572135,0.17267073849036393,0.0033517786685674333,0.0033517786685674333,0.008923801384669795,0.008270417819552458,0.05127772625148119,0.06364605251184534,4.336808689942018e-19,2.710505431213761e-20,3000,30.01,60.0,0.03694897050126781,0.015169642148847548,0.25478437169280027,0.038808363373833005,9.904117953924404,2.9682211994330587,0.01575855985929433,0.08170507974063194,0.9028989711418375,4.681356233918057,[0.0],[0.0],0.0,[0.0],[0.0],0.0,[0.0],[0.0],0.0,[0.0],[0.0],0.0,[0.0],[0.0],0.0,[0.0],[0.0],0.0,[0.0],[0.0],0.0,[0.0],[0.0],0.0,"[-0.07843659840686748, 0.02092832860443609, 0.033153729867822126]",0.277045335309289,0.05326520154668399,every physics interval; dwell = interval count * physics_dt,0.002,"[0.0, 0.0, 0.0, 0.0]","[0.0, 0.0, 0.0, 0.0]",0.0,"[0.0, 0.0, 0.0, 0.0]","[0.0, 0.0, 0.0, 0.0]",0.0,"[0.0, 0.0, 0.0, 0.0]","[0.0, 0.0, 0.0, 0.0]",0.0,"[0.0, 0.0, 0.0, 0.0]","[0.0, 0.0, 0.0, 0.0]",0.0,"[0.0, 0.0, 0.0, 0.0]","[0.0, 0.0, 0.0, 0.0]",0.0,"[0.0, 0.0, 0.0, 0.0]","[0.0, 0.0, 0.0, 0.0]",0.0,"[0.0, 0.0, 0.0, 0.0]","[0.0, 0.0, 0.0, 0.0]",0.0,"[0.0, 0.0, 0.0, 0.0]","[0.0, 0.0, 0.0, 0.0]",0.0,"[0.06987618470466526, 0.09436185436971352, 0.07065146631398384, 0.10651029209240494]","[0.015621026436596158, 0.07220243363139103, 0.04174302136906424, 0.04099377859428116]","[0.43869444157575, 0.5117809888740522, 0.4411329627551689, 0.5456835344231353]","[0.2559882769577537, 0.3975022281961138, 0.3201304191974047, 0.3182685390956769]","[0.01562102751320496, 0.07902688713747656, 0.0666164026988349, 0.053463789245119825]","[0.2, 0.2, 0.2, 0.2]","[0.2, 0.2, 0.2, 0.2]","[0.2, 0.2, 0.2, 0.2]","[0.2, 0.2, 0.2, 0.2]","[0.003661349120583928, 0.0010307055960540991, 0.0032989676152142245, 0.0018500412950794194]","[0.7521072050847987, 0.6185292629306731]","[7.627600204498932, 6.3363178621104375]",15000,"body origin, body frame; no gravity/external torque","[4.1035369249844615e-08, 2.0998302105107223e-07, 2.4260051058007647e-19]",2.1395506691641256e-07,7.011786617124618e-07,4.6266693587521464e-17,5.551115123125783e-17,"[0.00026616586841717716, 0.0002047782895402474, 2.1061423750842914e-05]",0.00033648477075154653,0.004816641845902965,0.0035105253550374747,0.05962503334712638,"[0.00026612917669628335, 0.00020475422633323546, 2.1061423750842918e-05]",0.0003364411025139194,0.00481628422147114,0.003510525355037475,0.05962503334712643,"[8.094711261424867e-17, 2.475283030763177e-18, 2.5690209014332933e-19]",8.098535710454267e-17,1.0931017764027419e-16,4.6266693587521464e-17,5.551115123125783e-17,"[4.103536925021683e-08, 2.0998302105339516e-07, 1.4960418590285618e-19]",2.1395506691876297e-07,7.011786617731441e-07,0.0,0.0,False
combined_motor1_70_restore-B_best-oracle_no_integral,B_best,combined_motor1_70_restore,oracle_no_integral,oracle,no_integral,True,60.0,horizon,fault,5.0,30.0,True,True,,,,"[0.07839695612309584, -0.02064546572781805, -0.03318262448501186]","[0.00071532026874116, -0.0005168254144965365, -0.00027066691296146893]","[0.0, 0.0, 0.0]","[0.07839695612309584, -0.02064546572781805, 0.9668173755149881]","[0.999958054269932, -6.869668000826109e-05, -0.00016260084795800746, 0.009157430994680138]","[-0.0007011778898707218, -0.002928724469769733, 7.460627710318167e-05]","[0.0, 0.0, 1.0]","[0.0, 0.0, 1.0]","[0.0, 0.0, 1.0]","[0.0, 0.0, 1.0]","[1.0, 1.0, 1.0, 1.0]","[0.7, 1.0, 1.0, 1.0]",False,True,"[-0.008042357435211181, -0.018559815586363593, 1.0493802801973027]",,"[0.07899300362459556, -0.021871680555405497]",0.08196502322303746,0.08212330772472029,0.005096335908870562,0.11340074244906537,-0.033197698606555665,0.033197698606555665,0.03327830358172529,0.002314799452599974,0.0514412214450467,0.0886097238508651,-1.1302807648161384e-17,5.0889739471038364e-18,2500,5.01,30.0,0.021273185984528407,0.010506793157035193,0.32918713261822297,0.13352460644314088,5.100002527422425,1.4973100741747518,0.017474732805193814,0.018953072821194475,1.0012284378564114,1.0859310814585519,[0.0],[0.0],0.0,[0.27],[0.19],0.27,[0.0],[0.0],0.0,[0.0],[0.0],0.0,[0.0],[0.0],0.0,[0.0],[0.0],0.0,[0.0],[0.0],0.0,[0.0],[0.0],0.0,"[0.0, 0.0, 0.0]",0.0,0.0,every physics interval; dwell = interval count * physics_dt,0.002,"[0.27, 0.0, 0.0, 0.0]","[0.19, 0.0, 0.0, 0.0]",0.27,"[0.0, 0.0, 0.0, 0.0]","[0.0, 0.0, 0.0, 0.0]",0.0,"[0.27, 0.0, 0.0, 0.0]","[0.19, 0.0, 0.0, 0.0]",0.27,"[0.0, 0.0, 0.0, 0.0]","[0.0, 0.0, 0.0, 0.0]",0.0,"[0.0, 0.0, 0.0, 0.0]","[0.0, 0.0, 0.0, 0.0]",0.0,"[0.0, 0.0, 0.0, 0.0]","[0.0, 0.0, 0.0, 0.0]",0.0,"[0.0, 0.0, 0.0, 0.0]","[0.0, 0.0, 0.0, 0.0]",0.0,"[0.0, 0.0, 0.0, 0.0]","[0.0, 0.0, 0.0, 0.0]",0.0,"[0.16031807982428462, 0.09530561121577082, 0.07625964443819479, 0.10750874236974173]","[0.0, 0.08322081439629528, 0.06377250843662899, 0.06007812954034844]","[0.6849876692692153, 0.5144615419357801, 0.45849763920594166, 0.5484160818620436]","[0.21814922562016836, 0.42655212049631397, 0.37570898114436124, 0.36626050175662206]","[0.0009783169095609057, 0.08515757316084752, 0.08017183363932681, 0.06342148305238104]","[0.2, 0.2, 0.2, 0.2]","[0.2, 0.2, 0.2, 0.2]","[0.13999999999999999, 0.2, 0.2, 0.2]","[0.13999999999999999, 0.2, 0.2, 0.2]","[0.0025704113677510977, 0.0005476726561765321, 0.0017203480654105702, 0.0009238420072570966]","[0.5582826634222091, 0.5757224049230426]","[3.727243923721388, 3.750446041851516]",12500,"body origin, body frame; no gravity/external torque","[9.449500931197127e-05, 9.447804687602399e-05, 1.5877021081412817e-05]",0.000134564066246521,0.0023692436993608896,0.0026728991719550924,0.047060206232980295,"[0.00011676336780225105, 8.87815173251175e-05, 1.1585867737301979e-05]",0.00014713964187227242,0.0027716584567013705,0.0028964352051332014,0.05832921277078423,"[0.000162135066632671, 0.00014738671526857232, 2.458795684803169e-05]",0.00022048852870750718,0.004169636589094786,0.004754486941171702,0.09544832912769857,"[9.450035022446548e-05, 9.450035022446577e-05, 1.5877021081412827e-05]",0.00013458347663629797,0.0023695342617144604,0.0026728991719550924,0.047060206232980295,"[1.6419216369227395e-08, 2.08782005907908e-07, 1.5503711970239298e-19]",2.0942663788809056e-07,4.5889810073234194e-07,0.0,0.0,False
combined_motor1_70_restore-B_best-oracle_no_integral,B_best,combined_motor1_70_restore,oracle_no_integral,oracle,no_integral,True,60.0,horizon,restore,30.0,60.0,True,True,,,,"[0.0783524511652469, -0.02085581818003243, -0.0330395524756395]","[1.6487819267839885e-08, 2.456216255373131e-08, 5.209702236024998e-09]","[0.0, 0.0, 0.0]","[0.0783524511652469, -0.02085581818003243, 0.9669604475243605]","[0.9999576952990636, 5.7152778659192e-09, -7.80089638896226e-09, 0.009198239624237306]","[2.1891722965479555e-07, -6.385197301843595e-08, -2.645404639590318e-08]","[0.0, 0.0, 1.0]","[0.0, 0.0, 1.0]","[0.0, 0.0, 1.0]","[0.0, 0.0, 1.0]","[0.7, 1.0, 1.0, 1.0]","[1.0, 1.0, 1.0, 1.0]",False,True,"[6.466724329613342e-07, -8.999031971451573e-07, 1.0540554827135007]",,"[0.07833501557949807, -0.020552031688856727]",0.08098617581031947,0.0810038223526774,0.0016907286488730433,0.0841368464931054,-0.033052807565924096,0.033052807565924096,0.033056646189828606,0.0005037552277687531,0.036331154362100326,0.08748920558025218,2.4010842955817652e-17,-3.446947639292172e-18,3000,30.01,60.0,0.007713681129245348,0.003153797292921696,0.3241078246804385,0.1322647324594333,4.508897631933109,2.0152417363743402,0.01826575420293678,0.028547303703587792,1.0465506254516226,1.6356400186937645,[0.0],[0.0],0.0,[0.0],[0.0],0.0,[0.0],[0.0],0.0,[0.0],[0.0],0.0,[0.0],[0.0],0.0,[0.0],[0.0],0.0,[0.0],[0.0],0.0,[0.0],[0.0],0.0,"[0.0, 0.0, 0.0]",0.0,0.0,every physics interval; dwell = interval count * physics_dt,0.002,"[0.0, 0.0, 0.0, 0.0]","[0.0, 0.0, 0.0, 0.0]",0.0,"[0.0, 0.0, 0.0, 0.0]","[0.0, 0.0, 0.0, 0.0]",0.0,"[0.0, 0.0, 0.0, 0.0]","[0.0, 0.0, 0.0, 0.0]",0.0,"[0.0, 0.0, 0.0, 0.0]","[0.0, 0.0, 0.0, 0.0]",0.0,"[0.0, 0.0, 0.0, 0.0]","[0.0, 0.0, 0.0, 0.0]",0.0,"[0.0, 0.0, 0.0, 0.0]","[0.0, 0.0, 0.0, 0.0]",0.0,"[0.0, 0.0, 0.0, 0.0]","[0.0, 0.0, 0.0, 0.0]",0.0,"[0.0, 0.0, 0.0, 0.0]","[0.0, 0.0, 0.0, 0.0]",0.0,"[0.05891939901791005, 0.0896830075287608, 0.060145334612547646, 0.09741215196298894]","[0.03638786417235801, 0.07696133094305542, 0.04048133812556698, 0.0468971604838804]","[0.4030947557943446, 0.49836197483251055, 0.4071931871069141, 0.5204146390125826]","[0.30685642628282117, 0.40996410553073614, 0.316996025757162, 0.33298338152819285]","[0.017848427776356007, 0.0840980452325268, 0.06909700798514026, 0.06109753577225946]","[0.2, 0.2, 0.2, 0.2]","[0.2, 0.2, 0.2, 0.2]","[0.2, 0.2, 0.2, 0.2]","[0.2, 0.2, 0.2, 0.2]","[0.003777468206578777, 0.001016171739886959, 0.0034921259314969217, 0.0017324899247652022]","[0.25602138610659236, 0.24082711759192071]","[3.5604254566745905, 2.7682840574295495]",15000,"body origin, body frame; no gravity/external torque","[3.946807806137486e-08, 2.1006394956303105e-07, 2.385458205624514e-19]",2.1373954264917774e-07,6.6423489883004e-07,4.7320339693140687e-17,5.551115123125783e-17,"[0.0002598657407025827, 0.00021353436421738862, 2.12708934050518e-05]",0.0003370156951818232,0.005166186078337924,0.004323451731870547,0.07659879167842903,"[0.00025982995899679804, 0.00021350880572299158, 2.1270893405051817e-05]",0.0003369719107281709,0.005165770484809699,0.0043234517318705475,0.07659879167842903,"[8.093428973964684e-17, 2.4404584972550287e-18, 2.5628954687693013e-19]",8.097148126142914e-17,9.967309451805481e-17,4.7320339693140687e-17,5.551115123125783e-17,"[3.946807806171012e-08, 2.1006394956532593e-07, 1.5536028236613213e-19]",2.137395426514932e-07,6.642348988875698e-07,0.0,0.0,False
combined_motor1_70_restore-B_best-oracle_integral_020,B_best,combined_motor1_70_restore,oracle_integral_020,oracle,integral_020,True,60.0,horizon,fault,5.0,30.0,True,True,7.68,4.32,8.280000000000001,"[0.03507770825818547, -0.013047556079409346, -0.011312312603020014]","[-0.007741618076226109, 0.0028343153513204263, 0.002052368027334816]","[-0.04960915086576503, 0.012501384048377145, 0.021431324507415576]","[0.03507770825818547, -0.013047556079409346, 0.98868768739698]","[0.9999558991209014, -3.21133455465682e-05, -5.257284632974829e-05, 0.009391273509937426]","[-0.0008082817821660395, -0.0030607713763808127, 3.941382829019431e-05]","[0.0, 0.0, 1.0]","[0.0, 0.0, 1.0]","[-0.04960915086576503, 0.012501384048377145, 1.0214313245074156]","[-0.04960915086576503, 0.012501384048377145, 1.0214313245074156]","[1.0, 1.0, 1.0, 1.0]","[0.7, 1.0, 1.0, 1.0]",False,True,"[-0.003736332896831859, -0.005989579633199426, 1.0761766895567753]",,"[0.006162388243156408, -0.0018995900664943307]",0.006448524736722055,0.013734146730442801,0.01212614180740175,0.0687794108554989,-0.002504533601683409,0.002504533601683409,0.004762154884847587,0.004050361784497356,0.028682220945552395,0.014536330539741122,-1.6263032587282567e-19,-1.3891340334970526e-19,2500,5.01,30.0,0.02134466438018253,0.01059285381412503,0.05703994160483016,0.021342266254204725,5.052033495541736,1.4967009493524386,0.017563720916593865,0.01922497050586909,1.0063270810664742,1.101509671249786,[0.27],[0.19],0.27,[0.27],[0.19],0.27,[0.0],[0.0],0.0,[0.0],[0.0],0.0,[0.0],[0.0],0.0,[0.0],[0.0],0.0,[0.0],[0.0],0.0,[0.0],[0.0],0.0,"[-0.07829921421168184, 0.02088693116961941, 0.03297716370411498]",0.08103721885560523,0.03297716370411498,every physics interval; dwell = interval count * physics_dt,0.002,"[0.27, 0.0, 0.0, 0.0]","[0.19, 0.0, 0.0, 0.0]",0.27,"[0.0, 0.0, 0.0, 0.0]","[0.0, 0.0, 0.0, 0.0]",0.0,"[0.27, 0.0, 0.0, 0.0]","[0.19, 0.0, 0.0, 0.0]",0.27,"[0.0, 0.0, 0.0, 0.0]","[0.0, 0.0, 0.0, 0.0]",0.0,"[0.0, 0.0, 0.0, 0.0]","[0.0, 0.0, 0.0, 0.0]",0.0,"[0.0, 0.0, 0.0, 0.0]","[0.0, 0.0, 0.0, 0.0]",0.0,"[0.0, 0.0, 0.0, 0.0]","[0.0, 0.0, 0.0, 0.0]",0.0,"[0.0, 0.0, 0.0, 0.0]","[0.0, 0.0, 0.0, 0.0]",0.0,"[0.16028494563509843, 0.09531352330806243, 0.07626265934859838, 0.10748067545976175]","[0.0, 0.08333878724813903, 0.06374168369844224, 0.06010073771287891]","[0.6849054841274602, 0.51448397888977, 0.45850685061529206, 0.5483393713855751]","[0.21814922562016836, 0.4268670492559611, 0.3756299014584338, 0.3663181471027046]","[0.0009785368842712139, 0.08518637359002877, 0.08016369911920751, 0.06338828714591732]","[0.2, 0.2, 0.2, 0.2]","[0.2, 0.2, 0.2, 0.2]","[0.13999999999999999, 0.2, 0.2, 0.2]","[0.13999999999999999, 0.2, 0.2, 0.2]","[0.002568987470469677, 0.0005446713666884187, 0.001718074383915739, 0.0009214363027253424]","[0.5564199088145418, 0.5699618591316871]","[3.727109611694447, 3.699662989161059]",12500,"body origin, body frame; no gravity/external torque","[9.415189865186362e-05, 9.413499874783433e-05, 1.581937664461192e-05]",0.00013407546638527824,0.0023660578826312875,0.0026631947213152105,0.04699693249244996,"[0.00011658938602792191, 8.847102446940612e-05, 1.1604232937845688e-05]",0.00014681575299371036,0.0027719469404704007,0.002894351181349943,0.058317711783740345,"[0.00016178211731951726, 0.00014694686614055076, 2.4568976113707698e-05]",0.00021993287507826522,0.004170175099930284,0.004744619924657418,0.09526945289841438,"[9.415724937209247e-05, 9.415724937209283e-05, 1.581937664461192e-05]",0.00013409484664244546,0.002366348357782993,0.0026631947213152105,0.04699693249244996,"[1.6385940675384476e-08, 2.0877618710051775e-07, 1.5418559514763351e-19]",2.094182307060392e-07,4.5882939012302793e-07,0.0,0.0,False
combined_motor1_70_restore-B_best-oracle_integral_020,B_best,combined_motor1_70_restore,oracle_integral_020,oracle,integral_020,True,60.0,horizon,restore,30.0,60.0,True,True,1.9200000000000017,0.6400000000000006,1.9299999999999997,"[6.719704633892e-05, 3.276015083082801e-05, -6.937302301579518e-05]","[-1.689098971884448e-05, -6.6314050058603856e-06, 1.5329627450133204e-05]","[-0.07829921421168184, 0.02088693116961941, 0.03297716370411498]","[6.719704633892e-05, 3.276015083082801e-05, 0.9999306269769842]","[0.9999576962622927, -6.31551731286866e-08, 2.1391536569707238e-07, 0.00919813490652049]","[-3.57479443801131e-08, -1.8603917730957974e-07, -1.2619236261000363e-08]","[0.0, 0.0, 1.0]","[0.0, 0.0, 1.0]","[-0.07829921421168184, 0.02088693116961941, 1.032977163704115]","[-0.07829921421168184, 0.02088693116961941, 1.032977163704115]","[0.7, 1.0, 1.0, 1.0]","[1.0, 1.0, 1.0, 1.0]",True,True,"[-7.011270677626038e-06, 2.457842562770914e-05, 1.0540434824379383]",,"[8.834562654148623e-06, 5.398671070397854e-06]",1.0353508903576037e-05,0.0017434633814723815,0.0017434326391887055,0.013213129331753599,-1.0273106206936852e-05,1.0273106206936852e-05,0.0005312979227572285,0.0005311985937622649,0.003640570325596837,0.0018226195558210321,-8.470329472543003e-22,-7.940933880509066e-22,3000,30.01,60.0,0.007772524761092512,0.003195442239795526,0.010465630168963888,0.0038481535859078908,4.5088816666574045,2.0152217191067714,0.018265700908178157,0.028547125492237084,1.0465475718868833,1.6356298079355076,[0.0],[0.0],0.0,[0.0],[0.0],0.0,[0.0],[0.0],0.0,[0.0],[0.0],0.0,[0.0],[0.0],0.0,[0.0],[0.0],0.0,[0.0],[0.0],0.0,[0.0],[0.0],0.0,"[-0.07835235575948495, 0.02085447008314134, 0.033038939953824134]",0.08108021075151156,0.03314334305773858,every physics interval; dwell = interval count * physics_dt,0.002,"[0.0, 0.0, 0.0, 0.0]","[0.0, 0.0, 0.0, 0.0]",0.0,"[0.0, 0.0, 0.0, 0.0]","[0.0, 0.0, 0.0, 0.0]",0.0,"[0.0, 0.0, 0.0, 0.0]","[0.0, 0.0, 0.0, 0.0]",0.0,"[0.0, 0.0, 0.0, 0.0]","[0.0, 0.0, 0.0, 0.0]",0.0,"[0.0, 0.0, 0.0, 0.0]","[0.0, 0.0, 0.0, 0.0]",0.0,"[0.0, 0.0, 0.0, 0.0]","[0.0, 0.0, 0.0, 0.0]",0.0,"[0.0, 0.0, 0.0, 0.0]","[0.0, 0.0, 0.0, 0.0]",0.0,"[0.0, 0.0, 0.0, 0.0]","[0.0, 0.0, 0.0, 0.0]",0.0,"[0.058919062026806426, 0.08967467393908149, 0.060138969248102914, 0.09740291431473912]","[0.03640284030175628, 0.07696193831304245, 0.04049232879426043, 0.04691645791416513]","[0.4030936248123203, 0.4983378741275655, 0.4071719885050921, 0.520388622386557]","[0.3068934426625697, 0.40996570394906273, 0.31702331055973887, 0.3330316573208346]","[0.01784849023396684, 0.08409840349496, 0.0691068687618282, 0.061097890822982726]","[0.2, 0.2, 0.2, 0.2]","[0.2, 0.2, 0.2, 0.2]","[0.2, 0.2, 0.2, 0.2]","[0.2, 0.2, 0.2, 0.2]","[0.003777042666902652, 0.0010163079119759851, 0.0034921833671203864, 0.001732770821239127]","[0.2563894204665984, 0.241138100868723]","[3.560428359715996, 2.768254284373283]",15000,"body origin, body frame; no gravity/external torque","[3.946732941660202e-08, 2.1006345349300234e-07, 2.4073510383316497e-19]",2.1373891686982533e-07,6.642159727463861e-07,4.730948515929147e-17,5.551115123125783e-17,"[0.0002598610964612247, 0.0002135151922710962, 2.1270202818163036e-05]",0.00033699992331235104,0.0051661886380797205,0.00432380531069977,0.07657193039293275,"[0.0002598253154501211, 0.000213489637108763, 2.1270202818163036e-05]",0.0003369561414034766,0.005165773043957096,0.0043238053106997715,0.07657193039293275,"[8.092328814439032e-17, 2.4255391790212555e-18, 2.568628993249714e-19]",8.09600381852565e-17,9.998801777370397e-17,4.730948515929147e-17,5.551115123125783e-17,"[3.946732941694639e-08, 2.1006345349528282e-07, 1.535846779678903e-19]",2.137389168721299e-07,6.642159728032042e-07,0.0,0.0,False
