key,label,condition,configuration,allocator_mode,gain,completed,actual_duration_sec,end_reason,window,partial,available,metrics__mean_error_xy_m,metrics__offset_xy_m,metrics__rmse_xy_m,metrics__sway_xy_rms_m,metrics__max_xy_error_m,metrics__mean_error_z_m,metrics__offset_z_abs_m,metrics__rmse_z_m,metrics__sway_z_rms_m,metrics__max_abs_z_error_m,metrics__rmse_3d_m,metrics__xy_bias_variance_residual_m2,metrics__z_bias_variance_residual_m2,metrics__sample_count,metrics__first_sample_s,metrics__last_sample_s,metrics__actual_velocity_xy_rms_m_s,metrics__actual_velocity_z_rms_m_s,metrics__velocity_error_xy_rms_m_s,metrics__velocity_error_z_rms_m_s,metrics__max_tilt_deg,metrics__max_angular_speed_rad_s,metrics__yaw_error_mean_rad,metrics__yaw_error_max_abs_rad,metrics__yaw_error_mean_deg,metrics__yaw_error_max_abs_deg,metrics__integral__integral_frozen__duration_s_per_channel,metrics__integral__integral_frozen__longest_continuous_s_per_channel,metrics__integral__integral_frozen__duration_any_s,metrics__integral__interval_allocator_clipping__duration_s_per_channel,metrics__integral__interval_allocator_clipping__longest_continuous_s_per_channel,metrics__integral__interval_allocator_clipping__duration_any_s,metrics__integral__interval_esc_boundary__duration_s_per_channel,metrics__integral__interval_esc_boundary__longest_continuous_s_per_channel,metrics__integral__interval_esc_boundary__duration_any_s,metrics__integral__interval_action_boundary__duration_s_per_channel,metrics__integral__interval_action_boundary__longest_continuous_s_per_channel,metrics__integral__interval_action_boundary__duration_any_s,metrics__integral__integral_xy_at_limit__duration_s_per_channel,metrics__integral__integral_xy_at_limit__longest_continuous_s_per_channel,metrics__integral__integral_xy_at_limit__duration_any_s,metrics__integral__integral_z_at_limit__duration_s_per_channel,metrics__integral__integral_z_at_limit__longest_continuous_s_per_channel,metrics__integral__integral_z_at_limit__duration_any_s,metrics__integral__integral_xy_projected__duration_s_per_channel,metrics__integral__integral_xy_projected__longest_continuous_s_per_channel,metrics__integral__integral_xy_projected__duration_any_s,metrics__integral__integral_z_projected__duration_s_per_channel,metrics__integral__integral_z_projected__longest_continuous_s_per_channel,metrics__integral__integral_z_projected__duration_any_s,metrics__integral__xi_final_m,metrics__integral__xi_max_xy_norm_m,metrics__integral__xi_max_abs_z_m,metrics__motors__sampling,metrics__motors__physics_dt,metrics__motors__allocator_clipped__duration_s_per_channel,metrics__motors__allocator_clipped__longest_continuous_s_per_channel,metrics__motors__allocator_clipped__duration_any_s,metrics__motors__allocator_lower__duration_s_per_channel,metrics__motors__allocator_lower__longest_continuous_s_per_channel,metrics__motors__allocator_lower__duration_any_s,metrics__motors__allocator_upper__duration_s_per_channel,metrics__motors__allocator_upper__longest_continuous_s_per_channel,metrics__motors__allocator_upper__duration_any_s,metrics__motors__esc_lower__duration_s_per_channel,metrics__motors__esc_lower__longest_continuous_s_per_channel,metrics__motors__esc_lower__duration_any_s,metrics__motors__esc_upper__duration_s_per_channel,metrics__motors__esc_upper__longest_continuous_s_per_channel,metrics__motors__esc_upper__duration_any_s,metrics__motors__actual_effective_upper__duration_s_per_channel,metrics__motors__actual_effective_upper__longest_continuous_s_per_channel,metrics__motors__actual_effective_upper__duration_any_s,metrics__motors__policy_action_at_bound__duration_s_per_channel,metrics__motors__policy_action_at_bound__longest_continuous_s_per_channel,metrics__motors__policy_action_at_bound__duration_any_s,metrics__motors__policy_action_clipped__duration_s_per_channel,metrics__motors__policy_action_clipped__longest_continuous_s_per_channel,metrics__motors__policy_action_clipped__duration_any_s,metrics__motors__allocator_lower_margin_n_minimum_per_motor,metrics__motors__allocator_upper_margin_n_minimum_per_motor,metrics__motors__esc_lower_margin_minimum_per_motor,metrics__motors__esc_upper_margin_minimum_per_motor,metrics__motors__effective_max_margin_n_minimum_per_motor,metrics__motors__nominal_max_thrust_n_minimum_per_motor,metrics__motors__nominal_max_thrust_n_maximum_per_motor,metrics__motors__effective_max_thrust_n_minimum_per_motor,metrics__motors__effective_max_thrust_n_maximum_per_motor,metrics__motors__thrust_lag_rms_n_per_motor,metrics__roll_pitch_rms_deg,metrics__roll_pitch_max_abs_deg,metrics__wrench_diagnostics__sample_count,metrics__wrench_diagnostics__moment_reference,metrics__wrench_diagnostics__allocation_residual_xml__moment_rms_xyz_nm,metrics__wrench_diagnostics__allocation_residual_xml__moment_norm_rms_nm,metrics__wrench_diagnostics__allocation_residual_xml__moment_norm_max_nm,metrics__wrench_diagnostics__allocation_residual_xml__force_rms_n,metrics__wrench_diagnostics__allocation_residual_xml__force_max_abs_n,metrics__wrench_diagnostics__actuator_response_residual_xml__moment_rms_xyz_nm,metrics__wrench_diagnostics__actuator_response_residual_xml__moment_norm_rms_nm,metrics__wrench_diagnostics__actuator_response_residual_xml__moment_norm_max_nm,metrics__wrench_diagnostics__actuator_response_residual_xml__force_rms_n,metrics__wrench_diagnostics__actuator_response_residual_xml__force_max_abs_n,metrics__wrench_diagnostics__total_rotor_residual_xml__moment_rms_xyz_nm,metrics__wrench_diagnostics__total_rotor_residual_xml__moment_norm_rms_nm,metrics__wrench_diagnostics__total_rotor_residual_xml__moment_norm_max_nm,metrics__wrench_diagnostics__total_rotor_residual_xml__force_rms_n,metrics__wrench_diagnostics__total_rotor_residual_xml__force_max_abs_n,metrics__wrench_diagnostics__allocation_residual_b0__moment_rms_xyz_nm,metrics__wrench_diagnostics__allocation_residual_b0__moment_norm_rms_nm,metrics__wrench_diagnostics__allocation_residual_b0__moment_norm_max_nm,metrics__wrench_diagnostics__allocation_residual_b0__force_rms_n,metrics__wrench_diagnostics__allocation_residual_b0__force_max_abs_n,metrics__wrench_diagnostics__geometry_wrench_difference__moment_rms_xyz_nm,metrics__wrench_diagnostics__geometry_wrench_difference__moment_norm_rms_nm,metrics__wrench_diagnostics__geometry_wrench_difference__moment_norm_max_nm,metrics__wrench_diagnostics__geometry_wrench_difference__force_rms_n,metrics__wrench_diagnostics__geometry_wrench_difference__force_max_abs_n,metrics
nominal-A_best-existing_no_integral,A_best,nominal,existing_no_integral,existing,no_integral,True,60.0,horizon,full_0_60,False,True,"[-0.0014218438237351965, -0.0012925768856439268]",0.001921560528423416,0.001927740530788893,0.00015423582479879704,0.0020841589657270778,0.0013132756588161122,0.0013132756588161122,0.001317240229479632,0.00010212182000269115,0.0013359658275680086,0.0023348030701122943,-6.551270451419979e-22,-1.7470054537119944e-21,6000,0.01,60.0,0.00038503941080149807,0.00015771803922063512,0.00773689028566504,0.005282476554438477,0.11500938482955203,0.025333598720451524,-0.002260537936435997,0.002304510250568024,-0.129519283186995,0.13203871120218358,[0.0],[0.0],0.0,[0.0],[0.0],0.0,[0.0],[0.0],0.0,[0.0],[0.0],0.0,[0.0],[0.0],0.0,[0.0],[0.0],0.0,[0.0],[0.0],0.0,[0.0],[0.0],0.0,"[0.0, 0.0, 0.0]",0.0,0.0,every physics interval; dwell = interval count * physics_dt,0.002,"[0.0, 0.0, 0.0, 0.0]","[0.0, 0.0, 0.0, 0.0]",0.0,"[0.0, 0.0, 0.0, 0.0]","[0.0, 0.0, 0.0, 0.0]",0.0,"[0.0, 0.0, 0.0, 0.0]","[0.0, 0.0, 0.0, 0.0]",0.0,"[0.0, 0.0, 0.0, 0.0]","[0.0, 0.0, 0.0, 0.0]",0.0,"[0.0, 0.0, 0.0, 0.0]","[0.0, 0.0, 0.0, 0.0]",0.0,"[0.0, 0.0, 0.0, 0.0]","[0.0, 0.0, 0.0, 0.0]",0.0,"[0.0, 0.0, 0.0, 0.0]","[0.0, 0.0, 0.0, 0.0]",0.0,"[0.0, 0.0, 0.0, 0.0]","[0.0, 0.0, 0.0, 0.0]",0.0,"[0.10608781943199337, 0.1056541063434537, 0.10626050377640389, 0.10586889641945596]","[0.09317272527158255, 0.09290513386465199, 0.09334738131334983, 0.09241521406922501]","[0.5445250322635028, 0.5433342776748339, 0.5449987316720872, 0.5439241631748784]","[0.45344813304266796, 0.4527156952282009, 0.45392648582351136, 0.4513761109637442]","[0.09334842929037353, 0.09322790610416859, 0.09347135858663615, 0.09311040039565242]","[0.2, 0.2, 0.2, 0.2]","[0.2, 0.2, 0.2, 0.2]","[0.2, 0.2, 0.2, 0.2]","[0.2, 0.2, 0.2, 0.2]","[1.9786539396298477e-05, 4.853845212816196e-05, 6.860482614106698e-06, 3.33670509610455e-05]","[0.010109523792152162, 0.006830067581937714]","[0.09216312795886852, 0.0687976782006852]",30000,"body origin, body frame; no gravity/external torque","[5.042641425489028e-10, 2.7405585806970207e-10, 2.018119566457713e-19]",5.739241577098116e-10,6.4720888160238626e-09,4.8084749098874264e-17,5.551115123125783e-17,"[3.2517814760346475e-06, 1.763800439137851e-06, 2.1427152667630157e-07]",3.7055346502399988e-06,4.395796639114721e-05,5.818289667111678e-05,0.0017622507157669665,"[3.2513122844657917e-06, 1.7635459402816212e-06, 2.1427152667630097e-07]",3.7050017735145705e-06,4.39515328660181e-05,5.818289667111697e-05,0.0017622507157669665,"[6.575336549766097e-17, 1.1464881987175365e-18, 2.1476907151427118e-19]",6.576371062533611e-17,6.781575284291438e-17,4.8084749098874264e-17,5.551115123125783e-17,"[5.042641425441133e-10, 2.7405585807225894e-10, 1.5488034538242788e-19]",5.739241577068427e-10,6.472088874261098e-09,0.0,0.0,
nominal-A_best-existing_no_integral,A_best,nominal,existing_no_integral,existing,no_integral,True,60.0,horizon,pre_3_5,False,True,"[-0.001434020255290992, -0.0012987718812297383]",0.0019347409366780542,0.001936148134809613,7.38045247181408e-05,0.0020462378508615893,0.001324725203214686,0.001324725203214686,0.0013247523380322005,8.478979277644368e-06,0.0013359658275680086,0.0023459834519980157,-2.179620914077228e-21,-4.601579898238351e-22,200,3.0100000000000002,5.0,0.00045187060929505646,4.856318493953584e-05,0.007783935067320133,0.005306123359683516,0.03771088271187686,0.005771920853499332,-0.0022762017375947243,0.002304510250568024,-0.1304167528845222,0.13203871120218358,[0.0],[0.0],0.0,[0.0],[0.0],0.0,[0.0],[0.0],0.0,[0.0],[0.0],0.0,[0.0],[0.0],0.0,[0.0],[0.0],0.0,[0.0],[0.0],0.0,[0.0],[0.0],0.0,"[0.0, 0.0, 0.0]",0.0,0.0,every physics interval; dwell = interval count * physics_dt,0.002,"[0.0, 0.0, 0.0, 0.0]","[0.0, 0.0, 0.0, 0.0]",0.0,"[0.0, 0.0, 0.0, 0.0]","[0.0, 0.0, 0.0, 0.0]",0.0,"[0.0, 0.0, 0.0, 0.0]","[0.0, 0.0, 0.0, 0.0]",0.0,"[0.0, 0.0, 0.0, 0.0]","[0.0, 0.0, 0.0, 0.0]",0.0,"[0.0, 0.0, 0.0, 0.0]","[0.0, 0.0, 0.0, 0.0]",0.0,"[0.0, 0.0, 0.0, 0.0]","[0.0, 0.0, 0.0, 0.0]",0.0,"[0.0, 0.0, 0.0, 0.0]","[0.0, 0.0, 0.0, 0.0]",0.0,"[0.0, 0.0, 0.0, 0.0]","[0.0, 0.0, 0.0, 0.0]",0.0,"[0.10635487115503423, 0.1062951513628303, 0.10638875370790588, 0.10633807742582273]","[0.09354659816316009, 0.09347372819253057, 0.09358930509187989, 0.09354328510773527]","[0.5452574990299335, 0.5450937476920916, 0.5453503926561369, 0.5452114534794107]","[0.454472390076581, 0.45427267290845297, 0.4545894572469782, 0.4544633089943345]","[0.09357461505100428, 0.09354760542926623, 0.0935926360606751, 0.09357987533774906]","[0.2, 0.2, 0.2, 0.2]","[0.2, 0.2, 0.2, 0.2]","[0.2, 0.2, 0.2, 0.2]","[0.2, 0.2, 0.2, 0.2]","[1.919467495525778e-05, 4.9608003611070105e-05, 3.1494719773119143e-06, 2.5660410031936164e-05]","[0.01650293097338928, 0.00827279614421747]","[0.033885838149380273, 0.016548736504846888]",1000,"body origin, body frame; no gravity/external torque","[5.316878376909281e-10, 2.9170091470359614e-10, 2.0034459593633103e-19]",6.064498168747093e-10,1.3857248704798736e-09,4.6774527435602164e-17,5.551115123125783e-17,"[3.435634282621692e-06, 1.886797561139051e-06, 4.7355732666679626e-08]",3.919927362345141e-06,9.07172667221924e-06,4.049534396260622e-05,9.322254638666205e-05,"[3.4351410703244903e-06, 1.886526868488217e-06, 4.735573266666512e-08]",3.91936479087804e-06,9.070486595873385e-06,4.049534396260649e-05,9.322254638666205e-05,"[6.575778128923375e-17, 1.1140571166183235e-18, 2.2456570985591817e-19]",6.576760108974503e-17,6.721657043816904e-17,4.6774527435602164e-17,5.551115123125783e-17,"[5.316878385409877e-10, 2.917009147288185e-10, 1.6226852269746972e-19]",6.064498176321079e-10,1.3857249273276298e-09,0.0,0.0,
nominal-A_best-existing_no_integral,A_best,nominal,existing_no_integral,existing,no_integral,True,60.0,horizon,tail_18_20,False,True,"[-0.001437606959184022, -0.0013037094988877678]",0.0019407143598645642,0.0019407143673698013,1.70678193587258e-07,0.00194102785465473,0.0013277938658089927,0.0013277938658089927,0.001327793865940662,1.8699178346973552e-08,0.0013278292148106718,0.0023514694993014935,-2.9936874966309743e-21,-2.5857708667197815e-22,200,18.01,20.0,1.1320965749187809e-06,1.2377413069702455e-07,0.007762754174452426,0.005311163978696578,8.29215979007067e-05,1.0196719968721443e-05,-0.002294302724769017,0.0022943662798339216,-0.1314538630546296,0.1314575044916153,[0.0],[0.0],0.0,[0.0],[0.0],0.0,[0.0],[0.0],0.0,[0.0],[0.0],0.0,[0.0],[0.0],0.0,[0.0],[0.0],0.0,[0.0],[0.0],0.0,[0.0],[0.0],0.0,"[0.0, 0.0, 0.0]",0.0,0.0,every physics interval; dwell = interval count * physics_dt,0.002,"[0.0, 0.0, 0.0, 0.0]","[0.0, 0.0, 0.0, 0.0]",0.0,"[0.0, 0.0, 0.0, 0.0]","[0.0, 0.0, 0.0, 0.0]",0.0,"[0.0, 0.0, 0.0, 0.0]","[0.0, 0.0, 0.0, 0.0]",0.0,"[0.0, 0.0, 0.0, 0.0]","[0.0, 0.0, 0.0, 0.0]",0.0,"[0.0, 0.0, 0.0, 0.0]","[0.0, 0.0, 0.0, 0.0]",0.0,"[0.0, 0.0, 0.0, 0.0]","[0.0, 0.0, 0.0, 0.0]",0.0,"[0.0, 0.0, 0.0, 0.0]","[0.0, 0.0, 0.0, 0.0]",0.0,"[0.0, 0.0, 0.0, 0.0]","[0.0, 0.0, 0.0, 0.0]",0.0,"[0.10639922554871951, 0.10639920192209652, 0.10639923946794529, 0.10639922923671699]","[0.09360069321279216, 0.0936006726910327, 0.09360071295246283, 0.09360071014787848]","[0.5453791008541862, 0.5453790360835434, 0.5453791390127158, 0.5453791109645582]","[0.4546206764365206, 0.4546206201776446, 0.45462073055136043, 0.45462072286280086]","[0.09360071015561544, 0.09360070127634801, 0.09360072355487231, 0.09360072878007128]","[0.2, 0.2, 0.2, 0.2]","[0.2, 0.2, 0.2, 0.2]","[0.2, 0.2, 0.2, 0.2]","[0.2, 0.2, 0.2, 0.2]","[1.1111424822924764e-08, 2.43246472009186e-08, 5.032512665418064e-09, 1.2613794492538944e-08]","[3.7644877424500624e-05, 1.978294809395461e-05]","[7.29656817061998e-05, 3.9397946960026767e-05]",1000,"body origin, body frame; no gravity/external torque","[2.697733695306417e-13, 1.4974358968360503e-13, 1.9210443257652286e-19]",3.0854629078840817e-13,6.279171245915254e-13,4.6938937529294354e-17,5.551115123125783e-17,"[1.6551143362965507e-09, 9.287410284018091e-10, 4.4777760575974525e-11]",1.89841207641898e-09,4.113732145938774e-09,2.5704224770625515e-08,7.147286862352331e-08,"[1.6548801924473232e-09, 9.286099710195905e-10, 4.477776057045394e-11]",1.898143824232822e-09,4.113396469923247e-09,2.570422476761538e-08,7.147286856801216e-08,"[6.57531031244282e-17, 1.1542365669381728e-18, 2.268262558445626e-19]",6.576362431233912e-17,6.690839679226173e-17,4.6938937529294354e-17,5.551115123125783e-17,"[2.6977423525154416e-13, 1.4974350348647998e-13, 1.6226852269746972e-19]",3.085470058872509e-13,6.279793712500721e-13,0.0,0.0,
nominal-A_best-existing_no_integral,A_best,nominal,existing_no_integral,existing,no_integral,True,60.0,horizon,pre_second_28_30,False,True,"[-0.0014376063303667968, -0.0013037076171396014]",0.0019407126299631548,0.001940712629981459,8.428616500880081e-09,0.0019407215638375787,0.0013277915201878143,0.0013277915201878143,0.001327791520187948,5.955216488497069e-10,0.0013277924212180547,0.0023514667408348717,4.1593649937215236e-21,4.725288876918791e-22,200,28.01,30.0,5.401128308571131e-08,4.972845345045884e-09,0.007762849081865313,0.005311166330449885,3.4150945850063763e-06,6.508818628847688e-07,-0.0022943032898121523,0.002294306776298224,-0.13145389542921648,0.13145409519015372,[0.0],[0.0],0.0,[0.0],[0.0],0.0,[0.0],[0.0],0.0,[0.0],[0.0],0.0,[0.0],[0.0],0.0,[0.0],[0.0],0.0,[0.0],[0.0],0.0,[0.0],[0.0],0.0,"[0.0, 0.0, 0.0]",0.0,0.0,every physics interval; dwell = interval count * physics_dt,0.002,"[0.0, 0.0, 0.0, 0.0]","[0.0, 0.0, 0.0, 0.0]",0.0,"[0.0, 0.0, 0.0, 0.0]","[0.0, 0.0, 0.0, 0.0]",0.0,"[0.0, 0.0, 0.0, 0.0]","[0.0, 0.0, 0.0, 0.0]",0.0,"[0.0, 0.0, 0.0, 0.0]","[0.0, 0.0, 0.0, 0.0]",0.0,"[0.0, 0.0, 0.0, 0.0]","[0.0, 0.0, 0.0, 0.0]",0.0,"[0.0, 0.0, 0.0, 0.0]","[0.0, 0.0, 0.0, 0.0]",0.0,"[0.0, 0.0, 0.0, 0.0]","[0.0, 0.0, 0.0, 0.0]",0.0,"[0.0, 0.0, 0.0, 0.0]","[0.0, 0.0, 0.0, 0.0]",0.0,"[0.10639924768116123, 0.10639924055798085, 0.10639925231538315, 0.10639924685235151]","[0.09360072661886429, 0.09360071738382912, 0.09360073084039348, 0.09360072616477444]","[0.5453791615286385, 0.5453791420009666, 0.5453791742330156, 0.5453791592565188]","[0.45462076801678497, 0.4546207426996217, 0.4546207795897943, 0.45462076677193175]","[0.09360073383906872, 0.09360073231484038, 0.09360073663891218, 0.09360073542122893]","[0.2, 0.2, 0.2, 0.2]","[0.2, 0.2, 0.2, 0.2]","[0.2, 0.2, 0.2, 0.2]","[0.2, 0.2, 0.2, 0.2]","[4.9486723711762554e-09, 8.399986138096378e-09, 3.1903438393430326e-09, 4.543600926821452e-09]","[2.1243762236786608e-06, 2.35657602425119e-07]","[3.4013249586828573e-06, 5.20981957890296e-07]",1000,"body origin, body frame; no gravity/external torque","[8.487606319719038e-14, 4.687923529684452e-14, 2.0116742293013507e-19]",9.696189357634703e-14,2.0193177032541795e-13,4.918300529807393e-17,5.551115123125783e-17,"[5.487010592846882e-10, 3.0224839302300034e-10, 3.5603868034537965e-11]",6.2745085780812e-10,1.3521279693379548e-09,1.239762374390162e-08,3.440672069476847e-08,"[5.486218679001108e-10, 3.022047485797149e-10, 3.5603868038990756e-11]",6.273605816607172e-10,1.3519736500507932e-09,1.2397623743660654e-08,3.4406720639257315e-08,"[6.574970762002609e-17, 1.2148279777490404e-18, 2.1468585480792062e-19]",6.576128001453974e-17,6.686740991426617e-17,4.918300529807393e-17,5.551115123125783e-17,"[8.487644075726103e-14, 4.687918244154522e-14, 1.4136266821186875e-19]",9.696219852101396e-14,2.0186778012797914e-13,0.0,0.0,
nominal-A_best-existing_no_integral,A_best,nominal,existing_no_integral,existing,no_integral,True,60.0,horizon,tail_58_60,False,True,"[-0.0014376058244714761, -0.0013037085260130148]",0.001940712865766943,0.0019407128657826474,7.807473279546274e-09,0.001940720785976449,0.0013277906302989174,0.0013277906302989174,0.0013277906302992767,9.768102348287492e-10,0.0013277923379777512,0.002351466432957283,-7.599946205713521e-22,2.438021577308683e-23,200,58.01,60.0,5.046934180598797e-08,6.450131004579729e-09,0.007762852605672279,0.005311163228961588,3.078324659199975e-06,6.177658316936944e-07,-0.002294304024042244,0.0022943067633947817,-0.13145393749750192,0.13145409445084094,[0.0],[0.0],0.0,[0.0],[0.0],0.0,[0.0],[0.0],0.0,[0.0],[0.0],0.0,[0.0],[0.0],0.0,[0.0],[0.0],0.0,[0.0],[0.0],0.0,[0.0],[0.0],0.0,"[0.0, 0.0, 0.0]",0.0,0.0,every physics interval; dwell = interval count * physics_dt,0.002,"[0.0, 0.0, 0.0, 0.0]","[0.0, 0.0, 0.0, 0.0]",0.0,"[0.0, 0.0, 0.0, 0.0]","[0.0, 0.0, 0.0, 0.0]",0.0,"[0.0, 0.0, 0.0, 0.0]","[0.0, 0.0, 0.0, 0.0]",0.0,"[0.0, 0.0, 0.0, 0.0]","[0.0, 0.0, 0.0, 0.0]",0.0,"[0.0, 0.0, 0.0, 0.0]","[0.0, 0.0, 0.0, 0.0]",0.0,"[0.0, 0.0, 0.0, 0.0]","[0.0, 0.0, 0.0, 0.0]",0.0,"[0.0, 0.0, 0.0, 0.0]","[0.0, 0.0, 0.0, 0.0]",0.0,"[0.0, 0.0, 0.0, 0.0]","[0.0, 0.0, 0.0, 0.0]",0.0,"[0.10639924521788512, 0.10639924584545749, 0.10639925131321845, 0.10639924702155118]","[0.09360072973434384, 0.09360072022990817, 0.09360072799955689, 0.09360072699034307]","[0.5453791547757506, 0.5453791564961938, 0.5453791714856564, 0.5453791597203667]","[0.45462077655764066, 0.45462075050193484, 0.45462077180185045, 0.45462076903516535]","[0.09360073468557795, 0.09360073256065851, 0.09360073502812323, 0.09360073555500892]","[0.2, 0.2, 0.2, 0.2]","[0.2, 0.2, 0.2, 0.2]","[0.2, 0.2, 0.2, 0.2]","[0.2, 0.2, 0.2, 0.2]","[4.045522870451818e-09, 5.29454034352239e-09, 3.2815633818755383e-09, 4.312946826467061e-09]","[1.9813191791497243e-06, 2.2289699952146772e-07]","[3.034228237523331e-06, 4.850416927534614e-07]",1000,"body origin, body frame; no gravity/external torque","[5.79947937351964e-14, 3.1551099087800666e-14, 2.083757103848628e-19]",6.602172334981575e-14,1.7207171336086558e-13,4.8234047858538485e-17,5.551115123125783e-17,"[3.760515563564395e-10, 2.0277983236114897e-10, 3.539575865315686e-11]",4.2870420243000675e-10,1.1259605895108503e-09,1.0657251008501335e-08,3.877175491773244e-08,"[3.7599732966460017e-10, 2.0275056741450317e-10, 3.539575866576875e-11]",4.286427932828664e-10,1.1258332524958393e-09,1.0657251006443649e-08,3.8771754862221286e-08,"[6.573929014697752e-17, 1.1296480113452949e-18, 2.169369676527597e-19]",6.574935311701531e-17,6.701164937051247e-17,4.8234047858538485e-17,5.551115123125783e-17,"[5.799501826126925e-14, 3.1551106096501195e-14, 1.5786221915782286e-19]",6.602192392730274e-14,1.7213204490329742e-13,0.0,0.0,
nominal-A_best-existing_no_integral,A_best,nominal,existing_no_integral,existing,no_integral,True,60.0,horizon,full_0_60,True,False,,,,,,,,,,,,,,,,,,,,,,,,,,,,,,,,,,,,,,,,,,,,,,,,,,,,,,,,,,,,,,,,,,,,,,,,,,,,,,,,,,,,,,,,,,,,,,,,,,,,,,,,,,,,,,,,,,,,,,,
nominal-A_best-existing_no_integral,A_best,nominal,existing_no_integral,existing,no_integral,True,60.0,horizon,pre_3_5,True,False,,,,,,,,,,,,,,,,,,,,,,,,,,,,,,,,,,,,,,,,,,,,,,,,,,,,,,,,,,,,,,,,,,,,,,,,,,,,,,,,,,,,,,,,,,,,,,,,,,,,,,,,,,,,,,,,,,,,,,,
nominal-A_best-existing_no_integral,A_best,nominal,existing_no_integral,existing,no_integral,True,60.0,horizon,tail_18_20,True,False,,,,,,,,,,,,,,,,,,,,,,,,,,,,,,,,,,,,,,,,,,,,,,,,,,,,,,,,,,,,,,,,,,,,,,,,,,,,,,,,,,,,,,,,,,,,,,,,,,,,,,,,,,,,,,,,,,,,,,,
nominal-A_best-existing_no_integral,A_best,nominal,existing_no_integral,existing,no_integral,True,60.0,horizon,pre_second_28_30,True,False,,,,,,,,,,,,,,,,,,,,,,,,,,,,,,,,,,,,,,,,,,,,,,,,,,,,,,,,,,,,,,,,,,,,,,,,,,,,,,,,,,,,,,,,,,,,,,,,,,,,,,,,,,,,,,,,,,,,,,,
nominal-A_best-existing_no_integral,A_best,nominal,existing_no_integral,existing,no_integral,True,60.0,horizon,tail_58_60,True,False,,,,,,,,,,,,,,,,,,,,,,,,,,,,,,,,,,,,,,,,,,,,,,,,,,,,,,,,,,,,,,,,,,,,,,,,,,,,,,,,,,,,,,,,,,,,,,,,,,,,,,,,,,,,,,,,,,,,,,,
nominal-A_best-existing_integral_020,A_best,nominal,existing_integral_020,existing,integral_020,True,60.0,horizon,full_0_60,False,True,"[-0.00011980048785053018, -0.0001086421507688342]",0.00016172592189535708,0.0004063796568014034,0.00037281248859060914,0.0018677270210187011,0.00011064925485300273,0.00011064925485300273,0.00027216691384730345,0.000248659549170428,0.0011296668344411565,0.0004891004543600342,2.3822801641527197e-22,2.514629062161204e-22,6000,0.01,60.0,0.0003915118264046318,0.00015902669215749133,0.0016723691492784183,0.0011003131436927078,0.11736250531904448,0.02533360870831458,-0.002267993868247258,0.0023617609332819266,-0.12994647661211758,0.13531893369593279,[0.0],[0.0],0.0,[0.0],[0.0],0.0,[0.0],[0.0],0.0,[0.0],[0.0],0.0,[0.0],[0.0],0.0,[0.0],[0.0],0.0,[0.0],[0.0],0.0,[0.0],[0.0],0.0,"[0.0014376058458151998, 0.0013037057885478258, -0.0013277910553573782]",0.0019407110426375032,0.0013277910553573782,every physics interval; dwell = interval count * physics_dt,0.002,"[0.0, 0.0, 0.0, 0.0]","[0.0, 0.0, 0.0, 0.0]",0.0,"[0.0, 0.0, 0.0, 0.0]","[0.0, 0.0, 0.0, 0.0]",0.0,"[0.0, 0.0, 0.0, 0.0]","[0.0, 0.0, 0.0, 0.0]",0.0,"[0.0, 0.0, 0.0, 0.0]","[0.0, 0.0, 0.0, 0.0]",0.0,"[0.0, 0.0, 0.0, 0.0]","[0.0, 0.0, 0.0, 0.0]",0.0,"[0.0, 0.0, 0.0, 0.0]","[0.0, 0.0, 0.0, 0.0]",0.0,"[0.0, 0.0, 0.0, 0.0]","[0.0, 0.0, 0.0, 0.0]",0.0,"[0.0, 0.0, 0.0, 0.0]","[0.0, 0.0, 0.0, 0.0]",0.0,"[0.10608749256023557, 0.10565383604539444, 0.10625974284369456, 0.1058688206231864]","[0.09317274288807784, 0.0929057870004276, 0.09334738131334983, 0.09241521406922501]","[0.5445241353872013, 0.5433335351206262, 0.5449966448203053, 0.5439239550758942]","[0.45344818127952013, 0.45271748229922637, 0.45392648582351136, 0.4513761109637442]","[0.09334844931651778, 0.09322791246191572, 0.09347136209470999, 0.09311040005837255]","[0.2, 0.2, 0.2, 0.2]","[0.2, 0.2, 0.2, 0.2]","[0.2, 0.2, 0.2, 0.2]","[0.2, 0.2, 0.2, 0.2]","[1.9788161316404266e-05, 4.8541807039038735e-05, 6.864660278392486e-06, 3.33684760488949e-05]","[0.010262935051683091, 0.006907983346751775]","[0.09411678825756643, 0.0701141372645742]",30000,"body origin, body frame; no gravity/external torque","[5.043058208044274e-10, 2.740844649643594e-10, 2.0337184351885373e-19]",5.739744374378009e-10,6.4721179824334875e-09,4.8042007091228644e-17,5.551115123125783e-17,"[3.25199931284991e-06, 1.7639721920584488e-06, 2.1427721017197432e-07]",3.7058078940942072e-06,4.3958148605310425e-05,5.818704347946409e-05,0.0017622507157669665,"[3.2515300898490805e-06, 1.7637176684220349e-06, 2.1427721017197273e-07]",3.7052749779061055e-06,4.395171505164378e-05,5.818704347946361e-05,0.0017622507157669665,"[6.574575706262076e-17, 1.1551105542861758e-18, 2.182191598329784e-19]",6.575626564618434e-17,6.776266087602852e-17,4.8042007091228644e-17,5.551115123125783e-17,"[5.04305820797701e-10, 2.7408446496082487e-10, 1.5276609957161683e-19]",5.739744374302237e-10,6.4721180416351695e-09,0.0,0.0,
nominal-A_best-existing_integral_020,A_best,nominal,existing_integral_020,existing,integral_020,True,60.0,horizon,pre_3_5,False,True,"[-0.0008116282258446321, -0.0006870117979496155]",0.0010633558141608427,0.0010731661449213184,0.00014477564400000877,0.0012839565325329326,0.0007314435903819827,0.0007314435903819827,0.0007374192221266139,9.368768996476818e-05,0.0008921834665958084,0.0013021031770820255,-1.3334151474354806e-21,1.9025154088719637e-22,200,3.0100000000000002,5.0,0.0005041233124161524,0.00016710863580782803,0.004112982684726426,0.002790106850133619,0.03833117139902931,0.0058862272366919585,-0.002335843320731922,0.0023617609332819266,-0.13383396388176225,0.13531893369593279,[0.0],[0.0],0.0,[0.0],[0.0],0.0,[0.0],[0.0],0.0,[0.0],[0.0],0.0,[0.0],[0.0],0.0,[0.0],[0.0],0.0,[0.0],[0.0],0.0,[0.0],[0.0],0.0,"[0.0009129955770281843, 0.0008251787729572915, -0.0008281162787875247]",0.001230642487082389,0.0008281162787875247,every physics interval; dwell = interval count * physics_dt,0.002,"[0.0, 0.0, 0.0, 0.0]","[0.0, 0.0, 0.0, 0.0]",0.0,"[0.0, 0.0, 0.0, 0.0]","[0.0, 0.0, 0.0, 0.0]",0.0,"[0.0, 0.0, 0.0, 0.0]","[0.0, 0.0, 0.0, 0.0]",0.0,"[0.0, 0.0, 0.0, 0.0]","[0.0, 0.0, 0.0, 0.0]",0.0,"[0.0, 0.0, 0.0, 0.0]","[0.0, 0.0, 0.0, 0.0]",0.0,"[0.0, 0.0, 0.0, 0.0]","[0.0, 0.0, 0.0, 0.0]",0.0,"[0.0, 0.0, 0.0, 0.0]","[0.0, 0.0, 0.0, 0.0]",0.0,"[0.0, 0.0, 0.0, 0.0]","[0.0, 0.0, 0.0, 0.0]",0.0,"[0.10635580887232426, 0.10629619639969118, 0.10638908969141343, 0.10633813218295138]","[0.09354603145074988, 0.09347332374491461, 0.09358877503351848, 0.09354313551268588]","[0.5452600700276583, 0.5450966134122983, 0.5453513137566076, 0.5452116036176589]","[0.4544708367123733, 0.45427156453849293, 0.4545880041787004, 0.45446289895640646]","[0.09357418868088875, 0.09354737365325486, 0.09359252706857055, 0.09357974980232021]","[0.2, 0.2, 0.2, 0.2]","[0.2, 0.2, 0.2, 0.2]","[0.2, 0.2, 0.2, 0.2]","[0.2, 0.2, 0.2, 0.2]","[1.9203508391820364e-05, 4.96343788268164e-05, 3.14332869612997e-06, 2.5672319864261577e-05]","[0.01684513588400455, 0.008400191034815865]","[0.034518786259067846, 0.016665297171196504]",1000,"body origin, body frame; no gravity/external torque","[5.319506050839803e-10, 2.91861423840004e-10, 2.0772762729251254e-19]",6.067573954844935e-10,1.3884743939558209e-09,4.775249788392736e-17,5.551115123125783e-17,"[3.437272270850475e-06, 1.8878886478202612e-06, 4.7373795165248414e-08]",3.921888382781253e-06,9.093036166631373e-06,4.051721069950068e-05,9.397051877357843e-05,"[3.436778858608056e-06, 1.887617821539798e-06, 4.7373795165249764e-08]",3.921325571747171e-06,9.091793411845888e-06,4.051721069949869e-05,9.397051877352292e-05,"[6.572536730251768e-17, 1.2142980367553106e-18, 2.181114293420494e-19]",6.5736945467283e-17,6.682999344283533e-17,4.775249788392736e-17,5.551115123125783e-17,"[5.319506059216582e-10, 2.918614237816152e-10, 1.4944695602662324e-19]",6.067573961908096e-10,1.3884744511614735e-09,0.0,0.0,
nominal-A_best-existing_integral_020,A_best,nominal,existing_integral_020,existing,integral_020,True,60.0,horizon,tail_18_20,False,True,"[-2.110471632544858e-05, -2.241259944773399e-05]",3.0785283256488344e-05,3.107362084469504e-05,4.223298144536367e-06,3.891742098684142e-05,2.25420362595774e-05,2.25420362595774e-05,2.274628264092342e-05,3.0413771967107124e-06,2.8226542312159708e-05,3.850926234531948e-05,3.6835386652752014e-25,-4.2005265481208437e-26,200,18.01,20.0,7.583512418909217e-06,5.339395572470696e-06,0.00011680718948868259,8.564713703967227e-05,8.39394541184383e-05,1.0097812064040791e-05,-0.002296466006196469,0.0022969200492533866,-0.13157780995032164,0.13160382470120022,[0.0],[0.0],0.0,[0.0],[0.0],0.0,[0.0],[0.0],0.0,[0.0],[0.0],0.0,[0.0],[0.0],0.0,[0.0],[0.0],0.0,[0.0],[0.0],0.0,[0.0],[0.0],0.0,"[0.0014243002047191991, 0.001288228806567175, -0.0013127380775184525]",0.0019204594583673565,0.0013127380775184525,every physics interval; dwell = interval count * physics_dt,0.002,"[0.0, 0.0, 0.0, 0.0]","[0.0, 0.0, 0.0, 0.0]",0.0,"[0.0, 0.0, 0.0, 0.0]","[0.0, 0.0, 0.0, 0.0]",0.0,"[0.0, 0.0, 0.0, 0.0]","[0.0, 0.0, 0.0, 0.0]",0.0,"[0.0, 0.0, 0.0, 0.0]","[0.0, 0.0, 0.0, 0.0]",0.0,"[0.0, 0.0, 0.0, 0.0]","[0.0, 0.0, 0.0, 0.0]",0.0,"[0.0, 0.0, 0.0, 0.0]","[0.0, 0.0, 0.0, 0.0]",0.0,"[0.0, 0.0, 0.0, 0.0]","[0.0, 0.0, 0.0, 0.0]",0.0,"[0.0, 0.0, 0.0, 0.0]","[0.0, 0.0, 0.0, 0.0]",0.0,"[0.10639922747209303, 0.1063992033594622, 0.10639924692592227, 0.10639923797906564]","[0.09360068153533037, 0.09360065288664599, 0.09360070207769734, 0.09360068732763897]","[0.5453791061269726, 0.545379040023975, 0.545379159458209, 0.5453791349310617]","[0.45462064442362937, 0.45462056588540034, 0.4546207007389975, 0.4546206603028127]","[0.09360069683556849, 0.09360068466538035, 0.09360070930417043, 0.09360071182186615]","[0.2, 0.2, 0.2, 0.2]","[0.2, 0.2, 0.2, 0.2]","[0.2, 0.2, 0.2, 0.2]","[0.2, 0.2, 0.2, 0.2]","[1.1944241753675995e-08, 2.562804725118736e-08, 5.3281375301705135e-09, 1.4293291412180648e-08]","[4.110108194867279e-05, 2.2016735171811327e-05]","[7.348827532668793e-05, 4.1693792727764246e-05]",1000,"body origin, body frame; no gravity/external torque","[2.9635586191981746e-13, 1.5811733548514571e-13, 1.9660027614094823e-19]",3.35898628569988e-13,7.266174222291469e-13,4.6443961262081255e-17,5.551115123125783e-17,"[1.8151446479944241e-09, 9.69880849634394e-10, 4.703576193695005e-11]",2.0585507811398105e-09,4.522000404217111e-09,2.604710193725821e-08,8.127741113472808e-08,"[1.814886727306906e-09, 9.697429502986282e-10, 4.703576193951316e-11]",2.0582583864786966e-09,4.521454271068169e-09,2.6047101932159418e-08,8.127741107921693e-08,"[6.57520521318031e-17, 1.2250660901615471e-18, 2.101484857735028e-19]",6.576379937970957e-17,6.685231424195652e-17,4.6443961262081255e-17,5.551115123125783e-17,"[2.9635576219248383e-13, 1.5811740463294513e-13, 1.6514075493068653e-19]",3.358985731326852e-13,7.26676085798467e-13,0.0,0.0,
nominal-A_best-existing_integral_020,A_best,nominal,existing_integral_020,existing,integral_020,True,60.0,horizon,pre_second_28_30,False,True,"[-1.7990052136547535e-06, -2.2718640269914423e-06]",2.8978933582681677e-06,2.9243534103708294e-06,3.92500895352803e-07,3.618808915303885e-06,2.1416242296279365e-06,2.1416242296279365e-06,2.161429415953445e-06,2.919294079386267e-07,2.6847019103382053e-06,3.636429566057392e-06,-9.542061509553359e-27,9.97120184199359e-28,200,28.01,30.0,6.872835185428056e-07,5.115325174253958e-07,1.1012662163519646e-05,8.134227489150522e-06,4.353408482428142e-06,7.930741691425878e-07,-0.002294517682036385,0.002294573472201928,-0.13146617919882544,0.1314693757398494,[0.0],[0.0],0.0,[0.0],[0.0],0.0,[0.0],[0.0],0.0,[0.0],[0.0],0.0,[0.0],[0.0],0.0,[0.0],[0.0],0.0,[0.0],[0.0],0.0,[0.0],[0.0],0.0,"[0.001436482714290551, 0.001302135358017231, -0.001326380105422281]",0.0019388241485638173,0.001326380105422281,every physics interval; dwell = interval count * physics_dt,0.002,"[0.0, 0.0, 0.0, 0.0]","[0.0, 0.0, 0.0, 0.0]",0.0,"[0.0, 0.0, 0.0, 0.0]","[0.0, 0.0, 0.0, 0.0]",0.0,"[0.0, 0.0, 0.0, 0.0]","[0.0, 0.0, 0.0, 0.0]",0.0,"[0.0, 0.0, 0.0, 0.0]","[0.0, 0.0, 0.0, 0.0]",0.0,"[0.0, 0.0, 0.0, 0.0]","[0.0, 0.0, 0.0, 0.0]",0.0,"[0.0, 0.0, 0.0, 0.0]","[0.0, 0.0, 0.0, 0.0]",0.0,"[0.0, 0.0, 0.0, 0.0]","[0.0, 0.0, 0.0, 0.0]",0.0,"[0.0, 0.0, 0.0, 0.0]","[0.0, 0.0, 0.0, 0.0]",0.0,"[0.10639923753049431, 0.10639924325962308, 0.10639924715632924, 0.10639924419604618]","[0.09360071805302789, 0.09360072119514944, 0.09360072565028127, 0.09360072364845373]","[0.5453791337013367, 0.5453791494073198, 0.5453791600898521, 0.5453791519744544]","[0.45462074453417844, 0.45462075314807104, 0.45462076536148477, 0.45462075987362394]","[0.0936007309094503, 0.09360073160107936, 0.0936007335088225, 0.0936007319329132]","[0.2, 0.2, 0.2, 0.2]","[0.2, 0.2, 0.2, 0.2]","[0.2, 0.2, 0.2, 0.2]","[0.2, 0.2, 0.2, 0.2]","[8.178374747687067e-09, 7.3701601922385335e-09, 4.901401759111923e-09, 6.154327170414565e-09]","[2.0218772347822754e-06, 9.323418886914779e-07]","[4.137496498637337e-06, 1.7331039724659547e-06]",1000,"body origin, body frame; no gravity/external torque","[1.2172710317152277e-13, 4.7409125980386447e-14, 2.0311215557017262e-19]",1.3063350593471784e-13,2.6142143639404663e-13,4.775249788392736e-17,5.551115123125783e-17,"[7.884783890980516e-10, 3.0503763517953994e-10, 3.0515042078713786e-11]",8.459771254257705e-10,1.741855294497717e-09,1.159228640994788e-08,3.817929433713729e-08,"[7.883646826867261e-10, 3.049935212464809e-10, 3.0515042058847686e-11]",8.45855240985077e-10,1.7416124045947882e-09,1.1592286409361219e-08,3.817929433713729e-08,"[6.572778613533673e-17, 1.147432710813314e-18, 2.1502298065442496e-19]",6.573815259771615e-17,6.680452224341783e-17,4.775249788392736e-17,5.551115123125783e-17,"[1.217260004211467e-13, 4.740901798105144e-14, 1.6226852269746972e-19]",1.3063243917374808e-13,2.614871510827224e-13,0.0,0.0,
nominal-A_best-existing_integral_020,A_best,nominal,existing_integral_020,existing,integral_020,True,60.0,horizon,tail_58_60,False,True,"[-1.5213781518247602e-09, -2.4593884981149514e-09]",2.8919168842672224e-09,7.467907644595507e-09,6.885235023054633e-09,1.3229429758322786e-08,1.644509729503696e-09,1.644509729503696e-09,1.867986479558901e-09,8.859803820528677e-10,3.910229917636343e-09,7.697987923868345e-09,4.930380657631324e-32,-9.14816723583937e-33,200,58.01,60.0,4.3043628945916777e-08,7.211361609182765e-09,5.2295707232583875e-08,9.040218382087773e-09,2.9575586669421963e-06,7.209056459988965e-07,-0.0022943007571432994,0.002294302716890587,-0.13145375031798032,0.1314538626032288,[0.0],[0.0],0.0,[0.0],[0.0],0.0,[0.0],[0.0],0.0,[0.0],[0.0],0.0,[0.0],[0.0],0.0,[0.0],[0.0],0.0,[0.0],[0.0],0.0,[0.0],[0.0],0.0,"[0.0014376058458151998, 0.0013037057885478258, -0.0013277910553573782]",0.0019407110426375032,0.0013277910553573782,every physics interval; dwell = interval count * physics_dt,0.002,"[0.0, 0.0, 0.0, 0.0]","[0.0, 0.0, 0.0, 0.0]",0.0,"[0.0, 0.0, 0.0, 0.0]","[0.0, 0.0, 0.0, 0.0]",0.0,"[0.0, 0.0, 0.0, 0.0]","[0.0, 0.0, 0.0, 0.0]",0.0,"[0.0, 0.0, 0.0, 0.0]","[0.0, 0.0, 0.0, 0.0]",0.0,"[0.0, 0.0, 0.0, 0.0]","[0.0, 0.0, 0.0, 0.0]",0.0,"[0.0, 0.0, 0.0, 0.0]","[0.0, 0.0, 0.0, 0.0]",0.0,"[0.0, 0.0, 0.0, 0.0]","[0.0, 0.0, 0.0, 0.0]",0.0,"[0.0, 0.0, 0.0, 0.0]","[0.0, 0.0, 0.0, 0.0]",0.0,"[0.10639923966593916, 0.10639923814990396, 0.10639924917275866, 0.10639924546299154]","[0.09360072081432151, 0.0936007162470061, 0.09360072861860731, 0.09360072526952515]","[0.5453791395555029, 0.5453791353994014, 0.5453791656177422, 0.5453791554476913]","[0.4546207521040604, 0.4546207395831041, 0.4546207734989307, 0.4546207643176705]","[0.09360073246558437, 0.09360073174906819, 0.09360073615279324, 0.09360073477039216]","[0.2, 0.2, 0.2, 0.2]","[0.2, 0.2, 0.2, 0.2]","[0.2, 0.2, 0.2, 0.2]","[0.2, 0.2, 0.2, 0.2]","[7.319052144516387e-09, 1.0198064855436828e-08, 3.394903301081523e-09, 5.36348150852855e-09]","[1.7146185758586515e-06, 4.812548190050619e-07]","[2.9685581441910128e-06, 1.0233570340082442e-06]",1000,"body origin, body frame; no gravity/external torque","[1.1631905025552125e-13, 5.369705405799973e-14, 2.100908767461839e-19]",1.281151632980982e-13,2.515252981550626e-13,4.7266042096723027e-17,5.551115123125783e-17,"[7.540456057399426e-10, 3.450433041470789e-10, 3.240448215824897e-11]",8.298733082443334e-10,1.7043496346022257e-09,1.4550546540801584e-08,4.204625159154318e-08,"[7.539372975214416e-10, 3.4499359016767394e-10, 3.240448214787119e-11]",8.29754226451416e-10,1.7041397278858286e-09,1.4550546540646658e-08,4.204625153603203e-08,"[6.573063315417413e-17, 1.2271136411969999e-18, 2.1224627049603162e-19]",6.574242915512296e-17,6.729345814061361e-17,4.7266042096723027e-17,5.551115123125783e-17,"[1.1631909716926886e-13, 5.369704045760974e-14, 1.517883041479706e-19]",1.281152001918704e-13,2.515882676392163e-13,0.0,0.0,
nominal-A_best-existing_integral_020,A_best,nominal,existing_integral_020,existing,integral_020,True,60.0,horizon,full_0_60,True,False,,,,,,,,,,,,,,,,,,,,,,,,,,,,,,,,,,,,,,,,,,,,,,,,,,,,,,,,,,,,,,,,,,,,,,,,,,,,,,,,,,,,,,,,,,,,,,,,,,,,,,,,,,,,,,,,,,,,,,,
nominal-A_best-existing_integral_020,A_best,nominal,existing_integral_020,existing,integral_020,True,60.0,horizon,pre_3_5,True,False,,,,,,,,,,,,,,,,,,,,,,,,,,,,,,,,,,,,,,,,,,,,,,,,,,,,,,,,,,,,,,,,,,,,,,,,,,,,,,,,,,,,,,,,,,,,,,,,,,,,,,,,,,,,,,,,,,,,,,,
nominal-A_best-existing_integral_020,A_best,nominal,existing_integral_020,existing,integral_020,True,60.0,horizon,tail_18_20,True,False,,,,,,,,,,,,,,,,,,,,,,,,,,,,,,,,,,,,,,,,,,,,,,,,,,,,,,,,,,,,,,,,,,,,,,,,,,,,,,,,,,,,,,,,,,,,,,,,,,,,,,,,,,,,,,,,,,,,,,,
nominal-A_best-existing_integral_020,A_best,nominal,existing_integral_020,existing,integral_020,True,60.0,horizon,pre_second_28_30,True,False,,,,,,,,,,,,,,,,,,,,,,,,,,,,,,,,,,,,,,,,,,,,,,,,,,,,,,,,,,,,,,,,,,,,,,,,,,,,,,,,,,,,,,,,,,,,,,,,,,,,,,,,,,,,,,,,,,,,,,,
nominal-A_best-existing_integral_020,A_best,nominal,existing_integral_020,existing,integral_020,True,60.0,horizon,tail_58_60,True,False,,,,,,,,,,,,,,,,,,,,,,,,,,,,,,,,,,,,,,,,,,,,,,,,,,,,,,,,,,,,,,,,,,,,,,,,,,,,,,,,,,,,,,,,,,,,,,,,,,,,,,,,,,,,,,,,,,,,,,,
nominal-A_best-oracle_no_integral,A_best,nominal,oracle_no_integral,oracle,no_integral,True,60.0,horizon,full_0_60,False,True,"[-0.0014218438237351965, -0.0012925768856439268]",0.001921560528423416,0.001927740530788893,0.00015423582479879704,0.0020841589657270778,0.0013132756588161122,0.0013132756588161122,0.001317240229479632,0.00010212182000269115,0.0013359658275680086,0.0023348030701122943,-6.551270451419979e-22,-1.7470054537119944e-21,6000,0.01,60.0,0.00038503941080149807,0.00015771803922063512,0.00773689028566504,0.005282476554438477,0.11500938482955203,0.025333598720451524,-0.002260537936435997,0.002304510250568024,-0.129519283186995,0.13203871120218358,[0.0],[0.0],0.0,[0.0],[0.0],0.0,[0.0],[0.0],0.0,[0.0],[0.0],0.0,[0.0],[0.0],0.0,[0.0],[0.0],0.0,[0.0],[0.0],0.0,[0.0],[0.0],0.0,"[0.0, 0.0, 0.0]",0.0,0.0,every physics interval; dwell = interval count * physics_dt,0.002,"[0.0, 0.0, 0.0, 0.0]","[0.0, 0.0, 0.0, 0.0]",0.0,"[0.0, 0.0, 0.0, 0.0]","[0.0, 0.0, 0.0, 0.0]",0.0,"[0.0, 0.0, 0.0, 0.0]","[0.0, 0.0, 0.0, 0.0]",0.0,"[0.0, 0.0, 0.0, 0.0]","[0.0, 0.0, 0.0, 0.0]",0.0,"[0.0, 0.0, 0.0, 0.0]","[0.0, 0.0, 0.0, 0.0]",0.0,"[0.0, 0.0, 0.0, 0.0]","[0.0, 0.0, 0.0, 0.0]",0.0,"[0.0, 0.0, 0.0, 0.0]","[0.0, 0.0, 0.0, 0.0]",0.0,"[0.0, 0.0, 0.0, 0.0]","[0.0, 0.0, 0.0, 0.0]",0.0,"[0.10608781943199337, 0.1056541063434537, 0.10626050377640389, 0.10586889641945596]","[0.09317272527158255, 0.09290513386465199, 0.09334738131334983, 0.09241521406922501]","[0.5445250322635028, 0.5433342776748339, 0.5449987316720872, 0.5439241631748784]","[0.45344813304266796, 0.4527156952282009, 0.45392648582351136, 0.4513761109637442]","[0.09334842929037353, 0.09322790610416859, 0.09347135858663615, 0.09311040039565242]","[0.2, 0.2, 0.2, 0.2]","[0.2, 0.2, 0.2, 0.2]","[0.2, 0.2, 0.2, 0.2]","[0.2, 0.2, 0.2, 0.2]","[1.9786539396298477e-05, 4.853845212816196e-05, 6.860482614106698e-06, 3.33670509610455e-05]","[0.010109523792152162, 0.006830067581937714]","[0.09216312795886852, 0.0687976782006852]",30000,"body origin, body frame; no gravity/external torque","[5.042641425489028e-10, 2.7405585806970207e-10, 2.018119566457713e-19]",5.739241577098116e-10,6.4720888160238626e-09,4.8084749098874264e-17,5.551115123125783e-17,"[3.2517814760346475e-06, 1.763800439137851e-06, 2.1427152667630157e-07]",3.7055346502399988e-06,4.395796639114721e-05,5.818289667111678e-05,0.0017622507157669665,"[3.2513122844657917e-06, 1.7635459402816212e-06, 2.1427152667630097e-07]",3.7050017735145705e-06,4.39515328660181e-05,5.818289667111697e-05,0.0017622507157669665,"[6.575336549766097e-17, 1.1464881987175365e-18, 2.1476907151427118e-19]",6.576371062533611e-17,6.781575284291438e-17,4.8084749098874264e-17,5.551115123125783e-17,"[5.042641425441133e-10, 2.7405585807225894e-10, 1.5488034538242788e-19]",5.739241577068427e-10,6.472088874261098e-09,0.0,0.0,
nominal-A_best-oracle_no_integral,A_best,nominal,oracle_no_integral,oracle,no_integral,True,60.0,horizon,pre_3_5,False,True,"[-0.001434020255290992, -0.0012987718812297383]",0.0019347409366780542,0.001936148134809613,7.38045247181408e-05,0.0020462378508615893,0.001324725203214686,0.001324725203214686,0.0013247523380322005,8.478979277644368e-06,0.0013359658275680086,0.0023459834519980157,-2.179620914077228e-21,-4.601579898238351e-22,200,3.0100000000000002,5.0,0.00045187060929505646,4.856318493953584e-05,0.007783935067320133,0.005306123359683516,0.03771088271187686,0.005771920853499332,-0.0022762017375947243,0.002304510250568024,-0.1304167528845222,0.13203871120218358,[0.0],[0.0],0.0,[0.0],[0.0],0.0,[0.0],[0.0],0.0,[0.0],[0.0],0.0,[0.0],[0.0],0.0,[0.0],[0.0],0.0,[0.0],[0.0],0.0,[0.0],[0.0],0.0,"[0.0, 0.0, 0.0]",0.0,0.0,every physics interval; dwell = interval count * physics_dt,0.002,"[0.0, 0.0, 0.0, 0.0]","[0.0, 0.0, 0.0, 0.0]",0.0,"[0.0, 0.0, 0.0, 0.0]","[0.0, 0.0, 0.0, 0.0]",0.0,"[0.0, 0.0, 0.0, 0.0]","[0.0, 0.0, 0.0, 0.0]",0.0,"[0.0, 0.0, 0.0, 0.0]","[0.0, 0.0, 0.0, 0.0]",0.0,"[0.0, 0.0, 0.0, 0.0]","[0.0, 0.0, 0.0, 0.0]",0.0,"[0.0, 0.0, 0.0, 0.0]","[0.0, 0.0, 0.0, 0.0]",0.0,"[0.0, 0.0, 0.0, 0.0]","[0.0, 0.0, 0.0, 0.0]",0.0,"[0.0, 0.0, 0.0, 0.0]","[0.0, 0.0, 0.0, 0.0]",0.0,"[0.10635487115503423, 0.1062951513628303, 0.10638875370790588, 0.10633807742582273]","[0.09354659816316009, 0.09347372819253057, 0.09358930509187989, 0.09354328510773527]","[0.5452574990299335, 0.5450937476920916, 0.5453503926561369, 0.5452114534794107]","[0.454472390076581, 0.45427267290845297, 0.4545894572469782, 0.4544633089943345]","[0.09357461505100428, 0.09354760542926623, 0.0935926360606751, 0.09357987533774906]","[0.2, 0.2, 0.2, 0.2]","[0.2, 0.2, 0.2, 0.2]","[0.2, 0.2, 0.2, 0.2]","[0.2, 0.2, 0.2, 0.2]","[1.919467495525778e-05, 4.9608003611070105e-05, 3.1494719773119143e-06, 2.5660410031936164e-05]","[0.01650293097338928, 0.00827279614421747]","[0.033885838149380273, 0.016548736504846888]",1000,"body origin, body frame; no gravity/external torque","[5.316878376909281e-10, 2.9170091470359614e-10, 2.0034459593633103e-19]",6.064498168747093e-10,1.3857248704798736e-09,4.6774527435602164e-17,5.551115123125783e-17,"[3.435634282621692e-06, 1.886797561139051e-06, 4.7355732666679626e-08]",3.919927362345141e-06,9.07172667221924e-06,4.049534396260622e-05,9.322254638666205e-05,"[3.4351410703244903e-06, 1.886526868488217e-06, 4.735573266666512e-08]",3.91936479087804e-06,9.070486595873385e-06,4.049534396260649e-05,9.322254638666205e-05,"[6.575778128923375e-17, 1.1140571166183235e-18, 2.2456570985591817e-19]",6.576760108974503e-17,6.721657043816904e-17,4.6774527435602164e-17,5.551115123125783e-17,"[5.316878385409877e-10, 2.917009147288185e-10, 1.6226852269746972e-19]",6.064498176321079e-10,1.3857249273276298e-09,0.0,0.0,
nominal-A_best-oracle_no_integral,A_best,nominal,oracle_no_integral,oracle,no_integral,True,60.0,horizon,tail_18_20,False,True,"[-0.001437606959184022, -0.0013037094988877678]",0.0019407143598645642,0.0019407143673698013,1.70678193587258e-07,0.00194102785465473,0.0013277938658089927,0.0013277938658089927,0.001327793865940662,1.8699178346973552e-08,0.0013278292148106718,0.0023514694993014935,-2.9936874966309743e-21,-2.5857708667197815e-22,200,18.01,20.0,1.1320965749187809e-06,1.2377413069702455e-07,0.007762754174452426,0.005311163978696578,8.29215979007067e-05,1.0196719968721443e-05,-0.002294302724769017,0.0022943662798339216,-0.1314538630546296,0.1314575044916153,[0.0],[0.0],0.0,[0.0],[0.0],0.0,[0.0],[0.0],0.0,[0.0],[0.0],0.0,[0.0],[0.0],0.0,[0.0],[0.0],0.0,[0.0],[0.0],0.0,[0.0],[0.0],0.0,"[0.0, 0.0, 0.0]",0.0,0.0,every physics interval; dwell = interval count * physics_dt,0.002,"[0.0, 0.0, 0.0, 0.0]","[0.0, 0.0, 0.0, 0.0]",0.0,"[0.0, 0.0, 0.0, 0.0]","[0.0, 0.0, 0.0, 0.0]",0.0,"[0.0, 0.0, 0.0, 0.0]","[0.0, 0.0, 0.0, 0.0]",0.0,"[0.0, 0.0, 0.0, 0.0]","[0.0, 0.0, 0.0, 0.0]",0.0,"[0.0, 0.0, 0.0, 0.0]","[0.0, 0.0, 0.0, 0.0]",0.0,"[0.0, 0.0, 0.0, 0.0]","[0.0, 0.0, 0.0, 0.0]",0.0,"[0.0, 0.0, 0.0, 0.0]","[0.0, 0.0, 0.0, 0.0]",0.0,"[0.0, 0.0, 0.0, 0.0]","[0.0, 0.0, 0.0, 0.0]",0.0,"[0.10639922554871951, 0.10639920192209652, 0.10639923946794529, 0.10639922923671699]","[0.09360069321279216, 0.0936006726910327, 0.09360071295246283, 0.09360071014787848]","[0.5453791008541862, 0.5453790360835434, 0.5453791390127158, 0.5453791109645582]","[0.4546206764365206, 0.4546206201776446, 0.45462073055136043, 0.45462072286280086]","[0.09360071015561544, 0.09360070127634801, 0.09360072355487231, 0.09360072878007128]","[0.2, 0.2, 0.2, 0.2]","[0.2, 0.2, 0.2, 0.2]","[0.2, 0.2, 0.2, 0.2]","[0.2, 0.2, 0.2, 0.2]","[1.1111424822924764e-08, 2.43246472009186e-08, 5.032512665418064e-09, 1.2613794492538944e-08]","[3.7644877424500624e-05, 1.978294809395461e-05]","[7.29656817061998e-05, 3.9397946960026767e-05]",1000,"body origin, body frame; no gravity/external torque","[2.697733695306417e-13, 1.4974358968360503e-13, 1.9210443257652286e-19]",3.0854629078840817e-13,6.279171245915254e-13,4.6938937529294354e-17,5.551115123125783e-17,"[1.6551143362965507e-09, 9.287410284018091e-10, 4.4777760575974525e-11]",1.89841207641898e-09,4.113732145938774e-09,2.5704224770625515e-08,7.147286862352331e-08,"[1.6548801924473232e-09, 9.286099710195905e-10, 4.477776057045394e-11]",1.898143824232822e-09,4.113396469923247e-09,2.570422476761538e-08,7.147286856801216e-08,"[6.57531031244282e-17, 1.1542365669381728e-18, 2.268262558445626e-19]",6.576362431233912e-17,6.690839679226173e-17,4.6938937529294354e-17,5.551115123125783e-17,"[2.6977423525154416e-13, 1.4974350348647998e-13, 1.6226852269746972e-19]",3.085470058872509e-13,6.279793712500721e-13,0.0,0.0,
nominal-A_best-oracle_no_integral,A_best,nominal,oracle_no_integral,oracle,no_integral,True,60.0,horizon,pre_second_28_30,False,True,"[-0.0014376063303667968, -0.0013037076171396014]",0.0019407126299631548,0.001940712629981459,8.428616500880081e-09,0.0019407215638375787,0.0013277915201878143,0.0013277915201878143,0.001327791520187948,5.955216488497069e-10,0.0013277924212180547,0.0023514667408348717,4.1593649937215236e-21,4.725288876918791e-22,200,28.01,30.0,5.401128308571131e-08,4.972845345045884e-09,0.007762849081865313,0.005311166330449885,3.4150945850063763e-06,6.508818628847688e-07,-0.0022943032898121523,0.002294306776298224,-0.13145389542921648,0.13145409519015372,[0.0],[0.0],0.0,[0.0],[0.0],0.0,[0.0],[0.0],0.0,[0.0],[0.0],0.0,[0.0],[0.0],0.0,[0.0],[0.0],0.0,[0.0],[0.0],0.0,[0.0],[0.0],0.0,"[0.0, 0.0, 0.0]",0.0,0.0,every physics interval; dwell = interval count * physics_dt,0.002,"[0.0, 0.0, 0.0, 0.0]","[0.0, 0.0, 0.0, 0.0]",0.0,"[0.0, 0.0, 0.0, 0.0]","[0.0, 0.0, 0.0, 0.0]",0.0,"[0.0, 0.0, 0.0, 0.0]","[0.0, 0.0, 0.0, 0.0]",0.0,"[0.0, 0.0, 0.0, 0.0]","[0.0, 0.0, 0.0, 0.0]",0.0,"[0.0, 0.0, 0.0, 0.0]","[0.0, 0.0, 0.0, 0.0]",0.0,"[0.0, 0.0, 0.0, 0.0]","[0.0, 0.0, 0.0, 0.0]",0.0,"[0.0, 0.0, 0.0, 0.0]","[0.0, 0.0, 0.0, 0.0]",0.0,"[0.0, 0.0, 0.0, 0.0]","[0.0, 0.0, 0.0, 0.0]",0.0,"[0.10639924768116123, 0.10639924055798085, 0.10639925231538315, 0.10639924685235151]","[0.09360072661886429, 0.09360071738382912, 0.09360073084039348, 0.09360072616477444]","[0.5453791615286385, 0.5453791420009666, 0.5453791742330156, 0.5453791592565188]","[0.45462076801678497, 0.4546207426996217, 0.4546207795897943, 0.45462076677193175]","[0.09360073383906872, 0.09360073231484038, 0.09360073663891218, 0.09360073542122893]","[0.2, 0.2, 0.2, 0.2]","[0.2, 0.2, 0.2, 0.2]","[0.2, 0.2, 0.2, 0.2]","[0.2, 0.2, 0.2, 0.2]","[4.9486723711762554e-09, 8.399986138096378e-09, 3.1903438393430326e-09, 4.543600926821452e-09]","[2.1243762236786608e-06, 2.35657602425119e-07]","[3.4013249586828573e-06, 5.20981957890296e-07]",1000,"body origin, body frame; no gravity/external torque","[8.487606319719038e-14, 4.687923529684452e-14, 2.0116742293013507e-19]",9.696189357634703e-14,2.0193177032541795e-13,4.918300529807393e-17,5.551115123125783e-17,"[5.487010592846882e-10, 3.0224839302300034e-10, 3.5603868034537965e-11]",6.2745085780812e-10,1.3521279693379548e-09,1.239762374390162e-08,3.440672069476847e-08,"[5.486218679001108e-10, 3.022047485797149e-10, 3.5603868038990756e-11]",6.273605816607172e-10,1.3519736500507932e-09,1.2397623743660654e-08,3.4406720639257315e-08,"[6.574970762002609e-17, 1.2148279777490404e-18, 2.1468585480792062e-19]",6.576128001453974e-17,6.686740991426617e-17,4.918300529807393e-17,5.551115123125783e-17,"[8.487644075726103e-14, 4.687918244154522e-14, 1.4136266821186875e-19]",9.696219852101396e-14,2.0186778012797914e-13,0.0,0.0,
nominal-A_best-oracle_no_integral,A_best,nominal,oracle_no_integral,oracle,no_integral,True,60.0,horizon,tail_58_60,False,True,"[-0.0014376058244714761, -0.0013037085260130148]",0.001940712865766943,0.0019407128657826474,7.807473279546274e-09,0.001940720785976449,0.0013277906302989174,0.0013277906302989174,0.0013277906302992767,9.768102348287492e-10,0.0013277923379777512,0.002351466432957283,-7.599946205713521e-22,2.438021577308683e-23,200,58.01,60.0,5.046934180598797e-08,6.450131004579729e-09,0.007762852605672279,0.005311163228961588,3.078324659199975e-06,6.177658316936944e-07,-0.002294304024042244,0.0022943067633947817,-0.13145393749750192,0.13145409445084094,[0.0],[0.0],0.0,[0.0],[0.0],0.0,[0.0],[0.0],0.0,[0.0],[0.0],0.0,[0.0],[0.0],0.0,[0.0],[0.0],0.0,[0.0],[0.0],0.0,[0.0],[0.0],0.0,"[0.0, 0.0, 0.0]",0.0,0.0,every physics interval; dwell = interval count * physics_dt,0.002,"[0.0, 0.0, 0.0, 0.0]","[0.0, 0.0, 0.0, 0.0]",0.0,"[0.0, 0.0, 0.0, 0.0]","[0.0, 0.0, 0.0, 0.0]",0.0,"[0.0, 0.0, 0.0, 0.0]","[0.0, 0.0, 0.0, 0.0]",0.0,"[0.0, 0.0, 0.0, 0.0]","[0.0, 0.0, 0.0, 0.0]",0.0,"[0.0, 0.0, 0.0, 0.0]","[0.0, 0.0, 0.0, 0.0]",0.0,"[0.0, 0.0, 0.0, 0.0]","[0.0, 0.0, 0.0, 0.0]",0.0,"[0.0, 0.0, 0.0, 0.0]","[0.0, 0.0, 0.0, 0.0]",0.0,"[0.0, 0.0, 0.0, 0.0]","[0.0, 0.0, 0.0, 0.0]",0.0,"[0.10639924521788512, 0.10639924584545749, 0.10639925131321845, 0.10639924702155118]","[0.09360072973434384, 0.09360072022990817, 0.09360072799955689, 0.09360072699034307]","[0.5453791547757506, 0.5453791564961938, 0.5453791714856564, 0.5453791597203667]","[0.45462077655764066, 0.45462075050193484, 0.45462077180185045, 0.45462076903516535]","[0.09360073468557795, 0.09360073256065851, 0.09360073502812323, 0.09360073555500892]","[0.2, 0.2, 0.2, 0.2]","[0.2, 0.2, 0.2, 0.2]","[0.2, 0.2, 0.2, 0.2]","[0.2, 0.2, 0.2, 0.2]","[4.045522870451818e-09, 5.29454034352239e-09, 3.2815633818755383e-09, 4.312946826467061e-09]","[1.9813191791497243e-06, 2.2289699952146772e-07]","[3.034228237523331e-06, 4.850416927534614e-07]",1000,"body origin, body frame; no gravity/external torque","[5.79947937351964e-14, 3.1551099087800666e-14, 2.083757103848628e-19]",6.602172334981575e-14,1.7207171336086558e-13,4.8234047858538485e-17,5.551115123125783e-17,"[3.760515563564395e-10, 2.0277983236114897e-10, 3.539575865315686e-11]",4.2870420243000675e-10,1.1259605895108503e-09,1.0657251008501335e-08,3.877175491773244e-08,"[3.7599732966460017e-10, 2.0275056741450317e-10, 3.539575866576875e-11]",4.286427932828664e-10,1.1258332524958393e-09,1.0657251006443649e-08,3.8771754862221286e-08,"[6.573929014697752e-17, 1.1296480113452949e-18, 2.169369676527597e-19]",6.574935311701531e-17,6.701164937051247e-17,4.8234047858538485e-17,5.551115123125783e-17,"[5.799501826126925e-14, 3.1551106096501195e-14, 1.5786221915782286e-19]",6.602192392730274e-14,1.7213204490329742e-13,0.0,0.0,
nominal-A_best-oracle_no_integral,A_best,nominal,oracle_no_integral,oracle,no_integral,True,60.0,horizon,full_0_60,True,False,,,,,,,,,,,,,,,,,,,,,,,,,,,,,,,,,,,,,,,,,,,,,,,,,,,,,,,,,,,,,,,,,,,,,,,,,,,,,,,,,,,,,,,,,,,,,,,,,,,,,,,,,,,,,,,,,,,,,,,
nominal-A_best-oracle_no_integral,A_best,nominal,oracle_no_integral,oracle,no_integral,True,60.0,horizon,pre_3_5,True,False,,,,,,,,,,,,,,,,,,,,,,,,,,,,,,,,,,,,,,,,,,,,,,,,,,,,,,,,,,,,,,,,,,,,,,,,,,,,,,,,,,,,,,,,,,,,,,,,,,,,,,,,,,,,,,,,,,,,,,,
nominal-A_best-oracle_no_integral,A_best,nominal,oracle_no_integral,oracle,no_integral,True,60.0,horizon,tail_18_20,True,False,,,,,,,,,,,,,,,,,,,,,,,,,,,,,,,,,,,,,,,,,,,,,,,,,,,,,,,,,,,,,,,,,,,,,,,,,,,,,,,,,,,,,,,,,,,,,,,,,,,,,,,,,,,,,,,,,,,,,,,
nominal-A_best-oracle_no_integral,A_best,nominal,oracle_no_integral,oracle,no_integral,True,60.0,horizon,pre_second_28_30,True,False,,,,,,,,,,,,,,,,,,,,,,,,,,,,,,,,,,,,,,,,,,,,,,,,,,,,,,,,,,,,,,,,,,,,,,,,,,,,,,,,,,,,,,,,,,,,,,,,,,,,,,,,,,,,,,,,,,,,,,,
nominal-A_best-oracle_no_integral,A_best,nominal,oracle_no_integral,oracle,no_integral,True,60.0,horizon,tail_58_60,True,False,,,,,,,,,,,,,,,,,,,,,,,,,,,,,,,,,,,,,,,,,,,,,,,,,,,,,,,,,,,,,,,,,,,,,,,,,,,,,,,,,,,,,,,,,,,,,,,,,,,,,,,,,,,,,,,,,,,,,,,
nominal-A_best-oracle_integral_020,A_best,nominal,oracle_integral_020,oracle,integral_020,True,60.0,horizon,full_0_60,False,True,"[-0.00011980048785053018, -0.0001086421507688342]",0.00016172592189535708,0.0004063796568014034,0.00037281248859060914,0.0018677270210187011,0.00011064925485300273,0.00011064925485300273,0.00027216691384730345,0.000248659549170428,0.0011296668344411565,0.0004891004543600342,2.3822801641527197e-22,2.514629062161204e-22,6000,0.01,60.0,0.0003915118264046318,0.00015902669215749133,0.0016723691492784183,0.0011003131436927078,0.11736250531904448,0.02533360870831458,-0.002267993868247258,0.0023617609332819266,-0.12994647661211758,0.13531893369593279,[0.0],[0.0],0.0,[0.0],[0.0],0.0,[0.0],[0.0],0.0,[0.0],[0.0],0.0,[0.0],[0.0],0.0,[0.0],[0.0],0.0,[0.0],[0.0],0.0,[0.0],[0.0],0.0,"[0.0014376058458151998, 0.0013037057885478258, -0.0013277910553573782]",0.0019407110426375032,0.0013277910553573782,every physics interval; dwell = interval count * physics_dt,0.002,"[0.0, 0.0, 0.0, 0.0]","[0.0, 0.0, 0.0, 0.0]",0.0,"[0.0, 0.0, 0.0, 0.0]","[0.0, 0.0, 0.0, 0.0]",0.0,"[0.0, 0.0, 0.0, 0.0]","[0.0, 0.0, 0.0, 0.0]",0.0,"[0.0, 0.0, 0.0, 0.0]","[0.0, 0.0, 0.0, 0.0]",0.0,"[0.0, 0.0, 0.0, 0.0]","[0.0, 0.0, 0.0, 0.0]",0.0,"[0.0, 0.0, 0.0, 0.0]","[0.0, 0.0, 0.0, 0.0]",0.0,"[0.0, 0.0, 0.0, 0.0]","[0.0, 0.0, 0.0, 0.0]",0.0,"[0.0, 0.0, 0.0, 0.0]","[0.0, 0.0, 0.0, 0.0]",0.0,"[0.10608749256023557, 0.10565383604539444, 0.10625974284369456, 0.1058688206231864]","[0.09317274288807784, 0.0929057870004276, 0.09334738131334983, 0.09241521406922501]","[0.5445241353872013, 0.5433335351206262, 0.5449966448203053, 0.5439239550758942]","[0.45344818127952013, 0.45271748229922637, 0.45392648582351136, 0.4513761109637442]","[0.09334844931651778, 0.09322791246191572, 0.09347136209470999, 0.09311040005837255]","[0.2, 0.2, 0.2, 0.2]","[0.2, 0.2, 0.2, 0.2]","[0.2, 0.2, 0.2, 0.2]","[0.2, 0.2, 0.2, 0.2]","[1.9788161316404266e-05, 4.8541807039038735e-05, 6.864660278392486e-06, 3.33684760488949e-05]","[0.010262935051683091, 0.006907983346751775]","[0.09411678825756643, 0.0701141372645742]",30000,"body origin, body frame; no gravity/external torque","[5.043058208044274e-10, 2.740844649643594e-10, 2.0337184351885373e-19]",5.739744374378009e-10,6.4721179824334875e-09,4.8042007091228644e-17,5.551115123125783e-17,"[3.25199931284991e-06, 1.7639721920584488e-06, 2.1427721017197432e-07]",3.7058078940942072e-06,4.3958148605310425e-05,5.818704347946409e-05,0.0017622507157669665,"[3.2515300898490805e-06, 1.7637176684220349e-06, 2.1427721017197273e-07]",3.7052749779061055e-06,4.395171505164378e-05,5.818704347946361e-05,0.0017622507157669665,"[6.574575706262076e-17, 1.1551105542861758e-18, 2.182191598329784e-19]",6.575626564618434e-17,6.776266087602852e-17,4.8042007091228644e-17,5.551115123125783e-17,"[5.04305820797701e-10, 2.7408446496082487e-10, 1.5276609957161683e-19]",5.739744374302237e-10,6.4721180416351695e-09,0.0,0.0,
nominal-A_best-oracle_integral_020,A_best,nominal,oracle_integral_020,oracle,integral_020,True,60.0,horizon,pre_3_5,False,True,"[-0.0008116282258446321, -0.0006870117979496155]",0.0010633558141608427,0.0010731661449213184,0.00014477564400000877,0.0012839565325329326,0.0007314435903819827,0.0007314435903819827,0.0007374192221266139,9.368768996476818e-05,0.0008921834665958084,0.0013021031770820255,-1.3334151474354806e-21,1.9025154088719637e-22,200,3.0100000000000002,5.0,0.0005041233124161524,0.00016710863580782803,0.004112982684726426,0.002790106850133619,0.03833117139902931,0.0058862272366919585,-0.002335843320731922,0.0023617609332819266,-0.13383396388176225,0.13531893369593279,[0.0],[0.0],0.0,[0.0],[0.0],0.0,[0.0],[0.0],0.0,[0.0],[0.0],0.0,[0.0],[0.0],0.0,[0.0],[0.0],0.0,[0.0],[0.0],0.0,[0.0],[0.0],0.0,"[0.0009129955770281843, 0.0008251787729572915, -0.0008281162787875247]",0.001230642487082389,0.0008281162787875247,every physics interval; dwell = interval count * physics_dt,0.002,"[0.0, 0.0, 0.0, 0.0]","[0.0, 0.0, 0.0, 0.0]",0.0,"[0.0, 0.0, 0.0, 0.0]","[0.0, 0.0, 0.0, 0.0]",0.0,"[0.0, 0.0, 0.0, 0.0]","[0.0, 0.0, 0.0, 0.0]",0.0,"[0.0, 0.0, 0.0, 0.0]","[0.0, 0.0, 0.0, 0.0]",0.0,"[0.0, 0.0, 0.0, 0.0]","[0.0, 0.0, 0.0, 0.0]",0.0,"[0.0, 0.0, 0.0, 0.0]","[0.0, 0.0, 0.0, 0.0]",0.0,"[0.0, 0.0, 0.0, 0.0]","[0.0, 0.0, 0.0, 0.0]",0.0,"[0.0, 0.0, 0.0, 0.0]","[0.0, 0.0, 0.0, 0.0]",0.0,"[0.10635580887232426, 0.10629619639969118, 0.10638908969141343, 0.10633813218295138]","[0.09354603145074988, 0.09347332374491461, 0.09358877503351848, 0.09354313551268588]","[0.5452600700276583, 0.5450966134122983, 0.5453513137566076, 0.5452116036176589]","[0.4544708367123733, 0.45427156453849293, 0.4545880041787004, 0.45446289895640646]","[0.09357418868088875, 0.09354737365325486, 0.09359252706857055, 0.09357974980232021]","[0.2, 0.2, 0.2, 0.2]","[0.2, 0.2, 0.2, 0.2]","[0.2, 0.2, 0.2, 0.2]","[0.2, 0.2, 0.2, 0.2]","[1.9203508391820364e-05, 4.96343788268164e-05, 3.14332869612997e-06, 2.5672319864261577e-05]","[0.01684513588400455, 0.008400191034815865]","[0.034518786259067846, 0.016665297171196504]",1000,"body origin, body frame; no gravity/external torque","[5.319506050839803e-10, 2.91861423840004e-10, 2.0772762729251254e-19]",6.067573954844935e-10,1.3884743939558209e-09,4.775249788392736e-17,5.551115123125783e-17,"[3.437272270850475e-06, 1.8878886478202612e-06, 4.7373795165248414e-08]",3.921888382781253e-06,9.093036166631373e-06,4.051721069950068e-05,9.397051877357843e-05,"[3.436778858608056e-06, 1.887617821539798e-06, 4.7373795165249764e-08]",3.921325571747171e-06,9.091793411845888e-06,4.051721069949869e-05,9.397051877352292e-05,"[6.572536730251768e-17, 1.2142980367553106e-18, 2.181114293420494e-19]",6.5736945467283e-17,6.682999344283533e-17,4.775249788392736e-17,5.551115123125783e-17,"[5.319506059216582e-10, 2.918614237816152e-10, 1.4944695602662324e-19]",6.067573961908096e-10,1.3884744511614735e-09,0.0,0.0,
nominal-A_best-oracle_integral_020,A_best,nominal,oracle_integral_020,oracle,integral_020,True,60.0,horizon,tail_18_20,False,True,"[-2.110471632544858e-05, -2.241259944773399e-05]",3.0785283256488344e-05,3.107362084469504e-05,4.223298144536367e-06,3.891742098684142e-05,2.25420362595774e-05,2.25420362595774e-05,2.274628264092342e-05,3.0413771967107124e-06,2.8226542312159708e-05,3.850926234531948e-05,3.6835386652752014e-25,-4.2005265481208437e-26,200,18.01,20.0,7.583512418909217e-06,5.339395572470696e-06,0.00011680718948868259,8.564713703967227e-05,8.39394541184383e-05,1.0097812064040791e-05,-0.002296466006196469,0.0022969200492533866,-0.13157780995032164,0.13160382470120022,[0.0],[0.0],0.0,[0.0],[0.0],0.0,[0.0],[0.0],0.0,[0.0],[0.0],0.0,[0.0],[0.0],0.0,[0.0],[0.0],0.0,[0.0],[0.0],0.0,[0.0],[0.0],0.0,"[0.0014243002047191991, 0.001288228806567175, -0.0013127380775184525]",0.0019204594583673565,0.0013127380775184525,every physics interval; dwell = interval count * physics_dt,0.002,"[0.0, 0.0, 0.0, 0.0]","[0.0, 0.0, 0.0, 0.0]",0.0,"[0.0, 0.0, 0.0, 0.0]","[0.0, 0.0, 0.0, 0.0]",0.0,"[0.0, 0.0, 0.0, 0.0]","[0.0, 0.0, 0.0, 0.0]",0.0,"[0.0, 0.0, 0.0, 0.0]","[0.0, 0.0, 0.0, 0.0]",0.0,"[0.0, 0.0, 0.0, 0.0]","[0.0, 0.0, 0.0, 0.0]",0.0,"[0.0, 0.0, 0.0, 0.0]","[0.0, 0.0, 0.0, 0.0]",0.0,"[0.0, 0.0, 0.0, 0.0]","[0.0, 0.0, 0.0, 0.0]",0.0,"[0.0, 0.0, 0.0, 0.0]","[0.0, 0.0, 0.0, 0.0]",0.0,"[0.10639922747209303, 0.1063992033594622, 0.10639924692592227, 0.10639923797906564]","[0.09360068153533037, 0.09360065288664599, 0.09360070207769734, 0.09360068732763897]","[0.5453791061269726, 0.545379040023975, 0.545379159458209, 0.5453791349310617]","[0.45462064442362937, 0.45462056588540034, 0.4546207007389975, 0.4546206603028127]","[0.09360069683556849, 0.09360068466538035, 0.09360070930417043, 0.09360071182186615]","[0.2, 0.2, 0.2, 0.2]","[0.2, 0.2, 0.2, 0.2]","[0.2, 0.2, 0.2, 0.2]","[0.2, 0.2, 0.2, 0.2]","[1.1944241753675995e-08, 2.562804725118736e-08, 5.3281375301705135e-09, 1.4293291412180648e-08]","[4.110108194867279e-05, 2.2016735171811327e-05]","[7.348827532668793e-05, 4.1693792727764246e-05]",1000,"body origin, body frame; no gravity/external torque","[2.9635586191981746e-13, 1.5811733548514571e-13, 1.9660027614094823e-19]",3.35898628569988e-13,7.266174222291469e-13,4.6443961262081255e-17,5.551115123125783e-17,"[1.8151446479944241e-09, 9.69880849634394e-10, 4.703576193695005e-11]",2.0585507811398105e-09,4.522000404217111e-09,2.604710193725821e-08,8.127741113472808e-08,"[1.814886727306906e-09, 9.697429502986282e-10, 4.703576193951316e-11]",2.0582583864786966e-09,4.521454271068169e-09,2.6047101932159418e-08,8.127741107921693e-08,"[6.57520521318031e-17, 1.2250660901615471e-18, 2.101484857735028e-19]",6.576379937970957e-17,6.685231424195652e-17,4.6443961262081255e-17,5.551115123125783e-17,"[2.9635576219248383e-13, 1.5811740463294513e-13, 1.6514075493068653e-19]",3.358985731326852e-13,7.26676085798467e-13,0.0,0.0,
nominal-A_best-oracle_integral_020,A_best,nominal,oracle_integral_020,oracle,integral_020,True,60.0,horizon,pre_second_28_30,False,True,"[-1.7990052136547535e-06, -2.2718640269914423e-06]",2.8978933582681677e-06,2.9243534103708294e-06,3.92500895352803e-07,3.618808915303885e-06,2.1416242296279365e-06,2.1416242296279365e-06,2.161429415953445e-06,2.919294079386267e-07,2.6847019103382053e-06,3.636429566057392e-06,-9.542061509553359e-27,9.97120184199359e-28,200,28.01,30.0,6.872835185428056e-07,5.115325174253958e-07,1.1012662163519646e-05,8.134227489150522e-06,4.353408482428142e-06,7.930741691425878e-07,-0.002294517682036385,0.002294573472201928,-0.13146617919882544,0.1314693757398494,[0.0],[0.0],0.0,[0.0],[0.0],0.0,[0.0],[0.0],0.0,[0.0],[0.0],0.0,[0.0],[0.0],0.0,[0.0],[0.0],0.0,[0.0],[0.0],0.0,[0.0],[0.0],0.0,"[0.001436482714290551, 0.001302135358017231, -0.001326380105422281]",0.0019388241485638173,0.001326380105422281,every physics interval; dwell = interval count * physics_dt,0.002,"[0.0, 0.0, 0.0, 0.0]","[0.0, 0.0, 0.0, 0.0]",0.0,"[0.0, 0.0, 0.0, 0.0]","[0.0, 0.0, 0.0, 0.0]",0.0,"[0.0, 0.0, 0.0, 0.0]","[0.0, 0.0, 0.0, 0.0]",0.0,"[0.0, 0.0, 0.0, 0.0]","[0.0, 0.0, 0.0, 0.0]",0.0,"[0.0, 0.0, 0.0, 0.0]","[0.0, 0.0, 0.0, 0.0]",0.0,"[0.0, 0.0, 0.0, 0.0]","[0.0, 0.0, 0.0, 0.0]",0.0,"[0.0, 0.0, 0.0, 0.0]","[0.0, 0.0, 0.0, 0.0]",0.0,"[0.0, 0.0, 0.0, 0.0]","[0.0, 0.0, 0.0, 0.0]",0.0,"[0.10639923753049431, 0.10639924325962308, 0.10639924715632924, 0.10639924419604618]","[0.09360071805302789, 0.09360072119514944, 0.09360072565028127, 0.09360072364845373]","[0.5453791337013367, 0.5453791494073198, 0.5453791600898521, 0.5453791519744544]","[0.45462074453417844, 0.45462075314807104, 0.45462076536148477, 0.45462075987362394]","[0.0936007309094503, 0.09360073160107936, 0.0936007335088225, 0.0936007319329132]","[0.2, 0.2, 0.2, 0.2]","[0.2, 0.2, 0.2, 0.2]","[0.2, 0.2, 0.2, 0.2]","[0.2, 0.2, 0.2, 0.2]","[8.178374747687067e-09, 7.3701601922385335e-09, 4.901401759111923e-09, 6.154327170414565e-09]","[2.0218772347822754e-06, 9.323418886914779e-07]","[4.137496498637337e-06, 1.7331039724659547e-06]",1000,"body origin, body frame; no gravity/external torque","[1.2172710317152277e-13, 4.7409125980386447e-14, 2.0311215557017262e-19]",1.3063350593471784e-13,2.6142143639404663e-13,4.775249788392736e-17,5.551115123125783e-17,"[7.884783890980516e-10, 3.0503763517953994e-10, 3.0515042078713786e-11]",8.459771254257705e-10,1.741855294497717e-09,1.159228640994788e-08,3.817929433713729e-08,"[7.883646826867261e-10, 3.049935212464809e-10, 3.0515042058847686e-11]",8.45855240985077e-10,1.7416124045947882e-09,1.1592286409361219e-08,3.817929433713729e-08,"[6.572778613533673e-17, 1.147432710813314e-18, 2.1502298065442496e-19]",6.573815259771615e-17,6.680452224341783e-17,4.775249788392736e-17,5.551115123125783e-17,"[1.217260004211467e-13, 4.740901798105144e-14, 1.6226852269746972e-19]",1.3063243917374808e-13,2.614871510827224e-13,0.0,0.0,
nominal-A_best-oracle_integral_020,A_best,nominal,oracle_integral_020,oracle,integral_020,True,60.0,horizon,tail_58_60,False,True,"[-1.5213781518247602e-09, -2.4593884981149514e-09]",2.8919168842672224e-09,7.467907644595507e-09,6.885235023054633e-09,1.3229429758322786e-08,1.644509729503696e-09,1.644509729503696e-09,1.867986479558901e-09,8.859803820528677e-10,3.910229917636343e-09,7.697987923868345e-09,4.930380657631324e-32,-9.14816723583937e-33,200,58.01,60.0,4.3043628945916777e-08,7.211361609182765e-09,5.2295707232583875e-08,9.040218382087773e-09,2.9575586669421963e-06,7.209056459988965e-07,-0.0022943007571432994,0.002294302716890587,-0.13145375031798032,0.1314538626032288,[0.0],[0.0],0.0,[0.0],[0.0],0.0,[0.0],[0.0],0.0,[0.0],[0.0],0.0,[0.0],[0.0],0.0,[0.0],[0.0],0.0,[0.0],[0.0],0.0,[0.0],[0.0],0.0,"[0.0014376058458151998, 0.0013037057885478258, -0.0013277910553573782]",0.0019407110426375032,0.0013277910553573782,every physics interval; dwell = interval count * physics_dt,0.002,"[0.0, 0.0, 0.0, 0.0]","[0.0, 0.0, 0.0, 0.0]",0.0,"[0.0, 0.0, 0.0, 0.0]","[0.0, 0.0, 0.0, 0.0]",0.0,"[0.0, 0.0, 0.0, 0.0]","[0.0, 0.0, 0.0, 0.0]",0.0,"[0.0, 0.0, 0.0, 0.0]","[0.0, 0.0, 0.0, 0.0]",0.0,"[0.0, 0.0, 0.0, 0.0]","[0.0, 0.0, 0.0, 0.0]",0.0,"[0.0, 0.0, 0.0, 0.0]","[0.0, 0.0, 0.0, 0.0]",0.0,"[0.0, 0.0, 0.0, 0.0]","[0.0, 0.0, 0.0, 0.0]",0.0,"[0.0, 0.0, 0.0, 0.0]","[0.0, 0.0, 0.0, 0.0]",0.0,"[0.10639923966593916, 0.10639923814990396, 0.10639924917275866, 0.10639924546299154]","[0.09360072081432151, 0.0936007162470061, 0.09360072861860731, 0.09360072526952515]","[0.5453791395555029, 0.5453791353994014, 0.5453791656177422, 0.5453791554476913]","[0.4546207521040604, 0.4546207395831041, 0.4546207734989307, 0.4546207643176705]","[0.09360073246558437, 0.09360073174906819, 0.09360073615279324, 0.09360073477039216]","[0.2, 0.2, 0.2, 0.2]","[0.2, 0.2, 0.2, 0.2]","[0.2, 0.2, 0.2, 0.2]","[0.2, 0.2, 0.2, 0.2]","[7.319052144516387e-09, 1.0198064855436828e-08, 3.394903301081523e-09, 5.36348150852855e-09]","[1.7146185758586515e-06, 4.812548190050619e-07]","[2.9685581441910128e-06, 1.0233570340082442e-06]",1000,"body origin, body frame; no gravity/external torque","[1.1631905025552125e-13, 5.369705405799973e-14, 2.100908767461839e-19]",1.281151632980982e-13,2.515252981550626e-13,4.7266042096723027e-17,5.551115123125783e-17,"[7.540456057399426e-10, 3.450433041470789e-10, 3.240448215824897e-11]",8.298733082443334e-10,1.7043496346022257e-09,1.4550546540801584e-08,4.204625159154318e-08,"[7.539372975214416e-10, 3.4499359016767394e-10, 3.240448214787119e-11]",8.29754226451416e-10,1.7041397278858286e-09,1.4550546540646658e-08,4.204625153603203e-08,"[6.573063315417413e-17, 1.2271136411969999e-18, 2.1224627049603162e-19]",6.574242915512296e-17,6.729345814061361e-17,4.7266042096723027e-17,5.551115123125783e-17,"[1.1631909716926886e-13, 5.369704045760974e-14, 1.517883041479706e-19]",1.281152001918704e-13,2.515882676392163e-13,0.0,0.0,
nominal-A_best-oracle_integral_020,A_best,nominal,oracle_integral_020,oracle,integral_020,True,60.0,horizon,full_0_60,True,False,,,,,,,,,,,,,,,,,,,,,,,,,,,,,,,,,,,,,,,,,,,,,,,,,,,,,,,,,,,,,,,,,,,,,,,,,,,,,,,,,,,,,,,,,,,,,,,,,,,,,,,,,,,,,,,,,,,,,,,
nominal-A_best-oracle_integral_020,A_best,nominal,oracle_integral_020,oracle,integral_020,True,60.0,horizon,pre_3_5,True,False,,,,,,,,,,,,,,,,,,,,,,,,,,,,,,,,,,,,,,,,,,,,,,,,,,,,,,,,,,,,,,,,,,,,,,,,,,,,,,,,,,,,,,,,,,,,,,,,,,,,,,,,,,,,,,,,,,,,,,,
nominal-A_best-oracle_integral_020,A_best,nominal,oracle_integral_020,oracle,integral_020,True,60.0,horizon,tail_18_20,True,False,,,,,,,,,,,,,,,,,,,,,,,,,,,,,,,,,,,,,,,,,,,,,,,,,,,,,,,,,,,,,,,,,,,,,,,,,,,,,,,,,,,,,,,,,,,,,,,,,,,,,,,,,,,,,,,,,,,,,,,
nominal-A_best-oracle_integral_020,A_best,nominal,oracle_integral_020,oracle,integral_020,True,60.0,horizon,pre_second_28_30,True,False,,,,,,,,,,,,,,,,,,,,,,,,,,,,,,,,,,,,,,,,,,,,,,,,,,,,,,,,,,,,,,,,,,,,,,,,,,,,,,,,,,,,,,,,,,,,,,,,,,,,,,,,,,,,,,,,,,,,,,,
nominal-A_best-oracle_integral_020,A_best,nominal,oracle_integral_020,oracle,integral_020,True,60.0,horizon,tail_58_60,True,False,,,,,,,,,,,,,,,,,,,,,,,,,,,,,,,,,,,,,,,,,,,,,,,,,,,,,,,,,,,,,,,,,,,,,,,,,,,,,,,,,,,,,,,,,,,,,,,,,,,,,,,,,,,,,,,,,,,,,,,
nominal-B_best-existing_no_integral,B_best,nominal,existing_no_integral,existing,no_integral,True,60.0,horizon,full_0_60,False,True,"[0.001548737482758872, -0.0005802275101488005]",0.0016538596536694896,0.0016594613340356447,0.00013623569695050017,0.0024118694916394987,0.0017665141383779155,0.0017665141383779155,0.0017689169878884023,9.21689153191941e-05,0.0021601197501028846,0.0024254647449920893,9.615147440316394e-21,-8.41738991333961e-21,6000,0.01,60.0,0.0005063802624190278,0.00040719128403568207,0.006670873692624174,0.0071021200056549,0.1777158238172187,0.05286760541324108,0.016865441149934157,0.017062474305331615,0.966318597517493,0.9776077657459127,[0.0],[0.0],0.0,[0.0],[0.0],0.0,[0.0],[0.0],0.0,[0.0],[0.0],0.0,[0.0],[0.0],0.0,[0.0],[0.0],0.0,[0.0],[0.0],0.0,[0.0],[0.0],0.0,"[0.0, 0.0, 0.0]",0.0,0.0,every physics interval; dwell = interval count * physics_dt,0.002,"[0.0, 0.0, 0.0, 0.0]","[0.0, 0.0, 0.0, 0.0]",0.0,"[0.0, 0.0, 0.0, 0.0]","[0.0, 0.0, 0.0, 0.0]",0.0,"[0.0, 0.0, 0.0, 0.0]","[0.0, 0.0, 0.0, 0.0]",0.0,"[0.0, 0.0, 0.0, 0.0]","[0.0, 0.0, 0.0, 0.0]",0.0,"[0.0, 0.0, 0.0, 0.0]","[0.0, 0.0, 0.0, 0.0]",0.0,"[0.0, 0.0, 0.0, 0.0]","[0.0, 0.0, 0.0, 0.0]",0.0,"[0.0, 0.0, 0.0, 0.0]","[0.0, 0.0, 0.0, 0.0]",0.0,"[0.0, 0.0, 0.0, 0.0]","[0.0, 0.0, 0.0, 0.0]",0.0,"[0.10348083943231043, 0.10521752633029427, 0.10362834240000592, 0.10542740116590521]","[0.08915205527603103, 0.09174335442457095, 0.088101977811932, 0.0926829054676796]","[0.5373453793343408, 0.5421341780778369, 0.5377530448749994, 0.5427112810321129]","[0.4424987441414293, 0.44954196790985734, 0.4396582093426138, 0.45210783399302035]","[0.09144909078433726, 0.09280424558739014, 0.091141694383681, 0.09295633442948528]","[0.2, 0.2, 0.2, 0.2]","[0.2, 0.2, 0.2, 0.2]","[0.2, 0.2, 0.2, 0.2]","[0.2, 0.2, 0.2, 0.2]","[0.00012145640018485999, 5.7123357883777614e-05, 0.00012867018750525029, 3.897948700701306e-05]","[0.001534405263440337, 0.01638457942929025]","[0.019837293898853428, 0.17750240107385018]",30000,"body origin, body frame; no gravity/external torque","[4.203854840395697e-11, 7.820128882491436e-10, 2.0709668259807962e-19]",7.831420030490094e-10,1.0352488910321238e-08,4.8020621821043197e-17,5.551115123125783e-17,"[2.6320310428866905e-07, 5.02587119759091e-06, 1.1929889549766758e-06]",5.172221941832874e-06,8.164484931866055e-05,0.00028942419506674437,0.01218679097169828,"[2.631650275941745e-07, 5.02514599208833e-06, 1.1929889549766747e-06]",5.171515321474599e-06,8.163592715511555e-05,0.0002894241950667447,0.012186790971698225,"[6.575448881470142e-17, 1.14753062189924e-18, 2.208477372166462e-19]",6.576487207875025e-17,6.87786322796421e-17,4.8020621821043197e-17,5.551115123125783e-17,"[4.2038548382327234e-11, 7.820128882482031e-10, 1.545257537749077e-19]",7.831420030469245e-10,1.0352488907933356e-08,0.0,0.0,
nominal-B_best-existing_no_integral,B_best,nominal,existing_no_integral,existing,no_integral,True,60.0,horizon,pre_3_5,False,True,"[0.001571657565232725, -0.000616266227971255]",0.0016881621859558328,0.0016885393413382317,3.5686708390777085e-05,0.0017554920367798814,0.0017958251958520898,0.0017958251958520898,0.0017959264963176012,1.9074750808805167e-05,0.0018601638476123394,0.0024650592462297054,4.749671077279485e-21,-3.062636217977585e-22,200,3.0100000000000002,5.0,0.00015695520742788064,9.812356344171281e-05,0.006736174184534802,0.00713893715137159,0.017388441791516853,0.005041711337255518,0.017013125265239893,0.017057035809200035,0.9747802740256352,0.9772961628706749,[0.0],[0.0],0.0,[0.0],[0.0],0.0,[0.0],[0.0],0.0,[0.0],[0.0],0.0,[0.0],[0.0],0.0,[0.0],[0.0],0.0,[0.0],[0.0],0.0,[0.0],[0.0],0.0,"[0.0, 0.0, 0.0]",0.0,0.0,every physics interval; dwell = interval count * physics_dt,0.002,"[0.0, 0.0, 0.0, 0.0]","[0.0, 0.0, 0.0, 0.0]",0.0,"[0.0, 0.0, 0.0, 0.0]","[0.0, 0.0, 0.0, 0.0]",0.0,"[0.0, 0.0, 0.0, 0.0]","[0.0, 0.0, 0.0, 0.0]",0.0,"[0.0, 0.0, 0.0, 0.0]","[0.0, 0.0, 0.0, 0.0]",0.0,"[0.0, 0.0, 0.0, 0.0]","[0.0, 0.0, 0.0, 0.0]",0.0,"[0.0, 0.0, 0.0, 0.0]","[0.0, 0.0, 0.0, 0.0]",0.0,"[0.0, 0.0, 0.0, 0.0]","[0.0, 0.0, 0.0, 0.0]",0.0,"[0.0, 0.0, 0.0, 0.0]","[0.0, 0.0, 0.0, 0.0]",0.0,"[0.10630557147847866, 0.10631292978442294, 0.10634869981186316, 0.10634571797056588]","[0.09350523505981109, 0.09350134847260114, 0.09353272700465382, 0.09354107706741456]","[0.5451223215594614, 0.545142498881957, 0.5452405785071363, 0.5452324028220014]","[0.4543590198571825, 0.45434836796160305, 0.45443436980198326, 0.454457256804187]","[0.09356006895564113, 0.09355577022861136, 0.09356685123735829, 0.0935727372208111]","[0.2, 0.2, 0.2, 0.2]","[0.2, 0.2, 0.2, 0.2]","[0.2, 0.2, 0.2, 0.2]","[0.2, 0.2, 0.2, 0.2]","[3.854688573464687e-05, 3.99802406586498e-05, 2.4903590334640572e-05, 2.2594504195182225e-05]","[0.0017354630731043301, 0.005893513364552137]","[0.0035875732614585724, 0.01707679229550319]",1000,"body origin, body frame; no gravity/external torque","[1.673223553179138e-11, 6.817739749404622e-10, 2.1186893674531826e-19]",6.819792669957111e-10,1.517838286361159e-09,4.8234047858538485e-17,5.551115123125783e-17,"[1.0441980018290724e-07, 4.436760144328075e-06, 1.8634558014387324e-07]",4.441899227606078e-06,1.0828058591486577e-05,1.110536649433637e-05,3.829802894944612e-05,"[1.0440477568693937e-07, 4.436126711771887e-06, 1.8634558014388062e-07]",4.4412661747886136e-06,1.082668087062678e-05,1.1105366494332716e-05,3.829802894944612e-05,"[6.571162321525041e-17, 1.1759365544256622e-18, 2.3078867245740244e-19]",6.57225495227813e-17,6.700267694769941e-17,4.8234047858538485e-17,5.551115123125783e-17,"[1.673223488158353e-11, 6.817739748851919e-10, 1.4465061162897554e-19]",6.819792669245053e-10,1.517838285362609e-09,0.0,0.0,
nominal-B_best-existing_no_integral,B_best,nominal,existing_no_integral,existing,no_integral,True,60.0,horizon,tail_18_20,False,True,"[0.0015417341564267553, -0.0005826208846023847]",0.0016481478405373058,0.0016481478405393371,2.5867876504020267e-09,0.0016481498872618545,0.0017659358336614673,0.0017659358336614673,0.0017659358336623032,1.7187823295261996e-09,0.0017659381456827106,0.0024155580458533913,4.7486162464334794e-21,-2.3028751102728955e-21,200,18.01,20.0,1.4677271995608422e-08,1.165113633311125e-08,0.006592590887297741,0.007063743191938627,1.4787793334710982e-06,8.825700328287798e-07,0.017061571546261613,0.017061574054435844,0.9775560414612844,0.9775561851690822,[0.0],[0.0],0.0,[0.0],[0.0],0.0,[0.0],[0.0],0.0,[0.0],[0.0],0.0,[0.0],[0.0],0.0,[0.0],[0.0],0.0,[0.0],[0.0],0.0,[0.0],[0.0],0.0,"[0.0, 0.0, 0.0]",0.0,0.0,every physics interval; dwell = interval count * physics_dt,0.002,"[0.0, 0.0, 0.0, 0.0]","[0.0, 0.0, 0.0, 0.0]",0.0,"[0.0, 0.0, 0.0, 0.0]","[0.0, 0.0, 0.0, 0.0]",0.0,"[0.0, 0.0, 0.0, 0.0]","[0.0, 0.0, 0.0, 0.0]",0.0,"[0.0, 0.0, 0.0, 0.0]","[0.0, 0.0, 0.0, 0.0]",0.0,"[0.0, 0.0, 0.0, 0.0]","[0.0, 0.0, 0.0, 0.0]",0.0,"[0.0, 0.0, 0.0, 0.0]","[0.0, 0.0, 0.0, 0.0]",0.0,"[0.0, 0.0, 0.0, 0.0]","[0.0, 0.0, 0.0, 0.0]",0.0,"[0.0, 0.0, 0.0, 0.0]","[0.0, 0.0, 0.0, 0.0]",0.0,"[0.1063992315652102, 0.1063992293075184, 0.10639923825709195, 0.10639924027972705]","[0.09360071293539454, 0.09360071150072159, 0.09360071395157944, 0.09360071782563902]","[0.5453791173479506, 0.5453791111586546, 0.5453791356932519, 0.5453791412381548]","[0.45462073050456886, 0.4546207265715182, 0.454620733290364, 0.45462074391080964]","[0.09360072770517065, 0.09360072940723792, 0.09360072955570031, 0.09360073200860893]","[0.2, 0.2, 0.2, 0.2]","[0.2, 0.2, 0.2, 0.2]","[0.2, 0.2, 0.2, 0.2]","[0.2, 0.2, 0.2, 0.2]","[1.4731979715291065e-08, 1.4044773407681894e-08, 1.197819448514167e-08, 8.732064183053164e-09]","[5.416811325511781e-07, 6.04508973031872e-07]","[9.516964871894745e-07, 1.0896118264377981e-06]",1000,"body origin, body frame; no gravity/external torque","[3.783393378133739e-14, 2.5864800697983177e-13, 2.1022873227994284e-19]",2.61400455355483e-13,4.1518556678031826e-13,4.839349969133126e-17,5.551115123125783e-17,"[2.467310978643224e-10, 1.6693033935433924e-09, 5.743533880762651e-11]",1.6884160839357e-09,2.979697648893178e-09,1.2852936352124625e-08,4.429033861885756e-08,"[2.4669550119560737e-10, 1.6690618873824217e-09, 5.7435338795284465e-11]",1.6881721098173764e-09,2.979293305895807e-09,1.2852936355378303e-08,4.429033861885756e-08,"[6.575298350869905e-17, 1.1106525598861088e-18, 2.162962974605957e-19]",6.57627187203537e-17,6.68575060007377e-17,4.839349969133126e-17,5.551115123125783e-17,"[3.783363924496918e-14, 2.5864799285788244e-13, 1.6081317022585659e-19]",2.6140039875248007e-13,4.151926621703606e-13,0.0,0.0,
nominal-B_best-existing_no_integral,B_best,nominal,existing_no_integral,existing,no_integral,True,60.0,horizon,pre_second_28_30,False,True,"[0.0015417342612946546, -0.0005826203627236166]",0.0016481477541500861,0.001648147754152686,2.9277418907796136e-09,0.0016481491114973426,0.0017659363687368035,0.0017659363687368035,0.0017659363687374254,1.4813086929693353e-09,0.0017659395082376683,0.002415558378087366,-1.816735180402191e-21,2.0809883638800665e-21,200,28.01,30.0,1.8931824107080768e-08,9.731470806670382e-09,0.006592590384147494,0.007063747140664344,1.4787793334710982e-06,7.046910117288089e-07,0.01706157080063185,0.01706157343336575,0.977555998739846,0.977556149584387,[0.0],[0.0],0.0,[0.0],[0.0],0.0,[0.0],[0.0],0.0,[0.0],[0.0],0.0,[0.0],[0.0],0.0,[0.0],[0.0],0.0,[0.0],[0.0],0.0,[0.0],[0.0],0.0,"[0.0, 0.0, 0.0]",0.0,0.0,every physics interval; dwell = interval count * physics_dt,0.002,"[0.0, 0.0, 0.0, 0.0]","[0.0, 0.0, 0.0, 0.0]",0.0,"[0.0, 0.0, 0.0, 0.0]","[0.0, 0.0, 0.0, 0.0]",0.0,"[0.0, 0.0, 0.0, 0.0]","[0.0, 0.0, 0.0, 0.0]",0.0,"[0.0, 0.0, 0.0, 0.0]","[0.0, 0.0, 0.0, 0.0]",0.0,"[0.0, 0.0, 0.0, 0.0]","[0.0, 0.0, 0.0, 0.0]",0.0,"[0.0, 0.0, 0.0, 0.0]","[0.0, 0.0, 0.0, 0.0]",0.0,"[0.0, 0.0, 0.0, 0.0]","[0.0, 0.0, 0.0, 0.0]",0.0,"[0.0, 0.0, 0.0, 0.0]","[0.0, 0.0, 0.0, 0.0]",0.0,"[0.10639923056695358, 0.10639923269126161, 0.10639924028134282, 0.10639923973591106]","[0.09360071346424413, 0.09360071679721038, 0.09360071809886378, 0.09360071948479463]","[0.5453791146113062, 0.5453791204349379, 0.5453791412425847, 0.5453791397473254]","[0.454620731954371, 0.4546207410914501, 0.4546207446598346, 0.45462074845926237]","[0.0936007292955569, 0.09360073060498983, 0.09360073078478347, 0.09360073232692773]","[0.2, 0.2, 0.2, 0.2]","[0.2, 0.2, 0.2, 0.2]","[0.2, 0.2, 0.2, 0.2]","[0.2, 0.2, 0.2, 0.2]","[1.1818010038496668e-08, 1.1542706277466823e-08, 1.0394224433748558e-08, 8.16000938696682e-09]","[6.544440680646354e-07, 4.852078265263029e-07]","[1.2877978030487308e-06, 9.837630210351174e-07]",1000,"body origin, body frame; no gravity/external torque","[3.969299053418945e-14, 2.1127714486096746e-13, 1.953000116319891e-19]",2.1497340635108243e-13,3.5274878852055654e-13,4.7266042096723027e-17,5.551115123125783e-17,"[2.587962471418166e-10, 1.3668777469943212e-09, 4.096319305817186e-11]",1.3917644398203596e-09,2.5130134481585682e-09,1.395303653687945e-08,4.4680188104884166e-08,"[2.587589043895141e-10, 1.366680013157139e-09, 4.09631930419724e-11]",1.391563297930875e-09,2.5126796710691483e-09,1.3953036536596566e-08,4.4680188104884166e-08,"[6.576672980929226e-17, 1.1039194734440654e-18, 2.0288115759545641e-19]",6.577630689523709e-17,6.708691673987664e-17,4.7266042096723027e-17,5.551115123125783e-17,"[3.9693416001824045e-14, 2.1127714850238153e-13, 1.3799640750150366e-19]",2.1497348848918615e-13,3.5275222579283713e-13,0.0,0.0,
nominal-B_best-existing_no_integral,B_best,nominal,existing_no_integral,existing,no_integral,True,60.0,horizon,tail_58_60,False,True,"[0.0015417339469079654, -0.0005826228462329459]",0.0016481483379844764,0.0016481483379865193,2.5955038898424892e-09,0.0016481489950906328,0.0017659352567087748,0.0017659352567087748,0.001765935256708925,7.289922691272491e-10,0.00176593662533997,0.0024155579634724854,-2.728511515803767e-21,-1.6106199397308412e-21,200,58.01,60.0,1.705693129458282e-08,5.524966428097941e-09,0.0065925936242150086,0.007063741439923768,1.7075472925031877e-06,1.049353480466477e-06,0.017061571721031215,0.017061574820768158,0.977556051474845,0.9775562290766894,[0.0],[0.0],0.0,[0.0],[0.0],0.0,[0.0],[0.0],0.0,[0.0],[0.0],0.0,[0.0],[0.0],0.0,[0.0],[0.0],0.0,[0.0],[0.0],0.0,[0.0],[0.0],0.0,"[0.0, 0.0, 0.0]",0.0,0.0,every physics interval; dwell = interval count * physics_dt,0.002,"[0.0, 0.0, 0.0, 0.0]","[0.0, 0.0, 0.0, 0.0]",0.0,"[0.0, 0.0, 0.0, 0.0]","[0.0, 0.0, 0.0, 0.0]",0.0,"[0.0, 0.0, 0.0, 0.0]","[0.0, 0.0, 0.0, 0.0]",0.0,"[0.0, 0.0, 0.0, 0.0]","[0.0, 0.0, 0.0, 0.0]",0.0,"[0.0, 0.0, 0.0, 0.0]","[0.0, 0.0, 0.0, 0.0]",0.0,"[0.0, 0.0, 0.0, 0.0]","[0.0, 0.0, 0.0, 0.0]",0.0,"[0.0, 0.0, 0.0, 0.0]","[0.0, 0.0, 0.0, 0.0]",0.0,"[0.0, 0.0, 0.0, 0.0]","[0.0, 0.0, 0.0, 0.0]",0.0,"[0.10639922624817728, 0.1063992290110867, 0.10639923426319674, 0.10639923814558667]","[0.09360070678111804, 0.0936007069850865, 0.09360071296675726, 0.09360071992492676]","[0.5453791027716998, 0.5453791103460116, 0.5453791247442824, 0.5453791353875675]","[0.45462071363307743, 0.45462071419223926, 0.45462073059054553, 0.4546207496658501]","[0.09360072776420772, 0.09360072809457118, 0.09360072906091232, 0.09360073284769609]","[0.2, 0.2, 0.2, 0.2]","[0.2, 0.2, 0.2, 0.2]","[0.2, 0.2, 0.2, 0.2]","[0.2, 0.2, 0.2, 0.2]","[1.836277922913405e-08, 1.757500907166603e-08, 1.427272390069321e-08, 1.0499611233030056e-08]","[5.281354707082033e-07, 7.89467376555656e-07]","[1.020133383377843e-06, 1.470224583050022e-06]",1000,"body origin, body frame; no gravity/external torque","[3.915977419873162e-14, 3.213484295934576e-13, 2.0414581576437457e-19]",3.2372565718138305e-13,4.98874496780179e-13,4.8074067159589095e-17,5.551115123125783e-17,"[2.5531489951747466e-10, 2.0813974592583665e-09, 7.449823421964313e-11]",2.0983210117197623e-09,3.53604648093965e-09,1.2876736640259781e-08,4.069717690624586e-08,"[2.552780961978002e-10, 2.081098008327908e-09, 7.449823423231735e-11]",2.0980194978999816e-09,3.5355609672513732e-09,1.2876736637896592e-08,4.0697176850734706e-08,"[6.578204427618496e-17, 1.1539595227682183e-18, 2.168816474931043e-19]",6.579252244277588e-17,6.691766913747446e-17,4.8074067159589095e-17,5.551115123125783e-17,"[3.915980413831706e-14, 3.213483579646685e-13, 1.4786546224624109e-19]",3.2372558970023056e-13,4.988860212784286e-13,0.0,0.0,
nominal-B_best-existing_no_integral,B_best,nominal,existing_no_integral,existing,no_integral,True,60.0,horizon,full_0_60,True,False,,,,,,,,,,,,,,,,,,,,,,,,,,,,,,,,,,,,,,,,,,,,,,,,,,,,,,,,,,,,,,,,,,,,,,,,,,,,,,,,,,,,,,,,,,,,,,,,,,,,,,,,,,,,,,,,,,,,,,,
nominal-B_best-existing_no_integral,B_best,nominal,existing_no_integral,existing,no_integral,True,60.0,horizon,pre_3_5,True,False,,,,,,,,,,,,,,,,,,,,,,,,,,,,,,,,,,,,,,,,,,,,,,,,,,,,,,,,,,,,,,,,,,,,,,,,,,,,,,,,,,,,,,,,,,,,,,,,,,,,,,,,,,,,,,,,,,,,,,,
nominal-B_best-existing_no_integral,B_best,nominal,existing_no_integral,existing,no_integral,True,60.0,horizon,tail_18_20,True,False,,,,,,,,,,,,,,,,,,,,,,,,,,,,,,,,,,,,,,,,,,,,,,,,,,,,,,,,,,,,,,,,,,,,,,,,,,,,,,,,,,,,,,,,,,,,,,,,,,,,,,,,,,,,,,,,,,,,,,,
nominal-B_best-existing_no_integral,B_best,nominal,existing_no_integral,existing,no_integral,True,60.0,horizon,pre_second_28_30,True,False,,,,,,,,,,,,,,,,,,,,,,,,,,,,,,,,,,,,,,,,,,,,,,,,,,,,,,,,,,,,,,,,,,,,,,,,,,,,,,,,,,,,,,,,,,,,,,,,,,,,,,,,,,,,,,,,,,,,,,,
nominal-B_best-existing_no_integral,B_best,nominal,existing_no_integral,existing,no_integral,True,60.0,horizon,tail_58_60,True,False,,,,,,,,,,,,,,,,,,,,,,,,,,,,,,,,,,,,,,,,,,,,,,,,,,,,,,,,,,,,,,,,,,,,,,,,,,,,,,,,,,,,,,,,,,,,,,,,,,,,,,,,,,,,,,,,,,,,,,,
nominal-B_best-existing_integral_020,B_best,nominal,existing_integral_020,existing,integral_020,True,60.0,horizon,full_0_60,False,True,"[0.00012847780658415412, -4.8551754541503676e-05]",0.00013734562116694417,0.0003951419888289259,0.00037050421277219674,0.002393899750672729,0.0001471611923108721,0.0001471611923108721,0.0003938226306454616,0.00036529419361133297,0.002029363990850852,0.000557883012596898,5.293955920339377e-23,1.3234889800848443e-22,6000,0.01,60.0,0.0005175351236270427,0.0004123564280134937,0.0016637849629796988,0.001628783789723079,0.1812389158792786,0.052867461551701744,0.01687187942924498,0.01709763849054281,0.9666874837493296,0.9796225251485304,[0.0],[0.0],0.0,[0.0],[0.0],0.0,[0.0],[0.0],0.0,[0.0],[0.0],0.0,[0.0],[0.0],0.0,[0.0],[0.0],0.0,[0.0],[0.0],0.0,[0.0],[0.0],0.0,"[-0.0015417336739428557, 0.0005826210614345499, -0.0017659343046257216]",0.0016481474517155488,0.0017659343046257216,every physics interval; dwell = interval count * physics_dt,0.002,"[0.0, 0.0, 0.0, 0.0]","[0.0, 0.0, 0.0, 0.0]",0.0,"[0.0, 0.0, 0.0, 0.0]","[0.0, 0.0, 0.0, 0.0]",0.0,"[0.0, 0.0, 0.0, 0.0]","[0.0, 0.0, 0.0, 0.0]",0.0,"[0.0, 0.0, 0.0, 0.0]","[0.0, 0.0, 0.0, 0.0]",0.0,"[0.0, 0.0, 0.0, 0.0]","[0.0, 0.0, 0.0, 0.0]",0.0,"[0.0, 0.0, 0.0, 0.0]","[0.0, 0.0, 0.0, 0.0]",0.0,"[0.0, 0.0, 0.0, 0.0]","[0.0, 0.0, 0.0, 0.0]",0.0,"[0.0, 0.0, 0.0, 0.0]","[0.0, 0.0, 0.0, 0.0]",0.0,"[0.10347928163955844, 0.10521204115912824, 0.10362711413781722, 0.10542433496120347]","[0.08915205527603103, 0.09174335442457095, 0.088101977811932, 0.09268294596587315]","[0.5373410730029292, 0.5421190906243922, 0.5377496509547468, 0.5427028522146662]","[0.4424987441414293, 0.44954196790985734, 0.4396582093426138, 0.45210794473382365]","[0.09144910018150434, 0.09280424872571011, 0.09114169705473232, 0.09295639166281694]","[0.2, 0.2, 0.2, 0.2]","[0.2, 0.2, 0.2, 0.2]","[0.2, 0.2, 0.2, 0.2]","[0.2, 0.2, 0.2, 0.2]","[0.00012145750125551644, 5.714459497056738e-05, 0.00012867140221949655, 3.9008839356819776e-05]","[0.0015478438559360756, 0.016525828918175486]","[0.019842260139695537, 0.1810465238484436]",30000,"body origin, body frame; no gravity/external torque","[4.20294778003171e-11, 7.82022079897698e-10, 2.0426427592889221e-19]",7.831506945994961e-10,1.0352488910321238e-08,4.8159456333732996e-17,5.551115123125783e-17,"[2.631524279819479e-07, 5.025899965547367e-06, 1.192992704591717e-06]",5.1722481821013465e-06,8.164484931866055e-05,0.00028945998837991876,0.01218679097169828,"[2.6311435858329956e-07, 5.0251747558855846e-06, 1.192992704591715e-06]",5.171541557997141e-06,8.163592715511555e-05,0.00028945998837991854,0.012186790971698225,"[6.573332093851921e-17, 1.1725021928972439e-18, 2.2045234078495e-19]",6.574414682870046e-17,6.87786322796421e-17,4.8159456333732996e-17,5.551115123125783e-17,"[4.202947778439287e-11, 7.820220799019453e-10, 1.5608997270178274e-19]",7.831506946028789e-10,1.0352488907933356e-08,0.0,0.0,
nominal-B_best-existing_integral_020,B_best,nominal,existing_integral_020,existing,integral_020,True,60.0,horizon,pre_3_5,False,True,"[0.0006866881972148647, -0.00036676843235183354]",0.000778498402801202,0.0007919077398131217,0.00014511411100201114,0.0010142144243679996,0.0008663949326117804,0.0008663949326117804,0.0008773455659079625,0.0001381848861597793,0.0011597133445755414,0.0011818854049332743,4.036641389258775e-22,3.771943593241806e-22,200,3.0100000000000002,5.0,0.0002698364000835494,0.00027740318714123156,0.0029485618457491445,0.0032457733017818157,0.018171485402901935,0.004964111092989242,0.017064538090609017,0.01709763849054281,0.977726011932129,0.9796225251485304,[0.0],[0.0],0.0,[0.0],[0.0],0.0,[0.0],[0.0],0.0,[0.0],[0.0],0.0,[0.0],[0.0],0.0,[0.0],[0.0],0.0,[0.0],[0.0],0.0,[0.0],[0.0],0.0,"[-0.0011037807977765754, 0.00043433179351162917, -0.001229508993651663]",0.0011861602574674813,0.001229508993651663,every physics interval; dwell = interval count * physics_dt,0.002,"[0.0, 0.0, 0.0, 0.0]","[0.0, 0.0, 0.0, 0.0]",0.0,"[0.0, 0.0, 0.0, 0.0]","[0.0, 0.0, 0.0, 0.0]",0.0,"[0.0, 0.0, 0.0, 0.0]","[0.0, 0.0, 0.0, 0.0]",0.0,"[0.0, 0.0, 0.0, 0.0]","[0.0, 0.0, 0.0, 0.0]",0.0,"[0.0, 0.0, 0.0, 0.0]","[0.0, 0.0, 0.0, 0.0]",0.0,"[0.0, 0.0, 0.0, 0.0]","[0.0, 0.0, 0.0, 0.0]",0.0,"[0.0, 0.0, 0.0, 0.0]","[0.0, 0.0, 0.0, 0.0]",0.0,"[0.0, 0.0, 0.0, 0.0]","[0.0, 0.0, 0.0, 0.0]",0.0,"[0.10630552079948982, 0.10631289340310332, 0.10634887668868354, 0.10634582575460397]","[0.09350515341392258, 0.09350107891112099, 0.09353251928761498, 0.09354031156832646]","[0.5451221825903968, 0.5451423991212109, 0.5452410634701751, 0.5452326983480899]","[0.45435879609066443, 0.4543476291838656, 0.4544338004693005, 0.45445515859665564]","[0.09355961271017799, 0.09355507805279742, 0.09356614657406834, 0.093572065760144]","[0.2, 0.2, 0.2, 0.2]","[0.2, 0.2, 0.2, 0.2]","[0.2, 0.2, 0.2, 0.2]","[0.2, 0.2, 0.2, 0.2]","[3.8552114598933756e-05, 3.998529057611496e-05, 2.4906072765998947e-05, 2.259817517325761e-05]","[0.0017698165668378158, 0.00583038955756947]","[0.003534998695584415, 0.01791844026130568]",1000,"body origin, body frame; no gravity/external torque","[1.673931039563467e-11, 6.81793098613396e-10, 1.9248212663184063e-19]",6.819985585244129e-10,1.5158335768225606e-09,4.871083751574258e-17,5.551115123125783e-17,"[1.0440970010897407e-07, 4.437128781843017e-06, 1.8638355694438307e-07]",4.442268794482811e-06,1.082532642700522e-05,1.1166888701118092e-05,3.826819182795038e-05,"[1.0439467076753554e-07, 4.436495326947648e-06, 1.863835569443845e-07]",4.4416357193732345e-06,1.0823950729052786e-05,1.1166888701114267e-05,3.826819182789487e-05,"[6.573160227896286e-17, 1.1442346878298754e-18, 2.0985762852163531e-19]",6.574189570893781e-17,6.709167474425988e-17,4.871083751574258e-17,5.551115123125783e-17,"[1.6739309536379478e-11, 6.817930986048942e-10, 1.462668697448798e-19]",6.819985584948257e-10,1.5158335746014142e-09,0.0,0.0,
nominal-B_best-existing_integral_020,B_best,nominal,existing_integral_020,existing,integral_020,True,60.0,horizon,tail_18_20,False,True,"[2.0286994733885454e-05, -2.0827381532644214e-06]",2.039362531645022e-05,2.0576758164420934e-05,2.739164655383894e-06,2.5470895859954293e-05,2.3056487946169212e-05,2.3056487946169212e-05,2.3267497552670505e-05,3.126468607180018e-06,2.8874517729038374e-05,3.1060898553013426e-05,-1.6802106192483375e-25,-3.618915179919496e-25,200,18.01,20.0,4.798049972575146e-06,5.477167803846123e-06,7.752594915738862e-05,8.759282768595056e-05,8.408695236852925e-06,8.270088103283863e-07,0.017062982127261137,0.017063328514017036,0.9776368617992185,0.9776567082984108,[0.0],[0.0],0.0,[0.0],[0.0],0.0,[0.0],[0.0],0.0,[0.0],[0.0],0.0,[0.0],[0.0],0.0,[0.0],[0.0],0.0,[0.0],[0.0],0.0,[0.0],[0.0],0.0,"[-0.0015278566168321283, 0.0005825391636807752, -0.0017504895360014455]",0.0016351445559398149,0.0017504895360014455,every physics interval; dwell = interval count * physics_dt,0.002,"[0.0, 0.0, 0.0, 0.0]","[0.0, 0.0, 0.0, 0.0]",0.0,"[0.0, 0.0, 0.0, 0.0]","[0.0, 0.0, 0.0, 0.0]",0.0,"[0.0, 0.0, 0.0, 0.0]","[0.0, 0.0, 0.0, 0.0]",0.0,"[0.0, 0.0, 0.0, 0.0]","[0.0, 0.0, 0.0, 0.0]",0.0,"[0.0, 0.0, 0.0, 0.0]","[0.0, 0.0, 0.0, 0.0]",0.0,"[0.0, 0.0, 0.0, 0.0]","[0.0, 0.0, 0.0, 0.0]",0.0,"[0.0, 0.0, 0.0, 0.0]","[0.0, 0.0, 0.0, 0.0]",0.0,"[0.0, 0.0, 0.0, 0.0]","[0.0, 0.0, 0.0, 0.0]",0.0,"[0.10639925388005318, 0.10639925624423537, 0.10639925388311207, 0.10639925562773493]","[0.09360070269753086, 0.09360070088838528, 0.09360070595556709, 0.09360070487700718]","[0.545379178522442, 0.5453791850036743, 0.5453791785308274, 0.5453791833135829]","[0.45462070243822716, 0.4546206974785877, 0.4546207113698896, 0.4546207084130993]","[0.09360071512394191, 0.09360071630674838, 0.09360071697853037, 0.093600716202454]","[0.2, 0.2, 0.2, 0.2]","[0.2, 0.2, 0.2, 0.2]","[0.2, 0.2, 0.2, 0.2]","[0.2, 0.2, 0.2, 0.2]","[8.322644163039066e-09, 8.085650132364412e-09, 6.744479444591643e-09, 6.724919584592696e-09]","[1.9522432255239036e-06, 6.2608663240847455e-06]","[3.1164958998382426e-06, 7.962614831848197e-06]",1000,"body origin, body frame; no gravity/external torque","[6.432437021331659e-14, 1.241216732359445e-13, 2.1509091635373433e-19]",1.3979919302441138e-13,3.269011496886661e-13,5.042050700450315e-17,5.551115123125783e-17,"[4.1297366492968863e-10, 8.08116917593716e-10, 4.319673414514043e-11]",9.08551681671127e-10,2.342792515078386e-09,1.3778088530118675e-08,3.6499611333340454e-08,"[4.1291411121894047e-10, 8.080011861544158e-10, 4.319673414224274e-11]",9.084216740650931e-10,2.3424755399571172e-09,1.3778088533227047e-08,3.64996112778293e-08,"[6.569136906733359e-17, 1.208227119237397e-18, 2.2082924233346577e-19]",6.570285038159728e-17,6.698192844266775e-17,5.042050700450315e-17,5.551115123125783e-17,"[6.432502553920479e-14, 1.2412166920494993e-13, 1.3366942108238058e-19]",1.3979949097496806e-13,3.269090729343616e-13,0.0,0.0,
nominal-B_best-existing_integral_020,B_best,nominal,existing_integral_020,existing,integral_020,True,60.0,horizon,pre_second_28_30,False,True,"[2.0185553731834058e-06, 1.5496351868911163e-07]",2.0244948719945204e-06,2.0423443966942918e-06,2.694274447350526e-07,2.5223278769168266e-06,2.210524252589385e-06,2.210524252589385e-06,2.2306310314116422e-06,2.988265835074003e-07,2.7648933760282546e-06,3.024381826589549e-06,1.994240368398718e-27,8.456588903969247e-28,200,28.01,30.0,4.719824735307188e-07,5.219542600689141e-07,7.699009122497302e-06,8.40062058748843e-06,2.091309789151873e-06,6.426943845961272e-07,0.017061717177214764,0.0170617502721279,0.9775643855002665,0.9775662816991125,[0.0],[0.0],0.0,[0.0],[0.0],0.0,[0.0],[0.0],0.0,[0.0],[0.0],0.0,[0.0],[0.0],0.0,[0.0],[0.0],0.0,[0.0],[0.0],0.0,[0.0],[0.0],0.0,"[-0.001540356547855165, 0.000582836302520772, -0.0017644371646066087]",0.0016469354723413925,0.0017644371646066087,every physics interval; dwell = interval count * physics_dt,0.002,"[0.0, 0.0, 0.0, 0.0]","[0.0, 0.0, 0.0, 0.0]",0.0,"[0.0, 0.0, 0.0, 0.0]","[0.0, 0.0, 0.0, 0.0]",0.0,"[0.0, 0.0, 0.0, 0.0]","[0.0, 0.0, 0.0, 0.0]",0.0,"[0.0, 0.0, 0.0, 0.0]","[0.0, 0.0, 0.0, 0.0]",0.0,"[0.0, 0.0, 0.0, 0.0]","[0.0, 0.0, 0.0, 0.0]",0.0,"[0.0, 0.0, 0.0, 0.0]","[0.0, 0.0, 0.0, 0.0]",0.0,"[0.0, 0.0, 0.0, 0.0]","[0.0, 0.0, 0.0, 0.0]",0.0,"[0.0, 0.0, 0.0, 0.0]","[0.0, 0.0, 0.0, 0.0]",0.0,"[0.10639924801166423, 0.10639923837639385, 0.10639924342711504, 0.10639924096511348]","[0.09360072378289006, 0.09360071587078903, 0.09360072044774427, 0.09360071717224486]","[0.5453791624346883, 0.5453791360203067, 0.5453791498664855, 0.5453791431170921]","[0.45462076024217024, 0.45462073855173557, 0.45462075109911726, 0.4546207421195799]","[0.09360073380217132, 0.09360073013471981, 0.09360073090255691, 0.09360073124589105]","[0.2, 0.2, 0.2, 0.2]","[0.2, 0.2, 0.2, 0.2]","[0.2, 0.2, 0.2, 0.2]","[0.2, 0.2, 0.2, 0.2]","[5.155697188942745e-09, 9.465985450493765e-09, 5.92213235404802e-09, 8.270180782636687e-09]","[7.126748307755042e-07, 7.910312412470097e-07]","[1.400101299309562e-06, 1.5939875641697506e-06]",1000,"body origin, body frame; no gravity/external torque","[9.041163992005844e-14, 1.0538370334343512e-13, 2.0344349962822107e-19]",1.3885240208024083e-13,2.756026470228052e-13,4.7428748402675475e-17,5.551115123125783e-17,"[5.820795699172593e-10, 6.754297310846327e-10, 3.9723035704180484e-11]",8.925244349112668e-10,1.788163410814004e-09,1.4072796400727521e-08,3.957274091748175e-08,"[5.819957586687081e-10, 6.753319925236745e-10, 3.972303570421371e-11]",8.923958106131603e-10,1.787889913613982e-09,1.4072796399584917e-08,3.95727408619706e-08,"[6.569615444546133e-17, 1.2040830478958299e-18, 2.22145818941539e-19]",6.570756329124537e-17,6.683438417887274e-17,4.7428748402675475e-17,5.551115123125783e-17,"[9.041152904407182e-14, 1.0538372142879452e-13, 1.486583122313011e-19]",1.388523436110853e-13,2.756367527743275e-13,0.0,0.0,
nominal-B_best-existing_integral_020,B_best,nominal,existing_integral_020,existing,integral_020,True,60.0,horizon,tail_58_60,False,True,"[2.4922112271660642e-09, 1.0512387071099656e-09]",2.7048511271674107e-09,3.451875920542183e-09,2.144581019845166e-09,5.150166033095569e-09,2.3209898514231496e-09,2.3209898514231496e-09,3.032222667004052e-09,1.9512509863889723e-09,6.646287520339911e-09,4.5945425967240866e-09,-7.703719777548943e-34,-2.5422275265911513e-32,200,58.01,60.0,1.3232746934807359e-08,1.0865208688487684e-08,1.8761070361836743e-08,1.3494781861864857e-08,1.2074182697257333e-06,8.283312401022991e-07,0.017061572132507617,0.017061573826331708,0.9775560750507062,0.9775561720996778,[0.0],[0.0],0.0,[0.0],[0.0],0.0,[0.0],[0.0],0.0,[0.0],[0.0],0.0,[0.0],[0.0],0.0,[0.0],[0.0],0.0,[0.0],[0.0],0.0,[0.0],[0.0],0.0,"[-0.0015417336739428557, 0.0005826210614345499, -0.0017659343046257216]",0.0016481474517155488,0.0017659343046257216,every physics interval; dwell = interval count * physics_dt,0.002,"[0.0, 0.0, 0.0, 0.0]","[0.0, 0.0, 0.0, 0.0]",0.0,"[0.0, 0.0, 0.0, 0.0]","[0.0, 0.0, 0.0, 0.0]",0.0,"[0.0, 0.0, 0.0, 0.0]","[0.0, 0.0, 0.0, 0.0]",0.0,"[0.0, 0.0, 0.0, 0.0]","[0.0, 0.0, 0.0, 0.0]",0.0,"[0.0, 0.0, 0.0, 0.0]","[0.0, 0.0, 0.0, 0.0]",0.0,"[0.0, 0.0, 0.0, 0.0]","[0.0, 0.0, 0.0, 0.0]",0.0,"[0.0, 0.0, 0.0, 0.0]","[0.0, 0.0, 0.0, 0.0]",0.0,"[0.0, 0.0, 0.0, 0.0]","[0.0, 0.0, 0.0, 0.0]",0.0,"[0.10639923026270043, 0.1063992323290028, 0.10639923730244871, 0.10639923731162851]","[0.0936007140080601, 0.09360071392959406, 0.09360071750786764, 0.0936007209306882]","[0.5453791137772174, 0.5453791194418315, 0.5453791330761681, 0.545379133101334]","[0.45462073344520026, 0.4546207332300928, 0.45462074303966205, 0.45462075242307043]","[0.09360072906060374, 0.09360072984967581, 0.09360073093523998, 0.0936007324252226]","[0.2, 0.2, 0.2, 0.2]","[0.2, 0.2, 0.2, 0.2]","[0.2, 0.2, 0.2, 0.2]","[0.2, 0.2, 0.2, 0.2]","[1.3645201497829781e-08, 1.4748165716772845e-08, 1.1791712235245605e-08, 8.41127685086016e-09]","[4.2560410982252127e-07, 5.897113410072e-07]","[6.972466081632004e-07, 1.0651669227622247e-06]",1000,"body origin, body frame; no gravity/external torque","[2.7538239591819544e-14, 2.5207724589333215e-13, 2.087587449480387e-19]",2.53576995283538e-13,4.112552535086816e-13,4.965068306494546e-17,5.551115123125783e-17,"[1.8165385651403308e-10, 1.6266935877317084e-09, 5.8026612602944945e-11]",1.6378330927551953e-09,2.8191059746519916e-09,1.4690388163217923e-08,4.5856071051453284e-08,"[1.8162768143320138e-10, 1.626458217754206e-09, 5.8026612600246114e-11]",1.6375964205300546e-09,2.8187266902711173e-09,1.4690388161834951e-08,4.585607099594213e-08,"[6.575781319960034e-17, 1.1567731308583828e-18, 2.2757800196670703e-19]",6.576838079667766e-17,6.710377439255262e-17,4.965068306494546e-17,5.551115123125783e-17,"[2.753888339891565e-14, 2.520772652664143e-13, 1.6514075493068653e-19]",2.535770844596976e-13,4.112635186550178e-13,0.0,0.0,
nominal-B_best-existing_integral_020,B_best,nominal,existing_integral_020,existing,integral_020,True,60.0,horizon,full_0_60,True,False,,,,,,,,,,,,,,,,,,,,,,,,,,,,,,,,,,,,,,,,,,,,,,,,,,,,,,,,,,,,,,,,,,,,,,,,,,,,,,,,,,,,,,,,,,,,,,,,,,,,,,,,,,,,,,,,,,,,,,,
nominal-B_best-existing_integral_020,B_best,nominal,existing_integral_020,existing,integral_020,True,60.0,horizon,pre_3_5,True,False,,,,,,,,,,,,,,,,,,,,,,,,,,,,,,,,,,,,,,,,,,,,,,,,,,,,,,,,,,,,,,,,,,,,,,,,,,,,,,,,,,,,,,,,,,,,,,,,,,,,,,,,,,,,,,,,,,,,,,,
nominal-B_best-existing_integral_020,B_best,nominal,existing_integral_020,existing,integral_020,True,60.0,horizon,tail_18_20,True,False,,,,,,,,,,,,,,,,,,,,,,,,,,,,,,,,,,,,,,,,,,,,,,,,,,,,,,,,,,,,,,,,,,,,,,,,,,,,,,,,,,,,,,,,,,,,,,,,,,,,,,,,,,,,,,,,,,,,,,,
nominal-B_best-existing_integral_020,B_best,nominal,existing_integral_020,existing,integral_020,True,60.0,horizon,pre_second_28_30,True,False,,,,,,,,,,,,,,,,,,,,,,,,,,,,,,,,,,,,,,,,,,,,,,,,,,,,,,,,,,,,,,,,,,,,,,,,,,,,,,,,,,,,,,,,,,,,,,,,,,,,,,,,,,,,,,,,,,,,,,,
nominal-B_best-existing_integral_020,B_best,nominal,existing_integral_020,existing,integral_020,True,60.0,horizon,tail_58_60,True,False,,,,,,,,,,,,,,,,,,,,,,,,,,,,,,,,,,,,,,,,,,,,,,,,,,,,,,,,,,,,,,,,,,,,,,,,,,,,,,,,,,,,,,,,,,,,,,,,,,,,,,,,,,,,,,,,,,,,,,,
nominal-B_best-oracle_no_integral,B_best,nominal,oracle_no_integral,oracle,no_integral,True,60.0,horizon,full_0_60,False,True,"[0.001548737482758872, -0.0005802275101488005]",0.0016538596536694896,0.0016594613340356447,0.00013623569695050017,0.0024118694916394987,0.0017665141383779155,0.0017665141383779155,0.0017689169878884023,9.21689153191941e-05,0.0021601197501028846,0.0024254647449920893,9.615147440316394e-21,-8.41738991333961e-21,6000,0.01,60.0,0.0005063802624190278,0.00040719128403568207,0.006670873692624174,0.0071021200056549,0.1777158238172187,0.05286760541324108,0.016865441149934157,0.017062474305331615,0.966318597517493,0.9776077657459127,[0.0],[0.0],0.0,[0.0],[0.0],0.0,[0.0],[0.0],0.0,[0.0],[0.0],0.0,[0.0],[0.0],0.0,[0.0],[0.0],0.0,[0.0],[0.0],0.0,[0.0],[0.0],0.0,"[0.0, 0.0, 0.0]",0.0,0.0,every physics interval; dwell = interval count * physics_dt,0.002,"[0.0, 0.0, 0.0, 0.0]","[0.0, 0.0, 0.0, 0.0]",0.0,"[0.0, 0.0, 0.0, 0.0]","[0.0, 0.0, 0.0, 0.0]",0.0,"[0.0, 0.0, 0.0, 0.0]","[0.0, 0.0, 0.0, 0.0]",0.0,"[0.0, 0.0, 0.0, 0.0]","[0.0, 0.0, 0.0, 0.0]",0.0,"[0.0, 0.0, 0.0, 0.0]","[0.0, 0.0, 0.0, 0.0]",0.0,"[0.0, 0.0, 0.0, 0.0]","[0.0, 0.0, 0.0, 0.0]",0.0,"[0.0, 0.0, 0.0, 0.0]","[0.0, 0.0, 0.0, 0.0]",0.0,"[0.0, 0.0, 0.0, 0.0]","[0.0, 0.0, 0.0, 0.0]",0.0,"[0.10348083943231043, 0.10521752633029427, 0.10362834240000592, 0.10542740116590521]","[0.08915205527603103, 0.09174335442457095, 0.088101977811932, 0.0926829054676796]","[0.5373453793343408, 0.5421341780778369, 0.5377530448749994, 0.5427112810321129]","[0.4424987441414293, 0.44954196790985734, 0.4396582093426138, 0.45210783399302035]","[0.09144909078433726, 0.09280424558739014, 0.091141694383681, 0.09295633442948528]","[0.2, 0.2, 0.2, 0.2]","[0.2, 0.2, 0.2, 0.2]","[0.2, 0.2, 0.2, 0.2]","[0.2, 0.2, 0.2, 0.2]","[0.00012145640018485999, 5.7123357883777614e-05, 0.00012867018750525029, 3.897948700701306e-05]","[0.001534405263440337, 0.01638457942929025]","[0.019837293898853428, 0.17750240107385018]",30000,"body origin, body frame; no gravity/external torque","[4.203854840395697e-11, 7.820128882491436e-10, 2.0709668259807962e-19]",7.831420030490094e-10,1.0352488910321238e-08,4.8020621821043197e-17,5.551115123125783e-17,"[2.6320310428866905e-07, 5.02587119759091e-06, 1.1929889549766758e-06]",5.172221941832874e-06,8.164484931866055e-05,0.00028942419506674437,0.01218679097169828,"[2.631650275941745e-07, 5.02514599208833e-06, 1.1929889549766747e-06]",5.171515321474599e-06,8.163592715511555e-05,0.0002894241950667447,0.012186790971698225,"[6.575448881470142e-17, 1.14753062189924e-18, 2.208477372166462e-19]",6.576487207875025e-17,6.87786322796421e-17,4.8020621821043197e-17,5.551115123125783e-17,"[4.2038548382327234e-11, 7.820128882482031e-10, 1.545257537749077e-19]",7.831420030469245e-10,1.0352488907933356e-08,0.0,0.0,
nominal-B_best-oracle_no_integral,B_best,nominal,oracle_no_integral,oracle,no_integral,True,60.0,horizon,pre_3_5,False,True,"[0.001571657565232725, -0.000616266227971255]",0.0016881621859558328,0.0016885393413382317,3.5686708390777085e-05,0.0017554920367798814,0.0017958251958520898,0.0017958251958520898,0.0017959264963176012,1.9074750808805167e-05,0.0018601638476123394,0.0024650592462297054,4.749671077279485e-21,-3.062636217977585e-22,200,3.0100000000000002,5.0,0.00015695520742788064,9.812356344171281e-05,0.006736174184534802,0.00713893715137159,0.017388441791516853,0.005041711337255518,0.017013125265239893,0.017057035809200035,0.9747802740256352,0.9772961628706749,[0.0],[0.0],0.0,[0.0],[0.0],0.0,[0.0],[0.0],0.0,[0.0],[0.0],0.0,[0.0],[0.0],0.0,[0.0],[0.0],0.0,[0.0],[0.0],0.0,[0.0],[0.0],0.0,"[0.0, 0.0, 0.0]",0.0,0.0,every physics interval; dwell = interval count * physics_dt,0.002,"[0.0, 0.0, 0.0, 0.0]","[0.0, 0.0, 0.0, 0.0]",0.0,"[0.0, 0.0, 0.0, 0.0]","[0.0, 0.0, 0.0, 0.0]",0.0,"[0.0, 0.0, 0.0, 0.0]","[0.0, 0.0, 0.0, 0.0]",0.0,"[0.0, 0.0, 0.0, 0.0]","[0.0, 0.0, 0.0, 0.0]",0.0,"[0.0, 0.0, 0.0, 0.0]","[0.0, 0.0, 0.0, 0.0]",0.0,"[0.0, 0.0, 0.0, 0.0]","[0.0, 0.0, 0.0, 0.0]",0.0,"[0.0, 0.0, 0.0, 0.0]","[0.0, 0.0, 0.0, 0.0]",0.0,"[0.0, 0.0, 0.0, 0.0]","[0.0, 0.0, 0.0, 0.0]",0.0,"[0.10630557147847866, 0.10631292978442294, 0.10634869981186316, 0.10634571797056588]","[0.09350523505981109, 0.09350134847260114, 0.09353272700465382, 0.09354107706741456]","[0.5451223215594614, 0.545142498881957, 0.5452405785071363, 0.5452324028220014]","[0.4543590198571825, 0.45434836796160305, 0.45443436980198326, 0.454457256804187]","[0.09356006895564113, 0.09355577022861136, 0.09356685123735829, 0.0935727372208111]","[0.2, 0.2, 0.2, 0.2]","[0.2, 0.2, 0.2, 0.2]","[0.2, 0.2, 0.2, 0.2]","[0.2, 0.2, 0.2, 0.2]","[3.854688573464687e-05, 3.99802406586498e-05, 2.4903590334640572e-05, 2.2594504195182225e-05]","[0.0017354630731043301, 0.005893513364552137]","[0.0035875732614585724, 0.01707679229550319]",1000,"body origin, body frame; no gravity/external torque","[1.673223553179138e-11, 6.817739749404622e-10, 2.1186893674531826e-19]",6.819792669957111e-10,1.517838286361159e-09,4.8234047858538485e-17,5.551115123125783e-17,"[1.0441980018290724e-07, 4.436760144328075e-06, 1.8634558014387324e-07]",4.441899227606078e-06,1.0828058591486577e-05,1.110536649433637e-05,3.829802894944612e-05,"[1.0440477568693937e-07, 4.436126711771887e-06, 1.8634558014388062e-07]",4.4412661747886136e-06,1.082668087062678e-05,1.1105366494332716e-05,3.829802894944612e-05,"[6.571162321525041e-17, 1.1759365544256622e-18, 2.3078867245740244e-19]",6.57225495227813e-17,6.700267694769941e-17,4.8234047858538485e-17,5.551115123125783e-17,"[1.673223488158353e-11, 6.817739748851919e-10, 1.4465061162897554e-19]",6.819792669245053e-10,1.517838285362609e-09,0.0,0.0,
nominal-B_best-oracle_no_integral,B_best,nominal,oracle_no_integral,oracle,no_integral,True,60.0,horizon,tail_18_20,False,True,"[0.0015417341564267553, -0.0005826208846023847]",0.0016481478405373058,0.0016481478405393371,2.5867876504020267e-09,0.0016481498872618545,0.0017659358336614673,0.0017659358336614673,0.0017659358336623032,1.7187823295261996e-09,0.0017659381456827106,0.0024155580458533913,4.7486162464334794e-21,-2.3028751102728955e-21,200,18.01,20.0,1.4677271995608422e-08,1.165113633311125e-08,0.006592590887297741,0.007063743191938627,1.4787793334710982e-06,8.825700328287798e-07,0.017061571546261613,0.017061574054435844,0.9775560414612844,0.9775561851690822,[0.0],[0.0],0.0,[0.0],[0.0],0.0,[0.0],[0.0],0.0,[0.0],[0.0],0.0,[0.0],[0.0],0.0,[0.0],[0.0],0.0,[0.0],[0.0],0.0,[0.0],[0.0],0.0,"[0.0, 0.0, 0.0]",0.0,0.0,every physics interval; dwell = interval count * physics_dt,0.002,"[0.0, 0.0, 0.0, 0.0]","[0.0, 0.0, 0.0, 0.0]",0.0,"[0.0, 0.0, 0.0, 0.0]","[0.0, 0.0, 0.0, 0.0]",0.0,"[0.0, 0.0, 0.0, 0.0]","[0.0, 0.0, 0.0, 0.0]",0.0,"[0.0, 0.0, 0.0, 0.0]","[0.0, 0.0, 0.0, 0.0]",0.0,"[0.0, 0.0, 0.0, 0.0]","[0.0, 0.0, 0.0, 0.0]",0.0,"[0.0, 0.0, 0.0, 0.0]","[0.0, 0.0, 0.0, 0.0]",0.0,"[0.0, 0.0, 0.0, 0.0]","[0.0, 0.0, 0.0, 0.0]",0.0,"[0.0, 0.0, 0.0, 0.0]","[0.0, 0.0, 0.0, 0.0]",0.0,"[0.1063992315652102, 0.1063992293075184, 0.10639923825709195, 0.10639924027972705]","[0.09360071293539454, 0.09360071150072159, 0.09360071395157944, 0.09360071782563902]","[0.5453791173479506, 0.5453791111586546, 0.5453791356932519, 0.5453791412381548]","[0.45462073050456886, 0.4546207265715182, 0.454620733290364, 0.45462074391080964]","[0.09360072770517065, 0.09360072940723792, 0.09360072955570031, 0.09360073200860893]","[0.2, 0.2, 0.2, 0.2]","[0.2, 0.2, 0.2, 0.2]","[0.2, 0.2, 0.2, 0.2]","[0.2, 0.2, 0.2, 0.2]","[1.4731979715291065e-08, 1.4044773407681894e-08, 1.197819448514167e-08, 8.732064183053164e-09]","[5.416811325511781e-07, 6.04508973031872e-07]","[9.516964871894745e-07, 1.0896118264377981e-06]",1000,"body origin, body frame; no gravity/external torque","[3.783393378133739e-14, 2.5864800697983177e-13, 2.1022873227994284e-19]",2.61400455355483e-13,4.1518556678031826e-13,4.839349969133126e-17,5.551115123125783e-17,"[2.467310978643224e-10, 1.6693033935433924e-09, 5.743533880762651e-11]",1.6884160839357e-09,2.979697648893178e-09,1.2852936352124625e-08,4.429033861885756e-08,"[2.4669550119560737e-10, 1.6690618873824217e-09, 5.7435338795284465e-11]",1.6881721098173764e-09,2.979293305895807e-09,1.2852936355378303e-08,4.429033861885756e-08,"[6.575298350869905e-17, 1.1106525598861088e-18, 2.162962974605957e-19]",6.57627187203537e-17,6.68575060007377e-17,4.839349969133126e-17,5.551115123125783e-17,"[3.783363924496918e-14, 2.5864799285788244e-13, 1.6081317022585659e-19]",2.6140039875248007e-13,4.151926621703606e-13,0.0,0.0,
nominal-B_best-oracle_no_integral,B_best,nominal,oracle_no_integral,oracle,no_integral,True,60.0,horizon,pre_second_28_30,False,True,"[0.0015417342612946546, -0.0005826203627236166]",0.0016481477541500861,0.001648147754152686,2.9277418907796136e-09,0.0016481491114973426,0.0017659363687368035,0.0017659363687368035,0.0017659363687374254,1.4813086929693353e-09,0.0017659395082376683,0.002415558378087366,-1.816735180402191e-21,2.0809883638800665e-21,200,28.01,30.0,1.8931824107080768e-08,9.731470806670382e-09,0.006592590384147494,0.007063747140664344,1.4787793334710982e-06,7.046910117288089e-07,0.01706157080063185,0.01706157343336575,0.977555998739846,0.977556149584387,[0.0],[0.0],0.0,[0.0],[0.0],0.0,[0.0],[0.0],0.0,[0.0],[0.0],0.0,[0.0],[0.0],0.0,[0.0],[0.0],0.0,[0.0],[0.0],0.0,[0.0],[0.0],0.0,"[0.0, 0.0, 0.0]",0.0,0.0,every physics interval; dwell = interval count * physics_dt,0.002,"[0.0, 0.0, 0.0, 0.0]","[0.0, 0.0, 0.0, 0.0]",0.0,"[0.0, 0.0, 0.0, 0.0]","[0.0, 0.0, 0.0, 0.0]",0.0,"[0.0, 0.0, 0.0, 0.0]","[0.0, 0.0, 0.0, 0.0]",0.0,"[0.0, 0.0, 0.0, 0.0]","[0.0, 0.0, 0.0, 0.0]",0.0,"[0.0, 0.0, 0.0, 0.0]","[0.0, 0.0, 0.0, 0.0]",0.0,"[0.0, 0.0, 0.0, 0.0]","[0.0, 0.0, 0.0, 0.0]",0.0,"[0.0, 0.0, 0.0, 0.0]","[0.0, 0.0, 0.0, 0.0]",0.0,"[0.0, 0.0, 0.0, 0.0]","[0.0, 0.0, 0.0, 0.0]",0.0,"[0.10639923056695358, 0.10639923269126161, 0.10639924028134282, 0.10639923973591106]","[0.09360071346424413, 0.09360071679721038, 0.09360071809886378, 0.09360071948479463]","[0.5453791146113062, 0.5453791204349379, 0.5453791412425847, 0.5453791397473254]","[0.454620731954371, 0.4546207410914501, 0.4546207446598346, 0.45462074845926237]","[0.0936007292955569, 0.09360073060498983, 0.09360073078478347, 0.09360073232692773]","[0.2, 0.2, 0.2, 0.2]","[0.2, 0.2, 0.2, 0.2]","[0.2, 0.2, 0.2, 0.2]","[0.2, 0.2, 0.2, 0.2]","[1.1818010038496668e-08, 1.1542706277466823e-08, 1.0394224433748558e-08, 8.16000938696682e-09]","[6.544440680646354e-07, 4.852078265263029e-07]","[1.2877978030487308e-06, 9.837630210351174e-07]",1000,"body origin, body frame; no gravity/external torque","[3.969299053418945e-14, 2.1127714486096746e-13, 1.953000116319891e-19]",2.1497340635108243e-13,3.5274878852055654e-13,4.7266042096723027e-17,5.551115123125783e-17,"[2.587962471418166e-10, 1.3668777469943212e-09, 4.096319305817186e-11]",1.3917644398203596e-09,2.5130134481585682e-09,1.395303653687945e-08,4.4680188104884166e-08,"[2.587589043895141e-10, 1.366680013157139e-09, 4.09631930419724e-11]",1.391563297930875e-09,2.5126796710691483e-09,1.3953036536596566e-08,4.4680188104884166e-08,"[6.576672980929226e-17, 1.1039194734440654e-18, 2.0288115759545641e-19]",6.577630689523709e-17,6.708691673987664e-17,4.7266042096723027e-17,5.551115123125783e-17,"[3.9693416001824045e-14, 2.1127714850238153e-13, 1.3799640750150366e-19]",2.1497348848918615e-13,3.5275222579283713e-13,0.0,0.0,
nominal-B_best-oracle_no_integral,B_best,nominal,oracle_no_integral,oracle,no_integral,True,60.0,horizon,tail_58_60,False,True,"[0.0015417339469079654, -0.0005826228462329459]",0.0016481483379844764,0.0016481483379865193,2.5955038898424892e-09,0.0016481489950906328,0.0017659352567087748,0.0017659352567087748,0.001765935256708925,7.289922691272491e-10,0.00176593662533997,0.0024155579634724854,-2.728511515803767e-21,-1.6106199397308412e-21,200,58.01,60.0,1.705693129458282e-08,5.524966428097941e-09,0.0065925936242150086,0.007063741439923768,1.7075472925031877e-06,1.049353480466477e-06,0.017061571721031215,0.017061574820768158,0.977556051474845,0.9775562290766894,[0.0],[0.0],0.0,[0.0],[0.0],0.0,[0.0],[0.0],0.0,[0.0],[0.0],0.0,[0.0],[0.0],0.0,[0.0],[0.0],0.0,[0.0],[0.0],0.0,[0.0],[0.0],0.0,"[0.0, 0.0, 0.0]",0.0,0.0,every physics interval; dwell = interval count * physics_dt,0.002,"[0.0, 0.0, 0.0, 0.0]","[0.0, 0.0, 0.0, 0.0]",0.0,"[0.0, 0.0, 0.0, 0.0]","[0.0, 0.0, 0.0, 0.0]",0.0,"[0.0, 0.0, 0.0, 0.0]","[0.0, 0.0, 0.0, 0.0]",0.0,"[0.0, 0.0, 0.0, 0.0]","[0.0, 0.0, 0.0, 0.0]",0.0,"[0.0, 0.0, 0.0, 0.0]","[0.0, 0.0, 0.0, 0.0]",0.0,"[0.0, 0.0, 0.0, 0.0]","[0.0, 0.0, 0.0, 0.0]",0.0,"[0.0, 0.0, 0.0, 0.0]","[0.0, 0.0, 0.0, 0.0]",0.0,"[0.0, 0.0, 0.0, 0.0]","[0.0, 0.0, 0.0, 0.0]",0.0,"[0.10639922624817728, 0.1063992290110867, 0.10639923426319674, 0.10639923814558667]","[0.09360070678111804, 0.0936007069850865, 0.09360071296675726, 0.09360071992492676]","[0.5453791027716998, 0.5453791103460116, 0.5453791247442824, 0.5453791353875675]","[0.45462071363307743, 0.45462071419223926, 0.45462073059054553, 0.4546207496658501]","[0.09360072776420772, 0.09360072809457118, 0.09360072906091232, 0.09360073284769609]","[0.2, 0.2, 0.2, 0.2]","[0.2, 0.2, 0.2, 0.2]","[0.2, 0.2, 0.2, 0.2]","[0.2, 0.2, 0.2, 0.2]","[1.836277922913405e-08, 1.757500907166603e-08, 1.427272390069321e-08, 1.0499611233030056e-08]","[5.281354707082033e-07, 7.89467376555656e-07]","[1.020133383377843e-06, 1.470224583050022e-06]",1000,"body origin, body frame; no gravity/external torque","[3.915977419873162e-14, 3.213484295934576e-13, 2.0414581576437457e-19]",3.2372565718138305e-13,4.98874496780179e-13,4.8074067159589095e-17,5.551115123125783e-17,"[2.5531489951747466e-10, 2.0813974592583665e-09, 7.449823421964313e-11]",2.0983210117197623e-09,3.53604648093965e-09,1.2876736640259781e-08,4.069717690624586e-08,"[2.552780961978002e-10, 2.081098008327908e-09, 7.449823423231735e-11]",2.0980194978999816e-09,3.5355609672513732e-09,1.2876736637896592e-08,4.0697176850734706e-08,"[6.578204427618496e-17, 1.1539595227682183e-18, 2.168816474931043e-19]",6.579252244277588e-17,6.691766913747446e-17,4.8074067159589095e-17,5.551115123125783e-17,"[3.915980413831706e-14, 3.213483579646685e-13, 1.4786546224624109e-19]",3.2372558970023056e-13,4.988860212784286e-13,0.0,0.0,
nominal-B_best-oracle_no_integral,B_best,nominal,oracle_no_integral,oracle,no_integral,True,60.0,horizon,full_0_60,True,False,,,,,,,,,,,,,,,,,,,,,,,,,,,,,,,,,,,,,,,,,,,,,,,,,,,,,,,,,,,,,,,,,,,,,,,,,,,,,,,,,,,,,,,,,,,,,,,,,,,,,,,,,,,,,,,,,,,,,,,
nominal-B_best-oracle_no_integral,B_best,nominal,oracle_no_integral,oracle,no_integral,True,60.0,horizon,pre_3_5,True,False,,,,,,,,,,,,,,,,,,,,,,,,,,,,,,,,,,,,,,,,,,,,,,,,,,,,,,,,,,,,,,,,,,,,,,,,,,,,,,,,,,,,,,,,,,,,,,,,,,,,,,,,,,,,,,,,,,,,,,,
nominal-B_best-oracle_no_integral,B_best,nominal,oracle_no_integral,oracle,no_integral,True,60.0,horizon,tail_18_20,True,False,,,,,,,,,,,,,,,,,,,,,,,,,,,,,,,,,,,,,,,,,,,,,,,,,,,,,,,,,,,,,,,,,,,,,,,,,,,,,,,,,,,,,,,,,,,,,,,,,,,,,,,,,,,,,,,,,,,,,,,
nominal-B_best-oracle_no_integral,B_best,nominal,oracle_no_integral,oracle,no_integral,True,60.0,horizon,pre_second_28_30,True,False,,,,,,,,,,,,,,,,,,,,,,,,,,,,,,,,,,,,,,,,,,,,,,,,,,,,,,,,,,,,,,,,,,,,,,,,,,,,,,,,,,,,,,,,,,,,,,,,,,,,,,,,,,,,,,,,,,,,,,,
nominal-B_best-oracle_no_integral,B_best,nominal,oracle_no_integral,oracle,no_integral,True,60.0,horizon,tail_58_60,True,False,,,,,,,,,,,,,,,,,,,,,,,,,,,,,,,,,,,,,,,,,,,,,,,,,,,,,,,,,,,,,,,,,,,,,,,,,,,,,,,,,,,,,,,,,,,,,,,,,,,,,,,,,,,,,,,,,,,,,,,
nominal-B_best-oracle_integral_020,B_best,nominal,oracle_integral_020,oracle,integral_020,True,60.0,horizon,full_0_60,False,True,"[0.00012847780658415412, -4.8551754541503676e-05]",0.00013734562116694417,0.0003951419888289259,0.00037050421277219674,0.002393899750672729,0.0001471611923108721,0.0001471611923108721,0.0003938226306454616,0.00036529419361133297,0.002029363990850852,0.000557883012596898,5.293955920339377e-23,1.3234889800848443e-22,6000,0.01,60.0,0.0005175351236270427,0.0004123564280134937,0.0016637849629796988,0.001628783789723079,0.1812389158792786,0.052867461551701744,0.01687187942924498,0.01709763849054281,0.9666874837493296,0.9796225251485304,[0.0],[0.0],0.0,[0.0],[0.0],0.0,[0.0],[0.0],0.0,[0.0],[0.0],0.0,[0.0],[0.0],0.0,[0.0],[0.0],0.0,[0.0],[0.0],0.0,[0.0],[0.0],0.0,"[-0.0015417336739428557, 0.0005826210614345499, -0.0017659343046257216]",0.0016481474517155488,0.0017659343046257216,every physics interval; dwell = interval count * physics_dt,0.002,"[0.0, 0.0, 0.0, 0.0]","[0.0, 0.0, 0.0, 0.0]",0.0,"[0.0, 0.0, 0.0, 0.0]","[0.0, 0.0, 0.0, 0.0]",0.0,"[0.0, 0.0, 0.0, 0.0]","[0.0, 0.0, 0.0, 0.0]",0.0,"[0.0, 0.0, 0.0, 0.0]","[0.0, 0.0, 0.0, 0.0]",0.0,"[0.0, 0.0, 0.0, 0.0]","[0.0, 0.0, 0.0, 0.0]",0.0,"[0.0, 0.0, 0.0, 0.0]","[0.0, 0.0, 0.0, 0.0]",0.0,"[0.0, 0.0, 0.0, 0.0]","[0.0, 0.0, 0.0, 0.0]",0.0,"[0.0, 0.0, 0.0, 0.0]","[0.0, 0.0, 0.0, 0.0]",0.0,"[0.10347928163955844, 0.10521204115912824, 0.10362711413781722, 0.10542433496120347]","[0.08915205527603103, 0.09174335442457095, 0.088101977811932, 0.09268294596587315]","[0.5373410730029292, 0.5421190906243922, 0.5377496509547468, 0.5427028522146662]","[0.4424987441414293, 0.44954196790985734, 0.4396582093426138, 0.45210794473382365]","[0.09144910018150434, 0.09280424872571011, 0.09114169705473232, 0.09295639166281694]","[0.2, 0.2, 0.2, 0.2]","[0.2, 0.2, 0.2, 0.2]","[0.2, 0.2, 0.2, 0.2]","[0.2, 0.2, 0.2, 0.2]","[0.00012145750125551644, 5.714459497056738e-05, 0.00012867140221949655, 3.9008839356819776e-05]","[0.0015478438559360756, 0.016525828918175486]","[0.019842260139695537, 0.1810465238484436]",30000,"body origin, body frame; no gravity/external torque","[4.20294778003171e-11, 7.82022079897698e-10, 2.0426427592889221e-19]",7.831506945994961e-10,1.0352488910321238e-08,4.8159456333732996e-17,5.551115123125783e-17,"[2.631524279819479e-07, 5.025899965547367e-06, 1.192992704591717e-06]",5.1722481821013465e-06,8.164484931866055e-05,0.00028945998837991876,0.01218679097169828,"[2.6311435858329956e-07, 5.0251747558855846e-06, 1.192992704591715e-06]",5.171541557997141e-06,8.163592715511555e-05,0.00028945998837991854,0.012186790971698225,"[6.573332093851921e-17, 1.1725021928972439e-18, 2.2045234078495e-19]",6.574414682870046e-17,6.87786322796421e-17,4.8159456333732996e-17,5.551115123125783e-17,"[4.202947778439287e-11, 7.820220799019453e-10, 1.5608997270178274e-19]",7.831506946028789e-10,1.0352488907933356e-08,0.0,0.0,
nominal-B_best-oracle_integral_020,B_best,nominal,oracle_integral_020,oracle,integral_020,True,60.0,horizon,pre_3_5,False,True,"[0.0006866881972148647, -0.00036676843235183354]",0.000778498402801202,0.0007919077398131217,0.00014511411100201114,0.0010142144243679996,0.0008663949326117804,0.0008663949326117804,0.0008773455659079625,0.0001381848861597793,0.0011597133445755414,0.0011818854049332743,4.036641389258775e-22,3.771943593241806e-22,200,3.0100000000000002,5.0,0.0002698364000835494,0.00027740318714123156,0.0029485618457491445,0.0032457733017818157,0.018171485402901935,0.004964111092989242,0.017064538090609017,0.01709763849054281,0.977726011932129,0.9796225251485304,[0.0],[0.0],0.0,[0.0],[0.0],0.0,[0.0],[0.0],0.0,[0.0],[0.0],0.0,[0.0],[0.0],0.0,[0.0],[0.0],0.0,[0.0],[0.0],0.0,[0.0],[0.0],0.0,"[-0.0011037807977765754, 0.00043433179351162917, -0.001229508993651663]",0.0011861602574674813,0.001229508993651663,every physics interval; dwell = interval count * physics_dt,0.002,"[0.0, 0.0, 0.0, 0.0]","[0.0, 0.0, 0.0, 0.0]",0.0,"[0.0, 0.0, 0.0, 0.0]","[0.0, 0.0, 0.0, 0.0]",0.0,"[0.0, 0.0, 0.0, 0.0]","[0.0, 0.0, 0.0, 0.0]",0.0,"[0.0, 0.0, 0.0, 0.0]","[0.0, 0.0, 0.0, 0.0]",0.0,"[0.0, 0.0, 0.0, 0.0]","[0.0, 0.0, 0.0, 0.0]",0.0,"[0.0, 0.0, 0.0, 0.0]","[0.0, 0.0, 0.0, 0.0]",0.0,"[0.0, 0.0, 0.0, 0.0]","[0.0, 0.0, 0.0, 0.0]",0.0,"[0.0, 0.0, 0.0, 0.0]","[0.0, 0.0, 0.0, 0.0]",0.0,"[0.10630552079948982, 0.10631289340310332, 0.10634887668868354, 0.10634582575460397]","[0.09350515341392258, 0.09350107891112099, 0.09353251928761498, 0.09354031156832646]","[0.5451221825903968, 0.5451423991212109, 0.5452410634701751, 0.5452326983480899]","[0.45435879609066443, 0.4543476291838656, 0.4544338004693005, 0.45445515859665564]","[0.09355961271017799, 0.09355507805279742, 0.09356614657406834, 0.093572065760144]","[0.2, 0.2, 0.2, 0.2]","[0.2, 0.2, 0.2, 0.2]","[0.2, 0.2, 0.2, 0.2]","[0.2, 0.2, 0.2, 0.2]","[3.8552114598933756e-05, 3.998529057611496e-05, 2.4906072765998947e-05, 2.259817517325761e-05]","[0.0017698165668378158, 0.00583038955756947]","[0.003534998695584415, 0.01791844026130568]",1000,"body origin, body frame; no gravity/external torque","[1.673931039563467e-11, 6.81793098613396e-10, 1.9248212663184063e-19]",6.819985585244129e-10,1.5158335768225606e-09,4.871083751574258e-17,5.551115123125783e-17,"[1.0440970010897407e-07, 4.437128781843017e-06, 1.8638355694438307e-07]",4.442268794482811e-06,1.082532642700522e-05,1.1166888701118092e-05,3.826819182795038e-05,"[1.0439467076753554e-07, 4.436495326947648e-06, 1.863835569443845e-07]",4.4416357193732345e-06,1.0823950729052786e-05,1.1166888701114267e-05,3.826819182789487e-05,"[6.573160227896286e-17, 1.1442346878298754e-18, 2.0985762852163531e-19]",6.574189570893781e-17,6.709167474425988e-17,4.871083751574258e-17,5.551115123125783e-17,"[1.6739309536379478e-11, 6.817930986048942e-10, 1.462668697448798e-19]",6.819985584948257e-10,1.5158335746014142e-09,0.0,0.0,
nominal-B_best-oracle_integral_020,B_best,nominal,oracle_integral_020,oracle,integral_020,True,60.0,horizon,tail_18_20,False,True,"[2.0286994733885454e-05, -2.0827381532644214e-06]",2.039362531645022e-05,2.0576758164420934e-05,2.739164655383894e-06,2.5470895859954293e-05,2.3056487946169212e-05,2.3056487946169212e-05,2.3267497552670505e-05,3.126468607180018e-06,2.8874517729038374e-05,3.1060898553013426e-05,-1.6802106192483375e-25,-3.618915179919496e-25,200,18.01,20.0,4.798049972575146e-06,5.477167803846123e-06,7.752594915738862e-05,8.759282768595056e-05,8.408695236852925e-06,8.270088103283863e-07,0.017062982127261137,0.017063328514017036,0.9776368617992185,0.9776567082984108,[0.0],[0.0],0.0,[0.0],[0.0],0.0,[0.0],[0.0],0.0,[0.0],[0.0],0.0,[0.0],[0.0],0.0,[0.0],[0.0],0.0,[0.0],[0.0],0.0,[0.0],[0.0],0.0,"[-0.0015278566168321283, 0.0005825391636807752, -0.0017504895360014455]",0.0016351445559398149,0.0017504895360014455,every physics interval; dwell = interval count * physics_dt,0.002,"[0.0, 0.0, 0.0, 0.0]","[0.0, 0.0, 0.0, 0.0]",0.0,"[0.0, 0.0, 0.0, 0.0]","[0.0, 0.0, 0.0, 0.0]",0.0,"[0.0, 0.0, 0.0, 0.0]","[0.0, 0.0, 0.0, 0.0]",0.0,"[0.0, 0.0, 0.0, 0.0]","[0.0, 0.0, 0.0, 0.0]",0.0,"[0.0, 0.0, 0.0, 0.0]","[0.0, 0.0, 0.0, 0.0]",0.0,"[0.0, 0.0, 0.0, 0.0]","[0.0, 0.0, 0.0, 0.0]",0.0,"[0.0, 0.0, 0.0, 0.0]","[0.0, 0.0, 0.0, 0.0]",0.0,"[0.0, 0.0, 0.0, 0.0]","[0.0, 0.0, 0.0, 0.0]",0.0,"[0.10639925388005318, 0.10639925624423537, 0.10639925388311207, 0.10639925562773493]","[0.09360070269753086, 0.09360070088838528, 0.09360070595556709, 0.09360070487700718]","[0.545379178522442, 0.5453791850036743, 0.5453791785308274, 0.5453791833135829]","[0.45462070243822716, 0.4546206974785877, 0.4546207113698896, 0.4546207084130993]","[0.09360071512394191, 0.09360071630674838, 0.09360071697853037, 0.093600716202454]","[0.2, 0.2, 0.2, 0.2]","[0.2, 0.2, 0.2, 0.2]","[0.2, 0.2, 0.2, 0.2]","[0.2, 0.2, 0.2, 0.2]","[8.322644163039066e-09, 8.085650132364412e-09, 6.744479444591643e-09, 6.724919584592696e-09]","[1.9522432255239036e-06, 6.2608663240847455e-06]","[3.1164958998382426e-06, 7.962614831848197e-06]",1000,"body origin, body frame; no gravity/external torque","[6.432437021331659e-14, 1.241216732359445e-13, 2.1509091635373433e-19]",1.3979919302441138e-13,3.269011496886661e-13,5.042050700450315e-17,5.551115123125783e-17,"[4.1297366492968863e-10, 8.08116917593716e-10, 4.319673414514043e-11]",9.08551681671127e-10,2.342792515078386e-09,1.3778088530118675e-08,3.6499611333340454e-08,"[4.1291411121894047e-10, 8.080011861544158e-10, 4.319673414224274e-11]",9.084216740650931e-10,2.3424755399571172e-09,1.3778088533227047e-08,3.64996112778293e-08,"[6.569136906733359e-17, 1.208227119237397e-18, 2.2082924233346577e-19]",6.570285038159728e-17,6.698192844266775e-17,5.042050700450315e-17,5.551115123125783e-17,"[6.432502553920479e-14, 1.2412166920494993e-13, 1.3366942108238058e-19]",1.3979949097496806e-13,3.269090729343616e-13,0.0,0.0,
nominal-B_best-oracle_integral_020,B_best,nominal,oracle_integral_020,oracle,integral_020,True,60.0,horizon,pre_second_28_30,False,True,"[2.0185553731834058e-06, 1.5496351868911163e-07]",2.0244948719945204e-06,2.0423443966942918e-06,2.694274447350526e-07,2.5223278769168266e-06,2.210524252589385e-06,2.210524252589385e-06,2.2306310314116422e-06,2.988265835074003e-07,2.7648933760282546e-06,3.024381826589549e-06,1.994240368398718e-27,8.456588903969247e-28,200,28.01,30.0,4.719824735307188e-07,5.219542600689141e-07,7.699009122497302e-06,8.40062058748843e-06,2.091309789151873e-06,6.426943845961272e-07,0.017061717177214764,0.0170617502721279,0.9775643855002665,0.9775662816991125,[0.0],[0.0],0.0,[0.0],[0.0],0.0,[0.0],[0.0],0.0,[0.0],[0.0],0.0,[0.0],[0.0],0.0,[0.0],[0.0],0.0,[0.0],[0.0],0.0,[0.0],[0.0],0.0,"[-0.001540356547855165, 0.000582836302520772, -0.0017644371646066087]",0.0016469354723413925,0.0017644371646066087,every physics interval; dwell = interval count * physics_dt,0.002,"[0.0, 0.0, 0.0, 0.0]","[0.0, 0.0, 0.0, 0.0]",0.0,"[0.0, 0.0, 0.0, 0.0]","[0.0, 0.0, 0.0, 0.0]",0.0,"[0.0, 0.0, 0.0, 0.0]","[0.0, 0.0, 0.0, 0.0]",0.0,"[0.0, 0.0, 0.0, 0.0]","[0.0, 0.0, 0.0, 0.0]",0.0,"[0.0, 0.0, 0.0, 0.0]","[0.0, 0.0, 0.0, 0.0]",0.0,"[0.0, 0.0, 0.0, 0.0]","[0.0, 0.0, 0.0, 0.0]",0.0,"[0.0, 0.0, 0.0, 0.0]","[0.0, 0.0, 0.0, 0.0]",0.0,"[0.0, 0.0, 0.0, 0.0]","[0.0, 0.0, 0.0, 0.0]",0.0,"[0.10639924801166423, 0.10639923837639385, 0.10639924342711504, 0.10639924096511348]","[0.09360072378289006, 0.09360071587078903, 0.09360072044774427, 0.09360071717224486]","[0.5453791624346883, 0.5453791360203067, 0.5453791498664855, 0.5453791431170921]","[0.45462076024217024, 0.45462073855173557, 0.45462075109911726, 0.4546207421195799]","[0.09360073380217132, 0.09360073013471981, 0.09360073090255691, 0.09360073124589105]","[0.2, 0.2, 0.2, 0.2]","[0.2, 0.2, 0.2, 0.2]","[0.2, 0.2, 0.2, 0.2]","[0.2, 0.2, 0.2, 0.2]","[5.155697188942745e-09, 9.465985450493765e-09, 5.92213235404802e-09, 8.270180782636687e-09]","[7.126748307755042e-07, 7.910312412470097e-07]","[1.400101299309562e-06, 1.5939875641697506e-06]",1000,"body origin, body frame; no gravity/external torque","[9.041163992005844e-14, 1.0538370334343512e-13, 2.0344349962822107e-19]",1.3885240208024083e-13,2.756026470228052e-13,4.7428748402675475e-17,5.551115123125783e-17,"[5.820795699172593e-10, 6.754297310846327e-10, 3.9723035704180484e-11]",8.925244349112668e-10,1.788163410814004e-09,1.4072796400727521e-08,3.957274091748175e-08,"[5.819957586687081e-10, 6.753319925236745e-10, 3.972303570421371e-11]",8.923958106131603e-10,1.787889913613982e-09,1.4072796399584917e-08,3.95727408619706e-08,"[6.569615444546133e-17, 1.2040830478958299e-18, 2.22145818941539e-19]",6.570756329124537e-17,6.683438417887274e-17,4.7428748402675475e-17,5.551115123125783e-17,"[9.041152904407182e-14, 1.0538372142879452e-13, 1.486583122313011e-19]",1.388523436110853e-13,2.756367527743275e-13,0.0,0.0,
nominal-B_best-oracle_integral_020,B_best,nominal,oracle_integral_020,oracle,integral_020,True,60.0,horizon,tail_58_60,False,True,"[2.4922112271660642e-09, 1.0512387071099656e-09]",2.7048511271674107e-09,3.451875920542183e-09,2.144581019845166e-09,5.150166033095569e-09,2.3209898514231496e-09,2.3209898514231496e-09,3.032222667004052e-09,1.9512509863889723e-09,6.646287520339911e-09,4.5945425967240866e-09,-7.703719777548943e-34,-2.5422275265911513e-32,200,58.01,60.0,1.3232746934807359e-08,1.0865208688487684e-08,1.8761070361836743e-08,1.3494781861864857e-08,1.2074182697257333e-06,8.283312401022991e-07,0.017061572132507617,0.017061573826331708,0.9775560750507062,0.9775561720996778,[0.0],[0.0],0.0,[0.0],[0.0],0.0,[0.0],[0.0],0.0,[0.0],[0.0],0.0,[0.0],[0.0],0.0,[0.0],[0.0],0.0,[0.0],[0.0],0.0,[0.0],[0.0],0.0,"[-0.0015417336739428557, 0.0005826210614345499, -0.0017659343046257216]",0.0016481474517155488,0.0017659343046257216,every physics interval; dwell = interval count * physics_dt,0.002,"[0.0, 0.0, 0.0, 0.0]","[0.0, 0.0, 0.0, 0.0]",0.0,"[0.0, 0.0, 0.0, 0.0]","[0.0, 0.0, 0.0, 0.0]",0.0,"[0.0, 0.0, 0.0, 0.0]","[0.0, 0.0, 0.0, 0.0]",0.0,"[0.0, 0.0, 0.0, 0.0]","[0.0, 0.0, 0.0, 0.0]",0.0,"[0.0, 0.0, 0.0, 0.0]","[0.0, 0.0, 0.0, 0.0]",0.0,"[0.0, 0.0, 0.0, 0.0]","[0.0, 0.0, 0.0, 0.0]",0.0,"[0.0, 0.0, 0.0, 0.0]","[0.0, 0.0, 0.0, 0.0]",0.0,"[0.0, 0.0, 0.0, 0.0]","[0.0, 0.0, 0.0, 0.0]",0.0,"[0.10639923026270043, 0.1063992323290028, 0.10639923730244871, 0.10639923731162851]","[0.0936007140080601, 0.09360071392959406, 0.09360071750786764, 0.0936007209306882]","[0.5453791137772174, 0.5453791194418315, 0.5453791330761681, 0.545379133101334]","[0.45462073344520026, 0.4546207332300928, 0.45462074303966205, 0.45462075242307043]","[0.09360072906060374, 0.09360072984967581, 0.09360073093523998, 0.0936007324252226]","[0.2, 0.2, 0.2, 0.2]","[0.2, 0.2, 0.2, 0.2]","[0.2, 0.2, 0.2, 0.2]","[0.2, 0.2, 0.2, 0.2]","[1.3645201497829781e-08, 1.4748165716772845e-08, 1.1791712235245605e-08, 8.41127685086016e-09]","[4.2560410982252127e-07, 5.897113410072e-07]","[6.972466081632004e-07, 1.0651669227622247e-06]",1000,"body origin, body frame; no gravity/external torque","[2.7538239591819544e-14, 2.5207724589333215e-13, 2.087587449480387e-19]",2.53576995283538e-13,4.112552535086816e-13,4.965068306494546e-17,5.551115123125783e-17,"[1.8165385651403308e-10, 1.6266935877317084e-09, 5.8026612602944945e-11]",1.6378330927551953e-09,2.8191059746519916e-09,1.4690388163217923e-08,4.5856071051453284e-08,"[1.8162768143320138e-10, 1.626458217754206e-09, 5.8026612600246114e-11]",1.6375964205300546e-09,2.8187266902711173e-09,1.4690388161834951e-08,4.585607099594213e-08,"[6.575781319960034e-17, 1.1567731308583828e-18, 2.2757800196670703e-19]",6.576838079667766e-17,6.710377439255262e-17,4.965068306494546e-17,5.551115123125783e-17,"[2.753888339891565e-14, 2.520772652664143e-13, 1.6514075493068653e-19]",2.535770844596976e-13,4.112635186550178e-13,0.0,0.0,
nominal-B_best-oracle_integral_020,B_best,nominal,oracle_integral_020,oracle,integral_020,True,60.0,horizon,full_0_60,True,False,,,,,,,,,,,,,,,,,,,,,,,,,,,,,,,,,,,,,,,,,,,,,,,,,,,,,,,,,,,,,,,,,,,,,,,,,,,,,,,,,,,,,,,,,,,,,,,,,,,,,,,,,,,,,,,,,,,,,,,
nominal-B_best-oracle_integral_020,B_best,nominal,oracle_integral_020,oracle,integral_020,True,60.0,horizon,pre_3_5,True,False,,,,,,,,,,,,,,,,,,,,,,,,,,,,,,,,,,,,,,,,,,,,,,,,,,,,,,,,,,,,,,,,,,,,,,,,,,,,,,,,,,,,,,,,,,,,,,,,,,,,,,,,,,,,,,,,,,,,,,,
nominal-B_best-oracle_integral_020,B_best,nominal,oracle_integral_020,oracle,integral_020,True,60.0,horizon,tail_18_20,True,False,,,,,,,,,,,,,,,,,,,,,,,,,,,,,,,,,,,,,,,,,,,,,,,,,,,,,,,,,,,,,,,,,,,,,,,,,,,,,,,,,,,,,,,,,,,,,,,,,,,,,,,,,,,,,,,,,,,,,,,
nominal-B_best-oracle_integral_020,B_best,nominal,oracle_integral_020,oracle,integral_020,True,60.0,horizon,pre_second_28_30,True,False,,,,,,,,,,,,,,,,,,,,,,,,,,,,,,,,,,,,,,,,,,,,,,,,,,,,,,,,,,,,,,,,,,,,,,,,,,,,,,,,,,,,,,,,,,,,,,,,,,,,,,,,,,,,,,,,,,,,,,,
nominal-B_best-oracle_integral_020,B_best,nominal,oracle_integral_020,oracle,integral_020,True,60.0,horizon,tail_58_60,True,False,,,,,,,,,,,,,,,,,,,,,,,,,,,,,,,,,,,,,,,,,,,,,,,,,,,,,,,,,,,,,,,,,,,,,,,,,,,,,,,,,,,,,,,,,,,,,,,,,,,,,,,,,,,,,,,,,,,,,,,
combined_motor2_70-A_best-existing_no_integral,A_best,combined_motor2_70,existing_no_integral,existing,no_integral,False,5.41,max_tilt,full_0_60,False,False,,,,,,,,,,,,,,,,,,,,,,,,,,,,,,,,,,,,,,,,,,,,,,,,,,,,,,,,,,,,,,,,,,,,,,,,,,,,,,,,,,,,,,,,,,,,,,,,,,,,,,,,,,,,,,,,,,,,,,,
combined_motor2_70-A_best-existing_no_integral,A_best,combined_motor2_70,existing_no_integral,existing,no_integral,False,5.41,max_tilt,pre_3_5,False,True,"[-0.0009486373416852479, -0.06356228397129517]",0.06356936256132828,0.06362408444192237,0.002638231343015366,0.06750179651368828,0.005928453191738128,0.005928453191738128,0.0059382553492726515,0.0003410562219565569,0.006363339850261829,0.06390060248280946,-6.097790187283708e-18,-1.0720260738687239e-20,200,3.0100000000000002,5.0,0.016774828106792827,0.0017675170766669876,0.25634715714352074,0.02426221730387616,1.27436189479062,0.1361787118162662,-0.015094427726205584,0.01593845330359518,-0.8648470028768317,0.9132061062623479,[0.0],[0.0],0.0,[0.0],[0.0],0.0,[0.0],[0.0],0.0,[0.0],[0.0],0.0,[0.0],[0.0],0.0,[0.0],[0.0],0.0,[0.0],[0.0],0.0,[0.0],[0.0],0.0,"[0.0, 0.0, 0.0]",0.0,0.0,every physics interval; dwell = interval count * physics_dt,0.002,"[0.0, 0.0, 0.0, 0.0]","[0.0, 0.0, 0.0, 0.0]",0.0,"[0.0, 0.0, 0.0, 0.0]","[0.0, 0.0, 0.0, 0.0]",0.0,"[0.0, 0.0, 0.0, 0.0]","[0.0, 0.0, 0.0, 0.0]",0.0,"[0.0, 0.0, 0.0, 0.0]","[0.0, 0.0, 0.0, 0.0]",0.0,"[0.0, 0.0, 0.0, 0.0]","[0.0, 0.0, 0.0, 0.0]",0.0,"[0.0, 0.0, 0.0, 0.0]","[0.0, 0.0, 0.0, 0.0]",0.0,"[0.0, 0.0, 0.0, 0.0]","[0.0, 0.0, 0.0, 0.0]",0.0,"[0.0, 0.0, 0.0, 0.0]","[0.0, 0.0, 0.0, 0.0]",0.0,"[0.12864719299779973, 0.12844148245306578, 0.10804422622950142, 0.10813155181881703]","[0.07042352232801138, 0.07023908145842736, 0.09146742184602558, 0.09156735779500952]","[0.6047100098419452, 0.6041747253119281, 0.5498785006753746, 0.5501167864930772]","[0.3928745519000495, 0.39239566204286136, 0.4487896549256878, 0.4490620592304504]","[0.0704407430891145, 0.07031175905194884, 0.0914612109640661, 0.09163726886813378]","[0.2, 0.2, 0.2, 0.2]","[0.2, 0.2, 0.2, 0.2]","[0.2, 0.2, 0.2, 0.2]","[0.2, 0.2, 0.2, 0.2]","[8.129651278575017e-05, 0.00012965838777605234, 4.0898918866582086e-05, 4.890660340688543e-05]","[0.5976238365084421, 0.285505356809222]","[1.146442594084018, 0.5573554398802845]",1000,"body origin, body frame; no gravity/external torque","[2.0809726075035282e-07, 1.1509575601540589e-09, 2.3191737034774966e-19]",2.0810044362063598e-07,2.1247622510934097e-07,4.627779271052808e-17,5.551115123125783e-17,"[6.407155798871834e-06, 6.2569375883965424e-06, 4.116052012960697e-07]",8.964950209445706e-06,2.9041747608272332e-05,0.00020247109186042982,0.0005568514787519518,"[6.427226843264236e-06, 6.25612612561457e-06, 4.1160520129604365e-07]",8.978740325686417e-06,2.918923630060793e-05,0.00020247109186043356,0.0005568514787520074,"[7.548353968810218e-17, 1.4633553119855442e-18, 2.3815101881511317e-19]",7.549809857554147e-17,7.719641971326403e-17,4.627779271052808e-17,5.551115123125783e-17,"[2.080972608258294e-07, 1.1509575599895275e-09, 1.6726256469865108e-19]",2.0810044369611093e-07,2.124762251839511e-07,0.0,0.0,
combined_motor2_70-A_best-existing_no_integral,A_best,combined_motor2_70,existing_no_integral,existing,no_integral,False,5.41,max_tilt,tail_18_20,False,False,,,,,,,,,,,,,,,,,,,,,,,,,,,,,,,,,,,,,,,,,,,,,,,,,,,,,,,,,,,,,,,,,,,,,,,,,,,,,,,,,,,,,,,,,,,,,,,,,,,,,,,,,,,,,,,,,,,,,,,
combined_motor2_70-A_best-existing_no_integral,A_best,combined_motor2_70,existing_no_integral,existing,no_integral,False,5.41,max_tilt,pre_second_28_30,False,False,,,,,,,,,,,,,,,,,,,,,,,,,,,,,,,,,,,,,,,,,,,,,,,,,,,,,,,,,,,,,,,,,,,,,,,,,,,,,,,,,,,,,,,,,,,,,,,,,,,,,,,,,,,,,,,,,,,,,,,
combined_motor2_70-A_best-existing_no_integral,A_best,combined_motor2_70,existing_no_integral,existing,no_integral,False,5.41,max_tilt,tail_58_60,False,False,,,,,,,,,,,,,,,,,,,,,,,,,,,,,,,,,,,,,,,,,,,,,,,,,,,,,,,,,,,,,,,,,,,,,,,,,,,,,,,,,,,,,,,,,,,,,,,,,,,,,,,,,,,,,,,,,,,,,,,
combined_motor2_70-A_best-existing_no_integral,A_best,combined_motor2_70,existing_no_integral,existing,no_integral,False,5.41,max_tilt,fault_5_60,False,False,,,,,,,,,,,,,,,,,,,,,,,,,,,,,,,,,,,,,,,,,,,,,,,,,,,,,,,,,,,,,,,,,,,,,,,,,,,,,,,,,,,,,,,,,,,,,,,,,,,,,,,,,,,,,,,,,,,,,,,
combined_motor2_70-A_best-existing_no_integral,A_best,combined_motor2_70,existing_no_integral,existing,no_integral,False,5.41,max_tilt,full_0_60,True,True,"[-0.0030969162269757823, -0.060837938295644337]",0.060916710565997685,0.06737519597948727,0.028784916312068285,0.2811446741283819,0.0021654831717329154,0.0021654831717329154,0.004912305563524507,0.004409243538564794,0.007496700271177215,0.06755403599507398,9.324138683375338e-18,-3.3881317890172014e-21,541,0.01,5.41,0.2173645586450772,0.012501520966741852,0.4261344205442883,0.023358591293113636,60.00097131766869,7.25478954226372,-0.005820005633090612,0.23227316169175882,-0.3334617595184568,13.308271859097532,[0.0],[0.0],0.0,[0.38],[0.38],0.38,[0.0],[0.0],0.0,[0.25],[0.25],0.25,[0.0],[0.0],0.0,[0.0],[0.0],0.0,[0.0],[0.0],0.0,[0.0],[0.0],0.0,"[0.0, 0.0, 0.0]",0.0,0.0,every physics interval; dwell = interval count * physics_dt,0.002,"[0.0, 0.38, 0.0, 0.0]","[0.0, 0.38, 0.0, 0.0]",0.38,"[0.0, 0.0, 0.0, 0.0]","[0.0, 0.0, 0.0, 0.0]",0.0,"[0.0, 0.38, 0.0, 0.0]","[0.0, 0.38, 0.0, 0.0]",0.38,"[0.0, 0.0, 0.0, 0.0]","[0.0, 0.0, 0.0, 0.0]",0.0,"[0.0, 0.0, 0.0, 0.0]","[0.0, 0.0, 0.0, 0.0]",0.0,"[0.0, 0.0, 0.0, 0.0]","[0.0, 0.0, 0.0, 0.0]",0.0,"[0.25, 0.0, 0.03, 0.0]","[0.25, 0.0, 0.03, 0.0]",0.25,"[0.0, 0.0, 0.0, 0.0]","[0.0, 0.0, 0.0, 0.0]",0.0,"[0.10644243302100408, 0.10671204466234556, 0.0990766507851187, 0.09106548573375697]","[0.040287539889831636, 0.0, 0.04985229785471712, 0.06691605959349384]","[0.5454975438093234, 0.5462362977132903, 0.5250899866364324, 0.5023500441308134]","[0.3165149684084979, 0.21814922562016836, 0.34039026731332755, 0.38379618915850433]","[0.04548407827803885, 1.9582584354749244e-05, 0.053774619756519204, 0.07033133619210707]","[0.2, 0.2, 0.2, 0.2]","[0.2, 0.2, 0.2, 0.2]","[0.2, 0.13999999999999999, 0.2, 0.2]","[0.2, 0.2, 0.2, 0.2]","[0.004484197540150556, 0.006127748673931367, 0.0022076645450023052, 0.003063906030596373]","[7.057940080242891, 3.985079800467176]","[57.39376223042432, 21.897389826948828]",2705,"body origin, body frame; no gravity/external torque","[0.0015805250415014593, 0.001580561156502134, 0.00026555154792641295]",0.0022509443797798885,0.01001212644743332,0.04470564779905939,0.1988471189826646,"[0.00039069304849116216, 0.00024536758414212944, 2.2291188500204612e-05]",0.00046189090332221755,0.0028935769818959887,0.007905654184012867,0.055387259151919666,"[0.001628978480420745, 0.0016230820387419132, 0.00026553868072646175]",0.0023148384360733333,0.009856377289043762,0.048690516893769804,0.21718855353516697,"[0.0015805681779357632, 0.0015805681779357504, 0.00026555154792641306]",0.002250979598932969,0.010012175869778844,0.04470564779905939,0.1988471189826646,"[2.1621627901428247e-07, 3.604308313406264e-08, 1.5459946375770036e-19]",2.1919987032977656e-07,6.103285509621424e-07,0.0,0.0,
combined_motor2_70-A_best-existing_no_integral,A_best,combined_motor2_70,existing_no_integral,existing,no_integral,False,5.41,max_tilt,pre_3_5,True,False,,,,,,,,,,,,,,,,,,,,,,,,,,,,,,,,,,,,,,,,,,,,,,,,,,,,,,,,,,,,,,,,,,,,,,,,,,,,,,,,,,,,,,,,,,,,,,,,,,,,,,,,,,,,,,,,,,,,,,,
combined_motor2_70-A_best-existing_no_integral,A_best,combined_motor2_70,existing_no_integral,existing,no_integral,False,5.41,max_tilt,tail_18_20,True,False,,,,,,,,,,,,,,,,,,,,,,,,,,,,,,,,,,,,,,,,,,,,,,,,,,,,,,,,,,,,,,,,,,,,,,,,,,,,,,,,,,,,,,,,,,,,,,,,,,,,,,,,,,,,,,,,,,,,,,,
combined_motor2_70-A_best-existing_no_integral,A_best,combined_motor2_70,existing_no_integral,existing,no_integral,False,5.41,max_tilt,pre_second_28_30,True,False,,,,,,,,,,,,,,,,,,,,,,,,,,,,,,,,,,,,,,,,,,,,,,,,,,,,,,,,,,,,,,,,,,,,,,,,,,,,,,,,,,,,,,,,,,,,,,,,,,,,,,,,,,,,,,,,,,,,,,,
combined_motor2_70-A_best-existing_no_integral,A_best,combined_motor2_70,existing_no_integral,existing,no_integral,False,5.41,max_tilt,tail_58_60,True,False,,,,,,,,,,,,,,,,,,,,,,,,,,,,,,,,,,,,,,,,,,,,,,,,,,,,,,,,,,,,,,,,,,,,,,,,,,,,,,,,,,,,,,,,,,,,,,,,,,,,,,,,,,,,,,,,,,,,,,,
combined_motor2_70-A_best-existing_no_integral,A_best,combined_motor2_70,existing_no_integral,existing,no_integral,False,5.41,max_tilt,fault_5_60,True,True,"[-0.03840500732994607, -0.10780215889361673]",0.11443884851805265,0.1326415813427025,0.06706369398530751,0.2811446741283819,0.0015403578100688796,0.0015403578100688796,0.0026589578039267945,0.002167338095457884,0.005920171436571753,0.13266822964710062,-6.938893903907228e-18,-8.470329472543003e-22,41,5.01,5.41,0.7730385801641401,0.037384025758919005,1.2868296514498692,0.034672801764792614,60.00097131766869,7.25478954226372,0.06039962434271043,0.23227316169175882,3.4606435590129365,13.308271859097532,[0.0],[0.0],0.0,[0.38],[0.38],0.38,[0.0],[0.0],0.0,[0.25],[0.25],0.25,[0.0],[0.0],0.0,[0.0],[0.0],0.0,[0.0],[0.0],0.0,[0.0],[0.0],0.0,"[0.0, 0.0, 0.0]",0.0,0.0,every physics interval; dwell = interval count * physics_dt,0.002,"[0.0, 0.38, 0.0, 0.0]","[0.0, 0.38, 0.0, 0.0]",0.38,"[0.0, 0.0, 0.0, 0.0]","[0.0, 0.0, 0.0, 0.0]",0.0,"[0.0, 0.38, 0.0, 0.0]","[0.0, 0.38, 0.0, 0.0]",0.38,"[0.0, 0.0, 0.0, 0.0]","[0.0, 0.0, 0.0, 0.0]",0.0,"[0.0, 0.0, 0.0, 0.0]","[0.0, 0.0, 0.0, 0.0]",0.0,"[0.0, 0.0, 0.0, 0.0]","[0.0, 0.0, 0.0, 0.0]",0.0,"[0.25, 0.0, 0.03, 0.0]","[0.25, 0.0, 0.03, 0.0]",0.25,"[0.0, 0.0, 0.0, 0.0]","[0.0, 0.0, 0.0, 0.0]",0.0,"[0.12515590689767067, 0.12919187669685692, 0.10830723239868009, 0.0957403633617979]","[0.04371774204251824, 0.0, 0.04985229785471712, 0.06691605959349384]","[0.5955953417570511, 0.6061263052262682, 0.550595995965153, 0.5156935298256747]","[0.32504537787166343, 0.21814922562016836, 0.34039026731332755, 0.38379618915850433]","[0.04548407827803885, 1.9582584354749244e-05, 0.053774619756519204, 0.07033133619210707]","[0.2, 0.2, 0.2, 0.2]","[0.2, 0.2, 0.2, 0.2]","[0.2, 0.13999999999999999, 0.2, 0.2]","[0.2, 0.13999999999999999, 0.2, 0.2]","[0.005118959740057153, 0.016257026932143353, 0.0058110413144079, 0.005649153222027512]","[25.138631695668966, 14.382574642815984]","[57.39376223042432, 21.897389826948828]",205,"body origin, body frame; no gravity/external torque","[0.005741271456276035, 0.005741402693693679, 0.0009646183993621478]",0.008176575779762026,0.01001212644743332,0.16239366992628737,0.1988471189826646,"[0.0004965938579772693, 0.000520337770872932, 5.5247586999530826e-05]",0.0007213938947946754,0.0025173293265482815,0.019628190577280557,0.029055256570654442,"[0.005766041091512135, 0.0058512950846055485, 0.000962753428380622]",0.008271141287633416,0.009856377289043762,0.1756221264944001,0.21718855353516697,"[0.005741428200243958, 0.0057414282002439115, 0.0009646183993621482]",0.008176703749892166,0.010012175869778844,0.16239366992628737,0.1988471189826646,"[1.9293499555462683e-07, 6.462468240797675e-08, 1.4761318159668554e-19]",2.0347054353393687e-07,3.25889089910683e-07,0.0,0.0,
combined_motor2_70-A_best-existing_integral_020,A_best,combined_motor2_70,existing_integral_020,existing,integral_020,False,5.41,max_tilt,full_0_60,False,False,,,,,,,,,,,,,,,,,,,,,,,,,,,,,,,,,,,,,,,,,,,,,,,,,,,,,,,,,,,,,,,,,,,,,,,,,,,,,,,,,,,,,,,,,,,,,,,,,,,,,,,,,,,,,,,,,,,,,,,
combined_motor2_70-A_best-existing_integral_020,A_best,combined_motor2_70,existing_integral_020,existing,integral_020,False,5.41,max_tilt,pre_3_5,False,True,"[-0.0013762209747797006, -0.03394071372641852]",0.03396860362791085,0.03434312551221735,0.00505808634938127,0.04202876009700014,0.006461303150693078,0.006461303150693078,0.006514672681031438,0.0008321789085413145,0.00764533581176674,0.034955560789220526,-1.196010521523072e-18,2.9434394917086937e-20,200,3.0100000000000002,5.0,0.01781773481441743,0.0020676966020689133,0.13258369413821072,0.025034986860578704,1.2888247983587884,0.13835220135746942,-0.017049457305259485,0.017926745993967864,-0.9768619465798581,1.0271268858574145,[0.0],[0.0],0.0,[0.0],[0.0],0.0,[0.0],[0.0],0.0,[0.0],[0.0],0.0,[0.0],[0.0],0.0,[0.0],[0.0],0.0,[0.0],[0.0],0.0,[0.0],[0.0],0.0,"[0.0005317849180558472, 0.04036298771930876, -0.003446314771563318]",0.04036649071727863,0.003446314771563318,every physics interval; dwell = interval count * physics_dt,0.002,"[0.0, 0.0, 0.0, 0.0]","[0.0, 0.0, 0.0, 0.0]",0.0,"[0.0, 0.0, 0.0, 0.0]","[0.0, 0.0, 0.0, 0.0]",0.0,"[0.0, 0.0, 0.0, 0.0]","[0.0, 0.0, 0.0, 0.0]",0.0,"[0.0, 0.0, 0.0, 0.0]","[0.0, 0.0, 0.0, 0.0]",0.0,"[0.0, 0.0, 0.0, 0.0]","[0.0, 0.0, 0.0, 0.0]",0.0,"[0.0, 0.0, 0.0, 0.0]","[0.0, 0.0, 0.0, 0.0]",0.0,"[0.0, 0.0, 0.0, 0.0]","[0.0, 0.0, 0.0, 0.0]",0.0,"[0.0, 0.0, 0.0, 0.0]","[0.0, 0.0, 0.0, 0.0]",0.0,"[0.1286521506890696, 0.12844461108331476, 0.10804559548844418, 0.10813063400869422]","[0.0704205520538593, 0.07022776575248785, 0.0914774905322643, 0.0915774211876318]","[0.6047229077085022, 0.6041828680180733, 0.5498822374163427, 0.5501142823535156]","[0.39286683840895853, 0.3923662870166258, 0.4488170967093429, 0.4490894939910999]","[0.07044574252715669, 0.07033676785322185, 0.09147964821973983, 0.09164751159567998]","[0.2, 0.2, 0.2, 0.2]","[0.2, 0.2, 0.2, 0.2]","[0.2, 0.2, 0.2, 0.2]","[0.2, 0.2, 0.2, 0.2]","[8.021935177856664e-05, 0.00012823828722820522, 3.9664002765137794e-05, 4.897143087860749e-05]","[0.6081988488747602, 0.28546071011230867]","[1.1679558295903452, 0.5489320376388197]",1000,"body origin, body frame; no gravity/external torque","[2.0810764545932525e-07, 1.1467121381181574e-09, 2.168496544660732e-19]",2.0811080473476602e-07,2.127060284929037e-07,4.886873367543068e-17,5.551115123125783e-17,"[6.371429223359969e-06, 6.226329398131368e-06, 4.0903941829972697e-07]",8.917937057865075e-06,2.864124785292116e-05,0.0001979684280317938,0.0005323570009163059,"[6.390751196056103e-06, 6.225520297329793e-06, 4.0903941829970675e-07]",8.931187886730449e-06,2.8788666551361496e-05,0.00019796842803179596,0.0005323570009163059,"[7.551742329129542e-17, 1.4819281649461944e-18, 2.210205729671161e-19]",7.553228569119581e-17,7.721439710533009e-17,4.886873367543068e-17,5.551115123125783e-17,"[2.0810764553483633e-07, 1.1467121382351734e-09, 1.462668697448798e-19]",2.0811080481027686e-07,2.1270602856882547e-07,0.0,0.0,
combined_motor2_70-A_best-existing_integral_020,A_best,combined_motor2_70,existing_integral_020,existing,integral_020,False,5.41,max_tilt,tail_18_20,False,False,,,,,,,,,,,,,,,,,,,,,,,,,,,,,,,,,,,,,,,,,,,,,,,,,,,,,,,,,,,,,,,,,,,,,,,,,,,,,,,,,,,,,,,,,,,,,,,,,,,,,,,,,,,,,,,,,,,,,,,
combined_motor2_70-A_best-existing_integral_020,A_best,combined_motor2_70,existing_integral_020,existing,integral_020,False,5.41,max_tilt,pre_second_28_30,False,False,,,,,,,,,,,,,,,,,,,,,,,,,,,,,,,,,,,,,,,,,,,,,,,,,,,,,,,,,,,,,,,,,,,,,,,,,,,,,,,,,,,,,,,,,,,,,,,,,,,,,,,,,,,,,,,,,,,,,,,
combined_motor2_70-A_best-existing_integral_020,A_best,combined_motor2_70,existing_integral_020,existing,integral_020,False,5.41,max_tilt,tail_58_60,False,False,,,,,,,,,,,,,,,,,,,,,,,,,,,,,,,,,,,,,,,,,,,,,,,,,,,,,,,,,,,,,,,,,,,,,,,,,,,,,,,,,,,,,,,,,,,,,,,,,,,,,,,,,,,,,,,,,,,,,,,
combined_motor2_70-A_best-existing_integral_020,A_best,combined_motor2_70,existing_integral_020,existing,integral_020,False,5.41,max_tilt,fault_5_60,False,False,,,,,,,,,,,,,,,,,,,,,,,,,,,,,,,,,,,,,,,,,,,,,,,,,,,,,,,,,,,,,,,,,,,,,,,,,,,,,,,,,,,,,,,,,,,,,,,,,,,,,,,,,,,,,,,,,,,,,,,
combined_motor2_70-A_best-existing_integral_020,A_best,combined_motor2_70,existing_integral_020,existing,integral_020,False,5.41,max_tilt,full_0_60,True,True,"[-0.0034036838793659895, -0.04262563074610432]",0.042761307983431585,0.049810973892398074,0.025546108503161018,0.24769594093147768,0.0031923851548796033,0.0031923851548796033,0.005744372884311229,0.0047756148145463384,0.008011028992121583,0.050141110278325234,-3.469446951953614e-18,-2.710505431213761e-20,541,0.01,5.41,0.2173213015570723,0.01322239841557703,0.36770027410773215,0.026749899902005183,60.37586355525606,7.292741725982474,-0.007111308141951394,0.23066303537239483,-0.40744794335083423,13.216018416515043,[0.38],[0.38],0.38,[0.38],[0.38],0.38,[0.0],[0.0],0.0,[0.25],[0.25],0.25,[0.0],[0.0],0.0,[0.0],[0.0],0.0,[0.0],[0.0],0.0,[0.0],[0.0],0.0,"[0.0005335795330690643, 0.040511910134057916, -0.003474815825310157]",0.040515423851023635,0.003474815825310157,every physics interval; dwell = interval count * physics_dt,0.002,"[0.0, 0.38, 0.0, 0.0]","[0.0, 0.38, 0.0, 0.0]",0.38,"[0.0, 0.0, 0.0, 0.0]","[0.0, 0.0, 0.0, 0.0]",0.0,"[0.0, 0.38, 0.0, 0.0]","[0.0, 0.38, 0.0, 0.0]",0.38,"[0.0, 0.0, 0.0, 0.0]","[0.0, 0.0, 0.0, 0.0]",0.0,"[0.0, 0.0, 0.0, 0.0]","[0.0, 0.0, 0.0, 0.0]",0.0,"[0.0, 0.0, 0.0, 0.0]","[0.0, 0.0, 0.0, 0.0]",0.0,"[0.25, 0.0, 0.03, 0.0]","[0.25, 0.0, 0.03, 0.0]",0.25,"[0.0, 0.0, 0.0, 0.0]","[0.0, 0.0, 0.0, 0.0]",0.0,"[0.10644243302100408, 0.10671204466234556, 0.09907734637970009, 0.09108999512737494]","[0.040285671385354827, 0.0, 0.049780601282717524, 0.06684149899590452]","[0.5454975438093234, 0.5462362977132903, 0.5250919353258158, 0.5024205684083305]","[0.3165103308031114, 0.21814922562016836, 0.34021022104223186, 0.38360384493345345]","[0.045494925728947117, 1.9581996447498584e-05, 0.05369380296116941, 0.07029337643327194]","[0.2, 0.2, 0.2, 0.2]","[0.2, 0.2, 0.2, 0.2]","[0.2, 0.13999999999999999, 0.2, 0.2]","[0.2, 0.2, 0.2, 0.2]","[0.004485545802380799, 0.006124535193276298, 0.002210977979293442, 0.0030655262066090214]","[7.112502454882065, 3.9946937195743453]","[57.791498833107674, 21.966280222018913]",2705,"body origin, body frame; no gravity/external torque","[0.0015809864085331487, 0.0015810223787325502, 0.0002656290427583179]",0.0022516013355779424,0.01002004709174794,0.04471869406705683,0.19900442006594377,"[0.00039066995439069035, 0.00024522518499593297, 2.228910115452287e-05]",0.00046179563515714404,0.0028935744872754555,0.00791138768989744,0.05538944511395372,"[0.0016292511662357205, 0.0016235106430854207, 0.000265619339520731]",0.002315340105561065,0.009864835040347079,0.04870369373622819,0.21735329145593996,"[0.0015810294287408127, 0.001581029428740799, 0.00026562904275831786]",0.002251636493185714,0.010020096156068916,0.04471869406705683,0.19900442006594377,"[2.1619200384945072e-07, 3.602966231114891e-08, 1.5599858244539139e-19]",2.1917371898723668e-07,6.103277316112358e-07,0.0,0.0,
combined_motor2_70-A_best-existing_integral_020,A_best,combined_motor2_70,existing_integral_020,existing,integral_020,False,5.41,max_tilt,pre_3_5,True,False,,,,,,,,,,,,,,,,,,,,,,,,,,,,,,,,,,,,,,,,,,,,,,,,,,,,,,,,,,,,,,,,,,,,,,,,,,,,,,,,,,,,,,,,,,,,,,,,,,,,,,,,,,,,,,,,,,,,,,,
combined_motor2_70-A_best-existing_integral_020,A_best,combined_motor2_70,existing_integral_020,existing,integral_020,False,5.41,max_tilt,tail_18_20,True,False,,,,,,,,,,,,,,,,,,,,,,,,,,,,,,,,,,,,,,,,,,,,,,,,,,,,,,,,,,,,,,,,,,,,,,,,,,,,,,,,,,,,,,,,,,,,,,,,,,,,,,,,,,,,,,,,,,,,,,,
combined_motor2_70-A_best-existing_integral_020,A_best,combined_motor2_70,existing_integral_020,existing,integral_020,False,5.41,max_tilt,pre_second_28_30,True,False,,,,,,,,,,,,,,,,,,,,,,,,,,,,,,,,,,,,,,,,,,,,,,,,,,,,,,,,,,,,,,,,,,,,,,,,,,,,,,,,,,,,,,,,,,,,,,,,,,,,,,,,,,,,,,,,,,,,,,,
combined_motor2_70-A_best-existing_integral_020,A_best,combined_motor2_70,existing_integral_020,existing,integral_020,False,5.41,max_tilt,tail_58_60,True,False,,,,,,,,,,,,,,,,,,,,,,,,,,,,,,,,,,,,,,,,,,,,,,,,,,,,,,,,,,,,,,,,,,,,,,,,,,,,,,,,,,,,,,,,,,,,,,,,,,,,,,,,,,,,,,,,,,,,,,,
combined_motor2_70-A_best-existing_integral_020,A_best,combined_motor2_70,existing_integral_020,existing,integral_020,False,5.41,max_tilt,fault_5_60,True,True,"[-0.03842001781763686, -0.0696134452192283]",0.07951182002946501,0.1038155448454031,0.06674981518438734,0.24769594093147768,-2.18825175811001e-05,2.18825175811001e-05,0.0023717305539049955,0.002371629603405812,0.004771649133852307,0.1038426331396129,2.6020852139652106e-18,2.541098841762901e-21,41,5.01,5.41,0.772487643528862,0.03917016763832736,1.1832061331137564,0.03949900195270051,60.37586355525606,7.292741725982474,0.05842939510948383,0.23066303537239483,3.347757739275756,13.216018416515043,[0.38],[0.38],0.38,[0.38],[0.38],0.38,[0.0],[0.0],0.0,[0.25],[0.25],0.25,[0.0],[0.0],0.0,[0.0],[0.0],0.0,[0.0],[0.0],0.0,[0.0],[0.0],0.0,"[0.0005335795330690643, 0.040511910134057916, -0.003474815825310157]",0.040515423851023635,0.003474815825310157,every physics interval; dwell = interval count * physics_dt,0.002,"[0.0, 0.38, 0.0, 0.0]","[0.0, 0.38, 0.0, 0.0]",0.38,"[0.0, 0.0, 0.0, 0.0]","[0.0, 0.0, 0.0, 0.0]",0.0,"[0.0, 0.38, 0.0, 0.0]","[0.0, 0.38, 0.0, 0.0]",0.38,"[0.0, 0.0, 0.0, 0.0]","[0.0, 0.0, 0.0, 0.0]",0.0,"[0.0, 0.0, 0.0, 0.0]","[0.0, 0.0, 0.0, 0.0]",0.0,"[0.0, 0.0, 0.0, 0.0]","[0.0, 0.0, 0.0, 0.0]",0.0,"[0.25, 0.0, 0.03, 0.0]","[0.25, 0.0, 0.03, 0.0]",0.25,"[0.0, 0.0, 0.0, 0.0]","[0.0, 0.0, 0.0, 0.0]",0.0,"[0.12516076605761736, 0.12921509943994386, 0.10831722340664472, 0.0957532998083506]","[0.043758174021615, 0.0, 0.049780601282717524, 0.06684149899590452]","[0.5956080725770653, 0.6061866559916064, 0.5506232418958042, 0.5157301615618016]","[0.32514613029583395, 0.21814922562016836, 0.34021022104223186, 0.38360384493345345]","[0.045494925728947117, 1.9581996447498584e-05, 0.05369380296116941, 0.07029337643327194]","[0.2, 0.2, 0.2, 0.2]","[0.2, 0.2, 0.2, 0.2]","[0.2, 0.13999999999999999, 0.2, 0.2]","[0.2, 0.13999999999999999, 0.2, 0.2]","[0.005136350969540182, 0.016251341656990166, 0.00582658762131537, 0.00566767156846516]","[25.329278900438894, 14.416835698140781]","[57.791498833107674, 21.966280222018913]",205,"body origin, body frame; no gravity/external torque","[0.005742947376210819, 0.00574307808761985, 0.0009648999000398682]",0.008178962177655728,0.01002004709174794,0.1624410606127722,0.19900442006594377,"[0.0004968102160028551, 0.0005207070443170892, 5.5323718359489744e-05]",0.0007218150251548957,0.002514179360602771,0.019658612667548456,0.029103040270912373,"[0.005767096871749665, 0.005852975405122686, 0.0009630519833030011]",0.008273100781669452,0.009864835040347079,0.17567032705985805,0.21735329145593996,"[0.005743103697964629, 0.005743103697964579, 0.000964899900039868]",0.008179089924205895,0.010020096156068916,0.1624410606127722,0.19900442006594377,"[1.9272660720817956e-07, 6.477317381596212e-08, 2.1148552319034018e-19]",2.0332021338806621e-07,3.2573055131171964e-07,0.0,0.0,
combined_motor2_70-A_best-oracle_no_integral,A_best,combined_motor2_70,oracle_no_integral,oracle,no_integral,False,5.84,max_tilt,full_0_60,False,False,,,,,,,,,,,,,,,,,,,,,,,,,,,,,,,,,,,,,,,,,,,,,,,,,,,,,,,,,,,,,,,,,,,,,,,,,,,,,,,,,,,,,,,,,,,,,,,,,,,,,,,,,,,,,,,,,,,,,,,
combined_motor2_70-A_best-oracle_no_integral,A_best,combined_motor2_70,oracle_no_integral,oracle,no_integral,False,5.84,max_tilt,pre_3_5,False,True,"[-0.0009486373416852479, -0.06356228397129517]",0.06356936256132828,0.06362408444192237,0.002638231343015366,0.06750179651368828,0.005928453191738128,0.005928453191738128,0.0059382553492726515,0.0003410562219565569,0.006363339850261829,0.06390060248280946,-6.097790187283708e-18,-1.0720260738687239e-20,200,3.0100000000000002,5.0,0.016774828106792827,0.0017675170766669876,0.25634715714352074,0.02426221730387616,1.27436189479062,0.1361787118162662,-0.015094427726205584,0.01593845330359518,-0.8648470028768317,0.9132061062623479,[0.0],[0.0],0.0,[0.0],[0.0],0.0,[0.0],[0.0],0.0,[0.0],[0.0],0.0,[0.0],[0.0],0.0,[0.0],[0.0],0.0,[0.0],[0.0],0.0,[0.0],[0.0],0.0,"[0.0, 0.0, 0.0]",0.0,0.0,every physics interval; dwell = interval count * physics_dt,0.002,"[0.0, 0.0, 0.0, 0.0]","[0.0, 0.0, 0.0, 0.0]",0.0,"[0.0, 0.0, 0.0, 0.0]","[0.0, 0.0, 0.0, 0.0]",0.0,"[0.0, 0.0, 0.0, 0.0]","[0.0, 0.0, 0.0, 0.0]",0.0,"[0.0, 0.0, 0.0, 0.0]","[0.0, 0.0, 0.0, 0.0]",0.0,"[0.0, 0.0, 0.0, 0.0]","[0.0, 0.0, 0.0, 0.0]",0.0,"[0.0, 0.0, 0.0, 0.0]","[0.0, 0.0, 0.0, 0.0]",0.0,"[0.0, 0.0, 0.0, 0.0]","[0.0, 0.0, 0.0, 0.0]",0.0,"[0.0, 0.0, 0.0, 0.0]","[0.0, 0.0, 0.0, 0.0]",0.0,"[0.12864719299779973, 0.12844148245306578, 0.10804422622950142, 0.10813155181881703]","[0.07042352232801138, 0.07023908145842736, 0.09146742184602558, 0.09156735779500952]","[0.6047100098419452, 0.6041747253119281, 0.5498785006753746, 0.5501167864930772]","[0.3928745519000495, 0.39239566204286136, 0.4487896549256878, 0.4490620592304504]","[0.0704407430891145, 0.07031175905194884, 0.0914612109640661, 0.09163726886813378]","[0.2, 0.2, 0.2, 0.2]","[0.2, 0.2, 0.2, 0.2]","[0.2, 0.2, 0.2, 0.2]","[0.2, 0.2, 0.2, 0.2]","[8.129651278575017e-05, 0.00012965838777605234, 4.0898918866582086e-05, 4.890660340688543e-05]","[0.5976238365084421, 0.285505356809222]","[1.146442594084018, 0.5573554398802845]",1000,"body origin, body frame; no gravity/external torque","[2.0809726075035282e-07, 1.1509575601540589e-09, 2.3191737034774966e-19]",2.0810044362063598e-07,2.1247622510934097e-07,4.627779271052808e-17,5.551115123125783e-17,"[6.407155798871834e-06, 6.2569375883965424e-06, 4.116052012960697e-07]",8.964950209445706e-06,2.9041747608272332e-05,0.00020247109186042982,0.0005568514787519518,"[6.427226843264236e-06, 6.25612612561457e-06, 4.1160520129604365e-07]",8.978740325686417e-06,2.918923630060793e-05,0.00020247109186043356,0.0005568514787520074,"[7.548353968810218e-17, 1.4633553119855442e-18, 2.3815101881511317e-19]",7.549809857554147e-17,7.719641971326403e-17,4.627779271052808e-17,5.551115123125783e-17,"[2.080972608258294e-07, 1.1509575599895275e-09, 1.6726256469865108e-19]",2.0810044369611093e-07,2.124762251839511e-07,0.0,0.0,
combined_motor2_70-A_best-oracle_no_integral,A_best,combined_motor2_70,oracle_no_integral,oracle,no_integral,False,5.84,max_tilt,tail_18_20,False,False,,,,,,,,,,,,,,,,,,,,,,,,,,,,,,,,,,,,,,,,,,,,,,,,,,,,,,,,,,,,,,,,,,,,,,,,,,,,,,,,,,,,,,,,,,,,,,,,,,,,,,,,,,,,,,,,,,,,,,,
combined_motor2_70-A_best-oracle_no_integral,A_best,combined_motor2_70,oracle_no_integral,oracle,no_integral,False,5.84,max_tilt,pre_second_28_30,False,False,,,,,,,,,,,,,,,,,,,,,,,,,,,,,,,,,,,,,,,,,,,,,,,,,,,,,,,,,,,,,,,,,,,,,,,,,,,,,,,,,,,,,,,,,,,,,,,,,,,,,,,,,,,,,,,,,,,,,,,
combined_motor2_70-A_best-oracle_no_integral,A_best,combined_motor2_70,oracle_no_integral,oracle,no_integral,False,5.84,max_tilt,tail_58_60,False,False,,,,,,,,,,,,,,,,,,,,,,,,,,,,,,,,,,,,,,,,,,,,,,,,,,,,,,,,,,,,,,,,,,,,,,,,,,,,,,,,,,,,,,,,,,,,,,,,,,,,,,,,,,,,,,,,,,,,,,,
combined_motor2_70-A_best-oracle_no_integral,A_best,combined_motor2_70,oracle_no_integral,oracle,no_integral,False,5.84,max_tilt,fault_5_60,False,False,,,,,,,,,,,,,,,,,,,,,,,,,,,,,,,,,,,,,,,,,,,,,,,,,,,,,,,,,,,,,,,,,,,,,,,,,,,,,,,,,,,,,,,,,,,,,,,,,,,,,,,,,,,,,,,,,,,,,,,
combined_motor2_70-A_best-oracle_no_integral,A_best,combined_motor2_70,oracle_no_integral,oracle,no_integral,False,5.84,max_tilt,full_0_60,True,True,"[-0.010823557548754538, -0.06849798427077138]",0.069347842411787,0.08575335030342252,0.05044317437564218,0.2661345772873745,0.002870072895895072,0.002870072895895072,0.008158538325514999,0.00763704322242225,0.045937869691667466,0.08614057601311007,6.938893903907228e-18,-6.776263578034403e-20,584,0.01,5.84,0.19106582537027977,0.07019477475226105,0.4094097307314973,0.08723599872509859,66.74070842867954,15.950899520824798,-0.005615500799234778,0.18844253630526828,-0.3217444956484934,10.796962011032662,[0.0],[0.0],0.0,[0.6900000000000001],[0.5],0.6900000000000001,[0.0],[0.0],0.0,[0.01],[0.01],0.01,[0.0],[0.0],0.0,[0.0],[0.0],0.0,[0.0],[0.0],0.0,[0.0],[0.0],0.0,"[0.0, 0.0, 0.0]",0.0,0.0,every physics interval; dwell = interval count * physics_dt,0.002,"[0.01, 0.67, 0.0, 0.04]","[0.01, 0.5, 0.0, 0.04]",0.6900000000000001,"[0.0, 0.0, 0.0, 0.0]","[0.0, 0.0, 0.0, 0.0]",0.0,"[0.01, 0.67, 0.0, 0.04]","[0.01, 0.5, 0.0, 0.04]",0.6900000000000001,"[0.0, 0.0, 0.0, 0.0]","[0.0, 0.0, 0.0, 0.0]",0.0,"[0.0, 0.0, 0.0, 0.0]","[0.0, 0.0, 0.0, 0.0]",0.0,"[0.0, 0.0, 0.0, 0.0]","[0.0, 0.0, 0.0, 0.0]",0.0,"[0.01, 0.0, 0.0, 0.0]","[0.01, 0.0, 0.0, 0.0]",0.01,"[0.0, 0.0, 0.0, 0.0]","[0.0, 0.0, 0.0, 0.0]",0.0,"[0.09767093936366861, 0.10671204466234556, 0.08230648269432154, 0.075880040609315]","[0.0, 0.0, 0.00987284582405154, 0.0]","[0.5211431659258648, 0.5462362977132903, 0.47672742761688147, 0.4573368210624147]","[0.21814922562016836, 0.21814922562016836, 0.24203472635973444, 0.21814922562016836]","[0.03780205100606088, 1.9800274756176517e-06, 0.040472095202173375, 0.026595481924580944]","[0.2, 0.2, 0.2, 0.2]","[0.2, 0.2, 0.2, 0.2]","[0.2, 0.13999999999999999, 0.2, 0.2]","[0.2, 0.2, 0.2, 0.2]","[0.006623349597829496, 0.0082299480317286, 0.006072561060141082, 0.007714755600552118]","[8.695911810088763, 4.933564674044469]","[66.29659806299235, 25.34985266733197]",2920,"body origin, body frame; no gravity/external torque","[0.0010673507429310196, 0.001064880414278229, 0.00017991173855299404]",0.001518412374428611,0.006311636839604577,0.030359741200879916,0.1253565929926953,"[0.0006356473514651529, 0.0002888850301238595, 4.478256325837135e-05]",0.0006996481930415575,0.004693227391072655,0.0167384257225202,0.16992668201525918,"[0.001319097805808337, 0.0011171128719435458, 0.0001904681778770591]",0.0017390337307637627,0.006470005378526493,0.03648348639923585,0.24182731803039315,"[0.0010674304585395695, 0.0010648860007848953, 0.00017991173855299404]",0.0015184723284126084,0.006311845310610555,0.030359741200879916,0.1253565929926953,"[2.4317229617582704e-07, 4.744483296855644e-08, 1.5463652083174445e-19]",2.477574979750122e-07,8.886135885667212e-07,0.0,0.0,
combined_motor2_70-A_best-oracle_no_integral,A_best,combined_motor2_70,oracle_no_integral,oracle,no_integral,False,5.84,max_tilt,pre_3_5,True,False,,,,,,,,,,,,,,,,,,,,,,,,,,,,,,,,,,,,,,,,,,,,,,,,,,,,,,,,,,,,,,,,,,,,,,,,,,,,,,,,,,,,,,,,,,,,,,,,,,,,,,,,,,,,,,,,,,,,,,,
combined_motor2_70-A_best-oracle_no_integral,A_best,combined_motor2_70,oracle_no_integral,oracle,no_integral,False,5.84,max_tilt,tail_18_20,True,False,,,,,,,,,,,,,,,,,,,,,,,,,,,,,,,,,,,,,,,,,,,,,,,,,,,,,,,,,,,,,,,,,,,,,,,,,,,,,,,,,,,,,,,,,,,,,,,,,,,,,,,,,,,,,,,,,,,,,,,
combined_motor2_70-A_best-oracle_no_integral,A_best,combined_motor2_70,oracle_no_integral,oracle,no_integral,False,5.84,max_tilt,pre_second_28_30,True,False,,,,,,,,,,,,,,,,,,,,,,,,,,,,,,,,,,,,,,,,,,,,,,,,,,,,,,,,,,,,,,,,,,,,,,,,,,,,,,,,,,,,,,,,,,,,,,,,,,,,,,,,,,,,,,,,,,,,,,,
combined_motor2_70-A_best-oracle_no_integral,A_best,combined_motor2_70,oracle_no_integral,oracle,no_integral,False,5.84,max_tilt,tail_58_60,True,False,,,,,,,,,,,,,,,,,,,,,,,,,,,,,,,,,,,,,,,,,,,,,,,,,,,,,,,,,,,,,,,,,,,,,,,,,,,,,,,,,,,,,,,,,,,,,,,,,,,,,,,,,,,,,,,,,,,,,,,
combined_motor2_70-A_best-oracle_no_integral,A_best,combined_motor2_70,oracle_no_integral,oracle,no_integral,False,5.84,max_tilt,fault_5_60,True,True,"[-0.07404918131198263, -0.13701650846220442]",0.155745962529204,0.17457583962851592,0.07886646269393034,0.2661345772873745,0.006758938637000459,0.006758938637000459,0.017629520482660473,0.01628240587105627,0.045937869691667466,0.1754637392011519,-1.1275702593849246e-17,-5.421010862427522e-20,84,5.01,5.84,0.49111036487467635,0.18420664177458335,0.8966910298225103,0.22356467142957417,66.74070842867954,15.950899520824798,0.027923275938095696,0.18844253630526828,1.5998858614320879,10.796962011032662,[0.0],[0.0],0.0,[0.6900000000000001],[0.5],0.6900000000000001,[0.0],[0.0],0.0,[0.01],[0.01],0.01,[0.0],[0.0],0.0,[0.0],[0.0],0.0,[0.0],[0.0],0.0,[0.0],[0.0],0.0,"[0.0, 0.0, 0.0]",0.0,0.0,every physics interval; dwell = interval count * physics_dt,0.002,"[0.01, 0.67, 0.0, 0.04]","[0.01, 0.5, 0.0, 0.04]",0.6900000000000001,"[0.0, 0.0, 0.0, 0.0]","[0.0, 0.0, 0.0, 0.0]",0.0,"[0.01, 0.67, 0.0, 0.04]","[0.01, 0.5, 0.0, 0.04]",0.6900000000000001,"[0.0, 0.0, 0.0, 0.0]","[0.0, 0.0, 0.0, 0.0]",0.0,"[0.0, 0.0, 0.0, 0.0]","[0.0, 0.0, 0.0, 0.0]",0.0,"[0.0, 0.0, 0.0, 0.0]","[0.0, 0.0, 0.0, 0.0]",0.0,"[0.01, 0.0, 0.0, 0.0]","[0.01, 0.0, 0.0, 0.0]",0.01,"[0.0, 0.0, 0.0, 0.0]","[0.0, 0.0, 0.0, 0.0]",0.0,"[0.09767093936366861, 0.12252038587696593, 0.08230648269432154, 0.075880040609315]","[0.0, 0.0, 0.00987284582405154, 0.0]","[0.5211431659258648, 0.5886711665235188, 0.47672742761688147, 0.4573368210624147]","[0.21814922562016836, 0.21814922562016836, 0.24203472635973444, 0.21814922562016836]","[0.03780205100606088, 1.9800274756176517e-06, 0.040472095202173375, 0.026595481924580944]","[0.2, 0.2, 0.2, 0.2]","[0.2, 0.2, 0.2, 0.2]","[0.2, 0.13999999999999999, 0.2, 0.2]","[0.2, 0.13999999999999999, 0.2, 0.2]","[0.013721406008784505, 0.01892254532082956, 0.015539260000913432, 0.019206885834436378]","[22.65732190635694, 12.957920012117993]","[66.29659806299235, 25.34985266733197]",420,"body origin, body frame; no gravity/external torque","[0.0028143229321103518, 0.002807809374780887, 0.00047437990179147546]",0.004003653749081373,0.006311636839604577,0.08005064686229921,0.1253565929926953,"[0.0013951266530901132, 0.0005697454491791636, 0.00011060019931479245]",0.0015110329775062023,0.004693227391072655,0.041634160856572046,0.16992668201525918,"[0.003351839725377734, 0.002901833582129828, 0.0005005086561443168]",0.004461611435106389,0.006470005378526493,0.09507602808489253,0.24182731803039315,"[0.002814533171453274, 0.002807824106055525, 0.00047437990179147546]",0.004003811868080348,0.006311845310610555,0.08005064686229921,0.1253565929926953,"[3.5804108623271147e-07, 9.654793188167925e-08, 1.5149299588353407e-19]",3.7083004541343355e-07,8.886135885667212e-07,0.0,0.0,
combined_motor2_70-A_best-oracle_integral_020,A_best,combined_motor2_70,oracle_integral_020,oracle,integral_020,False,5.84,max_tilt,full_0_60,False,False,,,,,,,,,,,,,,,,,,,,,,,,,,,,,,,,,,,,,,,,,,,,,,,,,,,,,,,,,,,,,,,,,,,,,,,,,,,,,,,,,,,,,,,,,,,,,,,,,,,,,,,,,,,,,,,,,,,,,,,
combined_motor2_70-A_best-oracle_integral_020,A_best,combined_motor2_70,oracle_integral_020,oracle,integral_020,False,5.84,max_tilt,pre_3_5,False,True,"[-0.0013762209747797006, -0.03394071372641852]",0.03396860362791085,0.03434312551221735,0.00505808634938127,0.04202876009700014,0.006461303150693078,0.006461303150693078,0.006514672681031438,0.0008321789085413145,0.00764533581176674,0.034955560789220526,-1.196010521523072e-18,2.9434394917086937e-20,200,3.0100000000000002,5.0,0.01781773481441743,0.0020676966020689133,0.13258369413821072,0.025034986860578704,1.2888247983587884,0.13835220135746942,-0.017049457305259485,0.017926745993967864,-0.9768619465798581,1.0271268858574145,[0.0],[0.0],0.0,[0.0],[0.0],0.0,[0.0],[0.0],0.0,[0.0],[0.0],0.0,[0.0],[0.0],0.0,[0.0],[0.0],0.0,[0.0],[0.0],0.0,[0.0],[0.0],0.0,"[0.0005317849180558472, 0.04036298771930876, -0.003446314771563318]",0.04036649071727863,0.003446314771563318,every physics interval; dwell = interval count * physics_dt,0.002,"[0.0, 0.0, 0.0, 0.0]","[0.0, 0.0, 0.0, 0.0]",0.0,"[0.0, 0.0, 0.0, 0.0]","[0.0, 0.0, 0.0, 0.0]",0.0,"[0.0, 0.0, 0.0, 0.0]","[0.0, 0.0, 0.0, 0.0]",0.0,"[0.0, 0.0, 0.0, 0.0]","[0.0, 0.0, 0.0, 0.0]",0.0,"[0.0, 0.0, 0.0, 0.0]","[0.0, 0.0, 0.0, 0.0]",0.0,"[0.0, 0.0, 0.0, 0.0]","[0.0, 0.0, 0.0, 0.0]",0.0,"[0.0, 0.0, 0.0, 0.0]","[0.0, 0.0, 0.0, 0.0]",0.0,"[0.0, 0.0, 0.0, 0.0]","[0.0, 0.0, 0.0, 0.0]",0.0,"[0.1286521506890696, 0.12844461108331476, 0.10804559548844418, 0.10813063400869422]","[0.0704205520538593, 0.07022776575248785, 0.0914774905322643, 0.0915774211876318]","[0.6047229077085022, 0.6041828680180733, 0.5498822374163427, 0.5501142823535156]","[0.39286683840895853, 0.3923662870166258, 0.4488170967093429, 0.4490894939910999]","[0.07044574252715669, 0.07033676785322185, 0.09147964821973983, 0.09164751159567998]","[0.2, 0.2, 0.2, 0.2]","[0.2, 0.2, 0.2, 0.2]","[0.2, 0.2, 0.2, 0.2]","[0.2, 0.2, 0.2, 0.2]","[8.021935177856664e-05, 0.00012823828722820522, 3.9664002765137794e-05, 4.897143087860749e-05]","[0.6081988488747602, 0.28546071011230867]","[1.1679558295903452, 0.5489320376388197]",1000,"body origin, body frame; no gravity/external torque","[2.0810764545932525e-07, 1.1467121381181574e-09, 2.168496544660732e-19]",2.0811080473476602e-07,2.127060284929037e-07,4.886873367543068e-17,5.551115123125783e-17,"[6.371429223359969e-06, 6.226329398131368e-06, 4.0903941829972697e-07]",8.917937057865075e-06,2.864124785292116e-05,0.0001979684280317938,0.0005323570009163059,"[6.390751196056103e-06, 6.225520297329793e-06, 4.0903941829970675e-07]",8.931187886730449e-06,2.8788666551361496e-05,0.00019796842803179596,0.0005323570009163059,"[7.551742329129542e-17, 1.4819281649461944e-18, 2.210205729671161e-19]",7.553228569119581e-17,7.721439710533009e-17,4.886873367543068e-17,5.551115123125783e-17,"[2.0810764553483633e-07, 1.1467121382351734e-09, 1.462668697448798e-19]",2.0811080481027686e-07,2.1270602856882547e-07,0.0,0.0,
combined_motor2_70-A_best-oracle_integral_020,A_best,combined_motor2_70,oracle_integral_020,oracle,integral_020,False,5.84,max_tilt,tail_18_20,False,False,,,,,,,,,,,,,,,,,,,,,,,,,,,,,,,,,,,,,,,,,,,,,,,,,,,,,,,,,,,,,,,,,,,,,,,,,,,,,,,,,,,,,,,,,,,,,,,,,,,,,,,,,,,,,,,,,,,,,,,
combined_motor2_70-A_best-oracle_integral_020,A_best,combined_motor2_70,oracle_integral_020,oracle,integral_020,False,5.84,max_tilt,pre_second_28_30,False,False,,,,,,,,,,,,,,,,,,,,,,,,,,,,,,,,,,,,,,,,,,,,,,,,,,,,,,,,,,,,,,,,,,,,,,,,,,,,,,,,,,,,,,,,,,,,,,,,,,,,,,,,,,,,,,,,,,,,,,,
combined_motor2_70-A_best-oracle_integral_020,A_best,combined_motor2_70,oracle_integral_020,oracle,integral_020,False,5.84,max_tilt,tail_58_60,False,False,,,,,,,,,,,,,,,,,,,,,,,,,,,,,,,,,,,,,,,,,,,,,,,,,,,,,,,,,,,,,,,,,,,,,,,,,,,,,,,,,,,,,,,,,,,,,,,,,,,,,,,,,,,,,,,,,,,,,,,
combined_motor2_70-A_best-oracle_integral_020,A_best,combined_motor2_70,oracle_integral_020,oracle,integral_020,False,5.84,max_tilt,fault_5_60,False,False,,,,,,,,,,,,,,,,,,,,,,,,,,,,,,,,,,,,,,,,,,,,,,,,,,,,,,,,,,,,,,,,,,,,,,,,,,,,,,,,,,,,,,,,,,,,,,,,,,,,,,,,,,,,,,,,,,,,,,,
combined_motor2_70-A_best-oracle_integral_020,A_best,combined_motor2_70,oracle_integral_020,oracle,integral_020,False,5.84,max_tilt,full_0_60,True,True,"[-0.011169844402488083, -0.048778243898176976]",0.05004080836443226,0.06813644595862789,0.04624384030449018,0.23642132761191179,0.003614899176310133,0.003614899176310133,0.00875674137067137,0.007975777289890922,0.053095524366846836,0.06869683971847501,-4.7704895589362195e-18,2.710505431213761e-20,584,0.01,5.84,0.19737317557891434,0.0751965175443515,0.348498987009224,0.0949724151065453,66.49506179428649,16.8808271318254,-0.007112705862213823,0.17861033543592864,-0.4075280268228113,10.233618397894642,[0.6900000000000001],[0.5],0.6900000000000001,[0.6900000000000001],[0.5],0.6900000000000001,[0.0],[0.0],0.0,[0.01],[0.01],0.01,[0.0],[0.0],0.0,[0.0],[0.0],0.0,[0.0],[0.0],0.0,[0.0],[0.0],0.0,"[0.004256329490529791, 0.04534128304981956, -0.004164842313356602]",0.04554062240830496,0.004164842313356602,every physics interval; dwell = interval count * physics_dt,0.002,"[0.01, 0.67, 0.0, 0.05]","[0.01, 0.5, 0.0, 0.05]",0.6900000000000001,"[0.0, 0.0, 0.0, 0.0]","[0.0, 0.0, 0.0, 0.0]",0.0,"[0.01, 0.67, 0.0, 0.05]","[0.01, 0.5, 0.0, 0.05]",0.6900000000000001,"[0.0, 0.0, 0.0, 0.0]","[0.0, 0.0, 0.0, 0.0]",0.0,"[0.0, 0.0, 0.0, 0.0]","[0.0, 0.0, 0.0, 0.0]",0.0,"[0.0, 0.0, 0.0, 0.0]","[0.0, 0.0, 0.0, 0.0]",0.0,"[0.01, 0.0, 0.0, 0.0]","[0.01, 0.0, 0.0, 0.0]",0.01,"[0.0, 0.0, 0.0, 0.0]","[0.0, 0.0, 0.0, 0.0]",0.0,"[0.09718071616773963, 0.10671204466234556, 0.07998123486979203, 0.07359464276866068]","[0.0, 0.0, 0.005979483074021186, 0.0]","[0.5197625969621892, 0.5462362977132903, 0.4697738162603868, 0.4503044787101178]","[0.21814922562016836, 0.21814922562016836, 0.23260512868825334, 0.21814922562016836]","[0.04367045344504622, 1.9794392215610745e-06, 0.037074893961123484, 0.023518859244416546]","[0.2, 0.2, 0.2, 0.2]","[0.2, 0.2, 0.2, 0.2]","[0.2, 0.13999999999999999, 0.2, 0.2]","[0.2, 0.2, 0.2, 0.2]","[0.00660892281433526, 0.008236141928231215, 0.0063387832635341795, 0.007959813124465675]","[8.840614767775543, 5.137381042964304]","[65.7771825499117, 26.015212108545196]",2920,"body origin, body frame; no gravity/external torque","[0.001071298535307135, 0.0010711368546843434, 0.0001815762361352248]",0.001525773457215492,0.006345940285048748,0.030574951509230067,0.12603788033247398,"[0.0006477277766214547, 0.0002890903765521945, 4.546887562349063e-05]",0.000710768553801114,0.00467559899559571,0.01714335180824816,0.16996186859562346,"[0.0013245502576501803, 0.0011235060855188052, 0.0001927160904378849]",0.0017475236195120829,0.006494957458981429,0.03699797151590038,0.25939713171640943,"[0.0010713771477641697, 0.0010711430836451712, 0.00018157623613522487]",0.0015258330275365025,0.006346148893677865,0.030574951509230067,0.12603788033247398,"[2.439375610177543e-07, 4.677219179380655e-08, 1.4879906154792472e-19]",2.483811015365038e-07,9.372688645367171e-07,0.0,0.0,
combined_motor2_70-A_best-oracle_integral_020,A_best,combined_motor2_70,oracle_integral_020,oracle,integral_020,False,5.84,max_tilt,pre_3_5,True,False,,,,,,,,,,,,,,,,,,,,,,,,,,,,,,,,,,,,,,,,,,,,,,,,,,,,,,,,,,,,,,,,,,,,,,,,,,,,,,,,,,,,,,,,,,,,,,,,,,,,,,,,,,,,,,,,,,,,,,,
combined_motor2_70-A_best-oracle_integral_020,A_best,combined_motor2_70,oracle_integral_020,oracle,integral_020,False,5.84,max_tilt,tail_18_20,True,False,,,,,,,,,,,,,,,,,,,,,,,,,,,,,,,,,,,,,,,,,,,,,,,,,,,,,,,,,,,,,,,,,,,,,,,,,,,,,,,,,,,,,,,,,,,,,,,,,,,,,,,,,,,,,,,,,,,,,,,
combined_motor2_70-A_best-oracle_integral_020,A_best,combined_motor2_70,oracle_integral_020,oracle,integral_020,False,5.84,max_tilt,pre_second_28_30,True,False,,,,,,,,,,,,,,,,,,,,,,,,,,,,,,,,,,,,,,,,,,,,,,,,,,,,,,,,,,,,,,,,,,,,,,,,,,,,,,,,,,,,,,,,,,,,,,,,,,,,,,,,,,,,,,,,,,,,,,,
combined_motor2_70-A_best-oracle_integral_020,A_best,combined_motor2_70,oracle_integral_020,oracle,integral_020,False,5.84,max_tilt,tail_58_60,True,False,,,,,,,,,,,,,,,,,,,,,,,,,,,,,,,,,,,,,,,,,,,,,,,,,,,,,,,,,,,,,,,,,,,,,,,,,,,,,,,,,,,,,,,,,,,,,,,,,,,,,,,,,,,,,,,,,,,,,,,
combined_motor2_70-A_best-oracle_integral_020,A_best,combined_motor2_70,oracle_integral_020,oracle,integral_020,False,5.84,max_tilt,fault_5_60,True,True,"[-0.07448829622427564, -0.09857356496287223]",0.12355263649103174,0.14682575110979462,0.07932557724385199,0.23642132761191179,0.00456099484469555,0.00456099484469555,0.017981548796185087,0.01739348795199646,0.053095524366846836,0.1479227409361554,1.734723475976807e-18,-5.421010862427522e-20,84,5.01,5.84,0.5078664820751214,0.19732013688380973,0.8105088026570437,0.24261448516627654,66.49506179428649,16.8808271318254,0.024869079532757972,0.17861033543592864,1.424893297602209,10.233618397894642,[0.6900000000000001],[0.5],0.6900000000000001,[0.6900000000000001],[0.5],0.6900000000000001,[0.0],[0.0],0.0,[0.01],[0.01],0.01,[0.0],[0.0],0.0,[0.0],[0.0],0.0,[0.0],[0.0],0.0,[0.0],[0.0],0.0,"[0.004256329490529791, 0.04534128304981956, -0.004164842313356602]",0.04554062240830496,0.004164842313356602,every physics interval; dwell = interval count * physics_dt,0.002,"[0.01, 0.67, 0.0, 0.05]","[0.01, 0.5, 0.0, 0.05]",0.6900000000000001,"[0.0, 0.0, 0.0, 0.0]","[0.0, 0.0, 0.0, 0.0]",0.0,"[0.01, 0.67, 0.0, 0.05]","[0.01, 0.5, 0.0, 0.05]",0.6900000000000001,"[0.0, 0.0, 0.0, 0.0]","[0.0, 0.0, 0.0, 0.0]",0.0,"[0.0, 0.0, 0.0, 0.0]","[0.0, 0.0, 0.0, 0.0]",0.0,"[0.0, 0.0, 0.0, 0.0]","[0.0, 0.0, 0.0, 0.0]",0.0,"[0.01, 0.0, 0.0, 0.0]","[0.01, 0.0, 0.0, 0.0]",0.01,"[0.0, 0.0, 0.0, 0.0]","[0.0, 0.0, 0.0, 0.0]",0.0,"[0.09718071616773963, 0.12212552070001391, 0.07998123486979203, 0.07359464276866068]","[0.0, 0.0, 0.005979483074021186, 0.0]","[0.5197625969621892, 0.5876303925039426, 0.4697738162603868, 0.4503044787101178]","[0.21814922562016836, 0.21814922562016836, 0.23260512868825334, 0.21814922562016836]","[0.04367045344504622, 1.9794392215610745e-06, 0.037074893961123484, 0.023518859244416546]","[0.2, 0.2, 0.2, 0.2]","[0.2, 0.2, 0.2, 0.2]","[0.2, 0.13999999999999999, 0.2, 0.2]","[0.2, 0.13999999999999999, 0.2, 0.2]","[0.013673293094587645, 0.018945584124140328, 0.016261442147295024, 0.01989090441155007]","[23.037212236966088, 13.496881918157396]","[65.7771825499117, 26.015212108545196]",420,"body origin, body frame; no gravity/external torque","[0.0028247322217373944, 0.0028243059614459307, 0.0004787687438200249]",0.004023062987133,0.006345940285048748,0.0806180998020616,0.12603788033247398,"[0.001433313381837478, 0.0005710276627683212, 0.00011255108775624409]",0.0015469736874155788,0.00467559899559571,0.04276431504040396,0.16996186859562346,"[0.0033667884957468593, 0.002919052360296523, 0.0005064604216419408]",0.0044847110961505465,0.006494957458981429,0.09644835916020031,0.25939713171640943,"[0.0028249395521698717, 0.0028243223866937527, 0.00047876874382002507]",0.0040232200943339175,0.006346148893677865,0.0806180998020616,0.12603788033247398,"[3.6168138222171636e-07, 9.432130950617112e-08, 1.3795583822016201e-19]",3.7377791758311544e-07,9.372688645367171e-07,0.0,0.0,
combined_motor2_70-B_best-existing_no_integral,B_best,combined_motor2_70,existing_no_integral,existing,no_integral,True,60.0,horizon,full_0_60,False,True,"[-0.11544614084829947, -0.23526841953852876]",0.2620668629737888,0.26786859349720515,0.05544855916295933,0.3077965336413829,-0.05861522762956857,0.05861522762956857,0.05963235124009331,0.010966877602841322,0.0686340280702219,0.2744259475643526,1.6219664500383146e-16,1.713039432527097e-17,6000,0.01,60.0,0.05584018491062458,0.01194910990325898,1.0753515954449675,0.2393633161403529,10.99573185508354,2.285664369040836,0.16862032130700166,0.18658743967806024,9.661232751031065,10.690672803704688,[0.0],[0.0],0.0,[0.19],[0.13],0.19,[0.0],[0.0],0.0,[0.0],[0.0],0.0,[0.0],[0.0],0.0,[0.0],[0.0],0.0,[0.0],[0.0],0.0,[0.0],[0.0],0.0,"[0.0, 0.0, 0.0]",0.0,0.0,every physics interval; dwell = interval count * physics_dt,0.002,"[0.0, 0.19, 0.0, 0.0]","[0.0, 0.13, 0.0, 0.0]",0.19,"[0.0, 0.0, 0.0, 0.0]","[0.0, 0.0, 0.0, 0.0]",0.0,"[0.0, 0.19, 0.0, 0.0]","[0.0, 0.13, 0.0, 0.0]",0.19,"[0.0, 0.0, 0.0, 0.0]","[0.0, 0.0, 0.0, 0.0]",0.0,"[0.0, 0.0, 0.0, 0.0]","[0.0, 0.0, 0.0, 0.0]",0.0,"[0.0, 0.0, 0.0, 0.0]","[0.0, 0.0, 0.0, 0.0]",0.0,"[0.0, 0.0, 0.0, 0.0]","[0.0, 0.0, 0.0, 0.0]",0.0,"[0.0, 0.0, 0.0, 0.0]","[0.0, 0.0, 0.0, 0.0]",0.0,"[0.09418884161897935, 0.10825664557542906, 0.08326370394083384, 0.06572417896882694]","[0.040353642000789114, 0.0, 0.06820138550869323, 0.05233030507211811]","[0.511288656165486, 0.5504580320901427, 0.47957048960969867, 0.4254642996312778]","[0.31667903925676577, 0.21814922562016836, 0.38711608592882263, 0.34662397234220177]","[0.05647114694600516, 0.00038613530781708705, 0.07733320409324954, 0.0741110487314964]","[0.2, 0.2, 0.2, 0.2]","[0.2, 0.2, 0.2, 0.2]","[0.2, 0.13999999999999999, 0.2, 0.2]","[0.2, 0.2, 0.2, 0.2]","[0.0014618632742527133, 0.0014631750969152269, 0.0012890225262830145, 0.0018251594447677272]","[1.1490975079076051, 1.3583178266913296]","[8.038170226667585, 7.810077020952841]",30000,"body origin, body frame; no gravity/external torque","[0.00187590102471174, 0.0018761002907522937, 0.00031520399363005254]",0.002671724258428576,0.004477912220571085,0.053064645392264555,0.08894030164239536,"[0.0001266120973853312, 8.499104346499507e-05, 8.695607580511966e-06]",0.00015274067652323482,0.0027832196451146704,0.0035951357477915016,0.09723492431814068,"[0.0018815841640909157, 0.0018792141645018507, 0.00031550514611430457]",0.0026779373293351586,0.005723854577342501,0.05323473060624129,0.16396007155122427,"[0.0018761005378435732, 0.0018761005378435211, 0.0003152039936300525]",0.0026718645201046502,0.004478244122976106,0.053064645392264555,0.08894030164239536,"[2.0937684755669325e-07, 1.2943602118969485e-08, 1.5217502656874768e-19]",2.0977655047357527e-07,5.408030790425965e-07,0.0,0.0,
combined_motor2_70-B_best-existing_no_integral,B_best,combined_motor2_70,existing_no_integral,existing,no_integral,True,60.0,horizon,pre_3_5,False,True,"[-0.007227807318739847, -0.11576090123253488]",0.11598632442148309,0.11600193962404913,0.0019032981206372804,0.11811826004150798,-0.021882190852338383,0.021882190852338383,0.021884312667666033,0.000304736669939242,0.0224318884361826,0.11804818142384789,-6.856731708023561e-18,6.912318245187125e-19,200,3.0100000000000002,5.0,0.010812944897818725,0.0006379146799245504,0.46481609584754713,0.0870852088086187,0.7091316679268429,0.10089984394496901,0.0331859892114901,0.03423514585571705,1.9014171207850656,1.961529368547378,[0.0],[0.0],0.0,[0.0],[0.0],0.0,[0.0],[0.0],0.0,[0.0],[0.0],0.0,[0.0],[0.0],0.0,[0.0],[0.0],0.0,[0.0],[0.0],0.0,[0.0],[0.0],0.0,"[0.0, 0.0, 0.0]",0.0,0.0,every physics interval; dwell = interval count * physics_dt,0.002,"[0.0, 0.0, 0.0, 0.0]","[0.0, 0.0, 0.0, 0.0]",0.0,"[0.0, 0.0, 0.0, 0.0]","[0.0, 0.0, 0.0, 0.0]",0.0,"[0.0, 0.0, 0.0, 0.0]","[0.0, 0.0, 0.0, 0.0]",0.0,"[0.0, 0.0, 0.0, 0.0]","[0.0, 0.0, 0.0, 0.0]",0.0,"[0.0, 0.0, 0.0, 0.0]","[0.0, 0.0, 0.0, 0.0]",0.0,"[0.0, 0.0, 0.0, 0.0]","[0.0, 0.0, 0.0, 0.0]",0.0,"[0.0, 0.0, 0.0, 0.0]","[0.0, 0.0, 0.0, 0.0]",0.0,"[0.0, 0.0, 0.0, 0.0]","[0.0, 0.0, 0.0, 0.0]",0.0,"[0.1285099397085039, 0.1285217363517178, 0.10791044309533074, 0.10779423455337894]","[0.07039375458276317, 0.07038143278600059, 0.09133535289824161, 0.09144046317041792]","[0.6043528836395172, 0.6043835816940966, 0.5495133360944132, 0.5491960337617741]","[0.3927972501797944, 0.3927652538895271, 0.44842977551179775, 0.4487161838523982]","[0.07064502202616924, 0.07065259801531365, 0.09152049077642371, 0.09156116547402889]","[0.2, 0.2, 0.2, 0.2]","[0.2, 0.2, 0.2, 0.2]","[0.2, 0.2, 0.2, 0.2]","[0.2, 0.2, 0.2, 0.2]","[0.00018851766117520443, 0.00020065200162912127, 0.0001346309969211392, 0.00011789458175069458]","[0.25946314319192465, 0.24500266944817448]","[0.5139089296188899, 0.49129070879379344]",1000,"body origin, body frame; no gravity/external torque","[2.0817285402058348e-07, 3.4650999178657644e-09, 2.1629890974892638e-19]",2.0820169083971433e-07,2.0974951529110389e-07,4.6443961262081255e-17,5.551115123125783e-17,"[1.6601997250726457e-06, 2.2353181165637604e-05, 8.742350160095662e-07]",2.2431791239536895e-05,5.580348101151597e-05,8.835732252546918e-05,0.0003193918037425747,"[1.6654487113730413e-06, 2.2350004145968184e-05, 8.742350160095768e-07]",2.2429014503500294e-05,5.5788082370752656e-05,8.835732252545874e-05,0.0003193918037425747,"[7.558970150535751e-17, 1.4768782567441828e-18, 2.3539345386802585e-19]",7.560449426543647e-17,7.764361209866394e-17,4.6443961262081255e-17,5.551115123125783e-17,"[2.081728540961695e-07, 3.4650999179789856e-09, 1.486583122313011e-19]",2.082016909152916e-07,2.0974951536672847e-07,0.0,0.0,
combined_motor2_70-B_best-existing_no_integral,B_best,combined_motor2_70,existing_no_integral,existing,no_integral,True,60.0,horizon,tail_18_20,False,True,"[-0.126433847388181, -0.24855123231248918]",0.27886059752040054,0.27891654901307655,0.0055864536093276395,0.2865648198287865,-0.0618651916458672,0.0618651916458672,0.061874833596284255,0.0010922889672565295,0.06343544426795145,0.2856972809564904,-6.155557834286451e-17,-4.393983413881683e-19,200,18.01,20.0,0.034406902580542825,0.006532974961109673,1.115222811490403,0.24782817752640135,1.7849149790865881,0.18883167219547523,0.18234684028663053,0.1856477568281251,10.44770435597002,10.63683294232258,[0.0],[0.0],0.0,[0.0],[0.0],0.0,[0.0],[0.0],0.0,[0.0],[0.0],0.0,[0.0],[0.0],0.0,[0.0],[0.0],0.0,[0.0],[0.0],0.0,[0.0],[0.0],0.0,"[0.0, 0.0, 0.0]",0.0,0.0,every physics interval; dwell = interval count * physics_dt,0.002,"[0.0, 0.0, 0.0, 0.0]","[0.0, 0.0, 0.0, 0.0]",0.0,"[0.0, 0.0, 0.0, 0.0]","[0.0, 0.0, 0.0, 0.0]",0.0,"[0.0, 0.0, 0.0, 0.0]","[0.0, 0.0, 0.0, 0.0]",0.0,"[0.0, 0.0, 0.0, 0.0]","[0.0, 0.0, 0.0, 0.0]",0.0,"[0.0, 0.0, 0.0, 0.0]","[0.0, 0.0, 0.0, 0.0]",0.0,"[0.0, 0.0, 0.0, 0.0]","[0.0, 0.0, 0.0, 0.0]",0.0,"[0.0, 0.0, 0.0, 0.0]","[0.0, 0.0, 0.0, 0.0]",0.0,"[0.0, 0.0, 0.0, 0.0]","[0.0, 0.0, 0.0, 0.0]",0.0,"[0.12831229128929816, 0.1829695863584985, 0.10737251828930938, 0.10750808645696834]","[0.07015633716448533, 0.014277956318384383, 0.09087334484873581, 0.09107922208558336]","[0.6038384431259121, 0.7405837905716786, 0.5480437086458362, 0.5484142892354292]","[0.3921808766030962, 0.2527242275482583, 0.44717183811196504, 0.4477321999738424]","[0.07019347636517032, 0.010035645862255416, 0.09091153886427013, 0.0911016242215208]","[0.2, 0.2, 0.2, 0.2]","[0.2, 0.2, 0.2, 0.2]","[0.2, 0.13999999999999999, 0.2, 0.2]","[0.2, 0.13999999999999999, 0.2, 0.2]","[0.00014671748959318128, 0.0002644694184507709, 0.0001678767835001896, 0.00013964921534693564]","[0.6418691449745446, 1.042520611762214]","[0.9770009451202966, 1.6165889416154593]",1000,"body origin, body frame; no gravity/external torque","[0.00195586247750574, 0.0019560705926068406, 0.00032863978984164194]",0.002785608426474066,0.002805244538218002,0.05532656394640426,0.055716613104484614,"[4.148249753494502e-06, 4.927490705266708e-06, 9.798117707420367e-07]",6.515226149101934e-06,1.0888032748413864e-05,0.000594593801705199,0.0010810525930407544,"[0.0019559566266960197, 0.0019562538089060227, 0.0003286301214262074]",0.0027858020473615847,0.0028036167252241243,0.0553506419314571,0.056569933582758414,"[0.0019560706683251924, 0.0019560706683251286, 0.0003286397898416419]",0.002785754660847083,0.0028053940742242527,0.05532656394640426,0.055716613104484614,"[2.0819775538732848e-07, 2.3981578903315446e-09, 1.5561228623389326e-19]",2.0821156670461174e-07,2.1130291339717004e-07,0.0,0.0,
combined_motor2_70-B_best-existing_no_integral,B_best,combined_motor2_70,existing_no_integral,existing,no_integral,True,60.0,horizon,pre_second_28_30,False,True,"[-0.12637259308487908, -0.24844343544758896]",0.27873674479694405,0.2787450188158796,0.002147699855258568,0.28147393395862497,-0.06179981417884448,0.06179981417884448,0.06180116380930576,0.0004084307100815166,0.06240191835916731,0.28551386895009095,8.126518799252483e-17,-8.892522457190069e-19,200,28.01,30.0,0.013071712531187794,0.002579864691696191,1.1147007606359849,0.24718916274208547,0.663136302814858,0.07278605898070568,0.18304037151802258,0.1843565778699389,10.487440768489295,10.562853837422411,[0.0],[0.0],0.0,[0.0],[0.0],0.0,[0.0],[0.0],0.0,[0.0],[0.0],0.0,[0.0],[0.0],0.0,[0.0],[0.0],0.0,[0.0],[0.0],0.0,[0.0],[0.0],0.0,"[0.0, 0.0, 0.0]",0.0,0.0,every physics interval; dwell = interval count * physics_dt,0.002,"[0.0, 0.0, 0.0, 0.0]","[0.0, 0.0, 0.0, 0.0]",0.0,"[0.0, 0.0, 0.0, 0.0]","[0.0, 0.0, 0.0, 0.0]",0.0,"[0.0, 0.0, 0.0, 0.0]","[0.0, 0.0, 0.0, 0.0]",0.0,"[0.0, 0.0, 0.0, 0.0]","[0.0, 0.0, 0.0, 0.0]",0.0,"[0.0, 0.0, 0.0, 0.0]","[0.0, 0.0, 0.0, 0.0]",0.0,"[0.0, 0.0, 0.0, 0.0]","[0.0, 0.0, 0.0, 0.0]",0.0,"[0.0, 0.0, 0.0, 0.0]","[0.0, 0.0, 0.0, 0.0]",0.0,"[0.0, 0.0, 0.0, 0.0]","[0.0, 0.0, 0.0, 0.0]",0.0,"[0.12877976138916597, 0.18385517436583684, 0.10792527049923538, 0.1079846535989886]","[0.07065385201935614, 0.015121557698592553, 0.09142128343923676, 0.09146411534538894]","[0.6050548550002369, 0.7427380626258625, 0.5495538144386977, 0.5497159120400472]","[0.3934728288426992, 0.2547741353229912, 0.44866391616092505, 0.4487806433590086]","[0.07066639257570853, 0.010600208085319252, 0.09143535975423528, 0.09147410487647961]","[0.2, 0.2, 0.2, 0.2]","[0.2, 0.2, 0.2, 0.2]","[0.2, 0.13999999999999999, 0.2, 0.2]","[0.2, 0.13999999999999999, 0.2, 0.2]","[5.6317057035570057e-05, 0.00010253406803166996, 6.518206669129166e-05, 5.300125393639795e-05]","[0.25208594144147123, 0.39782880225906836]","[0.37752192369346915, 0.5998329806281858]",1000,"body origin, body frame; no gravity/external torque","[0.0019553273938091886, 0.0019555354876366455, 0.000328549869705812]",0.002784846365110764,0.002792503931845344,0.05531142587639937,0.05546353269042226,"[1.5428603420489585e-06, 1.8830589354833024e-06, 3.6238907085079056e-07]",2.461230348472698e-06,3.984446638966196e-06,0.00023035169218407918,0.0003728106424555344,"[0.001955375533530532, 0.00195557155938448, 0.00032853638026165435]",0.0027849039039361287,0.0027916274334091992,0.055310093280097186,0.0557547805375575,"[0.0019555354618601708, 0.001955535461860106, 0.00032854986970581195]",0.0027849924420128677,0.002792651191009483,0.05531142587639937,0.05546353269042226,"[2.0806910417343538e-07, 9.282773184735896e-10, 1.6008053238269127e-19]",2.080711748664765e-07,2.0921465007750885e-07,0.0,0.0,
combined_motor2_70-B_best-existing_no_integral,B_best,combined_motor2_70,existing_no_integral,existing,no_integral,True,60.0,horizon,tail_58_60,False,True,"[-0.12627621463195374, -0.24837051891154335]",0.2786280622015029,0.2786280903760325,0.0001253013568758574,0.27879888337590353,-0.061805365080056476,0.061805365080056476,0.06180537004896646,2.4783272915015504e-05,0.06184106116026822,0.28540062458495813,-7.879734426580962e-17,-8.521752189298128e-19,200,58.01,60.0,0.0007754559586186646,0.0001476205629450398,1.1144953539224252,0.24722763797953376,0.039981786647533435,0.0041961323094679,0.18312795482471622,0.1832044400449332,10.49245892231864,10.496841202632202,[0.0],[0.0],0.0,[0.0],[0.0],0.0,[0.0],[0.0],0.0,[0.0],[0.0],0.0,[0.0],[0.0],0.0,[0.0],[0.0],0.0,[0.0],[0.0],0.0,[0.0],[0.0],0.0,"[0.0, 0.0, 0.0]",0.0,0.0,every physics interval; dwell = interval count * physics_dt,0.002,"[0.0, 0.0, 0.0, 0.0]","[0.0, 0.0, 0.0, 0.0]",0.0,"[0.0, 0.0, 0.0, 0.0]","[0.0, 0.0, 0.0, 0.0]",0.0,"[0.0, 0.0, 0.0, 0.0]","[0.0, 0.0, 0.0, 0.0]",0.0,"[0.0, 0.0, 0.0, 0.0]","[0.0, 0.0, 0.0, 0.0]",0.0,"[0.0, 0.0, 0.0, 0.0]","[0.0, 0.0, 0.0, 0.0]",0.0,"[0.0, 0.0, 0.0, 0.0]","[0.0, 0.0, 0.0, 0.0]",0.0,"[0.0, 0.0, 0.0, 0.0]","[0.0, 0.0, 0.0, 0.0]",0.0,"[0.0, 0.0, 0.0, 0.0]","[0.0, 0.0, 0.0, 0.0]",0.0,"[0.12904798563373063, 0.18434763260003062, 0.10823788289480783, 0.10824176909388197]","[0.07091786111322912, 0.015590643038863705, 0.09172269662311118, 0.09172644693992138]","[0.6057523034989999, 0.7439355257954747, 0.5504068564040738, 0.5504174563241119]","[0.39415891587495056, 0.2559144090887343, 0.44948562624387955, 0.4494958545470531]","[0.07091858605133783, 0.010914381567159931, 0.09172354935798932, 0.09172713373267909]","[0.2, 0.2, 0.2, 0.2]","[0.2, 0.2, 0.2, 0.2]","[0.2, 0.13999999999999999, 0.2, 0.2]","[0.2, 0.13999999999999999, 0.2, 0.2]","[3.251003408642734e-06, 5.873875724222285e-06, 3.7516874262069127e-06, 3.0846420536928455e-06]","[0.014408990726302954, 0.023378212500976357]","[0.021762017953718002, 0.0361133394777445]",1000,"body origin, body frame; no gravity/external torque","[0.001955411946138344, 0.0019556200203100587, 0.00032856407666931065]",0.0027849667673808293,0.0027854193318374446,0.055313817621095995,0.055322807088340864,"[9.27533909220512e-08, 1.1091493171652797e-07, 2.193252049017247e-08]",1.4624072298875148e-07,2.3284942378974292e-07,1.318742908185877e-05,2.1586128485850953e-05,"[0.001955414284584342, 0.0019556239332651896, 0.00032856385658507]",0.0027849711310119827,0.002785359664997379,0.05531436633131362,0.05533966533891932,"[0.0019556200219939188, 0.0019556200219938554, 0.0003285640766693107]",0.00278511286904576,0.002785565498822302,0.055313817621095995,0.055322807088340864,"[2.0807585907811812e-07, 5.37059988551067e-11, 1.3884562417838568e-19]",2.0807586600908608e-07,2.0814092179694917e-07,0.0,0.0,
combined_motor2_70-B_best-existing_no_integral,B_best,combined_motor2_70,existing_no_integral,existing,no_integral,True,60.0,horizon,fault_5_60,False,True,"[-0.12538033191955975, -0.24772023930655201]",0.27764283638220233,0.2780587004257728,0.015201851469973016,0.3077965336413829,-0.0618048752743609,0.0618048752743609,0.06185860003559122,0.002577555175728029,0.0686340280702219,0.28485632743689043,1.748276003132876e-16,1.6297760938119993e-17,5500,5.01,60.0,0.05565325080091793,0.010784782294282215,1.115720392880067,0.2481632881054444,10.99573185508354,2.285664369040836,0.18123609377460906,0.18658743967806024,10.384063268722313,10.690672803704688,[0.0],[0.0],0.0,[0.19],[0.13],0.19,[0.0],[0.0],0.0,[0.0],[0.0],0.0,[0.0],[0.0],0.0,[0.0],[0.0],0.0,[0.0],[0.0],0.0,[0.0],[0.0],0.0,"[0.0, 0.0, 0.0]",0.0,0.0,every physics interval; dwell = interval count * physics_dt,0.002,"[0.0, 0.19, 0.0, 0.0]","[0.0, 0.13, 0.0, 0.0]",0.19,"[0.0, 0.0, 0.0, 0.0]","[0.0, 0.0, 0.0, 0.0]",0.0,"[0.0, 0.19, 0.0, 0.0]","[0.0, 0.13, 0.0, 0.0]",0.19,"[0.0, 0.0, 0.0, 0.0]","[0.0, 0.0, 0.0, 0.0]",0.0,"[0.0, 0.0, 0.0, 0.0]","[0.0, 0.0, 0.0, 0.0]",0.0,"[0.0, 0.0, 0.0, 0.0]","[0.0, 0.0, 0.0, 0.0]",0.0,"[0.0, 0.0, 0.0, 0.0]","[0.0, 0.0, 0.0, 0.0]",0.0,"[0.0, 0.0, 0.0, 0.0]","[0.0, 0.0, 0.0, 0.0]",0.0,"[0.09418884161897935, 0.1289847698646895, 0.08326370394083384, 0.06572417896882694]","[0.040353642000789114, 0.0, 0.06924948765438038, 0.05233030507211811]","[0.511288656165486, 0.6055879599283807, 0.47957048960969867, 0.4254642996312778]","[0.31667903925676577, 0.21814922562016836, 0.3898291273260993, 0.34662397234220177]","[0.05647114694600516, 0.00038613530781708705, 0.07733320409324954, 0.0741110487314964]","[0.2, 0.2, 0.2, 0.2]","[0.2, 0.2, 0.2, 0.2]","[0.2, 0.13999999999999999, 0.2, 0.2]","[0.2, 0.13999999999999999, 0.2, 0.2]","[0.0013283869443330813, 0.001351656817904008, 0.0009363229017217038, 0.0015611474426813262]","[1.1233107717802364, 1.407551595850005]","[8.038170226667585, 7.810077020952841]",27500,"body origin, body frame; no gravity/external torque","[0.0019593147180283683, 0.0019595228457091863, 0.0003292198341539655]",0.002790524976834855,0.004477912220571085,0.05542421450403442,0.08894030164239536,"[7.585505915269396e-05, 8.64180222273665e-05, 8.865273683210034e-06]",0.00011532847715211788,0.0027832196451146704,0.0033305431228793105,0.09723492431814068,"[0.001962263856096498, 0.001962670233764535, 0.00032952846855265413]",0.002794842195730325,0.005723854577342501,0.05557481132550099,0.16396007155122427,"[0.001959523103790199, 0.001959523103790145, 0.00032921983415396547]",0.0027906714761460776,0.004478244122976106,0.05542421450403442,0.08894030164239536,"[2.086749794171732e-07, 1.3138606074340256e-08, 1.529664975369824e-19]",2.0908818714679705e-07,4.6821924681428534e-07,0.0,0.0,
combined_motor2_70-B_best-existing_no_integral,B_best,combined_motor2_70,existing_no_integral,existing,no_integral,True,60.0,horizon,full_0_60,True,False,,,,,,,,,,,,,,,,,,,,,,,,,,,,,,,,,,,,,,,,,,,,,,,,,,,,,,,,,,,,,,,,,,,,,,,,,,,,,,,,,,,,,,,,,,,,,,,,,,,,,,,,,,,,,,,,,,,,,,,
combined_motor2_70-B_best-existing_no_integral,B_best,combined_motor2_70,existing_no_integral,existing,no_integral,True,60.0,horizon,pre_3_5,True,False,,,,,,,,,,,,,,,,,,,,,,,,,,,,,,,,,,,,,,,,,,,,,,,,,,,,,,,,,,,,,,,,,,,,,,,,,,,,,,,,,,,,,,,,,,,,,,,,,,,,,,,,,,,,,,,,,,,,,,,
combined_motor2_70-B_best-existing_no_integral,B_best,combined_motor2_70,existing_no_integral,existing,no_integral,True,60.0,horizon,tail_18_20,True,False,,,,,,,,,,,,,,,,,,,,,,,,,,,,,,,,,,,,,,,,,,,,,,,,,,,,,,,,,,,,,,,,,,,,,,,,,,,,,,,,,,,,,,,,,,,,,,,,,,,,,,,,,,,,,,,,,,,,,,,
combined_motor2_70-B_best-existing_no_integral,B_best,combined_motor2_70,existing_no_integral,existing,no_integral,True,60.0,horizon,pre_second_28_30,True,False,,,,,,,,,,,,,,,,,,,,,,,,,,,,,,,,,,,,,,,,,,,,,,,,,,,,,,,,,,,,,,,,,,,,,,,,,,,,,,,,,,,,,,,,,,,,,,,,,,,,,,,,,,,,,,,,,,,,,,,
combined_motor2_70-B_best-existing_no_integral,B_best,combined_motor2_70,existing_no_integral,existing,no_integral,True,60.0,horizon,tail_58_60,True,False,,,,,,,,,,,,,,,,,,,,,,,,,,,,,,,,,,,,,,,,,,,,,,,,,,,,,,,,,,,,,,,,,,,,,,,,,,,,,,,,,,,,,,,,,,,,,,,,,,,,,,,,,,,,,,,,,,,,,,,
combined_motor2_70-B_best-existing_no_integral,B_best,combined_motor2_70,existing_no_integral,existing,no_integral,True,60.0,horizon,fault_5_60,True,False,,,,,,,,,,,,,,,,,,,,,,,,,,,,,,,,,,,,,,,,,,,,,,,,,,,,,,,,,,,,,,,,,,,,,,,,,,,,,,,,,,,,,,,,,,,,,,,,,,,,,,,,,,,,,,,,,,,,,,,
combined_motor2_70-B_best-existing_integral_020,B_best,combined_motor2_70,existing_integral_020,existing,integral_020,True,60.0,horizon,full_0_60,False,True,"[-0.010564912675227672, -0.020897648887772645]",0.023416428183474343,0.05174588495938971,0.046144420045749805,0.22961961405632828,-0.005213872979680015,0.005213872979680015,0.011144225446243775,0.009849329385723133,0.0487769906508565,0.052932318776217444,-1.3444106938820255e-17,6.776263578034403e-19,6000,0.01,60.0,0.055020723975684686,0.012049446915218065,0.21422810952729243,0.04618924463664143,11.102655336985439,2.2842334203408368,0.16816444185345597,0.18532781662220008,9.635112782376167,10.61850171882653,[0.19],[0.13],0.19,[0.19],[0.13],0.19,[0.0],[0.0],0.0,[0.0],[0.0],0.0,[0.0],[0.0],0.0,[0.0],[0.0],0.0,[0.0],[0.0],0.0,[0.0],[0.0],0.0,"[0.1262748020225364, 0.24837077900315005, 0.06180563724388205]",0.27864099671933745,0.06180616583196412,every physics interval; dwell = interval count * physics_dt,0.002,"[0.0, 0.19, 0.0, 0.0]","[0.0, 0.13, 0.0, 0.0]",0.19,"[0.0, 0.0, 0.0, 0.0]","[0.0, 0.0, 0.0, 0.0]",0.0,"[0.0, 0.19, 0.0, 0.0]","[0.0, 0.13, 0.0, 0.0]",0.19,"[0.0, 0.0, 0.0, 0.0]","[0.0, 0.0, 0.0, 0.0]",0.0,"[0.0, 0.0, 0.0, 0.0]","[0.0, 0.0, 0.0, 0.0]",0.0,"[0.0, 0.0, 0.0, 0.0]","[0.0, 0.0, 0.0, 0.0]",0.0,"[0.0, 0.0, 0.0, 0.0]","[0.0, 0.0, 0.0, 0.0]",0.0,"[0.0, 0.0, 0.0, 0.0]","[0.0, 0.0, 0.0, 0.0]",0.0,"[0.09433851101365291, 0.10825664557542906, 0.08346638314683427, 0.06580143988824161]","[0.04062879225421365, 0.0, 0.06818323880226412, 0.05238209852959633]","[0.5117145788137558, 0.5504580320901427, 0.4801710485013307, 0.4257132192891571]","[0.3173621148685397, 0.21814922562016836, 0.3870691595200648, 0.3467544939656724]","[0.05664538589074514, 0.0003876623242360655, 0.07734847268417161, 0.07411858561412948]","[0.2, 0.2, 0.2, 0.2]","[0.2, 0.2, 0.2, 0.2]","[0.2, 0.13999999999999999, 0.2, 0.2]","[0.2, 0.2, 0.2, 0.2]","[0.0014591726905909318, 0.0014626370914847739, 0.0012851764243075813, 0.0018220798901594018]","[1.1316375323047991, 1.3230867287991028]","[8.09910431627374, 7.889791763908538]",30000,"body origin, body frame; no gravity/external torque","[0.0018758048535006677, 0.0018760041165650978, 0.0003151878351939467]",0.0026715872932098063,0.004461175335963082,0.05306192511682599,0.08860788988990809,"[0.00012673402704707086, 8.505420201121185e-05, 8.684779181088966e-06]",0.0001528762776913281,0.0027853271219057544,0.0035747338308219747,0.09660389226309607,"[0.0018815013053900033, 0.0018791251185594723, 0.0003154874288771702]",0.002677814536364489,0.0057056704280484625,0.05323042855009805,0.16314141697716944,"[0.001876004362505446, 0.001876004362505375, 0.0003151878351939467]",0.002671727551179757,0.004461506817733203,0.05306192511682599,0.08860788988990809,"[2.0937381657396488e-07, 1.2929831033461423e-08, 1.5424657422660348e-19]",2.0977267600262638e-07,5.408038331031237e-07,0.0,0.0,
combined_motor2_70-B_best-existing_integral_020,B_best,combined_motor2_70,existing_integral_020,existing,integral_020,True,60.0,horizon,pre_3_5,False,True,"[-0.004187695330653558, -0.06881756069130207]",0.06894485805107892,0.0694313284559983,0.008204627930704504,0.08554277553685484,-0.006968926635508406,0.006968926635508406,0.00707016276914441,0.0011921674090065056,0.009470393551187728,0.069790375932122,2.710505431213761e-19,-4.573977915173222e-20,200,3.0100000000000002,5.0,0.01848654670210787,0.0022411086012451937,0.26269921547474195,0.02613200530656451,0.6969845596171707,0.09785248613941286,0.03228178230130306,0.03327753053352707,1.8496098810247834,1.9066620521888318,[0.0],[0.0],0.0,[0.0],[0.0],0.0,[0.0],[0.0],0.0,[0.0],[0.0],0.0,[0.0],[0.0],0.0,[0.0],[0.0],0.0,[0.0],[0.0],0.0,[0.0],[0.0],0.0,"[0.004380421735784618, 0.0733000014506336, 0.014063603968860543]",0.07343077220924632,0.014063603968860543,every physics interval; dwell = interval count * physics_dt,0.002,"[0.0, 0.0, 0.0, 0.0]","[0.0, 0.0, 0.0, 0.0]",0.0,"[0.0, 0.0, 0.0, 0.0]","[0.0, 0.0, 0.0, 0.0]",0.0,"[0.0, 0.0, 0.0, 0.0]","[0.0, 0.0, 0.0, 0.0]",0.0,"[0.0, 0.0, 0.0, 0.0]","[0.0, 0.0, 0.0, 0.0]",0.0,"[0.0, 0.0, 0.0, 0.0]","[0.0, 0.0, 0.0, 0.0]",0.0,"[0.0, 0.0, 0.0, 0.0]","[0.0, 0.0, 0.0, 0.0]",0.0,"[0.0, 0.0, 0.0, 0.0]","[0.0, 0.0, 0.0, 0.0]",0.0,"[0.0, 0.0, 0.0, 0.0]","[0.0, 0.0, 0.0, 0.0]",0.0,"[0.1284778014641035, 0.12848771051303537, 0.10787905317144282, 0.10778052829135724]","[0.07043231253041884, 0.07042119722773188, 0.09136501528355769, 0.09146010892446949]","[0.6042692476313865, 0.6042950353309706, 0.5494276371961685, 0.549158602779479]","[0.39289737939473557, 0.3928685138542205, 0.4485105924544509, 0.44876972433101203]","[0.07067383640126179, 0.07068182098803935, 0.09155058366602074, 0.09158098809558976]","[0.2, 0.2, 0.2, 0.2]","[0.2, 0.2, 0.2, 0.2]","[0.2, 0.2, 0.2, 0.2]","[0.2, 0.2, 0.2, 0.2]","[0.00018710009746375448, 0.00019869619135330977, 0.00013412585990487657, 0.00011637651195005207]","[0.25520756340859846, 0.241771221309098]","[0.510300315177618, 0.48199318179417616]",1000,"body origin, body frame; no gravity/external torque","[2.081493115406427e-07, 3.4350273157565928e-09, 2.1419983559861653e-19]",2.081776532375735e-07,2.0966800134415962e-07,4.775249788392736e-17,5.551115123125783e-17,"[1.6313661835175863e-06, 2.217934357296512e-05, 8.66035571930658e-07]",2.2256114992608285e-05,5.532131195321488e-05,8.520097470775832e-05,0.00031037921117132994,"[1.6347119703410875e-06, 2.2176193212051036e-05, 8.660355719306595e-07]",2.225322103013504e-05,5.530696438719077e-05,8.520097470774714e-05,0.00031037921117127443,"[7.553440530201487e-17, 1.4829335484469914e-18, 2.3505317593999136e-19]",7.554932644460624e-17,7.743085486853454e-17,4.775249788392736e-17,5.551115123125783e-17,"[2.0814931161617288e-07, 3.435027315901889e-09, 1.665582981403388e-19]",2.08177653313096e-07,2.0966800141936008e-07,0.0,0.0,
combined_motor2_70-B_best-existing_integral_020,B_best,combined_motor2_70,existing_integral_020,existing,integral_020,True,60.0,horizon,tail_18_20,False,True,"[-0.005717706968200667, -0.007471255770133998]",0.009408072903468118,0.010992187661140393,0.005684747472030404,0.019269516440787136,-0.0028873543550992525,0.0028873543550992525,0.0030351862221322558,0.0009357030678109661,0.004495689401432079,0.011403532127404586,1.3552527156068805e-20,5.293955920339377e-22,200,18.01,20.0,0.031925722011052926,0.006084499864541347,0.050249993953370015,0.013259707817755558,1.6400139200020754,0.17303406894015655,0.1821050592742142,0.18520843421555974,10.433851324392164,10.611661610777922,[0.0],[0.0],0.0,[0.0],[0.0],0.0,[0.0],[0.0],0.0,[0.0],[0.0],0.0,[0.0],[0.0],0.0,[0.0],[0.0],0.0,[0.0],[0.0],0.0,[0.0],[0.0],0.0,"[0.12255820821452068, 0.2436996587030024, 0.059634138235083636]",0.2727820339624911,0.059634138235083636,every physics interval; dwell = interval count * physics_dt,0.002,"[0.0, 0.0, 0.0, 0.0]","[0.0, 0.0, 0.0, 0.0]",0.0,"[0.0, 0.0, 0.0, 0.0]","[0.0, 0.0, 0.0, 0.0]",0.0,"[0.0, 0.0, 0.0, 0.0]","[0.0, 0.0, 0.0, 0.0]",0.0,"[0.0, 0.0, 0.0, 0.0]","[0.0, 0.0, 0.0, 0.0]",0.0,"[0.0, 0.0, 0.0, 0.0]","[0.0, 0.0, 0.0, 0.0]",0.0,"[0.0, 0.0, 0.0, 0.0]","[0.0, 0.0, 0.0, 0.0]",0.0,"[0.0, 0.0, 0.0, 0.0]","[0.0, 0.0, 0.0, 0.0]",0.0,"[0.0, 0.0, 0.0, 0.0]","[0.0, 0.0, 0.0, 0.0]",0.0,"[0.1283666964043023, 0.18307881067619122, 0.10744141313879929, 0.1075699127980669]","[0.07022176765382193, 0.014387588360952608, 0.09094602385544301, 0.09113391828185019]","[0.6039800690465181, 0.74084955007841, 0.5482320524969614, 0.5485832480593856]","[0.39235071650141873, 0.2529905735956346, 0.4473696223927075, 0.4478811254552776]","[0.07025515984342173, 0.010108766599943919, 0.09098082713255483, 0.09115517572473729]","[0.2, 0.2, 0.2, 0.2]","[0.2, 0.2, 0.2, 0.2]","[0.2, 0.13999999999999999, 0.2, 0.2]","[0.2, 0.13999999999999999, 0.2, 0.2]","[0.00013480630978300514, 0.00024333981956265838, 0.0001538986255733561, 0.00012892694640171133]","[0.5911057430633283, 0.9705239667218788]","[0.9121344032465476, 1.4850477347086048]",1000,"body origin, body frame; no gravity/external torque","[0.0019556767699191575, 0.0019558848873625235, 0.00032860858584848846]",0.002785343950701222,0.0028035888213024493,0.05532131074890373,0.05568372349171419,"[3.764863536328027e-06, 4.460761191103055e-06, 8.92869703157718e-07]",5.9050659740633285e-06,9.877460462967582e-06,0.0005478442242442466,0.0009829646130914416,"[0.0019558010104272386, 0.0019560863630861377, 0.00032858945024526924]",0.0027855704046123573,0.0028020003787892094,0.05534283877648578,0.05645702738993619,"[0.001955884941527561, 0.001955884941527499, 0.00032860858584848846]",0.002785490156450322,0.002803738045265767,0.05532131074890373,0.05568372349171419,"[2.0817732089902374e-07, 2.213907703351296e-09, 1.486583122313011e-19]",2.0818909271144389e-07,2.1100361158415968e-07,0.0,0.0,
combined_motor2_70-B_best-existing_integral_020,B_best,combined_motor2_70,existing_integral_020,existing,integral_020,True,60.0,horizon,pre_second_28_30,False,True,"[-0.0005447002733668906, -0.0006471855327198718]",0.0008459004087762752,0.0021247281229772987,0.0019490823725545226,0.003589997143008871,-0.0003358422100292779,0.0003358422100292779,0.0005071902000529313,0.0003800682951686221,0.0010108355440214822,0.00218442475164524,-1.6940658945086007e-21,0.0,200,28.01,30.0,0.011912952188467323,0.0023257301068053374,0.014712594743818468,0.0029239706270611674,0.5916320580990463,0.06479283293230037,0.18304319713290856,0.18420187737754112,10.48760266429679,10.553990152119423,[0.0],[0.0],0.0,[0.0],[0.0],0.0,[0.0],[0.0],0.0,[0.0],[0.0],0.0,[0.0],[0.0],0.0,[0.0],[0.0],0.0,[0.0],[0.0],0.0,[0.0],[0.0],0.0,"[0.1259802911638806, 0.24798500128986045, 0.061543731701996125]",0.27822114824695526,0.061543731701996125,every physics interval; dwell = interval count * physics_dt,0.002,"[0.0, 0.0, 0.0, 0.0]","[0.0, 0.0, 0.0, 0.0]",0.0,"[0.0, 0.0, 0.0, 0.0]","[0.0, 0.0, 0.0, 0.0]",0.0,"[0.0, 0.0, 0.0, 0.0]","[0.0, 0.0, 0.0, 0.0]",0.0,"[0.0, 0.0, 0.0, 0.0]","[0.0, 0.0, 0.0, 0.0]",0.0,"[0.0, 0.0, 0.0, 0.0]","[0.0, 0.0, 0.0, 0.0]",0.0,"[0.0, 0.0, 0.0, 0.0]","[0.0, 0.0, 0.0, 0.0]",0.0,"[0.0, 0.0, 0.0, 0.0]","[0.0, 0.0, 0.0, 0.0]",0.0,"[0.0, 0.0, 0.0, 0.0]","[0.0, 0.0, 0.0, 0.0]",0.0,"[0.1288091177644416, 0.18391130570983996, 0.10796118776254557, 0.10801491323906147]","[0.0706843188981624, 0.015163723851189997, 0.09145683051494066, 0.09149316216823]","[0.6051312065382409, 0.7428745691266271, 0.549651860655317, 0.5497985014731633]","[0.39355198594480856, 0.2548766222744834, 0.4487607895000747, 0.4488598105822441]","[0.07068395452803902, 0.01060592335863858, 0.09144912483198032, 0.09150311815072898]","[0.2, 0.2, 0.2, 0.2]","[0.2, 0.2, 0.2, 0.2]","[0.2, 0.13999999999999999, 0.2, 0.2]","[0.2, 0.13999999999999999, 0.2, 0.2]","[5.082314392748388e-05, 9.162781272685857e-05, 5.845789118138356e-05, 4.6649656880110324e-05]","[0.22451257110259012, 0.3525514644243548]","[0.3359231593426149, 0.5348800930846732]",1000,"body origin, body frame; no gravity/external torque","[0.0019553181201233606, 0.0019555262093176903, 0.00032854830923252615]",0.0027848331543758073,0.002791867526540619,0.0553111631704588,0.055450882844642946,"[1.3936317636151594e-06, 1.6949019499057281e-06, 3.2440083355954284e-07]",2.2181384116338327e-06,3.5296211054406014e-06,0.00020573778673341848,0.0003301151923036927,"[0.0019553406592447953, 0.0019555265200479717, 0.00032853833715607163]",0.0027848480215782127,0.002790895257706456,0.05530570126500788,0.05570465269019009,"[0.001955526173891641, 0.0019555261738915778, 0.00032854830923252605]",0.002784979214473578,0.002792014257060854,0.0553111631704588,0.055450882844642946,"[2.0805460838603442e-07, 8.152514949996918e-10, 1.517883041479706e-19]",2.080562056408463e-07,2.090803864336735e-07,0.0,0.0,
combined_motor2_70-B_best-existing_integral_020,B_best,combined_motor2_70,existing_integral_020,existing,integral_020,True,60.0,horizon,tail_58_60,False,True,"[-2.7543031535029562e-06, -1.2992754543249895e-07]",2.75736595838464e-06,0.00010649440698786642,0.0001064587039779692,0.00015021390270168646,5.472802457645587e-07,5.472802457645587e-07,2.0237055666615102e-05,2.0229654134123847e-05,3.0226119761334047e-05,0.00010840017131790435,0.0,2.5849394142282115e-25,200,58.01,60.0,0.0006357427049713366,0.0001263250936139781,0.0007654608702356978,0.00015104132317443224,0.03266050312057332,0.0034607397422146717,0.18312990947098476,0.1831971665966378,10.492570915300268,10.496424464742368,[0.0],[0.0],0.0,[0.0],[0.0],0.0,[0.0],[0.0],0.0,[0.0],[0.0],0.0,[0.0],[0.0],0.0,[0.0],[0.0],0.0,[0.0],[0.0],0.0,[0.0],[0.0],0.0,"[0.1262748020225364, 0.24837077900315005, 0.06180563724388205]",0.27863583686512317,0.06180616583196412,every physics interval; dwell = interval count * physics_dt,0.002,"[0.0, 0.0, 0.0, 0.0]","[0.0, 0.0, 0.0, 0.0]",0.0,"[0.0, 0.0, 0.0, 0.0]","[0.0, 0.0, 0.0, 0.0]",0.0,"[0.0, 0.0, 0.0, 0.0]","[0.0, 0.0, 0.0, 0.0]",0.0,"[0.0, 0.0, 0.0, 0.0]","[0.0, 0.0, 0.0, 0.0]",0.0,"[0.0, 0.0, 0.0, 0.0]","[0.0, 0.0, 0.0, 0.0]",0.0,"[0.0, 0.0, 0.0, 0.0]","[0.0, 0.0, 0.0, 0.0]",0.0,"[0.0, 0.0, 0.0, 0.0]","[0.0, 0.0, 0.0, 0.0]",0.0,"[0.0, 0.0, 0.0, 0.0]","[0.0, 0.0, 0.0, 0.0]",0.0,"[0.12905116380175038, 0.18435342173452102, 0.10824158788181679, 0.10824479764524791]","[0.07092089912762714, 0.015596207495268966, 0.09172626278328538, 0.0917293522996252]","[0.605760565325516, 0.7439496006452585, 0.5504169620561363, 0.5504257168637265]","[0.39416681288711486, 0.2559279372533587, 0.4494953522910832, 0.4495037784557193]","[0.07092150095333924, 0.010918103924020511, 0.09172696380898726, 0.09172894520929023]","[0.2, 0.2, 0.2, 0.2]","[0.2, 0.2, 0.2, 0.2]","[0.2, 0.13999999999999999, 0.2, 0.2]","[0.2, 0.13999999999999999, 0.2, 0.2]","[2.7273534781646496e-06, 4.973077670401388e-06, 3.146059019711935e-06, 2.5987009043064774e-06]","[0.012229428271690459, 0.01968055052695875]","[0.018588782479272745, 0.02949417377431561]",1000,"body origin, body frame; no gravity/external torque","[0.001955403148516083, 0.001955611223329741, 0.00032856259828294]",0.0027849542385881836,0.002785335290742901,0.05531356873450153,0.05532113775141928,"[7.427044628758512e-08, 8.985477169887853e-08, 1.758142229540634e-08]",1.178943832366244e-07,1.919183468886842e-07,1.1189350425118111e-05,1.8359469458939515e-05,"[0.0019554065112972665, 0.0019556146345829054, 0.00032856177814162893]",0.002784958898345569,0.0027852872906185618,0.05531367814042308,0.05533481650640992,"[0.001955611222608372, 0.001955611222608308, 0.00032856259828294]",0.002785100337326074,0.002785481445832596,0.05531356873450153,0.05532113775141928,"[2.0807409469404772e-07, 4.5376706722938434e-11, 1.6008053238269127e-19]",2.0807409964191344e-07,2.0812825067406551e-07,0.0,0.0,
combined_motor2_70-B_best-existing_integral_020,B_best,combined_motor2_70,existing_integral_020,existing,integral_020,True,60.0,horizon,fault_5_60,False,True,"[-0.011126361794686119, -0.016123667740722672]",0.019590012460421555,0.048846869539788174,0.044746486740722145,0.22961961405632828,-0.004408367513950112,0.004408367513950112,0.010549232137524034,0.009583975926165436,0.0487769906508565,0.04997302234734713,-8.673617379884035e-18,5.963111948670274e-19,5500,5.01,60.0,0.054752471187417044,0.010787341553512242,0.20241404654432585,0.04354014490148048,11.102655336985439,2.2842334203408368,0.18081116060536298,0.18532781662220008,10.359716391549394,10.61850171882653,[0.19],[0.13],0.19,[0.19],[0.13],0.19,[0.0],[0.0],0.0,[0.0],[0.0],0.0,[0.0],[0.0],0.0,[0.0],[0.0],0.0,[0.0],[0.0],0.0,[0.0],[0.0],0.0,"[0.1262748020225364, 0.24837077900315005, 0.06180563724388205]",0.27864099671933745,0.06180616583196412,every physics interval; dwell = interval count * physics_dt,0.002,"[0.0, 0.19, 0.0, 0.0]","[0.0, 0.13, 0.0, 0.0]",0.19,"[0.0, 0.0, 0.0, 0.0]","[0.0, 0.0, 0.0, 0.0]",0.0,"[0.0, 0.19, 0.0, 0.0]","[0.0, 0.13, 0.0, 0.0]",0.19,"[0.0, 0.0, 0.0, 0.0]","[0.0, 0.0, 0.0, 0.0]",0.0,"[0.0, 0.0, 0.0, 0.0]","[0.0, 0.0, 0.0, 0.0]",0.0,"[0.0, 0.0, 0.0, 0.0]","[0.0, 0.0, 0.0, 0.0]",0.0,"[0.0, 0.0, 0.0, 0.0]","[0.0, 0.0, 0.0, 0.0]",0.0,"[0.0, 0.0, 0.0, 0.0]","[0.0, 0.0, 0.0, 0.0]",0.0,"[0.09433851101365291, 0.12897969820708335, 0.08346638314683427, 0.06580143988824161]","[0.04062879225421365, 0.0, 0.06916310660826472, 0.05238209852959633]","[0.5117145788137558, 0.6055747741398912, 0.4801710485013307, 0.4257132192891571]","[0.3173621148685397, 0.21814922562016836, 0.3896053252680416, 0.3467544939656724]","[0.05664538589074514, 0.0003876623242360655, 0.07734847268417161, 0.07411858561412948]","[0.2, 0.2, 0.2, 0.2]","[0.2, 0.2, 0.2, 0.2]","[0.2, 0.13999999999999999, 0.2, 0.2]","[0.2, 0.13999999999999999, 0.2, 0.2]","[0.0013250201461784395, 0.0013508760226362472, 0.0009308984838334142, 0.0015574577538282266]","[1.1024905280721637, 1.3703230310892307]","[8.09910431627374, 7.889791763908538]",27500,"body origin, body frame; no gravity/external torque","[0.0019592142704743126, 0.0019594223950467763, 0.0003292029572178782]",0.0027903819213294144,0.004461175335963082,0.05542137326900302,0.08860788988990809,"[7.609805688742518e-05, 8.649801632618212e-05, 8.85391169046812e-06]",0.00011554744844707275,0.0027853271219057544,0.003306239255706404,0.09660389226309607,"[0.0019621780029817995, 0.001962577762295971, 0.000329509969218161]",0.002794714799091038,0.0057056704280484625,0.05557030029052157,0.16314141697716944,"[0.0019594226519256677, 0.0019594226519255935, 0.0003292029572178782]",0.002790528416769773,0.004461506817733203,0.05542137326900302,0.08860788988990809,"[2.0867132369152245e-07, 1.3125760296577561e-08, 1.538303283272862e-19]",2.0908373182659473e-07,4.685682050446598e-07,0.0,0.0,
combined_motor2_70-B_best-existing_integral_020,B_best,combined_motor2_70,existing_integral_020,existing,integral_020,True,60.0,horizon,full_0_60,True,False,,,,,,,,,,,,,,,,,,,,,,,,,,,,,,,,,,,,,,,,,,,,,,,,,,,,,,,,,,,,,,,,,,,,,,,,,,,,,,,,,,,,,,,,,,,,,,,,,,,,,,,,,,,,,,,,,,,,,,,
combined_motor2_70-B_best-existing_integral_020,B_best,combined_motor2_70,existing_integral_020,existing,integral_020,True,60.0,horizon,pre_3_5,True,False,,,,,,,,,,,,,,,,,,,,,,,,,,,,,,,,,,,,,,,,,,,,,,,,,,,,,,,,,,,,,,,,,,,,,,,,,,,,,,,,,,,,,,,,,,,,,,,,,,,,,,,,,,,,,,,,,,,,,,,
combined_motor2_70-B_best-existing_integral_020,B_best,combined_motor2_70,existing_integral_020,existing,integral_020,True,60.0,horizon,tail_18_20,True,False,,,,,,,,,,,,,,,,,,,,,,,,,,,,,,,,,,,,,,,,,,,,,,,,,,,,,,,,,,,,,,,,,,,,,,,,,,,,,,,,,,,,,,,,,,,,,,,,,,,,,,,,,,,,,,,,,,,,,,,
combined_motor2_70-B_best-existing_integral_020,B_best,combined_motor2_70,existing_integral_020,existing,integral_020,True,60.0,horizon,pre_second_28_30,True,False,,,,,,,,,,,,,,,,,,,,,,,,,,,,,,,,,,,,,,,,,,,,,,,,,,,,,,,,,,,,,,,,,,,,,,,,,,,,,,,,,,,,,,,,,,,,,,,,,,,,,,,,,,,,,,,,,,,,,,,
combined_motor2_70-B_best-existing_integral_020,B_best,combined_motor2_70,existing_integral_020,existing,integral_020,True,60.0,horizon,tail_58_60,True,False,,,,,,,,,,,,,,,,,,,,,,,,,,,,,,,,,,,,,,,,,,,,,,,,,,,,,,,,,,,,,,,,,,,,,,,,,,,,,,,,,,,,,,,,,,,,,,,,,,,,,,,,,,,,,,,,,,,,,,,
combined_motor2_70-B_best-existing_integral_020,B_best,combined_motor2_70,existing_integral_020,existing,integral_020,True,60.0,horizon,fault_5_60,True,False,,,,,,,,,,,,,,,,,,,,,,,,,,,,,,,,,,,,,,,,,,,,,,,,,,,,,,,,,,,,,,,,,,,,,,,,,,,,,,,,,,,,,,,,,,,,,,,,,,,,,,,,,,,,,,,,,,,,,,,
combined_motor2_70-B_best-oracle_no_integral,B_best,combined_motor2_70,oracle_no_integral,oracle,no_integral,True,60.0,horizon,full_0_60,False,True,"[-0.0077491950944373516, -0.11565726267236281]",0.11591657531809496,0.11639698622392783,0.010564372605014288,0.15377374204156677,-0.02171024874786592,0.02171024874786592,0.02178571154067562,0.0018117192495830138,0.033415834041775616,0.11841822338367847,8.93653640671177e-17,3.5744790374131474e-18,6000,0.01,60.0,0.022141502739560143,0.006854562566106718,0.46709867356806245,0.0875887218816816,5.20147849942301,1.4972969806963972,0.03357273544042819,0.06396921185795083,1.9235760474458186,3.6651658582388023,[0.0],[0.0],0.0,[0.24],[0.24],0.24,[0.0],[0.0],0.0,[0.0],[0.0],0.0,[0.0],[0.0],0.0,[0.0],[0.0],0.0,[0.0],[0.0],0.0,[0.0],[0.0],0.0,"[0.0, 0.0, 0.0]",0.0,0.0,every physics interval; dwell = interval count * physics_dt,0.002,"[0.0, 0.24, 0.0, 0.0]","[0.0, 0.24, 0.0, 0.0]",0.24,"[0.0, 0.0, 0.0, 0.0]","[0.0, 0.0, 0.0, 0.0]",0.0,"[0.0, 0.24, 0.0, 0.0]","[0.0, 0.24, 0.0, 0.0]",0.24,"[0.0, 0.0, 0.0, 0.0]","[0.0, 0.0, 0.0, 0.0]",0.0,"[0.0, 0.0, 0.0, 0.0]","[0.0, 0.0, 0.0, 0.0]",0.0,"[0.0, 0.0, 0.0, 0.0]","[0.0, 0.0, 0.0, 0.0]",0.0,"[0.0, 0.0, 0.0, 0.0]","[0.0, 0.0, 0.0, 0.0]",0.0,"[0.0, 0.0, 0.0, 0.0]","[0.0, 0.0, 0.0, 0.0]",0.0,"[0.10485727399328203, 0.10825664557542906, 0.08560688352833531, 0.07550251588114201]","[0.05274569133132584, 0.0, 0.06820138550869323, 0.05911085896224866]","[0.5411427708825722, 0.5504580320901427, 0.4864839047837524, 0.45618034118270373]","[0.3476710321534995, 0.21814922562016836, 0.38711608592882263, 0.36379616446740226]","[0.061783935701638565, 0.0003605276510938449, 0.07886332380557384, 0.07524687381415493]","[0.2, 0.2, 0.2, 0.2]","[0.2, 0.2, 0.2, 0.2]","[0.2, 0.13999999999999999, 0.2, 0.2]","[0.2, 0.2, 0.2, 0.2]","[0.001172949440277032, 0.0017094249157265742, 0.0012193952168253392, 0.0015927432934824063]","[0.5745089033106641, 0.3516675819419152]","[4.800616190913042, 3.270344452753362]",30000,"body origin, body frame; no gravity/external torque","[5.728784056465509e-05, 5.729897834792564e-05, 9.627684383113641e-06]",8.159510955234642e-05,0.0021211432908040595,0.0016208222867195087,0.04213472005534952,"[0.0001306146332001706, 8.39910140915104e-05, 7.938590045775209e-06]",0.0001554917813456865,0.002846824058005099,0.002683992064374398,0.06249559609471372,"[0.0001533697740092723, 0.00011387209912303584, 1.4165539034363993e-05]",0.00019154583011508355,0.00423269562290595,0.0033834923245153236,0.08608720436574652,"[5.7304171946969486e-05, 5.730417194696958e-05, 9.627684383113643e-06]",8.161022332794191e-05,0.002121530498286163,0.0016208222867195087,0.04213472005534952,"[2.093142066236452e-07, 1.20200845393665e-08, 1.488163753405246e-19]",2.0965905543720423e-07,5.408030790425965e-07,0.0,0.0,
combined_motor2_70-B_best-oracle_no_integral,B_best,combined_motor2_70,oracle_no_integral,oracle,no_integral,True,60.0,horizon,pre_3_5,False,True,"[-0.007227807318739847, -0.11576090123253488]",0.11598632442148309,0.11600193962404913,0.0019032981206372804,0.11811826004150798,-0.021882190852338383,0.021882190852338383,0.021884312667666033,0.000304736669939242,0.0224318884361826,0.11804818142384789,-6.856731708023561e-18,6.912318245187125e-19,200,3.0100000000000002,5.0,0.010812944897818725,0.0006379146799245504,0.46481609584754713,0.0870852088086187,0.7091316679268429,0.10089984394496901,0.0331859892114901,0.03423514585571705,1.9014171207850656,1.961529368547378,[0.0],[0.0],0.0,[0.0],[0.0],0.0,[0.0],[0.0],0.0,[0.0],[0.0],0.0,[0.0],[0.0],0.0,[0.0],[0.0],0.0,[0.0],[0.0],0.0,[0.0],[0.0],0.0,"[0.0, 0.0, 0.0]",0.0,0.0,every physics interval; dwell = interval count * physics_dt,0.002,"[0.0, 0.0, 0.0, 0.0]","[0.0, 0.0, 0.0, 0.0]",0.0,"[0.0, 0.0, 0.0, 0.0]","[0.0, 0.0, 0.0, 0.0]",0.0,"[0.0, 0.0, 0.0, 0.0]","[0.0, 0.0, 0.0, 0.0]",0.0,"[0.0, 0.0, 0.0, 0.0]","[0.0, 0.0, 0.0, 0.0]",0.0,"[0.0, 0.0, 0.0, 0.0]","[0.0, 0.0, 0.0, 0.0]",0.0,"[0.0, 0.0, 0.0, 0.0]","[0.0, 0.0, 0.0, 0.0]",0.0,"[0.0, 0.0, 0.0, 0.0]","[0.0, 0.0, 0.0, 0.0]",0.0,"[0.0, 0.0, 0.0, 0.0]","[0.0, 0.0, 0.0, 0.0]",0.0,"[0.1285099397085039, 0.1285217363517178, 0.10791044309533074, 0.10779423455337894]","[0.07039375458276317, 0.07038143278600059, 0.09133535289824161, 0.09144046317041792]","[0.6043528836395172, 0.6043835816940966, 0.5495133360944132, 0.5491960337617741]","[0.3927972501797944, 0.3927652538895271, 0.44842977551179775, 0.4487161838523982]","[0.07064502202616924, 0.07065259801531365, 0.09152049077642371, 0.09156116547402889]","[0.2, 0.2, 0.2, 0.2]","[0.2, 0.2, 0.2, 0.2]","[0.2, 0.2, 0.2, 0.2]","[0.2, 0.2, 0.2, 0.2]","[0.00018851766117520443, 0.00020065200162912127, 0.0001346309969211392, 0.00011789458175069458]","[0.25946314319192465, 0.24500266944817448]","[0.5139089296188899, 0.49129070879379344]",1000,"body origin, body frame; no gravity/external torque","[2.0817285402058348e-07, 3.4650999178657644e-09, 2.1629890974892638e-19]",2.0820169083971433e-07,2.0974951529110389e-07,4.6443961262081255e-17,5.551115123125783e-17,"[1.6601997250726457e-06, 2.2353181165637604e-05, 8.742350160095662e-07]",2.2431791239536895e-05,5.580348101151597e-05,8.835732252546918e-05,0.0003193918037425747,"[1.6654487113730413e-06, 2.2350004145968184e-05, 8.742350160095768e-07]",2.2429014503500294e-05,5.5788082370752656e-05,8.835732252545874e-05,0.0003193918037425747,"[7.558970150535751e-17, 1.4768782567441828e-18, 2.3539345386802585e-19]",7.560449426543647e-17,7.764361209866394e-17,4.6443961262081255e-17,5.551115123125783e-17,"[2.081728540961695e-07, 3.4650999179789856e-09, 1.486583122313011e-19]",2.082016909152916e-07,2.0974951536672847e-07,0.0,0.0,
combined_motor2_70-B_best-oracle_no_integral,B_best,combined_motor2_70,oracle_no_integral,oracle,no_integral,True,60.0,horizon,tail_18_20,False,True,"[-0.0075819409158974895, -0.11689988077226855]",0.11714549907112422,0.11714549908416885,1.7482114185625963e-06,0.11714858977352896,-0.021411338940091663,0.021411338940091663,0.021411338940338646,1.0284451321578695e-07,0.021411568965090666,0.11908615952702928,-2.139846278442675e-18,-5.474958874559325e-19,200,18.01,20.0,9.478809748530233e-06,5.877474742760214e-07,0.4685808198583212,0.0856452590933517,0.0008603310589520461,0.00017270520014828707,0.03357145544252504,0.033573027788813534,1.923502708968182,1.923592797774446,[0.0],[0.0],0.0,[0.0],[0.0],0.0,[0.0],[0.0],0.0,[0.0],[0.0],0.0,[0.0],[0.0],0.0,[0.0],[0.0],0.0,[0.0],[0.0],0.0,[0.0],[0.0],0.0,"[0.0, 0.0, 0.0]",0.0,0.0,every physics interval; dwell = interval count * physics_dt,0.002,"[0.0, 0.0, 0.0, 0.0]","[0.0, 0.0, 0.0, 0.0]",0.0,"[0.0, 0.0, 0.0, 0.0]","[0.0, 0.0, 0.0, 0.0]",0.0,"[0.0, 0.0, 0.0, 0.0]","[0.0, 0.0, 0.0, 0.0]",0.0,"[0.0, 0.0, 0.0, 0.0]","[0.0, 0.0, 0.0, 0.0]",0.0,"[0.0, 0.0, 0.0, 0.0]","[0.0, 0.0, 0.0, 0.0]",0.0,"[0.0, 0.0, 0.0, 0.0]","[0.0, 0.0, 0.0, 0.0]",0.0,"[0.0, 0.0, 0.0, 0.0]","[0.0, 0.0, 0.0, 0.0]",0.0,"[0.0, 0.0, 0.0, 0.0]","[0.0, 0.0, 0.0, 0.0]",0.0,"[0.12906161045317127, 0.1843737305036648, 0.10825547518940022, 0.10825592682836353]","[0.07093090834567134, 0.015614898786821263, 0.09173926667065936, 0.09173950522556333]","[0.6057877216233388, 0.7439989760276216, 0.5504548399087601, 0.5504560717372848]","[0.39419283117064585, 0.2559733793617207, 0.44953081880295187, 0.4495314694439416]","[0.07093310860974189, 0.010932978548044398, 0.09174092775082406, 0.09174073415931251]","[0.2, 0.2, 0.2, 0.2]","[0.2, 0.2, 0.2, 0.2]","[0.2, 0.13999999999999999, 0.2, 0.2]","[0.2, 0.13999999999999999, 0.2, 0.2]","[1.6157292434921883e-06, 2.4751208555563005e-06, 1.1428568523619383e-06, 9.967784382565663e-07]","[0.00030281673092133764, 0.0002334055210530622]","[0.0006687900070483699, 0.0006130194608928491]",1000,"body origin, body frame; no gravity/external torque","[2.080740981254451e-07, 2.9998201247436186e-11, 2.2465241867873574e-18]",2.080741002878769e-07,2.0807547125078012e-07,2.0881344291239255e-16,2.7755575615628914e-16,"[1.5648532891024646e-09, 1.9365109050608284e-07, 7.276358438705875e-09]",1.937940634078868e-07,4.4366027952299615e-07,3.914909474615123e-07,9.350537833463513e-07,"[2.0786799294325858e-07, 1.9362326700262017e-07, 7.276358438669194e-09]",2.8416899445075736e-07,4.905293123412742e-07,3.914909474591186e-07,9.350537831243066e-07,"[3.875694156047387e-17, 1.985678685027362e-17, 2.2416589709123297e-18]",4.360524668065825e-17,4.57910533382101e-17,2.0881344291239255e-16,2.7755575615628914e-16,"[2.0807409816419583e-07, 2.999820139847916e-11, 1.5332934166833742e-19]",2.080741003266274e-07,2.0807547129045716e-07,0.0,0.0,
combined_motor2_70-B_best-oracle_no_integral,B_best,combined_motor2_70,oracle_no_integral,oracle,no_integral,True,60.0,horizon,pre_second_28_30,False,True,"[-0.007581820001956114, -0.11689974031510926]",0.11714535108267013,0.11714535108267018,3.3991512804615735e-09,0.11714535566386826,-0.021411334862736324,0.021411334862736324,0.021411334862736373,1.6698826256439413e-09,0.02141133758215974,0.11908601320426461,2.3235583803509027e-18,-7.285238557050448e-19,200,28.01,30.0,2.2577949407236777e-08,1.014376476088838e-08,0.46858140799373643,0.08564533886127643,1.7075472925031877e-06,7.229159431980598e-07,0.033571418152260654,0.03357142223710639,1.923500572393416,1.9235008064378365,[0.0],[0.0],0.0,[0.0],[0.0],0.0,[0.0],[0.0],0.0,[0.0],[0.0],0.0,[0.0],[0.0],0.0,[0.0],[0.0],0.0,[0.0],[0.0],0.0,[0.0],[0.0],0.0,"[0.0, 0.0, 0.0]",0.0,0.0,every physics interval; dwell = interval count * physics_dt,0.002,"[0.0, 0.0, 0.0, 0.0]","[0.0, 0.0, 0.0, 0.0]",0.0,"[0.0, 0.0, 0.0, 0.0]","[0.0, 0.0, 0.0, 0.0]",0.0,"[0.0, 0.0, 0.0, 0.0]","[0.0, 0.0, 0.0, 0.0]",0.0,"[0.0, 0.0, 0.0, 0.0]","[0.0, 0.0, 0.0, 0.0]",0.0,"[0.0, 0.0, 0.0, 0.0]","[0.0, 0.0, 0.0, 0.0]",0.0,"[0.0, 0.0, 0.0, 0.0]","[0.0, 0.0, 0.0, 0.0]",0.0,"[0.0, 0.0, 0.0, 0.0]","[0.0, 0.0, 0.0, 0.0]",0.0,"[0.0, 0.0, 0.0, 0.0]","[0.0, 0.0, 0.0, 0.0]",0.0,"[0.12906543959627736, 0.18437919618452311, 0.10825803154228829, 0.1082580429441743]","[0.07093450698711676, 0.01562073242505535, 0.09174192686598456, 0.09174192702624342]","[0.6057976754259298, 0.7440122642815863, 0.5504618122465794, 0.5504618433446036]","[0.39420218571889365, 0.25598756215311225, 0.4495380743142485, 0.44953807475134666]","[0.0709345246599328, 0.010934526561034025, 0.09174193689032059, 0.09174193842114994]","[0.2, 0.2, 0.2, 0.2]","[0.2, 0.2, 0.2, 0.2]","[0.2, 0.13999999999999999, 0.2, 0.2]","[0.2, 0.13999999999999999, 0.2, 0.2]","[8.249065869221011e-09, 1.232952582492398e-08, 7.072186947126894e-09, 4.5210075581716705e-09]","[7.958386763201955e-07, 4.2944896308760573e-07]","[1.462888486075145e-06, 1.380787491183908e-06]",1000,"body origin, body frame; no gravity/external torque","[2.080740954373762e-07, 1.285072210501643e-13, 2.252031826808766e-18]",2.0807409543741633e-07,2.080741850539174e-07,2.1181705310112557e-16,2.7755575615628914e-16,"[2.4225965478925083e-10, 8.384573566213505e-10, 4.2076405615588346e-11]",8.737682204798926e-10,2.2735840315372257e-09,1.3877561530130382e-08,3.85752573772713e-08,"[2.080729220831117e-07, 8.383377271077725e-10, 4.207640564511429e-11]",2.0807461518593117e-07,2.086790552446401e-07,1.3877561525959655e-08,3.8575257599315904e-08,"[3.8862152712839e-17, 1.9818590294854758e-17, 2.2651742793196098e-18]",4.3682656160849755e-17,4.581269178119252e-17,2.1181705310112557e-16,2.7755575615628914e-16,"[2.080740954762338e-07, 1.2850674102369518e-13, 1.4944695602662324e-19]",2.0807409547627306e-07,2.080741850920813e-07,0.0,0.0,
combined_motor2_70-B_best-oracle_no_integral,B_best,combined_motor2_70,oracle_no_integral,oracle,no_integral,True,60.0,horizon,tail_58_60,False,True,"[-0.007581817322198343, -0.11689974255410508]",0.11714535314353375,0.11714535314353382,4.4882391486140344e-09,0.11714536018436655,-0.021411336827432206,0.021411336827432206,0.02141133682743222,6.737196327557609e-10,0.0214113380011397,0.11908601558479066,-4.531779371360365e-18,1.4241305130647011e-19,200,58.01,60.0,2.6823379001907518e-08,7.749481084787287e-09,0.4685814117257064,0.08564534789230206,1.7075472925031877e-06,3.7519318479048627e-07,0.03357141869660224,0.03357142177949705,1.9235006035818916,1.9235007802187527,[0.0],[0.0],0.0,[0.0],[0.0],0.0,[0.0],[0.0],0.0,[0.0],[0.0],0.0,[0.0],[0.0],0.0,[0.0],[0.0],0.0,[0.0],[0.0],0.0,[0.0],[0.0],0.0,"[0.0, 0.0, 0.0]",0.0,0.0,every physics interval; dwell = interval count * physics_dt,0.002,"[0.0, 0.0, 0.0, 0.0]","[0.0, 0.0, 0.0, 0.0]",0.0,"[0.0, 0.0, 0.0, 0.0]","[0.0, 0.0, 0.0, 0.0]",0.0,"[0.0, 0.0, 0.0, 0.0]","[0.0, 0.0, 0.0, 0.0]",0.0,"[0.0, 0.0, 0.0, 0.0]","[0.0, 0.0, 0.0, 0.0]",0.0,"[0.0, 0.0, 0.0, 0.0]","[0.0, 0.0, 0.0, 0.0]",0.0,"[0.0, 0.0, 0.0, 0.0]","[0.0, 0.0, 0.0, 0.0]",0.0,"[0.0, 0.0, 0.0, 0.0]","[0.0, 0.0, 0.0, 0.0]",0.0,"[0.0, 0.0, 0.0, 0.0]","[0.0, 0.0, 0.0, 0.0]",0.0,"[0.12906545223097404, 0.18437921158650453, 0.10825803952961174, 0.10825804350272383]","[0.0709345248487526, 0.01562074075306244, 0.09174192990499705, 0.09174193551837737]","[0.6057977082695208, 0.7440123017270796, 0.5504618340315727, 0.5504618448680189]","[0.3942022321497838, 0.25598758240026886, 0.44953808260299055, 0.4495380979131771]","[0.07093453098416441, 0.01093452929394903, 0.09174193754726251, 0.09174194116952394]","[0.2, 0.2, 0.2, 0.2]","[0.2, 0.2, 0.2, 0.2]","[0.2, 0.13999999999999999, 0.2, 0.2]","[0.2, 0.13999999999999999, 0.2, 0.2]","[4.584028884498038e-09, 8.814233255891668e-09, 5.521078279072823e-09, 3.5484698350740658e-09]","[9.38959201257325e-07, 3.925372621866863e-07]","[1.5737756578912976e-06, 7.739799849345669e-07]",1000,"body origin, body frame; no gravity/external torque","[2.080740940939674e-07, 7.837530466167538e-14, 2.25188652871087e-18]",2.0807409409398284e-07,2.0807416924805002e-07,2.0918204592287073e-16,2.7755575615628914e-16,"[2.1580516794295742e-10, 5.063768586693127e-10, 2.5896989584327735e-11]",5.510535795875206e-10,1.138203344385195e-09,1.213621430071763e-08,3.23449214079119e-08,"[2.0808067458651698e-07, 5.063035017892025e-10, 2.5896989572289656e-11]",2.080812921679168e-07,2.0865673793085574e-07,1.2136214297991618e-08,3.234492113035614e-08,"[3.8803757822815e-17, 1.9964844349470417e-17, 2.241136815614671e-18]",4.3696101946244154e-17,4.5779333761988884e-17,2.0918204592287073e-16,2.7755575615628914e-16,"[2.0807409413276576e-07, 7.837536025327534e-14, 1.517883041479706e-19]",2.0807409413277994e-07,2.0807416928770447e-07,0.0,0.0,
combined_motor2_70-B_best-oracle_no_integral,B_best,combined_motor2_70,oracle_no_integral,oracle,no_integral,True,60.0,horizon,fault_5_60,False,True,"[-0.007892754733528327, -0.11723534090709826]",0.11750072652918866,0.11755816739936735,0.003674505056519331,0.15377374204156677,-0.02154489831250347,0.02154489831250347,0.02156290867741452,0.0008811284437593004,0.031137327985280683,0.1195193781481823,1.0834567834919206e-16,1.7635225961834533e-18,5500,5.01,60.0,0.015182424900243994,0.003436071043765097,0.4704691420901095,0.0863181421161826,5.20147849942301,1.4972969806963972,0.03391145464743801,0.06396921185795083,1.9429832284474988,3.6651658582388023,[0.0],[0.0],0.0,[0.24],[0.24],0.24,[0.0],[0.0],0.0,[0.0],[0.0],0.0,[0.0],[0.0],0.0,[0.0],[0.0],0.0,[0.0],[0.0],0.0,[0.0],[0.0],0.0,"[0.0, 0.0, 0.0]",0.0,0.0,every physics interval; dwell = interval count * physics_dt,0.002,"[0.0, 0.24, 0.0, 0.0]","[0.0, 0.24, 0.0, 0.0]",0.24,"[0.0, 0.0, 0.0, 0.0]","[0.0, 0.0, 0.0, 0.0]",0.0,"[0.0, 0.24, 0.0, 0.0]","[0.0, 0.24, 0.0, 0.0]",0.24,"[0.0, 0.0, 0.0, 0.0]","[0.0, 0.0, 0.0, 0.0]",0.0,"[0.0, 0.0, 0.0, 0.0]","[0.0, 0.0, 0.0, 0.0]",0.0,"[0.0, 0.0, 0.0, 0.0]","[0.0, 0.0, 0.0, 0.0]",0.0,"[0.0, 0.0, 0.0, 0.0]","[0.0, 0.0, 0.0, 0.0]",0.0,"[0.0, 0.0, 0.0, 0.0]","[0.0, 0.0, 0.0, 0.0]",0.0,"[0.10485727399328203, 0.1688184199194582, 0.09470168377143326, 0.07550251588114201]","[0.05274569133132584, 0.0, 0.06959188355715296, 0.05911085896224866]","[0.5411427708825722, 0.7059789130706888, 0.5127471852283586, 0.45618034118270373]","[0.3476710321534995, 0.21814922562016836, 0.3907165912059445, 0.36379616446740226]","[0.061783935701638565, 0.0003605276510938449, 0.07886332380557384, 0.07524687381415493]","[0.2, 0.2, 0.2, 0.2]","[0.2, 0.2, 0.2, 0.2]","[0.2, 0.13999999999999999, 0.2, 0.2]","[0.2, 0.13999999999999999, 0.2, 0.2]","[0.0009665272650374959, 0.001636841854596189, 0.0008283529000806456, 0.0012532316450244536]","[0.42594523310116356, 0.3214922144336329]","[4.269892563799435, 3.270344452753362]",27500,"body origin, body frame; no gravity/external torque","[5.983516224708283e-05, 5.9846830952025324e-05, 1.0055788378162208e-05]",8.522328728723554e-05,0.0021211432908040595,0.0016928936663573165,0.04213472005534952,"[8.292855655218642e-05, 8.534474259187379e-05, 8.053318349982817e-06]",0.00011927165009485481,0.002846824058005099,0.002202548951181583,0.06249559609471372,"[0.00011802684695864895, 0.00011719085377369158, 1.4663221497519116e-05]",0.00016697018558980243,0.00423269562290595,0.003079166410322095,0.08608720436574652,"[5.985225557406424e-05, 5.9852255574064335e-05, 1.0055788378162211e-05]",8.523909827369483e-05,0.002121530498286163,0.0016928936663573165,0.04213472005534952,"[2.0860641300236113e-07, 1.2143834288812483e-08, 1.4931819025629373e-19]",2.0895958522390542e-07,4.616850371426313e-07,0.0,0.0,
combined_motor2_70-B_best-oracle_no_integral,B_best,combined_motor2_70,oracle_no_integral,oracle,no_integral,True,60.0,horizon,full_0_60,True,False,,,,,,,,,,,,,,,,,,,,,,,,,,,,,,,,,,,,,,,,,,,,,,,,,,,,,,,,,,,,,,,,,,,,,,,,,,,,,,,,,,,,,,,,,,,,,,,,,,,,,,,,,,,,,,,,,,,,,,,
combined_motor2_70-B_best-oracle_no_integral,B_best,combined_motor2_70,oracle_no_integral,oracle,no_integral,True,60.0,horizon,pre_3_5,True,False,,,,,,,,,,,,,,,,,,,,,,,,,,,,,,,,,,,,,,,,,,,,,,,,,,,,,,,,,,,,,,,,,,,,,,,,,,,,,,,,,,,,,,,,,,,,,,,,,,,,,,,,,,,,,,,,,,,,,,,
combined_motor2_70-B_best-oracle_no_integral,B_best,combined_motor2_70,oracle_no_integral,oracle,no_integral,True,60.0,horizon,tail_18_20,True,False,,,,,,,,,,,,,,,,,,,,,,,,,,,,,,,,,,,,,,,,,,,,,,,,,,,,,,,,,,,,,,,,,,,,,,,,,,,,,,,,,,,,,,,,,,,,,,,,,,,,,,,,,,,,,,,,,,,,,,,
combined_motor2_70-B_best-oracle_no_integral,B_best,combined_motor2_70,oracle_no_integral,oracle,no_integral,True,60.0,horizon,pre_second_28_30,True,False,,,,,,,,,,,,,,,,,,,,,,,,,,,,,,,,,,,,,,,,,,,,,,,,,,,,,,,,,,,,,,,,,,,,,,,,,,,,,,,,,,,,,,,,,,,,,,,,,,,,,,,,,,,,,,,,,,,,,,,
combined_motor2_70-B_best-oracle_no_integral,B_best,combined_motor2_70,oracle_no_integral,oracle,no_integral,True,60.0,horizon,tail_58_60,True,False,,,,,,,,,,,,,,,,,,,,,,,,,,,,,,,,,,,,,,,,,,,,,,,,,,,,,,,,,,,,,,,,,,,,,,,,,,,,,,,,,,,,,,,,,,,,,,,,,,,,,,,,,,,,,,,,,,,,,,,
combined_motor2_70-B_best-oracle_no_integral,B_best,combined_motor2_70,oracle_no_integral,oracle,no_integral,True,60.0,horizon,fault_5_60,True,False,,,,,,,,,,,,,,,,,,,,,,,,,,,,,,,,,,,,,,,,,,,,,,,,,,,,,,,,,,,,,,,,,,,,,,,,,,,,,,,,,,,,,,,,,,,,,,,,,,,,,,,,,,,,,,,,,,,,,,,
combined_motor2_70-B_best-oracle_integral_020,B_best,combined_motor2_70,oracle_integral_020,oracle,integral_020,True,60.0,horizon,full_0_60,False,True,"[-0.000659263718941769, -0.009969496150116185]",0.009991270296528583,0.025142985002232943,0.023072585739015272,0.10072663183473114,-0.0018259967780672834,0.0018259967780672834,0.00504489256935109,0.004702837101450759,0.03264641217896658,0.025644115033644745,5.421010862427522e-18,-3.049318610115481e-20,6000,0.01,60.0,0.022252163583130032,0.007037018211284769,0.10302346737065705,0.02138052184501087,5.155940185204259,1.496254193468801,0.033454214667938735,0.0631675092923598,1.9167853073975423,3.619231684805626,[0.24],[0.24],0.24,[0.24],[0.24],0.24,[0.0],[0.0],0.0,[0.0],[0.0],0.0,[0.0],[0.0],0.0,[0.0],[0.0],0.0,[0.0],[0.0],0.0,[0.0],[0.0],0.0,"[0.00758180143563947, 0.11689971837143247, 0.021411236605133166]",0.117145327983363,0.021411236605133166,every physics interval; dwell = interval count * physics_dt,0.002,"[0.0, 0.24, 0.0, 0.0]","[0.0, 0.24, 0.0, 0.0]",0.24,"[0.0, 0.0, 0.0, 0.0]","[0.0, 0.0, 0.0, 0.0]",0.0,"[0.0, 0.24, 0.0, 0.0]","[0.0, 0.24, 0.0, 0.0]",0.24,"[0.0, 0.0, 0.0, 0.0]","[0.0, 0.0, 0.0, 0.0]",0.0,"[0.0, 0.0, 0.0, 0.0]","[0.0, 0.0, 0.0, 0.0]",0.0,"[0.0, 0.0, 0.0, 0.0]","[0.0, 0.0, 0.0, 0.0]",0.0,"[0.0, 0.0, 0.0, 0.0]","[0.0, 0.0, 0.0, 0.0]",0.0,"[0.0, 0.0, 0.0, 0.0]","[0.0, 0.0, 0.0, 0.0]",0.0,"[0.10490552284517671, 0.10825664557542906, 0.0856075117987312, 0.07557829805275339]","[0.05292246822357924, 0.0, 0.06818323880226412, 0.05920621327178918]","[0.541275609871594, 0.5504580320901427, 0.4864857498790078, 0.4564126487808462]","[0.3481168192904931, 0.21814922562016836, 0.3870691595200648, 0.36403893092460415]","[0.06173241003929489, 0.00036054562692108827, 0.07886748976680596, 0.07527155214035358]","[0.2, 0.2, 0.2, 0.2]","[0.2, 0.2, 0.2, 0.2]","[0.2, 0.13999999999999999, 0.2, 0.2]","[0.2, 0.2, 0.2, 0.2]","[0.0011730702420945874, 0.0017110718361616826, 0.0012176943923632682, 0.0015880909216670948]","[0.5742180580352109, 0.3496977871530736]","[4.800630047245309, 3.2624414259045054]",30000,"body origin, body frame; no gravity/external torque","[5.6965041500120446e-05, 5.697611149939947e-05, 9.573442325887185e-06]",8.113534391786691e-05,0.0021226014817406365,0.0016116906272537744,0.04216368041083729,"[0.00013053200506979158, 8.395222055927554e-05, 7.923809574992344e-06]",0.00015540066422817508,0.0028433891267805014,0.0026776972432605893,0.06207433526398243,"[0.00015314478186794576, 0.0001136625493710449, 1.4136870509029064e-05]",0.0001912389877893507,0.004235163285221084,0.0033742555189430977,0.08557644064873304,"[5.6981322126558475e-05, 5.6981322126558563e-05, 9.573442325887184e-06]",8.115043401330854e-05,0.0021229886847254666,0.0016116906272537744,0.04216368041083729,"[2.093128360080784e-07, 1.2012403942167707e-08, 1.5327822336664393e-19]",2.0965724687263778e-07,5.408038331031237e-07,0.0,0.0,
combined_motor2_70-B_best-oracle_integral_020,B_best,combined_motor2_70,oracle_integral_020,oracle,integral_020,True,60.0,horizon,pre_3_5,False,True,"[-0.004187695330653558, -0.06881756069130207]",0.06894485805107892,0.0694313284559983,0.008204627930704504,0.08554277553685484,-0.006968926635508406,0.006968926635508406,0.00707016276914441,0.0011921674090065056,0.009470393551187728,0.069790375932122,2.710505431213761e-19,-4.573977915173222e-20,200,3.0100000000000002,5.0,0.01848654670210787,0.0022411086012451937,0.26269921547474195,0.02613200530656451,0.6969845596171707,0.09785248613941286,0.03228178230130306,0.03327753053352707,1.8496098810247834,1.9066620521888318,[0.0],[0.0],0.0,[0.0],[0.0],0.0,[0.0],[0.0],0.0,[0.0],[0.0],0.0,[0.0],[0.0],0.0,[0.0],[0.0],0.0,[0.0],[0.0],0.0,[0.0],[0.0],0.0,"[0.004380421735784618, 0.0733000014506336, 0.014063603968860543]",0.07343077220924632,0.014063603968860543,every physics interval; dwell = interval count * physics_dt,0.002,"[0.0, 0.0, 0.0, 0.0]","[0.0, 0.0, 0.0, 0.0]",0.0,"[0.0, 0.0, 0.0, 0.0]","[0.0, 0.0, 0.0, 0.0]",0.0,"[0.0, 0.0, 0.0, 0.0]","[0.0, 0.0, 0.0, 0.0]",0.0,"[0.0, 0.0, 0.0, 0.0]","[0.0, 0.0, 0.0, 0.0]",0.0,"[0.0, 0.0, 0.0, 0.0]","[0.0, 0.0, 0.0, 0.0]",0.0,"[0.0, 0.0, 0.0, 0.0]","[0.0, 0.0, 0.0, 0.0]",0.0,"[0.0, 0.0, 0.0, 0.0]","[0.0, 0.0, 0.0, 0.0]",0.0,"[0.0, 0.0, 0.0, 0.0]","[0.0, 0.0, 0.0, 0.0]",0.0,"[0.1284778014641035, 0.12848771051303537, 0.10787905317144282, 0.10778052829135724]","[0.07043231253041884, 0.07042119722773188, 0.09136501528355769, 0.09146010892446949]","[0.6042692476313865, 0.6042950353309706, 0.5494276371961685, 0.549158602779479]","[0.39289737939473557, 0.3928685138542205, 0.4485105924544509, 0.44876972433101203]","[0.07067383640126179, 0.07068182098803935, 0.09155058366602074, 0.09158098809558976]","[0.2, 0.2, 0.2, 0.2]","[0.2, 0.2, 0.2, 0.2]","[0.2, 0.2, 0.2, 0.2]","[0.2, 0.2, 0.2, 0.2]","[0.00018710009746375448, 0.00019869619135330977, 0.00013412585990487657, 0.00011637651195005207]","[0.25520756340859846, 0.241771221309098]","[0.510300315177618, 0.48199318179417616]",1000,"body origin, body frame; no gravity/external torque","[2.081493115406427e-07, 3.4350273157565928e-09, 2.1419983559861653e-19]",2.081776532375735e-07,2.0966800134415962e-07,4.775249788392736e-17,5.551115123125783e-17,"[1.6313661835175863e-06, 2.217934357296512e-05, 8.66035571930658e-07]",2.2256114992608285e-05,5.532131195321488e-05,8.520097470775832e-05,0.00031037921117132994,"[1.6347119703410875e-06, 2.2176193212051036e-05, 8.660355719306595e-07]",2.225322103013504e-05,5.530696438719077e-05,8.520097470774714e-05,0.00031037921117127443,"[7.553440530201487e-17, 1.4829335484469914e-18, 2.3505317593999136e-19]",7.554932644460624e-17,7.743085486853454e-17,4.775249788392736e-17,5.551115123125783e-17,"[2.0814931161617288e-07, 3.435027315901889e-09, 1.665582981403388e-19]",2.08177653313096e-07,2.0966800141936008e-07,0.0,0.0,
combined_motor2_70-B_best-oracle_integral_020,B_best,combined_motor2_70,oracle_integral_020,oracle,integral_020,True,60.0,horizon,tail_18_20,False,True,"[7.107781791265234e-05, -0.001455927605664696]",0.0014576615687928933,0.00147408660042633,0.00021944032542059517,0.0018694197165290331,-0.0005680896398499913,0.0005680896398499913,0.0005711752625130247,5.929031625763181e-05,0.0006758892248983628,0.0015808771255424242,-4.1689902872672595e-22,-5.542110104105285e-23,200,18.01,20.0,0.0003853187936877928,0.00010324619649825654,0.005511140156108599,0.0021814608952547064,0.001089639967579667,0.0001591838064740067,0.033544478235347584,0.03354959739689553,1.9219570288538639,1.922250335205207,[0.0],[0.0],0.0,[0.0],[0.0],0.0,[0.0],[0.0],0.0,[0.0],[0.0],0.0,[0.0],[0.0],0.0,[0.0],[0.0],0.0,[0.0],[0.0],0.0,[0.0],[0.0],0.0,"[0.0076177556366523996, 0.116048913211073, 0.020926167621601096]",0.11629866920309494,0.020926167621601096,every physics interval; dwell = interval count * physics_dt,0.002,"[0.0, 0.0, 0.0, 0.0]","[0.0, 0.0, 0.0, 0.0]",0.0,"[0.0, 0.0, 0.0, 0.0]","[0.0, 0.0, 0.0, 0.0]",0.0,"[0.0, 0.0, 0.0, 0.0]","[0.0, 0.0, 0.0, 0.0]",0.0,"[0.0, 0.0, 0.0, 0.0]","[0.0, 0.0, 0.0, 0.0]",0.0,"[0.0, 0.0, 0.0, 0.0]","[0.0, 0.0, 0.0, 0.0]",0.0,"[0.0, 0.0, 0.0, 0.0]","[0.0, 0.0, 0.0, 0.0]",0.0,"[0.0, 0.0, 0.0, 0.0]","[0.0, 0.0, 0.0, 0.0]",0.0,"[0.0, 0.0, 0.0, 0.0]","[0.0, 0.0, 0.0, 0.0]",0.0,"[0.1290613656111779, 0.18437344193721933, 0.10825529436197004, 0.10825578898964505]","[0.0709311442474754, 0.015615230373311195, 0.0917394664677764, 0.09173966059145768]","[0.6057870851575625, 0.7439982744589322, 0.550454346708227, 0.5504556957874509]","[0.3941934443875027, 0.2559741855163685, 0.44953136373489266, 0.4495318931932416]","[0.07093335388259331, 0.010933209818308587, 0.0917411272618868, 0.09174098489992069]","[0.2, 0.2, 0.2, 0.2]","[0.2, 0.2, 0.2, 0.2]","[0.2, 0.13999999999999999, 0.2, 0.2]","[0.2, 0.13999999999999999, 0.2, 0.2]","[1.6127192778717477e-06, 2.4662432333300945e-06, 1.1415874358490386e-06, 9.914791356992051e-07]","[0.000607230450582433, 0.00022103434029243927]","[0.0010498396413136822, 0.0005813003862080084]",1000,"body origin, body frame; no gravity/external torque","[2.0807371176687507e-07, 2.9911123229216735e-11, 2.2721106196729545e-18]",2.080737139167745e-07,2.0807502792010596e-07,2.0501584111064938e-16,2.7755575615628914e-16,"[1.600827993273048e-09, 1.9310118504416272e-07, 7.258659543183845e-09]",1.9324419384314715e-07,4.4403521913338447e-07,3.8982861310107627e-07,8.979814695719845e-07,"[2.078886399499474e-07, 1.9307344085930424e-07, 7.258659543175145e-09]",2.838093168376504e-07,4.915346445946635e-07,3.8982861310177957e-07,8.97981469738518e-07,"[3.873312223268769e-17, 1.981597470063493e-17, 2.25567326746154e-18]",4.3566221698904183e-17,4.54352641029089e-17,2.0501584111064938e-16,2.7755575615628914e-16,"[2.0807371180560216e-07, 2.9911123471294444e-11, 1.6008053238269127e-19]",2.0807371395550224e-07,2.0807502795848245e-07,0.0,0.0,
combined_motor2_70-B_best-oracle_integral_020,B_best,combined_motor2_70,oracle_integral_020,oracle,integral_020,True,60.0,horizon,pre_second_28_30,False,True,"[3.4313818255657434e-06, -0.00010661637132203158]",0.00010667157547871008,0.0001078818471930309,1.6114215422114438e-05,0.00013688943632711128,-8.228007860646702e-05,8.228007860646702e-05,8.28380009623089e-05,9.59807626272574e-06,9.990663084069595e-05,0.00013601701127878072,1.9283648030142458e-23,-1.9516292577422997e-24,200,28.01,30.0,2.8297415136328668e-05,1.6752492909702005e-05,0.0004032330068832313,0.0003145996365424205,5.582269567003633e-05,1.2823069907571991e-06,0.0335679804694693,0.033568647247439035,1.9233036076781667,1.9233418112417047,[0.0],[0.0],0.0,[0.0],[0.0],0.0,[0.0],[0.0],0.0,[0.0],[0.0],0.0,[0.0],[0.0],0.0,[0.0],[0.0],0.0,[0.0],[0.0],0.0,[0.0],[0.0],0.0,"[0.007581962206880343, 0.11683783890968565, 0.021347098760282266]",0.11708358873895272,0.021347098760282266,every physics interval; dwell = interval count * physics_dt,0.002,"[0.0, 0.0, 0.0, 0.0]","[0.0, 0.0, 0.0, 0.0]",0.0,"[0.0, 0.0, 0.0, 0.0]","[0.0, 0.0, 0.0, 0.0]",0.0,"[0.0, 0.0, 0.0, 0.0]","[0.0, 0.0, 0.0, 0.0]",0.0,"[0.0, 0.0, 0.0, 0.0]","[0.0, 0.0, 0.0, 0.0]",0.0,"[0.0, 0.0, 0.0, 0.0]","[0.0, 0.0, 0.0, 0.0]",0.0,"[0.0, 0.0, 0.0, 0.0]","[0.0, 0.0, 0.0, 0.0]",0.0,"[0.0, 0.0, 0.0, 0.0]","[0.0, 0.0, 0.0, 0.0]",0.0,"[0.0, 0.0, 0.0, 0.0]","[0.0, 0.0, 0.0, 0.0]",0.0,"[0.12906538997895228, 0.18437911769557558, 0.10825799140809507, 0.10825799651965792]","[0.07093455520251485, 0.01562078799055952, 0.09174195995482945, 0.09174196082949224]","[0.6057975464468786, 0.7440120734582523, 0.5504617027827412, 0.5504617167242537]","[0.39420231105365733, 0.25598769724467274, 0.4495381645622696, 0.4495381669478645]","[0.0709345654497836, 0.010934567694482172, 0.09174197112796877, 0.09174197168359219]","[0.2, 0.2, 0.2, 0.2]","[0.2, 0.2, 0.2, 0.2]","[0.2, 0.13999999999999999, 0.2, 0.2]","[0.2, 0.13999999999999999, 0.2, 0.2]","[8.967495065644985e-09, 1.5942525079561054e-08, 7.655764602969377e-09, 7.064987726696186e-09]","[4.323259990450095e-05, 1.0354481088665944e-06]","[5.5818055175223196e-05, 2.0412787895445302e-06]",1000,"body origin, body frame; no gravity/external torque","[2.080740264476523e-07, 1.6364686737562909e-13, 2.24917877038118e-18]",2.0807402644771705e-07,2.0807410602829154e-07,2.0587828009791195e-16,2.7755575615628914e-16,"[2.3986620722924846e-10, 1.0562020214469428e-09, 4.47210697558484e-11]",1.084019594638059e-09,2.853040524248171e-09,1.6093800504149667e-08,5.308047484886558e-08,"[2.080669506861409e-07, 1.0560496211316164e-09, 4.4721069804084384e-11]",2.0806963547958008e-07,2.0868733059540294e-07,1.609380052834001e-08,5.308047501539903e-08,"[3.881104570935048e-17, 1.9799606895485253e-17, 2.2467386335430685e-18]",4.362762355155842e-17,4.57956098090162e-17,2.0587828009791195e-16,2.7755575615628914e-16,"[2.0807402648645854e-07, 1.6364703333601109e-13, 1.2919759975199415e-19]",2.080740264865228e-07,2.08074106066142e-07,0.0,0.0,
combined_motor2_70-B_best-oracle_integral_020,B_best,combined_motor2_70,oracle_integral_020,oracle,integral_020,True,60.0,horizon,tail_58_60,False,True,"[-1.8928802210698185e-08, -3.8959344680680476e-08]",4.3314317391363776e-08,4.372902598080842e-08,6.008129671571716e-09,5.7899823692694705e-08,-1.3827428080537274e-07,1.3827428080537274e-07,1.3944999585744706e-07,1.8069992042027177e-08,1.718832119967928e-07,1.4614557488296462e-07,-1.4421363423571622e-30,6.458798661497034e-30,200,58.01,60.0,1.8389482958559762e-08,3.189652343673415e-08,1.634810502148763e-07,5.263822275232745e-07,1.2074182697257333e-06,7.293042983805913e-07,0.03357141015020807,0.033571414572715154,1.9235001139095755,1.9235003673005662,[0.0],[0.0],0.0,[0.0],[0.0],0.0,[0.0],[0.0],0.0,[0.0],[0.0],0.0,[0.0],[0.0],0.0,[0.0],[0.0],0.0,[0.0],[0.0],0.0,[0.0],[0.0],0.0,"[0.00758180143563947, 0.11689971837143247, 0.021411236605133166]",0.117145327983363,0.021411236605133166,every physics interval; dwell = interval count * physics_dt,0.002,"[0.0, 0.0, 0.0, 0.0]","[0.0, 0.0, 0.0, 0.0]",0.0,"[0.0, 0.0, 0.0, 0.0]","[0.0, 0.0, 0.0, 0.0]",0.0,"[0.0, 0.0, 0.0, 0.0]","[0.0, 0.0, 0.0, 0.0]",0.0,"[0.0, 0.0, 0.0, 0.0]","[0.0, 0.0, 0.0, 0.0]",0.0,"[0.0, 0.0, 0.0, 0.0]","[0.0, 0.0, 0.0, 0.0]",0.0,"[0.0, 0.0, 0.0, 0.0]","[0.0, 0.0, 0.0, 0.0]",0.0,"[0.0, 0.0, 0.0, 0.0]","[0.0, 0.0, 0.0, 0.0]",0.0,"[0.0, 0.0, 0.0, 0.0]","[0.0, 0.0, 0.0, 0.0]",0.0,"[0.12906543992249286, 0.18437920087914475, 0.10825803701436801, 0.10825803684810104]","[0.07093450755483413, 0.015620731766441798, 0.0917419259536921, 0.09174192487800409]","[0.60579767627392, 0.7440122756952116, 0.55046182717138, 0.5504618267178971]","[0.39420218719466316, 0.255987560551883, 0.44953807182602046, 0.4495380688921421]","[0.07093452666211039, 0.01093452581518306, 0.09174193767999975, 0.09174193890339503]","[0.2, 0.2, 0.2, 0.2]","[0.2, 0.2, 0.2, 0.2]","[0.2, 0.13999999999999999, 0.2, 0.2]","[0.2, 0.13999999999999999, 0.2, 0.2]","[9.585519460953334e-09, 1.560951171281969e-08, 7.98882024110649e-09, 5.8281508738177395e-09]","[5.392545023577004e-07, 4.172732911481182e-07]","[9.198361793125344e-07, 9.533725083542972e-07]",1000,"body origin, body frame; no gravity/external torque","[2.0807409464709372e-07, 1.7108221708294713e-13, 2.2389617487304932e-18]",2.0807409464716476e-07,2.0807416924845937e-07,2.0729531813132685e-16,2.7755575615628914e-16,"[2.171890680123222e-10, 1.1033118494352335e-09, 5.14928385971094e-11]",1.1256640887916091e-09,2.4282320010716404e-09,1.2239040645042429e-08,4.2316318893398375e-08,"[2.080757382274145e-07, 1.1031519863674645e-09, 5.149283861517035e-11]",2.0807866886036388e-07,2.0880487566038576e-07,1.2239040646877415e-08,4.231631905993183e-08,"[3.886036502715527e-17, 1.9850650424483756e-17, 2.2342134947197772e-18]",4.3694027077608635e-17,4.551373992998216e-17,2.0729531813132685e-16,2.7755575615628914e-16,"[2.080740946859491e-07, 1.7108189966185357e-13, 1.6008053238269127e-19]",2.0807409468601824e-07,2.0807416928640645e-07,0.0,0.0,
combined_motor2_70-B_best-oracle_integral_020,B_best,combined_motor2_70,oracle_integral_020,oracle,integral_020,True,60.0,horizon,fault_5_60,False,True,"[-0.0003201992969196752, -0.0042020465723701435]",0.004214228634770013,0.01243375287935404,0.011697798411612767,0.08712559629925642,-0.0007125025667362306,0.0007125025667362306,0.00188861297060493,0.0017490566157593295,0.014850468849186393,0.01257636949272651,-8.402566836762659e-19,-1.7787691892340307e-20,5500,5.01,60.0,0.015346627465700782,0.0034640959444118286,0.049843146362232665,0.008187302417317951,5.155940185204259,1.496254193468801,0.03385454913025327,0.0631675092923598,1.9397227824818044,3.619231684805626,[0.24],[0.24],0.24,[0.24],[0.24],0.24,[0.0],[0.0],0.0,[0.0],[0.0],0.0,[0.0],[0.0],0.0,[0.0],[0.0],0.0,[0.0],[0.0],0.0,[0.0],[0.0],0.0,"[0.00758180143563947, 0.11689971837143247, 0.021411236605133166]",0.117145327983363,0.021411236605133166,every physics interval; dwell = interval count * physics_dt,0.002,"[0.0, 0.24, 0.0, 0.0]","[0.0, 0.24, 0.0, 0.0]",0.24,"[0.0, 0.0, 0.0, 0.0]","[0.0, 0.0, 0.0, 0.0]",0.0,"[0.0, 0.24, 0.0, 0.0]","[0.0, 0.24, 0.0, 0.0]",0.24,"[0.0, 0.0, 0.0, 0.0]","[0.0, 0.0, 0.0, 0.0]",0.0,"[0.0, 0.0, 0.0, 0.0]","[0.0, 0.0, 0.0, 0.0]",0.0,"[0.0, 0.0, 0.0, 0.0]","[0.0, 0.0, 0.0, 0.0]",0.0,"[0.0, 0.0, 0.0, 0.0]","[0.0, 0.0, 0.0, 0.0]",0.0,"[0.0, 0.0, 0.0, 0.0]","[0.0, 0.0, 0.0, 0.0]",0.0,"[0.10490552284517671, 0.168535191638765, 0.09484868995850361, 0.07557829805275339]","[0.05292246822357924, 0.0, 0.06951304338813724, 0.05920621327178918]","[0.541275609871594, 0.7052822806053717, 0.5131648080528675, 0.4564126487808462]","[0.3481168192904931, 0.21814922562016836, 0.3905121923946524, 0.36403893092460415]","[0.06173241003929489, 0.00036054562692108827, 0.07886748976680596, 0.07527155214035358]","[0.2, 0.2, 0.2, 0.2]","[0.2, 0.2, 0.2, 0.2]","[0.2, 0.13999999999999999, 0.2, 0.2]","[0.2, 0.13999999999999999, 0.2, 0.2]","[0.0009665011164280844, 0.0016385981014628297, 0.0008260258722781082, 0.0012470734102783803]","[0.422095798390843, 0.3185760805171974]","[4.217706582390585, 3.2624414259045054]",27500,"body origin, body frame; no gravity/external torque","[5.949800941629683e-05, 5.950960752691272e-05, 9.999134397105031e-06]",8.474307760048253e-05,0.0021226014817406365,0.001683355959108632,0.04216368041083729,"[8.28059866710173e-05, 8.531549566000714e-05, 8.03767096256042e-06]",0.00011916446359035276,0.0028433891267805014,0.0021937822250380286,0.06207433526398243,"[0.00011772140208260376, 0.00011697776431510908, 1.4633143870325338e-05]",0.00016660208507694418,0.004235163285221084,0.003067808491214593,0.08557644064873304,"[5.9515049934287034e-05, 5.951504993428712e-05, 9.999134397105031e-06]",8.47588639969457e-05,0.0021229886847254666,0.001683355959108632,0.04216368041083729,"[2.0860457452816305e-07, 1.2137654528504793e-08, 1.5277076297499632e-19]",2.0895739080379408e-07,4.6104747963245476e-07,0.0,0.0,
combined_motor2_70-B_best-oracle_integral_020,B_best,combined_motor2_70,oracle_integral_020,oracle,integral_020,True,60.0,horizon,full_0_60,True,False,,,,,,,,,,,,,,,,,,,,,,,,,,,,,,,,,,,,,,,,,,,,,,,,,,,,,,,,,,,,,,,,,,,,,,,,,,,,,,,,,,,,,,,,,,,,,,,,,,,,,,,,,,,,,,,,,,,,,,,
combined_motor2_70-B_best-oracle_integral_020,B_best,combined_motor2_70,oracle_integral_020,oracle,integral_020,True,60.0,horizon,pre_3_5,True,False,,,,,,,,,,,,,,,,,,,,,,,,,,,,,,,,,,,,,,,,,,,,,,,,,,,,,,,,,,,,,,,,,,,,,,,,,,,,,,,,,,,,,,,,,,,,,,,,,,,,,,,,,,,,,,,,,,,,,,,
combined_motor2_70-B_best-oracle_integral_020,B_best,combined_motor2_70,oracle_integral_020,oracle,integral_020,True,60.0,horizon,tail_18_20,True,False,,,,,,,,,,,,,,,,,,,,,,,,,,,,,,,,,,,,,,,,,,,,,,,,,,,,,,,,,,,,,,,,,,,,,,,,,,,,,,,,,,,,,,,,,,,,,,,,,,,,,,,,,,,,,,,,,,,,,,,
combined_motor2_70-B_best-oracle_integral_020,B_best,combined_motor2_70,oracle_integral_020,oracle,integral_020,True,60.0,horizon,pre_second_28_30,True,False,,,,,,,,,,,,,,,,,,,,,,,,,,,,,,,,,,,,,,,,,,,,,,,,,,,,,,,,,,,,,,,,,,,,,,,,,,,,,,,,,,,,,,,,,,,,,,,,,,,,,,,,,,,,,,,,,,,,,,,
combined_motor2_70-B_best-oracle_integral_020,B_best,combined_motor2_70,oracle_integral_020,oracle,integral_020,True,60.0,horizon,tail_58_60,True,False,,,,,,,,,,,,,,,,,,,,,,,,,,,,,,,,,,,,,,,,,,,,,,,,,,,,,,,,,,,,,,,,,,,,,,,,,,,,,,,,,,,,,,,,,,,,,,,,,,,,,,,,,,,,,,,,,,,,,,,
combined_motor2_70-B_best-oracle_integral_020,B_best,combined_motor2_70,oracle_integral_020,oracle,integral_020,True,60.0,horizon,fault_5_60,True,False,,,,,,,,,,,,,,,,,,,,,,,,,,,,,,,,,,,,,,,,,,,,,,,,,,,,,,,,,,,,,,,,,,,,,,,,,,,,,,,,,,,,,,,,,,,,,,,,,,,,,,,,,,,,,,,,,,,,,,,
combined_motor3_70-A_best-existing_no_integral,A_best,combined_motor3_70,existing_no_integral,existing,no_integral,False,7.13,max_tilt,full_0_60,False,False,,,,,,,,,,,,,,,,,,,,,,,,,,,,,,,,,,,,,,,,,,,,,,,,,,,,,,,,,,,,,,,,,,,,,,,,,,,,,,,,,,,,,,,,,,,,,,,,,,,,,,,,,,,,,,,,,,,,,,,
combined_motor3_70-A_best-existing_no_integral,A_best,combined_motor3_70,existing_no_integral,existing,no_integral,False,7.13,max_tilt,pre_3_5,False,True,"[-0.056287863216764954, -0.004001823800503228]",0.056429940096012106,0.0564445695208435,0.0012850249623338962,0.057400251844794005,-0.023179208964810946,0.023179208964810946,0.023179845269549144,0.00017175123250799708,0.023454912362271263,0.06101880574965045,-1.336617990767286e-18,-3.919678050643777e-19,200,3.0100000000000002,5.0,0.00835466400603904,0.0007829771044707921,0.22618284158806298,0.09289628929694868,0.5821863166728134,0.09188109527285492,0.00016773665613393465,0.0007210339412195264,0.009610602466111628,0.041312201717562745,[0.0],[0.0],0.0,[0.0],[0.0],0.0,[0.0],[0.0],0.0,[0.0],[0.0],0.0,[0.0],[0.0],0.0,[0.0],[0.0],0.0,[0.0],[0.0],0.0,[0.0],[0.0],0.0,"[0.0, 0.0, 0.0]",0.0,0.0,every physics interval; dwell = interval count * physics_dt,0.002,"[0.0, 0.0, 0.0, 0.0]","[0.0, 0.0, 0.0, 0.0]",0.0,"[0.0, 0.0, 0.0, 0.0]","[0.0, 0.0, 0.0, 0.0]",0.0,"[0.0, 0.0, 0.0, 0.0]","[0.0, 0.0, 0.0, 0.0]",0.0,"[0.0, 0.0, 0.0, 0.0]","[0.0, 0.0, 0.0, 0.0]",0.0,"[0.0, 0.0, 0.0, 0.0]","[0.0, 0.0, 0.0, 0.0]",0.0,"[0.0, 0.0, 0.0, 0.0]","[0.0, 0.0, 0.0, 0.0]",0.0,"[0.0, 0.0, 0.0, 0.0]","[0.0, 0.0, 0.0, 0.0]",0.0,"[0.0, 0.0, 0.0, 0.0]","[0.0, 0.0, 0.0, 0.0]",0.0,"[0.1075043021482238, 0.12795210121153502, 0.12879437756892737, 0.10749650254979169]","[0.09099305889781403, 0.06969391756078289, 0.07070017368666617, 0.09106591341977952]","[0.5484039465585535, 0.602900422404279, 0.6050928700436906, 0.5483826295853924]","[0.44749764123683633, 0.39098116725571563, 0.393593180694479, 0.4476959667657848]","[0.09141977225677769, 0.07041300540373976, 0.07078033996727803, 0.0914763441382323]","[0.2, 0.2, 0.2, 0.2]","[0.2, 0.2, 0.2, 0.2]","[0.2, 0.2, 0.2, 0.2]","[0.2, 0.2, 0.2, 0.2]","[0.00028148159811671716, 0.00045254530844493767, 9.77539732143645e-05, 0.0002805604895871346]","[0.28998872161917266, 0.12889065954742532]","[0.5596318849673444, 0.1939344032195194]",1000,"body origin, body frame; no gravity/external torque","[6.106305835684667e-09, 2.081023900069635e-07, 2.353658345644864e-19]",2.0819195877259357e-07,2.135639694708449e-07,4.8234047858538485e-17,5.551115123125783e-17,"[3.9102300950128614e-05, 1.2725812820396001e-05, 1.620430027366044e-07]",4.1121314539651115e-05,0.0001038563489306144,0.0003688632490435228,0.0009839760829039035,"[3.9096659146617055e-05, 1.2723022405188483e-05, 1.6204300273660354e-07]",4.1115086203052273e-05,0.00010385656997765545,0.0003688632490435223,0.000983976082903959,"[6.622436475712306e-17, 7.340617211222341e-19, 2.435071302464967e-19]",6.622888063237503e-17,6.828112045975322e-17,4.8234047858538485e-17,5.551115123125783e-17,"[6.106305835563106e-09, 2.081023900073438e-07, 1.6866227583517115e-19]",2.0819195877297023e-07,2.1356396947461597e-07,0.0,0.0,
combined_motor3_70-A_best-existing_no_integral,A_best,combined_motor3_70,existing_no_integral,existing,no_integral,False,7.13,max_tilt,tail_18_20,False,False,,,,,,,,,,,,,,,,,,,,,,,,,,,,,,,,,,,,,,,,,,,,,,,,,,,,,,,,,,,,,,,,,,,,,,,,,,,,,,,,,,,,,,,,,,,,,,,,,,,,,,,,,,,,,,,,,,,,,,,
combined_motor3_70-A_best-existing_no_integral,A_best,combined_motor3_70,existing_no_integral,existing,no_integral,False,7.13,max_tilt,pre_second_28_30,False,False,,,,,,,,,,,,,,,,,,,,,,,,,,,,,,,,,,,,,,,,,,,,,,,,,,,,,,,,,,,,,,,,,,,,,,,,,,,,,,,,,,,,,,,,,,,,,,,,,,,,,,,,,,,,,,,,,,,,,,,
combined_motor3_70-A_best-existing_no_integral,A_best,combined_motor3_70,existing_no_integral,existing,no_integral,False,7.13,max_tilt,tail_58_60,False,False,,,,,,,,,,,,,,,,,,,,,,,,,,,,,,,,,,,,,,,,,,,,,,,,,,,,,,,,,,,,,,,,,,,,,,,,,,,,,,,,,,,,,,,,,,,,,,,,,,,,,,,,,,,,,,,,,,,,,,,
combined_motor3_70-A_best-existing_no_integral,A_best,combined_motor3_70,existing_no_integral,existing,no_integral,False,7.13,max_tilt,fault_5_60,False,False,,,,,,,,,,,,,,,,,,,,,,,,,,,,,,,,,,,,,,,,,,,,,,,,,,,,,,,,,,,,,,,,,,,,,,,,,,,,,,,,,,,,,,,,,,,,,,,,,,,,,,,,,,,,,,,,,,,,,,,
combined_motor3_70-A_best-existing_no_integral,A_best,combined_motor3_70,existing_no_integral,existing,no_integral,False,7.13,max_tilt,full_0_60,True,True,"[-0.08782014150388096, 0.02799717508979678]",0.09217493730277451,0.1282754737875186,0.08920974222943345,0.37105977176625277,-0.045725684303486495,0.045725684303486495,0.06954856062594761,0.052403855584479624,0.30905153490319226,0.14591641258115373,0.0,2.168404344971009e-18,713,0.01,7.13,0.2556873284721851,0.12935969075255094,0.6320904739112038,0.3787460961569454,61.65663772599093,5.842292654857739,-0.048021246585781135,0.27840024455471873,-2.7514147563222733,15.951159028395363,[0.0],[0.0],0.0,[1.37],[0.68],1.37,[0.0],[0.0],0.0,[0.25],[0.19],0.25,[0.0],[0.0],0.0,[0.0],[0.0],0.0,[0.0],[0.0],0.0,[0.0],[0.0],0.0,"[0.0, 0.0, 0.0]",0.0,0.0,every physics interval; dwell = interval count * physics_dt,0.002,"[0.0, 0.0, 1.37, 0.0]","[0.0, 0.0, 0.68, 0.0]",1.37,"[0.0, 0.0, 0.0, 0.0]","[0.0, 0.0, 0.0, 0.0]",0.0,"[0.0, 0.0, 1.37, 0.0]","[0.0, 0.0, 0.68, 0.0]",1.37,"[0.0, 0.0, 0.0, 0.0]","[0.0, 0.0, 0.0, 0.0]",0.0,"[0.0, 0.0, 0.0, 0.0]","[0.0, 0.0, 0.0, 0.0]",0.0,"[0.0, 0.0, 0.0, 0.0]","[0.0, 0.0, 0.0, 0.0]",0.0,"[0.19, 0.24, 0.09, 0.0]","[0.19, 0.18, 0.09, 0.0]",0.25,"[0.0, 0.0, 0.0, 0.0]","[0.0, 0.0, 0.0, 0.0]",0.0,"[0.0634791957117801, 0.09520988040400943, 0.10665261868665019, 0.07674703367332682]","[0.05045266139746987, 0.009170148873555467, 0.0, 0.020254869361106514]","[0.41818370520226195, 0.5141900235340511, 0.5460735141764886, 0.45998510413202376]","[0.34189860104821446, 0.24033165578968285, 0.21814922562016836, 0.26726998794413104]","[0.07109224393138058, 0.029644412704653067, 1.4667265429979537e-08, 0.04756871928404993]","[0.2, 0.2, 0.2, 0.2]","[0.2, 0.2, 0.2, 0.2]","[0.2, 0.2, 0.13999999999999999, 0.2]","[0.2, 0.2, 0.2, 0.2]","[0.007245146675022084, 0.00729737613576576, 0.00585455684856779, 0.006730705266772776]","[5.662817028799033, 10.127933102550868]","[26.539412127259617, 59.70475353235635]",3565,"body origin, body frame; no gravity/external torque","[0.002072361391860223, 0.002072269470164387, 0.000348179446350131]",0.0029513067313156264,0.010344133918116546,0.058616068409112945,0.20544091514262242,"[0.00034777596823924636, 0.00048247840921391216, 5.1728993907429235e-05]",0.0005970003586707527,0.0025761062739110088,0.018005082504538524,0.12420656417482517,"[0.0021250463833331354, 0.0020882089632393483, 0.00035045485910406983]",0.002999876233070299,0.010027769150637852,0.0644846559066398,0.29011869475744656,"[0.0020723710986041495, 0.002072371098604188, 0.000348179446350131]",0.002951384906704034,0.010344180915367159,0.058616068409112945,0.20544091514262242,"[5.8243717980386646e-08, 2.2522747769365073e-07, 1.64030868906756e-19]",2.3263651345483758e-07,6.564065615005124e-07,0.0,0.0,
combined_motor3_70-A_best-existing_no_integral,A_best,combined_motor3_70,existing_no_integral,existing,no_integral,False,7.13,max_tilt,pre_3_5,True,False,,,,,,,,,,,,,,,,,,,,,,,,,,,,,,,,,,,,,,,,,,,,,,,,,,,,,,,,,,,,,,,,,,,,,,,,,,,,,,,,,,,,,,,,,,,,,,,,,,,,,,,,,,,,,,,,,,,,,,,
combined_motor3_70-A_best-existing_no_integral,A_best,combined_motor3_70,existing_no_integral,existing,no_integral,False,7.13,max_tilt,tail_18_20,True,False,,,,,,,,,,,,,,,,,,,,,,,,,,,,,,,,,,,,,,,,,,,,,,,,,,,,,,,,,,,,,,,,,,,,,,,,,,,,,,,,,,,,,,,,,,,,,,,,,,,,,,,,,,,,,,,,,,,,,,,
combined_motor3_70-A_best-existing_no_integral,A_best,combined_motor3_70,existing_no_integral,existing,no_integral,False,7.13,max_tilt,pre_second_28_30,True,False,,,,,,,,,,,,,,,,,,,,,,,,,,,,,,,,,,,,,,,,,,,,,,,,,,,,,,,,,,,,,,,,,,,,,,,,,,,,,,,,,,,,,,,,,,,,,,,,,,,,,,,,,,,,,,,,,,,,,,,
combined_motor3_70-A_best-existing_no_integral,A_best,combined_motor3_70,existing_no_integral,existing,no_integral,False,7.13,max_tilt,tail_58_60,True,False,,,,,,,,,,,,,,,,,,,,,,,,,,,,,,,,,,,,,,,,,,,,,,,,,,,,,,,,,,,,,,,,,,,,,,,,,,,,,,,,,,,,,,,,,,,,,,,,,,,,,,,,,,,,,,,,,,,,,,,
combined_motor3_70-A_best-existing_no_integral,A_best,combined_motor3_70,existing_no_integral,existing,no_integral,False,7.13,max_tilt,fault_5_60,True,True,"[-0.17474174099952972, 0.10121289493897308]",0.20193743127383373,0.22051680896939221,0.08859422604531912,0.37105977176625277,-0.10840128286222976,0.10840128286222976,0.12350257585800542,0.059178105050645455,0.30905153490319226,0.2527460173407403,-6.938893903907228e-18,5.204170427930421e-18,213,5.01,7.13,0.464252767231738,0.23557517449418452,1.106791969809258,0.6808882939651884,61.65663772599093,5.842292654857739,-0.15640444392858194,0.27840024455471873,-8.961314534198278,15.951159028395363,[0.0],[0.0],0.0,[1.37],[0.68],1.37,[0.0],[0.0],0.0,[0.25],[0.19],0.25,[0.0],[0.0],0.0,[0.0],[0.0],0.0,[0.0],[0.0],0.0,[0.0],[0.0],0.0,"[0.0, 0.0, 0.0]",0.0,0.0,every physics interval; dwell = interval count * physics_dt,0.002,"[0.0, 0.0, 1.37, 0.0]","[0.0, 0.0, 0.68, 0.0]",1.37,"[0.0, 0.0, 0.0, 0.0]","[0.0, 0.0, 0.0, 0.0]",0.0,"[0.0, 0.0, 1.37, 0.0]","[0.0, 0.0, 0.68, 0.0]",1.37,"[0.0, 0.0, 0.0, 0.0]","[0.0, 0.0, 0.0, 0.0]",0.0,"[0.0, 0.0, 0.0, 0.0]","[0.0, 0.0, 0.0, 0.0]",0.0,"[0.0, 0.0, 0.0, 0.0]","[0.0, 0.0, 0.0, 0.0]",0.0,"[0.19, 0.24, 0.09, 0.0]","[0.19, 0.18, 0.09, 0.0]",0.25,"[0.0, 0.0, 0.0, 0.0]","[0.0, 0.0, 0.0, 0.0]",0.0,"[0.0634791957117801, 0.09520988040400943, 0.12921993871004153, 0.07674703367332682]","[0.05045266139746987, 0.009170148873555467, 0.0, 0.020254869361106514]","[0.41818370520226195, 0.5141900235340511, 0.6061992318400757, 0.45998510413202376]","[0.34189860104821446, 0.24033165578968285, 0.21814922562016836, 0.26726998794413104]","[0.07382903359127294, 0.029644412704653067, 1.4667265429979537e-08, 0.04756871928404993]","[0.2, 0.2, 0.2, 0.2]","[0.2, 0.2, 0.2, 0.2]","[0.2, 0.2, 0.13999999999999999, 0.2]","[0.2, 0.2, 0.13999999999999999, 0.2]","[0.010881103206591379, 0.011858597699397027, 0.009785292916567434, 0.011792392336882902]","[10.331819046047483, 18.443214357119626]","[26.539412127259617, 59.70475353235635]",1065,"body origin, body frame; no gravity/external torque","[0.0037915820269035123, 0.0037914138333233443, 0.0006370273718946777]",0.005399696009480204,0.010344133918116546,0.10724366530213425,0.20544091514262242,"[0.0005168119966508517, 0.0006990802569151458, 8.391925938671864e-05]",0.000873413010887061,0.0024738876587326207,0.031239921033850256,0.12420656417482517,"[0.0038702214464991875, 0.0037823774688194294, 0.0006396954936563485]",0.00544923881713578,0.010027769150637852,0.11751692108608537,0.29011869475744656,"[0.003791599786756886, 0.0037915997867569566, 0.0006370273718946777]",0.005399839049306312,0.010344180915367159,0.10724366530213425,0.20544091514262242,"[8.940952533734646e-08, 2.4389274853127374e-07, 1.6275752990155995e-19]",2.597647705274691e-07,6.564065615005124e-07,0.0,0.0,
combined_motor3_70-A_best-existing_integral_020,A_best,combined_motor3_70,existing_integral_020,existing,integral_020,False,7.16,max_tilt,full_0_60,False,False,,,,,,,,,,,,,,,,,,,,,,,,,,,,,,,,,,,,,,,,,,,,,,,,,,,,,,,,,,,,,,,,,,,,,,,,,,,,,,,,,,,,,,,,,,,,,,,,,,,,,,,,,,,,,,,,,,,,,,,
combined_motor3_70-A_best-existing_integral_020,A_best,combined_motor3_70,existing_integral_020,existing,integral_020,False,7.16,max_tilt,pre_3_5,False,True,"[-0.02973856406313486, -0.0025841458025280288]",0.02985062816869855,0.030131056072998035,0.004101284921613264,0.035938518658858054,-0.01447063476884988,0.01447063476884988,0.014595220986135252,0.0019029464050981753,0.017994832098413016,0.033479859851980785,6.776263578034403e-20,-1.9185296255309903e-19,200,3.0100000000000002,5.0,0.010637485354529021,0.0033973823107579376,0.11444676190307182,0.05507526932652865,0.5990580907876889,0.09402338798759814,0.002037674298540851,0.0025252845080633,0.11675013732867129,0.1446881443817974,[0.0],[0.0],0.0,[0.0],[0.0],0.0,[0.0],[0.0],0.0,[0.0],[0.0],0.0,[0.0],[0.0],0.0,[0.0],[0.0],0.0,[0.0],[0.0],0.0,[0.0],[0.0],0.0,"[0.035801418324977685, 0.0024555539071012284, 0.014688544504699476]",0.03588553049727324,0.014688544504699476,every physics interval; dwell = interval count * physics_dt,0.002,"[0.0, 0.0, 0.0, 0.0]","[0.0, 0.0, 0.0, 0.0]",0.0,"[0.0, 0.0, 0.0, 0.0]","[0.0, 0.0, 0.0, 0.0]",0.0,"[0.0, 0.0, 0.0, 0.0]","[0.0, 0.0, 0.0, 0.0]",0.0,"[0.0, 0.0, 0.0, 0.0]","[0.0, 0.0, 0.0, 0.0]",0.0,"[0.0, 0.0, 0.0, 0.0]","[0.0, 0.0, 0.0, 0.0]",0.0,"[0.0, 0.0, 0.0, 0.0]","[0.0, 0.0, 0.0, 0.0]",0.0,"[0.0, 0.0, 0.0, 0.0]","[0.0, 0.0, 0.0, 0.0]",0.0,"[0.0, 0.0, 0.0, 0.0]","[0.0, 0.0, 0.0, 0.0]",0.0,"[0.1075136769941142, 0.12795563074405034, 0.12880521964419664, 0.10749292233366971]","[0.09097477038764368, 0.06965821113726708, 0.07068932356081334, 0.09105847084085449]","[0.5484295682149811, 0.6029096173897058, 0.6051210683632064, 0.5483728443941563]","[0.447447862095005, 0.3908885739912954, 0.39356498918714666, 0.4476757047041333]","[0.09140343801828132, 0.07038821476083523, 0.0707786972249487, 0.09147396633469046]","[0.2, 0.2, 0.2, 0.2]","[0.2, 0.2, 0.2, 0.2]","[0.2, 0.2, 0.2, 0.2]","[0.2, 0.2, 0.2, 0.2]","[0.00028390734280996706, 0.00046059329539348124, 9.848848709644325e-05, 0.00028596576861140765]","[0.2955164362240578, 0.13552590298261966]","[0.5711069415389705, 0.20914981820416145]",1000,"body origin, body frame; no gravity/external torque","[6.195138356178489e-09, 2.08095863634974e-07, 2.4744684234955073e-19]",2.0818805969900847e-07,2.1378148141720287e-07,4.8074067159589095e-17,5.551115123125783e-17,"[3.967350874208205e-05, 1.3104214376210287e-05, 1.64249614645901e-07]",4.17819902381594e-05,0.00010571921327651156,0.0003740871909306649,0.0009944755359624358,"[3.96677852242471e-05, 1.3101221739550455e-05, 1.6424961464591205e-07]",4.177561697451967e-05,0.00010577214033357305,0.00037408719093066564,0.0009944755359624913,"[6.614579631726129e-17, 7.669533057178075e-19, 2.4694778238859374e-19]",6.615070348095322e-17,6.82776636242618e-17,4.8074067159589095e-17,5.551115123125783e-17,"[6.1951383562423645e-09, 2.0809586363536732e-07, 1.5101188829344653e-19]",2.0818805969940385e-07,2.1378148142145583e-07,0.0,0.0,
combined_motor3_70-A_best-existing_integral_020,A_best,combined_motor3_70,existing_integral_020,existing,integral_020,False,7.16,max_tilt,tail_18_20,False,False,,,,,,,,,,,,,,,,,,,,,,,,,,,,,,,,,,,,,,,,,,,,,,,,,,,,,,,,,,,,,,,,,,,,,,,,,,,,,,,,,,,,,,,,,,,,,,,,,,,,,,,,,,,,,,,,,,,,,,,
combined_motor3_70-A_best-existing_integral_020,A_best,combined_motor3_70,existing_integral_020,existing,integral_020,False,7.16,max_tilt,pre_second_28_30,False,False,,,,,,,,,,,,,,,,,,,,,,,,,,,,,,,,,,,,,,,,,,,,,,,,,,,,,,,,,,,,,,,,,,,,,,,,,,,,,,,,,,,,,,,,,,,,,,,,,,,,,,,,,,,,,,,,,,,,,,,
combined_motor3_70-A_best-existing_integral_020,A_best,combined_motor3_70,existing_integral_020,existing,integral_020,False,7.16,max_tilt,tail_58_60,False,False,,,,,,,,,,,,,,,,,,,,,,,,,,,,,,,,,,,,,,,,,,,,,,,,,,,,,,,,,,,,,,,,,,,,,,,,,,,,,,,,,,,,,,,,,,,,,,,,,,,,,,,,,,,,,,,,,,,,,,,
combined_motor3_70-A_best-existing_integral_020,A_best,combined_motor3_70,existing_integral_020,existing,integral_020,False,7.16,max_tilt,fault_5_60,False,False,,,,,,,,,,,,,,,,,,,,,,,,,,,,,,,,,,,,,,,,,,,,,,,,,,,,,,,,,,,,,,,,,,,,,,,,,,,,,,,,,,,,,,,,,,,,,,,,,,,,,,,,,,,,,,,,,,,,,,,
combined_motor3_70-A_best-existing_integral_020,A_best,combined_motor3_70,existing_integral_020,existing,integral_020,False,7.16,max_tilt,full_0_60,True,True,"[-0.06505119070020077, 0.028188193024210915]",0.07089592116253275,0.10624062248352657,0.07912545878668358,0.3493475927205903,-0.03861218706583929,0.03861218706583929,0.06177883992491393,0.04822576150213465,0.28301800949802836,0.12289709080427963,-8.673617379884035e-18,-4.336808689942018e-19,716,0.01,7.16,0.2620456815436934,0.11852364465607886,0.5620489300755548,0.344205212205009,62.73381652979573,6.81054713528902,-0.04779157791967524,0.3965449482707693,-2.7382557110680064,22.720351923148634,[1.3800000000000001],[0.66],1.3800000000000001,[1.3800000000000001],[0.66],1.3800000000000001,[0.0],[0.0],0.0,[0.26],[0.22],0.26,[0.0],[0.0],0.0,[0.0],[0.0],0.0,[0.0],[0.0],0.0,[0.0],[0.0],0.0,"[0.0583154859882462, -0.01436779244192349, 0.025561998367901385]",0.06005938199565104,0.025561998367901385,every physics interval; dwell = interval count * physics_dt,0.002,"[0.0, 0.0, 1.3800000000000001, 0.0]","[0.0, 0.0, 0.66, 0.0]",1.3800000000000001,"[0.0, 0.0, 0.0, 0.0]","[0.0, 0.0, 0.0, 0.0]",0.0,"[0.0, 0.0, 1.3800000000000001, 0.0]","[0.0, 0.0, 0.66, 0.0]",1.3800000000000001,"[0.0, 0.0, 0.0, 0.0]","[0.0, 0.0, 0.0, 0.0]",0.0,"[0.0, 0.0, 0.0, 0.0]","[0.0, 0.0, 0.0, 0.0]",0.0,"[0.0, 0.0, 0.0, 0.0]","[0.0, 0.0, 0.0, 0.0]",0.0,"[0.08, 0.24, 0.06, 0.0]","[0.08, 0.2, 0.06, 0.0]",0.26,"[0.0, 0.0, 0.0, 0.0]","[0.0, 0.0, 0.0, 0.0]",0.0,"[0.0685573855967814, 0.09517588798051642, 0.10665261868665019, 0.07670386314561747]","[0.050478781714638654, 0.00944830836944427, 0.0, 0.016869870582879448]","[0.43452385997330956, 0.5140935910039363, 0.5460735141764886, 0.45985348527043424]","[0.34196425280797016, 0.24100574426851784, 0.21814922562016836, 0.2590255895928507]","[0.07107721426134683, 0.02260814436527861, 2.2097470325777024e-08, 0.029292876996183104]","[0.2, 0.2, 0.2, 0.2]","[0.2, 0.2, 0.2, 0.2]","[0.2, 0.2, 0.13999999999999999, 0.2]","[0.2, 0.2, 0.2, 0.2]","[0.007064730509883156, 0.0071784877588432355, 0.005675246468190289, 0.006687184782223116]","[4.993131354824098, 10.041713946838316]","[21.54276492318669, 62.59984332864818]",3580,"body origin, body frame; no gravity/external torque","[0.002082097107751816, 0.002082006822033559, 0.0003498151960579238]",0.002965173088454671,0.009878024492738125,0.0588914471477986,0.1961850257032003,"[0.00034526843302429614, 0.00048011265396967847, 5.254215795018557e-05]",0.000593699528134328,0.002576115342067975,0.01735939891494005,0.10853188067057412,"[0.0021209930089175883, 0.0020990092489404522, 0.0003475927934814869]",0.0030042090341877194,0.009909645640736148,0.06539292153016234,0.26907656476738084,"[0.002082107113910381, 0.002082107113910421, 0.00034981519605792376]",0.002965250535618472,0.009878136481971056,0.0588914471477986,0.1961850257032003,"[5.651795773078985e-08, 2.2443959961446363e-07, 1.5608843005645828e-19]",2.314463510646906e-07,6.186688459982894e-07,0.0,0.0,
combined_motor3_70-A_best-existing_integral_020,A_best,combined_motor3_70,existing_integral_020,existing,integral_020,False,7.16,max_tilt,pre_3_5,True,False,,,,,,,,,,,,,,,,,,,,,,,,,,,,,,,,,,,,,,,,,,,,,,,,,,,,,,,,,,,,,,,,,,,,,,,,,,,,,,,,,,,,,,,,,,,,,,,,,,,,,,,,,,,,,,,,,,,,,,,
combined_motor3_70-A_best-existing_integral_020,A_best,combined_motor3_70,existing_integral_020,existing,integral_020,False,7.16,max_tilt,tail_18_20,True,False,,,,,,,,,,,,,,,,,,,,,,,,,,,,,,,,,,,,,,,,,,,,,,,,,,,,,,,,,,,,,,,,,,,,,,,,,,,,,,,,,,,,,,,,,,,,,,,,,,,,,,,,,,,,,,,,,,,,,,,
combined_motor3_70-A_best-existing_integral_020,A_best,combined_motor3_70,existing_integral_020,existing,integral_020,False,7.16,max_tilt,pre_second_28_30,True,False,,,,,,,,,,,,,,,,,,,,,,,,,,,,,,,,,,,,,,,,,,,,,,,,,,,,,,,,,,,,,,,,,,,,,,,,,,,,,,,,,,,,,,,,,,,,,,,,,,,,,,,,,,,,,,,,,,,,,,,
combined_motor3_70-A_best-existing_integral_020,A_best,combined_motor3_70,existing_integral_020,existing,integral_020,False,7.16,max_tilt,tail_58_60,True,False,,,,,,,,,,,,,,,,,,,,,,,,,,,,,,,,,,,,,,,,,,,,,,,,,,,,,,,,,,,,,,,,,,,,,,,,,,,,,,,,,,,,,,,,,,,,,,,,,,,,,,,,,,,,,,,,,,,,,,,
combined_motor3_70-A_best-existing_integral_020,A_best,combined_motor3_70,existing_integral_020,existing,integral_020,False,7.16,max_tilt,fault_5_60,True,True,"[-0.13265311134047703, 0.09912822435679687]",0.16559967636574793,0.1847693215326386,0.08195394662364414,0.3493475927205903,-0.09393786785096994,0.09393786785096994,0.11001477286438889,0.057261917816440557,0.28301800949802836,0.2150417457798245,1.8214596497756474e-17,-7.37257477290143e-18,216,5.01,7.16,0.4735994923192658,0.21458391514930228,0.9952023688961753,0.6190253424012335,62.73381652979573,6.81054713528902,-0.1570097735950457,0.3965449482707693,-8.995997369300714,22.720351923148634,[1.3800000000000001],[0.66],1.3800000000000001,[1.3800000000000001],[0.66],1.3800000000000001,[0.0],[0.0],0.0,[0.26],[0.22],0.26,[0.0],[0.0],0.0,[0.0],[0.0],0.0,[0.0],[0.0],0.0,[0.0],[0.0],0.0,"[0.0583154859882462, -0.01436779244192349, 0.025561998367901385]",0.06005938199565104,0.025561998367901385,every physics interval; dwell = interval count * physics_dt,0.002,"[0.0, 0.0, 1.3800000000000001, 0.0]","[0.0, 0.0, 0.66, 0.0]",1.3800000000000001,"[0.0, 0.0, 0.0, 0.0]","[0.0, 0.0, 0.0, 0.0]",0.0,"[0.0, 0.0, 1.3800000000000001, 0.0]","[0.0, 0.0, 0.66, 0.0]",1.3800000000000001,"[0.0, 0.0, 0.0, 0.0]","[0.0, 0.0, 0.0, 0.0]",0.0,"[0.0, 0.0, 0.0, 0.0]","[0.0, 0.0, 0.0, 0.0]",0.0,"[0.0, 0.0, 0.0, 0.0]","[0.0, 0.0, 0.0, 0.0]",0.0,"[0.08, 0.24, 0.06, 0.0]","[0.08, 0.2, 0.06, 0.0]",0.26,"[0.0, 0.0, 0.0, 0.0]","[0.0, 0.0, 0.0, 0.0]",0.0,"[0.0685573855967814, 0.09517588798051642, 0.12922672995025908, 0.07670386314561747]","[0.050478781714638654, 0.00944830836944427, 0.0, 0.016869870582879448]","[0.43452385997330956, 0.5140935910039363, 0.6062168800891122, 0.45985348527043424]","[0.34196425280797016, 0.24100574426851784, 0.21814922562016836, 0.2590255895928507]","[0.07379831512121512, 0.02260814436527861, 2.2097470325777024e-08, 0.029292876996183104]","[0.2, 0.2, 0.2, 0.2]","[0.2, 0.2, 0.2, 0.2]","[0.2, 0.2, 0.13999999999999999, 0.2]","[0.2, 0.2, 0.13999999999999999, 0.2]","[0.010437025058635993, 0.011558998179311046, 0.009382798840374396, 0.011652291611736918]","[9.057651450687143, 18.19429518357357]","[21.54276492318669, 62.59984332864818]",1080,"body origin, body frame; no gravity/external torque","[0.0037907977694377733, 0.0037906333756320175, 0.0006368956856758387]",0.005398581779658645,0.009878024492738125,0.1072214959050233,0.1961850257032003,"[0.0005087607552714054, 0.0006910194119305113, 8.522328542820224e-05]",0.0008623272825025875,0.0024753548624177894,0.029850563055463613,0.10853188067057412,"[0.003843927721272494, 0.0037839196589068737, 0.0006313559084611233]",0.0054306941171988156,0.009909645640736148,0.11860465973146624,0.26907656476738084,"[0.0037908159877220278, 0.003790815987722102, 0.0006368956856758385]",0.005398722795251752,0.009878136481971056,0.1072214959050233,0.1961850257032003,"[8.522040802273607e-08, 2.4119324094607297e-07, 1.6429495805137898e-19]",2.558059761257192e-07,6.186688459982894e-07,0.0,0.0,
combined_motor3_70-A_best-oracle_no_integral,A_best,combined_motor3_70,oracle_no_integral,oracle,no_integral,True,60.0,horizon,full_0_60,False,True,"[-0.056075376510146505, -0.0038256431538194486]",0.05620572387484264,0.05641204671773937,0.004820333867000607,0.08464705359563186,-0.02314763289025401,0.02314763289025401,0.023278515949288203,0.002465034762289379,0.034991417629788524,0.06102629203618449,-1.8295911660692887e-19,9.105604182983729e-19,6000,0.01,60.0,0.016968175042905338,0.006806332503501808,0.226760120491734,0.09355782558602845,6.334779456561263,1.4974447940585063,-1.1971031138436153e-06,0.02744977575538065,-6.858895606520807e-05,1.5727562993638424,[0.0],[0.0],0.0,[0.28],[0.28],0.28,[0.0],[0.0],0.0,[0.0],[0.0],0.0,[0.0],[0.0],0.0,[0.0],[0.0],0.0,[0.0],[0.0],0.0,[0.0],[0.0],0.0,"[0.0, 0.0, 0.0]",0.0,0.0,every physics interval; dwell = interval count * physics_dt,0.002,"[0.0, 0.0, 0.28, 0.0]","[0.0, 0.0, 0.28, 0.0]",0.28,"[0.0, 0.0, 0.0, 0.0]","[0.0, 0.0, 0.0, 0.0]",0.0,"[0.0, 0.0, 0.28, 0.0]","[0.0, 0.0, 0.28, 0.0]",0.28,"[0.0, 0.0, 0.0, 0.0]","[0.0, 0.0, 0.0, 0.0]",0.0,"[0.0, 0.0, 0.0, 0.0]","[0.0, 0.0, 0.0, 0.0]",0.0,"[0.0, 0.0, 0.0, 0.0]","[0.0, 0.0, 0.0, 0.0]",0.0,"[0.0, 0.0, 0.0, 0.0]","[0.0, 0.0, 0.0, 0.0]",0.0,"[0.0, 0.0, 0.0, 0.0]","[0.0, 0.0, 0.0, 0.0]",0.0,"[0.07896018299293352, 0.10628188020282213, 0.10665261868665019, 0.08914372410983268]","[0.052727604165876546, 0.04206666902652412, 0.0, 0.06111535991566161]","[0.4666985235385062, 0.545057354533226, 0.5460735141764886, 0.496800853345421]","[0.3476254271716368, 0.3209351828014503, 0.21814922562016836, 0.3689073774391187]","[0.07109224393138058, 0.05436241758473806, 0.0001614521121168222, 0.07551484090653199]","[0.2, 0.2, 0.2, 0.2]","[0.2, 0.2, 0.2, 0.2]","[0.2, 0.2, 0.13999999999999999, 0.2]","[0.2, 0.2, 0.2, 0.2]","[0.0019011226319931192, 0.001645682410024324, 0.0017177785093378621, 0.0012053158788776252]","[0.3437500870450225, 0.5642658953028401]","[3.8410463608678844, 5.2107762894641345]",30000,"body origin, body frame; no gravity/external torque","[5.833980078374464e-05, 5.832514267719092e-05, 9.802101163900868e-06]",8.307488074640517e-05,0.0015486285126668645,0.0016501853811281542,0.030764467580413346,"[0.00011457598234688677, 0.00012706487048701914, 1.3983841754445153e-05]",0.00017166445430796557,0.0027664092255135276,0.003050421950548329,0.06530581232367977,"[0.00013172337985190388, 0.00014697419110693994, 1.8232019184572016e-05]",0.00019820410736081203,0.0035861452206316716,0.003794753307287031,0.09040489226429743,"[5.834230414978553e-05, 5.8342304149792474e-05, 9.802101163900868e-06]",8.308868812443917e-05,0.0015490255103071029,0.0016501853811281542,0.030764467580413346,"[1.7067368730686114e-08, 2.092828654003745e-07, 1.5114156791227153e-19]",2.0997764839520683e-07,5.56122656856927e-07,0.0,0.0,
combined_motor3_70-A_best-oracle_no_integral,A_best,combined_motor3_70,oracle_no_integral,oracle,no_integral,True,60.0,horizon,pre_3_5,False,True,"[-0.056287863216764954, -0.004001823800503228]",0.056429940096012106,0.0564445695208435,0.0012850249623338962,0.057400251844794005,-0.023179208964810946,0.023179208964810946,0.023179845269549144,0.00017175123250799708,0.023454912362271263,0.06101880574965045,-1.336617990767286e-18,-3.919678050643777e-19,200,3.0100000000000002,5.0,0.00835466400603904,0.0007829771044707921,0.22618284158806298,0.09289628929694868,0.5821863166728134,0.09188109527285492,0.00016773665613393465,0.0007210339412195264,0.009610602466111628,0.041312201717562745,[0.0],[0.0],0.0,[0.0],[0.0],0.0,[0.0],[0.0],0.0,[0.0],[0.0],0.0,[0.0],[0.0],0.0,[0.0],[0.0],0.0,[0.0],[0.0],0.0,[0.0],[0.0],0.0,"[0.0, 0.0, 0.0]",0.0,0.0,every physics interval; dwell = interval count * physics_dt,0.002,"[0.0, 0.0, 0.0, 0.0]","[0.0, 0.0, 0.0, 0.0]",0.0,"[0.0, 0.0, 0.0, 0.0]","[0.0, 0.0, 0.0, 0.0]",0.0,"[0.0, 0.0, 0.0, 0.0]","[0.0, 0.0, 0.0, 0.0]",0.0,"[0.0, 0.0, 0.0, 0.0]","[0.0, 0.0, 0.0, 0.0]",0.0,"[0.0, 0.0, 0.0, 0.0]","[0.0, 0.0, 0.0, 0.0]",0.0,"[0.0, 0.0, 0.0, 0.0]","[0.0, 0.0, 0.0, 0.0]",0.0,"[0.0, 0.0, 0.0, 0.0]","[0.0, 0.0, 0.0, 0.0]",0.0,"[0.0, 0.0, 0.0, 0.0]","[0.0, 0.0, 0.0, 0.0]",0.0,"[0.1075043021482238, 0.12795210121153502, 0.12879437756892737, 0.10749650254979169]","[0.09099305889781403, 0.06969391756078289, 0.07070017368666617, 0.09106591341977952]","[0.5484039465585535, 0.602900422404279, 0.6050928700436906, 0.5483826295853924]","[0.44749764123683633, 0.39098116725571563, 0.393593180694479, 0.4476959667657848]","[0.09141977225677769, 0.07041300540373976, 0.07078033996727803, 0.0914763441382323]","[0.2, 0.2, 0.2, 0.2]","[0.2, 0.2, 0.2, 0.2]","[0.2, 0.2, 0.2, 0.2]","[0.2, 0.2, 0.2, 0.2]","[0.00028148159811671716, 0.00045254530844493767, 9.77539732143645e-05, 0.0002805604895871346]","[0.28998872161917266, 0.12889065954742532]","[0.5596318849673444, 0.1939344032195194]",1000,"body origin, body frame; no gravity/external torque","[6.106305835684667e-09, 2.081023900069635e-07, 2.353658345644864e-19]",2.0819195877259357e-07,2.135639694708449e-07,4.8234047858538485e-17,5.551115123125783e-17,"[3.9102300950128614e-05, 1.2725812820396001e-05, 1.620430027366044e-07]",4.1121314539651115e-05,0.0001038563489306144,0.0003688632490435228,0.0009839760829039035,"[3.9096659146617055e-05, 1.2723022405188483e-05, 1.6204300273660354e-07]",4.1115086203052273e-05,0.00010385656997765545,0.0003688632490435223,0.000983976082903959,"[6.622436475712306e-17, 7.340617211222341e-19, 2.435071302464967e-19]",6.622888063237503e-17,6.828112045975322e-17,4.8234047858538485e-17,5.551115123125783e-17,"[6.106305835563106e-09, 2.081023900073438e-07, 1.6866227583517115e-19]",2.0819195877297023e-07,2.1356396947461597e-07,0.0,0.0,
combined_motor3_70-A_best-oracle_no_integral,A_best,combined_motor3_70,oracle_no_integral,oracle,no_integral,True,60.0,horizon,tail_18_20,False,True,"[-0.05634830167450478, -0.004125608077410723]",0.05649913046772839,0.05649914540116748,4.1078618121893265e-05,0.056537983701508976,-0.023289368778606857,0.023289368778606857,0.02328936957448337,6.088589660975777e-06,0.023299942012237618,0.061110949642753355,2.9063602935703917e-18,-2.5511094720088973e-19,200,18.01,20.0,0.0002529305631777699,3.7517515158526054e-05,0.22600203545592448,0.09315605995075579,0.018858109903524007,0.0019907396068897226,0.0005118629803560835,0.0005284961720509943,0.029327588463391348,0.03028060014734179,[0.0],[0.0],0.0,[0.0],[0.0],0.0,[0.0],[0.0],0.0,[0.0],[0.0],0.0,[0.0],[0.0],0.0,[0.0],[0.0],0.0,[0.0],[0.0],0.0,[0.0],[0.0],0.0,"[0.0, 0.0, 0.0]",0.0,0.0,every physics interval; dwell = interval count * physics_dt,0.002,"[0.0, 0.0, 0.0, 0.0]","[0.0, 0.0, 0.0, 0.0]",0.0,"[0.0, 0.0, 0.0, 0.0]","[0.0, 0.0, 0.0, 0.0]",0.0,"[0.0, 0.0, 0.0, 0.0]","[0.0, 0.0, 0.0, 0.0]",0.0,"[0.0, 0.0, 0.0, 0.0]","[0.0, 0.0, 0.0, 0.0]",0.0,"[0.0, 0.0, 0.0, 0.0]","[0.0, 0.0, 0.0, 0.0]",0.0,"[0.0, 0.0, 0.0, 0.0]","[0.0, 0.0, 0.0, 0.0]",0.0,"[0.0, 0.0, 0.0, 0.0]","[0.0, 0.0, 0.0, 0.0]",0.0,"[0.0, 0.0, 0.0, 0.0]","[0.0, 0.0, 0.0, 0.0]",0.0,"[0.10825139105132166, 0.12905728167380887, 0.1843700801854037, 0.10825638984212035]","[0.09173382045744953, 0.07092417153498476, 0.015610183073943545, 0.09173995216859236]","[0.5504437005051169, 0.6057764689341332, 0.7439901012900572, 0.5504573345885717]","[0.4495159647706116, 0.39417531923237004, 0.25596191451481787, 0.449532688449379]","[0.09173454037380843, 0.07092538071021229, 0.01092737848447703, 0.09174029171869152]","[0.2, 0.2, 0.2, 0.2]","[0.2, 0.2, 0.2, 0.2]","[0.2, 0.2, 0.13999999999999999, 0.2]","[0.2, 0.2, 0.13999999999999999, 0.2]","[1.2079343528867726e-06, 1.537700011814874e-06, 1.6822753428651043e-06, 3.365756114221681e-07]","[0.008764522742360156, 0.005438864036107366]","[0.016091634743578467, 0.00989507155831761]",1000,"body origin, body frame; no gravity/external torque","[2.3386423944839474e-11, 2.0807555204390286e-07, 5.639802167990735e-18]",2.0807555335814873e-07,2.081198531829853e-07,1.2821754172222085e-16,1.6653345369377348e-16,"[5.676878443057584e-08, 4.805061776120925e-08, 4.910529344047118e-09]",7.453636730749479e-08,1.869013063561618e-07,4.023312749708664e-06,8.227758256817985e-06,"[5.6761635805246385e-08, 2.1556500221577857e-07, 4.9105293444855274e-09]",2.229669634228783e-07,3.522837801091933e-07,4.0233127497119935e-06,8.227758256984519e-06,"[1.230149281633151e-17, 8.919048134934663e-17, 5.61007799858552e-18]",9.020943223404424e-17,9.222540804930253e-17,1.2821754172222085e-16,1.6653345369377348e-16,"[2.3386424678431705e-11, 2.0807555213309048e-07, 1.54855044337518e-19]",2.0807555344733635e-07,2.0811985327189303e-07,0.0,0.0,
combined_motor3_70-A_best-oracle_no_integral,A_best,combined_motor3_70,oracle_no_integral,oracle,no_integral,True,60.0,horizon,pre_second_28_30,False,True,"[-0.056350219665311806, -0.0041285364763027545]",0.05650125724056993,0.056501257249920944,1.0279555020702143e-06,0.05650229121442861,-0.02328882658346812,0.02328882658346812,0.023288826583962405,1.5172877153486103e-07,0.023289070753745644,0.06111269519894878,-4.357122521147055e-18,9.793403826357876e-19,200,28.01,30.0,6.67654868840936e-06,9.93435657096619e-07,0.22600512459392938,0.093155284141668,0.0004674065682389288,5.325823431630178e-05,0.0005124648532473399,0.0005129170247712641,0.029362073239863676,0.029387980759800533,[0.0],[0.0],0.0,[0.0],[0.0],0.0,[0.0],[0.0],0.0,[0.0],[0.0],0.0,[0.0],[0.0],0.0,[0.0],[0.0],0.0,[0.0],[0.0],0.0,[0.0],[0.0],0.0,"[0.0, 0.0, 0.0]",0.0,0.0,every physics interval; dwell = interval count * physics_dt,0.002,"[0.0, 0.0, 0.0, 0.0]","[0.0, 0.0, 0.0, 0.0]",0.0,"[0.0, 0.0, 0.0, 0.0]","[0.0, 0.0, 0.0, 0.0]",0.0,"[0.0, 0.0, 0.0, 0.0]","[0.0, 0.0, 0.0, 0.0]",0.0,"[0.0, 0.0, 0.0, 0.0]","[0.0, 0.0, 0.0, 0.0]",0.0,"[0.0, 0.0, 0.0, 0.0]","[0.0, 0.0, 0.0, 0.0]",0.0,"[0.0, 0.0, 0.0, 0.0]","[0.0, 0.0, 0.0, 0.0]",0.0,"[0.0, 0.0, 0.0, 0.0]","[0.0, 0.0, 0.0, 0.0]",0.0,"[0.0, 0.0, 0.0, 0.0]","[0.0, 0.0, 0.0, 0.0]",0.0,"[0.10825786050595233, 0.12906521768331472, 0.18437896595919992, 0.10825800363616116]","[0.09174178292193842, 0.07093433147185224, 0.015620527290766989, 0.09174190064831003]","[0.5504613457541541, 0.6057970985683898, 0.744011704554803, 0.5504617361341316]","[0.4495376817148029, 0.39420172947130705, 0.2559870634280621, 0.4495380028069752]","[0.09174179434115466, 0.07093434434209311, 0.010934383114025531, 0.09174191099511564]","[0.2, 0.2, 0.2, 0.2]","[0.2, 0.2, 0.2, 0.2]","[0.2, 0.2, 0.13999999999999999, 0.2]","[0.2, 0.2, 0.13999999999999999, 0.2]","[3.177908559108671e-08, 4.019791188289365e-08, 4.4403517160043765e-08, 9.893929921691672e-09]","[0.00022146183236268821, 0.00013633613026676545]","[0.00039890506910492205, 0.000245283870489954]",1000,"body origin, body frame; no gravity/external torque","[6.013536946523564e-13, 2.0807404346763835e-07, 5.627559250246537e-18]",2.0807404346850717e-07,2.080750542907957e-07,1.3053975696292017e-16,1.6653345369377348e-16,"[1.40977576204082e-09, 1.2997716403346713e-09, 1.2932780579847525e-10]",1.9218740066946896e-09,4.41561595030663e-09,1.0651012819487758e-07,2.2970420771040168e-07,"[1.409572431183336e-09, 2.0808373215058145e-07, 1.293278056116972e-10]",2.0808854655130569e-07,2.1063161384005072e-07,1.065101281969283e-07,2.2970420782142398e-07,"[1.223785098254029e-17, 8.920581317147243e-17, 5.635077313043004e-18]",9.021749385002045e-17,9.20057536583717e-17,1.3053975696292017e-16,1.6653345369377348e-16,"[6.013526773671686e-13, 2.0807404355684146e-07, 1.517883041479706e-19]",2.080740435577099e-07,2.0807505438013399e-07,0.0,0.0,
combined_motor3_70-A_best-oracle_no_integral,A_best,combined_motor3_70,oracle_no_integral,oracle,no_integral,True,60.0,horizon,tail_58_60,False,True,"[-0.05635017534370888, -0.0041284677099657245]",0.05650120801274045,0.05650120801274049,2.3343452891877548e-09,0.056501211123607904,-0.023288832145960812,0.023288832145960812,0.023288832145960826,1.0681625835535295e-09,0.02328883421075656,0.061112651796675535,-6.786783702168425e-19,-4.904500014124485e-19,200,58.01,60.0,1.422384757626077e-08,5.084046489559442e-09,0.22600483315809788,0.09315532857757115,1.2074182697257333e-06,4.7423019627475695e-07,0.0005124398093755685,0.0005124412867126386,0.029360638331708506,0.029360722976887545,[0.0],[0.0],0.0,[0.0],[0.0],0.0,[0.0],[0.0],0.0,[0.0],[0.0],0.0,[0.0],[0.0],0.0,[0.0],[0.0],0.0,[0.0],[0.0],0.0,[0.0],[0.0],0.0,"[0.0, 0.0, 0.0]",0.0,0.0,every physics interval; dwell = interval count * physics_dt,0.002,"[0.0, 0.0, 0.0, 0.0]","[0.0, 0.0, 0.0, 0.0]",0.0,"[0.0, 0.0, 0.0, 0.0]","[0.0, 0.0, 0.0, 0.0]",0.0,"[0.0, 0.0, 0.0, 0.0]","[0.0, 0.0, 0.0, 0.0]",0.0,"[0.0, 0.0, 0.0, 0.0]","[0.0, 0.0, 0.0, 0.0]",0.0,"[0.0, 0.0, 0.0, 0.0]","[0.0, 0.0, 0.0, 0.0]",0.0,"[0.0, 0.0, 0.0, 0.0]","[0.0, 0.0, 0.0, 0.0]",0.0,"[0.0, 0.0, 0.0, 0.0]","[0.0, 0.0, 0.0, 0.0]",0.0,"[0.0, 0.0, 0.0, 0.0]","[0.0, 0.0, 0.0, 0.0]",0.0,"[0.10825804169084922, 0.1290654496365811, 0.18437921927954537, 0.10825804110953631]","[0.09174193273005894, 0.07093452110936471, 0.015620750002221295, 0.09174193253066186]","[0.5504618399262297, 0.6057977015254564, 0.7440123204305003, 0.5504618383407307]","[0.44953809030819303, 0.39420222242933534, 0.2559876048869425, 0.44953808976434584]","[0.09174194032420739, 0.0709345296634735, 0.010934531294841898, 0.09174194075324374]","[0.2, 0.2, 0.2, 0.2]","[0.2, 0.2, 0.2, 0.2]","[0.2, 0.2, 0.13999999999999999, 0.2]","[0.2, 0.2, 0.13999999999999999, 0.2]","[4.63513197493081e-09, 6.410225541061392e-09, 5.302011327109089e-09, 4.879564266615317e-09]","[5.870240494447529e-07, 2.883138445660094e-07]","[9.86549398149151e-07, 6.045609993834531e-07]",1000,"body origin, body frame; no gravity/external torque","[6.898791489000182e-14, 2.080740952291058e-07, 5.626055103982464e-18]",2.0807409522911684e-07,2.0807418500258999e-07,1.390551568322723e-16,1.6653345369377348e-16,"[4.463927706757965e-10, 2.34962266907793e-10, 2.4588011324063047e-11]",5.050528119740898e-10,1.2453836765739361e-09,1.3415684636370418e-08,3.543563387164994e-08,"[4.46328135811669e-10, 2.0807193341579964e-07, 2.4588011175219816e-11]",2.080724135698052e-07,2.0870748971382054e-07,1.3415684637875374e-08,3.543563370511649e-08,"[1.2413786825793784e-17, 8.901184416027753e-17, 5.6344316111396284e-18]",9.004974915984159e-17,9.166265544460886e-17,1.390551568322723e-16,1.6653345369377348e-16,"[6.89881202440003e-14, 2.0807409531811483e-07, 1.5101188829344653e-19]",2.0807409531812553e-07,2.080741850927956e-07,0.0,0.0,
combined_motor3_70-A_best-oracle_no_integral,A_best,combined_motor3_70,oracle_no_integral,oracle,no_integral,True,60.0,horizon,fault_5_60,False,True,"[-0.056555725273002115, -0.003883181479989185]",0.05668888038726661,0.056760227000540085,0.0028450324411202947,0.08464705359563186,-0.023522337760507918,0.023522337760507918,0.023554262186707094,0.001225925544527737,0.034991417629788524,0.061453450971552276,-8.59569034873664e-18,-2.6262256529619582e-18,5500,5.01,60.0,0.013634470277067098,0.0055143013827407055,0.22746532226286803,0.09437664755431446,6.334779456561263,1.4974447940585063,0.00016687629821653257,0.02744977575538065,0.009561307588573823,1.5727562993638424,[0.0],[0.0],0.0,[0.28],[0.28],0.28,[0.0],[0.0],0.0,[0.0],[0.0],0.0,[0.0],[0.0],0.0,[0.0],[0.0],0.0,[0.0],[0.0],0.0,[0.0],[0.0],0.0,"[0.0, 0.0, 0.0]",0.0,0.0,every physics interval; dwell = interval count * physics_dt,0.002,"[0.0, 0.0, 0.28, 0.0]","[0.0, 0.0, 0.28, 0.0]",0.28,"[0.0, 0.0, 0.0, 0.0]","[0.0, 0.0, 0.0, 0.0]",0.0,"[0.0, 0.0, 0.28, 0.0]","[0.0, 0.0, 0.28, 0.0]",0.28,"[0.0, 0.0, 0.0, 0.0]","[0.0, 0.0, 0.0, 0.0]",0.0,"[0.0, 0.0, 0.0, 0.0]","[0.0, 0.0, 0.0, 0.0]",0.0,"[0.0, 0.0, 0.0, 0.0]","[0.0, 0.0, 0.0, 0.0]",0.0,"[0.0, 0.0, 0.0, 0.0]","[0.0, 0.0, 0.0, 0.0]",0.0,"[0.0, 0.0, 0.0, 0.0]","[0.0, 0.0, 0.0, 0.0]",0.0,"[0.07896018299293352, 0.10628188020282213, 0.16567597610425744, 0.08914372410983268]","[0.05640533998267366, 0.048474159415123785, 0.0, 0.06111535991566161]","[0.4666985235385062, 0.545057354533226, 0.698239413299279, 0.496800853345421]","[0.3569231999967063, 0.3369324685782943, 0.21814922562016836, 0.3689073774391187]","[0.07560938036959931, 0.05738730250371493, 0.0001614521121168222, 0.07551484090653199]","[0.2, 0.2, 0.2, 0.2]","[0.2, 0.2, 0.2, 0.2]","[0.2, 0.2, 0.13999999999999999, 0.2]","[0.2, 0.2, 0.13999999999999999, 0.2]","[0.0013127044302368093, 0.001223599225273972, 0.0015760176504949236, 0.0010475948078799053]","[0.3252581766807363, 0.47228449956859647]","[3.8410463608678844, 5.2107762894641345]",27500,"body origin, body frame; no gravity/external torque","[6.093393354792439e-05, 6.091858965606514e-05, 1.0237960764314884e-05]",8.6768857684765e-05,0.0015486285126668645,0.0017235624182348934,0.030764467580413346,"[9.479267348656531e-05, 7.97641973865477e-05, 1.179690580171758e-05]",0.0001244473588227013,0.0027664092255135276,0.0024331657722762735,0.06530581232367977,"[0.00011659557510796958, 0.00011098532489464805, 1.6984327458623922e-05]",0.00016186641979098372,0.0035861452206316716,0.003388002837157904,0.09040489226429743,"[6.093654929669429e-05, 6.0936549296701536e-05, 1.0237960764314884e-05]",8.678330439081839e-05,0.0015490255103071029,0.0017235624182348934,0.030764467580413346,"[1.3696543297151546e-08, 2.085871436339859e-07, 1.498611153304079e-19]",2.0903634083019256e-07,4.3649993633999887e-07,0.0,0.0,
combined_motor3_70-A_best-oracle_no_integral,A_best,combined_motor3_70,oracle_no_integral,oracle,no_integral,True,60.0,horizon,full_0_60,True,False,,,,,,,,,,,,,,,,,,,,,,,,,,,,,,,,,,,,,,,,,,,,,,,,,,,,,,,,,,,,,,,,,,,,,,,,,,,,,,,,,,,,,,,,,,,,,,,,,,,,,,,,,,,,,,,,,,,,,,,
combined_motor3_70-A_best-oracle_no_integral,A_best,combined_motor3_70,oracle_no_integral,oracle,no_integral,True,60.0,horizon,pre_3_5,True,False,,,,,,,,,,,,,,,,,,,,,,,,,,,,,,,,,,,,,,,,,,,,,,,,,,,,,,,,,,,,,,,,,,,,,,,,,,,,,,,,,,,,,,,,,,,,,,,,,,,,,,,,,,,,,,,,,,,,,,,
combined_motor3_70-A_best-oracle_no_integral,A_best,combined_motor3_70,oracle_no_integral,oracle,no_integral,True,60.0,horizon,tail_18_20,True,False,,,,,,,,,,,,,,,,,,,,,,,,,,,,,,,,,,,,,,,,,,,,,,,,,,,,,,,,,,,,,,,,,,,,,,,,,,,,,,,,,,,,,,,,,,,,,,,,,,,,,,,,,,,,,,,,,,,,,,,
combined_motor3_70-A_best-oracle_no_integral,A_best,combined_motor3_70,oracle_no_integral,oracle,no_integral,True,60.0,horizon,pre_second_28_30,True,False,,,,,,,,,,,,,,,,,,,,,,,,,,,,,,,,,,,,,,,,,,,,,,,,,,,,,,,,,,,,,,,,,,,,,,,,,,,,,,,,,,,,,,,,,,,,,,,,,,,,,,,,,,,,,,,,,,,,,,,
combined_motor3_70-A_best-oracle_no_integral,A_best,combined_motor3_70,oracle_no_integral,oracle,no_integral,True,60.0,horizon,tail_58_60,True,False,,,,,,,,,,,,,,,,,,,,,,,,,,,,,,,,,,,,,,,,,,,,,,,,,,,,,,,,,,,,,,,,,,,,,,,,,,,,,,,,,,,,,,,,,,,,,,,,,,,,,,,,,,,,,,,,,,,,,,,
combined_motor3_70-A_best-oracle_no_integral,A_best,combined_motor3_70,oracle_no_integral,oracle,no_integral,True,60.0,horizon,fault_5_60,True,False,,,,,,,,,,,,,,,,,,,,,,,,,,,,,,,,,,,,,,,,,,,,,,,,,,,,,,,,,,,,,,,,,,,,,,,,,,,,,,,,,,,,,,,,,,,,,,,,,,,,,,,,,,,,,,,,,,,,,,,
combined_motor3_70-A_best-oracle_integral_020,A_best,combined_motor3_70,oracle_integral_020,oracle,integral_020,True,60.0,horizon,full_0_60,False,True,"[-0.004822498119144883, -0.00033301242932090445]",0.004833982352805826,0.01233694063523153,0.011350450160675972,0.052114797434782804,-0.0020193779546610795,0.0020193779546610795,0.005318535837134466,0.004920257729744666,0.02097491637931992,0.013434542332662863,-4.0657581468206416e-19,3.1848438816761693e-19,6000,0.01,60.0,0.017057599072192398,0.006857650344799527,0.0522349596457357,0.022360327508453043,6.318787748394838,1.4961940743935656,0.00022684263163750933,0.025690484881823968,0.012997125406470087,1.4719563573731609,[0.28],[0.28],0.28,[0.28],[0.28],0.28,[0.0],[0.0],0.0,[0.0],[0.0],0.0,[0.0],[0.0],0.0,[0.0],[0.0],0.0,[0.0],[0.0],0.0,[0.0],[0.0],0.0,"[0.05635012248886968, 0.004128452960830433, 0.023288850912057846]",0.05650115422148831,0.023289954635533298,every physics interval; dwell = interval count * physics_dt,0.002,"[0.0, 0.0, 0.28, 0.0]","[0.0, 0.0, 0.28, 0.0]",0.28,"[0.0, 0.0, 0.0, 0.0]","[0.0, 0.0, 0.0, 0.0]",0.0,"[0.0, 0.0, 0.28, 0.0]","[0.0, 0.0, 0.28, 0.0]",0.28,"[0.0, 0.0, 0.0, 0.0]","[0.0, 0.0, 0.0, 0.0]",0.0,"[0.0, 0.0, 0.0, 0.0]","[0.0, 0.0, 0.0, 0.0]",0.0,"[0.0, 0.0, 0.0, 0.0]","[0.0, 0.0, 0.0, 0.0]",0.0,"[0.0, 0.0, 0.0, 0.0]","[0.0, 0.0, 0.0, 0.0]",0.0,"[0.0, 0.0, 0.0, 0.0]","[0.0, 0.0, 0.0, 0.0]",0.0,"[0.0789239522118374, 0.10626853458718266, 0.10665261868665019, 0.08907074706404847]","[0.05270783942023771, 0.04202590763741845, 0.0, 0.061070404306597104]","[0.46658914947999136, 0.5450207558346751, 0.5460735141764886, 0.4965893613160228]","[0.3475755936802343, 0.3208338113506273, 0.21814922562016836, 0.3687925632198814]","[0.07107721426134683, 0.05432990417688274, 0.00016144099857595684, 0.07552246669883803]","[0.2, 0.2, 0.2, 0.2]","[0.2, 0.2, 0.2, 0.2]","[0.2, 0.2, 0.13999999999999999, 0.2]","[0.2, 0.2, 0.2, 0.2]","[0.0019016071262917078, 0.0016461846176080604, 0.001716563405728547, 0.0012053878261773455]","[0.3429947351250731, 0.5641144976304834]","[3.8248753079092013, 5.194673481613891]",30000,"body origin, body frame; no gravity/external torque","[5.784323273323596e-05, 5.782859165672545e-05, 9.718673187495978e-06]",8.23677011610574e-05,0.0015422647677567328,0.0016361402672552755,0.030638080408558477,"[0.00011445298708238883, 0.0001272876220685912, 1.3985731224618229e-05]",0.00017174756377266812,0.002767662490029778,0.003047603139299545,0.06532534411705498,"[0.00013138118469902728, 0.0001469652438612115, 1.8175054246566648e-05]",0.00019796497466211782,0.0035843391720642294,0.0037851150396023283,0.09023184972057768,"[5.7845739148809934e-05, 5.784573914881686e-05, 9.718673187495971e-06]",8.238150085954051e-05,0.0015426617741927963,0.0016361402672552755,0.030638080408558477,"[1.7045865639713334e-08, 2.0928597924663094e-07, 1.527917465288313e-19]",2.099790052472614e-07,5.561258797961317e-07,0.0,0.0,
combined_motor3_70-A_best-oracle_integral_020,A_best,combined_motor3_70,oracle_integral_020,oracle,integral_020,True,60.0,horizon,pre_3_5,False,True,"[-0.02973856406313486, -0.0025841458025280288]",0.02985062816869855,0.030131056072998035,0.004101284921613264,0.035938518658858054,-0.01447063476884988,0.01447063476884988,0.014595220986135252,0.0019029464050981753,0.017994832098413016,0.033479859851980785,6.776263578034403e-20,-1.9185296255309903e-19,200,3.0100000000000002,5.0,0.010637485354529021,0.0033973823107579376,0.11444676190307182,0.05507526932652865,0.5990580907876889,0.09402338798759814,0.002037674298540851,0.0025252845080633,0.11675013732867129,0.1446881443817974,[0.0],[0.0],0.0,[0.0],[0.0],0.0,[0.0],[0.0],0.0,[0.0],[0.0],0.0,[0.0],[0.0],0.0,[0.0],[0.0],0.0,[0.0],[0.0],0.0,[0.0],[0.0],0.0,"[0.035801418324977685, 0.0024555539071012284, 0.014688544504699476]",0.03588553049727324,0.014688544504699476,every physics interval; dwell = interval count * physics_dt,0.002,"[0.0, 0.0, 0.0, 0.0]","[0.0, 0.0, 0.0, 0.0]",0.0,"[0.0, 0.0, 0.0, 0.0]","[0.0, 0.0, 0.0, 0.0]",0.0,"[0.0, 0.0, 0.0, 0.0]","[0.0, 0.0, 0.0, 0.0]",0.0,"[0.0, 0.0, 0.0, 0.0]","[0.0, 0.0, 0.0, 0.0]",0.0,"[0.0, 0.0, 0.0, 0.0]","[0.0, 0.0, 0.0, 0.0]",0.0,"[0.0, 0.0, 0.0, 0.0]","[0.0, 0.0, 0.0, 0.0]",0.0,"[0.0, 0.0, 0.0, 0.0]","[0.0, 0.0, 0.0, 0.0]",0.0,"[0.0, 0.0, 0.0, 0.0]","[0.0, 0.0, 0.0, 0.0]",0.0,"[0.1075136769941142, 0.12795563074405034, 0.12880521964419664, 0.10749292233366971]","[0.09097477038764368, 0.06965821113726708, 0.07068932356081334, 0.09105847084085449]","[0.5484295682149811, 0.6029096173897058, 0.6051210683632064, 0.5483728443941563]","[0.447447862095005, 0.3908885739912954, 0.39356498918714666, 0.4476757047041333]","[0.09140343801828132, 0.07038821476083523, 0.0707786972249487, 0.09147396633469046]","[0.2, 0.2, 0.2, 0.2]","[0.2, 0.2, 0.2, 0.2]","[0.2, 0.2, 0.2, 0.2]","[0.2, 0.2, 0.2, 0.2]","[0.00028390734280996706, 0.00046059329539348124, 9.848848709644325e-05, 0.00028596576861140765]","[0.2955164362240578, 0.13552590298261966]","[0.5711069415389705, 0.20914981820416145]",1000,"body origin, body frame; no gravity/external torque","[6.195138356178489e-09, 2.08095863634974e-07, 2.4744684234955073e-19]",2.0818805969900847e-07,2.1378148141720287e-07,4.8074067159589095e-17,5.551115123125783e-17,"[3.967350874208205e-05, 1.3104214376210287e-05, 1.64249614645901e-07]",4.17819902381594e-05,0.00010571921327651156,0.0003740871909306649,0.0009944755359624358,"[3.96677852242471e-05, 1.3101221739550455e-05, 1.6424961464591205e-07]",4.177561697451967e-05,0.00010577214033357305,0.00037408719093066564,0.0009944755359624913,"[6.614579631726129e-17, 7.669533057178075e-19, 2.4694778238859374e-19]",6.615070348095322e-17,6.82776636242618e-17,4.8074067159589095e-17,5.551115123125783e-17,"[6.1951383562423645e-09, 2.0809586363536732e-07, 1.5101188829344653e-19]",2.0818805969940385e-07,2.1378148142145583e-07,0.0,0.0,
combined_motor3_70-A_best-oracle_integral_020,A_best,combined_motor3_70,oracle_integral_020,oracle,integral_020,True,60.0,horizon,tail_18_20,False,True,"[-0.0008960281937546769, -0.0002175005270712534]",0.0009220482651572757,0.0009299695254133407,0.00012112107544920599,0.0011277669196473052,-0.00014783401738104718,0.00014783401738104718,0.00015044088603293471,2.788482553925546e-05,0.00020066269898189049,0.0009420593284862098,-4.301339185275744e-23,-2.3988237764037803e-23,200,18.01,20.0,0.0003368913005393739,5.9952334924132364e-05,0.0035193805676873445,0.0005572214403241777,0.019239563725483966,0.0019964044108749333,0.0005488172041061137,0.0005698173244252677,0.03144490951945019,0.03264812778300464,[0.0],[0.0],0.0,[0.0],[0.0],0.0,[0.0],[0.0],0.0,[0.0],[0.0],0.0,[0.0],[0.0],0.0,[0.0],[0.0],0.0,[0.0],[0.0],0.0,[0.0],[0.0],0.0,"[0.05574287279965994, 0.003983872328465576, 0.023224121131492477]",0.05588505262311723,0.023224121131492477,every physics interval; dwell = interval count * physics_dt,0.002,"[0.0, 0.0, 0.0, 0.0]","[0.0, 0.0, 0.0, 0.0]",0.0,"[0.0, 0.0, 0.0, 0.0]","[0.0, 0.0, 0.0, 0.0]",0.0,"[0.0, 0.0, 0.0, 0.0]","[0.0, 0.0, 0.0, 0.0]",0.0,"[0.0, 0.0, 0.0, 0.0]","[0.0, 0.0, 0.0, 0.0]",0.0,"[0.0, 0.0, 0.0, 0.0]","[0.0, 0.0, 0.0, 0.0]",0.0,"[0.0, 0.0, 0.0, 0.0]","[0.0, 0.0, 0.0, 0.0]",0.0,"[0.0, 0.0, 0.0, 0.0]","[0.0, 0.0, 0.0, 0.0]",0.0,"[0.0, 0.0, 0.0, 0.0]","[0.0, 0.0, 0.0, 0.0]",0.0,"[0.1082513838798522, 0.12905683382013095, 0.18436996961557, 0.10825630726602282]","[0.09173418723111237, 0.07092509920432652, 0.015610096959536246, 0.091740057658419]","[0.5504436809449705, 0.6057753047302641, 0.7439898324698484, 0.5504571093657243]","[0.449516965104265, 0.39417773063996187, 0.25596170515365646, 0.4495329761656198]","[0.09173505809592282, 0.07092564570474436, 0.010927574199315171, 0.09174048168397296]","[0.2, 0.2, 0.2, 0.2]","[0.2, 0.2, 0.2, 0.2]","[0.2, 0.2, 0.13999999999999999, 0.2]","[0.2, 0.2, 0.13999999999999999, 0.2]","[1.2281991735614427e-06, 1.57099382835118e-06, 1.7086436806607243e-06, 3.4439825554488397e-07]","[0.008990121451074747, 0.005572415094252825]","[0.01628016388867923, 0.010294474456623098]",1000,"body origin, body frame; no gravity/external torque","[2.406573413080009e-11, 2.0807563309395285e-07, 5.644864777322728e-18]",2.0807563448565736e-07,2.081173085257201e-07,1.2869730969111293e-16,1.6653345369377348e-16,"[5.7874560300539756e-08, 4.899010702047959e-08, 4.9305245247401965e-09]",7.59855603910896e-08,1.8990216617042692e-07,4.100633291113851e-06,8.109422257207566e-06,"[5.786662000285859e-08, 2.145533812012542e-07, 4.930524525075338e-09]",2.222746255593254e-07,3.5314229728990334e-07,4.100633291115161e-06,8.109422257318588e-06,"[1.2284052496274843e-17, 8.918731950865339e-17, 5.629316054066407e-18]",9.020512793686638e-17,9.199253407486107e-17,1.2869730969111293e-16,1.6653345369377348e-16,"[2.40657349989279e-11, 2.0807563318313721e-07, 1.5256076869982431e-19]",2.0807563457484178e-07,2.081173086144113e-07,0.0,0.0,
combined_motor3_70-A_best-oracle_integral_020,A_best,combined_motor3_70,oracle_integral_020,oracle,integral_020,True,60.0,horizon,pre_second_28_30,False,True,"[-8.769183672006259e-05, -2.0527073223302596e-05]",9.006230600230567e-05,9.09123449490869e-05,1.240304404929741e-05,0.0001119313256825474,-4.910057848803718e-06,4.910057848803718e-06,5.046896013715005e-06,1.167258024026154e-06,7.366106647976878e-06,9.105232354813918e-05,1.1089390087039027e-23,-2.4233807008389483e-26,200,28.01,30.0,2.2002851978456382e-05,2.4776718629603962e-06,0.00034294719368157514,1.797114323407821e-05,0.00045102042396596694,5.913318536767158e-05,0.0005154094459454783,0.0005165123572511345,0.029530785973852048,0.029593978136843408,[0.0],[0.0],0.0,[0.0],[0.0],0.0,[0.0],[0.0],0.0,[0.0],[0.0],0.0,[0.0],[0.0],0.0,[0.0],[0.0],0.0,[0.0],[0.0],0.0,[0.0],[0.0],0.0,"[0.05629109487534627, 0.0041148576660428, 0.02328903418474375]",0.05644129176300827,0.02328903418474375,every physics interval; dwell = interval count * physics_dt,0.002,"[0.0, 0.0, 0.0, 0.0]","[0.0, 0.0, 0.0, 0.0]",0.0,"[0.0, 0.0, 0.0, 0.0]","[0.0, 0.0, 0.0, 0.0]",0.0,"[0.0, 0.0, 0.0, 0.0]","[0.0, 0.0, 0.0, 0.0]",0.0,"[0.0, 0.0, 0.0, 0.0]","[0.0, 0.0, 0.0, 0.0]",0.0,"[0.0, 0.0, 0.0, 0.0]","[0.0, 0.0, 0.0, 0.0]",0.0,"[0.0, 0.0, 0.0, 0.0]","[0.0, 0.0, 0.0, 0.0]",0.0,"[0.0, 0.0, 0.0, 0.0]","[0.0, 0.0, 0.0, 0.0]",0.0,"[0.0, 0.0, 0.0, 0.0]","[0.0, 0.0, 0.0, 0.0]",0.0,"[0.1082578529241126, 0.12906521360752504, 0.18437894797376833, 0.1082580007199837]","[0.09174178834376208, 0.07093434027047707, 0.015620555074511155, 0.09174191144486096]","[0.5504613250750882, 0.6057970879734669, 0.7440116608283869, 0.5504617281804145]","[0.44953769650252295, 0.3942017523431116, 0.2559871309762455, 0.44953803225397837]","[0.091741798891599, 0.07093435664546796, 0.0109343977933882, 0.09174191373672017]","[0.2, 0.2, 0.2, 0.2]","[0.2, 0.2, 0.2, 0.2]","[0.2, 0.2, 0.13999999999999999, 0.2]","[0.2, 0.2, 0.13999999999999999, 0.2]","[3.360853078752029e-08, 4.2561164308650513e-08, 4.7466292805328006e-08, 9.594239679051138e-09]","[0.00022369072512368882, 0.00013741534102644916]","[0.00039697508429692804, 0.00023675917448714198]",1000,"body origin, body frame; no gravity/external torque","[6.088316618717585e-13, 2.080740319298253e-07, 5.629445421705234e-18]",2.080740319307161e-07,2.0807500687598698e-07,1.283376518579004e-16,1.6653345369377348e-16,"[1.5189246350954594e-09, 1.3407416939043913e-09, 1.360690830274717e-10]",2.030575074265767e-09,4.447499036091191e-09,1.1287366836572067e-07,2.6507978334588955e-07,"[1.5187070046305017e-09, 2.0814371752647515e-07, 1.3606908310073237e-10]",2.0814930250063864e-07,2.112819581232554e-07,1.128736683719856e-07,2.65079783512423e-07,"[1.2207461604064835e-17, 8.92944841517022e-17, 5.6309124255152656e-18]",9.030079840996498e-17,9.204817189388783e-17,1.283376518579004e-16,1.6653345369377348e-16,"[6.088306418082769e-13, 2.0807403201911721e-07, 1.4301608897011483e-19]",2.080740320200077e-07,2.0807500696554213e-07,0.0,0.0,
combined_motor3_70-A_best-oracle_integral_020,A_best,combined_motor3_70,oracle_integral_020,oracle,integral_020,True,60.0,horizon,tail_58_60,False,True,"[-7.782707900871976e-08, -2.085347330790296e-08]",8.057246164808997e-08,8.155144519574684e-08,1.2598279147644373e-08,1.0129132345543048e-07,2.4443061080736685e-08,2.4443061080736685e-08,2.4607291968170554e-08,2.838235897554422e-09,2.7914835776243763e-08,8.51830794907163e-08,-6.902532920683853e-31,3.0814879110195774e-32,200,58.01,60.0,4.168365016604725e-08,9.306366264547057e-09,3.1109238255931256e-07,9.466554984036332e-08,2.4148365394514667e-06,4.918929084783424e-07,0.0005124412508965376,0.0005124434258794874,0.029360720924776117,0.029360845542119655,[0.0],[0.0],0.0,[0.0],[0.0],0.0,[0.0],[0.0],0.0,[0.0],[0.0],0.0,[0.0],[0.0],0.0,[0.0],[0.0],0.0,[0.0],[0.0],0.0,[0.0],[0.0],0.0,"[0.05635012248886968, 0.004128452960830433, 0.023288850912057846]",0.05650115422148831,0.023288860650688255,every physics interval; dwell = interval count * physics_dt,0.002,"[0.0, 0.0, 0.0, 0.0]","[0.0, 0.0, 0.0, 0.0]",0.0,"[0.0, 0.0, 0.0, 0.0]","[0.0, 0.0, 0.0, 0.0]",0.0,"[0.0, 0.0, 0.0, 0.0]","[0.0, 0.0, 0.0, 0.0]",0.0,"[0.0, 0.0, 0.0, 0.0]","[0.0, 0.0, 0.0, 0.0]",0.0,"[0.0, 0.0, 0.0, 0.0]","[0.0, 0.0, 0.0, 0.0]",0.0,"[0.0, 0.0, 0.0, 0.0]","[0.0, 0.0, 0.0, 0.0]",0.0,"[0.0, 0.0, 0.0, 0.0]","[0.0, 0.0, 0.0, 0.0]",0.0,"[0.0, 0.0, 0.0, 0.0]","[0.0, 0.0, 0.0, 0.0]",0.0,"[0.10825804091614734, 0.1290654488212699, 0.1843792163545629, 0.10825804100933548]","[0.0917419293685295, 0.07093451991757, 0.015620748765799247, 0.09174193274032716]","[0.5504618378132715, 0.6057976994060761, 0.7440123133192443, 0.5504618380674361]","[0.44953808113980376, 0.3942022193312932, 0.25598760188093617, 0.44953809033619885]","[0.0917419384380062, 0.07093453007239958, 0.010934530150829708, 0.09174194024508453]","[0.2, 0.2, 0.2, 0.2]","[0.2, 0.2, 0.2, 0.2]","[0.2, 0.2, 0.13999999999999999, 0.2]","[0.2, 0.2, 0.13999999999999999, 0.2]","[4.886190068194414e-09, 5.862519278498443e-09, 5.654579001042386e-09, 4.950670506251782e-09]","[1.4508541878696224e-06, 6.966724419130345e-07]","[2.4727200017484376e-06, 1.4468833802420667e-06]",1000,"body origin, body frame; no gravity/external torque","[6.527118652205126e-14, 2.080740952290982e-07, 5.62582965157044e-18]",2.0807409522910803e-07,2.080742008076353e-07,1.3866681133119837e-16,1.6653345369377348e-16,"[4.228907697756897e-10, 2.6630398160066593e-10, 2.555049061485152e-11]",5.004070756379276e-10,1.2483289388669962e-09,1.324495744812608e-08,4.4125266218664194e-08,"[4.228297840916924e-10, 2.0807111852988233e-07, 2.5550490562407582e-11]",2.080715497229983e-07,2.0877573978598535e-07,1.3244957448299465e-08,4.412526605213074e-08,"[1.2487155685069134e-17, 8.902399685318365e-17, 5.6354179505684486e-18]",9.007196571795465e-17,9.209360799803387e-17,1.3866681133119837e-16,1.6653345369377348e-16,"[6.527089938687101e-14, 2.080740953181192e-07, 1.5023145987371593e-19]",2.0807409531812865e-07,2.0807420089697356e-07,0.0,0.0,
combined_motor3_70-A_best-oracle_integral_020,A_best,combined_motor3_70,oracle_integral_020,oracle,integral_020,True,60.0,horizon,fault_5_60,False,True,"[-0.0020020742223760997, -0.0001398407854895131]",0.002006952076455536,0.0061175496043869735,0.005778975387120622,0.05207019003397759,-0.0008655493172063625,0.0008655493172063625,0.003054637298307977,0.0029294425073207583,0.02097491637931992,0.006837779039011825,8.131516293641283e-20,1.2705494208814505e-19,5500,5.01,60.0,0.013668577961680518,0.005557827153080097,0.02736838684331134,0.013071572564168495,6.318787748394838,1.4961940743935656,0.00030285717886957347,0.025690484881823968,0.017352438144465215,1.4719563573731609,[0.28],[0.28],0.28,[0.28],[0.28],0.28,[0.0],[0.0],0.0,[0.0],[0.0],0.0,[0.0],[0.0],0.0,[0.0],[0.0],0.0,[0.0],[0.0],0.0,[0.0],[0.0],0.0,"[0.05635012248886968, 0.004128452960830433, 0.023288850912057846]",0.05650115422148831,0.023289954635533298,every physics interval; dwell = interval count * physics_dt,0.002,"[0.0, 0.0, 0.28, 0.0]","[0.0, 0.0, 0.28, 0.0]",0.28,"[0.0, 0.0, 0.0, 0.0]","[0.0, 0.0, 0.0, 0.0]",0.0,"[0.0, 0.0, 0.28, 0.0]","[0.0, 0.0, 0.28, 0.0]",0.28,"[0.0, 0.0, 0.0, 0.0]","[0.0, 0.0, 0.0, 0.0]",0.0,"[0.0, 0.0, 0.0, 0.0]","[0.0, 0.0, 0.0, 0.0]",0.0,"[0.0, 0.0, 0.0, 0.0]","[0.0, 0.0, 0.0, 0.0]",0.0,"[0.0, 0.0, 0.0, 0.0]","[0.0, 0.0, 0.0, 0.0]",0.0,"[0.0, 0.0, 0.0, 0.0]","[0.0, 0.0, 0.0, 0.0]",0.0,"[0.0789239522118374, 0.10626853458718266, 0.16576456409342183, 0.08907074706404847]","[0.05639850986538544, 0.048524188907185406, 0.0, 0.061070404306597104]","[0.46658914947999136, 0.5450207558346751, 0.6984579132005845, 0.4965893613160228]","[0.3569058854339434, 0.33705788394066993, 0.21814922562016836, 0.3687925632198814]","[0.07559369951950864, 0.05735561107410278, 0.00016144099857595684, 0.07552246669883803]","[0.2, 0.2, 0.2, 0.2]","[0.2, 0.2, 0.2, 0.2]","[0.2, 0.2, 0.13999999999999999, 0.2]","[0.2, 0.2, 0.13999999999999999, 0.2]","[0.001313565693118982, 0.0012227707760465267, 0.0015744714844542539, 0.0010468090008772318]","[0.32358357273972854, 0.4697687792412806]","[3.8248753079092013, 5.194673481613891]",27500,"body origin, body frame; no gravity/external torque","[6.041528512160646e-05, 6.039995872433975e-05, 1.015082308487274e-05]",8.603023247398363e-05,0.0015422647677567328,0.0017088927752311643,0.030638080408558477,"[9.453354439504892e-05, 8.012567429591355e-05, 1.1799600686534742e-05]",0.00012448271074180618,0.002767662490029778,0.0024282331390495086,0.06532534411705498,"[0.0001160947281213963, 0.0001109543280011213, 1.691776733528429e-05]",0.0001614777373242908,0.0035843391720642294,0.0033754462273847333,0.09023184972057768,"[6.041790406829746e-05, 6.04179040683047e-05, 1.0150823084872733e-05]",8.604467138244673e-05,0.0015426617741927963,0.0017088927752311643,0.030638080408558477,"[1.365129986001132e-08, 2.0858928132839116e-07, 1.5282671271610481e-19]",2.0903551438203836e-07,4.3725990736286306e-07,0.0,0.0,
combined_motor3_70-A_best-oracle_integral_020,A_best,combined_motor3_70,oracle_integral_020,oracle,integral_020,True,60.0,horizon,full_0_60,True,False,,,,,,,,,,,,,,,,,,,,,,,,,,,,,,,,,,,,,,,,,,,,,,,,,,,,,,,,,,,,,,,,,,,,,,,,,,,,,,,,,,,,,,,,,,,,,,,,,,,,,,,,,,,,,,,,,,,,,,,
combined_motor3_70-A_best-oracle_integral_020,A_best,combined_motor3_70,oracle_integral_020,oracle,integral_020,True,60.0,horizon,pre_3_5,True,False,,,,,,,,,,,,,,,,,,,,,,,,,,,,,,,,,,,,,,,,,,,,,,,,,,,,,,,,,,,,,,,,,,,,,,,,,,,,,,,,,,,,,,,,,,,,,,,,,,,,,,,,,,,,,,,,,,,,,,,
combined_motor3_70-A_best-oracle_integral_020,A_best,combined_motor3_70,oracle_integral_020,oracle,integral_020,True,60.0,horizon,tail_18_20,True,False,,,,,,,,,,,,,,,,,,,,,,,,,,,,,,,,,,,,,,,,,,,,,,,,,,,,,,,,,,,,,,,,,,,,,,,,,,,,,,,,,,,,,,,,,,,,,,,,,,,,,,,,,,,,,,,,,,,,,,,
combined_motor3_70-A_best-oracle_integral_020,A_best,combined_motor3_70,oracle_integral_020,oracle,integral_020,True,60.0,horizon,pre_second_28_30,True,False,,,,,,,,,,,,,,,,,,,,,,,,,,,,,,,,,,,,,,,,,,,,,,,,,,,,,,,,,,,,,,,,,,,,,,,,,,,,,,,,,,,,,,,,,,,,,,,,,,,,,,,,,,,,,,,,,,,,,,,
combined_motor3_70-A_best-oracle_integral_020,A_best,combined_motor3_70,oracle_integral_020,oracle,integral_020,True,60.0,horizon,tail_58_60,True,False,,,,,,,,,,,,,,,,,,,,,,,,,,,,,,,,,,,,,,,,,,,,,,,,,,,,,,,,,,,,,,,,,,,,,,,,,,,,,,,,,,,,,,,,,,,,,,,,,,,,,,,,,,,,,,,,,,,,,,,
combined_motor3_70-A_best-oracle_integral_020,A_best,combined_motor3_70,oracle_integral_020,oracle,integral_020,True,60.0,horizon,fault_5_60,True,False,,,,,,,,,,,,,,,,,,,,,,,,,,,,,,,,,,,,,,,,,,,,,,,,,,,,,,,,,,,,,,,,,,,,,,,,,,,,,,,,,,,,,,,,,,,,,,,,,,,,,,,,,,,,,,,,,,,,,,,
combined_motor3_70-B_best-existing_no_integral,B_best,combined_motor3_70,existing_no_integral,existing,no_integral,False,5.29,max_tilt,full_0_60,False,False,,,,,,,,,,,,,,,,,,,,,,,,,,,,,,,,,,,,,,,,,,,,,,,,,,,,,,,,,,,,,,,,,,,,,,,,,,,,,,,,,,,,,,,,,,,,,,,,,,,,,,,,,,,,,,,,,,,,,,,
combined_motor3_70-B_best-existing_no_integral,B_best,combined_motor3_70,existing_no_integral,existing,no_integral,False,5.29,max_tilt,pre_3_5,False,True,"[-0.06548961767776322, 0.018971136007786896]",0.06818206527383536,0.06818439691047,0.0005638767941345872,0.06874262993437182,-0.008141033445025923,0.008141033445025923,0.008152296564393147,0.00042838501466056783,0.008618293187632298,0.06867002199881932,3.3515505536076563e-18,-7.55976905424463e-20,200,3.0100000000000002,5.0,0.0036194213443673916,0.0019960427452740516,0.2735387387802524,0.03299229442698774,0.305071974890368,0.04241044651040101,0.010230527986466233,0.010535871190085021,0.5861660758149874,0.6036609526853476,[0.0],[0.0],0.0,[0.0],[0.0],0.0,[0.0],[0.0],0.0,[0.0],[0.0],0.0,[0.0],[0.0],0.0,[0.0],[0.0],0.0,[0.0],[0.0],0.0,[0.0],[0.0],0.0,"[0.0, 0.0, 0.0]",0.0,0.0,every physics interval; dwell = interval count * physics_dt,0.002,"[0.0, 0.0, 0.0, 0.0]","[0.0, 0.0, 0.0, 0.0]",0.0,"[0.0, 0.0, 0.0, 0.0]","[0.0, 0.0, 0.0, 0.0]",0.0,"[0.0, 0.0, 0.0, 0.0]","[0.0, 0.0, 0.0, 0.0]",0.0,"[0.0, 0.0, 0.0, 0.0]","[0.0, 0.0, 0.0, 0.0]",0.0,"[0.0, 0.0, 0.0, 0.0]","[0.0, 0.0, 0.0, 0.0]",0.0,"[0.0, 0.0, 0.0, 0.0]","[0.0, 0.0, 0.0, 0.0]",0.0,"[0.0, 0.0, 0.0, 0.0]","[0.0, 0.0, 0.0, 0.0]",0.0,"[0.0, 0.0, 0.0, 0.0]","[0.0, 0.0, 0.0, 0.0]",0.0,"[0.10794519957179112, 0.12854040857770893, 0.12848220950171416, 0.10781409442872238]","[0.09150644368250095, 0.0705497730661031, 0.07052036645754226, 0.09143759469289829]","[0.5496082176012173, 0.6044321704203587, 0.6042807193442338, 0.549250267409058]","[0.44889601146689073, 0.39320245276484844, 0.39312607020489054, 0.4487083666418866]","[0.09152568533902719, 0.07061023856076509, 0.07056409771199484, 0.09149731736210906]","[0.2, 0.2, 0.2, 0.2]","[0.2, 0.2, 0.2, 0.2]","[0.2, 0.2, 0.2, 0.2]","[0.2, 0.2, 0.2, 0.2]","[4.7914033558938284e-05, 7.901512054418286e-05, 7.9690512236129e-05, 6.712011403300313e-05]","[0.04780294767689229, 0.13225302271360476]","[0.11651010467653544, 0.290995842527346]",1000,"body origin, body frame; no gravity/external torque","[6.157908199992688e-10, 2.079454229957126e-07, 2.1641717761906035e-19]",2.0794633476741034e-07,2.0984784337321092e-07,5.057306561942087e-17,5.551115123125783e-17,"[3.854918467262355e-06, 2.9802546325458156e-06, 9.851838210430199e-08]",4.873604409024555e-06,1.7134703938181582e-05,0.0002414858161388111,0.0007786461856263416,"[3.854364266791734e-06, 2.9882145699819914e-06, 9.851838210429485e-08]",4.878038139353368e-06,1.7272376153623562e-05,0.00024148581613881354,0.0007786461856263971,"[6.630160833489474e-17, 7.14587115750908e-19, 2.4501445092676614e-19]",6.630591176223239e-17,6.883643281837805e-17,5.057306561942087e-17,5.551115123125783e-17,"[6.157908215225754e-10, 2.079454229961177e-07, 1.54855044337518e-19]",2.0794633476781996e-07,2.0984784337279842e-07,0.0,0.0,
combined_motor3_70-B_best-existing_no_integral,B_best,combined_motor3_70,existing_no_integral,existing,no_integral,False,5.29,max_tilt,tail_18_20,False,False,,,,,,,,,,,,,,,,,,,,,,,,,,,,,,,,,,,,,,,,,,,,,,,,,,,,,,,,,,,,,,,,,,,,,,,,,,,,,,,,,,,,,,,,,,,,,,,,,,,,,,,,,,,,,,,,,,,,,,,
combined_motor3_70-B_best-existing_no_integral,B_best,combined_motor3_70,existing_no_integral,existing,no_integral,False,5.29,max_tilt,pre_second_28_30,False,False,,,,,,,,,,,,,,,,,,,,,,,,,,,,,,,,,,,,,,,,,,,,,,,,,,,,,,,,,,,,,,,,,,,,,,,,,,,,,,,,,,,,,,,,,,,,,,,,,,,,,,,,,,,,,,,,,,,,,,,
combined_motor3_70-B_best-existing_no_integral,B_best,combined_motor3_70,existing_no_integral,existing,no_integral,False,5.29,max_tilt,tail_58_60,False,False,,,,,,,,,,,,,,,,,,,,,,,,,,,,,,,,,,,,,,,,,,,,,,,,,,,,,,,,,,,,,,,,,,,,,,,,,,,,,,,,,,,,,,,,,,,,,,,,,,,,,,,,,,,,,,,,,,,,,,,
combined_motor3_70-B_best-existing_no_integral,B_best,combined_motor3_70,existing_no_integral,existing,no_integral,False,5.29,max_tilt,fault_5_60,False,False,,,,,,,,,,,,,,,,,,,,,,,,,,,,,,,,,,,,,,,,,,,,,,,,,,,,,,,,,,,,,,,,,,,,,,,,,,,,,,,,,,,,,,,,,,,,,,,,,,,,,,,,,,,,,,,,,,,,,,,
combined_motor3_70-B_best-existing_no_integral,B_best,combined_motor3_70,existing_no_integral,existing,no_integral,False,5.29,max_tilt,full_0_60,True,True,"[-0.05847343483668312, 0.014788225692756013]",0.060314460958709695,0.06331583151354067,0.01926292603711474,0.16369993397835905,-0.005822459427000175,0.005822459427000175,0.006683895808395369,0.003282290267240535,0.010437382863958677,0.06366764471400331,0.0,3.3881317890172014e-20,529,0.01,5.29,0.12927134911886526,0.015962028801177718,0.3201889064194465,0.03128956056088717,65.62862589371323,10.885051898384269,0.008575017879663709,0.11908397382123283,0.49131233375395056,6.823009107603023,[0.0],[0.0],0.0,[0.25],[0.25],0.25,[0.0],[0.0],0.0,[0.04],[0.03],0.04,[0.0],[0.0],0.0,[0.0],[0.0],0.0,[0.0],[0.0],0.0,[0.0],[0.0],0.0,"[0.0, 0.0, 0.0]",0.0,0.0,every physics interval; dwell = interval count * physics_dt,0.002,"[0.0, 0.05, 0.25, 0.03]","[0.0, 0.05, 0.25, 0.03]",0.25,"[0.0, 0.0, 0.0, 0.0]","[0.0, 0.0, 0.0, 0.0]",0.0,"[0.0, 0.05, 0.25, 0.03]","[0.0, 0.05, 0.25, 0.03]",0.25,"[0.0, 0.0, 0.0, 0.0]","[0.0, 0.0, 0.0, 0.0]",0.0,"[0.0, 0.0, 0.0, 0.0]","[0.0, 0.0, 0.0, 0.0]",0.0,"[0.0, 0.0, 0.0, 0.0]","[0.0, 0.0, 0.0, 0.0]",0.0,"[0.0, 0.03, 0.0, 0.01]","[0.0, 0.03, 0.0, 0.01]",0.04,"[0.0, 0.0, 0.0, 0.0]","[0.0, 0.0, 0.0, 0.0]",0.0,"[0.08803717049845686, 0.10825664557542906, 0.111898022188068, 0.09249500050445202]","[0.027231196751730358, 0.0, 0.0, 0.0]","[0.49358784341387396, 0.5504580320901427, 0.5603417906573862, 0.5064531765546078]","[0.28432271858452063, 0.21814922562016836, 0.21814922562016836, 0.21814922562016836]","[0.03628399069639077, 0.006835756419156069, 0.00023248469535649963, 0.015210129952241525]","[0.2, 0.2, 0.2, 0.2]","[0.2, 0.2, 0.2, 0.2]","[0.2, 0.2, 0.13999999999999999, 0.2]","[0.2, 0.2, 0.2, 0.2]","[0.005019792740468693, 0.005053527445552798, 0.005442757450978551, 0.0047695915559163434]","[5.316853576389386, 4.977821618304687]","[54.399157176902634, 44.85815072244095]",2645,"body origin, body frame; no gravity/external torque","[0.001248740762044321, 0.001269248244694864, 0.00020753019477989427]",0.0017925996148603308,0.00958127412141739,0.03632589136036824,0.213301455250129,"[0.00016564580160694116, 0.000480511118642907, 2.735045060275155e-05]",0.0005089965755067878,0.0027771690041434663,0.012021072398089895,0.07205466244494763,"[0.001227872281795123, 0.0012826411081692359, 0.00019793266959692652]",0.0017866213629250418,0.009094629719024387,0.04669698381472911,0.2598711302930148,"[0.001248716582073352, 0.0012692645596182564, 0.00020753019477989424]",0.0017925943228720936,0.009581048031736716,0.03632589136036824,0.213301455250129,"[3.3672819228825995e-08, 2.2000337229908232e-07, 1.577580205913086e-19]",2.2256536697740253e-07,5.937506881273119e-07,0.0,0.0,
combined_motor3_70-B_best-existing_no_integral,B_best,combined_motor3_70,existing_no_integral,existing,no_integral,False,5.29,max_tilt,pre_3_5,True,False,,,,,,,,,,,,,,,,,,,,,,,,,,,,,,,,,,,,,,,,,,,,,,,,,,,,,,,,,,,,,,,,,,,,,,,,,,,,,,,,,,,,,,,,,,,,,,,,,,,,,,,,,,,,,,,,,,,,,,,
combined_motor3_70-B_best-existing_no_integral,B_best,combined_motor3_70,existing_no_integral,existing,no_integral,False,5.29,max_tilt,tail_18_20,True,False,,,,,,,,,,,,,,,,,,,,,,,,,,,,,,,,,,,,,,,,,,,,,,,,,,,,,,,,,,,,,,,,,,,,,,,,,,,,,,,,,,,,,,,,,,,,,,,,,,,,,,,,,,,,,,,,,,,,,,,
combined_motor3_70-B_best-existing_no_integral,B_best,combined_motor3_70,existing_no_integral,existing,no_integral,False,5.29,max_tilt,pre_second_28_30,True,False,,,,,,,,,,,,,,,,,,,,,,,,,,,,,,,,,,,,,,,,,,,,,,,,,,,,,,,,,,,,,,,,,,,,,,,,,,,,,,,,,,,,,,,,,,,,,,,,,,,,,,,,,,,,,,,,,,,,,,,
combined_motor3_70-B_best-existing_no_integral,B_best,combined_motor3_70,existing_no_integral,existing,no_integral,False,5.29,max_tilt,tail_58_60,True,False,,,,,,,,,,,,,,,,,,,,,,,,,,,,,,,,,,,,,,,,,,,,,,,,,,,,,,,,,,,,,,,,,,,,,,,,,,,,,,,,,,,,,,,,,,,,,,,,,,,,,,,,,,,,,,,,,,,,,,,
combined_motor3_70-B_best-existing_no_integral,B_best,combined_motor3_70,existing_no_integral,existing,no_integral,False,5.29,max_tilt,fault_5_60,True,True,"[-0.08162800177701567, 0.037547736272787624]",0.08984966985648464,0.09454485893158421,0.029423921850662147,0.16369993397835905,-0.00827206555560988,0.00827206555560988,0.00857219858525216,0.0022484483602457426,0.010437382863958677,0.09493267582333365,-5.421010862427522e-19,-3.3881317890172014e-21,29,5.01,5.29,0.5311194153764777,0.04012678757873532,0.868998507431178,0.044454156226543175,65.62862589371323,10.885051898384269,-0.013461351844831859,0.11908397382123283,-0.7712786472495101,6.823009107603023,[0.0],[0.0],0.0,[0.25],[0.25],0.25,[0.0],[0.0],0.0,[0.04],[0.03],0.04,[0.0],[0.0],0.0,[0.0],[0.0],0.0,[0.0],[0.0],0.0,[0.0],[0.0],0.0,"[0.0, 0.0, 0.0]",0.0,0.0,every physics interval; dwell = interval count * physics_dt,0.002,"[0.0, 0.05, 0.25, 0.03]","[0.0, 0.05, 0.25, 0.03]",0.25,"[0.0, 0.0, 0.0, 0.0]","[0.0, 0.0, 0.0, 0.0]",0.0,"[0.0, 0.05, 0.25, 0.03]","[0.0, 0.05, 0.25, 0.03]",0.25,"[0.0, 0.0, 0.0, 0.0]","[0.0, 0.0, 0.0, 0.0]",0.0,"[0.0, 0.0, 0.0, 0.0]","[0.0, 0.0, 0.0, 0.0]",0.0,"[0.0, 0.0, 0.0, 0.0]","[0.0, 0.0, 0.0, 0.0]",0.0,"[0.0, 0.03, 0.0, 0.01]","[0.0, 0.03, 0.0, 0.01]",0.04,"[0.0, 0.0, 0.0, 0.0]","[0.0, 0.0, 0.0, 0.0]",0.0,"[0.09181681138610309, 0.12897583366370685, 0.12895918660638553, 0.10818504935808794]","[0.027231196751730358, 0.0, 0.0, 0.0]","[0.5045091495977643, 0.6055647266368372, 0.6055214447568226, 0.550262737605819]","[0.28432271858452063, 0.21814922562016836, 0.21814922562016836, 0.21814922562016836]","[0.03628399069639077, 0.006835756419156069, 0.00023248469535649963, 0.015210129952241525]","[0.2, 0.2, 0.2, 0.2]","[0.2, 0.2, 0.2, 0.2]","[0.2, 0.2, 0.13999999999999999, 0.2]","[0.2, 0.2, 0.13999999999999999, 0.2]","[0.013372215349322607, 0.011752216942067824, 0.018940626009021903, 0.01636216528361095]","[22.703665755423312, 20.743798458969405]","[54.399157176902634, 44.85815072244095]",145,"body origin, body frame; no gravity/external torque","[0.005333362776298564, 0.005420950008619603, 0.0008863599631368439]",0.00765617995372444,0.00958127412141739,0.15514761965716783,0.213301455250129,"[0.0006833569881987856, 0.0007456282982292743, 8.89255267340844e-05]",0.001015305905501063,0.0025067482495482584,0.044715712077450065,0.07205466244494763,"[0.005241035808205802, 0.005133754293657603, 0.0008419685788318073]",0.007384632731441922,0.009094629719024387,0.19784035461798066,0.2598711302930148,"[0.005333259503894279, 0.005421019767592556, 0.0008863599631368438]",0.007656157406999926,0.009581048031736716,0.15514761965716783,0.213301455250129,"[1.409282389995782e-07, 1.914872084245356e-07, 1.5066254098898627e-19]",2.3775642901453548e-07,3.430788311409677e-07,0.0,0.0,
combined_motor3_70-B_best-existing_integral_020,B_best,combined_motor3_70,existing_integral_020,existing,integral_020,False,5.29,max_tilt,full_0_60,False,False,,,,,,,,,,,,,,,,,,,,,,,,,,,,,,,,,,,,,,,,,,,,,,,,,,,,,,,,,,,,,,,,,,,,,,,,,,,,,,,,,,,,,,,,,,,,,,,,,,,,,,,,,,,,,,,,,,,,,,,
combined_motor3_70-B_best-existing_integral_020,B_best,combined_motor3_70,existing_integral_020,existing,integral_020,False,5.29,max_tilt,pre_3_5,False,True,"[-0.03674554266393267, 0.014558291598262578]",0.03952440714200453,0.039851561796850836,0.005095902051775023,0.04777326809916805,-0.006523403538899457,0.006523403538899457,0.0065480786913212855,0.0005679267702882146,0.00741649192686622,0.04038594201199171,-2.7816561987831223e-18,-8.279747059410786e-20,200,3.0100000000000002,5.0,0.008902018676350097,0.002252568284852845,0.1513618679948816,0.025259731948309556,0.29864699235166686,0.04216393343917914,0.009246043354823963,0.009514709608030747,0.5297592614263937,0.5451527038327356,[0.0],[0.0],0.0,[0.0],[0.0],0.0,[0.0],[0.0],0.0,[0.0],[0.0],0.0,[0.0],[0.0],0.0,[0.0],[0.0],0.0,[0.0],[0.0],0.0,[0.0],[0.0],0.0,"[0.04141497361330784, -0.011721834285616814, 0.0050933748047580375]",0.04304185681880426,0.0050933748047580375,every physics interval; dwell = interval count * physics_dt,0.002,"[0.0, 0.0, 0.0, 0.0]","[0.0, 0.0, 0.0, 0.0]",0.0,"[0.0, 0.0, 0.0, 0.0]","[0.0, 0.0, 0.0, 0.0]",0.0,"[0.0, 0.0, 0.0, 0.0]","[0.0, 0.0, 0.0, 0.0]",0.0,"[0.0, 0.0, 0.0, 0.0]","[0.0, 0.0, 0.0, 0.0]",0.0,"[0.0, 0.0, 0.0, 0.0]","[0.0, 0.0, 0.0, 0.0]",0.0,"[0.0, 0.0, 0.0, 0.0]","[0.0, 0.0, 0.0, 0.0]",0.0,"[0.0, 0.0, 0.0, 0.0]","[0.0, 0.0, 0.0, 0.0]",0.0,"[0.0, 0.0, 0.0, 0.0]","[0.0, 0.0, 0.0, 0.0]",0.0,"[0.1079496865901567, 0.12854093281893725, 0.12849146553722116, 0.10781486213279363]","[0.09150123391516733, 0.07055092187681006, 0.0705148833682962, 0.091431882532469]","[0.5496204660322833, 0.6044335345712462, 0.6043048074227821, 0.5492523638078981]","[0.44888181126067117, 0.39320543684561104, 0.3931118285670535, 0.44869279997159706]","[0.0915217722415643, 0.07060104809767401, 0.07055969780309942, 0.09149225753746962]","[0.2, 0.2, 0.2, 0.2]","[0.2, 0.2, 0.2, 0.2]","[0.2, 0.2, 0.2, 0.2]","[0.2, 0.2, 0.2, 0.2]","[4.853614926989631e-05, 7.983954388118516e-05, 8.044495134055931e-05, 6.786487027145478e-05]","[0.050847089942849664, 0.1300477375564627]","[0.12603339726316873, 0.28070254358579355]",1000,"body origin, body frame; no gravity/external torque","[6.120092613316823e-10, 2.079495026148104e-07, 2.347903670917718e-19]",2.0795040320490573e-07,2.0983794185225472e-07,4.8234047858538485e-17,5.551115123125783e-17,"[3.825703311235134e-06, 3.0022617423806057e-06, 9.842424397520346e-08]",4.864079432653191e-06,1.7130273374082852e-05,0.0002450292463199506,0.0007948706273402939,"[3.82515292421509e-06, 3.0114487612974537e-06, 9.842424397521132e-08]",4.86932293726277e-06,1.726972339776473e-05,0.00024502924631995045,0.0007948706273403494,"[6.629681879178159e-17, 7.1934179166233e-19, 2.404345616077627e-19]",6.630115717920745e-17,6.843479707541564e-17,4.8234047858538485e-17,5.551115123125783e-17,"[6.12009263105927e-10, 2.0794950261522105e-07, 1.5636586103463756e-19]",2.0795040320532194e-07,2.0983794185356805e-07,0.0,0.0,
combined_motor3_70-B_best-existing_integral_020,B_best,combined_motor3_70,existing_integral_020,existing,integral_020,False,5.29,max_tilt,tail_18_20,False,False,,,,,,,,,,,,,,,,,,,,,,,,,,,,,,,,,,,,,,,,,,,,,,,,,,,,,,,,,,,,,,,,,,,,,,,,,,,,,,,,,,,,,,,,,,,,,,,,,,,,,,,,,,,,,,,,,,,,,,,
combined_motor3_70-B_best-existing_integral_020,B_best,combined_motor3_70,existing_integral_020,existing,integral_020,False,5.29,max_tilt,pre_second_28_30,False,False,,,,,,,,,,,,,,,,,,,,,,,,,,,,,,,,,,,,,,,,,,,,,,,,,,,,,,,,,,,,,,,,,,,,,,,,,,,,,,,,,,,,,,,,,,,,,,,,,,,,,,,,,,,,,,,,,,,,,,,
combined_motor3_70-B_best-existing_integral_020,B_best,combined_motor3_70,existing_integral_020,existing,integral_020,False,5.29,max_tilt,tail_58_60,False,False,,,,,,,,,,,,,,,,,,,,,,,,,,,,,,,,,,,,,,,,,,,,,,,,,,,,,,,,,,,,,,,,,,,,,,,,,,,,,,,,,,,,,,,,,,,,,,,,,,,,,,,,,,,,,,,,,,,,,,,
combined_motor3_70-B_best-existing_integral_020,B_best,combined_motor3_70,existing_integral_020,existing,integral_020,False,5.29,max_tilt,fault_5_60,False,False,,,,,,,,,,,,,,,,,,,,,,,,,,,,,,,,,,,,,,,,,,,,,,,,,,,,,,,,,,,,,,,,,,,,,,,,,,,,,,,,,,,,,,,,,,,,,,,,,,,,,,,,,,,,,,,,,,,,,,,
combined_motor3_70-B_best-existing_integral_020,B_best,combined_motor3_70,existing_integral_020,existing,integral_020,False,5.29,max_tilt,full_0_60,True,True,"[-0.04161014662296888, 0.012722173598872474]",0.04351158469953509,0.04603516925216499,0.01503259142698504,0.12858414088582565,-0.005100450916289052,0.005100450916289052,0.005846878372147363,0.00285856382633146,0.008087847287458483,0.04640498674468253,-3.6591823321385775e-18,1.0164395367051604e-20,529,0.01,5.29,0.12822759719469073,0.0161553734717151,0.25299051720630034,0.02846187901690502,65.52719672468079,10.860395306174496,0.007870833055905501,0.11700504326020858,0.45096551535544155,6.70389516055557,[0.25],[0.25],0.25,[0.25],[0.25],0.25,[0.0],[0.0],0.0,[0.04],[0.03],0.04,[0.0],[0.0],0.0,[0.0],[0.0],0.0,[0.0],[0.0],0.0,[0.0],[0.0],0.0,"[0.04164757755649095, -0.011817311914859237, 0.0051366590902207]",0.04329168023092893,0.0051366590902207,every physics interval; dwell = interval count * physics_dt,0.002,"[0.0, 0.05, 0.25, 0.03]","[0.0, 0.05, 0.25, 0.03]",0.25,"[0.0, 0.0, 0.0, 0.0]","[0.0, 0.0, 0.0, 0.0]",0.0,"[0.0, 0.05, 0.25, 0.03]","[0.0, 0.05, 0.25, 0.03]",0.25,"[0.0, 0.0, 0.0, 0.0]","[0.0, 0.0, 0.0, 0.0]",0.0,"[0.0, 0.0, 0.0, 0.0]","[0.0, 0.0, 0.0, 0.0]",0.0,"[0.0, 0.0, 0.0, 0.0]","[0.0, 0.0, 0.0, 0.0]",0.0,"[0.0, 0.03, 0.0, 0.01]","[0.0, 0.03, 0.0, 0.01]",0.04,"[0.0, 0.0, 0.0, 0.0]","[0.0, 0.0, 0.0, 0.0]",0.0,"[0.08803775861425776, 0.10825664557542906, 0.111898022188068, 0.09249561057287833]","[0.027286498509016932, 0.0, 0.0, 0.0]","[0.49358955459919984, 0.5504580320901427, 0.5603417906573862, 0.5064549232387824]","[0.28445826271249586, 0.21814922562016836, 0.21814922562016836, 0.21814922562016836]","[0.03635208735486761, 0.006844514050102585, 0.0002326046586771935, 0.01524244826418375]","[0.2, 0.2, 0.2, 0.2]","[0.2, 0.2, 0.2, 0.2]","[0.2, 0.2, 0.13999999999999999, 0.2]","[0.2, 0.2, 0.2, 0.2]","[0.005016770503095305, 0.005054528480300197, 0.005442848303669126, 0.004770461541173192]","[5.306682871969282, 4.979432258459195]","[54.25160550272102, 44.84021808883194]",2645,"body origin, body frame; no gravity/external torque","[0.001248828619988889, 0.0012694848262384177, 0.0002075721511035156]",0.0017928331891357548,0.009586344949542256,0.03632755618219743,0.21333949036940458,"[0.00016560135342446323, 0.0004803817036723626, 2.7383460740605602e-05]",0.0005088617134362802,0.0027771703611231043,0.01202215774087651,0.07209478309591943,"[0.001227995613722516, 0.0012829058177299408, 0.0001979520160630841]",0.0017868983085644536,0.009097534097835746,0.04669750161526236,0.2600441230897397,"[0.001248804499979144, 0.001269501197482384, 0.00020757215110351555]",0.0017928279804518637,0.009586119219440976,0.03632755618219743,0.21333949036940458,"[3.362477349371907e-08, 2.20004216504565e-07, 1.6110308560691398e-19]",2.225589375250781e-07,5.937522688194143e-07,0.0,0.0,
combined_motor3_70-B_best-existing_integral_020,B_best,combined_motor3_70,existing_integral_020,existing,integral_020,False,5.29,max_tilt,pre_3_5,True,False,,,,,,,,,,,,,,,,,,,,,,,,,,,,,,,,,,,,,,,,,,,,,,,,,,,,,,,,,,,,,,,,,,,,,,,,,,,,,,,,,,,,,,,,,,,,,,,,,,,,,,,,,,,,,,,,,,,,,,,
combined_motor3_70-B_best-existing_integral_020,B_best,combined_motor3_70,existing_integral_020,existing,integral_020,False,5.29,max_tilt,tail_18_20,True,False,,,,,,,,,,,,,,,,,,,,,,,,,,,,,,,,,,,,,,,,,,,,,,,,,,,,,,,,,,,,,,,,,,,,,,,,,,,,,,,,,,,,,,,,,,,,,,,,,,,,,,,,,,,,,,,,,,,,,,,
combined_motor3_70-B_best-existing_integral_020,B_best,combined_motor3_70,existing_integral_020,existing,integral_020,False,5.29,max_tilt,pre_second_28_30,True,False,,,,,,,,,,,,,,,,,,,,,,,,,,,,,,,,,,,,,,,,,,,,,,,,,,,,,,,,,,,,,,,,,,,,,,,,,,,,,,,,,,,,,,,,,,,,,,,,,,,,,,,,,,,,,,,,,,,,,,,
combined_motor3_70-B_best-existing_integral_020,B_best,combined_motor3_70,existing_integral_020,existing,integral_020,False,5.29,max_tilt,tail_58_60,True,False,,,,,,,,,,,,,,,,,,,,,,,,,,,,,,,,,,,,,,,,,,,,,,,,,,,,,,,,,,,,,,,,,,,,,,,,,,,,,,,,,,,,,,,,,,,,,,,,,,,,,,,,,,,,,,,,,,,,,,,
combined_motor3_70-B_best-existing_integral_020,B_best,combined_motor3_70,existing_integral_020,existing,integral_020,False,5.29,max_tilt,fault_5_60,True,True,"[-0.04396921575649995, 0.029556661230779824]",0.052980073210148804,0.060362057618018376,0.028925591481043962,0.12858414088582565,-0.005039428713819081,0.005039428713819081,0.005548379466658416,0.0023213515339931792,0.007222376252162599,0.06061652014580684,2.168404344971009e-19,4.235164736271502e-21,29,5.01,5.29,0.5263322066985422,0.040606420035805994,0.7553269109387055,0.042038462899844635,65.52719672468079,10.860395306174496,-0.014431857242267683,0.11700504326020858,-0.8268845105172494,6.70389516055557,[0.25],[0.25],0.25,[0.25],[0.25],0.25,[0.0],[0.0],0.0,[0.04],[0.03],0.04,[0.0],[0.0],0.0,[0.0],[0.0],0.0,[0.0],[0.0],0.0,[0.0],[0.0],0.0,"[0.04164757755649095, -0.011817311914859237, 0.0051366590902207]",0.04329168023092893,0.0051366590902207,every physics interval; dwell = interval count * physics_dt,0.002,"[0.0, 0.05, 0.25, 0.03]","[0.0, 0.05, 0.25, 0.03]",0.25,"[0.0, 0.0, 0.0, 0.0]","[0.0, 0.0, 0.0, 0.0]",0.0,"[0.0, 0.05, 0.25, 0.03]","[0.0, 0.05, 0.25, 0.03]",0.25,"[0.0, 0.0, 0.0, 0.0]","[0.0, 0.0, 0.0, 0.0]",0.0,"[0.0, 0.0, 0.0, 0.0]","[0.0, 0.0, 0.0, 0.0]",0.0,"[0.0, 0.0, 0.0, 0.0]","[0.0, 0.0, 0.0, 0.0]",0.0,"[0.0, 0.03, 0.0, 0.01]","[0.0, 0.03, 0.0, 0.01]",0.04,"[0.0, 0.0, 0.0, 0.0]","[0.0, 0.0, 0.0, 0.0]",0.0,"[0.09182614910110068, 0.1289700763178492, 0.1289532914828484, 0.10818148617186409]","[0.027286498509016932, 0.0, 0.0, 0.0]","[0.5045359475617578, 0.605549757858682, 0.605506117264955, 0.5502530172381621]","[0.28445826271249586, 0.21814922562016836, 0.21814922562016836, 0.21814922562016836]","[0.03635208735486761, 0.006844514050102585, 0.0002326046586771935, 0.01524244826418375]","[0.2, 0.2, 0.2, 0.2]","[0.2, 0.2, 0.2, 0.2]","[0.2, 0.2, 0.13999999999999999, 0.2]","[0.2, 0.2, 0.13999999999999999, 0.2]","[0.013358093771802628, 0.011759310334557793, 0.018938319064512477, 0.0163675986485927]","[22.659649029281482, 20.743586525131104]","[54.25160550272102, 44.84021808883194]",145,"body origin, body frame; no gravity/external torque","[0.005333738016945225, 0.0054219604466956865, 0.0008865391582920251]",0.007657177547773358,0.009586344949542256,0.15515473009917705,0.21333949036940458,"[0.0006831354186197982, 0.0007449654090170728, 8.914327773877317e-05]",0.0010146891074466274,0.002504888011207488,0.04471158301126728,0.07209478309591943,"[0.005241559617975626, 0.005135085319757474, 0.0008420549949516128]",0.007385939688658748,0.009097534097835746,0.1978404478375888,0.2600441230897397,"[0.0053336350006349805, 0.005422030446201264, 0.0008865391582920249]",0.007657155356835665,0.009586119219440976,0.15515473009917705,0.21333949036940458,"[1.4071536965966964e-07, 1.9143674333878916e-07, 2.2778035162853313e-19]",2.375896503609088e-07,3.429876194868205e-07,0.0,0.0,
combined_motor3_70-B_best-oracle_no_integral,B_best,combined_motor3_70,oracle_no_integral,oracle,no_integral,False,5.39,max_tilt,full_0_60,False,False,,,,,,,,,,,,,,,,,,,,,,,,,,,,,,,,,,,,,,,,,,,,,,,,,,,,,,,,,,,,,,,,,,,,,,,,,,,,,,,,,,,,,,,,,,,,,,,,,,,,,,,,,,,,,,,,,,,,,,,
combined_motor3_70-B_best-oracle_no_integral,B_best,combined_motor3_70,oracle_no_integral,oracle,no_integral,False,5.39,max_tilt,pre_3_5,False,True,"[-0.06548961767776322, 0.018971136007786896]",0.06818206527383536,0.06818439691047,0.0005638767941345872,0.06874262993437182,-0.008141033445025923,0.008141033445025923,0.008152296564393147,0.00042838501466056783,0.008618293187632298,0.06867002199881932,3.3515505536076563e-18,-7.55976905424463e-20,200,3.0100000000000002,5.0,0.0036194213443673916,0.0019960427452740516,0.2735387387802524,0.03299229442698774,0.305071974890368,0.04241044651040101,0.010230527986466233,0.010535871190085021,0.5861660758149874,0.6036609526853476,[0.0],[0.0],0.0,[0.0],[0.0],0.0,[0.0],[0.0],0.0,[0.0],[0.0],0.0,[0.0],[0.0],0.0,[0.0],[0.0],0.0,[0.0],[0.0],0.0,[0.0],[0.0],0.0,"[0.0, 0.0, 0.0]",0.0,0.0,every physics interval; dwell = interval count * physics_dt,0.002,"[0.0, 0.0, 0.0, 0.0]","[0.0, 0.0, 0.0, 0.0]",0.0,"[0.0, 0.0, 0.0, 0.0]","[0.0, 0.0, 0.0, 0.0]",0.0,"[0.0, 0.0, 0.0, 0.0]","[0.0, 0.0, 0.0, 0.0]",0.0,"[0.0, 0.0, 0.0, 0.0]","[0.0, 0.0, 0.0, 0.0]",0.0,"[0.0, 0.0, 0.0, 0.0]","[0.0, 0.0, 0.0, 0.0]",0.0,"[0.0, 0.0, 0.0, 0.0]","[0.0, 0.0, 0.0, 0.0]",0.0,"[0.0, 0.0, 0.0, 0.0]","[0.0, 0.0, 0.0, 0.0]",0.0,"[0.0, 0.0, 0.0, 0.0]","[0.0, 0.0, 0.0, 0.0]",0.0,"[0.10794519957179112, 0.12854040857770893, 0.12848220950171416, 0.10781409442872238]","[0.09150644368250095, 0.0705497730661031, 0.07052036645754226, 0.09143759469289829]","[0.5496082176012173, 0.6044321704203587, 0.6042807193442338, 0.549250267409058]","[0.44889601146689073, 0.39320245276484844, 0.39312607020489054, 0.4487083666418866]","[0.09152568533902719, 0.07061023856076509, 0.07056409771199484, 0.09149731736210906]","[0.2, 0.2, 0.2, 0.2]","[0.2, 0.2, 0.2, 0.2]","[0.2, 0.2, 0.2, 0.2]","[0.2, 0.2, 0.2, 0.2]","[4.7914033558938284e-05, 7.901512054418286e-05, 7.9690512236129e-05, 6.712011403300313e-05]","[0.04780294767689229, 0.13225302271360476]","[0.11651010467653544, 0.290995842527346]",1000,"body origin, body frame; no gravity/external torque","[6.157908199992688e-10, 2.079454229957126e-07, 2.1641717761906035e-19]",2.0794633476741034e-07,2.0984784337321092e-07,5.057306561942087e-17,5.551115123125783e-17,"[3.854918467262355e-06, 2.9802546325458156e-06, 9.851838210430199e-08]",4.873604409024555e-06,1.7134703938181582e-05,0.0002414858161388111,0.0007786461856263416,"[3.854364266791734e-06, 2.9882145699819914e-06, 9.851838210429485e-08]",4.878038139353368e-06,1.7272376153623562e-05,0.00024148581613881354,0.0007786461856263971,"[6.630160833489474e-17, 7.14587115750908e-19, 2.4501445092676614e-19]",6.630591176223239e-17,6.883643281837805e-17,5.057306561942087e-17,5.551115123125783e-17,"[6.157908215225754e-10, 2.079454229961177e-07, 1.54855044337518e-19]",2.0794633476781996e-07,2.0984784337279842e-07,0.0,0.0,
combined_motor3_70-B_best-oracle_no_integral,B_best,combined_motor3_70,oracle_no_integral,oracle,no_integral,False,5.39,max_tilt,tail_18_20,False,False,,,,,,,,,,,,,,,,,,,,,,,,,,,,,,,,,,,,,,,,,,,,,,,,,,,,,,,,,,,,,,,,,,,,,,,,,,,,,,,,,,,,,,,,,,,,,,,,,,,,,,,,,,,,,,,,,,,,,,,
combined_motor3_70-B_best-oracle_no_integral,B_best,combined_motor3_70,oracle_no_integral,oracle,no_integral,False,5.39,max_tilt,pre_second_28_30,False,False,,,,,,,,,,,,,,,,,,,,,,,,,,,,,,,,,,,,,,,,,,,,,,,,,,,,,,,,,,,,,,,,,,,,,,,,,,,,,,,,,,,,,,,,,,,,,,,,,,,,,,,,,,,,,,,,,,,,,,,
combined_motor3_70-B_best-oracle_no_integral,B_best,combined_motor3_70,oracle_no_integral,oracle,no_integral,False,5.39,max_tilt,tail_58_60,False,False,,,,,,,,,,,,,,,,,,,,,,,,,,,,,,,,,,,,,,,,,,,,,,,,,,,,,,,,,,,,,,,,,,,,,,,,,,,,,,,,,,,,,,,,,,,,,,,,,,,,,,,,,,,,,,,,,,,,,,,
combined_motor3_70-B_best-oracle_no_integral,B_best,combined_motor3_70,oracle_no_integral,oracle,no_integral,False,5.39,max_tilt,fault_5_60,False,False,,,,,,,,,,,,,,,,,,,,,,,,,,,,,,,,,,,,,,,,,,,,,,,,,,,,,,,,,,,,,,,,,,,,,,,,,,,,,,,,,,,,,,,,,,,,,,,,,,,,,,,,,,,,,,,,,,,,,,,
combined_motor3_70-B_best-oracle_no_integral,B_best,combined_motor3_70,oracle_no_integral,oracle,no_integral,False,5.39,max_tilt,full_0_60,True,True,"[-0.05956879464134723, 0.016091210619674154]",0.06170387633066266,0.06626754612508318,0.024166491578429688,0.22648117667715592,-0.00543946883151964,0.00543946883151964,0.006794613015239923,0.004071725046929632,0.018493621556058493,0.0666149715564519,8.673617379884035e-19,-3.3881317890172014e-21,539,0.01,5.39,0.1742453338536058,0.03003212015077478,0.3755810247598781,0.043711925443002966,64.54026985205405,9.571524791872019,0.006785575106301083,0.10090571119939744,0.388784815160087,5.781471380491437,[0.0],[0.0],0.0,[0.38],[0.38],0.38,[0.0],[0.0],0.0,[0.09],[0.09],0.09,[0.0],[0.0],0.0,[0.0],[0.0],0.0,[0.0],[0.0],0.0,[0.0],[0.0],0.0,"[0.0, 0.0, 0.0]",0.0,0.0,every physics interval; dwell = interval count * physics_dt,0.002,"[0.0, 0.0, 0.38, 0.0]","[0.0, 0.0, 0.38, 0.0]",0.38,"[0.0, 0.0, 0.0, 0.0]","[0.0, 0.0, 0.0, 0.0]",0.0,"[0.0, 0.0, 0.38, 0.0]","[0.0, 0.0, 0.38, 0.0]",0.38,"[0.0, 0.0, 0.0, 0.0]","[0.0, 0.0, 0.0, 0.0]",0.0,"[0.0, 0.0, 0.0, 0.0]","[0.0, 0.0, 0.0, 0.0]",0.0,"[0.0, 0.0, 0.0, 0.0]","[0.0, 0.0, 0.0, 0.0]",0.0,"[0.0, 0.09, 0.0, 0.0]","[0.0, 0.09, 0.0, 0.0]",0.09,"[0.0, 0.0, 0.0, 0.0]","[0.0, 0.0, 0.0, 0.0]",0.0,"[0.08803717049845686, 0.10825664557542906, 0.111898022188068, 0.09249500050445202]","[0.045732305196321904, 0.020670407038365146, 0.0, 0.007657053138188208]","[0.49358784341387396, 0.5504580320901427, 0.5603417906573862, 0.5064531765546078]","[0.3300714786862958, 0.26828330967174085, 0.21814922562016836, 0.236666268861632]","[0.0528372132784492, 0.024964198708925606, 2.1945194876860086e-05, 0.019883689840004826]","[0.2, 0.2, 0.2, 0.2]","[0.2, 0.2, 0.2, 0.2]","[0.2, 0.2, 0.13999999999999999, 0.2]","[0.2, 0.2, 0.2, 0.2]","[0.004535183671554569, 0.004630303800993518, 0.0056018312655505735, 0.004043538142940134]","[5.363225641352738, 5.464737819214344]","[48.40106441679582, 49.64737198075766]",2695,"body origin, body frame; no gravity/external torque","[0.0014207159805899462, 0.0014206882946626292, 0.0002386938744997809]",0.0020233051904788796,0.010102627928273595,0.04018415395619245,0.20064294667637506,"[0.0001732109025620054, 0.00047543564596380574, 2.92942992026983e-05]",0.0005068522725460967,0.0027771690041434663,0.009261306140284819,0.05362104543957674,"[0.0014478258559210832, 0.001417062575016676, 0.00022978384587268868]",0.002038888586070988,0.009583405744162294,0.04675411399260242,0.23294871432863185,"[0.0014207107631211836, 0.0014207107631212209, 0.0002386938744997809]",0.0020233173034945795,0.010102597811988762,0.04018415395619245,0.20064294667637506,"[2.2100533719807024e-08, 2.199459091532402e-07, 1.579533724052365e-19]",2.2105346987538088e-07,5.937506881273119e-07,0.0,0.0,
combined_motor3_70-B_best-oracle_no_integral,B_best,combined_motor3_70,oracle_no_integral,oracle,no_integral,False,5.39,max_tilt,pre_3_5,True,False,,,,,,,,,,,,,,,,,,,,,,,,,,,,,,,,,,,,,,,,,,,,,,,,,,,,,,,,,,,,,,,,,,,,,,,,,,,,,,,,,,,,,,,,,,,,,,,,,,,,,,,,,,,,,,,,,,,,,,,
combined_motor3_70-B_best-oracle_no_integral,B_best,combined_motor3_70,oracle_no_integral,oracle,no_integral,False,5.39,max_tilt,tail_18_20,True,False,,,,,,,,,,,,,,,,,,,,,,,,,,,,,,,,,,,,,,,,,,,,,,,,,,,,,,,,,,,,,,,,,,,,,,,,,,,,,,,,,,,,,,,,,,,,,,,,,,,,,,,,,,,,,,,,,,,,,,,
combined_motor3_70-B_best-oracle_no_integral,B_best,combined_motor3_70,oracle_no_integral,oracle,no_integral,False,5.39,max_tilt,pre_second_28_30,True,False,,,,,,,,,,,,,,,,,,,,,,,,,,,,,,,,,,,,,,,,,,,,,,,,,,,,,,,,,,,,,,,,,,,,,,,,,,,,,,,,,,,,,,,,,,,,,,,,,,,,,,,,,,,,,,,,,,,,,,,
combined_motor3_70-B_best-oracle_no_integral,B_best,combined_motor3_70,oracle_no_integral,oracle,no_integral,False,5.39,max_tilt,tail_58_60,True,False,,,,,,,,,,,,,,,,,,,,,,,,,,,,,,,,,,,,,,,,,,,,,,,,,,,,,,,,,,,,,,,,,,,,,,,,,,,,,,,,,,,,,,,,,,,,,,,,,,,,,,,,,,,,,,,,,,,,,,,
combined_motor3_70-B_best-oracle_no_integral,B_best,combined_motor3_70,oracle_no_integral,oracle,no_integral,False,5.39,max_tilt,fault_5_60,True,True,"[-0.09082936755421124, 0.04971988421659681]",0.10354728821562541,0.11384604232581055,0.047316809449079025,0.22648117667715592,-0.002350834985094301,0.002350834985094301,0.009312372438027761,0.009010763302706148,0.018493621556058493,0.11422627383257666,-2.6020852139652106e-18,-2.710505431213761e-20,39,5.01,5.39,0.6345844420727446,0.10102702721143046,1.0585180128381422,0.12081808791159662,64.54026985205405,9.571524791872019,-0.03254201742425494,0.10090571119939744,-1.8645202552509943,5.781471380491437,[0.0],[0.0],0.0,[0.38],[0.38],0.38,[0.0],[0.0],0.0,[0.09],[0.09],0.09,[0.0],[0.0],0.0,[0.0],[0.0],0.0,[0.0],[0.0],0.0,[0.0],[0.0],0.0,"[0.0, 0.0, 0.0]",0.0,0.0,every physics interval; dwell = interval count * physics_dt,0.002,"[0.0, 0.0, 0.38, 0.0]","[0.0, 0.0, 0.38, 0.0]",0.38,"[0.0, 0.0, 0.0, 0.0]","[0.0, 0.0, 0.0, 0.0]",0.0,"[0.0, 0.0, 0.38, 0.0]","[0.0, 0.0, 0.38, 0.0]",0.38,"[0.0, 0.0, 0.0, 0.0]","[0.0, 0.0, 0.0, 0.0]",0.0,"[0.0, 0.0, 0.0, 0.0]","[0.0, 0.0, 0.0, 0.0]",0.0,"[0.0, 0.0, 0.0, 0.0]","[0.0, 0.0, 0.0, 0.0]",0.0,"[0.0, 0.09, 0.0, 0.0]","[0.0, 0.09, 0.0, 0.0]",0.09,"[0.0, 0.0, 0.0, 0.0]","[0.0, 0.0, 0.0, 0.0]",0.0,"[0.09368051931484012, 0.12897583366370638, 0.18422740943769256, 0.10818504935808797]","[0.045732305196321904, 0.020670407038365146, 0.0, 0.007657053138188208]","[0.509840477027378, 0.6055647266368372, 0.7436432222741861, 0.550262737605819]","[0.3300714786862958, 0.26828330967174085, 0.21814922562016836, 0.236666268861632]","[0.0528372132784492, 0.024964198708925606, 2.1945194876860086e-05, 0.019883689840004826]","[0.2, 0.2, 0.2, 0.2]","[0.2, 0.2, 0.2, 0.2]","[0.2, 0.2, 0.13999999999999999, 0.2]","[0.2, 0.2, 0.13999999999999999, 0.2]","[0.008685163501319851, 0.007253033106408715, 0.01728114423717748, 0.010792243659428834]","[19.934424382001176, 19.91473119826064]","[48.40106441679582, 49.64737198075766]",195,"body origin, body frame; no gravity/external torque","[0.0052816466709914795, 0.00528154368641219, 0.0008873671619630441]",0.007521829282083326,0.010102627928273595,0.149388411104891,0.20064294667637506,"[0.0006242622364045138, 0.0006368317077713017, 8.714177278688515e-05]",0.000896019895084991,0.0024128479964633715,0.02668552752985718,0.042162109656353086,"[0.005380113589170354, 0.005003489385023913, 0.0008517424029391654]",0.007396350003845616,0.009583405744162294,0.17244598631689584,0.23294871432863185,"[0.005281627274613419, 0.005281627274613558, 0.0008873671619630441]",0.007521874355239695,0.010102597811988762,0.149388411104891,0.20064294667637506,"[7.835106923612627e-08, 1.983096276394487e-07, 1.552826604365473e-19]",2.1322663638706355e-07,3.4601322376511756e-07,0.0,0.0,
combined_motor3_70-B_best-oracle_integral_020,B_best,combined_motor3_70,oracle_integral_020,oracle,integral_020,False,5.39,max_tilt,full_0_60,False,False,,,,,,,,,,,,,,,,,,,,,,,,,,,,,,,,,,,,,,,,,,,,,,,,,,,,,,,,,,,,,,,,,,,,,,,,,,,,,,,,,,,,,,,,,,,,,,,,,,,,,,,,,,,,,,,,,,,,,,,
combined_motor3_70-B_best-oracle_integral_020,B_best,combined_motor3_70,oracle_integral_020,oracle,integral_020,False,5.39,max_tilt,pre_3_5,False,True,"[-0.03674554266393267, 0.014558291598262578]",0.03952440714200453,0.039851561796850836,0.005095902051775023,0.04777326809916805,-0.006523403538899457,0.006523403538899457,0.0065480786913212855,0.0005679267702882146,0.00741649192686622,0.04038594201199171,-2.7816561987831223e-18,-8.279747059410786e-20,200,3.0100000000000002,5.0,0.008902018676350097,0.002252568284852845,0.1513618679948816,0.025259731948309556,0.29864699235166686,0.04216393343917914,0.009246043354823963,0.009514709608030747,0.5297592614263937,0.5451527038327356,[0.0],[0.0],0.0,[0.0],[0.0],0.0,[0.0],[0.0],0.0,[0.0],[0.0],0.0,[0.0],[0.0],0.0,[0.0],[0.0],0.0,[0.0],[0.0],0.0,[0.0],[0.0],0.0,"[0.04141497361330784, -0.011721834285616814, 0.0050933748047580375]",0.04304185681880426,0.0050933748047580375,every physics interval; dwell = interval count * physics_dt,0.002,"[0.0, 0.0, 0.0, 0.0]","[0.0, 0.0, 0.0, 0.0]",0.0,"[0.0, 0.0, 0.0, 0.0]","[0.0, 0.0, 0.0, 0.0]",0.0,"[0.0, 0.0, 0.0, 0.0]","[0.0, 0.0, 0.0, 0.0]",0.0,"[0.0, 0.0, 0.0, 0.0]","[0.0, 0.0, 0.0, 0.0]",0.0,"[0.0, 0.0, 0.0, 0.0]","[0.0, 0.0, 0.0, 0.0]",0.0,"[0.0, 0.0, 0.0, 0.0]","[0.0, 0.0, 0.0, 0.0]",0.0,"[0.0, 0.0, 0.0, 0.0]","[0.0, 0.0, 0.0, 0.0]",0.0,"[0.0, 0.0, 0.0, 0.0]","[0.0, 0.0, 0.0, 0.0]",0.0,"[0.1079496865901567, 0.12854093281893725, 0.12849146553722116, 0.10781486213279363]","[0.09150123391516733, 0.07055092187681006, 0.0705148833682962, 0.091431882532469]","[0.5496204660322833, 0.6044335345712462, 0.6043048074227821, 0.5492523638078981]","[0.44888181126067117, 0.39320543684561104, 0.3931118285670535, 0.44869279997159706]","[0.0915217722415643, 0.07060104809767401, 0.07055969780309942, 0.09149225753746962]","[0.2, 0.2, 0.2, 0.2]","[0.2, 0.2, 0.2, 0.2]","[0.2, 0.2, 0.2, 0.2]","[0.2, 0.2, 0.2, 0.2]","[4.853614926989631e-05, 7.983954388118516e-05, 8.044495134055931e-05, 6.786487027145478e-05]","[0.050847089942849664, 0.1300477375564627]","[0.12603339726316873, 0.28070254358579355]",1000,"body origin, body frame; no gravity/external torque","[6.120092613316823e-10, 2.079495026148104e-07, 2.347903670917718e-19]",2.0795040320490573e-07,2.0983794185225472e-07,4.8234047858538485e-17,5.551115123125783e-17,"[3.825703311235134e-06, 3.0022617423806057e-06, 9.842424397520346e-08]",4.864079432653191e-06,1.7130273374082852e-05,0.0002450292463199506,0.0007948706273402939,"[3.82515292421509e-06, 3.0114487612974537e-06, 9.842424397521132e-08]",4.86932293726277e-06,1.726972339776473e-05,0.00024502924631995045,0.0007948706273403494,"[6.629681879178159e-17, 7.1934179166233e-19, 2.404345616077627e-19]",6.630115717920745e-17,6.843479707541564e-17,4.8234047858538485e-17,5.551115123125783e-17,"[6.12009263105927e-10, 2.0794950261522105e-07, 1.5636586103463756e-19]",2.0795040320532194e-07,2.0983794185356805e-07,0.0,0.0,
combined_motor3_70-B_best-oracle_integral_020,B_best,combined_motor3_70,oracle_integral_020,oracle,integral_020,False,5.39,max_tilt,tail_18_20,False,False,,,,,,,,,,,,,,,,,,,,,,,,,,,,,,,,,,,,,,,,,,,,,,,,,,,,,,,,,,,,,,,,,,,,,,,,,,,,,,,,,,,,,,,,,,,,,,,,,,,,,,,,,,,,,,,,,,,,,,,
combined_motor3_70-B_best-oracle_integral_020,B_best,combined_motor3_70,oracle_integral_020,oracle,integral_020,False,5.39,max_tilt,pre_second_28_30,False,False,,,,,,,,,,,,,,,,,,,,,,,,,,,,,,,,,,,,,,,,,,,,,,,,,,,,,,,,,,,,,,,,,,,,,,,,,,,,,,,,,,,,,,,,,,,,,,,,,,,,,,,,,,,,,,,,,,,,,,,
combined_motor3_70-B_best-oracle_integral_020,B_best,combined_motor3_70,oracle_integral_020,oracle,integral_020,False,5.39,max_tilt,tail_58_60,False,False,,,,,,,,,,,,,,,,,,,,,,,,,,,,,,,,,,,,,,,,,,,,,,,,,,,,,,,,,,,,,,,,,,,,,,,,,,,,,,,,,,,,,,,,,,,,,,,,,,,,,,,,,,,,,,,,,,,,,,,
combined_motor3_70-B_best-oracle_integral_020,B_best,combined_motor3_70,oracle_integral_020,oracle,integral_020,False,5.39,max_tilt,fault_5_60,False,False,,,,,,,,,,,,,,,,,,,,,,,,,,,,,,,,,,,,,,,,,,,,,,,,,,,,,,,,,,,,,,,,,,,,,,,,,,,,,,,,,,,,,,,,,,,,,,,,,,,,,,,,,,,,,,,,,,,,,,,
combined_motor3_70-B_best-oracle_integral_020,B_best,combined_motor3_70,oracle_integral_020,oracle,integral_020,False,5.39,max_tilt,full_0_60,True,True,"[-0.04229346108596389, 0.013898043436519134]",0.0445184508040578,0.0486499347718462,0.019619472248548795,0.1916593805078211,-0.004667641114873253,0.004667641114873253,0.0061629001204271125,0.004024234625007006,0.022050963245808353,0.049038734600306014,-9.215718466126788e-19,1.0164395367051604e-20,539,0.01,5.39,0.17239501591737683,0.03034522851164798,0.3112847844577806,0.04368360934591387,64.03979881446705,9.48546967801286,0.006046236207908146,0.0930787922742812,0.34642381665232014,5.333021959491206,[0.38],[0.38],0.38,[0.38],[0.38],0.38,[0.0],[0.0],0.0,[0.09],[0.09],0.09,[0.0],[0.0],0.0,[0.0],[0.0],0.0,[0.0],[0.0],0.0,[0.0],[0.0],0.0,"[0.041473320613224035, -0.011745773316221841, 0.005103990204032318]",0.04310451848105188,0.005103990204032318,every physics interval; dwell = interval count * physics_dt,0.002,"[0.0, 0.0, 0.38, 0.0]","[0.0, 0.0, 0.38, 0.0]",0.38,"[0.0, 0.0, 0.0, 0.0]","[0.0, 0.0, 0.0, 0.0]",0.0,"[0.0, 0.0, 0.38, 0.0]","[0.0, 0.0, 0.38, 0.0]",0.38,"[0.0, 0.0, 0.0, 0.0]","[0.0, 0.0, 0.0, 0.0]",0.0,"[0.0, 0.0, 0.0, 0.0]","[0.0, 0.0, 0.0, 0.0]",0.0,"[0.0, 0.0, 0.0, 0.0]","[0.0, 0.0, 0.0, 0.0]",0.0,"[0.0, 0.09, 0.0, 0.0]","[0.0, 0.09, 0.0, 0.0]",0.09,"[0.0, 0.0, 0.0, 0.0]","[0.0, 0.0, 0.0, 0.0]",0.0,"[0.08803775861425776, 0.10825664557542906, 0.111898022188068, 0.09249561057287833]","[0.04600211600077622, 0.020894634756068037, 0.0, 0.008187720583992697]","[0.49358955459919984, 0.5504580320901427, 0.5603417906573862, 0.5064549232387824]","[0.3307455719205088, 0.26883022545081103, 0.21814922562016836, 0.23795151004174186]","[0.0530441181229791, 0.02523734985857093, 2.1946684349849477e-05, 0.020403783421614363]","[0.2, 0.2, 0.2, 0.2]","[0.2, 0.2, 0.2, 0.2]","[0.2, 0.2, 0.13999999999999999, 0.2]","[0.2, 0.2, 0.2, 0.2]","[0.004529242264156514, 0.004625235275528158, 0.005602462819286202, 0.0040308318708075904]","[5.310775594897911, 5.445595932786371]","[47.70123777789285, 49.42489586734848]",2695,"body origin, body frame; no gravity/external torque","[0.0014200949871143785, 0.0014200671397094939, 0.00023858955427106103]",0.0020224206854948246,0.01010411841155414,0.040166591628125116,0.20067257534279004,"[0.0001727492435881757, 0.0004751709812564601, 2.9297305508090344e-05]",0.0005064465368610471,0.0027771703611231043,0.009236219408516967,0.05363807392624009,"[0.0014468142855817731, 0.0014169749783050972, 0.00022981367745009587]",0.0020381128507640013,0.009585565040004953,0.04670341980164397,0.2328061187139321,"[0.0014200898470123626, 0.0014200898470124001, 0.00023858955427106103]",0.0020224330205429702,0.010104089648634178,0.040166591628125116,0.20067257534279004,"[2.196004766871751e-08, 2.199410982479332e-07, 1.5712276170983383e-19]",2.2103468142379705e-07,5.937522688194143e-07,0.0,0.0,
combined_motor3_70-B_best-oracle_integral_020,B_best,combined_motor3_70,oracle_integral_020,oracle,integral_020,False,5.39,max_tilt,pre_3_5,True,False,,,,,,,,,,,,,,,,,,,,,,,,,,,,,,,,,,,,,,,,,,,,,,,,,,,,,,,,,,,,,,,,,,,,,,,,,,,,,,,,,,,,,,,,,,,,,,,,,,,,,,,,,,,,,,,,,,,,,,,
combined_motor3_70-B_best-oracle_integral_020,B_best,combined_motor3_70,oracle_integral_020,oracle,integral_020,False,5.39,max_tilt,tail_18_20,True,False,,,,,,,,,,,,,,,,,,,,,,,,,,,,,,,,,,,,,,,,,,,,,,,,,,,,,,,,,,,,,,,,,,,,,,,,,,,,,,,,,,,,,,,,,,,,,,,,,,,,,,,,,,,,,,,,,,,,,,,
combined_motor3_70-B_best-oracle_integral_020,B_best,combined_motor3_70,oracle_integral_020,oracle,integral_020,False,5.39,max_tilt,pre_second_28_30,True,False,,,,,,,,,,,,,,,,,,,,,,,,,,,,,,,,,,,,,,,,,,,,,,,,,,,,,,,,,,,,,,,,,,,,,,,,,,,,,,,,,,,,,,,,,,,,,,,,,,,,,,,,,,,,,,,,,,,,,,,
combined_motor3_70-B_best-oracle_integral_020,B_best,combined_motor3_70,oracle_integral_020,oracle,integral_020,False,5.39,max_tilt,tail_58_60,True,False,,,,,,,,,,,,,,,,,,,,,,,,,,,,,,,,,,,,,,,,,,,,,,,,,,,,,,,,,,,,,,,,,,,,,,,,,,,,,,,,,,,,,,,,,,,,,,,,,,,,,,,,,,,,,,,,,,,,,,,
combined_motor3_70-B_best-oracle_integral_020,B_best,combined_motor3_70,oracle_integral_020,oracle,integral_020,False,5.39,max_tilt,fault_5_60,True,True,"[-0.052808082531346494, 0.04149125010699717]",0.06715815226820118,0.08169696933712213,0.046520719929852565,0.1916593805078211,0.0009265779769095486,0.0009265779769095486,0.009171171510228733,0.009124244632994964,0.022050963245808353,0.08221012824306204,-1.734723475976807e-18,0.0,39,5.01,5.39,0.62746659964386,0.10204066006802456,0.9461793585166327,0.12922541385155883,64.03979881446705,9.48546967801286,-0.03393008283428928,0.0930787922742812,-1.9440505449340577,5.333021959491206,[0.38],[0.38],0.38,[0.38],[0.38],0.38,[0.0],[0.0],0.0,[0.09],[0.09],0.09,[0.0],[0.0],0.0,[0.0],[0.0],0.0,[0.0],[0.0],0.0,[0.0],[0.0],0.0,"[0.041473320613224035, -0.011745773316221841, 0.005103990204032318]",0.04310451848105188,0.005103990204032318,every physics interval; dwell = interval count * physics_dt,0.002,"[0.0, 0.0, 0.38, 0.0]","[0.0, 0.0, 0.38, 0.0]",0.38,"[0.0, 0.0, 0.0, 0.0]","[0.0, 0.0, 0.0, 0.0]",0.0,"[0.0, 0.0, 0.38, 0.0]","[0.0, 0.0, 0.38, 0.0]",0.38,"[0.0, 0.0, 0.0, 0.0]","[0.0, 0.0, 0.0, 0.0]",0.0,"[0.0, 0.0, 0.0, 0.0]","[0.0, 0.0, 0.0, 0.0]",0.0,"[0.0, 0.0, 0.0, 0.0]","[0.0, 0.0, 0.0, 0.0]",0.0,"[0.0, 0.09, 0.0, 0.0]","[0.0, 0.09, 0.0, 0.0]",0.09,"[0.0, 0.0, 0.0, 0.0]","[0.0, 0.0, 0.0, 0.0]",0.0,"[0.0936835815075365, 0.12897007631784874, 0.18421898783263954, 0.10818148617186411]","[0.04600211600077622, 0.020894634756068037, 0.0, 0.008187720583992697]","[0.5098492085419853, 0.605549757858682, 0.7436227457190281, 0.5502530172381621]","[0.3307455719205088, 0.26883022545081103, 0.21814922562016836, 0.23795151004174186]","[0.0530441181229791, 0.02523734985857093, 2.1946684349849477e-05, 0.020403783421614363]","[0.2, 0.2, 0.2, 0.2]","[0.2, 0.2, 0.2, 0.2]","[0.2, 0.2, 0.13999999999999999, 0.2]","[0.2, 0.2, 0.13999999999999999, 0.2]","[0.008649769216555954, 0.007207281522644752, 0.017281705605688896, 0.010727267232323175]","[19.73891239371347, 19.8364842985403]","[47.70123777789285, 49.42489586734848]",195,"body origin, body frame; no gravity/external torque","[0.005279338068731832, 0.005279234483816536, 0.0008869793415990382]",0.007518541050729343,0.01010411841155414,0.1493231214813209,0.20067257534279004,"[0.0006224713310868383, 0.0006348460463703278, 8.71805491001731e-05]",0.0008933647120624725,0.0024128806740079047,0.026553258671806843,0.042159307495235776,"[0.00537634899557148, 0.00500324162785654, 0.000851856168929056]",0.007393457529562304,0.009585565040004953,0.1722542059787036,0.2328061187139321,"[0.005279318959972097, 0.005279318959972237, 0.0008869793415990382]",0.0075185869493320815,0.010104089648634178,0.1493231214813209,0.20067257534279004,"[7.779858292786164e-08, 1.9818691396373752e-07, 1.6652210161744254e-19]",2.1291001003253292e-07,3.459098442888873e-07,0.0,0.0,
motor1_70_restore-A_best-existing_no_integral,A_best,motor1_70_restore,existing_no_integral,existing,no_integral,True,60.0,horizon,full_0_60,False,True,"[0.029824908768929223, -0.029187885021077997]",0.041730777791440944,0.0642019330496888,0.048789654561577966,0.10098163418390511,0.003674612890516457,0.003674612890516457,0.005909824549372152,0.004628525284495241,0.026422978005614883,0.06447336065012499,-3.0357660829594124e-18,2.981555974335137e-19,6000,0.01,60.0,0.023675428775956176,0.00720561241729368,0.2579059371094273,0.024723740765391664,9.757973889225125,2.815110827293145,-0.05309183489969377,0.12408436623677271,-3.0419380663578233,7.109510488922686,[0.0],[0.0],0.0,[0.0],[0.0],0.0,[0.0],[0.0],0.0,[0.0],[0.0],0.0,[0.0],[0.0],0.0,[0.0],[0.0],0.0,[0.0],[0.0],0.0,[0.0],[0.0],0.0,"[0.0, 0.0, 0.0]",0.0,0.0,every physics interval; dwell = interval count * physics_dt,0.002,"[0.0, 0.0, 0.0, 0.0]","[0.0, 0.0, 0.0, 0.0]",0.0,"[0.0, 0.0, 0.0, 0.0]","[0.0, 0.0, 0.0, 0.0]",0.0,"[0.0, 0.0, 0.0, 0.0]","[0.0, 0.0, 0.0, 0.0]",0.0,"[0.0, 0.0, 0.0, 0.0]","[0.0, 0.0, 0.0, 0.0]",0.0,"[0.0, 0.0, 0.0, 0.0]","[0.0, 0.0, 0.0, 0.0]",0.0,"[0.0, 0.0, 0.0, 0.0]","[0.0, 0.0, 0.0, 0.0]",0.0,"[0.0, 0.0, 0.0, 0.0]","[0.0, 0.0, 0.0, 0.0]",0.0,"[0.0, 0.0, 0.0, 0.0]","[0.0, 0.0, 0.0, 0.0]",0.0,"[0.0487762602763021, 0.07874901649287248, 0.08187309022688405, 0.0899380197813453]","[0.003931860817610211, 0.06759872934779096, 0.06406079656008101, 0.07235533541097633]","[0.3678349549073912, 0.4660608064818725, 0.47543651156586475, 0.4990991154328981]","[0.22765163964108415, 0.38555849364835304, 0.37644877749311645, 0.3979007454306427]","[0.01863614590270915, 0.08098111215834214, 0.07884911749173701, 0.08399493080886429]","[0.2, 0.2, 0.2, 0.2]","[0.2, 0.2, 0.2, 0.2]","[0.13999999999999999, 0.2, 0.2, 0.2]","[0.2, 0.2, 0.2, 0.2]","[0.0033131330183100685, 0.001804213042238266, 0.001523234818771649, 0.0010801027572322815]","[0.5460588080562563, 0.5497278442410659]","[6.422406199555238, 7.469045969783092]",30000,"body origin, body frame; no gravity/external torque","[0.0010415890556812759, 0.0010415889959949035, 0.0001749976249989654]",0.001483387867770274,0.002961371499443258,0.029460879629455494,0.05882044175471696,"[0.00014644110607195862, 0.00020151007456551198, 1.7603612741533e-05]",0.0002497222354547792,0.003887462585800296,0.0024452343039145243,0.04817689865360203,"[0.0010538054263463654, 0.0010632924255852183, 0.00017619983715288023]",0.0015073629428630374,0.005218100855391402,0.029620680396398494,0.10338001984847822,"[0.0010415893992994573, 0.0010415893992994018, 0.00017499762499896543]",0.0014833883922362229,0.002961675334293693,0.029460879629455494,0.05882044175471696,"[2.2208802416816433e-08, 3.158066722895764e-08, 1.526378001456315e-19]",3.860789358946336e-08,5.246731872711069e-07,0.0,0.0,
motor1_70_restore-A_best-existing_no_integral,A_best,motor1_70_restore,existing_no_integral,existing,no_integral,True,60.0,horizon,pre_3_5,False,True,"[-0.001434020255290992, -0.0012987718812297383]",0.0019347409366780542,0.001936148134809613,7.38045247181408e-05,0.0020462378508615893,0.001324725203214686,0.001324725203214686,0.0013247523380322005,8.478979277644368e-06,0.0013359658275680086,0.0023459834519980157,-2.179620914077228e-21,-4.601579898238351e-22,200,3.0100000000000002,5.0,0.00045187060929505646,4.856318493953584e-05,0.007783935067320133,0.005306123359683516,0.03771088271187686,0.005771920853499332,-0.0022762017375947243,0.002304510250568024,-0.1304167528845222,0.13203871120218358,[0.0],[0.0],0.0,[0.0],[0.0],0.0,[0.0],[0.0],0.0,[0.0],[0.0],0.0,[0.0],[0.0],0.0,[0.0],[0.0],0.0,[0.0],[0.0],0.0,[0.0],[0.0],0.0,"[0.0, 0.0, 0.0]",0.0,0.0,every physics interval; dwell = interval count * physics_dt,0.002,"[0.0, 0.0, 0.0, 0.0]","[0.0, 0.0, 0.0, 0.0]",0.0,"[0.0, 0.0, 0.0, 0.0]","[0.0, 0.0, 0.0, 0.0]",0.0,"[0.0, 0.0, 0.0, 0.0]","[0.0, 0.0, 0.0, 0.0]",0.0,"[0.0, 0.0, 0.0, 0.0]","[0.0, 0.0, 0.0, 0.0]",0.0,"[0.0, 0.0, 0.0, 0.0]","[0.0, 0.0, 0.0, 0.0]",0.0,"[0.0, 0.0, 0.0, 0.0]","[0.0, 0.0, 0.0, 0.0]",0.0,"[0.0, 0.0, 0.0, 0.0]","[0.0, 0.0, 0.0, 0.0]",0.0,"[0.0, 0.0, 0.0, 0.0]","[0.0, 0.0, 0.0, 0.0]",0.0,"[0.10635487115503423, 0.1062951513628303, 0.10638875370790588, 0.10633807742582273]","[0.09354659816316009, 0.09347372819253057, 0.09358930509187989, 0.09354328510773527]","[0.5452574990299335, 0.5450937476920916, 0.5453503926561369, 0.5452114534794107]","[0.454472390076581, 0.45427267290845297, 0.4545894572469782, 0.4544633089943345]","[0.09357461505100428, 0.09354760542926623, 0.0935926360606751, 0.09357987533774906]","[0.2, 0.2, 0.2, 0.2]","[0.2, 0.2, 0.2, 0.2]","[0.2, 0.2, 0.2, 0.2]","[0.2, 0.2, 0.2, 0.2]","[1.919467495525778e-05, 4.9608003611070105e-05, 3.1494719773119143e-06, 2.5660410031936164e-05]","[0.01650293097338928, 0.00827279614421747]","[0.033885838149380273, 0.016548736504846888]",1000,"body origin, body frame; no gravity/external torque","[5.316878376909281e-10, 2.9170091470359614e-10, 2.0034459593633103e-19]",6.064498168747093e-10,1.3857248704798736e-09,4.6774527435602164e-17,5.551115123125783e-17,"[3.435634282621692e-06, 1.886797561139051e-06, 4.7355732666679626e-08]",3.919927362345141e-06,9.07172667221924e-06,4.049534396260622e-05,9.322254638666205e-05,"[3.4351410703244903e-06, 1.886526868488217e-06, 4.735573266666512e-08]",3.91936479087804e-06,9.070486595873385e-06,4.049534396260649e-05,9.322254638666205e-05,"[6.575778128923375e-17, 1.1140571166183235e-18, 2.2456570985591817e-19]",6.576760108974503e-17,6.721657043816904e-17,4.6774527435602164e-17,5.551115123125783e-17,"[5.316878385409877e-10, 2.917009147288185e-10, 1.6226852269746972e-19]",6.064498176321079e-10,1.3857249273276298e-09,0.0,0.0,
motor1_70_restore-A_best-existing_no_integral,A_best,motor1_70_restore,existing_no_integral,existing,no_integral,True,60.0,horizon,tail_18_20,False,True,"[0.07345538457852864, -0.06832252585756624]",0.10031780033043662,0.10031780106605521,1.2148715436491067e-05,0.1003305280635822,0.007217000325169556,0.007217000325169556,0.007217000590663551,1.957585387575152e-06,0.007220518533360698,0.10057706651247225,-9.01583701779522e-18,2.174709852307621e-20,200,18.01,20.0,8.099658610147204e-05,1.4375173913394066e-05,0.40126805976328567,0.028869817518350317,0.006050132536219321,0.0006851023552798914,-0.12405396324695005,0.12405766304687979,-7.1077685259212675,7.107980508842285,[0.0],[0.0],0.0,[0.0],[0.0],0.0,[0.0],[0.0],0.0,[0.0],[0.0],0.0,[0.0],[0.0],0.0,[0.0],[0.0],0.0,[0.0],[0.0],0.0,[0.0],[0.0],0.0,"[0.0, 0.0, 0.0]",0.0,0.0,every physics interval; dwell = interval count * physics_dt,0.002,"[0.0, 0.0, 0.0, 0.0]","[0.0, 0.0, 0.0, 0.0]",0.0,"[0.0, 0.0, 0.0, 0.0]","[0.0, 0.0, 0.0, 0.0]",0.0,"[0.0, 0.0, 0.0, 0.0]","[0.0, 0.0, 0.0, 0.0]",0.0,"[0.0, 0.0, 0.0, 0.0]","[0.0, 0.0, 0.0, 0.0]",0.0,"[0.0, 0.0, 0.0, 0.0]","[0.0, 0.0, 0.0, 0.0]",0.0,"[0.0, 0.0, 0.0, 0.0]","[0.0, 0.0, 0.0, 0.0]",0.0,"[0.0, 0.0, 0.0, 0.0]","[0.0, 0.0, 0.0, 0.0]",0.0,"[0.0, 0.0, 0.0, 0.0]","[0.0, 0.0, 0.0, 0.0]",0.0,"[0.1519961533981234, 0.10639735741404577, 0.10639658630370476, 0.10639745738253967]","[0.04799835080279388, 0.09359894900978315, 0.09359855455518179, 0.09359926169258523]","[0.6642461234279909, 0.5453739794875454, 0.5453718655321732, 0.5453742535451802]","[0.33574010851454583, 0.45461589484545994, 0.4546148134833965, 0.45461675203828555]","[0.033598587706770405, 0.09359867170766054, 0.09359867153248116, 0.09359934643263726]","[0.2, 0.2, 0.2, 0.2]","[0.2, 0.2, 0.2, 0.2]","[0.13999999999999999, 0.2, 0.2, 0.2]","[0.13999999999999999, 0.2, 0.2, 0.2]","[5.258576444380704e-07, 3.5744759899919134e-07, 4.922807020627252e-07, 3.26269980334096e-07]","[0.0032487919931222537, 0.0008614164485879375]","[0.00604596338206212, 0.0015692626792828956]",1000,"body origin, body frame; no gravity/external torque","[0.0016121766615433972, 0.0016121766624833769, 0.00027086209521184516]",0.002295995090087043,0.002296036140499361,0.04559967932859331,0.045600494759161836,"[2.0042898362764114e-08, 6.125763004292157e-09, 1.0994523106919925e-09]",2.0986937426607354e-08,3.9652865398153645e-08,1.4362016566089476e-06,2.913110564328747e-06,"[0.0016121764370810156, 0.001612177400362079, 0.000270861956713003]",0.0022959954342532713,0.0022960683530197108,0.04559950196687405,0.04560201975412553,"[0.001612176662662507, 0.0016121766626624174, 0.00027086209521184516]",0.0022959950909985627,0.0022960361488439233,0.04559967932859331,0.045600494759161836,"[9.45319887006765e-12, 2.464916108441728e-12, 1.4944695602662324e-19]",9.769277368296185e-12,1.779269309329205e-11,0.0,0.0,
motor1_70_restore-A_best-existing_no_integral,A_best,motor1_70_restore,existing_no_integral,existing,no_integral,True,60.0,horizon,pre_second_28_30,False,True,"[0.07345521924543207, -0.06832401044824711]",0.10031869037286459,0.10031869037298777,1.57189206953311e-07,0.100318863496878,0.007216976382195503,0.007216976382195503,0.007216976382249316,2.7870603772965883e-08,0.007217023257106492,0.10057795178990936,4.423856154765632e-18,-3.4565773888610217e-20,200,28.01,30.0,1.1517128188432258e-06,1.788271592201127e-07,0.4012746709238219,0.028867921874086606,7.717093699642742e-05,1.0384385928990072e-05,-0.12405397534772473,0.12405402832069483,-7.107769219244586,7.107772254372201,[0.0],[0.0],0.0,[0.0],[0.0],0.0,[0.0],[0.0],0.0,[0.0],[0.0],0.0,[0.0],[0.0],0.0,[0.0],[0.0],0.0,[0.0],[0.0],0.0,[0.0],[0.0],0.0,"[0.0, 0.0, 0.0]",0.0,0.0,every physics interval; dwell = interval count * physics_dt,0.002,"[0.0, 0.0, 0.0, 0.0]","[0.0, 0.0, 0.0, 0.0]",0.0,"[0.0, 0.0, 0.0, 0.0]","[0.0, 0.0, 0.0, 0.0]",0.0,"[0.0, 0.0, 0.0, 0.0]","[0.0, 0.0, 0.0, 0.0]",0.0,"[0.0, 0.0, 0.0, 0.0]","[0.0, 0.0, 0.0, 0.0]",0.0,"[0.0, 0.0, 0.0, 0.0]","[0.0, 0.0, 0.0, 0.0]",0.0,"[0.0, 0.0, 0.0, 0.0]","[0.0, 0.0, 0.0, 0.0]",0.0,"[0.0, 0.0, 0.0, 0.0]","[0.0, 0.0, 0.0, 0.0]",0.0,"[0.0, 0.0, 0.0, 0.0]","[0.0, 0.0, 0.0, 0.0]",0.0,"[0.1519988904267328, 0.10639921670376679, 0.10639921928935964, 0.10639923211953017]","[0.04800100092047416, 0.09360070149201447, 0.09360070126542784, 0.0936007096799778]","[0.6642529802352073, 0.545379076606402, 0.5453790836946121, 0.5453791188675772]","[0.33574674756819245, 0.45462069913339076, 0.45462069851222053, 0.45462072158008415]","[0.033600707212468564, 0.09360070851798724, 0.09360070260200015, 0.09360071334845241]","[0.2, 0.2, 0.2, 0.2]","[0.2, 0.2, 0.2, 0.2]","[0.13999999999999999, 0.2, 0.2, 0.2]","[0.13999999999999999, 0.2, 0.2, 0.2]","[9.022245085893892e-09, 7.392860850652254e-09, 7.67803653155926e-09, 6.316444597271942e-09]","[4.093905160325149e-05, 1.2189633666810028e-05]","[7.71078339844459e-05, 2.3999881803832944e-05]",1000,"body origin, body frame; no gravity/external torque","[0.001612176811603668, 0.001612176811617406, 0.0002708621202375496]",0.0022959953031243385,0.0022959961178240177,0.045599683541674936,0.045599699723857745,"[4.222026709894253e-10, 3.2831949450776393e-10, 4.388322027107009e-11]",5.366325771752942e-10,1.3011830770496946e-09,2.214056671301356e-08,5.733240049377031e-08,"[0.001612176837927687, 0.0016121768195096868, 0.00027086211954577337]",0.0022959953270683528,0.0022959970975045905,0.04559968200534583,0.04559973727080918,"[0.0016121768116160076, 0.0016121768116159185, 0.0002708621202375496]",0.0022959953031319565,0.0022959961179230427,0.045599683541674936,0.045599699723857745,"[1.2951897642934033e-13, 6.013002498912769e-14, 1.517883041479706e-19]",1.427963065366893e-13,3.0946844808172783e-13,0.0,0.0,
motor1_70_restore-A_best-existing_no_integral,A_best,motor1_70_restore,existing_no_integral,existing,no_integral,True,60.0,horizon,tail_58_60,False,True,"[-0.0014376052336982277, -0.0013037028227096694]",0.0019407085968526278,0.0019407085977762228,5.987367887798056e-08,0.0019408120521974069,0.0013277920647736718,0.0013277920647736718,0.001327792064790986,6.7808072360180216e-09,0.0013278057644452446,0.0023514637204950584,3.097323189286622e-22,-7.043291764284763e-22,200,58.01,60.0,4.094890615262908e-07,4.849250568931472e-08,0.007762797444528176,0.005311161970650425,2.613440040204917e-05,3.3610116292515152e-06,-0.002294302711395469,0.0022943272557918947,-0.13145386228838174,0.13145526857870762,[0.0],[0.0],0.0,[0.0],[0.0],0.0,[0.0],[0.0],0.0,[0.0],[0.0],0.0,[0.0],[0.0],0.0,[0.0],[0.0],0.0,[0.0],[0.0],0.0,[0.0],[0.0],0.0,"[0.0, 0.0, 0.0]",0.0,0.0,every physics interval; dwell = interval count * physics_dt,0.002,"[0.0, 0.0, 0.0, 0.0]","[0.0, 0.0, 0.0, 0.0]",0.0,"[0.0, 0.0, 0.0, 0.0]","[0.0, 0.0, 0.0, 0.0]",0.0,"[0.0, 0.0, 0.0, 0.0]","[0.0, 0.0, 0.0, 0.0]",0.0,"[0.0, 0.0, 0.0, 0.0]","[0.0, 0.0, 0.0, 0.0]",0.0,"[0.0, 0.0, 0.0, 0.0]","[0.0, 0.0, 0.0, 0.0]",0.0,"[0.0, 0.0, 0.0, 0.0]","[0.0, 0.0, 0.0, 0.0]",0.0,"[0.0, 0.0, 0.0, 0.0]","[0.0, 0.0, 0.0, 0.0]",0.0,"[0.0, 0.0, 0.0, 0.0]","[0.0, 0.0, 0.0, 0.0]",0.0,"[0.10639924402348148, 0.10639923831108461, 0.10639924537724887, 0.10639924717371965]","[0.09360072151240068, 0.093600716002572, 0.09360072726302301, 0.09360072441082809]","[0.5453791515013806, 0.5453791358412666, 0.545379155212633, 0.5453791601375271]","[0.45462075401779223, 0.4546207389130056, 0.4546207697826985, 0.4546207619636181]","[0.09360072824537173, 0.09360072780388048, 0.09360073314758874, 0.09360073465696196]","[0.2, 0.2, 0.2, 0.2]","[0.2, 0.2, 0.2, 0.2]","[0.2, 0.2, 0.2, 0.2]","[0.2, 0.2, 0.2, 0.2]","[5.788220279152432e-09, 7.254643829059861e-09, 3.886299941653875e-09, 4.835267004638852e-09]","[1.3136028027049857e-05, 6.902762792325437e-06]","[2.3021766533371382e-05, 1.2445149014317037e-05]",1000,"body origin, body frame; no gravity/external torque","[7.073070690937123e-14, 5.69372546627167e-14, 2.0917327037295685e-19]",9.080024156614441e-14,2.1470329264908858e-13,4.9026121308902975e-17,5.551115123125783e-17,"[4.1441087344864307e-10, 3.5479144078103797e-10, 4.041492556714086e-11]",5.470344638983449e-10,1.3642137598732091e-09,1.4633712081651746e-08,4.404601439134126e-08,"[4.1435227228262786e-10, 3.547407217939267e-10, 4.0414925574346414e-11]",5.469571751552702e-10,1.3640561781058495e-09,1.463371208049864e-08,4.404601433583011e-08,"[6.577416572386995e-17, 1.1585128359487252e-18, 2.2692049686272356e-19]",6.57847590371363e-17,6.693797773813462e-17,4.9026121308902975e-17,5.551115123125783e-17,"[7.073298703387393e-14, 5.693718352322268e-14, 1.7414865561127659e-19]",9.080197311909927e-14,2.1464233775595062e-13,0.0,0.0,
motor1_70_restore-A_best-existing_no_integral,A_best,motor1_70_restore,existing_no_integral,existing,no_integral,True,60.0,horizon,fault_5_30,False,True,"[0.07172601673870385, -0.06709040150122034]",0.09821274586730469,0.09882352452749077,0.010970211904963936,0.10098163418390511,0.005658658525678524,0.005658658525678524,0.007612318076689163,0.005091853315881595,0.023642292913926943,0.09911627710187797,-1.5598958756635195e-17,-4.743384504624082e-20,2500,5.01,30.0,0.02586922616281255,0.00873371246139812,0.39817287983996535,0.031813559837476434,8.36793097258244,2.1582070641336792,-0.1202415928288747,0.12408436623677271,-6.889335791025025,7.109510488922686,[0.0],[0.0],0.0,[0.0],[0.0],0.0,[0.0],[0.0],0.0,[0.0],[0.0],0.0,[0.0],[0.0],0.0,[0.0],[0.0],0.0,[0.0],[0.0],0.0,[0.0],[0.0],0.0,"[0.0, 0.0, 0.0]",0.0,0.0,every physics interval; dwell = interval count * physics_dt,0.002,"[0.0, 0.0, 0.0, 0.0]","[0.0, 0.0, 0.0, 0.0]",0.0,"[0.0, 0.0, 0.0, 0.0]","[0.0, 0.0, 0.0, 0.0]",0.0,"[0.0, 0.0, 0.0, 0.0]","[0.0, 0.0, 0.0, 0.0]",0.0,"[0.0, 0.0, 0.0, 0.0]","[0.0, 0.0, 0.0, 0.0]",0.0,"[0.0, 0.0, 0.0, 0.0]","[0.0, 0.0, 0.0, 0.0]",0.0,"[0.0, 0.0, 0.0, 0.0]","[0.0, 0.0, 0.0, 0.0]",0.0,"[0.0, 0.0, 0.0, 0.0]","[0.0, 0.0, 0.0, 0.0]",0.0,"[0.0, 0.0, 0.0, 0.0]","[0.0, 0.0, 0.0, 0.0]",0.0,"[0.10640818220434738, 0.08843428700143051, 0.08187309022688405, 0.0899380197813453]","[0.003931860817610211, 0.07632637210315235, 0.0719245788959609, 0.07466890940362014]","[0.545403654557467, 0.49474243946358254, 0.47543651156586475, 0.4990991154328981]","[0.22765163964108415, 0.40829421633176843, 0.3967783480506758, 0.4039457643689188]","[0.01863614590270915, 0.08449172715960487, 0.08430488408257042, 0.08545726119676533]","[0.2, 0.2, 0.2, 0.2]","[0.2, 0.2, 0.2, 0.2]","[0.13999999999999999, 0.2, 0.2, 0.2]","[0.13999999999999999, 0.2, 0.2, 0.2]","[0.002762292394397842, 0.0013224877621419702, 0.0013099262191872544, 0.0010108489897670719]","[0.5584700023394902, 0.5930102651166445]","[5.2994481210161535, 6.533754503332589]",12500,"body origin, body frame; no gravity/external torque","[0.0016136228262103763, 0.0016136227334188128, 0.0002711051548987375]",0.0022980546025031306,0.002961371499443258,0.04564059846780099,0.05882044175471696,"[0.00010699998135486454, 0.0001297241095117755, 1.1901029215742181e-05]",0.00016857928429958046,0.0025488522161609857,0.002504398226975287,0.04817689865360203,"[0.0016202487138944175, 0.0016225947098255393, 0.0002718625085059542]",0.0023090969470252833,0.005218100855391402,0.04580005783518386,0.10338001984847822,"[0.0016136233588291944, 0.0016136233588291081, 0.00027110515489873755]",0.0022980554156353146,0.002961675334293693,0.04564059846780099,0.05882044175471696,"[1.5961930433964935e-08, 2.0325143545741013e-08, 1.5129185701554324e-19]",2.5843658474250948e-08,3.482528725748133e-07,0.0,0.0,
motor1_70_restore-A_best-existing_no_integral,A_best,motor1_70_restore,existing_no_integral,existing,no_integral,True,60.0,horizon,restore_30_60,False,True,"[8.624046398111002e-05, -0.002272059704930443]",0.0022736958284687706,0.010239214204285377,0.00998357725471402,0.10031811911488446,0.0024413943450923045,0.0024413943450923045,0.00461784595819499,0.003919705976903,0.026422978005614883,0.011232364346603846,1.3552527156068805e-20,2.0328790734103208e-20,3000,30.01,60.0,0.023729270207014777,0.006342492777035024,0.030061665435460447,0.01936533524721796,9.757973889225125,2.815110827293145,-0.005667376678238764,0.12354357793999993,-0.3247167645739531,7.078525601907537,[0.0],[0.0],0.0,[0.0],[0.0],0.0,[0.0],[0.0],0.0,[0.0],[0.0],0.0,[0.0],[0.0],0.0,[0.0],[0.0],0.0,[0.0],[0.0],0.0,[0.0],[0.0],0.0,"[0.0, 0.0, 0.0]",0.0,0.0,every physics interval; dwell = interval count * physics_dt,0.002,"[0.0, 0.0, 0.0, 0.0]","[0.0, 0.0, 0.0, 0.0]",0.0,"[0.0, 0.0, 0.0, 0.0]","[0.0, 0.0, 0.0, 0.0]",0.0,"[0.0, 0.0, 0.0, 0.0]","[0.0, 0.0, 0.0, 0.0]",0.0,"[0.0, 0.0, 0.0, 0.0]","[0.0, 0.0, 0.0, 0.0]",0.0,"[0.0, 0.0, 0.0, 0.0]","[0.0, 0.0, 0.0, 0.0]",0.0,"[0.0, 0.0, 0.0, 0.0]","[0.0, 0.0, 0.0, 0.0]",0.0,"[0.0, 0.0, 0.0, 0.0]","[0.0, 0.0, 0.0, 0.0]",0.0,"[0.0, 0.0, 0.0, 0.0]","[0.0, 0.0, 0.0, 0.0]",0.0,"[0.0487762602763021, 0.07874901649287248, 0.08307732544032485, 0.09122476394718083]","[0.04656345359266226, 0.06759872934779096, 0.06406079656008101, 0.07235533541097633]","[0.3678349549073912, 0.4660608064818725, 0.4790177949050469, 0.5028082473993879]","[0.3321487444381409, 0.38555849364835304, 0.37644877749311645, 0.3979007454306427]","[0.04800103471997996, 0.08098111215834214, 0.07884911749173701, 0.08399493080886429]","[0.2, 0.2, 0.2, 0.2]","[0.2, 0.2, 0.2, 0.2]","[0.2, 0.2, 0.2, 0.2]","[0.2, 0.2, 0.2, 0.2]","[0.003948970997480816, 0.0022468205825642118, 0.0017917791020509058, 0.0012163512823277142]","[0.5798732291426769, 0.5579052703966761]","[6.422406199555238, 7.469045969783092]",15000,"body origin, body frame; no gravity/external torque","[2.7814323772614794e-08, 4.062349243296347e-08, 2.0384964743406423e-19]",4.9233167117085985e-08,5.246731872993515e-07,4.7536909884997324e-17,5.551115123125783e-17,"[0.00018255993495247877, 0.0002591964733302026, 2.2397629633012936e-05]",0.0003178247873433535,0.003887462585800296,0.00259324343804168,0.04507683391946943,"[0.00018253532524779598, 0.0002591602813174144, 2.239762963301295e-05]",0.00031778113567205323,0.0038870555152308557,0.0025932434380416805,0.04507683391946943,"[6.578764308417131e-17, 1.1823236148876624e-18, 2.1875533446293073e-19]",6.57986301194562e-17,9.218336522217619e-17,4.7536909884997324e-17,5.551115123125783e-17,"[2.78143237736457e-08, 4.0623492433065735e-08, 1.5378864177352118e-19]",4.923316711775273e-08,5.246731872711069e-07,0.0,0.0,
motor1_70_restore-A_best-existing_no_integral,A_best,motor1_70_restore,existing_no_integral,existing,no_integral,True,60.0,horizon,full_0_60,True,False,,,,,,,,,,,,,,,,,,,,,,,,,,,,,,,,,,,,,,,,,,,,,,,,,,,,,,,,,,,,,,,,,,,,,,,,,,,,,,,,,,,,,,,,,,,,,,,,,,,,,,,,,,,,,,,,,,,,,,,
motor1_70_restore-A_best-existing_no_integral,A_best,motor1_70_restore,existing_no_integral,existing,no_integral,True,60.0,horizon,pre_3_5,True,False,,,,,,,,,,,,,,,,,,,,,,,,,,,,,,,,,,,,,,,,,,,,,,,,,,,,,,,,,,,,,,,,,,,,,,,,,,,,,,,,,,,,,,,,,,,,,,,,,,,,,,,,,,,,,,,,,,,,,,,
motor1_70_restore-A_best-existing_no_integral,A_best,motor1_70_restore,existing_no_integral,existing,no_integral,True,60.0,horizon,tail_18_20,True,False,,,,,,,,,,,,,,,,,,,,,,,,,,,,,,,,,,,,,,,,,,,,,,,,,,,,,,,,,,,,,,,,,,,,,,,,,,,,,,,,,,,,,,,,,,,,,,,,,,,,,,,,,,,,,,,,,,,,,,,
motor1_70_restore-A_best-existing_no_integral,A_best,motor1_70_restore,existing_no_integral,existing,no_integral,True,60.0,horizon,pre_second_28_30,True,False,,,,,,,,,,,,,,,,,,,,,,,,,,,,,,,,,,,,,,,,,,,,,,,,,,,,,,,,,,,,,,,,,,,,,,,,,,,,,,,,,,,,,,,,,,,,,,,,,,,,,,,,,,,,,,,,,,,,,,,
motor1_70_restore-A_best-existing_no_integral,A_best,motor1_70_restore,existing_no_integral,existing,no_integral,True,60.0,horizon,tail_58_60,True,False,,,,,,,,,,,,,,,,,,,,,,,,,,,,,,,,,,,,,,,,,,,,,,,,,,,,,,,,,,,,,,,,,,,,,,,,,,,,,,,,,,,,,,,,,,,,,,,,,,,,,,,,,,,,,,,,,,,,,,,
motor1_70_restore-A_best-existing_no_integral,A_best,motor1_70_restore,existing_no_integral,existing,no_integral,True,60.0,horizon,fault_5_30,True,False,,,,,,,,,,,,,,,,,,,,,,,,,,,,,,,,,,,,,,,,,,,,,,,,,,,,,,,,,,,,,,,,,,,,,,,,,,,,,,,,,,,,,,,,,,,,,,,,,,,,,,,,,,,,,,,,,,,,,,,
motor1_70_restore-A_best-existing_no_integral,A_best,motor1_70_restore,existing_no_integral,existing,no_integral,True,60.0,horizon,restore_30_60,True,False,,,,,,,,,,,,,,,,,,,,,,,,,,,,,,,,,,,,,,,,,,,,,,,,,,,,,,,,,,,,,,,,,,,,,,,,,,,,,,,,,,,,,,,,,,,,,,,,,,,,,,,,,,,,,,,,,,,,,,,
motor1_70_restore-A_best-existing_integral_020,A_best,motor1_70_restore,existing_integral_020,existing,integral_020,True,60.0,horizon,full_0_60,False,True,"[-0.00011261636138094372, -0.0001148526949768159]",0.0001608526853805084,0.02938456838720485,0.02938412812584249,0.08974696994366002,0.00010603538719018574,0.00010603538719018574,0.004464286400208499,0.004463026950372349,0.02402428891042996,0.02972175486685477,-3.2526065174565133e-18,7.792703114739563e-20,6000,0.01,60.0,0.023988331903040654,0.007700543813625985,0.11998037555138039,0.019458957984832218,9.757919293135739,2.815119315281327,-0.05310685170905889,0.12713666582571123,-3.0427984661561975,7.284394373178379,[0.0],[0.0],0.0,[0.0],[0.0],0.0,[0.0],[0.0],0.0,[0.0],[0.0],0.0,[0.0],[0.0],0.0,[0.0],[0.0],0.0,[0.0],[0.0],0.0,[0.0],[0.0],0.0,"[0.0013511941404057272, 0.0013784054751787415, -0.0012723220890210418]",0.09995862256753807,0.010040332413634888,every physics interval; dwell = interval count * physics_dt,0.002,"[0.0, 0.0, 0.0, 0.0]","[0.0, 0.0, 0.0, 0.0]",0.0,"[0.0, 0.0, 0.0, 0.0]","[0.0, 0.0, 0.0, 0.0]",0.0,"[0.0, 0.0, 0.0, 0.0]","[0.0, 0.0, 0.0, 0.0]",0.0,"[0.0, 0.0, 0.0, 0.0]","[0.0, 0.0, 0.0, 0.0]",0.0,"[0.0, 0.0, 0.0, 0.0]","[0.0, 0.0, 0.0, 0.0]",0.0,"[0.0, 0.0, 0.0, 0.0]","[0.0, 0.0, 0.0, 0.0]",0.0,"[0.0, 0.0, 0.0, 0.0]","[0.0, 0.0, 0.0, 0.0]",0.0,"[0.0, 0.0, 0.0, 0.0]","[0.0, 0.0, 0.0, 0.0]",0.0,"[0.048774238894587874, 0.07864744331876172, 0.0818762049755655, 0.08993821590967435]","[0.003924635020195161, 0.06764205298028367, 0.06408332527890764, 0.07239049425173211]","[0.36782765975167275, 0.4657538478007202, 0.47544579753419375, 0.4990996820999518]","[0.22763416576001405, 0.38567040766745475, 0.3765066055926446, 0.39799239921381013]","[0.018631769698342862, 0.08101666875052957, 0.07887300716612225, 0.08402248193689528]","[0.2, 0.2, 0.2, 0.2]","[0.2, 0.2, 0.2, 0.2]","[0.13999999999999999, 0.2, 0.2, 0.2]","[0.2, 0.2, 0.2, 0.2]","[0.003312590220334797, 0.0018077004443071301, 0.0015236504648113928, 0.0010815441072291082]","[0.5513243390042194, 0.5530212863601104]","[6.422384566919357, 7.469021443411776]",30000,"body origin, body frame; no gravity/external torque","[0.0010415918497590092, 0.0010415917899498659, 0.00017499809440439036]",0.0014833918468902952,0.0029614806450798717,0.029460958653937854,0.05882260949394147,"[0.00014651286213712082, 0.000201561185090806, 1.761105374582528e-05]",0.00024980608343445264,0.0038872529877317526,0.0024477332367591606,0.04820366363959472,"[0.0010538175038081175, 0.0010633051643033542, 0.00017620102929007976]",0.001507380511513121,0.005218058401068024,0.029620981318936982,0.10340399076682993,"[0.0010415921932100335, 0.0010415921932099698, 0.00017499809440439044]",0.0014833923712077037,0.0029617844823993686,0.029460958653937854,0.05882260949394147,"[2.2219649095771597e-08, 3.158868805140954e-08, 1.5477911638770334e-19]",3.8620694177454846e-08,5.246648691592445e-07,0.0,0.0,
motor1_70_restore-A_best-existing_integral_020,A_best,motor1_70_restore,existing_integral_020,existing,integral_020,True,60.0,horizon,pre_3_5,False,True,"[-0.0008116282258446321, -0.0006870117979496155]",0.0010633558141608427,0.0010731661449213184,0.00014477564400000877,0.0012839565325329326,0.0007314435903819827,0.0007314435903819827,0.0007374192221266139,9.368768996476818e-05,0.0008921834665958084,0.0013021031770820255,-1.3334151474354806e-21,1.9025154088719637e-22,200,3.0100000000000002,5.0,0.0005041233124161524,0.00016710863580782803,0.004112982684726426,0.002790106850133619,0.03833117139902931,0.0058862272366919585,-0.002335843320731922,0.0023617609332819266,-0.13383396388176225,0.13531893369593279,[0.0],[0.0],0.0,[0.0],[0.0],0.0,[0.0],[0.0],0.0,[0.0],[0.0],0.0,[0.0],[0.0],0.0,[0.0],[0.0],0.0,[0.0],[0.0],0.0,[0.0],[0.0],0.0,"[0.0009129955770281843, 0.0008251787729572915, -0.0008281162787875247]",0.001230642487082389,0.0008281162787875247,every physics interval; dwell = interval count * physics_dt,0.002,"[0.0, 0.0, 0.0, 0.0]","[0.0, 0.0, 0.0, 0.0]",0.0,"[0.0, 0.0, 0.0, 0.0]","[0.0, 0.0, 0.0, 0.0]",0.0,"[0.0, 0.0, 0.0, 0.0]","[0.0, 0.0, 0.0, 0.0]",0.0,"[0.0, 0.0, 0.0, 0.0]","[0.0, 0.0, 0.0, 0.0]",0.0,"[0.0, 0.0, 0.0, 0.0]","[0.0, 0.0, 0.0, 0.0]",0.0,"[0.0, 0.0, 0.0, 0.0]","[0.0, 0.0, 0.0, 0.0]",0.0,"[0.0, 0.0, 0.0, 0.0]","[0.0, 0.0, 0.0, 0.0]",0.0,"[0.0, 0.0, 0.0, 0.0]","[0.0, 0.0, 0.0, 0.0]",0.0,"[0.10635580887232426, 0.10629619639969118, 0.10638908969141343, 0.10633813218295138]","[0.09354603145074988, 0.09347332374491461, 0.09358877503351848, 0.09354313551268588]","[0.5452600700276583, 0.5450966134122983, 0.5453513137566076, 0.5452116036176589]","[0.4544708367123733, 0.45427156453849293, 0.4545880041787004, 0.45446289895640646]","[0.09357418868088875, 0.09354737365325486, 0.09359252706857055, 0.09357974980232021]","[0.2, 0.2, 0.2, 0.2]","[0.2, 0.2, 0.2, 0.2]","[0.2, 0.2, 0.2, 0.2]","[0.2, 0.2, 0.2, 0.2]","[1.9203508391820364e-05, 4.96343788268164e-05, 3.14332869612997e-06, 2.5672319864261577e-05]","[0.01684513588400455, 0.008400191034815865]","[0.034518786259067846, 0.016665297171196504]",1000,"body origin, body frame; no gravity/external torque","[5.319506050839803e-10, 2.91861423840004e-10, 2.0772762729251254e-19]",6.067573954844935e-10,1.3884743939558209e-09,4.775249788392736e-17,5.551115123125783e-17,"[3.437272270850475e-06, 1.8878886478202612e-06, 4.7373795165248414e-08]",3.921888382781253e-06,9.093036166631373e-06,4.051721069950068e-05,9.397051877357843e-05,"[3.436778858608056e-06, 1.887617821539798e-06, 4.7373795165249764e-08]",3.921325571747171e-06,9.091793411845888e-06,4.051721069949869e-05,9.397051877352292e-05,"[6.572536730251768e-17, 1.2142980367553106e-18, 2.181114293420494e-19]",6.5736945467283e-17,6.682999344283533e-17,4.775249788392736e-17,5.551115123125783e-17,"[5.319506059216582e-10, 2.918614237816152e-10, 1.4944695602662324e-19]",6.067573961908096e-10,1.3884744511614735e-09,0.0,0.0,
motor1_70_restore-A_best-existing_integral_020,A_best,motor1_70_restore,existing_integral_020,existing,integral_020,True,60.0,horizon,tail_18_20,False,True,"[0.004065360164248567, -0.0035536336772786447]",0.005399580129727502,0.005446457928129347,0.000713048655797718,0.00673228560927263,-4.991294825079762e-05,4.991294825079762e-05,8.099517663248408e-05,6.378805714740414e-05,0.00014261057592057647,0.005447060141169798,8.470329472543003e-21,-2.481541837659083e-24,200,18.01,20.0,0.0012601575761107505,0.00011260405640096783,0.020528773007464043,0.0003840861269124649,0.007537626697604578,0.0007775934719894545,-0.12443829969521886,0.12454828896242351,-7.129789382320119,7.136091303122682,[0.0],[0.0],0.0,[0.0],[0.0],0.0,[0.0],[0.0],0.0,[0.0],[0.0],0.0,[0.0],[0.0],0.0,[0.0],[0.0],0.0,[0.0],[0.0],0.0,[0.0],[0.0],0.0,"[-0.07067833320710057, 0.06588734801440281, -0.007700480488283573]",0.09662592516144393,0.007724131195038568,every physics interval; dwell = interval count * physics_dt,0.002,"[0.0, 0.0, 0.0, 0.0]","[0.0, 0.0, 0.0, 0.0]",0.0,"[0.0, 0.0, 0.0, 0.0]","[0.0, 0.0, 0.0, 0.0]",0.0,"[0.0, 0.0, 0.0, 0.0]","[0.0, 0.0, 0.0, 0.0]",0.0,"[0.0, 0.0, 0.0, 0.0]","[0.0, 0.0, 0.0, 0.0]",0.0,"[0.0, 0.0, 0.0, 0.0]","[0.0, 0.0, 0.0, 0.0]",0.0,"[0.0, 0.0, 0.0, 0.0]","[0.0, 0.0, 0.0, 0.0]",0.0,"[0.0, 0.0, 0.0, 0.0]","[0.0, 0.0, 0.0, 0.0]",0.0,"[0.0, 0.0, 0.0, 0.0]","[0.0, 0.0, 0.0, 0.0]",0.0,"[0.15199699299635436, 0.10639802978027972, 0.106397168383447, 0.10639813644342033]","[0.047996813939220784, 0.09359778498336185, 0.09359789150904511, 0.0935985421296435]","[0.6642482267930399, 0.5453758227378174, 0.5453734612712737, 0.5453761151478758]","[0.33573625838668364, 0.4546127037744052, 0.4546129958043088, 0.45461477941991213]","[0.03359766118107389, 0.09359764965644207, 0.0935977567670705, 0.0935986303013364]","[0.2, 0.2, 0.2, 0.2]","[0.2, 0.2, 0.2, 0.2]","[0.13999999999999999, 0.2, 0.2, 0.2]","[0.13999999999999999, 0.2, 0.2, 0.2]","[5.413481304745966e-07, 3.684877149084313e-07, 5.181253417262795e-07, 3.4772980983233047e-07]","[0.0035867820133353777, 0.0016718508924403476]","[0.007284475357581098, 0.003192441479204474]",1000,"body origin, body frame; no gravity/external torque","[0.0016121852833079504, 0.001612185284391527, 0.00027086354376850357]",0.002296007368948576,0.002296059357979814,0.04559992319335072,0.04560095581823376,"[2.0899131928313974e-08, 6.3085734853656796e-09, 1.1270845124777333e-09]",2.185960050585551e-08,4.3736966356357957e-08,1.5026129133697866e-06,3.0566682777122267e-06,"[0.0016121856765270795, 0.0016121860699964273, 0.00027086341258102207]",0.002296008181205945,0.0022960948530990903,0.045599695916535746,0.045602317035415785,"[0.0016121852845010038, 0.001612185284500913, 0.0002708635437685035]",0.00229600736986311,0.002296059363686251,0.04559992319335072,0.04560095581823376,"[9.684650619467832e-12, 2.5613669007468147e-12, 1.5332934166833742e-19]",1.0017637347269056e-11,1.801556849134586e-11,0.0,0.0,
motor1_70_restore-A_best-existing_integral_020,A_best,motor1_70_restore,existing_integral_020,existing,integral_020,True,60.0,horizon,pre_second_28_30,False,True,"[0.00040344551767435883, -0.0003552504794472135]",0.0005375604048653569,0.0005423258864407798,7.173686796042385e-05,0.0006710241888947334,-0.00012619344892715877,0.00012619344892715877,0.0001265777120264227,9.85548728945316e-06,0.0001435559170439582,0.00055690150321724,-1.133237439197648e-22,-1.086967023682963e-23,200,28.01,30.0,0.00012573428874373691,1.7057130882703658e-05,0.0020435751839947332,0.0004892665322247253,0.00024711696154773637,1.3580523881778352e-05,-0.12408245501065872,0.12409067065469473,-7.109400983732659,7.109871705461904,[0.0],[0.0],0.0,[0.0],[0.0],0.0,[0.0],[0.0],0.0,[0.0],[0.0],0.0,[0.0],[0.0],0.0,[0.0],[0.0],0.0,[0.0],[0.0],0.0,[0.0],[0.0],0.0,"[-0.07318267712129241, 0.06808214978445086, -0.007347506881680453]",0.09995440635565667,0.007397764974360322,every physics interval; dwell = interval count * physics_dt,0.002,"[0.0, 0.0, 0.0, 0.0]","[0.0, 0.0, 0.0, 0.0]",0.0,"[0.0, 0.0, 0.0, 0.0]","[0.0, 0.0, 0.0, 0.0]",0.0,"[0.0, 0.0, 0.0, 0.0]","[0.0, 0.0, 0.0, 0.0]",0.0,"[0.0, 0.0, 0.0, 0.0]","[0.0, 0.0, 0.0, 0.0]",0.0,"[0.0, 0.0, 0.0, 0.0]","[0.0, 0.0, 0.0, 0.0]",0.0,"[0.0, 0.0, 0.0, 0.0]","[0.0, 0.0, 0.0, 0.0]",0.0,"[0.0, 0.0, 0.0, 0.0]","[0.0, 0.0, 0.0, 0.0]",0.0,"[0.0, 0.0, 0.0, 0.0]","[0.0, 0.0, 0.0, 0.0]",0.0,"[0.15199887386979127, 0.10639921516733711, 0.1063991974048949, 0.10639921348015247]","[0.04800102101199902, 0.09360070727156693, 0.0936007040120717, 0.09360071356480903]","[0.6642529387568109, 0.5453790723943936, 0.5453790236999656, 0.5453790677691016]","[0.3357467979014087, 0.45462071497760614, 0.4546207060419425, 0.45462073223006016]","[0.033600720431198494, 0.0936007155530851, 0.09360071118692262, 0.09360071577017531]","[0.2, 0.2, 0.2, 0.2]","[0.2, 0.2, 0.2, 0.2]","[0.13999999999999999, 0.2, 0.2, 0.2]","[0.13999999999999999, 0.2, 0.2, 0.2]","[9.497877427033014e-09, 9.785241790291615e-09, 7.922077381960825e-09, 7.247035275170136e-09]","[0.0001056674977036544, 0.00013903929806075336]","[0.00018586647574754498, 0.00017350377070329538]",1000,"body origin, body frame; no gravity/external torque","[0.0016121765867752708, 0.0016121765867864785, 0.00027086208246316425]",0.0022959949829311783,0.0022959958144478107,0.045599677182350834,0.04559969369640027,"[5.59793323261698e-10, 3.8778652086278693e-10, 4.5353378347320566e-11]",6.824982633375387e-10,1.6622937523015595e-09,2.43255693877895e-08,5.6834502437652645e-08,"[0.0016121766167335012, 0.0016121765886277148, 0.00027086208303762893]",0.002295995005327551,0.002295996374882614,0.04559967530552636,0.045599729127611344,"[0.0016121765867821035, 0.0016121765867820146, 0.0002708620824631643]",0.0022959949829328423,0.002295995814433788,0.045599677182350834,0.04559969369640027,"[1.4318353557168283e-13, 6.972303446644172e-14, 1.586051042923807e-19]",1.5925710782894806e-13,3.206525108086136e-13,0.0,0.0,
motor1_70_restore-A_best-existing_integral_020,A_best,motor1_70_restore,existing_integral_020,existing,integral_020,True,60.0,horizon,tail_58_60,False,True,"[-0.00012860298639246127, 0.00011004014312735274]",0.00016925590450128425,0.0001707667025840881,2.2665072311698666e-05,0.00021132919623481804,6.104894452549248e-05,6.104894452549248e-05,6.133913103280474e-05,5.959477173623022e-06,7.182973752928312e-05,0.0001814490443824436,1.4579058296247113e-23,-1.3377061468630994e-24,200,58.01,60.0,3.967144076112126e-05,1.0367117573205389e-05,0.0006433982852887354,0.00023499020985243786,8.131941878121863e-05,4.5757954811860875e-06,-0.002287229703937604,0.0022889834538303544,-0.1310486088125815,0.13114909127975763,[0.0],[0.0],0.0,[0.0],[0.0],0.0,[0.0],[0.0],0.0,[0.0],[0.0],0.0,[0.0],[0.0],0.0,[0.0],[0.0],0.0,[0.0],[0.0],0.0,[0.0],[0.0],0.0,"[0.0013511941404057272, 0.0013784054751787415, -0.0012723220890210418]",0.0019302143039231431,0.0012723220890210418,every physics interval; dwell = interval count * physics_dt,0.002,"[0.0, 0.0, 0.0, 0.0]","[0.0, 0.0, 0.0, 0.0]",0.0,"[0.0, 0.0, 0.0, 0.0]","[0.0, 0.0, 0.0, 0.0]",0.0,"[0.0, 0.0, 0.0, 0.0]","[0.0, 0.0, 0.0, 0.0]",0.0,"[0.0, 0.0, 0.0, 0.0]","[0.0, 0.0, 0.0, 0.0]",0.0,"[0.0, 0.0, 0.0, 0.0]","[0.0, 0.0, 0.0, 0.0]",0.0,"[0.0, 0.0, 0.0, 0.0]","[0.0, 0.0, 0.0, 0.0]",0.0,"[0.0, 0.0, 0.0, 0.0]","[0.0, 0.0, 0.0, 0.0]",0.0,"[0.0, 0.0, 0.0, 0.0]","[0.0, 0.0, 0.0, 0.0]",0.0,"[0.10639925674632617, 0.1063992494929636, 0.10639926207630505, 0.10639925831156623]","[0.09360070199985575, 0.09360069987648698, 0.09360070808133734, 0.09360070378758731]","[0.5453791863801188, 0.5453791664955607, 0.545379200991861, 0.5453791906711092]","[0.45462070052560133, 0.4546206947045446, 0.4546207171975324, 0.45462070542653354]","[0.09360071094066574, 0.09360071103344711, 0.09360071411171135, 0.09360071737860165]","[0.2, 0.2, 0.2, 0.2]","[0.2, 0.2, 0.2, 0.2]","[0.2, 0.2, 0.2, 0.2]","[0.2, 0.2, 0.2, 0.2]","[5.681975734296194e-09, 7.669453150104334e-09, 4.420424852473469e-09, 5.284726886270657e-09]","[3.8598096719423735e-05, 4.118050459159443e-05]","[7.310049564834158e-05, 5.781655440999995e-05]",1000,"body origin, body frame; no gravity/external torque","[7.667084550699485e-14, 7.397697242487444e-14, 2.0270676231138823e-19]",1.0654112351551952e-13,2.5684334627829663e-13,4.5437835560060705e-17,5.551115123125783e-17,"[4.2338785524586246e-10, 4.6047011322896517e-10, 4.529088307533515e-11]",6.271692476808244e-10,1.6434940495081428e-09,1.3535488898785076e-08,3.875259346752813e-08,"[4.2332660711111635e-10, 4.6040411765577406e-10, 4.5290883081873056e-11]",6.270794462689215e-10,1.643280864576326e-09,1.3535488896436672e-08,3.875259341201698e-08,"[6.579764589514329e-17, 1.128693263647137e-18, 2.088938066774297e-19]",6.580765753655523e-17,6.684107740693736e-17,4.5437835560060705e-17,5.551115123125783e-17,"[7.666879949244676e-14, 7.397703122655938e-14, 1.486583122313011e-19]",1.0653969196844165e-13,2.5679632177031225e-13,0.0,0.0,
motor1_70_restore-A_best-existing_integral_020,A_best,motor1_70_restore,existing_integral_020,existing,integral_020,True,60.0,horizon,fault_5_30,False,True,"[0.014819505692156114, -0.013451310113063036]",0.020013882499845936,0.03227021777017477,0.02531425413115831,0.08951199664949912,0.0013036054825674053,0.0013036054825674053,0.005244991071895091,0.005080407866508302,0.02402428891042996,0.03269368266620881,-1.6263032587282567e-18,-3.049318610115481e-20,2500,5.01,30.0,0.026211169624360226,0.009315374867979776,0.13173581006395427,0.022969101689707498,8.368769888764307,2.1582946914519905,-0.12123050815816507,0.12713666582571123,-6.945996465689153,7.284394373178379,[0.0],[0.0],0.0,[0.0],[0.0],0.0,[0.0],[0.0],0.0,[0.0],[0.0],0.0,[0.0],[0.0],0.0,[0.0],[0.0],0.0,[0.0],[0.0],0.0,[0.0],[0.0],0.0,"[-0.07318267712129241, 0.06808214978445086, -0.007347506881680453]",0.09995440635565667,0.007724131195038568,every physics interval; dwell = interval count * physics_dt,0.002,"[0.0, 0.0, 0.0, 0.0]","[0.0, 0.0, 0.0, 0.0]",0.0,"[0.0, 0.0, 0.0, 0.0]","[0.0, 0.0, 0.0, 0.0]",0.0,"[0.0, 0.0, 0.0, 0.0]","[0.0, 0.0, 0.0, 0.0]",0.0,"[0.0, 0.0, 0.0, 0.0]","[0.0, 0.0, 0.0, 0.0]",0.0,"[0.0, 0.0, 0.0, 0.0]","[0.0, 0.0, 0.0, 0.0]",0.0,"[0.0, 0.0, 0.0, 0.0]","[0.0, 0.0, 0.0, 0.0]",0.0,"[0.0, 0.0, 0.0, 0.0]","[0.0, 0.0, 0.0, 0.0]",0.0,"[0.0, 0.0, 0.0, 0.0]","[0.0, 0.0, 0.0, 0.0]",0.0,"[0.10640882131714798, 0.08849001402278399, 0.0818762049755655, 0.08993821590967435]","[0.003924635020195161, 0.076199450965575, 0.0719091111481873, 0.07465380010759018]","[0.5454054065926676, 0.49490432609508206, 0.47544579753419375, 0.4990996820999518]","[0.22763416576001405, 0.4079606949153508, 0.39673806245536614, 0.40390619334552835]","[0.018631769698342862, 0.08437026528512574, 0.08428736841006952, 0.08544367999439854]","[0.2, 0.2, 0.2, 0.2]","[0.2, 0.2, 0.2, 0.2]","[0.13999999999999999, 0.2, 0.2, 0.2]","[0.13999999999999999, 0.2, 0.2, 0.2]","[0.0027624169068712896, 0.0013202844659030817, 0.001310145810919365, 0.001010707183529191]","[0.5633629273586453, 0.5959817274311145]","[5.3011110031453486, 6.5334059843363566]",12500,"body origin, body frame; no gravity/external torque","[0.001613627154776486, 0.0016136270617947348, 0.0002711058820984949]",0.0022980607669286653,0.0029614806450798717,0.045640720892002634,0.05882260949394147,"[0.00010690661500879856, 0.0001296659369389798, 1.1896357497489817e-05]",0.00016847493242797657,0.0025488009246131473,0.0025064745293622913,0.04820366363959472,"[0.0016202458405901745, 0.0016225948647298626, 0.00027186300179123086]",0.0023090950978122164,0.005218058401068024,0.04580031813953577,0.10340399076682993,"[0.001613627687136847, 0.0016136276871367486, 0.000271105882098495]",0.0022980615798314265,0.0029617844823993686,0.045640720892002634,0.05882260949394147,"[1.5947329874790584e-08, 2.03161141897561e-08, 1.5185024591922791e-19]",2.5827540066885914e-08,3.48241777044149e-07,0.0,0.0,
motor1_70_restore-A_best-existing_integral_020,A_best,motor1_70_restore,existing_integral_020,existing,integral_020,True,60.0,horizon,restore_30_60,False,True,"[-0.012422451381240592, 0.01111741284895846]",0.016670757834407916,0.029305618045510348,0.024101972580182485,0.08974696994366002,-0.0010124771580845363,0.0010124771580845363,0.004100079981508088,0.00397310279996886,0.018690488480797907,0.02959104433581392,3.2526065174565133e-19,3.049318610115481e-20,3000,30.01,60.0,0.024042840948563123,0.006799554040224585,0.11968195032281029,0.017764387048630984,9.757919293135739,2.815119315281327,-0.00486582925070741,0.12356511886227953,-0.27879147989683833,7.079759805840977,[0.0],[0.0],0.0,[0.0],[0.0],0.0,[0.0],[0.0],0.0,[0.0],[0.0],0.0,[0.0],[0.0],0.0,[0.0],[0.0],0.0,[0.0],[0.0],0.0,[0.0],[0.0],0.0,"[0.0013511941404057272, 0.0013784054751787415, -0.0012723220890210418]",0.09995862256753807,0.010040332413634888,every physics interval; dwell = interval count * physics_dt,0.002,"[0.0, 0.0, 0.0, 0.0]","[0.0, 0.0, 0.0, 0.0]",0.0,"[0.0, 0.0, 0.0, 0.0]","[0.0, 0.0, 0.0, 0.0]",0.0,"[0.0, 0.0, 0.0, 0.0]","[0.0, 0.0, 0.0, 0.0]",0.0,"[0.0, 0.0, 0.0, 0.0]","[0.0, 0.0, 0.0, 0.0]",0.0,"[0.0, 0.0, 0.0, 0.0]","[0.0, 0.0, 0.0, 0.0]",0.0,"[0.0, 0.0, 0.0, 0.0]","[0.0, 0.0, 0.0, 0.0]",0.0,"[0.0, 0.0, 0.0, 0.0]","[0.0, 0.0, 0.0, 0.0]",0.0,"[0.0, 0.0, 0.0, 0.0]","[0.0, 0.0, 0.0, 0.0]",0.0,"[0.048774238894587874, 0.07864744331876172, 0.08306208946517646, 0.0911424690351415]","[0.046590071245917575, 0.06764205298028367, 0.06408332527890764, 0.07239049425173211]","[0.36782765975167275, 0.4657538478007202, 0.4789725949572132, 0.5025715381439638]","[0.33221530510848707, 0.38567040766745475, 0.3765066055926446, 0.39799239921381013]","[0.048001066000167514, 0.08101666875052957, 0.07887300716612225, 0.08402248193689528]","[0.2, 0.2, 0.2, 0.2]","[0.2, 0.2, 0.2, 0.2]","[0.2, 0.2, 0.2, 0.2]","[0.2, 0.2, 0.2, 0.2]","[0.003947987552476252, 0.002253496585094337, 0.0017923519832356868, 0.0012190080119012091]","[0.5858578264806199, 0.5617612453157685]","[6.422384566919357, 7.469021443411776]",15000,"body origin, body frame; no gravity/external torque","[2.7838616638131285e-08, 4.063972504913724e-08, 2.0492896137187467e-19]",4.9260286523672406e-08,5.246648691893045e-07,4.7157259346988436e-17,5.551115123125783e-17,"[0.00018272058654714057, 0.00025930018800838925, 2.241139261366806e-05]",0.00031800262698317985,0.0038872529877317526,0.0025962848312194317,0.04508125004660979,"[0.00018269595213411013, 0.0002592639805565232, 2.2411392613668077e-05]",0.0003179589487010689,0.0038868459530625515,0.0025962848312194313,0.045081250046609844,"[6.57942148087341e-17, 1.1760266927561066e-18, 2.1422453252961169e-19]",6.580507300528076e-17,9.129967292230833e-17,4.7157259346988436e-17,5.551115123125783e-17,"[2.7838616639149537e-08, 4.063972504923036e-08, 1.5776290350209256e-19]",4.926028652432455e-08,5.246648691592445e-07,0.0,0.0,
motor1_70_restore-A_best-existing_integral_020,A_best,motor1_70_restore,existing_integral_020,existing,integral_020,True,60.0,horizon,full_0_60,True,False,,,,,,,,,,,,,,,,,,,,,,,,,,,,,,,,,,,,,,,,,,,,,,,,,,,,,,,,,,,,,,,,,,,,,,,,,,,,,,,,,,,,,,,,,,,,,,,,,,,,,,,,,,,,,,,,,,,,,,,
motor1_70_restore-A_best-existing_integral_020,A_best,motor1_70_restore,existing_integral_020,existing,integral_020,True,60.0,horizon,pre_3_5,True,False,,,,,,,,,,,,,,,,,,,,,,,,,,,,,,,,,,,,,,,,,,,,,,,,,,,,,,,,,,,,,,,,,,,,,,,,,,,,,,,,,,,,,,,,,,,,,,,,,,,,,,,,,,,,,,,,,,,,,,,
motor1_70_restore-A_best-existing_integral_020,A_best,motor1_70_restore,existing_integral_020,existing,integral_020,True,60.0,horizon,tail_18_20,True,False,,,,,,,,,,,,,,,,,,,,,,,,,,,,,,,,,,,,,,,,,,,,,,,,,,,,,,,,,,,,,,,,,,,,,,,,,,,,,,,,,,,,,,,,,,,,,,,,,,,,,,,,,,,,,,,,,,,,,,,
motor1_70_restore-A_best-existing_integral_020,A_best,motor1_70_restore,existing_integral_020,existing,integral_020,True,60.0,horizon,pre_second_28_30,True,False,,,,,,,,,,,,,,,,,,,,,,,,,,,,,,,,,,,,,,,,,,,,,,,,,,,,,,,,,,,,,,,,,,,,,,,,,,,,,,,,,,,,,,,,,,,,,,,,,,,,,,,,,,,,,,,,,,,,,,,
motor1_70_restore-A_best-existing_integral_020,A_best,motor1_70_restore,existing_integral_020,existing,integral_020,True,60.0,horizon,tail_58_60,True,False,,,,,,,,,,,,,,,,,,,,,,,,,,,,,,,,,,,,,,,,,,,,,,,,,,,,,,,,,,,,,,,,,,,,,,,,,,,,,,,,,,,,,,,,,,,,,,,,,,,,,,,,,,,,,,,,,,,,,,,
motor1_70_restore-A_best-existing_integral_020,A_best,motor1_70_restore,existing_integral_020,existing,integral_020,True,60.0,horizon,fault_5_30,True,False,,,,,,,,,,,,,,,,,,,,,,,,,,,,,,,,,,,,,,,,,,,,,,,,,,,,,,,,,,,,,,,,,,,,,,,,,,,,,,,,,,,,,,,,,,,,,,,,,,,,,,,,,,,,,,,,,,,,,,,
motor1_70_restore-A_best-existing_integral_020,A_best,motor1_70_restore,existing_integral_020,existing,integral_020,True,60.0,horizon,restore_30_60,True,False,,,,,,,,,,,,,,,,,,,,,,,,,,,,,,,,,,,,,,,,,,,,,,,,,,,,,,,,,,,,,,,,,,,,,,,,,,,,,,,,,,,,,,,,,,,,,,,,,,,,,,,,,,,,,,,,,,,,,,,
motor1_70_restore-A_best-oracle_no_integral,A_best,motor1_70_restore,oracle_no_integral,oracle,no_integral,True,60.0,horizon,full_0_60,False,True,"[-0.00140055085683505, -0.0012561265184807906]",0.0018813283958448255,0.002203948048689967,0.0011480376597970336,0.01014807026074658,0.0012626716827907783,0.0012626716827907783,0.0013208683399573674,0.00038775429459910013,0.002968169346401872,0.002569451336925073,-2.117582368135751e-21,-9.979106909839726e-21,6000,0.01,60.0,0.005933495286049104,0.0019286824762305749,0.010651633734249948,0.0056375287226505645,4.407315056535935,1.9821214058518182,-0.0022617542882772436,0.009816698109604269,-0.12958897501390138,0.5624553704343782,[0.0],[0.0],0.0,[0.06],[0.06],0.06,[0.0],[0.0],0.0,[0.0],[0.0],0.0,[0.0],[0.0],0.0,[0.0],[0.0],0.0,[0.0],[0.0],0.0,[0.0],[0.0],0.0,"[0.0, 0.0, 0.0]",0.0,0.0,every physics interval; dwell = interval count * physics_dt,0.002,"[0.06, 0.0, 0.0, 0.0]","[0.06, 0.0, 0.0, 0.0]",0.06,"[0.0, 0.0, 0.0, 0.0]","[0.0, 0.0, 0.0, 0.0]",0.0,"[0.06, 0.0, 0.0, 0.0]","[0.06, 0.0, 0.0, 0.0]",0.06,"[0.0, 0.0, 0.0, 0.0]","[0.0, 0.0, 0.0, 0.0]",0.0,"[0.0, 0.0, 0.0, 0.0]","[0.0, 0.0, 0.0, 0.0]",0.0,"[0.0, 0.0, 0.0, 0.0]","[0.0, 0.0, 0.0, 0.0]",0.0,"[0.0, 0.0, 0.0, 0.0]","[0.0, 0.0, 0.0, 0.0]",0.0,"[0.0, 0.0, 0.0, 0.0]","[0.0, 0.0, 0.0, 0.0]",0.0,"[0.045373469172618267, 0.08316674556715357, 0.07942049451239167, 0.0913518852703529]","[0.0, 0.07095816463580762, 0.06916451781582372, 0.07630313428136645]","[0.3553802629307396, 0.47928301743301516, 0.46808661526883566, 0.503173757113315]","[0.21814922562016836, 0.39426368461773886, 0.38960898122955323, 0.4082331456232269]","[0.015637714678574485, 0.0846483171944209, 0.08296317747471604, 0.08713971585282611]","[0.2, 0.2, 0.2, 0.2]","[0.2, 0.2, 0.2, 0.2]","[0.13999999999999999, 0.2, 0.2, 0.2]","[0.2, 0.2, 0.2, 0.2]","[0.003872668769958641, 0.0017519890207461288, 0.0014006031148837209, 0.0010110928544882088]","[0.2006760618417165, 0.22331930198160468]","[3.050274014637099, 3.1827391111337535]",30000,"body origin, body frame; no gravity/external torque","[1.8410966562700894e-05, 1.8411202555229554e-05, 3.0943583127748293e-06]",2.6220433304399434e-05,0.00111735024603018,0.000520935742891376,0.022198021369317977,"[0.00016116344869726012, 0.00020309224867449147, 1.962063836311117e-05]",0.0002600097846571032,0.004057689511992147,0.0021753471800192675,0.04893400488033128,"[0.00016625930382018538, 0.0002072297476640536, 2.0603973408259788e-05]",0.0002664786072912606,0.004057259015208132,0.0023630955420258994,0.04893400488033134,"[1.8417683189922414e-05, 1.841768318992253e-05, 3.09435831277483e-06]",2.622969998944982e-05,0.0011176953181306793,0.000520935742891376,0.022198021369317977,"[2.4096571331580073e-08, 3.122560989727753e-08, 1.517108413696938e-19]",3.944215338181829e-08,5.431621458557591e-07,0.0,0.0,
motor1_70_restore-A_best-oracle_no_integral,A_best,motor1_70_restore,oracle_no_integral,oracle,no_integral,True,60.0,horizon,pre_3_5,False,True,"[-0.001434020255290992, -0.0012987718812297383]",0.0019347409366780542,0.001936148134809613,7.38045247181408e-05,0.0020462378508615893,0.001324725203214686,0.001324725203214686,0.0013247523380322005,8.478979277644368e-06,0.0013359658275680086,0.0023459834519980157,-2.179620914077228e-21,-4.601579898238351e-22,200,3.0100000000000002,5.0,0.00045187060929505646,4.856318493953584e-05,0.007783935067320133,0.005306123359683516,0.03771088271187686,0.005771920853499332,-0.0022762017375947243,0.002304510250568024,-0.1304167528845222,0.13203871120218358,[0.0],[0.0],0.0,[0.0],[0.0],0.0,[0.0],[0.0],0.0,[0.0],[0.0],0.0,[0.0],[0.0],0.0,[0.0],[0.0],0.0,[0.0],[0.0],0.0,[0.0],[0.0],0.0,"[0.0, 0.0, 0.0]",0.0,0.0,every physics interval; dwell = interval count * physics_dt,0.002,"[0.0, 0.0, 0.0, 0.0]","[0.0, 0.0, 0.0, 0.0]",0.0,"[0.0, 0.0, 0.0, 0.0]","[0.0, 0.0, 0.0, 0.0]",0.0,"[0.0, 0.0, 0.0, 0.0]","[0.0, 0.0, 0.0, 0.0]",0.0,"[0.0, 0.0, 0.0, 0.0]","[0.0, 0.0, 0.0, 0.0]",0.0,"[0.0, 0.0, 0.0, 0.0]","[0.0, 0.0, 0.0, 0.0]",0.0,"[0.0, 0.0, 0.0, 0.0]","[0.0, 0.0, 0.0, 0.0]",0.0,"[0.0, 0.0, 0.0, 0.0]","[0.0, 0.0, 0.0, 0.0]",0.0,"[0.0, 0.0, 0.0, 0.0]","[0.0, 0.0, 0.0, 0.0]",0.0,"[0.10635487115503423, 0.1062951513628303, 0.10638875370790588, 0.10633807742582273]","[0.09354659816316009, 0.09347372819253057, 0.09358930509187989, 0.09354328510773527]","[0.5452574990299335, 0.5450937476920916, 0.5453503926561369, 0.5452114534794107]","[0.454472390076581, 0.45427267290845297, 0.4545894572469782, 0.4544633089943345]","[0.09357461505100428, 0.09354760542926623, 0.0935926360606751, 0.09357987533774906]","[0.2, 0.2, 0.2, 0.2]","[0.2, 0.2, 0.2, 0.2]","[0.2, 0.2, 0.2, 0.2]","[0.2, 0.2, 0.2, 0.2]","[1.919467495525778e-05, 4.9608003611070105e-05, 3.1494719773119143e-06, 2.5660410031936164e-05]","[0.01650293097338928, 0.00827279614421747]","[0.033885838149380273, 0.016548736504846888]",1000,"body origin, body frame; no gravity/external torque","[5.316878376909281e-10, 2.9170091470359614e-10, 2.0034459593633103e-19]",6.064498168747093e-10,1.3857248704798736e-09,4.6774527435602164e-17,5.551115123125783e-17,"[3.435634282621692e-06, 1.886797561139051e-06, 4.7355732666679626e-08]",3.919927362345141e-06,9.07172667221924e-06,4.049534396260622e-05,9.322254638666205e-05,"[3.4351410703244903e-06, 1.886526868488217e-06, 4.735573266666512e-08]",3.91936479087804e-06,9.070486595873385e-06,4.049534396260649e-05,9.322254638666205e-05,"[6.575778128923375e-17, 1.1140571166183235e-18, 2.2456570985591817e-19]",6.576760108974503e-17,6.721657043816904e-17,4.6774527435602164e-17,5.551115123125783e-17,"[5.316878385409877e-10, 2.917009147288185e-10, 1.6226852269746972e-19]",6.064498176321079e-10,1.3857249273276298e-09,0.0,0.0,
motor1_70_restore-A_best-oracle_no_integral,A_best,motor1_70_restore,oracle_no_integral,oracle,no_integral,True,60.0,horizon,tail_18_20,False,True,"[-0.001437633569084628, -0.0013036247111983478]",0.0019406771154949968,0.0019406989092235955,9.197263488247937e-06,0.0019563196130032005,0.0013277877524482452,0.0013277877524482452,0.001327788114241419,9.801883597462216e-07,0.001329549650947559,0.0023514534936039957,-3.350081480839762e-23,6.24861645517612e-22,200,18.01,20.0,6.32323380013957e-05,6.755556991926324e-06,0.00775731043911155,0.005310513543713598,0.004177605534189548,0.0006767041685024735,-0.002294420666360565,0.002297874265363561,-0.13146062061005434,0.1316584972570566,[0.0],[0.0],0.0,[0.0],[0.0],0.0,[0.0],[0.0],0.0,[0.0],[0.0],0.0,[0.0],[0.0],0.0,[0.0],[0.0],0.0,[0.0],[0.0],0.0,[0.0],[0.0],0.0,"[0.0, 0.0, 0.0]",0.0,0.0,every physics interval; dwell = interval count * physics_dt,0.002,"[0.0, 0.0, 0.0, 0.0]","[0.0, 0.0, 0.0, 0.0]",0.0,"[0.0, 0.0, 0.0, 0.0]","[0.0, 0.0, 0.0, 0.0]",0.0,"[0.0, 0.0, 0.0, 0.0]","[0.0, 0.0, 0.0, 0.0]",0.0,"[0.0, 0.0, 0.0, 0.0]","[0.0, 0.0, 0.0, 0.0]",0.0,"[0.0, 0.0, 0.0, 0.0]","[0.0, 0.0, 0.0, 0.0]",0.0,"[0.0, 0.0, 0.0, 0.0]","[0.0, 0.0, 0.0, 0.0]",0.0,"[0.0, 0.0, 0.0, 0.0]","[0.0, 0.0, 0.0, 0.0]",0.0,"[0.0, 0.0, 0.0, 0.0]","[0.0, 0.0, 0.0, 0.0]",0.0,"[0.1519931552397989, 0.10638936170586247, 0.10639824137749611, 0.10639462361030369]","[0.04799507023113475, 0.0935916433054691, 0.09359952821313226, 0.09359623108927878]","[0.6642386124102845, 0.5453520594849544, 0.5453764028177306, 0.5453664848987392]","[0.33573189008433246, 0.4545958671026493, 0.4546174826818751, 0.4546084439332716]","[0.0335984489465935, 0.09359664380421659, 0.09359982456799383, 0.09359912456987912]","[0.2, 0.2, 0.2, 0.2]","[0.2, 0.2, 0.2, 0.2]","[0.13999999999999999, 0.2, 0.2, 0.2]","[0.13999999999999999, 0.2, 0.2, 0.2]","[2.16215975675704e-06, 3.8823075081886315e-06, 2.7749487318499065e-07, 2.009200907042092e-06]","[0.0020378037628470346, 0.001067774553964765]","[0.0037388662345376237, 0.0019140369960799907]",1000,"body origin, body frame; no gravity/external torque","[4.1917923751757546e-11, 2.2982914620230838e-11, 1.0540719234989012e-18]",4.780509069229946e-11,1.0595870273681236e-10,6.218735665977104e-17,1.1102230246251565e-16,"[2.6893837174690316e-07, 1.4752964179546637e-07, 3.756730043052765e-09]",3.0676857079366933e-07,7.162532750226514e-07,3.202072128341118e-06,8.205536718597362e-06,"[2.688995968745078e-07, 1.4750836834713415e-07, 3.756730043085859e-09]",3.0672434685287586e-07,7.161594566080064e-07,3.2020721283392887e-06,8.20553671848634e-06,"[7.42362228754457e-17, 6.9244005284976e-17, 1.064713358342605e-18]",1.015228184658704e-16,1.0296739959940346e-16,6.218735665977104e-17,1.1102230246251565e-16,"[4.191792440153208e-11, 2.2982913883341532e-11, 1.5023145987371593e-19]",4.780509090778561e-11,1.059587326319888e-10,0.0,0.0,
motor1_70_restore-A_best-oracle_no_integral,A_best,motor1_70_restore,oracle_no_integral,oracle,no_integral,True,60.0,horizon,pre_second_28_30,False,True,"[-0.0014376004534243376, -0.0013037003410513604]",0.0019407033887081494,0.0019407033961935573,1.704520848298296e-07,0.001940970106414838,0.0013277930652776137,0.0013277930652776137,0.0013277930654059526,1.8461172986797448e-08,0.0013278244626644398,0.0023514599925444925,-4.2345744158789067e-22,4.449823326403521e-22,200,28.01,30.0,1.0938981242968014e-06,1.1826041767781275e-07,0.007762906872431922,0.005311183256121278,8.512512880128734e-05,9.518598946380818e-06,-0.0022943016471880574,0.002294366047493407,-0.13145380131378853,0.1314574911794844,[0.0],[0.0],0.0,[0.0],[0.0],0.0,[0.0],[0.0],0.0,[0.0],[0.0],0.0,[0.0],[0.0],0.0,[0.0],[0.0],0.0,[0.0],[0.0],0.0,[0.0],[0.0],0.0,"[0.0, 0.0, 0.0]",0.0,0.0,every physics interval; dwell = interval count * physics_dt,0.002,"[0.0, 0.0, 0.0, 0.0]","[0.0, 0.0, 0.0, 0.0]",0.0,"[0.0, 0.0, 0.0, 0.0]","[0.0, 0.0, 0.0, 0.0]",0.0,"[0.0, 0.0, 0.0, 0.0]","[0.0, 0.0, 0.0, 0.0]",0.0,"[0.0, 0.0, 0.0, 0.0]","[0.0, 0.0, 0.0, 0.0]",0.0,"[0.0, 0.0, 0.0, 0.0]","[0.0, 0.0, 0.0, 0.0]",0.0,"[0.0, 0.0, 0.0, 0.0]","[0.0, 0.0, 0.0, 0.0]",0.0,"[0.0, 0.0, 0.0, 0.0]","[0.0, 0.0, 0.0, 0.0]",0.0,"[0.0, 0.0, 0.0, 0.0]","[0.0, 0.0, 0.0, 0.0]",0.0,"[0.15199888542942577, 0.10639920130913857, 0.10639923797028013, 0.10639923236599573]","[0.0480009982091443, 0.09360067056190674, 0.09360071775588416, 0.09360070605721199]","[0.664252967715972, 0.545379034403162, 0.5453791349069788, 0.5453791195432444]","[0.33574674077577904, 0.45462061434080525, 0.45462074371958217, 0.454620711648543]","[0.03360070748662948, 0.0936006976368099, 0.09360072372625379, 0.09360072742673357]","[0.2, 0.2, 0.2, 0.2]","[0.2, 0.2, 0.2, 0.2]","[0.13999999999999999, 0.2, 0.2, 0.2]","[0.13999999999999999, 0.2, 0.2, 0.2]","[1.2804256513793084e-08, 1.673064796168934e-08, 5.150204424103768e-09, 9.09605947758786e-09]","[3.7670210061840735e-05, 1.973534901501128e-05]","[7.555019043716077e-05, 3.931007276554768e-05]",1000,"body origin, body frame; no gravity/external torque","[1.970055567892092e-13, 1.179415389976996e-13, 1.066625576852081e-18]",2.2961140221711543e-13,6.881511027198836e-13,6.181460191301305e-17,1.1102230246251565e-16,"[1.125283088070062e-09, 6.906894213693718e-10, 4.33302905221159e-11]",1.3210569325978293e-09,3.4877145992813227e-09,2.074980436185144e-08,6.79907301570637e-08,"[1.1251240586140796e-09, 6.905905043226145e-10, 4.333029047360392e-11]",1.3208697536113503e-09,3.4872936961995255e-09,2.074980436530369e-08,6.799073010155254e-08,"[7.418362276697995e-17, 6.924225659694318e-17, 1.061146124759207e-18]",1.0148313168486978e-16,1.0344310854832603e-16,6.181460191301305e-17,1.1102230246251565e-16,"[1.9700560938728859e-13, 1.1794235658271376e-13, 1.6299132593050371e-19]",2.296118673029939e-13,6.881127578869744e-13,0.0,0.0,
motor1_70_restore-A_best-oracle_no_integral,A_best,motor1_70_restore,oracle_no_integral,oracle,no_integral,True,60.0,horizon,tail_58_60,False,True,"[-0.001437605651058328, -0.0013037025417775496]",0.001940708717296875,0.0019407087175285166,2.998500644588874e-08,0.0019407489221283946,0.0013277911349250137,0.0013277911349250137,0.0013277911349281685,2.8945150466390454e-09,0.0013277954080550547,0.0023514632942670003,-3.090136809026667e-21,-2.14473927550098e-22,200,58.01,60.0,2.0739671742946446e-07,2.1513742590914778e-08,0.00776282074878648,0.005311162728059185,1.306022544728445e-05,1.688601103397455e-06,-0.0022943002811660184,0.0022943137227430838,-0.13145372304649097,0.13145449319212682,[0.0],[0.0],0.0,[0.0],[0.0],0.0,[0.0],[0.0],0.0,[0.0],[0.0],0.0,[0.0],[0.0],0.0,[0.0],[0.0],0.0,[0.0],[0.0],0.0,[0.0],[0.0],0.0,"[0.0, 0.0, 0.0]",0.0,0.0,every physics interval; dwell = interval count * physics_dt,0.002,"[0.0, 0.0, 0.0, 0.0]","[0.0, 0.0, 0.0, 0.0]",0.0,"[0.0, 0.0, 0.0, 0.0]","[0.0, 0.0, 0.0, 0.0]",0.0,"[0.0, 0.0, 0.0, 0.0]","[0.0, 0.0, 0.0, 0.0]",0.0,"[0.0, 0.0, 0.0, 0.0]","[0.0, 0.0, 0.0, 0.0]",0.0,"[0.0, 0.0, 0.0, 0.0]","[0.0, 0.0, 0.0, 0.0]",0.0,"[0.0, 0.0, 0.0, 0.0]","[0.0, 0.0, 0.0, 0.0]",0.0,"[0.0, 0.0, 0.0, 0.0]","[0.0, 0.0, 0.0, 0.0]",0.0,"[0.0, 0.0, 0.0, 0.0]","[0.0, 0.0, 0.0, 0.0]",0.0,"[0.10639924323475244, 0.1063992432391927, 0.10639924983938438, 0.10639924676308994]","[0.0936007189219225, 0.09360071744319316, 0.0936007247838765, 0.09360072546901749]","[0.5453791493391377, 0.5453791493513116, 0.5453791674452486, 0.5453791590118159]","[0.45462074691619103, 0.45462074286236254, 0.4546207629863004, 0.4546207648645636]","[0.09360073304477488, 0.09360073091545103, 0.09360073486431018, 0.09360073481168807]","[0.2, 0.2, 0.2, 0.2]","[0.2, 0.2, 0.2, 0.2]","[0.2, 0.2, 0.2, 0.2]","[0.2, 0.2, 0.2, 0.2]","[5.913797027126243e-09, 7.279438716197517e-09, 3.785186351374861e-09, 5.24026940658823e-09]","[6.858221874703516e-06, 2.8024543112693275e-06]","[1.1962585413497528e-05, 5.247260784241126e-06]",1000,"body origin, body frame; no gravity/external torque","[8.899743948578157e-14, 4.455002363027495e-14, 2.0901164776685526e-19]",9.952511663156734e-14,2.4473069081182317e-13,4.7266042096723027e-17,5.551115123125783e-17,"[5.661302764452401e-10, 2.8528436732457923e-10, 3.833393214548955e-11]",6.351064088020873e-10,1.6461548519811685e-09,1.248716880021189e-08,3.8512674882529296e-08,"[5.660490715863151e-10, 2.852432037919411e-10, 3.8333932149791746e-11]",6.35015532965364e-10,1.6459277222065309e-09,1.248716880222385e-08,3.8512674882529296e-08,"[6.576269638681803e-17, 1.1346397825718595e-18, 2.147372562490351e-19]",6.577283448043146e-17,6.697544876462368e-17,4.7266042096723027e-17,5.551115123125783e-17,"[8.899904986391519e-14, 4.4549945832731316e-14, 1.517883041479706e-19]",9.95265218441898e-14,2.4479381600892655e-13,0.0,0.0,
motor1_70_restore-A_best-oracle_no_integral,A_best,motor1_70_restore,oracle_no_integral,oracle,no_integral,True,60.0,horizon,fault_5_30,False,True,"[-0.0012853126168247023, -0.0014031608282968821]",0.0019028633248437882,0.002231265603499838,0.0011651855475957242,0.009906682809201992,0.001297308319641192,0.001297308319641192,0.0013589531679368834,0.0004046539712340007,0.0024095172829059486,0.0026125274938279953,-8.893845946170154e-21,-9.396771758602394e-21,2500,5.01,30.0,0.00629458608784344,0.0021449976587519445,0.010937618887116276,0.00584732831025091,3.5078225122294926,1.3871904902199692,-0.002530410331089101,0.009816698109604269,-0.14498183240770676,0.5624553704343782,[0.0],[0.0],0.0,[0.06],[0.06],0.06,[0.0],[0.0],0.0,[0.0],[0.0],0.0,[0.0],[0.0],0.0,[0.0],[0.0],0.0,[0.0],[0.0],0.0,[0.0],[0.0],0.0,"[0.0, 0.0, 0.0]",0.0,0.0,every physics interval; dwell = interval count * physics_dt,0.002,"[0.06, 0.0, 0.0, 0.0]","[0.06, 0.0, 0.0, 0.0]",0.06,"[0.0, 0.0, 0.0, 0.0]","[0.0, 0.0, 0.0, 0.0]",0.0,"[0.06, 0.0, 0.0, 0.0]","[0.06, 0.0, 0.0, 0.0]",0.06,"[0.0, 0.0, 0.0, 0.0]","[0.0, 0.0, 0.0, 0.0]",0.0,"[0.0, 0.0, 0.0, 0.0]","[0.0, 0.0, 0.0, 0.0]",0.0,"[0.0, 0.0, 0.0, 0.0]","[0.0, 0.0, 0.0, 0.0]",0.0,"[0.0, 0.0, 0.0, 0.0]","[0.0, 0.0, 0.0, 0.0]",0.0,"[0.0, 0.0, 0.0, 0.0]","[0.0, 0.0, 0.0, 0.0]",0.0,"[0.11384878785279486, 0.09283015716101622, 0.09085613274190463, 0.09723343375223603]","[0.0, 0.07780777471225554, 0.07483478238896388, 0.08319033977717723]","[0.5655986231979513, 0.5074122039763551, 0.5017473921666132, 0.5199111651277369]","[0.21814922562016836, 0.41219372685540834, 0.40438026462957843, 0.426470782755924]","[0.015637714678574485, 0.08631472122426512, 0.08429497315218348, 0.08924272176988879]","[0.2, 0.2, 0.2, 0.2]","[0.2, 0.2, 0.2, 0.2]","[0.13999999999999999, 0.2, 0.2, 0.2]","[0.13999999999999999, 0.2, 0.2, 0.2]","[0.004172646729931785, 0.0014357702458723547, 0.0012418085810715776, 0.000805084403161076]","[0.20502057973174578, 0.22818673809339526]","[2.346582154686135, 2.6552144385410634]",12500,"body origin, body frame; no gravity/external torque","[2.852212919987193e-05, 2.8522484329240988e-05, 4.793759285030158e-06]",4.0620488604752667e-05,0.00111735024603018,0.0008070301826649952,0.022198021369317977,"[0.00013377006961730374, 0.00017769459702055042, 1.683964503059803e-05]",0.00022305464572716427,0.003035806763152362,0.0018787960882852277,0.03612823618592398,"[0.0001480234098127779, 0.00018886132506692666, 1.9455176529500655e-05]",0.00024074474833821614,0.003558408036745666,0.0023611182076413747,0.04262910673393949,"[2.853255210811752e-05, 2.85325521081177e-05, 4.793759285030159e-06]",4.0634876494062406e-05,0.0011176953181306793,0.0008070301826649952,0.022198021369317977,"[1.980370232706654e-08, 2.7231111355764803e-08, 1.5122968653541018e-19]",3.3670759592399144e-08,3.481370535584734e-07,0.0,0.0,
motor1_70_restore-A_best-oracle_no_integral,A_best,motor1_70_restore,oracle_no_integral,oracle,no_integral,True,60.0,horizon,restore_30_60,False,True,"[-0.0015219043246069593, -0.0011479099271720595]",0.0019062764684477243,0.00224467779995646,0.0011851955330070426,0.01014807026074658,0.0012519704346720156,0.0012519704346720156,0.0013085727153151249,0.00038070012079635234,0.002968169346401872,0.002598257296128421,-1.0587911840678754e-21,5.6910026143648304e-21,3000,30.01,60.0,0.006091114998952721,0.0018856682812927144,0.010863508466272499,0.005565884673916933,4.407315056535935,1.9821214058518182,-0.0020998675368937287,0.007938735783980463,-0.12031354740054234,0.45485605509156135,[0.0],[0.0],0.0,[0.0],[0.0],0.0,[0.0],[0.0],0.0,[0.0],[0.0],0.0,[0.0],[0.0],0.0,[0.0],[0.0],0.0,[0.0],[0.0],0.0,[0.0],[0.0],0.0,"[0.0, 0.0, 0.0]",0.0,0.0,every physics interval; dwell = interval count * physics_dt,0.002,"[0.0, 0.0, 0.0, 0.0]","[0.0, 0.0, 0.0, 0.0]",0.0,"[0.0, 0.0, 0.0, 0.0]","[0.0, 0.0, 0.0, 0.0]",0.0,"[0.0, 0.0, 0.0, 0.0]","[0.0, 0.0, 0.0, 0.0]",0.0,"[0.0, 0.0, 0.0, 0.0]","[0.0, 0.0, 0.0, 0.0]",0.0,"[0.0, 0.0, 0.0, 0.0]","[0.0, 0.0, 0.0, 0.0]",0.0,"[0.0, 0.0, 0.0, 0.0]","[0.0, 0.0, 0.0, 0.0]",0.0,"[0.0, 0.0, 0.0, 0.0]","[0.0, 0.0, 0.0, 0.0]",0.0,"[0.0, 0.0, 0.0, 0.0]","[0.0, 0.0, 0.0, 0.0]",0.0,"[0.045373469172618267, 0.08316674556715357, 0.07942049451239167, 0.0913518852703529]","[0.04964329459318417, 0.07095816463580762, 0.06916451781582372, 0.07630313428136645]","[0.3553802629307396, 0.47928301743301516, 0.46808661526883566, 0.503173757113315]","[0.3398654614441994, 0.39426368461773886, 0.38960898122955323, 0.4082331456232269]","[0.0498593441425047, 0.0846483171944209, 0.08296317747471604, 0.08713971585282611]","[0.2, 0.2, 0.2, 0.2]","[0.2, 0.2, 0.2, 0.2]","[0.2, 0.2, 0.2, 0.2]","[0.2, 0.2, 0.2, 0.2]","[0.00393512347091157, 0.002101518289087182, 0.001624256861325511, 0.001225668396033845]","[0.21287015507954976, 0.2371916857458773]","[3.050274014637099, 3.1827391111337535]",15000,"body origin, body frame; no gravity/external torque","[2.8878390911906467e-08, 3.649634924005169e-08, 2.03423237686051e-19]",4.6539713895905104e-08,5.43162145883238e-07,4.759089844286814e-17,5.551115123125783e-17,"[0.00019239088565674615, 0.00023701039374385028, 2.3098392281420158e-05]",0.00030614002572742734,0.004057689511992147,0.0025526366269086036,0.04893400488033128,"[0.00019236469227992324, 0.0002369774608951369, 2.3098392281420165e-05]",0.00030609806849152694,0.004057259015208132,0.002552636626908606,0.04893400488033134,"[6.577784486399706e-17, 1.1523833529273631e-18, 2.1342570037293824e-19]",6.578828476920335e-17,8.782894208923435e-17,4.759089844286814e-17,5.551115123125783e-17,"[2.8878390912855657e-08, 3.649634924014282e-08, 1.5199467855211475e-19]",4.65397138965654e-08,5.431621458557591e-07,0.0,0.0,
motor1_70_restore-A_best-oracle_no_integral,A_best,motor1_70_restore,oracle_no_integral,oracle,no_integral,True,60.0,horizon,full_0_60,True,False,,,,,,,,,,,,,,,,,,,,,,,,,,,,,,,,,,,,,,,,,,,,,,,,,,,,,,,,,,,,,,,,,,,,,,,,,,,,,,,,,,,,,,,,,,,,,,,,,,,,,,,,,,,,,,,,,,,,,,,
motor1_70_restore-A_best-oracle_no_integral,A_best,motor1_70_restore,oracle_no_integral,oracle,no_integral,True,60.0,horizon,pre_3_5,True,False,,,,,,,,,,,,,,,,,,,,,,,,,,,,,,,,,,,,,,,,,,,,,,,,,,,,,,,,,,,,,,,,,,,,,,,,,,,,,,,,,,,,,,,,,,,,,,,,,,,,,,,,,,,,,,,,,,,,,,,
motor1_70_restore-A_best-oracle_no_integral,A_best,motor1_70_restore,oracle_no_integral,oracle,no_integral,True,60.0,horizon,tail_18_20,True,False,,,,,,,,,,,,,,,,,,,,,,,,,,,,,,,,,,,,,,,,,,,,,,,,,,,,,,,,,,,,,,,,,,,,,,,,,,,,,,,,,,,,,,,,,,,,,,,,,,,,,,,,,,,,,,,,,,,,,,,
motor1_70_restore-A_best-oracle_no_integral,A_best,motor1_70_restore,oracle_no_integral,oracle,no_integral,True,60.0,horizon,pre_second_28_30,True,False,,,,,,,,,,,,,,,,,,,,,,,,,,,,,,,,,,,,,,,,,,,,,,,,,,,,,,,,,,,,,,,,,,,,,,,,,,,,,,,,,,,,,,,,,,,,,,,,,,,,,,,,,,,,,,,,,,,,,,,
motor1_70_restore-A_best-oracle_no_integral,A_best,motor1_70_restore,oracle_no_integral,oracle,no_integral,True,60.0,horizon,tail_58_60,True,False,,,,,,,,,,,,,,,,,,,,,,,,,,,,,,,,,,,,,,,,,,,,,,,,,,,,,,,,,,,,,,,,,,,,,,,,,,,,,,,,,,,,,,,,,,,,,,,,,,,,,,,,,,,,,,,,,,,,,,,
motor1_70_restore-A_best-oracle_no_integral,A_best,motor1_70_restore,oracle_no_integral,oracle,no_integral,True,60.0,horizon,fault_5_30,True,False,,,,,,,,,,,,,,,,,,,,,,,,,,,,,,,,,,,,,,,,,,,,,,,,,,,,,,,,,,,,,,,,,,,,,,,,,,,,,,,,,,,,,,,,,,,,,,,,,,,,,,,,,,,,,,,,,,,,,,,
motor1_70_restore-A_best-oracle_no_integral,A_best,motor1_70_restore,oracle_no_integral,oracle,no_integral,True,60.0,horizon,restore_30_60,True,False,,,,,,,,,,,,,,,,,,,,,,,,,,,,,,,,,,,,,,,,,,,,,,,,,,,,,,,,,,,,,,,,,,,,,,,,,,,,,,,,,,,,,,,,,,,,,,,,,,,,,,,,,,,,,,,,,,,,,,,
motor1_70_restore-A_best-oracle_integral_020,A_best,motor1_70_restore,oracle_integral_020,oracle,integral_020,True,60.0,horizon,full_0_60,False,True,"[-0.00012036144277015476, -0.00010912151522136724]",0.00016246347894194657,0.0012174556244902994,0.0012065669544675695,0.010194891323329262,0.00011062589427149471,0.00011062589427149471,0.0004770860354336708,0.00046408296318918075,0.0028961091765559166,0.0013075967584882133,-1.6940658945086007e-21,-6.088049308390284e-22,6000,0.01,60.0,0.005998959646162828,0.0019666088274379063,0.0077453590238345344,0.002746022419434655,4.407311836761945,1.9821030124180428,-0.0022694144400732382,0.009868284166023913,-0.13002786938224142,0.5654110337489476,[0.06],[0.06],0.06,[0.06],[0.06],0.06,[0.0],[0.0],0.0,[0.0],[0.0],0.0,[0.0],[0.0],0.0,[0.0],[0.0],0.0,[0.0],[0.0],0.0,[0.0],[0.0],0.0,"[0.0014383853977841957, 0.0013023808925082655, -0.0013277583827887498]",0.0020495171881870573,0.001414427209219411,every physics interval; dwell = interval count * physics_dt,0.002,"[0.06, 0.0, 0.0, 0.0]","[0.06, 0.0, 0.0, 0.0]",0.06,"[0.0, 0.0, 0.0, 0.0]","[0.0, 0.0, 0.0, 0.0]",0.0,"[0.06, 0.0, 0.0, 0.0]","[0.06, 0.0, 0.0, 0.0]",0.06,"[0.0, 0.0, 0.0, 0.0]","[0.0, 0.0, 0.0, 0.0]",0.0,"[0.0, 0.0, 0.0, 0.0]","[0.0, 0.0, 0.0, 0.0]",0.0,"[0.0, 0.0, 0.0, 0.0]","[0.0, 0.0, 0.0, 0.0]",0.0,"[0.0, 0.0, 0.0, 0.0]","[0.0, 0.0, 0.0, 0.0]",0.0,"[0.0, 0.0, 0.0, 0.0]","[0.0, 0.0, 0.0, 0.0]",0.0,"[0.04537298935595794, 0.08314504167869073, 0.07941388814524966, 0.09134501429760974]","[0.0, 0.07095711345332317, 0.06916980747368925, 0.076315397686332]","[0.35537848123396865, 0.4792186519816276, 0.4680667131013565, 0.5031540053455382]","[0.21814922562016836, 0.3942609519713737, 0.38962268503090003, 0.4082653743799478]","[0.01563621175480165, 0.08465535831468153, 0.08296907765063094, 0.0871493538046964]","[0.2, 0.2, 0.2, 0.2]","[0.2, 0.2, 0.2, 0.2]","[0.13999999999999999, 0.2, 0.2, 0.2]","[0.2, 0.2, 0.2, 0.2]","[0.0038725654703255807, 0.0017523763840000947, 0.001400593367486248, 0.001011222841151823]","[0.20170743625709858, 0.22373640024133107]","[3.050258236951659, 3.1827497680115897]",30000,"body origin, body frame; no gravity/external torque","[1.8413653586727804e-05, 1.841388926152515e-05, 3.094809724756911e-06]",2.6224259825211485e-05,0.0011174570007231315,0.0005210117381745536,0.02220014125510994,"[0.00016116850607721385, 0.00020309997347031436, 1.9621845194829262e-05]",0.0002600190442710969,0.004057689181517934,0.0021753921827240875,0.048934026897743954,"[0.00016626480318644317, 0.0002072380376168045, 2.0605280995948386e-05]",0.0002664885862824416,0.00405725868477142,0.0023631982681322906,0.04893402689774401,"[1.8420370003159194e-05, 1.8420370003159313e-05, 3.09480972475691e-06]",2.6233526437347844e-05,0.001117802056762259,0.0005210117381745536,0.02220014125510994,"[2.409733650456492e-08, 3.1226832031589774e-08, 1.5758895049581424e-19]",3.944358839334183e-08,5.431608177340864e-07,0.0,0.0,
motor1_70_restore-A_best-oracle_integral_020,A_best,motor1_70_restore,oracle_integral_020,oracle,integral_020,True,60.0,horizon,pre_3_5,False,True,"[-0.0008116282258446321, -0.0006870117979496155]",0.0010633558141608427,0.0010731661449213184,0.00014477564400000877,0.0012839565325329326,0.0007314435903819827,0.0007314435903819827,0.0007374192221266139,9.368768996476818e-05,0.0008921834665958084,0.0013021031770820255,-1.3334151474354806e-21,1.9025154088719637e-22,200,3.0100000000000002,5.0,0.0005041233124161524,0.00016710863580782803,0.004112982684726426,0.002790106850133619,0.03833117139902931,0.0058862272366919585,-0.002335843320731922,0.0023617609332819266,-0.13383396388176225,0.13531893369593279,[0.0],[0.0],0.0,[0.0],[0.0],0.0,[0.0],[0.0],0.0,[0.0],[0.0],0.0,[0.0],[0.0],0.0,[0.0],[0.0],0.0,[0.0],[0.0],0.0,[0.0],[0.0],0.0,"[0.0009129955770281843, 0.0008251787729572915, -0.0008281162787875247]",0.001230642487082389,0.0008281162787875247,every physics interval; dwell = interval count * physics_dt,0.002,"[0.0, 0.0, 0.0, 0.0]","[0.0, 0.0, 0.0, 0.0]",0.0,"[0.0, 0.0, 0.0, 0.0]","[0.0, 0.0, 0.0, 0.0]",0.0,"[0.0, 0.0, 0.0, 0.0]","[0.0, 0.0, 0.0, 0.0]",0.0,"[0.0, 0.0, 0.0, 0.0]","[0.0, 0.0, 0.0, 0.0]",0.0,"[0.0, 0.0, 0.0, 0.0]","[0.0, 0.0, 0.0, 0.0]",0.0,"[0.0, 0.0, 0.0, 0.0]","[0.0, 0.0, 0.0, 0.0]",0.0,"[0.0, 0.0, 0.0, 0.0]","[0.0, 0.0, 0.0, 0.0]",0.0,"[0.0, 0.0, 0.0, 0.0]","[0.0, 0.0, 0.0, 0.0]",0.0,"[0.10635580887232426, 0.10629619639969118, 0.10638908969141343, 0.10633813218295138]","[0.09354603145074988, 0.09347332374491461, 0.09358877503351848, 0.09354313551268588]","[0.5452600700276583, 0.5450966134122983, 0.5453513137566076, 0.5452116036176589]","[0.4544708367123733, 0.45427156453849293, 0.4545880041787004, 0.45446289895640646]","[0.09357418868088875, 0.09354737365325486, 0.09359252706857055, 0.09357974980232021]","[0.2, 0.2, 0.2, 0.2]","[0.2, 0.2, 0.2, 0.2]","[0.2, 0.2, 0.2, 0.2]","[0.2, 0.2, 0.2, 0.2]","[1.9203508391820364e-05, 4.96343788268164e-05, 3.14332869612997e-06, 2.5672319864261577e-05]","[0.01684513588400455, 0.008400191034815865]","[0.034518786259067846, 0.016665297171196504]",1000,"body origin, body frame; no gravity/external torque","[5.319506050839803e-10, 2.91861423840004e-10, 2.0772762729251254e-19]",6.067573954844935e-10,1.3884743939558209e-09,4.775249788392736e-17,5.551115123125783e-17,"[3.437272270850475e-06, 1.8878886478202612e-06, 4.7373795165248414e-08]",3.921888382781253e-06,9.093036166631373e-06,4.051721069950068e-05,9.397051877357843e-05,"[3.436778858608056e-06, 1.887617821539798e-06, 4.7373795165249764e-08]",3.921325571747171e-06,9.091793411845888e-06,4.051721069949869e-05,9.397051877352292e-05,"[6.572536730251768e-17, 1.2142980367553106e-18, 2.181114293420494e-19]",6.5736945467283e-17,6.682999344283533e-17,4.775249788392736e-17,5.551115123125783e-17,"[5.319506059216582e-10, 2.918614237816152e-10, 1.4944695602662324e-19]",6.067573961908096e-10,1.3884744511614735e-09,0.0,0.0,
motor1_70_restore-A_best-oracle_integral_020,A_best,motor1_70_restore,oracle_integral_020,oracle,integral_020,True,60.0,horizon,tail_18_20,False,True,"[-7.107908772820532e-05, 6.195562170509075e-06]",7.134859285846184e-05,7.267116562596169e-05,1.3801326405581676e-05,9.82678487467655e-05,3.20964538670665e-05,3.20964538670665e-05,3.2309241593791785e-05,3.7019915620214096e-06,4.0677279932843646e-05,7.952977684994446e-05,-1.6026624368214911e-24,-6.2523222081644865e-25,200,18.01,20.0,6.725482016940993e-05,9.784347177913232e-06,0.00027690328461491546,0.00012221706805011,0.0046387663276920895,0.0007098482409388274,-0.0022934860745153435,0.0022968303801975255,-0.1314070724417558,0.13159868704274647,[0.0],[0.0],0.0,[0.0],[0.0],0.0,[0.0],[0.0],0.0,[0.0],[0.0],0.0,[0.0],[0.0],0.0,[0.0],[0.0],0.0,[0.0],[0.0],0.0,[0.0],[0.0],0.0,"[0.001390646546472955, 0.0013080294566671141, -0.0013017324928594114]",0.0019091461119374864,0.0013017324928594114,every physics interval; dwell = interval count * physics_dt,0.002,"[0.0, 0.0, 0.0, 0.0]","[0.0, 0.0, 0.0, 0.0]",0.0,"[0.0, 0.0, 0.0, 0.0]","[0.0, 0.0, 0.0, 0.0]",0.0,"[0.0, 0.0, 0.0, 0.0]","[0.0, 0.0, 0.0, 0.0]",0.0,"[0.0, 0.0, 0.0, 0.0]","[0.0, 0.0, 0.0, 0.0]",0.0,"[0.0, 0.0, 0.0, 0.0]","[0.0, 0.0, 0.0, 0.0]",0.0,"[0.0, 0.0, 0.0, 0.0]","[0.0, 0.0, 0.0, 0.0]",0.0,"[0.0, 0.0, 0.0, 0.0]","[0.0, 0.0, 0.0, 0.0]",0.0,"[0.0, 0.0, 0.0, 0.0]","[0.0, 0.0, 0.0, 0.0]",0.0,"[0.15199257901026203, 0.10638898417527949, 0.10639829208639114, 0.10639467622790583]","[0.04799512598206612, 0.09359186596337173, 0.09359948533550345, 0.09359614276100924]","[0.6642371688306457, 0.5453510244836919, 0.5453765418327947, 0.545366629147853]","[0.3357320297502906, 0.45459647748748866, 0.4546173651364388, 0.4546082017909434]","[0.033598549768443495, 0.09359682577511733, 0.09359981761678658, 0.09359902785007565]","[0.2, 0.2, 0.2, 0.2]","[0.2, 0.2, 0.2, 0.2]","[0.13999999999999999, 0.2, 0.2, 0.2]","[0.13999999999999999, 0.2, 0.2, 0.2]","[2.168519391512479e-06, 3.887958857902335e-06, 2.7693301064091e-07, 2.0102030962209405e-06]","[0.002143104274946186, 0.0011215032525874482]","[0.00409556342563566, 0.002197887078710521]",1000,"body origin, body frame; no gravity/external torque","[4.203037274509918e-11, 2.3020164926626575e-11, 1.062421323379306e-18]",4.7921605005895526e-11,1.0947896405217805e-10,6.292624226552986e-17,1.1102230246251565e-16,"[2.693283438367933e-07, 1.476197029203027e-07, 3.766088494559143e-09]",3.0715389775599014e-07,7.115013270152544e-07,3.2103934708519407e-06,7.9825746528428e-06,"[2.6928949454773657e-07, 1.475984089226531e-07, 3.766088494570423e-09]",3.07109598698613e-07,7.114115258650112e-07,3.2103934708506714e-06,7.982574652787289e-06,"[7.417934509194282e-17, 6.9311954130897e-17, 1.0606247355761042e-18]",1.0152756841638065e-16,1.0351359226230402e-16,6.292624226552986e-17,1.1102230246251565e-16,"[4.203037369317343e-11, 2.302016398888002e-11, 1.54855044337518e-19]",4.792160538695188e-11,1.0947899660560716e-10,0.0,0.0,
motor1_70_restore-A_best-oracle_integral_020,A_best,motor1_70_restore,oracle_integral_020,oracle,integral_020,True,60.0,horizon,pre_second_28_30,False,True,"[-6.645074953980112e-06, 6.055086647716606e-07]",6.672605329788909e-06,6.734705569920209e-06,9.124676577210814e-07,8.287418478424018e-06,4.303835981590565e-06,4.303835981590565e-06,4.333536363231928e-06,5.064911203760527e-07,5.2149580780369575e-06,8.008482785457412e-06,-5.917087877881765e-26,-6.563322731438818e-27,200,28.01,30.0,1.935799162456375e-06,8.887625637855874e-07,2.5395484505491483e-05,1.6453722433783172e-05,8.696345744033251e-05,1.0061865223095434e-05,-0.0022943231218577583,0.0022943899816361525,-0.13145503172172882,0.13145886250485,[0.0],[0.0],0.0,[0.0],[0.0],0.0,[0.0],[0.0],0.0,[0.0],[0.0],0.0,[0.0],[0.0],0.0,[0.0],[0.0],0.0,[0.0],[0.0],0.0,[0.0],[0.0],0.0,"[0.0014332340475327252, 0.0013040798322235204, -0.001324466007765341]",0.0019377265141962534,0.001324466007765341,every physics interval; dwell = interval count * physics_dt,0.002,"[0.0, 0.0, 0.0, 0.0]","[0.0, 0.0, 0.0, 0.0]",0.0,"[0.0, 0.0, 0.0, 0.0]","[0.0, 0.0, 0.0, 0.0]",0.0,"[0.0, 0.0, 0.0, 0.0]","[0.0, 0.0, 0.0, 0.0]",0.0,"[0.0, 0.0, 0.0, 0.0]","[0.0, 0.0, 0.0, 0.0]",0.0,"[0.0, 0.0, 0.0, 0.0]","[0.0, 0.0, 0.0, 0.0]",0.0,"[0.0, 0.0, 0.0, 0.0]","[0.0, 0.0, 0.0, 0.0]",0.0,"[0.0, 0.0, 0.0, 0.0]","[0.0, 0.0, 0.0, 0.0]",0.0,"[0.0, 0.0, 0.0, 0.0]","[0.0, 0.0, 0.0, 0.0]",0.0,"[0.15199889706320402, 0.10639919889279122, 0.1063992434627184, 0.10639923237492409]","[0.04800099742056915, 0.09360066050149456, 0.09360071604960826, 0.09360070904559721]","[0.6642529968608735, 0.5453790277789238, 0.5453791499640901, 0.5453791195677231]","[0.3357467388002454, 0.4546205867609381, 0.454620739041953, 0.4546207198409761]","[0.03360070781924285, 0.0936006936159179, 0.0936007204304203, 0.09360072622766949]","[0.2, 0.2, 0.2, 0.2]","[0.2, 0.2, 0.2, 0.2]","[0.13999999999999999, 0.2, 0.2, 0.2]","[0.13999999999999999, 0.2, 0.2, 0.2]","[1.236311532044814e-08, 2.2427852527790666e-08, 4.765098088666249e-09, 1.1596528312566183e-08]","[4.111858731920981e-05, 2.179614393680056e-05]","[7.680561580168545e-05, 4.234409767232095e-05]",1000,"body origin, body frame; no gravity/external torque","[2.4351858908144675e-13, 1.5281919950583205e-13, 1.0795017142501057e-18]",2.8749784515190226e-13,7.741259271852192e-13,6.292624226552986e-17,1.1102230246251565e-16,"[1.4286169159506321e-09, 9.244025655841704e-10, 4.435471813902587e-11]",1.702184989012677e-09,3.93794970889331e-09,2.385027726571706e-08,6.703905203186977e-08,"[1.428412844005158e-09, 9.242699404825674e-10, 4.435471812595654e-11]",1.701941690193466e-09,3.937425041834171e-09,2.385027726581429e-08,6.703905208738092e-08,"[7.41805093718606e-17, 6.932667169566028e-17, 1.072357387149301e-18]",1.0153859034589915e-16,1.0330865677444212e-16,6.292624226552986e-17,1.1102230246251565e-16,"[2.4351670656520935e-13, 1.5282101802553807e-13, 1.5332934166833742e-19]",2.874972172504487e-13,7.741016727526821e-13,0.0,0.0,
motor1_70_restore-A_best-oracle_integral_020,A_best,motor1_70_restore,oracle_integral_020,oracle,integral_020,True,60.0,horizon,tail_58_60,False,True,"[1.1049521100062915e-06, -1.930115083629953e-06]",2.2240196495227322e-06,2.2431174035906965e-06,2.9208266779844676e-07,2.8030225112269368e-06,3.166822762223909e-07,3.166822762223909e-07,3.2438131298470904e-07,7.025362723937553e-08,4.5688249250552815e-07,2.2664507324239703e-06,-6.474970310054065e-27,-1.8932661725304283e-29,200,58.01,60.0,5.743437076800996e-07,1.3010590302229815e-07,8.44701910933987e-06,1.1696889170092133e-06,1.4713668590566475e-05,2.012193564527249e-06,-0.002294487414569016,0.0022945345509377464,-0.13146444500068866,0.13146714571567847,[0.0],[0.0],0.0,[0.0],[0.0],0.0,[0.0],[0.0],0.0,[0.0],[0.0],0.0,[0.0],[0.0],0.0,[0.0],[0.0],0.0,[0.0],[0.0],0.0,[0.0],[0.0],0.0,"[0.0014383853977841957, 0.0013023808925082655, -0.0013277583827887498]",0.001940399067648051,0.0013277583827887498,every physics interval; dwell = interval count * physics_dt,0.002,"[0.0, 0.0, 0.0, 0.0]","[0.0, 0.0, 0.0, 0.0]",0.0,"[0.0, 0.0, 0.0, 0.0]","[0.0, 0.0, 0.0, 0.0]",0.0,"[0.0, 0.0, 0.0, 0.0]","[0.0, 0.0, 0.0, 0.0]",0.0,"[0.0, 0.0, 0.0, 0.0]","[0.0, 0.0, 0.0, 0.0]",0.0,"[0.0, 0.0, 0.0, 0.0]","[0.0, 0.0, 0.0, 0.0]",0.0,"[0.0, 0.0, 0.0, 0.0]","[0.0, 0.0, 0.0, 0.0]",0.0,"[0.0, 0.0, 0.0, 0.0]","[0.0, 0.0, 0.0, 0.0]",0.0,"[0.0, 0.0, 0.0, 0.0]","[0.0, 0.0, 0.0, 0.0]",0.0,"[0.10639924389936725, 0.10639923231535586, 0.10639925096657261, 0.10639924342752002]","[0.093600722147094, 0.09360071473401087, 0.09360072850585142, 0.09360072419042643]","[0.5453791511611309, 0.5453791194044196, 0.5453791705353536, 0.545379149867598]","[0.45462075575775773, 0.4546207354353422, 0.45462077318982097, 0.45462076135940166]","[0.09360073122165119, 0.09360072717237426, 0.09360073480462161, 0.09360073454600726]","[0.2, 0.2, 0.2, 0.2]","[0.2, 0.2, 0.2, 0.2]","[0.2, 0.2, 0.2, 0.2]","[0.2, 0.2, 0.2, 0.2]","[6.223324624221451e-09, 1.0941747102467005e-08, 3.7177102612806066e-09, 6.2338201729465e-09]","[7.752673953387247e-06, 3.338985867337015e-06]","[1.3552556916048203e-05, 7.215513046170458e-06]",1000,"body origin, body frame; no gravity/external torque","[1.0826760494345208e-13, 8.377887688239032e-14, 1.9304565259629243e-19]",1.3689694843897504e-13,2.5895602617816416e-13,4.886873367543068e-17,5.551115123125783e-17,"[6.878753261470579e-10, 5.366759042715918e-10, 4.409740802221973e-11]",8.73577742357216e-10,1.7852584437787715e-09,1.3439745842576296e-08,3.513374513541834e-08,"[6.877758681632015e-10, 5.365981159498455e-10, 4.409740803150294e-11]",8.734516381939331e-10,1.7850002731003647e-09,1.3439745839382496e-08,3.513374513541834e-08,"[6.575207749099511e-17, 1.1704255285567507e-18, 2.1849226092335783e-19]",6.576285675947938e-17,6.721508892281965e-17,4.886873367543068e-17,5.551115123125783e-17,"[1.0826800425382818e-13, 8.377885777889312e-14, 1.814217236800049e-19]",1.3689725255050172e-13,2.5900862479939486e-13,0.0,0.0,
motor1_70_restore-A_best-oracle_integral_020,A_best,motor1_70_restore,oracle_integral_020,oracle,integral_020,True,60.0,horizon,fault_5_30,False,True,"[-0.00010499629032578426, -9.699879064685149e-05]",0.00014294399731757925,0.001203424428559712,0.001194904753059901,0.009781340054047636,9.899293806866232e-05,9.899293806866232e-05,0.0004329879699653084,0.00042151984573352247,0.0028150053751194726,0.0012789483716667176,-1.4823076576950256e-21,2.117582368135751e-22,2500,5.01,30.0,0.006354631932984943,0.002188996476018678,0.007986132596750472,0.002788986673934183,3.5083506168788707,1.3871760450262005,-0.002539471683280079,0.009868284166023913,-0.14550100964493143,0.5654110337489476,[0.06],[0.06],0.06,[0.06],[0.06],0.06,[0.0],[0.0],0.0,[0.0],[0.0],0.0,[0.0],[0.0],0.0,[0.0],[0.0],0.0,[0.0],[0.0],0.0,[0.0],[0.0],0.0,"[0.0014332340475327252, 0.0013040798322235204, -0.001324466007765341]",0.0019377265141962534,0.001324466007765341,every physics interval; dwell = interval count * physics_dt,0.002,"[0.06, 0.0, 0.0, 0.0]","[0.06, 0.0, 0.0, 0.0]",0.06,"[0.0, 0.0, 0.0, 0.0]","[0.0, 0.0, 0.0, 0.0]",0.0,"[0.06, 0.0, 0.0, 0.0]","[0.06, 0.0, 0.0, 0.0]",0.06,"[0.0, 0.0, 0.0, 0.0]","[0.0, 0.0, 0.0, 0.0]",0.0,"[0.0, 0.0, 0.0, 0.0]","[0.0, 0.0, 0.0, 0.0]",0.0,"[0.0, 0.0, 0.0, 0.0]","[0.0, 0.0, 0.0, 0.0]",0.0,"[0.0, 0.0, 0.0, 0.0]","[0.0, 0.0, 0.0, 0.0]",0.0,"[0.0, 0.0, 0.0, 0.0]","[0.0, 0.0, 0.0, 0.0]",0.0,"[0.11386629921837554, 0.09285239324863288, 0.09085842016302617, 0.0972341137228894]","[0.0, 0.07779323146586625, 0.07483119745433722, 0.08318604618178935]","[0.565645695661432, 0.50747579152878, 0.501753979266727, 0.5199130812489832]","[0.21814922562016836, 0.4121553839232932, 0.40437087240185565, 0.42645932348342497]","[0.01563621175480165, 0.08629824319591169, 0.08429051435459775, 0.0892387057672889]","[0.2, 0.2, 0.2, 0.2]","[0.2, 0.2, 0.2, 0.2]","[0.13999999999999999, 0.2, 0.2, 0.2]","[0.13999999999999999, 0.2, 0.2, 0.2]","[0.004172339458881422, 0.001434988397602566, 0.0012416846023629725, 0.0008047370161727583]","[0.20580794422227333, 0.22866271536782876]","[2.3478966748734655, 2.6547318235109185]",12500,"body origin, body frame; no gravity/external torque","[2.8526291916551462e-05, 2.8526646554196996e-05, 4.79445860946571e-06]",4.062641662138433e-05,0.0011174570007231315,0.0008071479140514501,0.02220014125510994,"[0.00013373426644127105, 0.00017767196571212524, 1.683671055291364e-05]",0.000223014923811923,0.0030357389914174356,0.0018786419214862954,0.036129591337043854,"[0.00014799267778771428, 0.0001888419386185003, 1.9453039166560774e-05]",0.00024071047171402233,0.003558399777340257,0.0023611427833142673,0.04263604190898329,"[2.853671450128569e-05, 2.8536714501285874e-05, 4.7944586094657086e-06]",4.0640804401656074e-05,0.001117802056762259,0.0008071479140514501,0.02220014125510994,"[1.979786247194157e-08, 2.7227531067581252e-08, 1.578026372650956e-19]",3.3664429395045814e-08,3.481226694330875e-07,0.0,0.0,
motor1_70_restore-A_best-oracle_integral_020,A_best,motor1_70_restore,oracle_integral_020,oracle,integral_020,True,60.0,horizon,restore_30_60,False,True,"[-8.56558617416836e-07, 2.8243978919278577e-07]",9.019228900467639e-07,0.001215262921874034,0.0012152625871871936,0.010194891323329262,5.476431603650781e-07,5.476431603650781e-07,0.0004181895911014308,0.0004181892325162743,0.0028961091765559166,0.0012852029035865878,3.3881317890172014e-21,1.852884572118782e-22,3000,30.01,60.0,0.006166291805507399,0.0019216412570786689,0.007871286666214351,0.0025534855712660036,4.407311836761945,1.9821030124180428,-0.002100151775140276,0.007938689485634748,-0.1203298330524457,0.4548534023917534,[0.0],[0.0],0.0,[0.0],[0.0],0.0,[0.0],[0.0],0.0,[0.0],[0.0],0.0,[0.0],[0.0],0.0,[0.0],[0.0],0.0,[0.0],[0.0],0.0,[0.0],[0.0],0.0,"[0.0014383853977841957, 0.0013023808925082655, -0.0013277583827887498]",0.0020495171881870573,0.001414427209219411,every physics interval; dwell = interval count * physics_dt,0.002,"[0.0, 0.0, 0.0, 0.0]","[0.0, 0.0, 0.0, 0.0]",0.0,"[0.0, 0.0, 0.0, 0.0]","[0.0, 0.0, 0.0, 0.0]",0.0,"[0.0, 0.0, 0.0, 0.0]","[0.0, 0.0, 0.0, 0.0]",0.0,"[0.0, 0.0, 0.0, 0.0]","[0.0, 0.0, 0.0, 0.0]",0.0,"[0.0, 0.0, 0.0, 0.0]","[0.0, 0.0, 0.0, 0.0]",0.0,"[0.0, 0.0, 0.0, 0.0]","[0.0, 0.0, 0.0, 0.0]",0.0,"[0.0, 0.0, 0.0, 0.0]","[0.0, 0.0, 0.0, 0.0]",0.0,"[0.0, 0.0, 0.0, 0.0]","[0.0, 0.0, 0.0, 0.0]",0.0,"[0.04537298935595794, 0.08314504167869073, 0.07941388814524966, 0.09134501429760974]","[0.04965384586932589, 0.07095711345332317, 0.06916980747368925, 0.076315397686332]","[0.35537848123396865, 0.4792186519816276, 0.4680667131013565, 0.5031540053455382]","[0.33989195209734147, 0.3942609519713737, 0.38962268503090003, 0.4082653743799478]","[0.04985933649631072, 0.08465535831468153, 0.08296907765063094, 0.0871493538046964]","[0.2, 0.2, 0.2, 0.2]","[0.2, 0.2, 0.2, 0.2]","[0.2, 0.2, 0.2, 0.2]","[0.2, 0.2, 0.2, 0.2]","[0.003935191642355651, 0.0021026088216262256, 0.0016243189992010418, 0.0012260728410723983]","[0.214168587773261, 0.23759113833816983]","[3.050258236951659, 3.1827497680115897]",15000,"body origin, body frame; no gravity/external torque","[2.8883002973047487e-08, 3.6500665889221454e-08, 2.0347163223831965e-19]",4.6545960846217776e-08,5.431608177618783e-07,4.76124767248397e-17,5.551115123125783e-17,"[0.0001924200920744583, 0.0002370377672719345, 2.3102224814828358e-05]",0.00030617986174567803,0.004057689181517934,0.00255280769737495,0.048934026897743954,"[0.000192393894249247, 0.0002370048303407199, 2.3102224814828385e-05]",0.00030613789856961395,0.00405725868477142,0.0025528076973749514,0.04893402689774401,"[6.576535835155668e-17, 1.1744075930074286e-18, 2.1651442847413468e-19]",6.577619988111915e-17,8.673644484895996e-17,4.76124767248397e-17,5.551115123125783e-17,"[2.8883002974000078e-08, 3.650066588930519e-08, 1.5845680589221803e-19]",4.654596084687456e-08,5.431608177340864e-07,0.0,0.0,
motor1_70_restore-A_best-oracle_integral_020,A_best,motor1_70_restore,oracle_integral_020,oracle,integral_020,True,60.0,horizon,full_0_60,True,False,,,,,,,,,,,,,,,,,,,,,,,,,,,,,,,,,,,,,,,,,,,,,,,,,,,,,,,,,,,,,,,,,,,,,,,,,,,,,,,,,,,,,,,,,,,,,,,,,,,,,,,,,,,,,,,,,,,,,,,
motor1_70_restore-A_best-oracle_integral_020,A_best,motor1_70_restore,oracle_integral_020,oracle,integral_020,True,60.0,horizon,pre_3_5,True,False,,,,,,,,,,,,,,,,,,,,,,,,,,,,,,,,,,,,,,,,,,,,,,,,,,,,,,,,,,,,,,,,,,,,,,,,,,,,,,,,,,,,,,,,,,,,,,,,,,,,,,,,,,,,,,,,,,,,,,,
motor1_70_restore-A_best-oracle_integral_020,A_best,motor1_70_restore,oracle_integral_020,oracle,integral_020,True,60.0,horizon,tail_18_20,True,False,,,,,,,,,,,,,,,,,,,,,,,,,,,,,,,,,,,,,,,,,,,,,,,,,,,,,,,,,,,,,,,,,,,,,,,,,,,,,,,,,,,,,,,,,,,,,,,,,,,,,,,,,,,,,,,,,,,,,,,
motor1_70_restore-A_best-oracle_integral_020,A_best,motor1_70_restore,oracle_integral_020,oracle,integral_020,True,60.0,horizon,pre_second_28_30,True,False,,,,,,,,,,,,,,,,,,,,,,,,,,,,,,,,,,,,,,,,,,,,,,,,,,,,,,,,,,,,,,,,,,,,,,,,,,,,,,,,,,,,,,,,,,,,,,,,,,,,,,,,,,,,,,,,,,,,,,,
motor1_70_restore-A_best-oracle_integral_020,A_best,motor1_70_restore,oracle_integral_020,oracle,integral_020,True,60.0,horizon,tail_58_60,True,False,,,,,,,,,,,,,,,,,,,,,,,,,,,,,,,,,,,,,,,,,,,,,,,,,,,,,,,,,,,,,,,,,,,,,,,,,,,,,,,,,,,,,,,,,,,,,,,,,,,,,,,,,,,,,,,,,,,,,,,
motor1_70_restore-A_best-oracle_integral_020,A_best,motor1_70_restore,oracle_integral_020,oracle,integral_020,True,60.0,horizon,fault_5_30,True,False,,,,,,,,,,,,,,,,,,,,,,,,,,,,,,,,,,,,,,,,,,,,,,,,,,,,,,,,,,,,,,,,,,,,,,,,,,,,,,,,,,,,,,,,,,,,,,,,,,,,,,,,,,,,,,,,,,,,,,,
motor1_70_restore-A_best-oracle_integral_020,A_best,motor1_70_restore,oracle_integral_020,oracle,integral_020,True,60.0,horizon,restore_30_60,True,False,,,,,,,,,,,,,,,,,,,,,,,,,,,,,,,,,,,,,,,,,,,,,,,,,,,,,,,,,,,,,,,,,,,,,,,,,,,,,,,,,,,,,,,,,,,,,,,,,,,,,,,,,,,,,,,,,,,,,,,
motor1_70_restore-B_best-existing_no_integral,B_best,motor1_70_restore,existing_no_integral,existing,no_integral,True,60.0,horizon,full_0_60,False,True,"[0.03305432886684043, -0.06501667008352754]",0.07293665776266078,0.1099805875650321,0.08231630212516942,0.17318531119267647,-0.004359958492191162,0.004359958492191162,0.010539647687146917,0.009595568524873952,0.046071110991678266,0.11048445055535586,1.3877787807814457e-17,-1.7618285302889447e-19,6000,0.01,60.0,0.030156518650916526,0.012630559615484902,0.44096320078642826,0.044027002567895226,7.965383475484054,2.5905189860067805,-0.017024362296821048,0.06583418999511413,-0.9754241085094906,3.7720212343824295,[0.0],[0.0],0.0,[0.0],[0.0],0.0,[0.0],[0.0],0.0,[0.0],[0.0],0.0,[0.0],[0.0],0.0,[0.0],[0.0],0.0,[0.0],[0.0],0.0,[0.0],[0.0],0.0,"[0.0, 0.0, 0.0]",0.0,0.0,every physics interval; dwell = interval count * physics_dt,0.002,"[0.0, 0.0, 0.0, 0.0]","[0.0, 0.0, 0.0, 0.0]",0.0,"[0.0, 0.0, 0.0, 0.0]","[0.0, 0.0, 0.0, 0.0]",0.0,"[0.0, 0.0, 0.0, 0.0]","[0.0, 0.0, 0.0, 0.0]",0.0,"[0.0, 0.0, 0.0, 0.0]","[0.0, 0.0, 0.0, 0.0]",0.0,"[0.0, 0.0, 0.0, 0.0]","[0.0, 0.0, 0.0, 0.0]",0.0,"[0.0, 0.0, 0.0, 0.0]","[0.0, 0.0, 0.0, 0.0]",0.0,"[0.0, 0.0, 0.0, 0.0]","[0.0, 0.0, 0.0, 0.0]",0.0,"[0.0, 0.0, 0.0, 0.0]","[0.0, 0.0, 0.0, 0.0]",0.0,"[0.0507203683184199, 0.08469079885673537, 0.06461224152777599, 0.08325752462971256]","[0.013713986240788734, 0.07076404509779727, 0.04372290840030282, 0.06976247780446046]","[0.37479753395549564, 0.48378871606881185, 0.4218698718968763, 0.4795521719305333]","[0.2513543391455776, 0.3937591476004503, 0.32505825164398383, 0.3911589741429772]","[0.02407180056231345, 0.08027616026441733, 0.06942287461278515, 0.08086198051683062]","[0.2, 0.2, 0.2, 0.2]","[0.2, 0.2, 0.2, 0.2]","[0.13999999999999999, 0.2, 0.2, 0.2]","[0.2, 0.2, 0.2, 0.2]","[0.0029785626022874132, 0.0019107659492010127, 0.00295168803567046, 0.0014890564276093393]","[0.5820834183377421, 0.5572091310981088]","[5.845163024213942, 5.439892192110293]",30000,"body origin, body frame; no gravity/external torque","[0.001041539870254159, 0.0010415398465838453, 0.00017498935121288222]",0.0014833178440202544,0.0028136903007311568,0.02945948673617566,0.055885804127763394,"[0.0001800670743651389, 0.00023267848436165145, 1.6133923938454393e-05]",0.0002946586700860997,0.004445672676054295,0.0035569751524613348,0.07856001871173512,"[0.0010586981309969757, 0.0010689199011170666, 0.00017604593145582886]",0.001514735507460891,0.005187591825131956,0.029729302729873987,0.13190182848553345,"[0.001041540153557556, 0.0010415401535574932, 0.00017498935121288222]",0.0014833182584944977,0.0028139130323531184,0.02945948673617566,0.055885804127763394,"[2.767154459772991e-08, 3.582019712962033e-08, 1.5422116920720584e-19]",4.526368194070224e-08,6.093620159982571e-07,0.0,0.0,
motor1_70_restore-B_best-existing_no_integral,B_best,motor1_70_restore,existing_no_integral,existing,no_integral,True,60.0,horizon,pre_3_5,False,True,"[0.001571657565232725, -0.000616266227971255]",0.0016881621859558328,0.0016885393413382317,3.5686708390777085e-05,0.0017554920367798814,0.0017958251958520898,0.0017958251958520898,0.0017959264963176012,1.9074750808805167e-05,0.0018601638476123394,0.0024650592462297054,4.749671077279485e-21,-3.062636217977585e-22,200,3.0100000000000002,5.0,0.00015695520742788064,9.812356344171281e-05,0.006736174184534802,0.00713893715137159,0.017388441791516853,0.005041711337255518,0.017013125265239893,0.017057035809200035,0.9747802740256352,0.9772961628706749,[0.0],[0.0],0.0,[0.0],[0.0],0.0,[0.0],[0.0],0.0,[0.0],[0.0],0.0,[0.0],[0.0],0.0,[0.0],[0.0],0.0,[0.0],[0.0],0.0,[0.0],[0.0],0.0,"[0.0, 0.0, 0.0]",0.0,0.0,every physics interval; dwell = interval count * physics_dt,0.002,"[0.0, 0.0, 0.0, 0.0]","[0.0, 0.0, 0.0, 0.0]",0.0,"[0.0, 0.0, 0.0, 0.0]","[0.0, 0.0, 0.0, 0.0]",0.0,"[0.0, 0.0, 0.0, 0.0]","[0.0, 0.0, 0.0, 0.0]",0.0,"[0.0, 0.0, 0.0, 0.0]","[0.0, 0.0, 0.0, 0.0]",0.0,"[0.0, 0.0, 0.0, 0.0]","[0.0, 0.0, 0.0, 0.0]",0.0,"[0.0, 0.0, 0.0, 0.0]","[0.0, 0.0, 0.0, 0.0]",0.0,"[0.0, 0.0, 0.0, 0.0]","[0.0, 0.0, 0.0, 0.0]",0.0,"[0.0, 0.0, 0.0, 0.0]","[0.0, 0.0, 0.0, 0.0]",0.0,"[0.10630557147847866, 0.10631292978442294, 0.10634869981186316, 0.10634571797056588]","[0.09350523505981109, 0.09350134847260114, 0.09353272700465382, 0.09354107706741456]","[0.5451223215594614, 0.545142498881957, 0.5452405785071363, 0.5452324028220014]","[0.4543590198571825, 0.45434836796160305, 0.45443436980198326, 0.454457256804187]","[0.09356006895564113, 0.09355577022861136, 0.09356685123735829, 0.0935727372208111]","[0.2, 0.2, 0.2, 0.2]","[0.2, 0.2, 0.2, 0.2]","[0.2, 0.2, 0.2, 0.2]","[0.2, 0.2, 0.2, 0.2]","[3.854688573464687e-05, 3.99802406586498e-05, 2.4903590334640572e-05, 2.2594504195182225e-05]","[0.0017354630731043301, 0.005893513364552137]","[0.0035875732614585724, 0.01707679229550319]",1000,"body origin, body frame; no gravity/external torque","[1.673223553179138e-11, 6.817739749404622e-10, 2.1186893674531826e-19]",6.819792669957111e-10,1.517838286361159e-09,4.8234047858538485e-17,5.551115123125783e-17,"[1.0441980018290724e-07, 4.436760144328075e-06, 1.8634558014387324e-07]",4.441899227606078e-06,1.0828058591486577e-05,1.110536649433637e-05,3.829802894944612e-05,"[1.0440477568693937e-07, 4.436126711771887e-06, 1.8634558014388062e-07]",4.4412661747886136e-06,1.082668087062678e-05,1.1105366494332716e-05,3.829802894944612e-05,"[6.571162321525041e-17, 1.1759365544256622e-18, 2.3078867245740244e-19]",6.57225495227813e-17,6.700267694769941e-17,4.8234047858538485e-17,5.551115123125783e-17,"[1.673223488158353e-11, 6.817739748851919e-10, 1.4465061162897554e-19]",6.819792669245053e-10,1.517838285362609e-09,0.0,0.0,
motor1_70_restore-B_best-existing_no_integral,B_best,motor1_70_restore,existing_no_integral,existing,no_integral,True,60.0,horizon,tail_18_20,False,True,"[0.07684041296339093, -0.15512908352924046]",0.17311695936853363,0.17311695936863283,1.853292652724539e-07,0.1731172581522475,-0.01280673355821015,0.01280673355821015,0.012806733558357007,6.13320229745375e-08,0.012806859696899209,0.17359001712505132,-2.881189038757547e-18,-1.1312998229968133e-19,200,18.01,20.0,1.2926680611384594e-06,4.466855796661129e-07,0.6924679675581321,0.05122698086769517,8.17351717973687e-05,1.1614668668995327e-05,-0.0630430567934865,0.06304315774441972,-3.612101081870329,3.612106865932741,[0.0],[0.0],0.0,[0.0],[0.0],0.0,[0.0],[0.0],0.0,[0.0],[0.0],0.0,[0.0],[0.0],0.0,[0.0],[0.0],0.0,[0.0],[0.0],0.0,[0.0],[0.0],0.0,"[0.0, 0.0, 0.0]",0.0,0.0,every physics interval; dwell = interval count * physics_dt,0.002,"[0.0, 0.0, 0.0, 0.0]","[0.0, 0.0, 0.0, 0.0]",0.0,"[0.0, 0.0, 0.0, 0.0]","[0.0, 0.0, 0.0, 0.0]",0.0,"[0.0, 0.0, 0.0, 0.0]","[0.0, 0.0, 0.0, 0.0]",0.0,"[0.0, 0.0, 0.0, 0.0]","[0.0, 0.0, 0.0, 0.0]",0.0,"[0.0, 0.0, 0.0, 0.0]","[0.0, 0.0, 0.0, 0.0]",0.0,"[0.0, 0.0, 0.0, 0.0]","[0.0, 0.0, 0.0, 0.0]",0.0,"[0.0, 0.0, 0.0, 0.0]","[0.0, 0.0, 0.0, 0.0]",0.0,"[0.0, 0.0, 0.0, 0.0]","[0.0, 0.0, 0.0, 0.0]",0.0,"[0.15199889737630926, 0.10639919921873421, 0.10639921357951246, 0.10639919716770489]","[0.04800098377824591, 0.09360066954260221, 0.09360066441399872, 0.09360064453637247]","[0.6642529976452624, 0.5453790286724727, 0.5453790680414897, 0.5453790230497262]","[0.3357467046235474, 0.45462061154645794, 0.45462059748677486, 0.45462054299374977]","[0.03360069752629237, 0.0936006787518027, 0.09360067446688214, 0.09360066012442761]","[0.2, 0.2, 0.2, 0.2]","[0.2, 0.2, 0.2, 0.2]","[0.13999999999999999, 0.2, 0.2, 0.2]","[0.13999999999999999, 0.2, 0.2, 0.2]","[1.0773943252676883e-08, 1.29764020062159e-08, 1.1482697210566113e-08, 1.3997085410021826e-08]","[3.833483365003854e-05, 1.013018027829041e-05]","[8.16864278487435e-05, 1.79729477042613e-05]",1000,"body origin, body frame; no gravity/external torque","[0.0016121768469061642, 0.0016121768468937482, 0.000270862126164067]",0.0022959953533817734,0.0022959963770323214,0.045599684539405085,0.04559970486652626,"[5.968684123914313e-10, 5.927460184917011e-10, 4.231670083614548e-11]",8.422531966802429e-10,2.1478031157101973e-09,3.9943225763466647e-08,1.2626882556210361e-07,"[0.0016121768486113313, 0.0016121768436662453, 0.0002708621245692863]",0.002295995352124696,0.0022959968323193317,0.045599687145221654,0.04559981682416331,"[0.0016121768468907584, 0.0016121768468906692, 0.000270862126164067]",0.0022959953533687907,0.002295996376862181,0.045599684539405085,0.04559970486652626,"[1.2575886429365542e-13, 9.560416619107142e-14, 1.571158215052451e-19]",1.5797293610471618e-13,3.8455756970426203e-13,0.0,0.0,
motor1_70_restore-B_best-existing_no_integral,B_best,motor1_70_restore,existing_no_integral,existing,no_integral,True,60.0,horizon,pre_second_28_30,False,True,"[0.07684041035521616, -0.1551290649030187]",0.17311694152001125,0.17311694152001134,4.158043617325964e-09,0.17311694576571468,-0.0128067211836234,0.0128067211836234,0.012806721183623448,1.1291068738763145e-09,0.012806723165928569,0.173589998412115,3.527354988136497e-18,-2.8049834276413626e-20,200,28.01,30.0,2.7265614546864872e-08,8.980848578801182e-09,0.6924677648292051,0.05122688468954545,2.2588727439225506e-06,9.059857228141778e-07,-0.06304307098116711,0.06304307354626718,-3.612101894764549,3.612102041733957,[0.0],[0.0],0.0,[0.0],[0.0],0.0,[0.0],[0.0],0.0,[0.0],[0.0],0.0,[0.0],[0.0],0.0,[0.0],[0.0],0.0,[0.0],[0.0],0.0,[0.0],[0.0],0.0,"[0.0, 0.0, 0.0]",0.0,0.0,every physics interval; dwell = interval count * physics_dt,0.002,"[0.0, 0.0, 0.0, 0.0]","[0.0, 0.0, 0.0, 0.0]",0.0,"[0.0, 0.0, 0.0, 0.0]","[0.0, 0.0, 0.0, 0.0]",0.0,"[0.0, 0.0, 0.0, 0.0]","[0.0, 0.0, 0.0, 0.0]",0.0,"[0.0, 0.0, 0.0, 0.0]","[0.0, 0.0, 0.0, 0.0]",0.0,"[0.0, 0.0, 0.0, 0.0]","[0.0, 0.0, 0.0, 0.0]",0.0,"[0.0, 0.0, 0.0, 0.0]","[0.0, 0.0, 0.0, 0.0]",0.0,"[0.0, 0.0, 0.0, 0.0]","[0.0, 0.0, 0.0, 0.0]",0.0,"[0.0, 0.0, 0.0, 0.0]","[0.0, 0.0, 0.0, 0.0]",0.0,"[0.15199892826949513, 0.1063992306135948, 0.10639923567962664, 0.10639923437651555]","[0.048001040986494714, 0.09360070910859909, 0.09360071449788245, 0.09360071489047182]","[0.6642530750387677, 0.5453791147391672, 0.5453791286273219, 0.5453791250549364]","[0.3357468479414455, 0.45462072001369214, 0.45462073478801146, 0.4546207358642679]","[0.033600735860873726, 0.09360072956088848, 0.09360073083255102, 0.09360073030705435]","[0.2, 0.2, 0.2, 0.2]","[0.2, 0.2, 0.2, 0.2]","[0.13999999999999999, 0.2, 0.2, 0.2]","[0.13999999999999999, 0.2, 0.2, 0.2]","[6.029056062103621e-09, 1.1886853738460435e-08, 1.1140284925812607e-08, 1.1249649069460183e-08]","[1.0538280792106104e-06, 5.141964829178526e-07]","[2.076964959226941e-06, 1.424487603827847e-06]",1000,"body origin, body frame; no gravity/external torque","[0.001612176790051188, 0.0016121767900476168, 0.00027086211661430336]",0.0022959952724177753,0.0022959955126065574,0.04559968293170089,0.045599687704051595,"[8.232352954901931e-10, 9.01485004988935e-10, 4.0702913239877783e-11]",1.2214942869726984e-09,2.1985936437516496e-09,2.0003071984259137e-08,6.332808483167085e-08,"[0.0016121767918266465, 0.0016121768043838728, 0.00027086211675436103]",0.0022959952837474447,0.002295996724289135,0.04559968299857667,0.04559974643532794,"[0.001612176790050374, 0.0016121767900502857, 0.0002708621166143033]",0.0022959952724190776,0.002295995512712297,0.04559968293170089,0.045599687704051595,"[1.2887376759057396e-13, 1.4042307619491377e-13, 1.54855044337518e-19]",1.9059666392950268e-13,3.3905170958647473e-13,0.0,0.0,
motor1_70_restore-B_best-existing_no_integral,B_best,motor1_70_restore,existing_no_integral,existing,no_integral,True,60.0,horizon,tail_58_60,False,True,"[0.0015417356124657938, -0.0005826225977911498]",0.0016481498081795185,0.0016481498081820309,2.8777441760925303e-09,0.0016481503439686642,0.0017659365466963462,0.0017659365466963462,0.0017659365466967422,1.1823947173533966e-09,0.0017659382455559314,0.002415559909662702,-3.9393420281004147e-22,8.176447652582773e-22,200,58.01,60.0,1.504028315379294e-08,7.47174895887495e-09,0.0065925989000678725,0.007063746988764012,1.2074182697257333e-06,8.742329519067845e-07,0.01706157238229026,0.017061574728137026,0.9775560893621974,0.9775562237693165,[0.0],[0.0],0.0,[0.0],[0.0],0.0,[0.0],[0.0],0.0,[0.0],[0.0],0.0,[0.0],[0.0],0.0,[0.0],[0.0],0.0,[0.0],[0.0],0.0,[0.0],[0.0],0.0,"[0.0, 0.0, 0.0]",0.0,0.0,every physics interval; dwell = interval count * physics_dt,0.002,"[0.0, 0.0, 0.0, 0.0]","[0.0, 0.0, 0.0, 0.0]",0.0,"[0.0, 0.0, 0.0, 0.0]","[0.0, 0.0, 0.0, 0.0]",0.0,"[0.0, 0.0, 0.0, 0.0]","[0.0, 0.0, 0.0, 0.0]",0.0,"[0.0, 0.0, 0.0, 0.0]","[0.0, 0.0, 0.0, 0.0]",0.0,"[0.0, 0.0, 0.0, 0.0]","[0.0, 0.0, 0.0, 0.0]",0.0,"[0.0, 0.0, 0.0, 0.0]","[0.0, 0.0, 0.0, 0.0]",0.0,"[0.0, 0.0, 0.0, 0.0]","[0.0, 0.0, 0.0, 0.0]",0.0,"[0.0, 0.0, 0.0, 0.0]","[0.0, 0.0, 0.0, 0.0]",0.0,"[0.10639923004119188, 0.10639923067324637, 0.10639923669379873, 0.10639923987980908]","[0.09360071099108179, 0.09360071254363328, 0.09360071599787645, 0.0936007209366125]","[0.545379113169968, 0.5453791149026995, 0.5453791314075976, 0.5453791401418102]","[0.45462072517438057, 0.45462072943058296, 0.45462073890013477, 0.4546207524393142]","[0.09360072814194928, 0.09360072884146256, 0.0936007306213878, 0.09360073320908066]","[0.2, 0.2, 0.2, 0.2]","[0.2, 0.2, 0.2, 0.2]","[0.2, 0.2, 0.2, 0.2]","[0.2, 0.2, 0.2, 0.2]","[1.499604235269513e-08, 1.4946007607969742e-08, 1.238860562619838e-08, 8.851644460361869e-09]","[5.166001830697234e-07, 6.574974175241412e-07]","[1.168646023115521e-06, 1.2610310119700825e-06]",1000,"body origin, body frame; no gravity/external torque","[4.255412222785511e-14, 2.6478646484446013e-13, 2.172107592437363e-19]",2.681841257111556e-13,4.338146073558949e-13,4.6938937529294354e-17,5.551115123125783e-17,"[2.762631004015541e-10, 1.7118301301845058e-09, 6.113052228096875e-11]",1.735056378336257e-09,2.897437597027193e-09,1.4482745722055287e-08,4.022563537819934e-08,"[2.7622324819741055e-10, 1.711582800625084e-09, 6.113052227576421e-11]",1.73480601422581e-09,2.8970510741567266e-09,1.4482745719695134e-08,4.022563532268819e-08,"[6.575302104762432e-17, 1.0910976232150064e-18, 2.1687713799744977e-19]",6.576243081430096e-17,6.67843484942642e-17,4.6938937529294354e-17,5.551115123125783e-17,"[4.25541061777362e-14, 2.6478648181945106e-13, 1.462668697448798e-19]",2.681841399242877e-13,4.3382098221337665e-13,0.0,0.0,
motor1_70_restore-B_best-existing_no_integral,B_best,motor1_70_restore,existing_no_integral,existing,no_integral,True,60.0,horizon,fault_5_30,False,True,"[0.0748345070133963, -0.1493448693889028]",0.1670451838657029,0.16863404145898142,0.02309429553077632,0.17318531119267647,-0.01435861274522191,0.01435861274522191,0.015291889088289174,0.005260428872372463,0.046071110991678266,0.1693259631913488,1.3660947373317356e-16,-1.3755815063409838e-18,2500,5.01,30.0,0.03319006150840241,0.0146291761936187,0.6788991874977374,0.06311051160393036,7.199346157589455,2.0128729991589593,-0.06166655755141894,0.06583418999511413,-3.5332334847969014,3.7720212343824295,[0.0],[0.0],0.0,[0.0],[0.0],0.0,[0.0],[0.0],0.0,[0.0],[0.0],0.0,[0.0],[0.0],0.0,[0.0],[0.0],0.0,[0.0],[0.0],0.0,[0.0],[0.0],0.0,"[0.0, 0.0, 0.0]",0.0,0.0,every physics interval; dwell = interval count * physics_dt,0.002,"[0.0, 0.0, 0.0, 0.0]","[0.0, 0.0, 0.0, 0.0]",0.0,"[0.0, 0.0, 0.0, 0.0]","[0.0, 0.0, 0.0, 0.0]",0.0,"[0.0, 0.0, 0.0, 0.0]","[0.0, 0.0, 0.0, 0.0]",0.0,"[0.0, 0.0, 0.0, 0.0]","[0.0, 0.0, 0.0, 0.0]",0.0,"[0.0, 0.0, 0.0, 0.0]","[0.0, 0.0, 0.0, 0.0]",0.0,"[0.0, 0.0, 0.0, 0.0]","[0.0, 0.0, 0.0, 0.0]",0.0,"[0.0, 0.0, 0.0, 0.0]","[0.0, 0.0, 0.0, 0.0]",0.0,"[0.0, 0.0, 0.0, 0.0]","[0.0, 0.0, 0.0, 0.0]",0.0,"[0.1064196316416395, 0.08469079885673537, 0.06569099275711118, 0.08325752462971256]","[0.013713986240788734, 0.07897001263843335, 0.05238472556977322, 0.08063263584336142]","[0.5454350410585596, 0.48378871606881185, 0.42535734719810403, 0.4795521719305333]","[0.2513543391455776, 0.41526188823758403, 0.34676111446848024, 0.4196647965912297]","[0.02407180056231345, 0.08438835716992536, 0.07619307516927581, 0.08473391793702419]","[0.2, 0.2, 0.2, 0.2]","[0.2, 0.2, 0.2, 0.2]","[0.13999999999999999, 0.2, 0.2, 0.2]","[0.13999999999999999, 0.2, 0.2, 0.2]","[0.002313242671822885, 0.0013466456914686838, 0.002641581981846146, 0.0012413763527372214]","[0.6294931977595053, 0.5858240733068513]","[5.21429193303433, 4.970918868962411]",12500,"body origin, body frame; no gravity/external torque","[0.0016135466283301648, 0.0016135465912884444, 0.0002710923372044534]",0.002297946121941319,0.0028136903007311568,0.045638440606810646,0.055885804127763394,"[0.00013779510243320882, 0.0001443642141210207, 1.1336226475136285e-05]",0.00019989253763974014,0.00279081224013545,0.004039953438922424,0.07856001871173512,"[0.0016220992346257111, 0.0016226992624592447, 0.00027181793462517255]",0.0023104639821782506,0.005187591825131956,0.045903722162313795,0.13190182848553345,"[0.0016135470676538922, 0.0016135470676537946, 0.0002710923372044534]",0.0022979467649098316,0.0028139130323531184,0.045638440606810646,0.055885804127763394,"[2.1061156680567593e-08, 2.203055166219033e-08, 1.5726538443440417e-19]",3.0478148356878e-08,3.6783298648319583e-07,0.0,0.0,
motor1_70_restore-B_best-existing_no_integral,B_best,motor1_70_restore,existing_no_integral,existing,no_integral,True,60.0,horizon,restore_30_60,False,True,"[0.0034757353891345676, -0.005487354725101127]",0.006495521408968806,0.02220508836567601,0.021233797374777503,0.17311638869427018,0.0029503284189815264,0.0029503284189815264,0.005173011327887224,0.004249189148366967,0.028848692212471327,0.022799692882272113,1.0842021724855044e-19,-7.792703114739563e-20,3000,30.01,60.0,0.030005581903262715,0.011848479938234175,0.06928940504575773,0.023414652180284497,7.965383475484054,2.5905189860067805,0.014888680610352272,0.06253265451678972,0.8530585614914478,3.582857185561735,[0.0],[0.0],0.0,[0.0],[0.0],0.0,[0.0],[0.0],0.0,[0.0],[0.0],0.0,[0.0],[0.0],0.0,[0.0],[0.0],0.0,[0.0],[0.0],0.0,[0.0],[0.0],0.0,"[0.0, 0.0, 0.0]",0.0,0.0,every physics interval; dwell = interval count * physics_dt,0.002,"[0.0, 0.0, 0.0, 0.0]","[0.0, 0.0, 0.0, 0.0]",0.0,"[0.0, 0.0, 0.0, 0.0]","[0.0, 0.0, 0.0, 0.0]",0.0,"[0.0, 0.0, 0.0, 0.0]","[0.0, 0.0, 0.0, 0.0]",0.0,"[0.0, 0.0, 0.0, 0.0]","[0.0, 0.0, 0.0, 0.0]",0.0,"[0.0, 0.0, 0.0, 0.0]","[0.0, 0.0, 0.0, 0.0]",0.0,"[0.0, 0.0, 0.0, 0.0]","[0.0, 0.0, 0.0, 0.0]",0.0,"[0.0, 0.0, 0.0, 0.0]","[0.0, 0.0, 0.0, 0.0]",0.0,"[0.0, 0.0, 0.0, 0.0]","[0.0, 0.0, 0.0, 0.0]",0.0,"[0.0507203683184199, 0.08601777863655555, 0.06461224152777599, 0.08976288243804732]","[0.04800106833143006, 0.07076404509779727, 0.04372290840030282, 0.06976247780446046]","[0.37479753395549564, 0.48768965183896307, 0.4218698718968763, 0.49859293556752093]","[0.3357469164458796, 0.3937591476004503, 0.32505825164398383, 0.3911589741429772]","[0.04800105401803684, 0.08027616026441733, 0.06942287461278515, 0.08086198051683062]","[0.2, 0.2, 0.2, 0.2]","[0.2, 0.2, 0.2, 0.2]","[0.2, 0.2, 0.2, 0.2]","[0.2, 0.2, 0.2, 0.2]","[0.0036407326361392075, 0.0024050624837822997, 0.0034024776033605535, 0.0017740810057324987]","[0.5894229722804145, 0.5783041254493986]","[5.845163024213942, 5.439892192110293]",15000,"body origin, body frame; no gravity/external torque","[3.408491789213191e-08, 4.6481166413958796e-08, 1.990579752001495e-19]",5.7639226737661826e-08,6.093620160294824e-07,4.787065743398099e-17,1.1102230246251565e-16,"[0.00022141647527666034, 0.00030143100006966124, 2.0264972315913935e-05]",0.000374561840594985,0.004445672676054295,0.0033964087442683354,0.05757980098414245,"[0.0002213859094671791, 0.00030138855285490854, 2.0264972315913945e-05]",0.00037450961243411804,0.004445175953672944,0.0033964087442683354,0.05757980098414245,"[6.577420492668236e-17, 1.1732256026265139e-18, 2.1473086413245837e-19]",6.578501806183415e-17,8.999322151680812e-17,4.787065743398099e-17,1.1102230246251565e-16,"[3.4084917892638763e-08, 4.64811664140424e-08, 1.5209776074677305e-19]",5.7639226738028837e-08,6.093620159982571e-07,0.0,0.0,
motor1_70_restore-B_best-existing_no_integral,B_best,motor1_70_restore,existing_no_integral,existing,no_integral,True,60.0,horizon,full_0_60,True,False,,,,,,,,,,,,,,,,,,,,,,,,,,,,,,,,,,,,,,,,,,,,,,,,,,,,,,,,,,,,,,,,,,,,,,,,,,,,,,,,,,,,,,,,,,,,,,,,,,,,,,,,,,,,,,,,,,,,,,,
motor1_70_restore-B_best-existing_no_integral,B_best,motor1_70_restore,existing_no_integral,existing,no_integral,True,60.0,horizon,pre_3_5,True,False,,,,,,,,,,,,,,,,,,,,,,,,,,,,,,,,,,,,,,,,,,,,,,,,,,,,,,,,,,,,,,,,,,,,,,,,,,,,,,,,,,,,,,,,,,,,,,,,,,,,,,,,,,,,,,,,,,,,,,,
motor1_70_restore-B_best-existing_no_integral,B_best,motor1_70_restore,existing_no_integral,existing,no_integral,True,60.0,horizon,tail_18_20,True,False,,,,,,,,,,,,,,,,,,,,,,,,,,,,,,,,,,,,,,,,,,,,,,,,,,,,,,,,,,,,,,,,,,,,,,,,,,,,,,,,,,,,,,,,,,,,,,,,,,,,,,,,,,,,,,,,,,,,,,,
motor1_70_restore-B_best-existing_no_integral,B_best,motor1_70_restore,existing_no_integral,existing,no_integral,True,60.0,horizon,pre_second_28_30,True,False,,,,,,,,,,,,,,,,,,,,,,,,,,,,,,,,,,,,,,,,,,,,,,,,,,,,,,,,,,,,,,,,,,,,,,,,,,,,,,,,,,,,,,,,,,,,,,,,,,,,,,,,,,,,,,,,,,,,,,,
motor1_70_restore-B_best-existing_no_integral,B_best,motor1_70_restore,existing_no_integral,existing,no_integral,True,60.0,horizon,tail_58_60,True,False,,,,,,,,,,,,,,,,,,,,,,,,,,,,,,,,,,,,,,,,,,,,,,,,,,,,,,,,,,,,,,,,,,,,,,,,,,,,,,,,,,,,,,,,,,,,,,,,,,,,,,,,,,,,,,,,,,,,,,,
motor1_70_restore-B_best-existing_no_integral,B_best,motor1_70_restore,existing_no_integral,existing,no_integral,True,60.0,horizon,fault_5_30,True,False,,,,,,,,,,,,,,,,,,,,,,,,,,,,,,,,,,,,,,,,,,,,,,,,,,,,,,,,,,,,,,,,,,,,,,,,,,,,,,,,,,,,,,,,,,,,,,,,,,,,,,,,,,,,,,,,,,,,,,,
motor1_70_restore-B_best-existing_no_integral,B_best,motor1_70_restore,existing_no_integral,existing,no_integral,True,60.0,horizon,restore_30_60,True,False,,,,,,,,,,,,,,,,,,,,,,,,,,,,,,,,,,,,,,,,,,,,,,,,,,,,,,,,,,,,,,,,,,,,,,,,,,,,,,,,,,,,,,,,,,,,,,,,,,,,,,,,,,,,,,,,,,,,,,,
motor1_70_restore-B_best-existing_integral_020,B_best,motor1_70_restore,existing_integral_020,existing,integral_020,True,60.0,horizon,full_0_60,False,True,"[0.00013378561372199633, -5.347501086451977e-05]",0.00014407694897495475,0.05025024545059507,0.05025003890225196,0.13964027104078922,0.0001398332590561194,0.0001398332590561194,0.007078417177921715,0.007077035848740569,0.0465418647154926,0.050746341322205166,-1.0842021724855044e-17,-1.9651164376299768e-19,6000,0.01,60.0,0.030489972411868346,0.013150731544317052,0.2033186445320382,0.03124084352711453,7.965147757149833,2.590509584559822,-0.017025641295581227,0.0661010533238993,-0.9754973897404513,3.7873113768286317,[0.0],[0.0],0.0,[0.0],[0.0],0.0,[0.0],[0.0],0.0,[0.0],[0.0],0.0,[0.0],[0.0],0.0,[0.0],[0.0],0.0,[0.0],[0.0],0.0,[0.0],[0.0],0.0,"[-0.0016055875506142431, 0.0006418709416265625, -0.0016778188276272991]",0.1728010003211378,0.012571975040128172,every physics interval; dwell = interval count * physics_dt,0.002,"[0.0, 0.0, 0.0, 0.0]","[0.0, 0.0, 0.0, 0.0]",0.0,"[0.0, 0.0, 0.0, 0.0]","[0.0, 0.0, 0.0, 0.0]",0.0,"[0.0, 0.0, 0.0, 0.0]","[0.0, 0.0, 0.0, 0.0]",0.0,"[0.0, 0.0, 0.0, 0.0]","[0.0, 0.0, 0.0, 0.0]",0.0,"[0.0, 0.0, 0.0, 0.0]","[0.0, 0.0, 0.0, 0.0]",0.0,"[0.0, 0.0, 0.0, 0.0]","[0.0, 0.0, 0.0, 0.0]",0.0,"[0.0, 0.0, 0.0, 0.0]","[0.0, 0.0, 0.0, 0.0]",0.0,"[0.0, 0.0, 0.0, 0.0]","[0.0, 0.0, 0.0, 0.0]",0.0,"[0.05071806171120373, 0.08469158185371511, 0.06455276739193136, 0.08325812428614301]","[0.013707810422462247, 0.07076655309993843, 0.04376142405879538, 0.06976517230819484]","[0.37478933540916637, 0.4837910238644911, 0.42167697902107415, 0.47955394954592834]","[0.25133934033528993, 0.3937656649475765, 0.32515422927312854, 0.39116596265222037]","[0.024066444294904732, 0.08027879527867915, 0.06945511200822149, 0.08086389261204946]","[0.2, 0.2, 0.2, 0.2]","[0.2, 0.2, 0.2, 0.2]","[0.13999999999999999, 0.2, 0.2, 0.2]","[0.2, 0.2, 0.2, 0.2]","[0.002975825782143718, 0.0019069903942793634, 0.002948765228207451, 0.00149175445315804]","[0.5863901190861673, 0.5598348683994889]","[5.8449635979886825, 5.439747749979512]",30000,"body origin, body frame; no gravity/external torque","[0.0010415432896675651, 0.0010415432661215823, 0.00017498992571488708]",0.001483322713894886,0.0028137835996493456,0.029459583453684636,0.055887656873261304,"[0.00018006279464019288, 0.00023220514884768893, 1.612671677754661e-05]",0.0002942820282637726,0.004445674727769689,0.003560137603357024,0.07859388162209308,"[0.0010587011861068474, 0.0010688202375476945, 0.00017604575119723292]",0.0015146672928964473,0.005187610457608101,0.029729802982013276,0.1319397483091605,"[0.0010415435730050761, 0.0010415435730050174, 0.00017498992571488714]",0.0014833231283297485,0.0028140063201707245,0.029459583453684636,0.055887656873261304,"[2.767094589933828e-08, 3.5746384517207587e-08, 1.539414372824202e-19]",4.520492509689864e-08,6.093591534073266e-07,0.0,0.0,
motor1_70_restore-B_best-existing_integral_020,B_best,motor1_70_restore,existing_integral_020,existing,integral_020,True,60.0,horizon,pre_3_5,False,True,"[0.0006866881972148647, -0.00036676843235183354]",0.000778498402801202,0.0007919077398131217,0.00014511411100201114,0.0010142144243679996,0.0008663949326117804,0.0008663949326117804,0.0008773455659079625,0.0001381848861597793,0.0011597133445755414,0.0011818854049332743,4.036641389258775e-22,3.771943593241806e-22,200,3.0100000000000002,5.0,0.0002698364000835494,0.00027740318714123156,0.0029485618457491445,0.0032457733017818157,0.018171485402901935,0.004964111092989242,0.017064538090609017,0.01709763849054281,0.977726011932129,0.9796225251485304,[0.0],[0.0],0.0,[0.0],[0.0],0.0,[0.0],[0.0],0.0,[0.0],[0.0],0.0,[0.0],[0.0],0.0,[0.0],[0.0],0.0,[0.0],[0.0],0.0,[0.0],[0.0],0.0,"[-0.0011037807977765754, 0.00043433179351162917, -0.001229508993651663]",0.0011861602574674813,0.001229508993651663,every physics interval; dwell = interval count * physics_dt,0.002,"[0.0, 0.0, 0.0, 0.0]","[0.0, 0.0, 0.0, 0.0]",0.0,"[0.0, 0.0, 0.0, 0.0]","[0.0, 0.0, 0.0, 0.0]",0.0,"[0.0, 0.0, 0.0, 0.0]","[0.0, 0.0, 0.0, 0.0]",0.0,"[0.0, 0.0, 0.0, 0.0]","[0.0, 0.0, 0.0, 0.0]",0.0,"[0.0, 0.0, 0.0, 0.0]","[0.0, 0.0, 0.0, 0.0]",0.0,"[0.0, 0.0, 0.0, 0.0]","[0.0, 0.0, 0.0, 0.0]",0.0,"[0.0, 0.0, 0.0, 0.0]","[0.0, 0.0, 0.0, 0.0]",0.0,"[0.0, 0.0, 0.0, 0.0]","[0.0, 0.0, 0.0, 0.0]",0.0,"[0.10630552079948982, 0.10631289340310332, 0.10634887668868354, 0.10634582575460397]","[0.09350515341392258, 0.09350107891112099, 0.09353251928761498, 0.09354031156832646]","[0.5451221825903968, 0.5451423991212109, 0.5452410634701751, 0.5452326983480899]","[0.45435879609066443, 0.4543476291838656, 0.4544338004693005, 0.45445515859665564]","[0.09355961271017799, 0.09355507805279742, 0.09356614657406834, 0.093572065760144]","[0.2, 0.2, 0.2, 0.2]","[0.2, 0.2, 0.2, 0.2]","[0.2, 0.2, 0.2, 0.2]","[0.2, 0.2, 0.2, 0.2]","[3.8552114598933756e-05, 3.998529057611496e-05, 2.4906072765998947e-05, 2.259817517325761e-05]","[0.0017698165668378158, 0.00583038955756947]","[0.003534998695584415, 0.01791844026130568]",1000,"body origin, body frame; no gravity/external torque","[1.673931039563467e-11, 6.81793098613396e-10, 1.9248212663184063e-19]",6.819985585244129e-10,1.5158335768225606e-09,4.871083751574258e-17,5.551115123125783e-17,"[1.0440970010897407e-07, 4.437128781843017e-06, 1.8638355694438307e-07]",4.442268794482811e-06,1.082532642700522e-05,1.1166888701118092e-05,3.826819182795038e-05,"[1.0439467076753554e-07, 4.436495326947648e-06, 1.863835569443845e-07]",4.4416357193732345e-06,1.0823950729052786e-05,1.1166888701114267e-05,3.826819182789487e-05,"[6.573160227896286e-17, 1.1442346878298754e-18, 2.0985762852163531e-19]",6.574189570893781e-17,6.709167474425988e-17,4.871083751574258e-17,5.551115123125783e-17,"[1.6739309536379478e-11, 6.817930986048942e-10, 1.462668697448798e-19]",6.819985584948257e-10,1.5158335746014142e-09,0.0,0.0,
motor1_70_restore-B_best-existing_integral_020,B_best,motor1_70_restore,existing_integral_020,existing,integral_020,True,60.0,horizon,tail_18_20,False,True,"[0.003928248209002595, -0.0071617276440069]",0.008168321543528066,0.008261914508947733,0.0012400623027478774,0.010491670104022372,-0.0012915204589802893,0.0012915204589802893,0.001293692126196152,7.492810832566801e-05,0.0014153979402389272,0.008362587558318478,-4.870439446712227e-21,2.2333876538931747e-23,200,18.01,20.0,0.002177611599363011,0.0001289846611693315,0.030873089803793496,0.005046692077282544,0.0043074073530106624,3.1156487571453986e-05,-0.06302005030870007,0.0630290670795312,-3.610782907390635,3.611299530304095,[0.0],[0.0],0.0,[0.0],[0.0],0.0,[0.0],[0.0],0.0,[0.0],[0.0],0.0,[0.0],[0.0],0.0,[0.0],[0.0],0.0,[0.0],[0.0],0.0,[0.0],[0.0],0.0,"[-0.07429473099652449, 0.1511718206891262, 0.011356408017008853]",0.16844175974001002,0.011356408017008853,every physics interval; dwell = interval count * physics_dt,0.002,"[0.0, 0.0, 0.0, 0.0]","[0.0, 0.0, 0.0, 0.0]",0.0,"[0.0, 0.0, 0.0, 0.0]","[0.0, 0.0, 0.0, 0.0]",0.0,"[0.0, 0.0, 0.0, 0.0]","[0.0, 0.0, 0.0, 0.0]",0.0,"[0.0, 0.0, 0.0, 0.0]","[0.0, 0.0, 0.0, 0.0]",0.0,"[0.0, 0.0, 0.0, 0.0]","[0.0, 0.0, 0.0, 0.0]",0.0,"[0.0, 0.0, 0.0, 0.0]","[0.0, 0.0, 0.0, 0.0]",0.0,"[0.0, 0.0, 0.0, 0.0]","[0.0, 0.0, 0.0, 0.0]",0.0,"[0.0, 0.0, 0.0, 0.0]","[0.0, 0.0, 0.0, 0.0]",0.0,"[0.1519989490413855, 0.10639924930419846, 0.10639925892250077, 0.10639924298211183]","[0.048000616896131026, 0.09360042974433386, 0.09360040750952815, 0.09360041254051316]","[0.6642531270764357, 0.5453791659780769, 0.5453791923459383, 0.5453791486465428]","[0.33574578551205736, 0.45461995415762213, 0.45461989320260554, 0.45461990699466404]","[0.033600440355520025, 0.09360043724363826, 0.09360041834066765, 0.0936004242863491]","[0.2, 0.2, 0.2, 0.2]","[0.2, 0.2, 0.2, 0.2]","[0.13999999999999999, 0.2, 0.2, 0.2]","[0.13999999999999999, 0.2, 0.2, 0.2]","[1.3711314875297585e-08, 1.2437558562600859e-08, 1.2690644735008363e-08, 1.3735662328365927e-08]","[0.0029830216453006304, 0.0014959300348811378]","[0.003888542733173516, 0.001852833841272241]",1000,"body origin, body frame; no gravity/external torque","[0.0016121789527032205, 0.0016121789526823479, 0.00027086247995743]",0.0022959983523643678,0.0022960019188175375,0.04559974410057731,0.045599814931160665,"[5.020515372033507e-10, 4.928970854216693e-10, 3.930237590100822e-11]",7.046615922390605e-10,1.73732973037485e-09,4.411868274426134e-08,1.1271673328039356e-07,"[0.0016121789426214233, 0.0016121789545020635, 0.00027086247649452545]",0.0022959983461544654,0.002296002577856288,0.04559971820197135,0.04559988801803805,"[0.0016121789526760012, 0.0016121789526759112, 0.00027086247995743005]",0.002295998352340736,0.002296001918740196,0.04559974410057731,0.045599814931160665,"[1.0971907965511078e-13, 7.992463109855085e-14, 1.6081317022585659e-19]",1.3574322486455766e-13,3.0141582547039173e-13,0.0,0.0,
motor1_70_restore-B_best-existing_integral_020,B_best,motor1_70_restore,existing_integral_020,existing,integral_020,True,60.0,horizon,pre_second_28_30,False,True,"[0.00035199175045869455, -0.0004644197516864177]",0.0005827382758558508,0.0005895078156567062,8.908179709060027e-05,0.0007496800670567425,-0.0002790395205280671,0.0002790395205280671,0.0002805875314968931,2.9433124451650948e-05,0.00033253722399051444,0.0006528773449522207,4.499862532288471e-22,1.737079286361358e-23,200,28.01,30.0,0.00015647707826874416,5.1242902383522535e-05,0.0022018560876953946,0.0010711102474972813,0.0003067080076659348,1.613103933212508e-06,-0.06304548044823644,0.06304555426496743,-3.612239947058497,3.6122441764456403,[0.0],[0.0],0.0,[0.0],[0.0],0.0,[0.0],[0.0],0.0,[0.0],[0.0],0.0,[0.0],[0.0],0.0,[0.0],[0.0],0.0,[0.0],[0.0],0.0,[0.0],[0.0],0.0,"[-0.07661856001580351, 0.15488150169369067, 0.012571177366105173]",0.1727966530514639,0.012571177366105173,every physics interval; dwell = interval count * physics_dt,0.002,"[0.0, 0.0, 0.0, 0.0]","[0.0, 0.0, 0.0, 0.0]",0.0,"[0.0, 0.0, 0.0, 0.0]","[0.0, 0.0, 0.0, 0.0]",0.0,"[0.0, 0.0, 0.0, 0.0]","[0.0, 0.0, 0.0, 0.0]",0.0,"[0.0, 0.0, 0.0, 0.0]","[0.0, 0.0, 0.0, 0.0]",0.0,"[0.0, 0.0, 0.0, 0.0]","[0.0, 0.0, 0.0, 0.0]",0.0,"[0.0, 0.0, 0.0, 0.0]","[0.0, 0.0, 0.0, 0.0]",0.0,"[0.0, 0.0, 0.0, 0.0]","[0.0, 0.0, 0.0, 0.0]",0.0,"[0.0, 0.0, 0.0, 0.0]","[0.0, 0.0, 0.0, 0.0]",0.0,"[0.15199879129146932, 0.10639914661331128, 0.10639914261798444, 0.10639915180044465]","[0.04800116227309836, 0.09360080620508773, 0.09360080139532662, 0.09360080792343847]","[0.6642527318818592, 0.5453788844585687, 0.5453788735056732, 0.5453788986787153]","[0.3357471517882402, 0.454620986196536, 0.4546209730109285, 0.45462099090726826]","[0.03360081702321875, 0.09360081641358656, 0.09360081724655832, 0.0936008176569545]","[0.2, 0.2, 0.2, 0.2]","[0.2, 0.2, 0.2, 0.2]","[0.13999999999999999, 0.2, 0.2, 0.2]","[0.13999999999999999, 0.2, 0.2, 0.2]","[5.286924487790765e-09, 7.147870327812779e-09, 6.516849007021127e-09, 5.478352831018039e-09]","[0.00020034142054216276, 0.00013520034445023535]","[0.0002563212513024213, 0.00016843074152245622]",1000,"body origin, body frame; no gravity/external torque","[0.0016121754200225545, 0.0016121754200234125, 0.0002708618864356333]",0.0022959933212829764,0.002295993680608972,0.04559964418108291,0.04559965131807048,"[3.464932928939405e-10, 4.806021175806001e-10, 3.5678306439384025e-11]",5.935561801496347e-10,1.2348285091199743e-09,1.5239677334174574e-08,5.2524966376310545e-08,"[0.0016121754211105227, 0.001612175414148695, 0.00027086188610651684]",0.002295993317883044,0.0022959943001532052,0.04559964640050341,0.045599698736467686,"[0.0016121754200222782, 0.0016121754200221856, 0.0002708618864356333]",0.0022959933212819217,0.0022959936806372654,0.04559964418108291,0.04559965131807048,"[5.371457807408049e-14, 7.49453843504347e-14, 1.4465061162897554e-19]",9.220665124128411e-14,1.780025519033048e-13,0.0,0.0,
motor1_70_restore-B_best-existing_integral_020,B_best,motor1_70_restore,existing_integral_020,existing,integral_020,True,60.0,horizon,tail_58_60,False,True,"[-0.00010357232012000204, 0.00011467459924599725]",0.00015452342607925263,0.00015634584987309197,2.380200758904943e-05,0.0001991401468522797,0.00011038734011334261,0.00011038734011334261,0.00011109329230566603,1.2504188818687195e-05,0.0001332785472494269,0.00019179610102359112,-3.825710333057753e-24,-5.195728222598705e-24,200,58.01,60.0,4.181583546357003e-05,2.1807112594626588e-05,0.0005836597793384326,0.0004225664547006881,8.303579688195549e-05,7.187053629764819e-07,0.017063026088916834,0.017063211678131275,0.9776393806165503,0.977650014095261,[0.0],[0.0],0.0,[0.0],[0.0],0.0,[0.0],[0.0],0.0,[0.0],[0.0],0.0,[0.0],[0.0],0.0,[0.0],[0.0],0.0,[0.0],[0.0],0.0,[0.0],[0.0],0.0,"[-0.0016055875506142431, 0.0006418709416265625, -0.0016778188276272991]",0.0017846254824442631,0.0016778188276272991,every physics interval; dwell = interval count * physics_dt,0.002,"[0.0, 0.0, 0.0, 0.0]","[0.0, 0.0, 0.0, 0.0]",0.0,"[0.0, 0.0, 0.0, 0.0]","[0.0, 0.0, 0.0, 0.0]",0.0,"[0.0, 0.0, 0.0, 0.0]","[0.0, 0.0, 0.0, 0.0]",0.0,"[0.0, 0.0, 0.0, 0.0]","[0.0, 0.0, 0.0, 0.0]",0.0,"[0.0, 0.0, 0.0, 0.0]","[0.0, 0.0, 0.0, 0.0]",0.0,"[0.0, 0.0, 0.0, 0.0]","[0.0, 0.0, 0.0, 0.0]",0.0,"[0.0, 0.0, 0.0, 0.0]","[0.0, 0.0, 0.0, 0.0]",0.0,"[0.0, 0.0, 0.0, 0.0]","[0.0, 0.0, 0.0, 0.0]",0.0,"[0.106399286368321, 0.10639928376078173, 0.10639928835970114, 0.10639928278579283]","[0.09360067701160212, 0.09360067798197208, 0.09360067710383688, 0.0936006823047746]","[0.5453792675866204, 0.5453792604382437, 0.5453792730458408, 0.545379257765384]","[0.4546206320221652, 0.45462063468236324, 0.45462063227501814, 0.4546206465330015]","[0.09360068649993755, 0.09360068705115482, 0.09360068684336763, 0.09360068634665936]","[0.2, 0.2, 0.2, 0.2]","[0.2, 0.2, 0.2, 0.2]","[0.2, 0.2, 0.2, 0.2]","[0.2, 0.2, 0.2, 0.2]","[4.968106915531406e-09, 5.4042037336444774e-09, 5.0330007213496215e-09, 5.259622661242926e-09]","[5.398743860053712e-05, 3.620748072964371e-05]","[6.984245882607838e-05, 4.490794449174697e-05]",1000,"body origin, body frame; no gravity/external torque","[5.047171045896846e-14, 5.834074379495936e-14, 2.1362395899472087e-19]",7.714295783315982e-14,1.7379069526028635e-13,4.886873367543068e-17,5.551115123125783e-17,"[3.225383654971362e-10, 3.79332800860017e-10, 2.9976436322169737e-11]",4.988215690609686e-10,1.21027324755758e-09,1.427494887006107e-08,4.062654979097857e-08,"[3.2249163293617867e-10, 3.792780553176754e-10, 2.9976436312938227e-11]",4.987497200935798e-10,1.2101006533591683e-09,1.427494887223794e-08,4.0626549846489723e-08,"[6.575969086791935e-17, 1.209384713558807e-18, 2.1435785016774322e-19]",6.577116012142133e-17,6.708972243613759e-17,4.886873367543068e-17,5.551115123125783e-17,"[5.047317878244344e-14, 5.834082567013844e-14, 1.5409408128351395e-19]",7.714398042816899e-14,1.7382347223277878e-13,0.0,0.0,
motor1_70_restore-B_best-existing_integral_020,B_best,motor1_70_restore,existing_integral_020,existing,integral_020,True,60.0,horizon,fault_5_30,False,True,"[0.015102860856749138, -0.03088947235575812]",0.03438394841311088,0.05529737331218503,0.0433075465335048,0.13964027104078922,-0.00276049005409409,0.00276049005409409,0.008001569811577514,0.00751031384902098,0.0465418647154926,0.05587329070921724,-4.336808689942018e-19,-1.0164395367051604e-19,2500,5.01,30.0,0.03358188459268112,0.01525028102315519,0.2237443536149687,0.035479213935343305,7.19967526103425,2.0128591046758952,-0.06161985350025252,0.0661010533238993,-3.5305575397789024,3.7873113768286317,[0.0],[0.0],0.0,[0.0],[0.0],0.0,[0.0],[0.0],0.0,[0.0],[0.0],0.0,[0.0],[0.0],0.0,[0.0],[0.0],0.0,[0.0],[0.0],0.0,[0.0],[0.0],0.0,"[-0.07661856001580351, 0.15488150169369067, 0.012571177366105173]",0.1727966530514639,0.012571177366105173,every physics interval; dwell = interval count * physics_dt,0.002,"[0.0, 0.0, 0.0, 0.0]","[0.0, 0.0, 0.0, 0.0]",0.0,"[0.0, 0.0, 0.0, 0.0]","[0.0, 0.0, 0.0, 0.0]",0.0,"[0.0, 0.0, 0.0, 0.0]","[0.0, 0.0, 0.0, 0.0]",0.0,"[0.0, 0.0, 0.0, 0.0]","[0.0, 0.0, 0.0, 0.0]",0.0,"[0.0, 0.0, 0.0, 0.0]","[0.0, 0.0, 0.0, 0.0]",0.0,"[0.0, 0.0, 0.0, 0.0]","[0.0, 0.0, 0.0, 0.0]",0.0,"[0.0, 0.0, 0.0, 0.0]","[0.0, 0.0, 0.0, 0.0]",0.0,"[0.0, 0.0, 0.0, 0.0]","[0.0, 0.0, 0.0, 0.0]",0.0,"[0.1064200229287638, 0.08469158185371511, 0.06569092462260216, 0.08325812428614301]","[0.013707810422462247, 0.0789443745786287, 0.05236590097869506, 0.08043305083617752]","[0.5454361136816567, 0.4837910238644911, 0.4253571275940312, 0.47955394954592834]","[0.25133934033528993, 0.4151941222923019, 0.34671367445105894, 0.4191353903914845]","[0.024066444294904732, 0.0841982753268945, 0.07617621839075132, 0.08453099534535574]","[0.2, 0.2, 0.2, 0.2]","[0.2, 0.2, 0.2, 0.2]","[0.13999999999999999, 0.2, 0.2, 0.2]","[0.13999999999999999, 0.2, 0.2, 0.2]","[0.0023136621842040415, 0.0013498078730421201, 0.002640097414186814, 0.0012391103645916762]","[0.6335766071490022, 0.588192338650693]","[5.214430990064032, 4.971250924602045]",12500,"body origin, body frame; no gravity/external torque","[0.001613551925662289, 0.0016135518888176499, 0.0002710932272191323]",0.0022979536663213147,0.0028137835996493456,0.04563859044093126,0.055887656873261304,"[0.00013762713439199133, 0.00014444921316330984, 1.133736704913934e-05]",0.00019983828260885988,0.0027908249280934085,0.004040039724298103,0.07859388162209308,"[0.0016220909042049877, 0.0016227119474856151, 0.00027181872845885303]",0.00231046713613462,0.005187610457608101,0.045903918943818726,0.1319397483091605,"[0.0016135523650392114, 0.0016135523650391205, 0.00027109322721913237]",0.0022979543092261612,0.0028140063201707245,0.04563859044093126,0.055887656873261304,"[2.103375294863297e-08, 2.2044117566923893e-08, 1.5154028387747005e-19]",3.046903153053113e-08,3.678343184204922e-07,0.0,0.0,
motor1_70_restore-B_best-existing_integral_020,B_best,motor1_70_restore,existing_integral_020,existing,integral_020,True,60.0,horizon,restore_30_60,False,True,"[-0.012502279900265098, 0.0257067495813773]",0.028585730299298194,0.050017168919385784,0.04104355259923481,0.13662714192353345,0.002374939758883315,0.002374939758883315,0.006824375081131569,0.006397793087436047,0.04079257198175856,0.05048058321729594,1.734723475976807e-18,3.049318610115481e-19,3000,30.01,60.0,0.030314299782089823,0.012318113722098054,0.20237035300227751,0.029968291310716513,7.965147757149833,2.590509584559822,0.014839609662642242,0.06253494663907644,0.8502470032909558,3.582988514494892,[0.0],[0.0],0.0,[0.0],[0.0],0.0,[0.0],[0.0],0.0,[0.0],[0.0],0.0,[0.0],[0.0],0.0,[0.0],[0.0],0.0,[0.0],[0.0],0.0,[0.0],[0.0],0.0,"[-0.0016055875506142431, 0.0006418709416265625, -0.0016778188276272991]",0.1728010003211378,0.012571975040128172,every physics interval; dwell = interval count * physics_dt,0.002,"[0.0, 0.0, 0.0, 0.0]","[0.0, 0.0, 0.0, 0.0]",0.0,"[0.0, 0.0, 0.0, 0.0]","[0.0, 0.0, 0.0, 0.0]",0.0,"[0.0, 0.0, 0.0, 0.0]","[0.0, 0.0, 0.0, 0.0]",0.0,"[0.0, 0.0, 0.0, 0.0]","[0.0, 0.0, 0.0, 0.0]",0.0,"[0.0, 0.0, 0.0, 0.0]","[0.0, 0.0, 0.0, 0.0]",0.0,"[0.0, 0.0, 0.0, 0.0]","[0.0, 0.0, 0.0, 0.0]",0.0,"[0.0, 0.0, 0.0, 0.0]","[0.0, 0.0, 0.0, 0.0]",0.0,"[0.0, 0.0, 0.0, 0.0]","[0.0, 0.0, 0.0, 0.0]",0.0,"[0.05071806171120373, 0.0859085711480779, 0.06455276739193136, 0.08962681410482631]","[0.04800117171213794, 0.07076655309993843, 0.04376142405879538, 0.06976517230819484]","[0.37478933540916637, 0.4873693769590838, 0.42167697902107415, 0.4981994495010665]","[0.3357471754348901, 0.3937656649475765, 0.32515422927312854, 0.39116596265222037]","[0.048001174436795246, 0.08027879527867915, 0.06945511200822149, 0.08086389261204946]","[0.2, 0.2, 0.2, 0.2]","[0.2, 0.2, 0.2, 0.2]","[0.2, 0.2, 0.2, 0.2]","[0.2, 0.2, 0.2, 0.2]","[0.0036360313364808697, 0.0023975793733242456, 0.003398366610043335, 0.001779923428239102]","[0.5942944247943797, 0.5813566081705451]","[5.8449635979886825, 5.439747749979512]",15000,"body origin, body frame; no gravity/external torque","[3.409804481659326e-08, 4.636200504608618e-08, 2.0430678516494686e-19]",5.75509528349256e-08,6.093591534376291e-07,4.795640879233568e-17,5.551115123125783e-17,"[0.00022149655717635186, 0.00030066609068880076, 2.02529632213517e-05]",0.00037399332273493045,0.004445674727769689,0.0034029376970828563,0.0576711608225437,"[0.00022146597924344662, 0.00030062375643973434, 2.0252963221351704e-05]",0.00037394117908762687,0.004445178003309852,0.0034029376970828563,0.0576711608225437,"[6.578126842753267e-17, 1.1959129953532288e-18, 2.1367574142040545e-19]",6.579248544590852e-17,9.064126314854652e-17,4.795640879233568e-17,5.551115123125783e-17,"[3.409804481707418e-08, 4.6362005046137865e-08, 1.5541071583032899e-19]",5.755095283525201e-08,6.093591534073266e-07,0.0,0.0,
motor1_70_restore-B_best-existing_integral_020,B_best,motor1_70_restore,existing_integral_020,existing,integral_020,True,60.0,horizon,full_0_60,True,False,,,,,,,,,,,,,,,,,,,,,,,,,,,,,,,,,,,,,,,,,,,,,,,,,,,,,,,,,,,,,,,,,,,,,,,,,,,,,,,,,,,,,,,,,,,,,,,,,,,,,,,,,,,,,,,,,,,,,,,
motor1_70_restore-B_best-existing_integral_020,B_best,motor1_70_restore,existing_integral_020,existing,integral_020,True,60.0,horizon,pre_3_5,True,False,,,,,,,,,,,,,,,,,,,,,,,,,,,,,,,,,,,,,,,,,,,,,,,,,,,,,,,,,,,,,,,,,,,,,,,,,,,,,,,,,,,,,,,,,,,,,,,,,,,,,,,,,,,,,,,,,,,,,,,
motor1_70_restore-B_best-existing_integral_020,B_best,motor1_70_restore,existing_integral_020,existing,integral_020,True,60.0,horizon,tail_18_20,True,False,,,,,,,,,,,,,,,,,,,,,,,,,,,,,,,,,,,,,,,,,,,,,,,,,,,,,,,,,,,,,,,,,,,,,,,,,,,,,,,,,,,,,,,,,,,,,,,,,,,,,,,,,,,,,,,,,,,,,,,
motor1_70_restore-B_best-existing_integral_020,B_best,motor1_70_restore,existing_integral_020,existing,integral_020,True,60.0,horizon,pre_second_28_30,True,False,,,,,,,,,,,,,,,,,,,,,,,,,,,,,,,,,,,,,,,,,,,,,,,,,,,,,,,,,,,,,,,,,,,,,,,,,,,,,,,,,,,,,,,,,,,,,,,,,,,,,,,,,,,,,,,,,,,,,,,
motor1_70_restore-B_best-existing_integral_020,B_best,motor1_70_restore,existing_integral_020,existing,integral_020,True,60.0,horizon,tail_58_60,True,False,,,,,,,,,,,,,,,,,,,,,,,,,,,,,,,,,,,,,,,,,,,,,,,,,,,,,,,,,,,,,,,,,,,,,,,,,,,,,,,,,,,,,,,,,,,,,,,,,,,,,,,,,,,,,,,,,,,,,,,
motor1_70_restore-B_best-existing_integral_020,B_best,motor1_70_restore,existing_integral_020,existing,integral_020,True,60.0,horizon,fault_5_30,True,False,,,,,,,,,,,,,,,,,,,,,,,,,,,,,,,,,,,,,,,,,,,,,,,,,,,,,,,,,,,,,,,,,,,,,,,,,,,,,,,,,,,,,,,,,,,,,,,,,,,,,,,,,,,,,,,,,,,,,,,
motor1_70_restore-B_best-existing_integral_020,B_best,motor1_70_restore,existing_integral_020,existing,integral_020,True,60.0,horizon,restore_30_60,True,False,,,,,,,,,,,,,,,,,,,,,,,,,,,,,,,,,,,,,,,,,,,,,,,,,,,,,,,,,,,,,,,,,,,,,,,,,,,,,,,,,,,,,,,,,,,,,,,,,,,,,,,,,,,,,,,,,,,,,,,
motor1_70_restore-B_best-oracle_no_integral,B_best,motor1_70_restore,oracle_no_integral,oracle,no_integral,True,60.0,horizon,full_0_60,False,True,"[0.001609637276754771, -0.0005491827410748937]",0.0017007450854884306,0.0021591035957105984,0.0013301107063689766,0.01076849085868419,0.0017267854605801625,0.0017267854605801625,0.0018003974432336512,0.000509551691912812,0.005194520696988336,0.0028112558209121958,8.470329472543003e-21,1.44524996625265e-20,6000,0.01,60.0,0.0058680256838565,0.0027608287213503582,0.01046317099865478,0.007730027821189546,3.851135852231451,1.849413924582639,0.01662534803679841,0.025571621763945614,0.9525622754446578,1.465146002378965,[0.0],[0.0],0.0,[0.05],[0.05],0.05,[0.0],[0.0],0.0,[0.0],[0.0],0.0,[0.0],[0.0],0.0,[0.0],[0.0],0.0,[0.0],[0.0],0.0,[0.0],[0.0],0.0,"[0.0, 0.0, 0.0]",0.0,0.0,every physics interval; dwell = interval count * physics_dt,0.002,"[0.05, 0.0, 0.0, 0.0]","[0.05, 0.0, 0.0, 0.0]",0.05,"[0.0, 0.0, 0.0, 0.0]","[0.0, 0.0, 0.0, 0.0]",0.0,"[0.05, 0.0, 0.0, 0.0]","[0.05, 0.0, 0.0, 0.0]",0.05,"[0.0, 0.0, 0.0, 0.0]","[0.0, 0.0, 0.0, 0.0]",0.0,"[0.0, 0.0, 0.0, 0.0]","[0.0, 0.0, 0.0, 0.0]",0.0,"[0.0, 0.0, 0.0, 0.0]","[0.0, 0.0, 0.0, 0.0]",0.0,"[0.0, 0.0, 0.0, 0.0]","[0.0, 0.0, 0.0, 0.0]",0.0,"[0.0, 0.0, 0.0, 0.0]","[0.0, 0.0, 0.0, 0.0]",0.0,"[0.04394040174732775, 0.08335659241415339, 0.05905067417369851, 0.08608108680767322]","[0.0, 0.07292315416980186, 0.043854851004818896, 0.0781494934997683]","[0.3500250175711802, 0.4798457887701505, 0.4035351455782946, 0.4878752548166428]","[0.21814922562016836, 0.3993817511376885, 0.32538705938321155, 0.4130950101966048]","[0.017454174262842348, 0.08512903352558572, 0.07169595607379253, 0.08645678050540172]","[0.2, 0.2, 0.2, 0.2]","[0.2, 0.2, 0.2, 0.2]","[0.13999999999999999, 0.2, 0.2, 0.2]","[0.2, 0.2, 0.2, 0.2]","[0.003876893725854998, 0.0023990839292411955, 0.002920703395891084, 0.0017627547061106843]","[0.18547484276576232, 0.2112479182736949]","[2.8414690216295955, 2.600547471176699]",30000,"body origin, body frame; no gravity/external torque","[8.844749908658403e-06, 8.844559145896595e-06, 1.487139427809443e-06]",1.2596325301838273e-05,0.0005974474707669911,0.0002503601730318861,0.011873807837650907,"[0.00018833273983020834, 0.00028741255478731235, 1.7809040594182043e-05]",0.0003440819080803446,0.004564421281921976,0.003187841137791477,0.06166567604194062,"[0.0001901977114892447, 0.00028861316669284015, 1.8258599516295732e-05]",0.00034613018634686366,0.004563908430539286,0.003220756221601368,0.061665676041940565,"[8.851483917540554e-06, 8.851483917540629e-06, 1.4871394278094415e-06]",1.2605916022356521e-05,0.0005978595662975853,0.0002503601730318861,0.011873807837650907,"[2.8600154940494878e-08, 4.409573229844164e-08, 1.517883041479706e-19]",5.255856228585578e-08,6.104549348572845e-07,0.0,0.0,
motor1_70_restore-B_best-oracle_no_integral,B_best,motor1_70_restore,oracle_no_integral,oracle,no_integral,True,60.0,horizon,pre_3_5,False,True,"[0.001571657565232725, -0.000616266227971255]",0.0016881621859558328,0.0016885393413382317,3.5686708390777085e-05,0.0017554920367798814,0.0017958251958520898,0.0017958251958520898,0.0017959264963176012,1.9074750808805167e-05,0.0018601638476123394,0.0024650592462297054,4.749671077279485e-21,-3.062636217977585e-22,200,3.0100000000000002,5.0,0.00015695520742788064,9.812356344171281e-05,0.006736174184534802,0.00713893715137159,0.017388441791516853,0.005041711337255518,0.017013125265239893,0.017057035809200035,0.9747802740256352,0.9772961628706749,[0.0],[0.0],0.0,[0.0],[0.0],0.0,[0.0],[0.0],0.0,[0.0],[0.0],0.0,[0.0],[0.0],0.0,[0.0],[0.0],0.0,[0.0],[0.0],0.0,[0.0],[0.0],0.0,"[0.0, 0.0, 0.0]",0.0,0.0,every physics interval; dwell = interval count * physics_dt,0.002,"[0.0, 0.0, 0.0, 0.0]","[0.0, 0.0, 0.0, 0.0]",0.0,"[0.0, 0.0, 0.0, 0.0]","[0.0, 0.0, 0.0, 0.0]",0.0,"[0.0, 0.0, 0.0, 0.0]","[0.0, 0.0, 0.0, 0.0]",0.0,"[0.0, 0.0, 0.0, 0.0]","[0.0, 0.0, 0.0, 0.0]",0.0,"[0.0, 0.0, 0.0, 0.0]","[0.0, 0.0, 0.0, 0.0]",0.0,"[0.0, 0.0, 0.0, 0.0]","[0.0, 0.0, 0.0, 0.0]",0.0,"[0.0, 0.0, 0.0, 0.0]","[0.0, 0.0, 0.0, 0.0]",0.0,"[0.0, 0.0, 0.0, 0.0]","[0.0, 0.0, 0.0, 0.0]",0.0,"[0.10630557147847866, 0.10631292978442294, 0.10634869981186316, 0.10634571797056588]","[0.09350523505981109, 0.09350134847260114, 0.09353272700465382, 0.09354107706741456]","[0.5451223215594614, 0.545142498881957, 0.5452405785071363, 0.5452324028220014]","[0.4543590198571825, 0.45434836796160305, 0.45443436980198326, 0.454457256804187]","[0.09356006895564113, 0.09355577022861136, 0.09356685123735829, 0.0935727372208111]","[0.2, 0.2, 0.2, 0.2]","[0.2, 0.2, 0.2, 0.2]","[0.2, 0.2, 0.2, 0.2]","[0.2, 0.2, 0.2, 0.2]","[3.854688573464687e-05, 3.99802406586498e-05, 2.4903590334640572e-05, 2.2594504195182225e-05]","[0.0017354630731043301, 0.005893513364552137]","[0.0035875732614585724, 0.01707679229550319]",1000,"body origin, body frame; no gravity/external torque","[1.673223553179138e-11, 6.817739749404622e-10, 2.1186893674531826e-19]",6.819792669957111e-10,1.517838286361159e-09,4.8234047858538485e-17,5.551115123125783e-17,"[1.0441980018290724e-07, 4.436760144328075e-06, 1.8634558014387324e-07]",4.441899227606078e-06,1.0828058591486577e-05,1.110536649433637e-05,3.829802894944612e-05,"[1.0440477568693937e-07, 4.436126711771887e-06, 1.8634558014388062e-07]",4.4412661747886136e-06,1.082668087062678e-05,1.1105366494332716e-05,3.829802894944612e-05,"[6.571162321525041e-17, 1.1759365544256622e-18, 2.3078867245740244e-19]",6.57225495227813e-17,6.700267694769941e-17,4.8234047858538485e-17,5.551115123125783e-17,"[1.673223488158353e-11, 6.817739748851919e-10, 1.4465061162897554e-19]",6.819792669245053e-10,1.517838285362609e-09,0.0,0.0,
motor1_70_restore-B_best-oracle_no_integral,B_best,motor1_70_restore,oracle_no_integral,oracle,no_integral,True,60.0,horizon,tail_18_20,False,True,"[0.0015417237034995067, -0.0005826441044033558]",0.0016481462709141514,0.0016481462886528007,2.418093838907098e-07,0.001648227066868102,0.0017659326736515135,0.0017659326736515135,0.0017659326738308416,2.5166699755964186e-08,0.0017659806091299135,0.0024155546769434443,-6.9262188164619125e-22,1.804719244670503e-22,200,18.01,20.0,1.470972859240055e-06,1.9603560367930993e-07,0.006592596382762235,0.007063755990063707,0.00039888410743549394,0.0002961621274177573,0.017061571946505646,0.017061971831833896,0.9775560643935782,0.9775789761351762,[0.0],[0.0],0.0,[0.0],[0.0],0.0,[0.0],[0.0],0.0,[0.0],[0.0],0.0,[0.0],[0.0],0.0,[0.0],[0.0],0.0,[0.0],[0.0],0.0,[0.0],[0.0],0.0,"[0.0, 0.0, 0.0]",0.0,0.0,every physics interval; dwell = interval count * physics_dt,0.002,"[0.0, 0.0, 0.0, 0.0]","[0.0, 0.0, 0.0, 0.0]",0.0,"[0.0, 0.0, 0.0, 0.0]","[0.0, 0.0, 0.0, 0.0]",0.0,"[0.0, 0.0, 0.0, 0.0]","[0.0, 0.0, 0.0, 0.0]",0.0,"[0.0, 0.0, 0.0, 0.0]","[0.0, 0.0, 0.0, 0.0]",0.0,"[0.0, 0.0, 0.0, 0.0]","[0.0, 0.0, 0.0, 0.0]",0.0,"[0.0, 0.0, 0.0, 0.0]","[0.0, 0.0, 0.0, 0.0]",0.0,"[0.0, 0.0, 0.0, 0.0]","[0.0, 0.0, 0.0, 0.0]",0.0,"[0.0, 0.0, 0.0, 0.0]","[0.0, 0.0, 0.0, 0.0]",0.0,"[0.15198753408215598, 0.10639075855508232, 0.10639396433918094, 0.10639452424412443]","[0.04798914797737111, 0.09359229516409419, 0.09359541753801036, 0.09359588682447786]","[0.6642245301481736, 0.5453558889419328, 0.5453646775307486, 0.5453662124901595]","[0.33571705384756334, 0.4545976540810338, 0.4546062136733451, 0.4546075001691581]","[0.03359760807878823, 0.09359736297042656, 0.09359865584805872, 0.09359889982389306]","[0.2, 0.2, 0.2, 0.2]","[0.2, 0.2, 0.2, 0.2]","[0.13999999999999999, 0.2, 0.2, 0.2]","[0.13999999999999999, 0.2, 0.2, 0.2]","[4.962250546550486e-06, 3.5973506664163117e-06, 2.2219161562026133e-06, 2.046240113680982e-06]","[4.3797021872054157e-05, 0.0001587212318811478]","[0.000113073495672778, 0.0003884718724325266]",1000,"body origin, body frame; no gravity/external torque","[1.4744058364196692e-12, 6.208477147138528e-11, 1.0636458151161248e-18]",6.210227629664313e-11,1.3313991111317694e-10,6.255789036560346e-17,1.1102230246251565e-16,"[9.604582725249614e-09, 4.0013505960588474e-07, 1.6790179241273283e-08]",4.006023265709833e-07,9.557234474476955e-07,6.374715307015958e-07,1.5389362764128833e-06,"[9.603214372666894e-09, 4.0007745949348496e-07, 1.679017924127825e-08]",4.0054476084453147e-07,9.555907280078406e-07,6.37471530700947e-07,1.5389362763573722e-06,"[7.417485389178017e-17, 6.929077938355324e-17, 1.0460943688784712e-18]",1.0150968116823032e-16,1.0321291858697832e-16,6.255789036560346e-17,1.1102230246251565e-16,"[1.4744040678754081e-12, 6.208477086931676e-11, 1.470683380443598e-19]",6.210227565275645e-11,1.3313984186483664e-10,0.0,0.0,
motor1_70_restore-B_best-oracle_no_integral,B_best,motor1_70_restore,oracle_no_integral,oracle,no_integral,True,60.0,horizon,pre_second_28_30,False,True,"[0.0015417346334685572, -0.0005826237888136176]",0.001648149313420347,0.00164814931342404,3.4891163656298785e-09,0.0016481507372917586,0.001765935047261562,0.001765935047261562,0.0017659350472620592,1.3256810498018196e-09,0.0017659372545362206,0.0024155584758992245,-7.990114410744014e-22,-1.530946145490052e-21,200,28.01,30.0,2.1664868665342385e-08,8.743276711413602e-09,0.0065925973907375235,0.007063740863668208,1.7075472925031877e-06,1.07804746136606e-06,0.01706157267618229,0.017061575282633162,0.9775561062009704,0.9775562555396049,[0.0],[0.0],0.0,[0.0],[0.0],0.0,[0.0],[0.0],0.0,[0.0],[0.0],0.0,[0.0],[0.0],0.0,[0.0],[0.0],0.0,[0.0],[0.0],0.0,[0.0],[0.0],0.0,"[0.0, 0.0, 0.0]",0.0,0.0,every physics interval; dwell = interval count * physics_dt,0.002,"[0.0, 0.0, 0.0, 0.0]","[0.0, 0.0, 0.0, 0.0]",0.0,"[0.0, 0.0, 0.0, 0.0]","[0.0, 0.0, 0.0, 0.0]",0.0,"[0.0, 0.0, 0.0, 0.0]","[0.0, 0.0, 0.0, 0.0]",0.0,"[0.0, 0.0, 0.0, 0.0]","[0.0, 0.0, 0.0, 0.0]",0.0,"[0.0, 0.0, 0.0, 0.0]","[0.0, 0.0, 0.0, 0.0]",0.0,"[0.0, 0.0, 0.0, 0.0]","[0.0, 0.0, 0.0, 0.0]",0.0,"[0.0, 0.0, 0.0, 0.0]","[0.0, 0.0, 0.0, 0.0]",0.0,"[0.0, 0.0, 0.0, 0.0]","[0.0, 0.0, 0.0, 0.0]",0.0,"[0.15199888954927737, 0.10639922565287317, 0.10639923110254641, 0.10639923636307673]","[0.048001003290483096, 0.09360070071176407, 0.0936007107351103, 0.09360071721086764]","[0.6642529780370083, 0.5453791011397168, 0.5453791160795934, 0.5453791305009492]","[0.33574675350553174, 0.4546206969943932, 0.4546207244726512, 0.45462074222545856]","[0.0336007270130885, 0.09360072815600463, 0.09360072957906505, 0.09360073256737371]","[0.2, 0.2, 0.2, 0.2]","[0.2, 0.2, 0.2, 0.2]","[0.13999999999999999, 0.2, 0.2, 0.2]","[0.13999999999999999, 0.2, 0.2, 0.2]","[2.7736163781816347e-08, 1.72300570959214e-08, 1.4608800861935318e-08, 9.870749738051886e-09]","[7.224239892271787e-07, 7.964518202633016e-07]","[1.2753574893424704e-06, 1.589220529894698e-06]",1000,"body origin, body frame; no gravity/external torque","[5.6034222623675905e-14, 3.2354548537889413e-13, 1.066269399896533e-18]",3.283618662622698e-13,5.063358767848022e-13,6.218735665977104e-17,1.1102230246251565e-16,"[3.629975917810812e-10, 2.091464825511391e-09, 8.089534720971484e-11]",2.1242731522076974e-09,3.6271878074871148e-09,1.2222865315234284e-08,3.7915317774306345e-08,"[3.629452159841639e-10, 2.091162894796902e-09, 8.08953472246735e-11]",2.1239669346728908e-09,3.6267138050415233e-09,1.2222865315103418e-08,3.7915317829817496e-08,"[7.41159487649048e-17, 6.926293703045688e-17, 1.0548077214281914e-18]",1.0144772509394282e-16,1.0350515310809108e-16,6.218735665977104e-17,1.1102230246251565e-16,"[5.603400800504919e-14, 3.2354458771128257e-13, 1.665582981403388e-19]",3.2836094513568713e-13,5.064185197677876e-13,0.0,0.0,
motor1_70_restore-B_best-oracle_no_integral,B_best,motor1_70_restore,oracle_no_integral,oracle,no_integral,True,60.0,horizon,tail_58_60,False,True,"[0.0015417352515413507, -0.0005826218756762897]",0.0016481492152902388,0.0016481492152944875,3.742502651878045e-09,0.0016481505176311746,0.0017659363367670022,0.0017659363367670022,0.0017659363367675666,1.4116538654794464e-09,0.00176593908614886,0.00241555935165996,-1.0598329379712773e-21,7.254054399329633e-22,200,58.01,60.0,2.2595920292079675e-08,1.1344657406954716e-08,0.0065925973640074695,0.007063744101246956,1.7075472925031877e-06,8.45562069526647e-07,0.01706157184145057,0.017061575618433095,0.9775560583743658,0.9775562747795238,[0.0],[0.0],0.0,[0.0],[0.0],0.0,[0.0],[0.0],0.0,[0.0],[0.0],0.0,[0.0],[0.0],0.0,[0.0],[0.0],0.0,[0.0],[0.0],0.0,[0.0],[0.0],0.0,"[0.0, 0.0, 0.0]",0.0,0.0,every physics interval; dwell = interval count * physics_dt,0.002,"[0.0, 0.0, 0.0, 0.0]","[0.0, 0.0, 0.0, 0.0]",0.0,"[0.0, 0.0, 0.0, 0.0]","[0.0, 0.0, 0.0, 0.0]",0.0,"[0.0, 0.0, 0.0, 0.0]","[0.0, 0.0, 0.0, 0.0]",0.0,"[0.0, 0.0, 0.0, 0.0]","[0.0, 0.0, 0.0, 0.0]",0.0,"[0.0, 0.0, 0.0, 0.0]","[0.0, 0.0, 0.0, 0.0]",0.0,"[0.0, 0.0, 0.0, 0.0]","[0.0, 0.0, 0.0, 0.0]",0.0,"[0.0, 0.0, 0.0, 0.0]","[0.0, 0.0, 0.0, 0.0]",0.0,"[0.0, 0.0, 0.0, 0.0]","[0.0, 0.0, 0.0, 0.0]",0.0,"[0.10639922860513068, 0.10639923339206346, 0.10639923785263798, 0.10639923895330392]","[0.09360070731608947, 0.0936007149708361, 0.0936007135249955, 0.09360072051181195]","[0.5453791092331123, 0.5453791223561355, 0.5453791345844714, 0.5453791376018631]","[0.45462071509966007, 0.4546207360845804, 0.45462073212091636, 0.45462075127475476]","[0.09360072879286539, 0.0936007306884062, 0.09360073018728425, 0.09360073363454918]","[0.2, 0.2, 0.2, 0.2]","[0.2, 0.2, 0.2, 0.2]","[0.2, 0.2, 0.2, 0.2]","[0.2, 0.2, 0.2, 0.2]","[1.4802246831886143e-08, 1.2804719165215155e-08, 1.140004431646535e-08, 8.722125197988866e-09]","[7.912353622083655e-07, 6.19091513181024e-07]","[1.3453290246920567e-06, 1.3971810455348817e-06]",1000,"body origin, body frame; no gravity/external torque","[5.4361187302393214e-14, 2.4204156791409107e-13, 2.1611128400504643e-19]",2.4807107707930006e-13,4.4099370655634464e-13,4.9495281484809886e-17,5.551115123125783e-17,"[3.523343040924985e-10, 1.5699209393148725e-09, 5.598908055866867e-11]",1.6099459601742667e-09,2.862714833625799e-09,1.4038628876898217e-08,3.778156143496858e-08,"[3.522835524580233e-10, 1.5696951403297853e-09, 5.598908054163862e-11]",1.609714667898409e-09,2.8623403234039355e-09,1.4038628877056933e-08,3.778156149047973e-08,"[6.579544427021634e-17, 1.1238953294956557e-18, 2.1469678815270814e-19]",6.580539280437177e-17,6.708805708580254e-17,4.9495281484809886e-17,5.551115123125783e-17,"[5.4360993843254883e-14, 2.420415923065022e-13, 1.5636586103463756e-19]",2.480710584851003e-13,4.410086659080241e-13,0.0,0.0,
motor1_70_restore-B_best-oracle_no_integral,B_best,motor1_70_restore,oracle_no_integral,oracle,no_integral,True,60.0,horizon,fault_5_30,False,True,"[0.0017192105536512966, -0.0008136906999160852]",0.0019020456048465101,0.0022864061546365353,0.0012688087409235107,0.01076849085868419,0.0017061822923701837,0.0017061822923701837,0.0017977438079437333,0.0005664139689330355,0.0031948291472265744,0.0029085281334310423,-2.329340604949326e-21,-1.4081922748102743e-20,2500,5.01,30.0,0.005896282403319962,0.0029730778419588496,0.010894066106373295,0.007785870627498479,2.9964682057756957,1.2785346626501464,0.01671340106319999,0.01726509714541084,0.9576073422308223,0.9892171993154065,[0.0],[0.0],0.0,[0.05],[0.05],0.05,[0.0],[0.0],0.0,[0.0],[0.0],0.0,[0.0],[0.0],0.0,[0.0],[0.0],0.0,[0.0],[0.0],0.0,[0.0],[0.0],0.0,"[0.0, 0.0, 0.0]",0.0,0.0,every physics interval; dwell = interval count * physics_dt,0.002,"[0.05, 0.0, 0.0, 0.0]","[0.05, 0.0, 0.0, 0.0]",0.05,"[0.0, 0.0, 0.0, 0.0]","[0.0, 0.0, 0.0, 0.0]",0.0,"[0.05, 0.0, 0.0, 0.0]","[0.05, 0.0, 0.0, 0.0]",0.05,"[0.0, 0.0, 0.0, 0.0]","[0.0, 0.0, 0.0, 0.0]",0.0,"[0.0, 0.0, 0.0, 0.0]","[0.0, 0.0, 0.0, 0.0]",0.0,"[0.0, 0.0, 0.0, 0.0]","[0.0, 0.0, 0.0, 0.0]",0.0,"[0.0, 0.0, 0.0, 0.0]","[0.0, 0.0, 0.0, 0.0]",0.0,"[0.0, 0.0, 0.0, 0.0]","[0.0, 0.0, 0.0, 0.0]",0.0,"[0.1195731329999059, 0.08937951778726136, 0.07308522091183951, 0.0927232705487629]","[0.0, 0.07710926989569765, 0.05856515482886249, 0.08083020415060158]","[0.5808810086195382, 0.4974838102466954, 0.4487264955526904, 0.5071064766451312]","[0.21814922562016836, 0.41035349872061144, 0.3624075418755206, 0.4201890901830416]","[0.017454174262842348, 0.08633814874711157, 0.07715081582287936, 0.08763949985046175]","[0.2, 0.2, 0.2, 0.2]","[0.2, 0.2, 0.2, 0.2]","[0.13999999999999999, 0.2, 0.2, 0.2]","[0.13999999999999999, 0.2, 0.2, 0.2]","[0.0043532763598990625, 0.002368800537170887, 0.0026130966513655952, 0.0017088956037571437]","[0.181642859085154, 0.20922686467513688]","[2.222441961216168, 2.0103732934292]",12500,"body origin, body frame; no gravity/external torque","[1.3702179838021232e-05, 1.3701828008125954e-05, 2.30386649495776e-06]",1.951403658663014e-05,0.0005974474707669911,0.0003878563122824409,0.011873807837650907,"[0.00016880149848802283, 0.00027751573085970434, 1.5761043497971813e-05]",0.00032520353205114916,0.003459877443442685,0.00267543651085381,0.044875522988786054,"[0.0001737925447989831, 0.0002805512915045454, 1.695067440345549e-05]",0.000330454537198851,0.003528272857523396,0.0027684319333625383,0.044875522988786,"[1.3712659920742938e-05, 1.3712659920743058e-05, 2.303866494957758e-06]",1.952900112731042e-05,0.0005978595662975853,0.0003878563122824409,0.011873807837650907,"[2.5557124834088767e-08, 4.258920382155517e-08, 1.5240658900535895e-19]",4.9668973332848447e-08,4.273145338958767e-07,0.0,0.0,
motor1_70_restore-B_best-oracle_no_integral,B_best,motor1_70_restore,oracle_no_integral,oracle,no_integral,True,60.0,horizon,restore_30_60,False,True,"[0.0015157659254175894, -0.000328362281017854]",0.0015509249266977075,0.0021072165938391097,0.0014265320343751899,0.010185990216110268,0.0017364871265307697,0.0017364871265307697,0.0018026514569487034,0.00048390570841042534,0.005194520696988336,0.0027730694272935508,-8.470329472543003e-21,-1.5617169965001163e-21,3000,30.01,60.0,0.006275576404861076,0.002747136408097602,0.010523485225774216,0.007719850902981367,3.851135852231451,1.849413924582639,0.016871469098742074,0.025571621763945614,0.9666639735433076,1.465146002378965,[0.0],[0.0],0.0,[0.0],[0.0],0.0,[0.0],[0.0],0.0,[0.0],[0.0],0.0,[0.0],[0.0],0.0,[0.0],[0.0],0.0,[0.0],[0.0],0.0,[0.0],[0.0],0.0,"[0.0, 0.0, 0.0]",0.0,0.0,every physics interval; dwell = interval count * physics_dt,0.002,"[0.0, 0.0, 0.0, 0.0]","[0.0, 0.0, 0.0, 0.0]",0.0,"[0.0, 0.0, 0.0, 0.0]","[0.0, 0.0, 0.0, 0.0]",0.0,"[0.0, 0.0, 0.0, 0.0]","[0.0, 0.0, 0.0, 0.0]",0.0,"[0.0, 0.0, 0.0, 0.0]","[0.0, 0.0, 0.0, 0.0]",0.0,"[0.0, 0.0, 0.0, 0.0]","[0.0, 0.0, 0.0, 0.0]",0.0,"[0.0, 0.0, 0.0, 0.0]","[0.0, 0.0, 0.0, 0.0]",0.0,"[0.0, 0.0, 0.0, 0.0]","[0.0, 0.0, 0.0, 0.0]",0.0,"[0.0, 0.0, 0.0, 0.0]","[0.0, 0.0, 0.0, 0.0]",0.0,"[0.04394040174732775, 0.08335659241415339, 0.05905067417369851, 0.08608108680767322]","[0.058033781251020156, 0.07292315416980186, 0.043854851004818896, 0.0781494934997683]","[0.3500250175711802, 0.4798457887701505, 0.4035351455782946, 0.4878752548166428]","[0.36105653514223723, 0.3993817511376885, 0.32538705938321155, 0.4130950101966048]","[0.04985935199293284, 0.08512903352558572, 0.07169595607379253, 0.08645678050540172]","[0.2, 0.2, 0.2, 0.2]","[0.2, 0.2, 0.2, 0.2]","[0.2, 0.2, 0.2, 0.2]","[0.2, 0.2, 0.2, 0.2]","[0.0037734075043314792, 0.002613174082593834, 0.0033671472133344578, 0.00194369995644505]","[0.20322900346586178, 0.2285489718642738]","[2.8414690216295955, 2.600547471176699]",15000,"body origin, body frame; no gravity/external torque","[3.303980429574365e-08, 4.874539742972004e-08, 2.0100979091311913e-19]",5.8887540604804e-08,6.104549348828919e-07,4.8052696157350734e-17,5.551115123125783e-17,"[0.00021724030105543476, 0.0003177773090318938, 2.060264308829662e-05]",0.0003854870107285499,0.004564421281921976,0.003767248710684671,0.06166567604194062,"[0.0002172103280779161, 0.0003177324253384129, 2.0602643088296625e-05]",0.0003854331195387486,0.004563908430539286,0.0037672487106846712,0.061665676041940565,"[6.577902970810922e-17, 1.1711084098608019e-18, 2.111377777855696e-19]",6.578979269924179e-17,8.197091864674794e-17,4.8052696157350734e-17,5.551115123125783e-17,"[3.3039804296062255e-08, 4.874539742984892e-08, 1.5132293267716615e-19]",5.888754060508921e-08,6.104549348572845e-07,0.0,0.0,
motor1_70_restore-B_best-oracle_no_integral,B_best,motor1_70_restore,oracle_no_integral,oracle,no_integral,True,60.0,horizon,full_0_60,True,False,,,,,,,,,,,,,,,,,,,,,,,,,,,,,,,,,,,,,,,,,,,,,,,,,,,,,,,,,,,,,,,,,,,,,,,,,,,,,,,,,,,,,,,,,,,,,,,,,,,,,,,,,,,,,,,,,,,,,,,
motor1_70_restore-B_best-oracle_no_integral,B_best,motor1_70_restore,oracle_no_integral,oracle,no_integral,True,60.0,horizon,pre_3_5,True,False,,,,,,,,,,,,,,,,,,,,,,,,,,,,,,,,,,,,,,,,,,,,,,,,,,,,,,,,,,,,,,,,,,,,,,,,,,,,,,,,,,,,,,,,,,,,,,,,,,,,,,,,,,,,,,,,,,,,,,,
motor1_70_restore-B_best-oracle_no_integral,B_best,motor1_70_restore,oracle_no_integral,oracle,no_integral,True,60.0,horizon,tail_18_20,True,False,,,,,,,,,,,,,,,,,,,,,,,,,,,,,,,,,,,,,,,,,,,,,,,,,,,,,,,,,,,,,,,,,,,,,,,,,,,,,,,,,,,,,,,,,,,,,,,,,,,,,,,,,,,,,,,,,,,,,,,
motor1_70_restore-B_best-oracle_no_integral,B_best,motor1_70_restore,oracle_no_integral,oracle,no_integral,True,60.0,horizon,pre_second_28_30,True,False,,,,,,,,,,,,,,,,,,,,,,,,,,,,,,,,,,,,,,,,,,,,,,,,,,,,,,,,,,,,,,,,,,,,,,,,,,,,,,,,,,,,,,,,,,,,,,,,,,,,,,,,,,,,,,,,,,,,,,,
motor1_70_restore-B_best-oracle_no_integral,B_best,motor1_70_restore,oracle_no_integral,oracle,no_integral,True,60.0,horizon,tail_58_60,True,False,,,,,,,,,,,,,,,,,,,,,,,,,,,,,,,,,,,,,,,,,,,,,,,,,,,,,,,,,,,,,,,,,,,,,,,,,,,,,,,,,,,,,,,,,,,,,,,,,,,,,,,,,,,,,,,,,,,,,,,
motor1_70_restore-B_best-oracle_no_integral,B_best,motor1_70_restore,oracle_no_integral,oracle,no_integral,True,60.0,horizon,fault_5_30,True,False,,,,,,,,,,,,,,,,,,,,,,,,,,,,,,,,,,,,,,,,,,,,,,,,,,,,,,,,,,,,,,,,,,,,,,,,,,,,,,,,,,,,,,,,,,,,,,,,,,,,,,,,,,,,,,,,,,,,,,,
motor1_70_restore-B_best-oracle_no_integral,B_best,motor1_70_restore,oracle_no_integral,oracle,no_integral,True,60.0,horizon,restore_30_60,True,False,,,,,,,,,,,,,,,,,,,,,,,,,,,,,,,,,,,,,,,,,,,,,,,,,,,,,,,,,,,,,,,,,,,,,,,,,,,,,,,,,,,,,,,,,,,,,,,,,,,,,,,,,,,,,,,,,,,,,,,
motor1_70_restore-B_best-oracle_integral_020,B_best,motor1_70_restore,oracle_integral_020,oracle,integral_020,True,60.0,horizon,full_0_60,False,True,"[0.00012894711253457034, -4.8719448736531805e-05]",0.0001378439063440771,0.0014192057544738157,0.0014124956746890938,0.011299491647318215,0.00014727634219429336,0.00014727634219429336,0.0006418749884041403,0.0006247504940123555,0.003894971479425302,0.0015576098594546734,-4.235164736271502e-22,2.329340604949326e-21,6000,0.01,60.0,0.0059132047103430735,0.002802545951720406,0.008214137548392371,0.0038091370782479634,3.8511374399313065,1.8494117570843793,0.016631788351607956,0.025571728963296,0.9529312783019803,1.4651521444493087,[0.05],[0.05],0.05,[0.05],[0.05],0.05,[0.0],[0.0],0.0,[0.0],[0.0],0.0,[0.0],[0.0],0.0,[0.0],[0.0],0.0,[0.0],[0.0],0.0,[0.0],[0.0],0.0,"[-0.001541640071264635, 0.0005815008362908089, -0.0017661365257918842]",0.0024176146202655817,0.0020309861069434006,every physics interval; dwell = interval count * physics_dt,0.002,"[0.05, 0.0, 0.0, 0.0]","[0.05, 0.0, 0.0, 0.0]",0.05,"[0.0, 0.0, 0.0, 0.0]","[0.0, 0.0, 0.0, 0.0]",0.0,"[0.05, 0.0, 0.0, 0.0]","[0.05, 0.0, 0.0, 0.0]",0.05,"[0.0, 0.0, 0.0, 0.0]","[0.0, 0.0, 0.0, 0.0]",0.0,"[0.0, 0.0, 0.0, 0.0]","[0.0, 0.0, 0.0, 0.0]",0.0,"[0.0, 0.0, 0.0, 0.0]","[0.0, 0.0, 0.0, 0.0]",0.0,"[0.0, 0.0, 0.0, 0.0]","[0.0, 0.0, 0.0, 0.0]",0.0,"[0.0, 0.0, 0.0, 0.0]","[0.0, 0.0, 0.0, 0.0]",0.0,"[0.04393980475332913, 0.08334948410163048, 0.05904447466503722, 0.08607233365476334]","[0.0, 0.07293569856528664, 0.043865728844981605, 0.07816260744541004]","[0.35002277230701606, 0.47982472510226215, 0.40351435633961696, 0.48784959557688873]","[0.21814922562016836, 0.3994144889215562, 0.32541416983812654, 0.41312961162512396]","[0.017453139860574493, 0.08512942172807246, 0.07170548713338892, 0.08646760035777529]","[0.2, 0.2, 0.2, 0.2]","[0.2, 0.2, 0.2, 0.2]","[0.13999999999999999, 0.2, 0.2, 0.2]","[0.2, 0.2, 0.2, 0.2]","[0.0038768907633699463, 0.002398906757215632, 0.00292069945233274, 0.0017627993065654414]","[0.18572486644364566, 0.2115452160119766]","[2.8414710343340666, 2.600547624862197]",30000,"body origin, body frame; no gravity/external torque","[8.846531623896954e-06, 8.846341028463896e-06, 1.487438762620594e-06]",1.2598862862855782e-05,0.0005975281400832755,0.00025041056609773624,0.011875409712176543,"[0.00018833451975157605, 0.0002873978303760347, 1.780866647865638e-05]",0.00034407056374624893,0.004564419598653244,0.0031879466621271696,0.06164420175875096,"[0.00019019982301967604, 0.0002885987109277802, 1.8258328795350264e-05]",0.00034611927885672063,0.004563906747427259,0.0032208808678262147,0.061644201758750905,"[8.853265564383678e-06, 8.853265564383773e-06, 1.4874387626205926e-06]",1.2608453369844839e-05,0.0005979402224798548,0.00025041056609773624,0.011875409712176543,"[2.860043723411275e-08, 4.409339072955639e-08, 1.539159818978258e-19]",5.25567513837354e-08,6.104543150897891e-07,0.0,0.0,
motor1_70_restore-B_best-oracle_integral_020,B_best,motor1_70_restore,oracle_integral_020,oracle,integral_020,True,60.0,horizon,pre_3_5,False,True,"[0.0006866881972148647, -0.00036676843235183354]",0.000778498402801202,0.0007919077398131217,0.00014511411100201114,0.0010142144243679996,0.0008663949326117804,0.0008663949326117804,0.0008773455659079625,0.0001381848861597793,0.0011597133445755414,0.0011818854049332743,4.036641389258775e-22,3.771943593241806e-22,200,3.0100000000000002,5.0,0.0002698364000835494,0.00027740318714123156,0.0029485618457491445,0.0032457733017818157,0.018171485402901935,0.004964111092989242,0.017064538090609017,0.01709763849054281,0.977726011932129,0.9796225251485304,[0.0],[0.0],0.0,[0.0],[0.0],0.0,[0.0],[0.0],0.0,[0.0],[0.0],0.0,[0.0],[0.0],0.0,[0.0],[0.0],0.0,[0.0],[0.0],0.0,[0.0],[0.0],0.0,"[-0.0011037807977765754, 0.00043433179351162917, -0.001229508993651663]",0.0011861602574674813,0.001229508993651663,every physics interval; dwell = interval count * physics_dt,0.002,"[0.0, 0.0, 0.0, 0.0]","[0.0, 0.0, 0.0, 0.0]",0.0,"[0.0, 0.0, 0.0, 0.0]","[0.0, 0.0, 0.0, 0.0]",0.0,"[0.0, 0.0, 0.0, 0.0]","[0.0, 0.0, 0.0, 0.0]",0.0,"[0.0, 0.0, 0.0, 0.0]","[0.0, 0.0, 0.0, 0.0]",0.0,"[0.0, 0.0, 0.0, 0.0]","[0.0, 0.0, 0.0, 0.0]",0.0,"[0.0, 0.0, 0.0, 0.0]","[0.0, 0.0, 0.0, 0.0]",0.0,"[0.0, 0.0, 0.0, 0.0]","[0.0, 0.0, 0.0, 0.0]",0.0,"[0.0, 0.0, 0.0, 0.0]","[0.0, 0.0, 0.0, 0.0]",0.0,"[0.10630552079948982, 0.10631289340310332, 0.10634887668868354, 0.10634582575460397]","[0.09350515341392258, 0.09350107891112099, 0.09353251928761498, 0.09354031156832646]","[0.5451221825903968, 0.5451423991212109, 0.5452410634701751, 0.5452326983480899]","[0.45435879609066443, 0.4543476291838656, 0.4544338004693005, 0.45445515859665564]","[0.09355961271017799, 0.09355507805279742, 0.09356614657406834, 0.093572065760144]","[0.2, 0.2, 0.2, 0.2]","[0.2, 0.2, 0.2, 0.2]","[0.2, 0.2, 0.2, 0.2]","[0.2, 0.2, 0.2, 0.2]","[3.8552114598933756e-05, 3.998529057611496e-05, 2.4906072765998947e-05, 2.259817517325761e-05]","[0.0017698165668378158, 0.00583038955756947]","[0.003534998695584415, 0.01791844026130568]",1000,"body origin, body frame; no gravity/external torque","[1.673931039563467e-11, 6.81793098613396e-10, 1.9248212663184063e-19]",6.819985585244129e-10,1.5158335768225606e-09,4.871083751574258e-17,5.551115123125783e-17,"[1.0440970010897407e-07, 4.437128781843017e-06, 1.8638355694438307e-07]",4.442268794482811e-06,1.082532642700522e-05,1.1166888701118092e-05,3.826819182795038e-05,"[1.0439467076753554e-07, 4.436495326947648e-06, 1.863835569443845e-07]",4.4416357193732345e-06,1.0823950729052786e-05,1.1166888701114267e-05,3.826819182789487e-05,"[6.573160227896286e-17, 1.1442346878298754e-18, 2.0985762852163531e-19]",6.574189570893781e-17,6.709167474425988e-17,4.871083751574258e-17,5.551115123125783e-17,"[1.6739309536379478e-11, 6.817930986048942e-10, 1.462668697448798e-19]",6.819985584948257e-10,1.5158335746014142e-09,0.0,0.0,
motor1_70_restore-B_best-oracle_integral_020,B_best,motor1_70_restore,oracle_integral_020,oracle,integral_020,True,60.0,horizon,tail_18_20,False,True,"[-4.157813512497184e-05, 7.378782071186612e-05]",8.469583110092796e-05,8.56807366171451e-05,1.2953950029997208e-05,0.00010878272035888073,4.129303212017099e-05,4.129303212017099e-05,4.152360716170179e-05,4.369834097750106e-06,4.9198412747530895e-05,9.52123866887913e-05,7.806517030969199e-24,-1.4863401631812216e-25,200,18.01,20.0,2.2695802996897967e-05,7.59438036570339e-06,0.00032008746899833684,0.00015850340302666732,0.000395177319806905,0.00029825349718225604,0.017062217671855753,0.01706269519858894,0.977593061730864,0.9776204219972803,[0.0],[0.0],0.0,[0.0],[0.0],0.0,[0.0],[0.0],0.0,[0.0],[0.0],0.0,[0.0],[0.0],0.0,[0.0],[0.0],0.0,[0.0],[0.0],0.0,[0.0],[0.0],0.0,"[-0.00156761628024339, 0.0006229497092863563, -0.0017311584774606667]",0.001713242997915227,0.0017311584774606667,every physics interval; dwell = interval count * physics_dt,0.002,"[0.0, 0.0, 0.0, 0.0]","[0.0, 0.0, 0.0, 0.0]",0.0,"[0.0, 0.0, 0.0, 0.0]","[0.0, 0.0, 0.0, 0.0]",0.0,"[0.0, 0.0, 0.0, 0.0]","[0.0, 0.0, 0.0, 0.0]",0.0,"[0.0, 0.0, 0.0, 0.0]","[0.0, 0.0, 0.0, 0.0]",0.0,"[0.0, 0.0, 0.0, 0.0]","[0.0, 0.0, 0.0, 0.0]",0.0,"[0.0, 0.0, 0.0, 0.0]","[0.0, 0.0, 0.0, 0.0]",0.0,"[0.0, 0.0, 0.0, 0.0]","[0.0, 0.0, 0.0, 0.0]",0.0,"[0.0, 0.0, 0.0, 0.0]","[0.0, 0.0, 0.0, 0.0]",0.0,"[0.1519875544424264, 0.1063907808139059, 0.10639398082843413, 0.10639454493095395]","[0.04798912582094275, 0.0935922549146732, 0.09359537789046492, 0.09359585093365222]","[0.6642245811554082, 0.5453559499642942, 0.5453647227354834, 0.5453662692023156]","[0.33571699834221436, 0.45459754374283545, 0.45460610498415555, 0.4546074017784567]","[0.03359759060219829, 0.09359734126610458, 0.09359863461002589, 0.09359887411493246]","[0.2, 0.2, 0.2, 0.2]","[0.2, 0.2, 0.2, 0.2]","[0.13999999999999999, 0.2, 0.2, 0.2]","[0.13999999999999999, 0.2, 0.2, 0.2]","[4.968991020277962e-06, 3.602268025255884e-06, 2.223997717900862e-06, 2.0496846151735213e-06]","[5.688929282367418e-05, 0.0001597082276532076]","[0.00014660256533470436, 0.0003705373552705243]",1000,"body origin, body frame; no gravity/external torque","[1.473041650834582e-12, 6.216776332666008e-11, 1.067794583498199e-18]",6.218521246039698e-11,1.3323684493224166e-10,6.143958570009227e-17,1.1102230246251565e-16,"[9.58934936441372e-09, 4.00667364345428e-07, 1.681512396114651e-08]",4.011346916767148e-07,9.56380275419343e-07,6.388955592838477e-07,1.5215154627323813e-06,"[9.587982190812317e-09, 4.0060968738240304e-07, 1.6815123961161027e-08]",4.0107704923237314e-07,9.562474576162257e-07,6.388955592827443e-07,1.52151546267687e-06,"[7.420099263386848e-17, 6.930082557168395e-17, 1.05709252004052e-18]",1.0153575319740478e-16,1.0340688801408987e-16,6.143958570009227e-17,1.1102230246251565e-16,"[1.473040116984169e-12, 6.216776274995469e-11, 1.5256076869982431e-19]",6.218521184751973e-11,1.3323677495904983e-10,0.0,0.0,
motor1_70_restore-B_best-oracle_integral_020,B_best,motor1_70_restore,oracle_integral_020,oracle,integral_020,True,60.0,horizon,pre_second_28_30,False,True,"[-3.4395554255741355e-06, 4.667382938106206e-06]",5.797844859645814e-06,5.8677149209396734e-06,9.028141430530843e-07,7.494202545060513e-06,5.845202679115591e-06,5.845202679115591e-06,5.88562751866094e-06,6.886341034822957e-07,7.111063046627564e-06,8.310877792498034e-06,5.351632381019344e-27,-1.1914955112458162e-26,200,28.01,30.0,1.5885534611756246e-06,1.202773807305779e-06,2.188418681155034e-05,2.2339759791612893e-05,3.6222548091772e-06,9.232222648978327e-07,0.017061703337155187,0.017061728956495856,0.9775635925232644,0.9775650604033588,[0.0],[0.0],0.0,[0.0],[0.0],0.0,[0.0],[0.0],0.0,[0.0],[0.0],0.0,[0.0],[0.0],0.0,[0.0],[0.0],0.0,[0.0],[0.0],0.0,[0.0],[0.0],0.0,"[-0.0015437882978108915, 0.0005850773025581278, -0.0017614174929402738]",0.0016528796659292494,0.0017614174929402738,every physics interval; dwell = interval count * physics_dt,0.002,"[0.0, 0.0, 0.0, 0.0]","[0.0, 0.0, 0.0, 0.0]",0.0,"[0.0, 0.0, 0.0, 0.0]","[0.0, 0.0, 0.0, 0.0]",0.0,"[0.0, 0.0, 0.0, 0.0]","[0.0, 0.0, 0.0, 0.0]",0.0,"[0.0, 0.0, 0.0, 0.0]","[0.0, 0.0, 0.0, 0.0]",0.0,"[0.0, 0.0, 0.0, 0.0]","[0.0, 0.0, 0.0, 0.0]",0.0,"[0.0, 0.0, 0.0, 0.0]","[0.0, 0.0, 0.0, 0.0]",0.0,"[0.0, 0.0, 0.0, 0.0]","[0.0, 0.0, 0.0, 0.0]",0.0,"[0.0, 0.0, 0.0, 0.0]","[0.0, 0.0, 0.0, 0.0]",0.0,"[0.1519989108287517, 0.1063992312452309, 0.10639924677940331, 0.10639923868679327]","[0.04800101813260885, 0.09360070693648756, 0.09360071936739649, 0.09360071032144553]","[0.6642530313462789, 0.5453791164707507, 0.5453791590565366, 0.545379136871245]","[0.3357467906879712, 0.4546207140590094, 0.4546207481374226, 0.4546207233386199]","[0.033600728689706816, 0.09360072478330851, 0.09360073046988243, 0.09360072765477048]","[0.2, 0.2, 0.2, 0.2]","[0.2, 0.2, 0.2, 0.2]","[0.13999999999999999, 0.2, 0.2, 0.2]","[0.13999999999999999, 0.2, 0.2, 0.2]","[1.4025363544242427e-08, 1.2010267074348228e-08, 6.734568445220478e-09, 8.593828103063e-09]","[2.192584186268442e-06, 1.3271589623034538e-06]","[3.3208543717030886e-06, 2.512825894342047e-06]",1000,"body origin, body frame; no gravity/external torque","[6.070889165986476e-14, 1.7119144221932007e-13, 1.0581875201356966e-18]",1.8163721924985492e-13,4.0995193673553294e-13,6.292624226552986e-17,1.1102230246251565e-16,"[3.898652237585442e-10, 1.1117069722766376e-09, 6.121100028338423e-11]",1.1796754093650002e-09,3.0276404368732908e-09,1.4938698457639307e-08,4.710220569137391e-08,"[3.898089932598943e-10, 1.1115481060909516e-09, 6.121100030740007e-11]",1.1795071131363766e-09,3.027264232411842e-09,1.493869845891132e-08,4.710220574688506e-08,"[7.420500660312964e-17, 6.926434197224475e-17, 1.0664299660043383e-18]",1.0151388745728832e-16,1.031617576363166e-16,6.292624226552986e-17,1.1102230246251565e-16,"[6.070944791838296e-14, 1.7118961510711247e-13, 1.6726256469865108e-19]",1.8163568313275938e-13,4.0990805378156204e-13,0.0,0.0,
motor1_70_restore-B_best-oracle_integral_020,B_best,motor1_70_restore,oracle_integral_020,oracle,integral_020,True,60.0,horizon,tail_58_60,False,True,"[1.3535213687900063e-07, -1.937816566528546e-06]",1.9425378365607698e-06,1.964434976336578e-06,2.9249193114390524e-07,2.4890357262438134e-06,-1.2044212343964576e-07,1.2044212343964576e-07,1.2045385424402278e-07,1.681042411546373e-09,1.225816566030602e-07,1.9681244643712788e-06,5.99534287967969e-27,2.8507615036819865e-30,200,58.01,60.0,5.132334110630171e-07,5.2320381373444475e-09,7.34460243637429e-06,4.849095021586791e-07,1.2074182697257333e-06,5.142740638319785e-07,0.017061565799231924,0.017061568587312368,0.9775557121807386,0.9775558719259809,[0.0],[0.0],0.0,[0.0],[0.0],0.0,[0.0],[0.0],0.0,[0.0],[0.0],0.0,[0.0],[0.0],0.0,[0.0],[0.0],0.0,[0.0],[0.0],0.0,[0.0],[0.0],0.0,"[-0.001541640071264635, 0.0005815008362908089, -0.0017661365257918842]",0.0016476642048474984,0.0017661844574779475,every physics interval; dwell = interval count * physics_dt,0.002,"[0.0, 0.0, 0.0, 0.0]","[0.0, 0.0, 0.0, 0.0]",0.0,"[0.0, 0.0, 0.0, 0.0]","[0.0, 0.0, 0.0, 0.0]",0.0,"[0.0, 0.0, 0.0, 0.0]","[0.0, 0.0, 0.0, 0.0]",0.0,"[0.0, 0.0, 0.0, 0.0]","[0.0, 0.0, 0.0, 0.0]",0.0,"[0.0, 0.0, 0.0, 0.0]","[0.0, 0.0, 0.0, 0.0]",0.0,"[0.0, 0.0, 0.0, 0.0]","[0.0, 0.0, 0.0, 0.0]",0.0,"[0.0, 0.0, 0.0, 0.0]","[0.0, 0.0, 0.0, 0.0]",0.0,"[0.0, 0.0, 0.0, 0.0]","[0.0, 0.0, 0.0, 0.0]",0.0,"[0.10639924196070635, 0.1063992451095066, 0.10639924395182905, 0.1063992480086611]","[0.09360071908643952, 0.09360072271484432, 0.09360072255309401, 0.0936007255151545]","[0.5453791458464342, 0.5453791544786385, 0.5453791513049512, 0.5453791624264568]","[0.4546207473672005, 0.45462075731420404, 0.4546207568707781, 0.4546207649910473]","[0.09360073313588599, 0.09360073444960879, 0.09360073261733606, 0.09360073397002712]","[0.2, 0.2, 0.2, 0.2]","[0.2, 0.2, 0.2, 0.2]","[0.2, 0.2, 0.2, 0.2]","[0.2, 0.2, 0.2, 0.2]","[7.583324542693261e-09, 6.96639937680443e-09, 7.800818720191346e-09, 4.6236018892077524e-09]","[7.78928612470306e-07, 2.93722402939646e-07]","[1.1698469093745006e-06, 6.292345297703771e-07]",1000,"body origin, body frame; no gravity/external torque","[6.161808982284356e-14, 1.1607307802998999e-13, 1.98430187441969e-19]",1.3141441487451645e-13,2.5835300368653565e-13,4.918300529807393e-17,5.551115123125783e-17,"[3.976417669670226e-10, 7.56467325777639e-10, 3.415159226254664e-11]",8.552941722354341e-10,1.8957443615963158e-09,1.1656787047318688e-08,4.46396897224588e-08,"[3.9758443618062775e-10, 7.563583697875512e-10, 3.415159225724239e-11]",8.551711516968134e-10,1.895486310491268e-09,1.1656787047286643e-08,4.4639689666947646e-08,"[6.575855326127184e-17, 1.164315458088196e-18, 2.177842212070535e-19]",6.57692206694628e-17,6.693443197564928e-17,4.918300529807393e-17,5.551115123125783e-17,"[6.161815373896616e-14, 1.1607306495514456e-13, 1.5101188829344653e-19]",1.3141443329521636e-13,2.583800651825962e-13,0.0,0.0,
motor1_70_restore-B_best-oracle_integral_020,B_best,motor1_70_restore,oracle_integral_020,oracle,integral_020,True,60.0,horizon,fault_5_30,False,True,"[8.894111756835826e-05, -3.067281885364416e-05]",9.408158273932786e-05,0.0013682674750864715,0.001365029134915724,0.009805836770730663,0.00010635919197849062,0.00010635919197849062,0.000577521241695213,0.0005676429396115687,0.003894971479425302,0.0014851554356324756,6.352747104407253e-22,2.117582368135751e-22,2500,5.01,30.0,0.005934354998937005,0.0030184795737901128,0.008087084544726503,0.003801845533693884,2.9968637728225884,1.2784870808800808,0.016719758008913024,0.017295259780991994,0.9579715683907729,0.9909453910331977,[0.05],[0.05],0.05,[0.05],[0.05],0.05,[0.0],[0.0],0.0,[0.0],[0.0],0.0,[0.0],[0.0],0.0,[0.0],[0.0],0.0,[0.0],[0.0],0.0,[0.0],[0.0],0.0,"[-0.0015437882978108915, 0.0005850773025581278, -0.0017614174929402738]",0.0024176146202655817,0.0017614174929402738,every physics interval; dwell = interval count * physics_dt,0.002,"[0.05, 0.0, 0.0, 0.0]","[0.05, 0.0, 0.0, 0.0]",0.05,"[0.0, 0.0, 0.0, 0.0]","[0.0, 0.0, 0.0, 0.0]",0.0,"[0.05, 0.0, 0.0, 0.0]","[0.05, 0.0, 0.0, 0.0]",0.05,"[0.0, 0.0, 0.0, 0.0]","[0.0, 0.0, 0.0, 0.0]",0.0,"[0.0, 0.0, 0.0, 0.0]","[0.0, 0.0, 0.0, 0.0]",0.0,"[0.0, 0.0, 0.0, 0.0]","[0.0, 0.0, 0.0, 0.0]",0.0,"[0.0, 0.0, 0.0, 0.0]","[0.0, 0.0, 0.0, 0.0]",0.0,"[0.0, 0.0, 0.0, 0.0]","[0.0, 0.0, 0.0, 0.0]",0.0,"[0.11958747038252478, 0.08936823608860564, 0.07310114032429806, 0.0927182806101793]","[0.0, 0.07709319193660151, 0.05855918743078936, 0.08081413820697009]","[0.5809190292629184, 0.49745114720595063, 0.44877586637423333, 0.5070922011741569]","[0.21814922562016836, 0.4103111735957339, 0.3623923636087456, 0.42014644663473544]","[0.017453139860574493, 0.08632181266002154, 0.07714495511307358, 0.08762219433079045]","[0.2, 0.2, 0.2, 0.2]","[0.2, 0.2, 0.2, 0.2]","[0.13999999999999999, 0.2, 0.2, 0.2]","[0.13999999999999999, 0.2, 0.2, 0.2]","[0.004353679353421236, 0.0023694195209140495, 0.0026131377742310835, 0.0017085334381544593]","[0.18184445681662714, 0.20948987972142732]","[2.222660426700961, 2.0107216474680696]",12500,"body origin, body frame; no gravity/external torque","[1.3704940060900515e-05, 1.370458855193948e-05, 2.3043302224531714e-06]",1.951796780469073e-05,0.0005975281400832755,0.00038793438088436164,0.011875409712176543,"[0.00016877974601512107, 0.0002775656218104415, 1.5762548669233303e-05]",0.0003252348920649461,0.0034598634433029387,0.0026748565624580127,0.04488729308413153,"[0.00017377234149583393, 0.0002806011299829856, 1.695231740242559e-05]",0.0003304863111869935,0.0035282728480940575,0.0027679278848466334,0.044887293084131474,"[1.3715420036163838e-05, 1.3715420036163984e-05, 2.3043302224531692e-06]",1.953293196913674e-05,0.0005979402224798548,0.00038793438088436164,0.011875409712176543,"[2.555352483631734e-08, 4.259697734324417e-08, 1.5540063044689708e-19]",4.967378695389693e-08,4.273069684558558e-07,0.0,0.0,
motor1_70_restore-B_best-oracle_integral_020,B_best,motor1_70_restore,oracle_integral_020,oracle,integral_020,True,60.0,horizon,restore_30_60,False,True,"[-3.5711998929187413e-07, 5.944248795238255e-07]",6.93451962394471e-07,0.0014755531461560067,0.0014755529832084187,0.011299491647318215,7.848867658467966e-07,7.848867658467966e-07,0.0005142437627249769,0.000514243163740954,0.003394687245269923,0.0015625951921826818,1.2705494208814505e-21,1.4823076576950256e-21,3000,30.01,60.0,0.00632855318672656,0.002788819932398071,0.008672205910787765,0.0034742988857587405,3.8511374399313065,1.8494117570843793,0.01687145936604933,0.025571728963296,0.9666634159010902,1.4651521444493087,[0.0],[0.0],0.0,[0.0],[0.0],0.0,[0.0],[0.0],0.0,[0.0],[0.0],0.0,[0.0],[0.0],0.0,[0.0],[0.0],0.0,[0.0],[0.0],0.0,[0.0],[0.0],0.0,"[-0.001541640071264635, 0.0005815008362908089, -0.0017661365257918842]",0.001650931031880862,0.0020309861069434006,every physics interval; dwell = interval count * physics_dt,0.002,"[0.0, 0.0, 0.0, 0.0]","[0.0, 0.0, 0.0, 0.0]",0.0,"[0.0, 0.0, 0.0, 0.0]","[0.0, 0.0, 0.0, 0.0]",0.0,"[0.0, 0.0, 0.0, 0.0]","[0.0, 0.0, 0.0, 0.0]",0.0,"[0.0, 0.0, 0.0, 0.0]","[0.0, 0.0, 0.0, 0.0]",0.0,"[0.0, 0.0, 0.0, 0.0]","[0.0, 0.0, 0.0, 0.0]",0.0,"[0.0, 0.0, 0.0, 0.0]","[0.0, 0.0, 0.0, 0.0]",0.0,"[0.0, 0.0, 0.0, 0.0]","[0.0, 0.0, 0.0, 0.0]",0.0,"[0.0, 0.0, 0.0, 0.0]","[0.0, 0.0, 0.0, 0.0]",0.0,"[0.04393980475332913, 0.08334948410163048, 0.05904447466503722, 0.08607233365476334]","[0.05804501023865197, 0.07293569856528664, 0.043865728844981605, 0.07816260744541004]","[0.35002277230701606, 0.47982472510226215, 0.40351435633961696, 0.48784959557688873]","[0.3610850729662568, 0.3994144889215562, 0.32541416983812654, 0.41312961162512396]","[0.04985935477621345, 0.08512942172807246, 0.07170548713338892, 0.08646760035777529]","[0.2, 0.2, 0.2, 0.2]","[0.2, 0.2, 0.2, 0.2]","[0.2, 0.2, 0.2, 0.2]","[0.2, 0.2, 0.2, 0.2]","[0.003773013872566051, 0.0026123800910224427, 0.0033671136843795, 0.0019440449649561846]","[0.20353500286645443, 0.2288775893317655]","[2.8414710343340666, 2.600547624862197]",15000,"body origin, body frame; no gravity/external torque","[3.3042613334653955e-08, 4.8735499507824776e-08, 2.0284055801071352e-19]",5.888092397594292e-08,6.104543151169388e-07,4.809542866571309e-17,5.551115123125783e-17,"[0.00021725747095824706, 0.0003177143563655446, 2.0601036233869246e-05]",0.0003854447089037005,0.004564419598653244,0.003767764954873737,0.06164420175875096,"[0.00021722749538335428, 0.00031766948193869904, 2.060103623386926e-05]",0.0003853908239691744,0.004563906747427259,0.0037677649548737363,0.061644201758750905,"[6.577531903798977e-17, 1.1968801197647703e-18, 2.186951609763114e-19]",6.578657115357135e-17,8.196661641901096e-17,4.809542866571309e-17,5.551115123125783e-17,"[3.3042613334960336e-08, 4.873549950794421e-08, 1.5214927565451497e-19]",5.888092397621359e-08,6.104543150897891e-07,0.0,0.0,
motor1_70_restore-B_best-oracle_integral_020,B_best,motor1_70_restore,oracle_integral_020,oracle,integral_020,True,60.0,horizon,full_0_60,True,False,,,,,,,,,,,,,,,,,,,,,,,,,,,,,,,,,,,,,,,,,,,,,,,,,,,,,,,,,,,,,,,,,,,,,,,,,,,,,,,,,,,,,,,,,,,,,,,,,,,,,,,,,,,,,,,,,,,,,,,
motor1_70_restore-B_best-oracle_integral_020,B_best,motor1_70_restore,oracle_integral_020,oracle,integral_020,True,60.0,horizon,pre_3_5,True,False,,,,,,,,,,,,,,,,,,,,,,,,,,,,,,,,,,,,,,,,,,,,,,,,,,,,,,,,,,,,,,,,,,,,,,,,,,,,,,,,,,,,,,,,,,,,,,,,,,,,,,,,,,,,,,,,,,,,,,,
motor1_70_restore-B_best-oracle_integral_020,B_best,motor1_70_restore,oracle_integral_020,oracle,integral_020,True,60.0,horizon,tail_18_20,True,False,,,,,,,,,,,,,,,,,,,,,,,,,,,,,,,,,,,,,,,,,,,,,,,,,,,,,,,,,,,,,,,,,,,,,,,,,,,,,,,,,,,,,,,,,,,,,,,,,,,,,,,,,,,,,,,,,,,,,,,
motor1_70_restore-B_best-oracle_integral_020,B_best,motor1_70_restore,oracle_integral_020,oracle,integral_020,True,60.0,horizon,pre_second_28_30,True,False,,,,,,,,,,,,,,,,,,,,,,,,,,,,,,,,,,,,,,,,,,,,,,,,,,,,,,,,,,,,,,,,,,,,,,,,,,,,,,,,,,,,,,,,,,,,,,,,,,,,,,,,,,,,,,,,,,,,,,,
motor1_70_restore-B_best-oracle_integral_020,B_best,motor1_70_restore,oracle_integral_020,oracle,integral_020,True,60.0,horizon,tail_58_60,True,False,,,,,,,,,,,,,,,,,,,,,,,,,,,,,,,,,,,,,,,,,,,,,,,,,,,,,,,,,,,,,,,,,,,,,,,,,,,,,,,,,,,,,,,,,,,,,,,,,,,,,,,,,,,,,,,,,,,,,,,
motor1_70_restore-B_best-oracle_integral_020,B_best,motor1_70_restore,oracle_integral_020,oracle,integral_020,True,60.0,horizon,fault_5_30,True,False,,,,,,,,,,,,,,,,,,,,,,,,,,,,,,,,,,,,,,,,,,,,,,,,,,,,,,,,,,,,,,,,,,,,,,,,,,,,,,,,,,,,,,,,,,,,,,,,,,,,,,,,,,,,,,,,,,,,,,,
motor1_70_restore-B_best-oracle_integral_020,B_best,motor1_70_restore,oracle_integral_020,oracle,integral_020,True,60.0,horizon,restore_30_60,True,False,,,,,,,,,,,,,,,,,,,,,,,,,,,,,,,,,,,,,,,,,,,,,,,,,,,,,,,,,,,,,,,,,,,,,,,,,,,,,,,,,,,,,,,,,,,,,,,,,,,,,,,,,,,,,,,,,,,,,,,
combined_motor1_70_restore-A_best-existing_no_integral,A_best,combined_motor1_70_restore,existing_no_integral,existing,no_integral,True,60.0,horizon,full_0_60,False,True,"[0.11193790301580382, -0.04101734944004618]",0.11921626183815008,0.13487489338068706,0.06307709392314667,0.205387735633039,-0.016468182514513676,0.016468182514513676,0.017683210175243335,0.006441652487560357,0.06455077742342186,0.13602916152999522,-1.249000902703301e-16,2.927345865710862e-18,6000,0.01,60.0,0.035742705067788504,0.012736912458506545,0.541010098263327,0.07203932082033332,11.971954855861306,3.1971521602665147,-0.08287149180844099,0.171040077701461,-4.7481867225766425,9.799874579883378,[0.0],[0.0],0.0,[0.52],[0.3],0.52,[0.0],[0.0],0.0,[0.0],[0.0],0.0,[0.0],[0.0],0.0,[0.0],[0.0],0.0,[0.0],[0.0],0.0,[0.0],[0.0],0.0,"[0.0, 0.0, 0.0]",0.0,0.0,every physics interval; dwell = interval count * physics_dt,0.002,"[0.52, 0.0, 0.0, 0.0]","[0.3, 0.0, 0.0, 0.0]",0.52,"[0.0, 0.0, 0.0, 0.0]","[0.0, 0.0, 0.0, 0.0]",0.0,"[0.52, 0.0, 0.0, 0.0]","[0.3, 0.0, 0.0, 0.0]",0.52,"[0.0, 0.0, 0.0, 0.0]","[0.0, 0.0, 0.0, 0.0]",0.0,"[0.0, 0.0, 0.0, 0.0]","[0.0, 0.0, 0.0, 0.0]",0.0,"[0.0, 0.0, 0.0, 0.0]","[0.0, 0.0, 0.0, 0.0]",0.0,"[0.0, 0.0, 0.0, 0.0]","[0.0, 0.0, 0.0, 0.0]",0.0,"[0.0, 0.0, 0.0, 0.0]","[0.0, 0.0, 0.0, 0.0]",0.0,"[0.06531998774466012, 0.07167212901261552, 0.08031160589484806, 0.10041977779381023]","[0.0, 0.04579289984309609, 0.06312500035657753, 0.04014611632289802]","[0.42416032129497583, 0.44432870983604483, 0.4707659595835554, 0.5288448714315095]","[0.21814922562016836, 0.3302228481283903, 0.37404870513943467, 0.316163984084478]","[3.841525674880275e-05, 0.07050005254020847, 0.07659974711919887, 0.055502088097942714]","[0.2, 0.2, 0.2, 0.2]","[0.2, 0.2, 0.2, 0.2]","[0.13999999999999999, 0.2, 0.2, 0.2]","[0.2, 0.2, 0.2, 0.2]","[0.0031460469667589056, 0.0027068549106369047, 0.001475850551217763, 0.0016926898045294006]","[0.7878666715134927, 0.9065468481927924]","[8.225168303437982, 10.00694003038978]",30000,"body origin, body frame; no gravity/external torque","[0.0012783455768475833, 0.0012782114152904572, 0.00021477514539394526]",0.0018204725208319657,0.0047905553298666585,0.036157431884502454,0.095146348662147,"[0.00017631803676351008, 0.0002079112568656881, 1.8401996744284805e-05]",0.00027322842879866555,0.004114817449539542,0.0038812162114508293,0.05518210097431836,"[0.0012925599588914363, 0.001297880013152419, 0.00021591723289872284]",0.0018444034339950381,0.005554688802672732,0.036462981955379815,0.13972329818372153,"[0.0012783460042766596, 0.0012783460042765837, 0.00021477514539394515]",0.0018205673226714223,0.004790725563671735,0.036157431884502454,0.095146348662147,"[2.673637999687907e-08, 2.107889344803987e-07, 1.544750313859571e-19]",2.1247778452045298e-07,6.532607524466334e-07,0.0,0.0,
combined_motor1_70_restore-A_best-existing_no_integral,A_best,combined_motor1_70_restore,existing_no_integral,existing,no_integral,True,60.0,horizon,pre_3_5,False,True,"[0.0714989821617609, -0.0066453183546295634]",0.07180713548250048,0.07181243996900825,0.0008728276463508892,0.07205987840393803,-0.018854847065816444,0.018854847065816444,0.01885653914556506,0.00025260774513188216,0.019367309195335136,0.07424685584488168,-5.0610218598444445e-20,-9.85999290163209e-20,200,3.0100000000000002,5.0,0.00580913566130602,0.0006285608428704267,0.2875329385158923,0.07506349381422935,0.4184152343444364,0.07552734969727878,-0.018785512924522216,0.019229742786758233,-1.0763306065635831,1.1017831028033849,[0.0],[0.0],0.0,[0.0],[0.0],0.0,[0.0],[0.0],0.0,[0.0],[0.0],0.0,[0.0],[0.0],0.0,[0.0],[0.0],0.0,[0.0],[0.0],0.0,[0.0],[0.0],0.0,"[0.0, 0.0, 0.0]",0.0,0.0,every physics interval; dwell = interval count * physics_dt,0.002,"[0.0, 0.0, 0.0, 0.0]","[0.0, 0.0, 0.0, 0.0]",0.0,"[0.0, 0.0, 0.0, 0.0]","[0.0, 0.0, 0.0, 0.0]",0.0,"[0.0, 0.0, 0.0, 0.0]","[0.0, 0.0, 0.0, 0.0]",0.0,"[0.0, 0.0, 0.0, 0.0]","[0.0, 0.0, 0.0, 0.0]",0.0,"[0.0, 0.0, 0.0, 0.0]","[0.0, 0.0, 0.0, 0.0]",0.0,"[0.0, 0.0, 0.0, 0.0]","[0.0, 0.0, 0.0, 0.0]",0.0,"[0.0, 0.0, 0.0, 0.0]","[0.0, 0.0, 0.0, 0.0]",0.0,"[0.0, 0.0, 0.0, 0.0]","[0.0, 0.0, 0.0, 0.0]",0.0,"[0.1283077191460387, 0.10703543888446729, 0.10805484540129916, 0.12848050052256105]","[0.07005701094902508, 0.09045207199797287, 0.09144650313403296, 0.07022076650206951]","[0.6038265403552122, 0.5471216902878349, 0.5499074802890671, 0.604276271817272]","[0.39192309334308906, 0.4460261668227459, 0.44873264423393966, 0.3923481176205863]","[0.07056078130245719, 0.09123144091709685, 0.09157681467973527, 0.07062239413920601]","[0.2, 0.2, 0.2, 0.2]","[0.2, 0.2, 0.2, 0.2]","[0.2, 0.2, 0.2, 0.2]","[0.2, 0.2, 0.2, 0.2]","[0.00033683780554814136, 0.0005214685570373811, 7.352291410524769e-05, 0.0002570701330962183]","[0.21425166764578232, 0.053234150537737834]","[0.41426400305046146, 0.10057413901489058]",1000,"body origin, body frame; no gravity/external torque","[6.513462564722375e-09, 2.0806638446730535e-07, 2.3756299516523676e-19]",2.0816831060437251e-07,2.1301519797181372e-07,4.710277376051325e-17,5.551115123125783e-17,"[4.189805357362314e-05, 1.3139609758942598e-05, 1.018003738803361e-07]",4.391021067122791e-05,0.00010739759928109109,0.0005339992975787538,0.0014823448429552855,"[4.189200864210203e-05, 1.3138554400284045e-05, 1.0180037388032e-07]",4.390412694856026e-05,0.0001074415358998471,0.0005339992975787555,0.00148234484295523,"[8.087966073373113e-17, 2.386230214246555e-18, 2.5163071485167344e-19]",8.091524536856753e-17,8.325447029382904e-17,4.710277376051325e-17,5.551115123125783e-17,"[6.513462565121965e-09, 2.0806638446960538e-07, 1.4786546224624109e-19]",2.0816831060668388e-07,2.1301519796894527e-07,0.0,0.0,
combined_motor1_70_restore-A_best-existing_no_integral,A_best,combined_motor1_70_restore,existing_no_integral,existing,no_integral,True,60.0,horizon,tail_18_20,False,True,"[0.1687301987823855, -0.08865999721140325]",0.19060554841522676,0.19060557295735814,9.672504020998703e-05,0.19069805986524782,-0.012760536318391842,0.012760536318391842,0.01276055605559158,2.244359368347473e-05,0.01279753327384392,0.1910322387275265,2.046430111641287e-17,2.4470970029766093e-19,200,18.01,20.0,0.0006567640287400657,0.0001620775499645608,0.7624183363936217,0.051028543791892984,0.04484698206453252,0.005106692990984365,-0.17078798108319787,0.17082654843768716,-9.78543050762738,9.7876402542666,[0.0],[0.0],0.0,[0.0],[0.0],0.0,[0.0],[0.0],0.0,[0.0],[0.0],0.0,[0.0],[0.0],0.0,[0.0],[0.0],0.0,[0.0],[0.0],0.0,[0.0],[0.0],0.0,"[0.0, 0.0, 0.0]",0.0,0.0,every physics interval; dwell = interval count * physics_dt,0.002,"[0.0, 0.0, 0.0, 0.0]","[0.0, 0.0, 0.0, 0.0]",0.0,"[0.0, 0.0, 0.0, 0.0]","[0.0, 0.0, 0.0, 0.0]",0.0,"[0.0, 0.0, 0.0, 0.0]","[0.0, 0.0, 0.0, 0.0]",0.0,"[0.0, 0.0, 0.0, 0.0]","[0.0, 0.0, 0.0, 0.0]",0.0,"[0.0, 0.0, 0.0, 0.0]","[0.0, 0.0, 0.0, 0.0]",0.0,"[0.0, 0.0, 0.0, 0.0]","[0.0, 0.0, 0.0, 0.0]",0.0,"[0.0, 0.0, 0.0, 0.0]","[0.0, 0.0, 0.0, 0.0]",0.0,"[0.0, 0.0, 0.0, 0.0]","[0.0, 0.0, 0.0, 0.0]",0.0,"[0.1843420391933318, 0.10823515665088494, 0.10822746288997288, 0.12904517533025167]","[0.015588314286358373, 0.0917219971439379, 0.09171524157044032, 0.0709168247246354]","[0.7439219267649008, 0.5503994202881999, 0.5503784344529148, 0.6057449979144657]","[0.2559087474978132, 0.4494837185538675, 0.44946529425989434, 0.39415622189795696]","[0.010913103665445373, 0.09172311082314813, 0.09171675551686234, 0.07091783468137555]","[0.2, 0.2, 0.2, 0.2]","[0.2, 0.2, 0.2, 0.2]","[0.13999999999999999, 0.2, 0.2, 0.2]","[0.13999999999999999, 0.2, 0.2, 0.2]","[7.21463482872849e-06, 4.437952534791961e-06, 5.590775326798159e-06, 3.703364374113828e-06]","[0.024492816367281147, 0.012702788231957451]","[0.04451798676075214, 0.022152114559205193]",1000,"body origin, body frame; no gravity/external torque","[0.0019555925086118366, 0.0019553844351450525, 0.0003285594547545118]",0.0027849275868960864,0.0027854545785452145,0.05531303952096147,0.0553235057140925,"[1.6629170454596896e-07, 4.923159814877799e-08, 1.448348825699737e-08]",1.740300338711029e-07,3.1754927501968203e-07,1.8184828071177943e-05,3.615656470967732e-05,"[0.0019555741674585968, 0.001955385765128432, 0.00032855843435885667]",0.00278491552110412,0.002785671051325799,0.05531155911800404,0.05534685476299117,"[0.001955592512263701, 0.0019555925122635956, 0.0003285594547545118]",0.0027850736908297193,0.0027856006754139106,0.05531303952096147,0.0553235057140925,"[7.174343940099451e-11, 2.080771230955963e-07, 1.486583122313011e-19]",2.0807713546389724e-07,2.0811320768246042e-07,0.0,0.0,
combined_motor1_70_restore-A_best-existing_no_integral,A_best,combined_motor1_70_restore,existing_no_integral,existing,no_integral,True,60.0,horizon,pre_second_28_30,False,True,"[0.168733445173722, -0.08866925435200673]",0.1906127282936119,0.19061272834499343,4.4258297305377e-06,0.19061712862137295,-0.012762691685095537,0.012762691685095537,0.01276269173211262,1.0955040304085157e-06,0.012764502764280539,0.19103952079967956,-1.2546705810538387e-17,-3.256094699325558e-22,200,28.01,30.0,3.16118508900156e-05,7.264486854730989e-06,0.7624521808551724,0.051050702612802666,0.0020013177268333525,0.00024585905829131824,-0.17079122482260345,0.17079310968977393,-9.78561636020516,9.78572435513897,[0.0],[0.0],0.0,[0.0],[0.0],0.0,[0.0],[0.0],0.0,[0.0],[0.0],0.0,[0.0],[0.0],0.0,[0.0],[0.0],0.0,[0.0],[0.0],0.0,[0.0],[0.0],0.0,"[0.0, 0.0, 0.0]",0.0,0.0,every physics interval; dwell = interval count * physics_dt,0.002,"[0.0, 0.0, 0.0, 0.0]","[0.0, 0.0, 0.0, 0.0]",0.0,"[0.0, 0.0, 0.0, 0.0]","[0.0, 0.0, 0.0, 0.0]",0.0,"[0.0, 0.0, 0.0, 0.0]","[0.0, 0.0, 0.0, 0.0]",0.0,"[0.0, 0.0, 0.0, 0.0]","[0.0, 0.0, 0.0, 0.0]",0.0,"[0.0, 0.0, 0.0, 0.0]","[0.0, 0.0, 0.0, 0.0]",0.0,"[0.0, 0.0, 0.0, 0.0]","[0.0, 0.0, 0.0, 0.0]",0.0,"[0.0, 0.0, 0.0, 0.0]","[0.0, 0.0, 0.0, 0.0]",0.0,"[0.0, 0.0, 0.0, 0.0]","[0.0, 0.0, 0.0, 0.0]",0.0,"[0.18437744408790757, 0.10825695914121573, 0.10825657817271092, 0.12906447581843936]","[0.015619207412006841, 0.09174097851395957, 0.09174065853042437, 0.0709336733120505]","[0.744008004559781, 0.5504588873266459, 0.550457848252183, 0.6057951701062452]","[0.255983854523697, 0.4495354877392225, 0.44953461500422776, 0.39420001860257314]","[0.010933506179492847, 0.0917410408627357, 0.09174073328100489, 0.07093373041872933]","[0.2, 0.2, 0.2, 0.2]","[0.2, 0.2, 0.2, 0.2]","[0.13999999999999999, 0.2, 0.2, 0.2]","[0.13999999999999999, 0.2, 0.2, 0.2]","[3.234448287509083e-07, 1.9906184896525777e-07, 2.541220019112176e-07, 1.6859898417219477e-07]","[0.0010962411077862636, 0.0006166484685965813]","[0.0018658329281392779, 0.0010657282385351443]",1000,"body origin, body frame; no gravity/external torque","[0.001955616877067625, 0.0019554088027523564, 0.0003285635482706142]",0.002784962290768999,0.0027849879253196955,0.05531372866508646,0.055314237776397934,"[8.139881292393863e-09, 2.298495370181475e-09, 6.535010960623235e-10]",8.483384472223564e-09,1.53433022832383e-08,8.162377791562467e-07,1.5181345265902202e-06,"[0.001955615776312981, 0.001955408670628283, 0.00032856355646840454]",0.002784961426011436,0.0027849983603586183,0.05531372554565423,0.055315390227798245,"[0.001955616876954238, 0.001955616876954131, 0.0003285635482706144]",0.0027851083900107504,0.002785134024337331,0.05531372866508646,0.055314237776397934,"[3.2623403337292853e-12, 2.0807420178561493e-07, 1.7074032886343148e-19]",2.0807420181118964e-07,2.0807601786961027e-07,0.0,0.0,
combined_motor1_70_restore-A_best-existing_no_integral,A_best,combined_motor1_70_restore,existing_no_integral,existing,no_integral,True,60.0,horizon,tail_58_60,False,True,"[0.07157322940663147, -0.006551995133093362]",0.07187249688106274,0.07187249688107687,4.5049186826214533e-08,0.07187251367748287,-0.018575544488758877,0.018575544488758877,0.018575544488759116,3.032608166341233e-09,0.018575550143138497,0.07423413406900005,1.9723318968332882e-19,-3.062544761784001e-19,200,58.01,60.0,2.8622925488132474e-07,1.7930928787232987e-08,0.28748998744505316,0.07430217569217912,2.0720507705914895e-05,2.2990665219543166e-06,-0.019398645659493115,0.01939865935100891,-1.111460524558729,1.1114613090247991,[0.0],[0.0],0.0,[0.0],[0.0],0.0,[0.0],[0.0],0.0,[0.0],[0.0],0.0,[0.0],[0.0],0.0,[0.0],[0.0],0.0,[0.0],[0.0],0.0,[0.0],[0.0],0.0,"[0.0, 0.0, 0.0]",0.0,0.0,every physics interval; dwell = interval count * physics_dt,0.002,"[0.0, 0.0, 0.0, 0.0]","[0.0, 0.0, 0.0, 0.0]",0.0,"[0.0, 0.0, 0.0, 0.0]","[0.0, 0.0, 0.0, 0.0]",0.0,"[0.0, 0.0, 0.0, 0.0]","[0.0, 0.0, 0.0, 0.0]",0.0,"[0.0, 0.0, 0.0, 0.0]","[0.0, 0.0, 0.0, 0.0]",0.0,"[0.0, 0.0, 0.0, 0.0]","[0.0, 0.0, 0.0, 0.0]",0.0,"[0.0, 0.0, 0.0, 0.0]","[0.0, 0.0, 0.0, 0.0]",0.0,"[0.0, 0.0, 0.0, 0.0]","[0.0, 0.0, 0.0, 0.0]",0.0,"[0.0, 0.0, 0.0, 0.0]","[0.0, 0.0, 0.0, 0.0]",0.0,"[0.12906545072959952, 0.10825803738684109, 0.1082580438960718, 0.12906545153447632]","[0.07093451788731667, 0.0917419254470995, 0.0917419333753796, 0.07093452131846492]","[0.6057977043667331, 0.5504618281872804, 0.5504618459408532, 0.6057977064589916]","[0.3942022140537008, 0.4495380704443186, 0.44953809206826967, 0.394202222972885]","[0.0709345254542367, 0.09174193606392313, 0.09174193887466411, 0.0709345287902668]","[0.2, 0.2, 0.2, 0.2]","[0.2, 0.2, 0.2, 0.2]","[0.2, 0.2, 0.2, 0.2]","[0.2, 0.2, 0.2, 0.2]","[5.002879913854978e-09, 6.7161936592023025e-09, 3.7158106741439206e-09, 4.9053545665395165e-09]","[1.0938650374427588e-05, 3.3522194725294563e-06]","[1.974233583803928e-05, 6.362071467732616e-06]",1000,"body origin, body frame; no gravity/external torque","[5.745228866761584e-14, 2.0807409428847606e-07, 2.4786913087504583e-19]",2.0807409428848432e-07,2.080742008948061e-07,4.8234047858538485e-17,5.551115123125783e-17,"[3.3798334064556235e-10, 3.4798216058428934e-10, 3.5686104551951445e-11]",4.864132201091342e-10,1.1285427123233342e-09,1.4412502791548803e-08,4.727909042046008e-08,"[3.3793581646661495e-10, 2.0807641303652306e-07, 3.5686104562776344e-11]",2.0807669051640537e-07,2.089134354885388e-07,1.4412502790451596e-08,4.727909047597123e-08,"[8.093482040053752e-17, 2.359927358061225e-18, 2.72804336675151e-19]",8.09696784766292e-17,8.309999470375745e-17,4.8234047858538485e-17,5.551115123125783e-17,"[5.74533302166867e-14, 2.0807409429073962e-07, 1.5256076869982431e-19]",2.0807409429074706e-07,2.0807420089718955e-07,0.0,0.0,
combined_motor1_70_restore-A_best-existing_no_integral,A_best,combined_motor1_70_restore,existing_no_integral,existing,no_integral,True,60.0,horizon,fault_5_30,False,True,"[0.16759270385078115, -0.08804684329570389]",0.18931339360529637,0.18976340176711232,0.013060920789619599,0.205387735633039,-0.01480556001460697,0.01480556001460697,0.01682035629814537,0.00798246695266756,0.06455077742342186,0.1905074093998001,-9.925870889104793e-17,1.2197274440461925e-19,2500,5.01,30.0,0.040987264417095555,0.01598366302125207,0.763443405455838,0.06895586014625414,11.83426628356191,2.598517228313147,-0.16761668675728578,0.171040077701461,-9.603728727158831,9.799874579883378,[0.0],[0.0],0.0,[0.52],[0.3],0.52,[0.0],[0.0],0.0,[0.0],[0.0],0.0,[0.0],[0.0],0.0,[0.0],[0.0],0.0,[0.0],[0.0],0.0,[0.0],[0.0],0.0,"[0.0, 0.0, 0.0]",0.0,0.0,every physics interval; dwell = interval count * physics_dt,0.002,"[0.52, 0.0, 0.0, 0.0]","[0.3, 0.0, 0.0, 0.0]",0.52,"[0.0, 0.0, 0.0, 0.0]","[0.0, 0.0, 0.0, 0.0]",0.0,"[0.52, 0.0, 0.0, 0.0]","[0.3, 0.0, 0.0, 0.0]",0.52,"[0.0, 0.0, 0.0, 0.0]","[0.0, 0.0, 0.0, 0.0]",0.0,"[0.0, 0.0, 0.0, 0.0]","[0.0, 0.0, 0.0, 0.0]",0.0,"[0.0, 0.0, 0.0, 0.0]","[0.0, 0.0, 0.0, 0.0]",0.0,"[0.0, 0.0, 0.0, 0.0]","[0.0, 0.0, 0.0, 0.0]",0.0,"[0.0, 0.0, 0.0, 0.0]","[0.0, 0.0, 0.0, 0.0]",0.0,"[0.12927778817661584, 0.08542044607835711, 0.08031160589484806, 0.10041977779381023]","[0.0, 0.06495259372901682, 0.07268699632987308, 0.0464261612634716]","[0.6063495565503108, 0.4859361778362878, 0.4707659595835554, 0.5288448714315095]","[0.21814922562016836, 0.3787396343392121, 0.3987655911605784, 0.33180546389225185]","[3.841525674880275e-05, 0.07862791591296524, 0.07850613702336912, 0.05751443886327895]","[0.2, 0.2, 0.2, 0.2]","[0.2, 0.2, 0.2, 0.2]","[0.13999999999999999, 0.2, 0.2, 0.2]","[0.13999999999999999, 0.2, 0.2, 0.2]","[0.002419110051465876, 0.0015036782797222445, 0.001240373081574594, 0.0014824146928510014]","[0.8438808416353145, 1.1115934828790408]","[6.903961641437629, 10.00694003038978]",12500,"body origin, body frame; no gravity/external torque","[0.0019804044515558663, 0.001980196593880987, 0.0003327282245160106]",0.0028202638907644335,0.0047905553298666585,0.05601485261212283,0.095146348662147,"[0.00010266673408815219, 0.00010861600240887194, 1.3417300066860936e-05]",0.0001500597154758585,0.0026817819345678275,0.003534233726718664,0.05518210097431836,"[0.001986366913504843, 0.001987676743721439, 0.00033355045658700974]",0.0028298000388167367,0.005554688802672732,0.05627837347641682,0.13972329818372153,"[0.0019804051141017196, 0.0019804051141016016, 0.00033272822451601045]",0.002820410768542337,0.004790725563671735,0.05601485261212283,0.095146348662147,"[1.5098681719259727e-08, 2.09341377353768e-07, 1.5594430778265515e-19]",2.098851649403364e-07,4.3369922925165765e-07,0.0,0.0,
combined_motor1_70_restore-A_best-existing_no_integral,A_best,combined_motor1_70_restore,existing_no_integral,existing,no_integral,True,60.0,horizon,restore_30_60,False,True,"[0.07369657970691489, -0.007707728203135827]",0.07409854880192374,0.07522049879172836,0.012943280261407597,0.19061148740792785,-0.017252527351910886,0.017252527351910886,0.01786709023804218,0.004645773729521225,0.01862370340671049,0.0773133646406024,-9.622294280808852e-18,-7.453889935837843e-19,3000,30.01,60.0,0.030164741274248133,0.007853937776452153,0.29545144353403563,0.07207094358818122,11.971954855861306,3.1971521602665147,-0.023424796397675182,0.17023970266234012,-1.3421419695400423,9.754016468114132,[0.0],[0.0],0.0,[0.0],[0.0],0.0,[0.0],[0.0],0.0,[0.0],[0.0],0.0,[0.0],[0.0],0.0,[0.0],[0.0],0.0,[0.0],[0.0],0.0,[0.0],[0.0],0.0,"[0.0, 0.0, 0.0]",0.0,0.0,every physics interval; dwell = interval count * physics_dt,0.002,"[0.0, 0.0, 0.0, 0.0]","[0.0, 0.0, 0.0, 0.0]",0.0,"[0.0, 0.0, 0.0, 0.0]","[0.0, 0.0, 0.0, 0.0]",0.0,"[0.0, 0.0, 0.0, 0.0]","[0.0, 0.0, 0.0, 0.0]",0.0,"[0.0, 0.0, 0.0, 0.0]","[0.0, 0.0, 0.0, 0.0]",0.0,"[0.0, 0.0, 0.0, 0.0]","[0.0, 0.0, 0.0, 0.0]",0.0,"[0.0, 0.0, 0.0, 0.0]","[0.0, 0.0, 0.0, 0.0]",0.0,"[0.0, 0.0, 0.0, 0.0]","[0.0, 0.0, 0.0, 0.0]",0.0,"[0.0, 0.0, 0.0, 0.0]","[0.0, 0.0, 0.0, 0.0]",0.0,"[0.06531998774466012, 0.07167212901261552, 0.0874548045352637, 0.111045917206819]","[0.015621676427898024, 0.04579289984309609, 0.06312500035657753, 0.04014611632289802]","[0.42416032129497583, 0.44432870983604483, 0.4918915288743726, 0.5580373756280095]","[0.25598985722540557, 0.3302228481283903, 0.37404870513943467, 0.316163984084478]","[0.015621725729758285, 0.07050005254020847, 0.07659974711919887, 0.055502088097942714]","[0.2, 0.2, 0.2, 0.2]","[0.2, 0.2, 0.2, 0.2]","[0.2, 0.2, 0.2, 0.2]","[0.2, 0.2, 0.2, 0.2]","[0.0035766836035246055, 0.003236431452111852, 0.001570141652425664, 0.0015943881068077623]","[0.7921270845776464, 0.6400537278066429]","[8.225168303437982, 8.983379345350464]",15000,"body origin, body frame; no gravity/external torque","[3.320249927246132e-08, 2.1131665277532708e-07, 2.4022269686623925e-19]",2.139091716081986e-07,6.532607524430268e-07,4.6796482155156847e-17,5.551115123125783e-17,"[0.00021849923402414176, 0.0002480969934147796, 2.0873255143863676e-05]",0.0003312547753480583,0.004114817449539542,0.0036520957126641943,0.05462086689820611,"[0.0002184698135920221, 0.0002480658239464331, 2.0873255143863676e-05]",0.0003312120246027566,0.004114561838510927,0.0036520957126641956,0.054620866898206166,"[8.09295268603464e-17, 2.4730258769608013e-18, 2.5502303478748135e-19]",8.09677047443971e-17,1.0930200448452465e-16,4.6796482155156847e-17,5.551115123125783e-17,"[3.3202499272485e-08, 2.1131665277768027e-07, 1.5302237571146243e-19]",2.1390917161052888e-07,6.532607524466334e-07,0.0,0.0,
combined_motor1_70_restore-A_best-existing_no_integral,A_best,combined_motor1_70_restore,existing_no_integral,existing,no_integral,True,60.0,horizon,full_0_60,True,False,,,,,,,,,,,,,,,,,,,,,,,,,,,,,,,,,,,,,,,,,,,,,,,,,,,,,,,,,,,,,,,,,,,,,,,,,,,,,,,,,,,,,,,,,,,,,,,,,,,,,,,,,,,,,,,,,,,,,,,
combined_motor1_70_restore-A_best-existing_no_integral,A_best,combined_motor1_70_restore,existing_no_integral,existing,no_integral,True,60.0,horizon,pre_3_5,True,False,,,,,,,,,,,,,,,,,,,,,,,,,,,,,,,,,,,,,,,,,,,,,,,,,,,,,,,,,,,,,,,,,,,,,,,,,,,,,,,,,,,,,,,,,,,,,,,,,,,,,,,,,,,,,,,,,,,,,,,
combined_motor1_70_restore-A_best-existing_no_integral,A_best,combined_motor1_70_restore,existing_no_integral,existing,no_integral,True,60.0,horizon,tail_18_20,True,False,,,,,,,,,,,,,,,,,,,,,,,,,,,,,,,,,,,,,,,,,,,,,,,,,,,,,,,,,,,,,,,,,,,,,,,,,,,,,,,,,,,,,,,,,,,,,,,,,,,,,,,,,,,,,,,,,,,,,,,
combined_motor1_70_restore-A_best-existing_no_integral,A_best,combined_motor1_70_restore,existing_no_integral,existing,no_integral,True,60.0,horizon,pre_second_28_30,True,False,,,,,,,,,,,,,,,,,,,,,,,,,,,,,,,,,,,,,,,,,,,,,,,,,,,,,,,,,,,,,,,,,,,,,,,,,,,,,,,,,,,,,,,,,,,,,,,,,,,,,,,,,,,,,,,,,,,,,,,
combined_motor1_70_restore-A_best-existing_no_integral,A_best,combined_motor1_70_restore,existing_no_integral,existing,no_integral,True,60.0,horizon,tail_58_60,True,False,,,,,,,,,,,,,,,,,,,,,,,,,,,,,,,,,,,,,,,,,,,,,,,,,,,,,,,,,,,,,,,,,,,,,,,,,,,,,,,,,,,,,,,,,,,,,,,,,,,,,,,,,,,,,,,,,,,,,,,
combined_motor1_70_restore-A_best-existing_no_integral,A_best,combined_motor1_70_restore,existing_no_integral,existing,no_integral,True,60.0,horizon,fault_5_30,True,False,,,,,,,,,,,,,,,,,,,,,,,,,,,,,,,,,,,,,,,,,,,,,,,,,,,,,,,,,,,,,,,,,,,,,,,,,,,,,,,,,,,,,,,,,,,,,,,,,,,,,,,,,,,,,,,,,,,,,,,
combined_motor1_70_restore-A_best-existing_no_integral,A_best,combined_motor1_70_restore,existing_no_integral,existing,no_integral,True,60.0,horizon,restore_30_60,True,False,,,,,,,,,,,,,,,,,,,,,,,,,,,,,,,,,,,,,,,,,,,,,,,,,,,,,,,,,,,,,,,,,,,,,,,,,,,,,,,,,,,,,,,,,,,,,,,,,,,,,,,,,,,,,,,,,,,,,,,
combined_motor1_70_restore-A_best-existing_integral_020,A_best,combined_motor1_70_restore,existing_integral_020,existing,integral_020,True,60.0,horizon,full_0_60,False,True,"[0.0066847374017985255, -0.0010260474520275924]",0.0067630235475574394,0.045130296147239166,0.044620680663036726,0.16159028006999823,-0.0018440803883598088,0.0018440803883598088,0.007559268374227831,0.007330887113771948,0.05043095555393318,0.0457590009581843,-5.637851296924623e-18,2.1006417091906648e-19,6000,0.01,60.0,0.03619434834571959,0.013315115221880326,0.1841423677901315,0.03306036241715551,11.971366038898228,3.1971613156990535,-0.08295736597804766,0.1756856691170932,-4.7531069500642955,10.066047361341308,[0.51],[0.3],0.51,[0.51],[0.3],0.51,[0.0],[0.0],0.0,[0.0],[0.0],0.0,[0.0],[0.0],0.0,[0.0],[0.0],0.0,[0.0],[0.0],0.0,[0.0],[0.0],0.0,"[-0.07168508343472507, 0.006643770251349703, 0.01864744646907423]",0.19010122138315028,0.019440463778381285,every physics interval; dwell = interval count * physics_dt,0.002,"[0.51, 0.0, 0.0, 0.0]","[0.3, 0.0, 0.0, 0.0]",0.51,"[0.0, 0.0, 0.0, 0.0]","[0.0, 0.0, 0.0, 0.0]",0.0,"[0.51, 0.0, 0.0, 0.0]","[0.3, 0.0, 0.0, 0.0]",0.51,"[0.0, 0.0, 0.0, 0.0]","[0.0, 0.0, 0.0, 0.0]",0.0,"[0.0, 0.0, 0.0, 0.0]","[0.0, 0.0, 0.0, 0.0]",0.0,"[0.0, 0.0, 0.0, 0.0]","[0.0, 0.0, 0.0, 0.0]",0.0,"[0.0, 0.0, 0.0, 0.0]","[0.0, 0.0, 0.0, 0.0]",0.0,"[0.0, 0.0, 0.0, 0.0]","[0.0, 0.0, 0.0, 0.0]",0.0,"[0.06531690886648236, 0.07158441031134061, 0.08028653955440287, 0.10043810085789619]","[0.0, 0.04586436678918382, 0.06315547300851437, 0.040194630542456894]","[0.42415037705597836, 0.4440547003353371, 0.47069073157441477, 0.5288959882577945]","[0.21814922562016836, 0.33040139198848084, 0.3741267987491198, 0.3162843802208315]","[3.781879318864867e-05, 0.07056009793883541, 0.07662681699192057, 0.055546996601611026]","[0.2, 0.2, 0.2, 0.2]","[0.2, 0.2, 0.2, 0.2]","[0.13999999999999999, 0.2, 0.2, 0.2]","[0.2, 0.2, 0.2, 0.2]","[0.003142525868463085, 0.002706043948768382, 0.0014766359618715217, 0.001689431613697895]","[0.789974971296623, 0.9089284884778921]","[8.224708516142718, 9.93818281553889]",30000,"body origin, body frame; no gravity/external torque","[0.0012781494623792136, 0.001278015300881839, 0.00021474219562023502]",0.0018201932227235702,0.004782948408327457,0.03615188478455155,0.09499526094554045,"[0.00017638175836086174, 0.0002077841739883402, 1.8379728964902884e-05]",0.0002731713785873479,0.004114791373295208,0.003875169289578663,0.055131026963768426,"[0.0012923701067770502, 0.0012976451465672124, 0.00021588254467359293]",0.001844101052652808,0.005558009654504425,0.03645642937785669,0.13951277205824664,"[0.00127814988655789, 0.0012781498865578225, 0.00021474219562023502]",0.0018202880199560507,0.00478311812737511,0.03615188478455155,0.09499526094554045,"[2.6742975926247937e-08, 2.1078390224173365e-07, 1.5165917753663782e-19]",2.1247362237615418e-07,6.530843798224118e-07,0.0,0.0,
combined_motor1_70_restore-A_best-existing_integral_020,A_best,combined_motor1_70_restore,existing_integral_020,existing,integral_020,True,60.0,horizon,pre_3_5,False,True,"[0.03907617859095706, -0.0036361367465110174]",0.0392449897912039,0.039597672697091996,0.005273183034403792,0.048327467783574274,-0.006569613919553264,0.006569613919553264,0.006648357273482284,0.0010202094803896163,0.008673249461697341,0.04015191573837903,2.6156377411212794e-18,-5.632769099241097e-20,200,3.0100000000000002,5.0,0.010578346144840956,0.0019142324967482002,0.1497057126492623,0.024783065208467025,0.4325894923959797,0.07509184818830991,-0.019592787255553898,0.02011526872122196,-1.1225840186409455,1.1525200014975348,[0.0],[0.0],0.0,[0.0],[0.0],0.0,[0.0],[0.0],0.0,[0.0],[0.0],0.0,[0.0],[0.0],0.0,[0.0],[0.0],0.0,[0.0],[0.0],0.0,[0.0],[0.0],0.0,"[-0.04524634942841802, 0.004150489628068781, 0.012305672068994583]",0.04543631477960344,0.012305672068994583,every physics interval; dwell = interval count * physics_dt,0.002,"[0.0, 0.0, 0.0, 0.0]","[0.0, 0.0, 0.0, 0.0]",0.0,"[0.0, 0.0, 0.0, 0.0]","[0.0, 0.0, 0.0, 0.0]",0.0,"[0.0, 0.0, 0.0, 0.0]","[0.0, 0.0, 0.0, 0.0]",0.0,"[0.0, 0.0, 0.0, 0.0]","[0.0, 0.0, 0.0, 0.0]",0.0,"[0.0, 0.0, 0.0, 0.0]","[0.0, 0.0, 0.0, 0.0]",0.0,"[0.0, 0.0, 0.0, 0.0]","[0.0, 0.0, 0.0, 0.0]",0.0,"[0.0, 0.0, 0.0, 0.0]","[0.0, 0.0, 0.0, 0.0]",0.0,"[0.0, 0.0, 0.0, 0.0]","[0.0, 0.0, 0.0, 0.0]",0.0,"[0.12829171712210716, 0.10705796007000931, 0.10804460319463745, 0.12847736808437032]","[0.07008693362263613, 0.09050337926329241, 0.09146576733014064, 0.07026514845606749]","[0.6037848810563553, 0.5471833195499758, 0.5498795294237917, 0.6042681197754232]","[0.3920007470669754, 0.4461656306244236, 0.44878514568310934, 0.3924633331439089]","[0.07058611130070858, 0.0912626622444946, 0.09159661476162956, 0.07065154835985205]","[0.2, 0.2, 0.2, 0.2]","[0.2, 0.2, 0.2, 0.2]","[0.2, 0.2, 0.2, 0.2]","[0.2, 0.2, 0.2, 0.2]","[0.0003305229823867434, 0.0005075966292278434, 7.291417017491687e-05, 0.00025010827916478246]","[0.21794146974217696, 0.053077163267856296]","[0.42584083659890243, 0.0910085134452725]",1000,"body origin, body frame; no gravity/external torque","[6.358932040749036e-09, 2.0804728226966112e-07, 2.329778022391059e-19]",2.081444394560926e-07,2.127136807701717e-07,4.775249788392736e-17,5.551115123125783e-17,"[4.091079066912359e-05, 1.2650799663952706e-05, 1.0161481447325965e-07]",4.282225882506474e-05,0.00010698110347814562,0.0005217157059966539,0.0014827540630356073,"[4.0904889491955684e-05, 1.2649995530372325e-05, 1.016148144732432e-07]",4.2816383509564015e-05,0.00010702459690461276,0.0005217157059966544,0.0014827540630356073,"[8.090249511369523e-17, 2.3806077720163e-18, 2.5766132492013823e-19]",8.09379231160772e-17,8.286157375393542e-17,4.775249788392736e-17,5.551115123125783e-17,"[6.3589320413137515e-09, 2.080472822719473e-07, 1.6299132593050371e-19]",2.0814443945839482e-07,2.127136807660992e-07,0.0,0.0,
combined_motor1_70_restore-A_best-existing_integral_020,A_best,combined_motor1_70_restore,existing_integral_020,existing,integral_020,True,60.0,horizon,tail_18_20,False,True,"[0.006547897929936247, -0.004481248569469045]",0.007934516749130458,0.008003722090325032,0.0010502434274610355,0.009867385382944514,-0.0008852172258629987,0.0008852172258629987,0.0008856359912215763,2.7231819300971766e-05,0.0009381499506488922,0.008052572160999485,2.3081647812679684e-20,-6.100457017578579e-24,200,18.01,20.0,0.001991077648856854,0.00018685673245043974,0.030164567400119222,0.0034996757940610945,0.04992148954386257,0.005483443015760227,-0.17127574893903563,0.17142669080774625,-9.81337754714903,9.822025879177966,[0.0],[0.0],0.0,[0.0],[0.0],0.0,[0.0],[0.0],0.0,[0.0],[0.0],0.0,[0.0],[0.0],0.0,[0.0],[0.0],0.0,[0.0],[0.0],0.0,[0.0],[0.0],0.0,"[-0.16431108689107854, 0.08559074430992618, 0.011512470497582063]",0.18526712818753013,0.011512470497582063,every physics interval; dwell = interval count * physics_dt,0.002,"[0.0, 0.0, 0.0, 0.0]","[0.0, 0.0, 0.0, 0.0]",0.0,"[0.0, 0.0, 0.0, 0.0]","[0.0, 0.0, 0.0, 0.0]",0.0,"[0.0, 0.0, 0.0, 0.0]","[0.0, 0.0, 0.0, 0.0]",0.0,"[0.0, 0.0, 0.0, 0.0]","[0.0, 0.0, 0.0, 0.0]",0.0,"[0.0, 0.0, 0.0, 0.0]","[0.0, 0.0, 0.0, 0.0]",0.0,"[0.0, 0.0, 0.0, 0.0]","[0.0, 0.0, 0.0, 0.0]",0.0,"[0.0, 0.0, 0.0, 0.0]","[0.0, 0.0, 0.0, 0.0]",0.0,"[0.0, 0.0, 0.0, 0.0]","[0.0, 0.0, 0.0, 0.0]",0.0,"[0.18433968912668908, 0.10823382477778595, 0.10822539117621037, 0.1290440050536283]","[0.015584941194212942, 0.09171985951229523, 0.09171264012872199, 0.07091464359852331]","[0.7439162131268802, 0.550395787444819, 0.5503727834819621, 0.6057419556850442]","[0.25590054695415065, 0.44947788861208693, 0.4494581995077698, 0.39415055232072327]","[0.010910845286653204, 0.0917210819942262, 0.09171428818526817, 0.07091573327531495]","[0.2, 0.2, 0.2, 0.2]","[0.2, 0.2, 0.2, 0.2]","[0.13999999999999999, 0.2, 0.2, 0.2]","[0.13999999999999999, 0.2, 0.2, 0.2]","[7.966084575645411e-06, 4.8934055765514645e-06, 6.232060541764102e-06, 4.157364258588542e-06]","[0.02719425667592346, 0.014084286998376952]","[0.049134668539365746, 0.026575869882340838]",1000,"body origin, body frame; no gravity/external torque","[0.001955601975796777, 0.001955393904131245, 0.00032856104577601866]",0.002784941070984324,0.0027855055347698345,0.05531330736970004,0.05532451764173607,"[1.7617526506565388e-07, 5.3244675034105415e-08, 1.603777312910885e-08]",1.8474287430745922e-07,3.378796803407853e-07,2.0255086721501398e-05,3.918611861519761e-05,"[0.0019555870929512348, 0.001955396956738973, 0.0003285595402396373]",0.002784932585902929,0.002785733831442652,0.05531119573315505,0.05534976634085437,"[0.001955601982055857, 0.001955601982055747, 0.0003285610457760187]",0.002785087177314667,0.0027856516271077916,0.05531330736970004,0.05532451764173607,"[7.917232932661043e-11, 2.0807792967853274e-07, 1.54855044337518e-19]",2.080779447408162e-07,2.0811617425272033e-07,0.0,0.0,
combined_motor1_70_restore-A_best-existing_integral_020,A_best,combined_motor1_70_restore,existing_integral_020,existing,integral_020,True,60.0,horizon,pre_second_28_30,False,True,"[0.0006363295521438238, -0.0004477391089941949]",0.0007780652984515341,0.0007850120952612027,0.00010420355585059758,0.0009688449429263831,-0.00026180521480429153,0.00026180521480429153,0.00026296580629153363,2.4678832627074323e-05,0.0003068556539229661,0.0008278858647089827,9.26442286059391e-23,-8.06501097239202e-24,200,28.01,30.0,0.0001851428502809953,4.470597449672692e-05,0.0029582836333690676,0.0010079909015040733,0.0025034618966842427,0.0002642782607483567,-0.17082482813984776,0.17083475682225302,-9.787541688460898,9.788110560058845,[0.0],[0.0],0.0,[0.0],[0.0],0.0,[0.0],[0.0],0.0,[0.0],[0.0],0.0,[0.0],[0.0],0.0,[0.0],[0.0],0.0,[0.0],[0.0],0.0,[0.0],[0.0],0.0,"[-0.1683078687595344, 0.08836481930269742, 0.01252112192560885]",0.19009439754178717,0.01252112192560885,every physics interval; dwell = interval count * physics_dt,0.002,"[0.0, 0.0, 0.0, 0.0]","[0.0, 0.0, 0.0, 0.0]",0.0,"[0.0, 0.0, 0.0, 0.0]","[0.0, 0.0, 0.0, 0.0]",0.0,"[0.0, 0.0, 0.0, 0.0]","[0.0, 0.0, 0.0, 0.0]",0.0,"[0.0, 0.0, 0.0, 0.0]","[0.0, 0.0, 0.0, 0.0]",0.0,"[0.0, 0.0, 0.0, 0.0]","[0.0, 0.0, 0.0, 0.0]",0.0,"[0.0, 0.0, 0.0, 0.0]","[0.0, 0.0, 0.0, 0.0]",0.0,"[0.0, 0.0, 0.0, 0.0]","[0.0, 0.0, 0.0, 0.0]",0.0,"[0.0, 0.0, 0.0, 0.0]","[0.0, 0.0, 0.0, 0.0]",0.0,"[0.18437717695585798, 0.10825680610414205, 0.10825638720789925, 0.12906431218663994]","[0.015619196286691395, 0.09174097303177807, 0.09174063452936533, 0.07093367755749483]","[0.7440073551042246, 0.5504584699250405, 0.550457327403843, 0.6057947447484495]","[0.2559838274757127, 0.4495354727869103, 0.4495345495428781, 0.39420002963848444]","[0.010933507580840635, 0.0917410339210806, 0.09174070845400731, 0.07093373977757603]","[0.2, 0.2, 0.2, 0.2]","[0.2, 0.2, 0.2, 0.2]","[0.13999999999999999, 0.2, 0.2, 0.2]","[0.13999999999999999, 0.2, 0.2, 0.2]","[3.6942297252989287e-07, 2.2711346774625874e-07, 2.857388444843822e-07, 1.9087649704509976e-07]","[0.0012648365064768512, 0.0007284210617699243]","[0.00243395095661801, 0.001411484961524968]",1000,"body origin, body frame; no gravity/external torque","[0.0019556156997158833, 0.00195540762573253, 0.0003285633505044613]",0.002784960614271393,0.0027849880934835533,0.055313695371121276,0.05531424111399258,"[8.559400380533644e-09, 2.476243492849802e-09, 7.354356721238367e-10]",8.940692497675598e-09,1.638690094750109e-08,9.312913047609986e-07,1.8794884873440942e-06,"[0.0019556147101171817, 0.0019554076620560907, 0.0003285633101050992]",0.002784959940107146,0.0027849993753926295,0.05531363386410755,0.055315468906760534,"[0.0019556156998460994, 0.0019556156998459927, 0.0003285633505044613]",0.002785106713622193,0.0027851341923889714,0.055313695371121276,0.05531424111399258,"[3.640640807877789e-12, 2.0807411347635585e-07, 1.517883041479706e-19]",2.0807411350820558e-07,2.080759855022758e-07,0.0,0.0,
combined_motor1_70_restore-A_best-existing_integral_020,A_best,combined_motor1_70_restore,existing_integral_020,existing,integral_020,True,60.0,horizon,tail_58_60,False,True,"[-0.00016674361383432908, 0.00013506298943912945]",0.00021458202131298477,0.00021650131920986345,2.876416779336665e-05,0.0002679991754436545,7.994616197846139e-05,7.994616197846139e-05,8.033694975214958e-05,7.91433385655557e-06,9.426969360948334e-05,0.0002309260633083468,-2.1093105620102206e-23,-1.1502980393315541e-24,200,58.01,60.0,5.034716379339492e-05,1.376961672967392e-05,0.0008156597347094688,0.00030757924529298313,8.688798651179524e-05,4.393883267009182e-06,-0.019389958045670425,0.01939213839260774,-1.1109627609526493,1.1110876856300318,[0.0],[0.0],0.0,[0.0],[0.0],0.0,[0.0],[0.0],0.0,[0.0],[0.0],0.0,[0.0],[0.0],0.0,[0.0],[0.0],0.0,[0.0],[0.0],0.0,[0.0],[0.0],0.0,"[-0.07168508343472507, 0.006643770251349703, 0.01864744646907423]",0.07206343093677751,0.01867929098201909,every physics interval; dwell = interval count * physics_dt,0.002,"[0.0, 0.0, 0.0, 0.0]","[0.0, 0.0, 0.0, 0.0]",0.0,"[0.0, 0.0, 0.0, 0.0]","[0.0, 0.0, 0.0, 0.0]",0.0,"[0.0, 0.0, 0.0, 0.0]","[0.0, 0.0, 0.0, 0.0]",0.0,"[0.0, 0.0, 0.0, 0.0]","[0.0, 0.0, 0.0, 0.0]",0.0,"[0.0, 0.0, 0.0, 0.0]","[0.0, 0.0, 0.0, 0.0]",0.0,"[0.0, 0.0, 0.0, 0.0]","[0.0, 0.0, 0.0, 0.0]",0.0,"[0.0, 0.0, 0.0, 0.0]","[0.0, 0.0, 0.0, 0.0]",0.0,"[0.0, 0.0, 0.0, 0.0]","[0.0, 0.0, 0.0, 0.0]",0.0,"[0.12906547572460064, 0.10825805560519994, 0.10825806681222756, 0.12906547729493972]","[0.07093449058696458, 0.09174189829459538, 0.09174191141576425, 0.0709344917322709]","[0.605797769340633, 0.5504618778768631, 0.55046190844342, 0.6057977734226931]","[0.39420214308709756, 0.4495379963873486, 0.4495380321746171, 0.3942021460642937]","[0.07093449712270217, 0.09174190967426601, 0.09174191471096195, 0.07093450076692825]","[0.2, 0.2, 0.2, 0.2]","[0.2, 0.2, 0.2, 0.2]","[0.2, 0.2, 0.2, 0.2]","[0.2, 0.2, 0.2, 0.2]","[5.094043023961007e-09, 6.52435773456288e-09, 3.887184423227161e-09, 4.771956877205638e-09]","[4.140736667449765e-05, 5.463443441536752e-05]","[5.907892756770633e-05, 6.947784921637462e-05]",1000,"body origin, body frame; no gravity/external torque","[5.630628148620429e-14, 2.0807413719969443e-07, 2.6109533362702617e-19]",2.0807413719970184e-07,2.0807427992121217e-07,4.775249788392736e-17,5.551115123125783e-17,"[3.24542923807878e-10, 3.370986372175638e-10, 3.7017803260549715e-11]",4.693973991895797e-10,1.17983147672563e-09,1.4547550530307462e-08,4.523941693479472e-08,"[3.244966877157528e-10, 2.0808669935603595e-07, 3.701780325357941e-11]",2.0808695566350957e-07,2.0885008269560212e-07,1.4547550533520336e-08,4.523941693479472e-08,"[8.086431462110462e-17, 2.4283708448948005e-18, 2.7846161996925115e-19]",8.090124785796031e-17,8.269426993494771e-17,4.775249788392736e-17,5.551115123125783e-17,"[5.631150265870438e-14, 2.0807413720203777e-07, 1.679638783183304e-19]",2.080741372020448e-07,2.0807427992316373e-07,0.0,0.0,
combined_motor1_70_restore-A_best-existing_integral_020,A_best,combined_motor1_70_restore,existing_integral_020,existing,integral_020,True,60.0,horizon,fault_5_30,False,True,"[0.02630666991984819, -0.017975461361273332]",0.03186154568476671,0.052852362281513916,0.04216887602621058,0.16159028006999823,-0.0007374262049829671,0.0007374262049829671,0.00833886440189401,0.008306194201039336,0.05043095555393318,0.05350615719942491,1.3010426069826053e-18,8.131516293641283e-20,2500,5.01,30.0,0.04155447545248271,0.016646812224779303,0.21513546687233917,0.03725032411654448,11.797378243438354,2.588868744862274,-0.1689631079449026,0.1756856691170932,-9.680872978656268,10.066047361341308,[0.51],[0.3],0.51,[0.51],[0.3],0.51,[0.0],[0.0],0.0,[0.0],[0.0],0.0,[0.0],[0.0],0.0,[0.0],[0.0],0.0,[0.0],[0.0],0.0,[0.0],[0.0],0.0,"[-0.1683078687595344, 0.08836481930269742, 0.01252112192560885]",0.19009439754178717,0.017271756090637115,every physics interval; dwell = interval count * physics_dt,0.002,"[0.51, 0.0, 0.0, 0.0]","[0.3, 0.0, 0.0, 0.0]",0.51,"[0.0, 0.0, 0.0, 0.0]","[0.0, 0.0, 0.0, 0.0]",0.0,"[0.51, 0.0, 0.0, 0.0]","[0.3, 0.0, 0.0, 0.0]",0.51,"[0.0, 0.0, 0.0, 0.0]","[0.0, 0.0, 0.0, 0.0]",0.0,"[0.0, 0.0, 0.0, 0.0]","[0.0, 0.0, 0.0, 0.0]",0.0,"[0.0, 0.0, 0.0, 0.0]","[0.0, 0.0, 0.0, 0.0]",0.0,"[0.0, 0.0, 0.0, 0.0]","[0.0, 0.0, 0.0, 0.0]",0.0,"[0.0, 0.0, 0.0, 0.0]","[0.0, 0.0, 0.0, 0.0]",0.0,"[0.1292498463921478, 0.08545835611371062, 0.08028653955440287, 0.10043810085789619]","[0.0, 0.06505266677264401, 0.07275709201004121, 0.04651377423655906]","[0.6062769505431527, 0.4860475845294223, 0.47069073157441477, 0.5288959882577945]","[0.21814922562016836, 0.3789969266646783, 0.39894844750776937, 0.3320245211784655]","[3.781879318864867e-05, 0.0786530362692526, 0.07850273389234438, 0.05760690979930416]","[0.2, 0.2, 0.2, 0.2]","[0.2, 0.2, 0.2, 0.2]","[0.13999999999999999, 0.2, 0.2, 0.2]","[0.13999999999999999, 0.2, 0.2, 0.2]","[0.0024077666001477, 0.0015002670034330316, 0.0012408187713417512, 0.001472509681844192]","[0.8401478505928357, 1.1113286724988525]","[6.871479639970726, 9.93818281553889]",12500,"body origin, body frame; no gravity/external torque","[0.001980100632327574, 0.0019798927747429955, 0.0003326771789460742]",0.0028198312039934338,0.004782948408327457,0.05600625908183099,0.09499526094554045,"[0.00010271679336969483, 0.00010803251154336669, 1.3355468488790852e-05]",0.0001496667355462642,0.0026845532051998668,0.0035170511369827886,0.055131026963768426,"[0.0019860594299606735, 0.0019873087749106887, 0.000333497030447909]",0.0028293194403407897,0.005558009654504425,0.05626810804535348,0.13951277205824664,"[0.001980101289838243, 0.001980101289838138, 0.00033267717894607424]",0.002819978074636263,0.00478311812737511,0.05600625908183099,0.09499526094554045,"[1.5094294946362486e-08, 2.0932787290293415e-07, 1.501062147832714e-19]",2.098713799306487e-07,4.327835855850414e-07,0.0,0.0,
combined_motor1_70_restore-A_best-existing_integral_020,A_best,combined_motor1_70_restore,existing_integral_020,existing,integral_020,True,60.0,horizon,restore_30_60,False,True,"[-0.016104007138214173, 0.013620327193437056]",0.021091523386515588,0.03700927877308731,0.030411089367863152,0.11346151323194945,-0.0010209585261377059,0.0010209585261377059,0.004831593772317877,0.004722493204718003,0.02337682259896945,0.03732333068852232,-2.2768245622195593e-18,-1.0503208545953324e-19,3000,30.01,60.0,0.03054550378653587,0.008406318533602379,0.1511801377654442,0.021088740670625737,11.971366038898228,3.1971613156990535,-0.02242680506736748,0.17026466072681026,-1.2849612783227646,9.755446459873088,[0.0],[0.0],0.0,[0.0],[0.0],0.0,[0.0],[0.0],0.0,[0.0],[0.0],0.0,[0.0],[0.0],0.0,[0.0],[0.0],0.0,[0.0],[0.0],0.0,[0.0],[0.0],0.0,"[-0.07168508343472507, 0.006643770251349703, 0.01864744646907423]",0.19010122138315028,0.019440463778381285,every physics interval; dwell = interval count * physics_dt,0.002,"[0.0, 0.0, 0.0, 0.0]","[0.0, 0.0, 0.0, 0.0]",0.0,"[0.0, 0.0, 0.0, 0.0]","[0.0, 0.0, 0.0, 0.0]",0.0,"[0.0, 0.0, 0.0, 0.0]","[0.0, 0.0, 0.0, 0.0]",0.0,"[0.0, 0.0, 0.0, 0.0]","[0.0, 0.0, 0.0, 0.0]",0.0,"[0.0, 0.0, 0.0, 0.0]","[0.0, 0.0, 0.0, 0.0]",0.0,"[0.0, 0.0, 0.0, 0.0]","[0.0, 0.0, 0.0, 0.0]",0.0,"[0.0, 0.0, 0.0, 0.0]","[0.0, 0.0, 0.0, 0.0]",0.0,"[0.0, 0.0, 0.0, 0.0]","[0.0, 0.0, 0.0, 0.0]",0.0,"[0.06531690886648236, 0.07158441031134061, 0.08743770942219754, 0.11093855947758605]","[0.015621992459802142, 0.04586436678918382, 0.06315547300851437, 0.040194630542456894]","[0.42415037705597836, 0.4440547003353371, 0.49184167791586036, 0.5577466795440842]","[0.25599062556666097, 0.33040139198848084, 0.3741267987491198, 0.3162843802208315]","[0.015621830333020392, 0.07056009793883541, 0.07662681699192057, 0.055546996601611026]","[0.2, 0.2, 0.2, 0.2]","[0.2, 0.2, 0.2, 0.2]","[0.2, 0.2, 0.2, 0.2]","[0.2, 0.2, 0.2, 0.2]","[0.0035771042975743877, 0.0032374396072413327, 0.0015711914932927122, 0.0015956751593456898]","[0.7993156336803819, 0.644760122653416]","[8.224708516142718, 8.982975710260193]",15000,"body origin, body frame; no gravity/external torque","[3.322883061880649e-08, 2.1131743398109113e-07, 2.468216803930094e-19]",2.139140320050224e-07,6.530843798188059e-07,4.6807455653292236e-17,5.551115123125783e-17,"[0.0002186722755278909, 0.00024810936322089807, 2.0867311840492212e-05]",0.00033137782802395777,0.004114791373295208,0.003653379456513364,0.05462661877666203,"[0.0002186428284748261, 0.00024807819188486693, 2.0867311840492223e-05]",0.00033133505766185726,0.004114535769451419,0.0036533794565133644,0.05462661877666203,"[8.092555535132046e-17, 2.4644266687459672e-18, 2.5784265421628078e-19]",8.096348183322857e-17,1.0669994055965017e-16,4.6807455653292236e-17,5.551115123125783e-17,"[3.322883061881664e-08, 2.1131743398343299e-07, 1.5194311122966294e-19]",2.1391403200734005e-07,6.530843798224118e-07,0.0,0.0,
combined_motor1_70_restore-A_best-existing_integral_020,A_best,combined_motor1_70_restore,existing_integral_020,existing,integral_020,True,60.0,horizon,full_0_60,True,False,,,,,,,,,,,,,,,,,,,,,,,,,,,,,,,,,,,,,,,,,,,,,,,,,,,,,,,,,,,,,,,,,,,,,,,,,,,,,,,,,,,,,,,,,,,,,,,,,,,,,,,,,,,,,,,,,,,,,,,
combined_motor1_70_restore-A_best-existing_integral_020,A_best,combined_motor1_70_restore,existing_integral_020,existing,integral_020,True,60.0,horizon,pre_3_5,True,False,,,,,,,,,,,,,,,,,,,,,,,,,,,,,,,,,,,,,,,,,,,,,,,,,,,,,,,,,,,,,,,,,,,,,,,,,,,,,,,,,,,,,,,,,,,,,,,,,,,,,,,,,,,,,,,,,,,,,,,
combined_motor1_70_restore-A_best-existing_integral_020,A_best,combined_motor1_70_restore,existing_integral_020,existing,integral_020,True,60.0,horizon,tail_18_20,True,False,,,,,,,,,,,,,,,,,,,,,,,,,,,,,,,,,,,,,,,,,,,,,,,,,,,,,,,,,,,,,,,,,,,,,,,,,,,,,,,,,,,,,,,,,,,,,,,,,,,,,,,,,,,,,,,,,,,,,,,
combined_motor1_70_restore-A_best-existing_integral_020,A_best,combined_motor1_70_restore,existing_integral_020,existing,integral_020,True,60.0,horizon,pre_second_28_30,True,False,,,,,,,,,,,,,,,,,,,,,,,,,,,,,,,,,,,,,,,,,,,,,,,,,,,,,,,,,,,,,,,,,,,,,,,,,,,,,,,,,,,,,,,,,,,,,,,,,,,,,,,,,,,,,,,,,,,,,,,
combined_motor1_70_restore-A_best-existing_integral_020,A_best,combined_motor1_70_restore,existing_integral_020,existing,integral_020,True,60.0,horizon,tail_58_60,True,False,,,,,,,,,,,,,,,,,,,,,,,,,,,,,,,,,,,,,,,,,,,,,,,,,,,,,,,,,,,,,,,,,,,,,,,,,,,,,,,,,,,,,,,,,,,,,,,,,,,,,,,,,,,,,,,,,,,,,,,
combined_motor1_70_restore-A_best-existing_integral_020,A_best,combined_motor1_70_restore,existing_integral_020,existing,integral_020,True,60.0,horizon,fault_5_30,True,False,,,,,,,,,,,,,,,,,,,,,,,,,,,,,,,,,,,,,,,,,,,,,,,,,,,,,,,,,,,,,,,,,,,,,,,,,,,,,,,,,,,,,,,,,,,,,,,,,,,,,,,,,,,,,,,,,,,,,,,
combined_motor1_70_restore-A_best-existing_integral_020,A_best,combined_motor1_70_restore,existing_integral_020,existing,integral_020,True,60.0,horizon,restore_30_60,True,False,,,,,,,,,,,,,,,,,,,,,,,,,,,,,,,,,,,,,,,,,,,,,,,,,,,,,,,,,,,,,,,,,,,,,,,,,,,,,,,,,,,,,,,,,,,,,,,,,,,,,,,,,,,,,,,,,,,,,,,
combined_motor1_70_restore-A_best-oracle_no_integral,A_best,combined_motor1_70_restore,oracle_no_integral,oracle,no_integral,True,60.0,horizon,full_0_60,False,True,"[0.07121770009215539, -0.00662847532496938]",0.07152550238586176,0.07182635827390395,0.006567210316509985,0.11282128437958282,-0.018789038943382616,0.018789038943382616,0.018879747156386198,0.00184847728499101,0.03395507420825672,0.07426621436144624,1.7997756063259374e-17,-3.537209587733958e-18,6000,0.01,60.0,0.020565630980911936,0.007717710886006232,0.2886435819440549,0.07606684687315604,8.013209250020436,2.082534691766403,-0.01955703645245606,0.054007701534962226,-1.120535648509236,3.0944133591555536,[0.0],[0.0],0.0,[0.33],[0.24],0.33,[0.0],[0.0],0.0,[0.0],[0.0],0.0,[0.0],[0.0],0.0,[0.0],[0.0],0.0,[0.0],[0.0],0.0,[0.0],[0.0],0.0,"[0.0, 0.0, 0.0]",0.0,0.0,every physics interval; dwell = interval count * physics_dt,0.002,"[0.33, 0.0, 0.0, 0.0]","[0.24, 0.0, 0.0, 0.0]",0.33,"[0.0, 0.0, 0.0, 0.0]","[0.0, 0.0, 0.0, 0.0]",0.0,"[0.33, 0.0, 0.0, 0.0]","[0.24, 0.0, 0.0, 0.0]",0.33,"[0.0, 0.0, 0.0, 0.0]","[0.0, 0.0, 0.0, 0.0]",0.0,"[0.0, 0.0, 0.0, 0.0]","[0.0, 0.0, 0.0, 0.0]",0.0,"[0.0, 0.0, 0.0, 0.0]","[0.0, 0.0, 0.0, 0.0]",0.0,"[0.0, 0.0, 0.0, 0.0]","[0.0, 0.0, 0.0, 0.0]",0.0,"[0.0, 0.0, 0.0, 0.0]","[0.0, 0.0, 0.0, 0.0]",0.0,"[0.060549306624057976, 0.07132796417326454, 0.07962706609386037, 0.10412311232088639]","[0.0, 0.054335243849690074, 0.06708043764500682, 0.04482273958662067]","[0.40853682241092004, 0.4432529429735119, 0.46870864001729684, 0.5391192019600451]","[0.21814922562016836, 0.35168356157115843, 0.38422032809662265, 0.3278006873833975]","[0.00036001735908258725, 0.0750522365528292, 0.0811729446163836, 0.06024292146831567]","[0.2, 0.2, 0.2, 0.2]","[0.2, 0.2, 0.2, 0.2]","[0.13999999999999999, 0.2, 0.2, 0.2]","[0.2, 0.2, 0.2, 0.2]","[0.0033729539807984287, 0.002740814849796157, 0.0013340201188770944, 0.0016234263352956756]","[0.5148865531298179, 0.6295791334956873]","[5.126435283728223, 6.350392812562628]",30000,"body origin, body frame; no gravity/external torque","[8.985595249674048e-05, 8.984303057333801e-05, 1.509733540436965e-05]",0.00012796011831039858,0.0030615349857087406,0.0025416389569646405,0.06081010645966184,"[0.00020725288312583128, 0.00019115703570952931, 1.8778365066701518e-05]",0.00028257281691593256,0.0046888603140640365,0.0037363553086920834,0.059066793067886314,"[0.00023151639783497717, 0.00021984535289585564, 2.5977351035314436e-05]",0.0003203227191805168,0.004688511261383229,0.004950725298535558,0.0851734993217228,"[8.98596453234797e-05, 8.985964532348002e-05, 1.509733540436965e-05]",0.00012797437732466302,0.003061857187818549,0.0025416389569646405,0.06081010645966184,"[3.1068050800625726e-08, 2.101966881561248e-07, 1.5064819149221684e-19]",2.1248028494981177e-07,6.254148342766057e-07,0.0,0.0,
combined_motor1_70_restore-A_best-oracle_no_integral,A_best,combined_motor1_70_restore,oracle_no_integral,oracle,no_integral,True,60.0,horizon,pre_3_5,False,True,"[0.0714989821617609, -0.0066453183546295634]",0.07180713548250048,0.07181243996900825,0.0008728276463508892,0.07205987840393803,-0.018854847065816444,0.018854847065816444,0.01885653914556506,0.00025260774513188216,0.019367309195335136,0.07424685584488168,-5.0610218598444445e-20,-9.85999290163209e-20,200,3.0100000000000002,5.0,0.00580913566130602,0.0006285608428704267,0.2875329385158923,0.07506349381422935,0.4184152343444364,0.07552734969727878,-0.018785512924522216,0.019229742786758233,-1.0763306065635831,1.1017831028033849,[0.0],[0.0],0.0,[0.0],[0.0],0.0,[0.0],[0.0],0.0,[0.0],[0.0],0.0,[0.0],[0.0],0.0,[0.0],[0.0],0.0,[0.0],[0.0],0.0,[0.0],[0.0],0.0,"[0.0, 0.0, 0.0]",0.0,0.0,every physics interval; dwell = interval count * physics_dt,0.002,"[0.0, 0.0, 0.0, 0.0]","[0.0, 0.0, 0.0, 0.0]",0.0,"[0.0, 0.0, 0.0, 0.0]","[0.0, 0.0, 0.0, 0.0]",0.0,"[0.0, 0.0, 0.0, 0.0]","[0.0, 0.0, 0.0, 0.0]",0.0,"[0.0, 0.0, 0.0, 0.0]","[0.0, 0.0, 0.0, 0.0]",0.0,"[0.0, 0.0, 0.0, 0.0]","[0.0, 0.0, 0.0, 0.0]",0.0,"[0.0, 0.0, 0.0, 0.0]","[0.0, 0.0, 0.0, 0.0]",0.0,"[0.0, 0.0, 0.0, 0.0]","[0.0, 0.0, 0.0, 0.0]",0.0,"[0.0, 0.0, 0.0, 0.0]","[0.0, 0.0, 0.0, 0.0]",0.0,"[0.1283077191460387, 0.10703543888446729, 0.10805484540129916, 0.12848050052256105]","[0.07005701094902508, 0.09045207199797287, 0.09144650313403296, 0.07022076650206951]","[0.6038265403552122, 0.5471216902878349, 0.5499074802890671, 0.604276271817272]","[0.39192309334308906, 0.4460261668227459, 0.44873264423393966, 0.3923481176205863]","[0.07056078130245719, 0.09123144091709685, 0.09157681467973527, 0.07062239413920601]","[0.2, 0.2, 0.2, 0.2]","[0.2, 0.2, 0.2, 0.2]","[0.2, 0.2, 0.2, 0.2]","[0.2, 0.2, 0.2, 0.2]","[0.00033683780554814136, 0.0005214685570373811, 7.352291410524769e-05, 0.0002570701330962183]","[0.21425166764578232, 0.053234150537737834]","[0.41426400305046146, 0.10057413901489058]",1000,"body origin, body frame; no gravity/external torque","[6.513462564722375e-09, 2.0806638446730535e-07, 2.3756299516523676e-19]",2.0816831060437251e-07,2.1301519797181372e-07,4.710277376051325e-17,5.551115123125783e-17,"[4.189805357362314e-05, 1.3139609758942598e-05, 1.018003738803361e-07]",4.391021067122791e-05,0.00010739759928109109,0.0005339992975787538,0.0014823448429552855,"[4.189200864210203e-05, 1.3138554400284045e-05, 1.0180037388032e-07]",4.390412694856026e-05,0.0001074415358998471,0.0005339992975787555,0.00148234484295523,"[8.087966073373113e-17, 2.386230214246555e-18, 2.5163071485167344e-19]",8.091524536856753e-17,8.325447029382904e-17,4.710277376051325e-17,5.551115123125783e-17,"[6.513462565121965e-09, 2.0806638446960538e-07, 1.4786546224624109e-19]",2.0816831060668388e-07,2.1301519796894527e-07,0.0,0.0,
combined_motor1_70_restore-A_best-oracle_no_integral,A_best,combined_motor1_70_restore,oracle_no_integral,oracle,no_integral,True,60.0,horizon,tail_18_20,False,True,"[0.07157332810986926, -0.0065517548106875136]",0.07187257326562316,0.07187257627692656,2.0805293963093276e-05,0.07188205515471327,-0.018575638720358268,0.018575638720358268,0.01857563876297715,1.2583106253864859e-06,0.018577900687358206,0.07423423452919312,2.030527140434891e-18,1.8344113591405498e-19,200,18.01,20.0,0.00014525571923371233,8.903969108529806e-06,0.2874941589555944,0.07430323440779865,0.009424868893960488,0.001240219364751751,-0.019398944329428798,0.01940550031623808,-1.111477637085511,1.1118532674602264,[0.0],[0.0],0.0,[0.0],[0.0],0.0,[0.0],[0.0],0.0,[0.0],[0.0],0.0,[0.0],[0.0],0.0,[0.0],[0.0],0.0,[0.0],[0.0],0.0,[0.0],[0.0],0.0,"[0.0, 0.0, 0.0]",0.0,0.0,every physics interval; dwell = interval count * physics_dt,0.002,"[0.0, 0.0, 0.0, 0.0]","[0.0, 0.0, 0.0, 0.0]",0.0,"[0.0, 0.0, 0.0, 0.0]","[0.0, 0.0, 0.0, 0.0]",0.0,"[0.0, 0.0, 0.0, 0.0]","[0.0, 0.0, 0.0, 0.0]",0.0,"[0.0, 0.0, 0.0, 0.0]","[0.0, 0.0, 0.0, 0.0]",0.0,"[0.0, 0.0, 0.0, 0.0]","[0.0, 0.0, 0.0, 0.0]",0.0,"[0.0, 0.0, 0.0, 0.0]","[0.0, 0.0, 0.0, 0.0]",0.0,"[0.0, 0.0, 0.0, 0.0]","[0.0, 0.0, 0.0, 0.0]",0.0,"[0.0, 0.0, 0.0, 0.0]","[0.0, 0.0, 0.0, 0.0]",0.0,"[0.1843755063747873, 0.10825534804721383, 0.10825707157529314, 0.1290639843942511]","[0.015616126870888175, 0.09173840142254194, 0.09174075740287842, 0.07093331458114677]","[0.7440032935595334, 0.5504544931328867, 0.5504591939853309, 0.6057938926578701]","[0.2559763650863037, 0.44952845890575177, 0.4495348846725542, 0.3941990860921415]","[0.010931887728692913, 0.09173935755661275, 0.09174089263167028, 0.07093332560810586]","[0.2, 0.2, 0.2, 0.2]","[0.2, 0.2, 0.2, 0.2]","[0.13999999999999999, 0.2, 0.2, 0.2]","[0.13999999999999999, 0.2, 0.2, 0.2]","[8.394776145354072e-07, 7.273438822711555e-07, 1.8838358573403092e-07, 3.393921176792284e-07]","[0.004957413606199194, 0.0017137722442159833]","[0.008907213018561464, 0.0030805373402029695]",1000,"body origin, body frame; no gravity/external torque","[1.484705488059747e-11, 2.080738145917194e-07, 5.75201612182779e-18]",2.0807381512142337e-07,2.080834805417608e-07,6.911082593979285e-17,1.6653345369377348e-16,"[5.705959743663367e-08, 1.7974446484250016e-08, 1.9821029988429788e-09]",5.985655451447136e-08,1.7843503574462144e-07,1.0613101468418619e-06,3.270146217815295e-06,"[5.70523090428528e-08, 2.1006078540772993e-07, 1.9821029985207282e-09]",2.1767964596059588e-07,3.1263472633514056e-07,1.0613101468366524e-06,3.270146217759784e-06,"[8.192049513080112e-17, 7.673681514322547e-17, 5.7535600750268946e-18]",1.1239488322133766e-16,1.144439930853756e-16,6.911082593979285e-17,1.6653345369377348e-16,"[1.4847049446062698e-11, 2.0807381451498597e-07, 1.4465061162897554e-19]",2.0807381504468967e-07,2.0808348046631153e-07,0.0,0.0,
combined_motor1_70_restore-A_best-oracle_no_integral,A_best,combined_motor1_70_restore,oracle_no_integral,oracle,no_integral,True,60.0,horizon,pre_second_28_30,False,True,"[0.07157322915399336, -0.006551999709356372]",0.07187249704665513,0.07187249704724456,2.9107590493061297e-07,0.0718726443063291,-0.018575540740237595,0.018575540740237595,0.018575540740245578,1.7235471605988705e-08,0.01857556749136602,0.07423413329189411,2.181582483979496e-18,-5.321873060573941e-19,200,28.01,30.0,1.9845860339447192e-06,1.2430835501044187e-07,0.2874899333316265,0.07430215080890122,0.00013488272635460614,1.6682796128987385e-05,-0.019398637563843805,0.019398716137693086,-1.111460060712191,1.111464562662135,[0.0],[0.0],0.0,[0.0],[0.0],0.0,[0.0],[0.0],0.0,[0.0],[0.0],0.0,[0.0],[0.0],0.0,[0.0],[0.0],0.0,[0.0],[0.0],0.0,[0.0],[0.0],0.0,"[0.0, 0.0, 0.0]",0.0,0.0,every physics interval; dwell = interval count * physics_dt,0.002,"[0.0, 0.0, 0.0, 0.0]","[0.0, 0.0, 0.0, 0.0]",0.0,"[0.0, 0.0, 0.0, 0.0]","[0.0, 0.0, 0.0, 0.0]",0.0,"[0.0, 0.0, 0.0, 0.0]","[0.0, 0.0, 0.0, 0.0]",0.0,"[0.0, 0.0, 0.0, 0.0]","[0.0, 0.0, 0.0, 0.0]",0.0,"[0.0, 0.0, 0.0, 0.0]","[0.0, 0.0, 0.0, 0.0]",0.0,"[0.0, 0.0, 0.0, 0.0]","[0.0, 0.0, 0.0, 0.0]",0.0,"[0.0, 0.0, 0.0, 0.0]","[0.0, 0.0, 0.0, 0.0]",0.0,"[0.0, 0.0, 0.0, 0.0]","[0.0, 0.0, 0.0, 0.0]",0.0,"[0.18437917182950386, 0.10825801542606464, 0.10825803117467381, 0.1290654390251137]","[0.015620710038828367, 0.09174190586310145, 0.09174192882259571, 0.07093451192240494]","[0.7440122050693523, 0.550461768290454, 0.5504618112439326, 0.6057976739412022]","[0.25598750772743517, 0.4495380170300336, 0.44953807965080017, 0.3942021985480565]","[0.010934505022437507, 0.09174191709062243, 0.09174193297606698, 0.07093451823402094]","[0.2, 0.2, 0.2, 0.2]","[0.2, 0.2, 0.2, 0.2]","[0.13999999999999999, 0.2, 0.2, 0.2]","[0.13999999999999999, 0.2, 0.2, 0.2]","[1.3026926451030386e-08, 1.0657266275039358e-08, 4.859814537386753e-09, 6.113952763346737e-09]","[6.909170295759718e-05, 2.391181693580997e-05]","[0.0001274427369942563, 4.4174188868113986e-05]",1000,"body origin, body frame; no gravity/external torque","[2.0814078031447014e-13, 2.0807409650132028e-07, 5.772073215415104e-18]",2.0807409650142378e-07,2.0807426419506318e-07,6.787359152847496e-17,1.1102230246251565e-16,"[7.831764448401794e-10, 3.9949557504441795e-10, 4.720071741973759e-11]",8.804487298857958e-10,1.8928662379598207e-09,1.8696690808817056e-08,4.7060924768249635e-08,"[7.830729998342823e-10, 2.0806574782340964e-07, 4.7200717735656325e-11]",2.080672267526665e-07,2.0924045860471583e-07,1.8696690810487793e-08,4.706092465722733e-08,"[8.200522618637959e-17, 7.676537120837608e-17, 5.761472925267514e-18]",1.124765482618827e-16,1.146363047229145e-16,6.787359152847496e-17,1.1102230246251565e-16,"[2.0814413623738228e-13, 2.080740964245577e-07, 1.470683380443598e-19]",2.0807409642466118e-07,2.0807426411868006e-07,0.0,0.0,
combined_motor1_70_restore-A_best-oracle_no_integral,A_best,combined_motor1_70_restore,oracle_no_integral,oracle,no_integral,True,60.0,horizon,tail_58_60,False,True,"[0.07157322763932603, -0.006551999996083093]",0.0718724955644331,0.07187249556443577,1.9541181441836848e-08,0.07187250115214656,-0.018575542485994048,0.018575542485994048,0.018575542485994138,1.8854608321877256e-09,0.018575545516628544,0.07423413229309556,6.487543100971081e-19,-2.481459236332417e-19,200,58.01,60.0,1.2427807968105524e-07,1.2519796039788891e-08,0.28748998205263276,0.0743021700146868,9.234973977599935e-06,1.2106677845720961e-06,-0.019398643951852774,0.019398650644290246,-1.1114604267181445,1.1114608101665664,[0.0],[0.0],0.0,[0.0],[0.0],0.0,[0.0],[0.0],0.0,[0.0],[0.0],0.0,[0.0],[0.0],0.0,[0.0],[0.0],0.0,[0.0],[0.0],0.0,[0.0],[0.0],0.0,"[0.0, 0.0, 0.0]",0.0,0.0,every physics interval; dwell = interval count * physics_dt,0.002,"[0.0, 0.0, 0.0, 0.0]","[0.0, 0.0, 0.0, 0.0]",0.0,"[0.0, 0.0, 0.0, 0.0]","[0.0, 0.0, 0.0, 0.0]",0.0,"[0.0, 0.0, 0.0, 0.0]","[0.0, 0.0, 0.0, 0.0]",0.0,"[0.0, 0.0, 0.0, 0.0]","[0.0, 0.0, 0.0, 0.0]",0.0,"[0.0, 0.0, 0.0, 0.0]","[0.0, 0.0, 0.0, 0.0]",0.0,"[0.0, 0.0, 0.0, 0.0]","[0.0, 0.0, 0.0, 0.0]",0.0,"[0.0, 0.0, 0.0, 0.0]","[0.0, 0.0, 0.0, 0.0]",0.0,"[0.0, 0.0, 0.0, 0.0]","[0.0, 0.0, 0.0, 0.0]",0.0,"[0.1290654496882617, 0.10825803632378041, 0.1082580449837277, 0.129065449094479]","[0.0709345169212133, 0.09174192213234314, 0.09174192950888403, 0.070934519788666]","[0.6057977016597988, 0.5504618252878397, 0.5504618489073765, 0.6057977001162759]","[0.3942022115423385, 0.4495380614034993, 0.44953808152261165, 0.39420221899620944]","[0.07093452724019875, 0.09174193656460893, 0.09174193893170993, 0.07093452890225588]","[0.2, 0.2, 0.2, 0.2]","[0.2, 0.2, 0.2, 0.2]","[0.2, 0.2, 0.2, 0.2]","[0.2, 0.2, 0.2, 0.2]","[5.8402168177146164e-09, 7.4009346785532625e-09, 4.030288557697451e-09, 5.269334201607905e-09]","[4.768539583446243e-06, 1.2820410261580086e-06]","[8.843356175322661e-06, 2.7078759927964936e-06]",1000,"body origin, body frame; no gravity/external torque","[7.56235543778047e-14, 2.0807409618511782e-07, 2.54783284269233e-19]",2.0807409618513164e-07,2.080742799207797e-07,4.759089844286814e-17,5.551115123125783e-17,"[4.806332504071607e-10, 4.059151489209061e-10, 4.3751475090438115e-11]",6.306263720246905e-10,1.2840785576676786e-09,1.267974082843458e-08,3.7845587608220654e-08,"[4.805634655212294e-10, 2.080629075299966e-07, 4.3751475100273983e-11]",2.0806346710864902e-07,2.0919467970437612e-07,1.2679740828484815e-08,3.7845587608220654e-08,"[8.085897982573906e-17, 2.3987100175729732e-18, 2.7750655603924593e-19]",8.089502727668951e-17,8.270086124922765e-17,4.759089844286814e-17,5.551115123125783e-17,"[7.562596457303226e-14, 2.0807409618743875e-07, 1.4136266821186875e-19]",2.0807409618745182e-07,2.0807427992316498e-07,0.0,0.0,
combined_motor1_70_restore-A_best-oracle_no_integral,A_best,combined_motor1_70_restore,oracle_no_integral,oracle,no_integral,True,60.0,horizon,fault_5_30,False,True,"[0.07241754146647214, -0.007141342586316908]",0.07276880572046895,0.07297477352966544,0.0054789128230497315,0.11282128437958282,-0.01865010766382912,0.01865010766382912,0.018747716246249914,0.001910588542173769,0.03395507420825672,0.07534450501633057,2.5427929076574096e-17,-3.358485635863301e-19,2500,5.01,30.0,0.02557857252492205,0.008740738991626867,0.2930322699066249,0.07550093684433111,8.013209250020436,1.7523357357440315,-0.020770951028231392,0.054007701534962226,-1.1900878303905764,3.0944133591555536,[0.0],[0.0],0.0,[0.33],[0.24],0.33,[0.0],[0.0],0.0,[0.0],[0.0],0.0,[0.0],[0.0],0.0,[0.0],[0.0],0.0,[0.0],[0.0],0.0,[0.0],[0.0],0.0,"[0.0, 0.0, 0.0]",0.0,0.0,every physics interval; dwell = interval count * physics_dt,0.002,"[0.33, 0.0, 0.0, 0.0]","[0.24, 0.0, 0.0, 0.0]",0.33,"[0.0, 0.0, 0.0, 0.0]","[0.0, 0.0, 0.0, 0.0]",0.0,"[0.33, 0.0, 0.0, 0.0]","[0.24, 0.0, 0.0, 0.0]",0.33,"[0.0, 0.0, 0.0, 0.0]","[0.0, 0.0, 0.0, 0.0]",0.0,"[0.0, 0.0, 0.0, 0.0]","[0.0, 0.0, 0.0, 0.0]",0.0,"[0.0, 0.0, 0.0, 0.0]","[0.0, 0.0, 0.0, 0.0]",0.0,"[0.0, 0.0, 0.0, 0.0]","[0.0, 0.0, 0.0, 0.0]",0.0,"[0.0, 0.0, 0.0, 0.0]","[0.0, 0.0, 0.0, 0.0]",0.0,"[0.15978757095239482, 0.09346149458482779, 0.08796601914447363, 0.11079760613968188]","[0.0, 0.07326494706738412, 0.07822214544507108, 0.05573032357614169]","[0.6836714481892621, 0.5092157140710997, 0.49338079314649347, 0.5573648923440956]","[0.21814922562016836, 0.4002740422631673, 0.41328671640506764, 0.3552128773998432]","[0.00036001735908258725, 0.08151968589086915, 0.0811729446163836, 0.06253774228888895]","[0.2, 0.2, 0.2, 0.2]","[0.2, 0.2, 0.2, 0.2]","[0.13999999999999999, 0.2, 0.2, 0.2]","[0.13999999999999999, 0.2, 0.2, 0.2]","[0.002585605080939701, 0.0012681589163491167, 0.0009391518745487453, 0.0009570106538537276]","[0.7243574741674367, 0.7871501566151597]","[5.126435283728223, 6.350392812562628]",12500,"body origin, body frame; no gravity/external torque","[0.00013920423535481604, 0.0001391840004235134, 2.338869143729251e-05]",0.00019823480017837743,0.0030615349857087406,0.003937490140958417,0.06081010645966184,"[9.879500507401684e-05, 9.673244590102896e-05, 1.124764502238488e-05]",0.0001387232087147645,0.002417312213913333,0.0028021661911891474,0.03959219273916803,"[0.00018798118690621106, 0.0001941030172937561, 2.999632263978996e-05]",0.0002718688789198175,0.004373465020957562,0.005759386020756711,0.0851734993217228,"[0.00013920996393357684, 0.00013920996393357733, 2.338869143729251e-05]",0.00019825705284787356,0.003061857187818549,0.003937490140958417,0.06081010645966184,"[1.3394933795899258e-08, 2.0897368659534582e-07, 1.4991815096152345e-19]",2.0940254521052522e-07,3.800573434610777e-07,0.0,0.0,
combined_motor1_70_restore-A_best-oracle_no_integral,A_best,combined_motor1_70_restore,oracle_no_integral,oracle,no_integral,True,60.0,horizon,restore_30_60,False,True,"[0.0715688091798766, -0.006351230564138064]",0.07185007012595346,0.07186371658068637,0.0014004226807654964,0.07502537139006318,-0.0186904505019634,0.0186904505019634,0.018697692621578905,0.0005203550755995925,0.022633111566105146,0.07425629582843642,-1.6311313465276062e-17,1.5003071078241795e-19,3000,30.01,60.0,0.007447400013165618,0.0023629193453615998,0.2875520924546127,0.07482862505581932,5.099738761525284,2.082534691766403,-0.019167332126583985,0.01948431636545105,-1.0982072353787753,1.116369094438025,[0.0],[0.0],0.0,[0.0],[0.0],0.0,[0.0],[0.0],0.0,[0.0],[0.0],0.0,[0.0],[0.0],0.0,[0.0],[0.0],0.0,[0.0],[0.0],0.0,[0.0],[0.0],0.0,"[0.0, 0.0, 0.0]",0.0,0.0,every physics interval; dwell = interval count * physics_dt,0.002,"[0.0, 0.0, 0.0, 0.0]","[0.0, 0.0, 0.0, 0.0]",0.0,"[0.0, 0.0, 0.0, 0.0]","[0.0, 0.0, 0.0, 0.0]",0.0,"[0.0, 0.0, 0.0, 0.0]","[0.0, 0.0, 0.0, 0.0]",0.0,"[0.0, 0.0, 0.0, 0.0]","[0.0, 0.0, 0.0, 0.0]",0.0,"[0.0, 0.0, 0.0, 0.0]","[0.0, 0.0, 0.0, 0.0]",0.0,"[0.0, 0.0, 0.0, 0.0]","[0.0, 0.0, 0.0, 0.0]",0.0,"[0.0, 0.0, 0.0, 0.0]","[0.0, 0.0, 0.0, 0.0]",0.0,"[0.0, 0.0, 0.0, 0.0]","[0.0, 0.0, 0.0, 0.0]",0.0,"[0.060549306624057976, 0.07132796417326454, 0.07962706609386037, 0.10412311232088639]","[0.030614892509221697, 0.054335243849690074, 0.06708043764500682, 0.04482273958662067]","[0.40853682241092004, 0.4432529429735119, 0.46870864001729684, 0.5391192019600451]","[0.2926277889178063, 0.35168356157115843, 0.38422032809662265, 0.3278006873833975]","[0.01784842406903231, 0.0750522365528292, 0.08161989410365014, 0.06024292146831567]","[0.2, 0.2, 0.2, 0.2]","[0.2, 0.2, 0.2, 0.2]","[0.2, 0.2, 0.2, 0.2]","[0.2, 0.2, 0.2, 0.2]","[0.003880295888746033, 0.0033746868577633634, 0.0014884198824420417, 0.0017750413967952668]","[0.2690999744082866, 0.268545007355442]","[3.7713550089209127, 3.445467396275731]",15000,"body origin, body frame; no gravity/external torque","[4.054183563792306e-08, 2.10438230488049e-07, 2.4482294584648894e-19]",2.1430793099611194e-07,6.25414834230714e-07,4.6917049471433994e-17,1.1102230246251565e-16,"[0.00026855787943152754, 0.0002240837332831076, 2.2544958487792753e-05]",0.0003504926950452381,0.0046888603140640365,0.003872516892153292,0.059066793067886314,"[0.00026852077527620083, 0.00022405639427623597, 2.254495848779277e-05]",0.00035044678586658196,0.004688511261383229,0.003872516892153294,0.05906679306788637,"[8.089904974116588e-17, 2.4987139784284307e-18, 2.564086218482909e-19]",8.093803534773372e-17,1.0114110369310799e-16,4.6917049471433994e-17,1.1102230246251565e-16,"[4.054183563823106e-08, 2.1043823049042187e-07, 1.5038786955675918e-19]",2.1430793099849914e-07,6.254148342766057e-07,0.0,0.0,
combined_motor1_70_restore-A_best-oracle_no_integral,A_best,combined_motor1_70_restore,oracle_no_integral,oracle,no_integral,True,60.0,horizon,full_0_60,True,False,,,,,,,,,,,,,,,,,,,,,,,,,,,,,,,,,,,,,,,,,,,,,,,,,,,,,,,,,,,,,,,,,,,,,,,,,,,,,,,,,,,,,,,,,,,,,,,,,,,,,,,,,,,,,,,,,,,,,,,
combined_motor1_70_restore-A_best-oracle_no_integral,A_best,combined_motor1_70_restore,oracle_no_integral,oracle,no_integral,True,60.0,horizon,pre_3_5,True,False,,,,,,,,,,,,,,,,,,,,,,,,,,,,,,,,,,,,,,,,,,,,,,,,,,,,,,,,,,,,,,,,,,,,,,,,,,,,,,,,,,,,,,,,,,,,,,,,,,,,,,,,,,,,,,,,,,,,,,,
combined_motor1_70_restore-A_best-oracle_no_integral,A_best,combined_motor1_70_restore,oracle_no_integral,oracle,no_integral,True,60.0,horizon,tail_18_20,True,False,,,,,,,,,,,,,,,,,,,,,,,,,,,,,,,,,,,,,,,,,,,,,,,,,,,,,,,,,,,,,,,,,,,,,,,,,,,,,,,,,,,,,,,,,,,,,,,,,,,,,,,,,,,,,,,,,,,,,,,
combined_motor1_70_restore-A_best-oracle_no_integral,A_best,combined_motor1_70_restore,oracle_no_integral,oracle,no_integral,True,60.0,horizon,pre_second_28_30,True,False,,,,,,,,,,,,,,,,,,,,,,,,,,,,,,,,,,,,,,,,,,,,,,,,,,,,,,,,,,,,,,,,,,,,,,,,,,,,,,,,,,,,,,,,,,,,,,,,,,,,,,,,,,,,,,,,,,,,,,,
combined_motor1_70_restore-A_best-oracle_no_integral,A_best,combined_motor1_70_restore,oracle_no_integral,oracle,no_integral,True,60.0,horizon,tail_58_60,True,False,,,,,,,,,,,,,,,,,,,,,,,,,,,,,,,,,,,,,,,,,,,,,,,,,,,,,,,,,,,,,,,,,,,,,,,,,,,,,,,,,,,,,,,,,,,,,,,,,,,,,,,,,,,,,,,,,,,,,,,
combined_motor1_70_restore-A_best-oracle_no_integral,A_best,combined_motor1_70_restore,oracle_no_integral,oracle,no_integral,True,60.0,horizon,fault_5_30,True,False,,,,,,,,,,,,,,,,,,,,,,,,,,,,,,,,,,,,,,,,,,,,,,,,,,,,,,,,,,,,,,,,,,,,,,,,,,,,,,,,,,,,,,,,,,,,,,,,,,,,,,,,,,,,,,,,,,,,,,,
combined_motor1_70_restore-A_best-oracle_no_integral,A_best,combined_motor1_70_restore,oracle_no_integral,oracle,no_integral,True,60.0,horizon,restore_30_60,True,False,,,,,,,,,,,,,,,,,,,,,,,,,,,,,,,,,,,,,,,,,,,,,,,,,,,,,,,,,,,,,,,,,,,,,,,,,,,,,,,,,,,,,,,,,,,,,,,,,,,,,,,,,,,,,,,,,,,,,,,
combined_motor1_70_restore-A_best-oracle_integral_020,A_best,combined_motor1_70_restore,oracle_integral_020,oracle,integral_020,True,60.0,horizon,full_0_60,False,True,"[0.00619336933169016, -0.0006240259875002482]",0.006224727472893563,0.015902816974901236,0.014633945319885886,0.07130489021774154,-0.0016152224236563345,0.0016152224236563345,0.004495852787662302,0.004195682162705934,0.02715965503338047,0.016526109040713055,9.75781955236954e-19,-8.809142651444724e-20,6000,0.01,60.0,0.02066178872562873,0.007863205466170036,0.06690828287019787,0.01963985071116296,7.951887336425499,2.0824938086906513,-0.019633888402644413,0.054606104950518396,-1.1249389409023784,3.128699349313135,[0.33],[0.24],0.33,[0.33],[0.24],0.33,[0.0],[0.0],0.0,[0.0],[0.0],0.0,[0.0],[0.0],0.0,[0.0],[0.0],0.0,[0.0],[0.0],0.0,[0.0],[0.0],0.0,"[-0.07157304334202681, 0.006550268677977163, 0.01857592441273436]",0.07187215422535585,0.019130929794418498,every physics interval; dwell = interval count * physics_dt,0.002,"[0.33, 0.0, 0.0, 0.0]","[0.24, 0.0, 0.0, 0.0]",0.33,"[0.0, 0.0, 0.0, 0.0]","[0.0, 0.0, 0.0, 0.0]",0.0,"[0.33, 0.0, 0.0, 0.0]","[0.24, 0.0, 0.0, 0.0]",0.33,"[0.0, 0.0, 0.0, 0.0]","[0.0, 0.0, 0.0, 0.0]",0.0,"[0.0, 0.0, 0.0, 0.0]","[0.0, 0.0, 0.0, 0.0]",0.0,"[0.0, 0.0, 0.0, 0.0]","[0.0, 0.0, 0.0, 0.0]",0.0,"[0.0, 0.0, 0.0, 0.0]","[0.0, 0.0, 0.0, 0.0]",0.0,"[0.0, 0.0, 0.0, 0.0]","[0.0, 0.0, 0.0, 0.0]",0.0,"[0.06054877621709767, 0.07132210593295056, 0.07962040232319523, 0.1041161206730393]","[0.0, 0.05434694921845029, 0.06708752877607443, 0.044839687180619786]","[0.40853506045052884, 0.443234615647806, 0.4686885828667795, 0.5390999102998616]","[0.21814922562016836, 0.35171314392906405, 0.38423862795664077, 0.3278429749591968]","[0.0003601337923971881, 0.0750631693083928, 0.08114161522026658, 0.060256679897167736]","[0.2, 0.2, 0.2, 0.2]","[0.2, 0.2, 0.2, 0.2]","[0.13999999999999999, 0.2, 0.2, 0.2]","[0.2, 0.2, 0.2, 0.2]","[0.0033728019303422454, 0.002740141561030442, 0.0013343465415724455, 0.0016225975132278028]","[0.5160839374978192, 0.62816630441874]","[5.130007092915619, 6.262946290712311]",30000,"body origin, body frame; no gravity/external torque","[8.95249110202205e-05, 8.951208339749432e-05, 1.504171842507719e-05]",0.00012748872915092782,0.0030589907373597823,0.002532275829137628,0.06075957471992721,"[0.00020726099741283667, 0.00019112924805405885, 1.87786226421696e-05]",0.00028255998863712967,0.00468886629738602,0.003733849337184547,0.059066780181721734,"[0.00023139120949012263, 0.00021966746935890634, 2.5947206511518204e-05]",0.00032010771070000766,0.004688517243721195,0.004939912462039256,0.0849274183793185,"[8.952861193915579e-05, 8.9528611939156e-05, 1.504171842507719e-05]",0.0001275029333179564,0.003059312857944336,0.002532275829137628,0.06075957471992721,"[3.1068418120099754e-08, 2.1019550977703846e-07, 1.543227641913517e-19]",2.1247917294388105e-07,6.25369412197515e-07,0.0,0.0,
combined_motor1_70_restore-A_best-oracle_integral_020,A_best,combined_motor1_70_restore,oracle_integral_020,oracle,integral_020,True,60.0,horizon,pre_3_5,False,True,"[0.03907617859095706, -0.0036361367465110174]",0.0392449897912039,0.039597672697091996,0.005273183034403792,0.048327467783574274,-0.006569613919553264,0.006569613919553264,0.006648357273482284,0.0010202094803896163,0.008673249461697341,0.04015191573837903,2.6156377411212794e-18,-5.632769099241097e-20,200,3.0100000000000002,5.0,0.010578346144840956,0.0019142324967482002,0.1497057126492623,0.024783065208467025,0.4325894923959797,0.07509184818830991,-0.019592787255553898,0.02011526872122196,-1.1225840186409455,1.1525200014975348,[0.0],[0.0],0.0,[0.0],[0.0],0.0,[0.0],[0.0],0.0,[0.0],[0.0],0.0,[0.0],[0.0],0.0,[0.0],[0.0],0.0,[0.0],[0.0],0.0,[0.0],[0.0],0.0,"[-0.04524634942841802, 0.004150489628068781, 0.012305672068994583]",0.04543631477960344,0.012305672068994583,every physics interval; dwell = interval count * physics_dt,0.002,"[0.0, 0.0, 0.0, 0.0]","[0.0, 0.0, 0.0, 0.0]",0.0,"[0.0, 0.0, 0.0, 0.0]","[0.0, 0.0, 0.0, 0.0]",0.0,"[0.0, 0.0, 0.0, 0.0]","[0.0, 0.0, 0.0, 0.0]",0.0,"[0.0, 0.0, 0.0, 0.0]","[0.0, 0.0, 0.0, 0.0]",0.0,"[0.0, 0.0, 0.0, 0.0]","[0.0, 0.0, 0.0, 0.0]",0.0,"[0.0, 0.0, 0.0, 0.0]","[0.0, 0.0, 0.0, 0.0]",0.0,"[0.0, 0.0, 0.0, 0.0]","[0.0, 0.0, 0.0, 0.0]",0.0,"[0.0, 0.0, 0.0, 0.0]","[0.0, 0.0, 0.0, 0.0]",0.0,"[0.12829171712210716, 0.10705796007000931, 0.10804460319463745, 0.12847736808437032]","[0.07008693362263613, 0.09050337926329241, 0.09146576733014064, 0.07026514845606749]","[0.6037848810563553, 0.5471833195499758, 0.5498795294237917, 0.6042681197754232]","[0.3920007470669754, 0.4461656306244236, 0.44878514568310934, 0.3924633331439089]","[0.07058611130070858, 0.0912626622444946, 0.09159661476162956, 0.07065154835985205]","[0.2, 0.2, 0.2, 0.2]","[0.2, 0.2, 0.2, 0.2]","[0.2, 0.2, 0.2, 0.2]","[0.2, 0.2, 0.2, 0.2]","[0.0003305229823867434, 0.0005075966292278434, 7.291417017491687e-05, 0.00025010827916478246]","[0.21794146974217696, 0.053077163267856296]","[0.42584083659890243, 0.0910085134452725]",1000,"body origin, body frame; no gravity/external torque","[6.358932040749036e-09, 2.0804728226966112e-07, 2.329778022391059e-19]",2.081444394560926e-07,2.127136807701717e-07,4.775249788392736e-17,5.551115123125783e-17,"[4.091079066912359e-05, 1.2650799663952706e-05, 1.0161481447325965e-07]",4.282225882506474e-05,0.00010698110347814562,0.0005217157059966539,0.0014827540630356073,"[4.0904889491955684e-05, 1.2649995530372325e-05, 1.016148144732432e-07]",4.2816383509564015e-05,0.00010702459690461276,0.0005217157059966544,0.0014827540630356073,"[8.090249511369523e-17, 2.3806077720163e-18, 2.5766132492013823e-19]",8.09379231160772e-17,8.286157375393542e-17,4.775249788392736e-17,5.551115123125783e-17,"[6.3589320413137515e-09, 2.080472822719473e-07, 1.6299132593050371e-19]",2.0814443945839482e-07,2.127136807660992e-07,0.0,0.0,
combined_motor1_70_restore-A_best-oracle_integral_020,A_best,combined_motor1_70_restore,oracle_integral_020,oracle,integral_020,True,60.0,horizon,tail_18_20,False,True,"[0.0010353619440415045, 1.1020899560925472e-05]",0.0010354205983060872,0.0010453304400025137,0.00014359635580095493,0.0012838276504239835,-0.0005124929022966379,0.0005124929022966379,0.0005159878524554702,5.995405722031527e-05,0.0006201755696298994,0.001165744051101037,-8.900463391070578e-22,-8.271806125530277e-24,200,18.01,20.0,0.00028082915002049957,0.00010338645727633898,0.00394384708841032,0.001960967864273615,0.010587562939512149,0.0012293822778002437,-0.019401769179187536,0.019409937606539942,-1.1116394890544452,1.1121075054669973,[0.0],[0.0],0.0,[0.0],[0.0],0.0,[0.0],[0.0],0.0,[0.0],[0.0],0.0,[0.0],[0.0],0.0,[0.0],[0.0],0.0,[0.0],[0.0],0.0,[0.0],[0.0],0.0,"[-0.0708898579348778, 0.0065619546136357265, 0.018171989838879167]",0.07119291542266387,0.018171989838879167,every physics interval; dwell = interval count * physics_dt,0.002,"[0.0, 0.0, 0.0, 0.0]","[0.0, 0.0, 0.0, 0.0]",0.0,"[0.0, 0.0, 0.0, 0.0]","[0.0, 0.0, 0.0, 0.0]",0.0,"[0.0, 0.0, 0.0, 0.0]","[0.0, 0.0, 0.0, 0.0]",0.0,"[0.0, 0.0, 0.0, 0.0]","[0.0, 0.0, 0.0, 0.0]",0.0,"[0.0, 0.0, 0.0, 0.0]","[0.0, 0.0, 0.0, 0.0]",0.0,"[0.0, 0.0, 0.0, 0.0]","[0.0, 0.0, 0.0, 0.0]",0.0,"[0.0, 0.0, 0.0, 0.0]","[0.0, 0.0, 0.0, 0.0]",0.0,"[0.0, 0.0, 0.0, 0.0]","[0.0, 0.0, 0.0, 0.0]",0.0,"[0.18437535001168798, 0.10825517163245067, 0.10825687109997253, 0.12906361985183293]","[0.015616650845822672, 0.09173889406565429, 0.0917409976196831, 0.07093356092141243]","[0.7440029134067441, 0.550454011967588, 0.5504586471982124, 0.6057929450355919]","[0.25597763897762116, 0.4495298025509926, 0.4495355398489066, 0.39419972644634593]","[0.01093231776593162, 0.09173971358618216, 0.09174116996283657, 0.07093348774161459]","[0.2, 0.2, 0.2, 0.2]","[0.2, 0.2, 0.2, 0.2]","[0.13999999999999999, 0.2, 0.2, 0.2]","[0.13999999999999999, 0.2, 0.2, 0.2]","[8.265252107306051e-07, 7.076238108708086e-07, 1.9075838625570365e-07, 3.341712997475467e-07]","[0.00514309419814053, 0.0018001436497864886]","[0.009875853699944731, 0.003816281236684062]",1000,"body origin, body frame; no gravity/external torque","[1.4834059352094632e-11, 2.0807350868294345e-07, 5.759028288051242e-18]",2.080735092117212e-07,2.0808311717511162e-07,6.753223014464259e-17,1.1102230246251565e-16,"[5.5689124407608404e-08, 1.7541042314301926e-08, 2.0335694886107436e-09]",5.842176090827138e-08,1.7611328614819663e-07,1.0442536021588557e-06,3.0920581860494067e-06,"[5.568238545133438e-08, 2.100288342118572e-07, 2.033569488173937e-09]",2.172942121981301e-07,3.1043455193634177e-07,1.0442536021538173e-06,3.0920581859938956e-06,"[8.198106092385692e-17, 7.651042120364245e-17, 5.7371346281175185e-18]",1.1228380834608835e-16,1.1471140785965121e-16,6.753223014464259e-17,1.1102230246251565e-16,"[1.4834055780389736e-11, 2.0807350860643629e-07, 1.5409408128351395e-19]",2.080735091352142e-07,2.0808311709944582e-07,0.0,0.0,
combined_motor1_70_restore-A_best-oracle_integral_020,A_best,combined_motor1_70_restore,oracle_integral_020,oracle,integral_020,True,60.0,horizon,pre_second_28_30,False,True,"[9.634470774048374e-05, 1.6859545218047219e-06]",9.635945803214557e-05,9.726444119231175e-05,1.3237309704160042e-05,0.00012118953063022324,-6.527690816932664e-05,6.527690816932664e-05,6.575237463390401e-05,7.89303679521156e-06,7.98629745550894e-05,0.00011740420048043399,-1.3958672836832342e-24,-2.029177440169146e-24,200,28.01,30.0,2.334988264111789e-05,1.381140070029301e-05,0.0003657963668181332,0.00024919860737750453,0.0001490856010989304,1.633285507986312e-05,-0.01939747878684886,0.019397637888841704,-1.111393667680984,1.111402783553686,[0.0],[0.0],0.0,[0.0],[0.0],0.0,[0.0],[0.0],0.0,[0.0],[0.0],0.0,[0.0],[0.0],0.0,[0.0],[0.0],0.0,[0.0],[0.0],0.0,[0.0],[0.0],0.0,"[-0.07151014497402088, 0.0065535373038332154, 0.018526084123458252]",0.07180981607968522,0.018526084123458252,every physics interval; dwell = interval count * physics_dt,0.002,"[0.0, 0.0, 0.0, 0.0]","[0.0, 0.0, 0.0, 0.0]",0.0,"[0.0, 0.0, 0.0, 0.0]","[0.0, 0.0, 0.0, 0.0]",0.0,"[0.0, 0.0, 0.0, 0.0]","[0.0, 0.0, 0.0, 0.0]",0.0,"[0.0, 0.0, 0.0, 0.0]","[0.0, 0.0, 0.0, 0.0]",0.0,"[0.0, 0.0, 0.0, 0.0]","[0.0, 0.0, 0.0, 0.0]",0.0,"[0.0, 0.0, 0.0, 0.0]","[0.0, 0.0, 0.0, 0.0]",0.0,"[0.0, 0.0, 0.0, 0.0]","[0.0, 0.0, 0.0, 0.0]",0.0,"[0.0, 0.0, 0.0, 0.0]","[0.0, 0.0, 0.0, 0.0]",0.0,"[0.18437912021441516, 0.1082579793871582, 0.10825799866649645, 0.12906539504487854]","[0.015620764624619893, 0.09174193609207963, 0.09174195343164616, 0.07093454821387296]","[0.7440120795820847, 0.5504616699962871, 0.5504617225796407, 0.6057975596156335]","[0.255987640437101, 0.44953809947792056, 0.44953814677064363, 0.3942022928868496]","[0.010934544659863182, 0.09174194653072144, 0.09174196068328108, 0.0709345568906247]","[0.2, 0.2, 0.2, 0.2]","[0.2, 0.2, 0.2, 0.2]","[0.13999999999999999, 0.2, 0.2, 0.2]","[0.13999999999999999, 0.2, 0.2, 0.2]","[1.1736191390034991e-08, 8.196487410091925e-09, 5.026805563457575e-09, 5.6708110457460484e-09]","[7.449674788521471e-05, 4.0138430321626776e-05]","[0.00014862885962409601, 7.7849778404153e-05]",1000,"body origin, body frame; no gravity/external torque","[1.9933513052105592e-13, 2.0807403359653974e-07, 5.74067008428822e-18]",2.0807403359663532e-07,2.080742325847515e-07,6.71891344611886e-17,1.1102230246251565e-16,"[5.49882142729084e-10, 4.146455550990866e-10, 4.868067320979129e-11]",6.904137275575542e-10,1.3700361850047218e-09,1.7941526311224102e-08,5.700242672324052e-08,"[5.498212619189464e-10, 2.0806296989017122e-07, 4.868067352183385e-11]",2.0806370205479444e-07,2.092763992161412e-07,1.794152630785348e-08,5.7002426612218215e-08,"[8.185321309939295e-17, 7.672935312987454e-17, 5.769273280884779e-18]",1.1234156239172185e-16,1.1490544487075324e-16,6.71891344611886e-17,1.1102230246251565e-16,"[1.9933402771983273e-13, 2.0807403351981457e-07, 1.5636586103463756e-19]",2.080740335199096e-07,2.080742325077732e-07,0.0,0.0,
combined_motor1_70_restore-A_best-oracle_integral_020,A_best,combined_motor1_70_restore,oracle_integral_020,oracle,integral_020,True,60.0,horizon,tail_58_60,False,True,"[1.886886525707343e-07, -2.5236606419554425e-06]",2.530704732552558e-06,2.552024393908921e-06,3.291839360331774e-07,3.1681567431240377e-06,8.15770827848894e-07,8.15770827848894e-07,8.269089555487091e-07,1.352641016581533e-07,1.0706096553736444e-06,2.682649236831542e-06,-1.4199496293978212e-26,-2.461246024289557e-28,200,58.01,60.0,6.102027648507426e-07,2.385554777261175e-07,9.613135331402396e-06,3.0693592799406004e-06,9.621540352629896e-06,1.24501828056419e-06,-0.019398865171396475,0.019398925963540696,-1.1114731016643444,1.1114765847976358,[0.0],[0.0],0.0,[0.0],[0.0],0.0,[0.0],[0.0],0.0,[0.0],[0.0],0.0,[0.0],[0.0],0.0,[0.0],[0.0],0.0,[0.0],[0.0],0.0,[0.0],[0.0],0.0,"[-0.07157304334202681, 0.006550268677977163, 0.01857592441273436]",0.07187215422535585,0.018576249516231904,every physics interval; dwell = interval count * physics_dt,0.002,"[0.0, 0.0, 0.0, 0.0]","[0.0, 0.0, 0.0, 0.0]",0.0,"[0.0, 0.0, 0.0, 0.0]","[0.0, 0.0, 0.0, 0.0]",0.0,"[0.0, 0.0, 0.0, 0.0]","[0.0, 0.0, 0.0, 0.0]",0.0,"[0.0, 0.0, 0.0, 0.0]","[0.0, 0.0, 0.0, 0.0]",0.0,"[0.0, 0.0, 0.0, 0.0]","[0.0, 0.0, 0.0, 0.0]",0.0,"[0.0, 0.0, 0.0, 0.0]","[0.0, 0.0, 0.0, 0.0]",0.0,"[0.0, 0.0, 0.0, 0.0]","[0.0, 0.0, 0.0, 0.0]",0.0,"[0.0, 0.0, 0.0, 0.0]","[0.0, 0.0, 0.0, 0.0]",0.0,"[0.1290654442159425, 0.10825804149169081, 0.10825804239364463, 0.12906545079123985]","[0.07093450972431845, 0.09174192735067725, 0.09174193291426631, 0.07093451868159681]","[0.6057976874346369, 0.5504618393830368, 0.550461841843066, 0.6057977045269646]","[0.39420219283418334, 0.44953807563622217, 0.44953809081060736, 0.3942022161184112]","[0.070934527002117, 0.09174193600819013, 0.09174193880329647, 0.07093452834021752]","[0.2, 0.2, 0.2, 0.2]","[0.2, 0.2, 0.2, 0.2]","[0.2, 0.2, 0.2, 0.2]","[0.2, 0.2, 0.2, 0.2]","[5.7978167043360646e-09, 6.283979470366131e-09, 4.243831195027171e-09, 4.7087071305231394e-09]","[4.672694766103765e-06, 1.2791402051233195e-06]","[9.196219852274747e-06, 2.8018154541190555e-06]",1000,"body origin, body frame; no gravity/external torque","[7.079691865093644e-14, 2.0807409642219554e-07, 2.6245130753833803e-19]",2.0807409642220764e-07,2.080742167005676e-07,4.627779271052808e-17,5.551115123125783e-17,"[4.493995955111261e-10, 3.658453464203362e-10, 3.2072810816712285e-11]",5.803718455754586e-10,1.394593034454624e-09,1.2466546207976664e-08,3.9409369601006716e-08,"[4.4933436556984896e-10, 2.080738380836361e-07, 3.207281082351451e-11]",2.080743257225468e-07,2.088614999608203e-07,1.2466546206941398e-08,3.9409369545495565e-08,"[8.098656055636833e-17, 2.4778230353164464e-18, 2.800895449413207e-19]",8.102494090030457e-17,8.294423878367944e-17,4.627779271052808e-17,5.551115123125783e-17,"[7.080027933903329e-14, 2.0807409642459553e-07, 1.5786221915782286e-19]",2.08074096424607e-07,2.080742167025192e-07,0.0,0.0,
combined_motor1_70_restore-A_best-oracle_integral_020,A_best,combined_motor1_70_restore,oracle_integral_020,oracle,integral_020,True,60.0,horizon,fault_5_30,False,True,"[0.005790028401248246, -0.000666869491456115]",0.005828305397445835,0.012381582195494338,0.010924030110627037,0.07130489021774154,-0.001403370540291761,0.001403370540291761,0.0029210884526341923,0.002561895562811658,0.020219254038809087,0.012721491084456067,-2.710505431213761e-20,-3.134021904840911e-20,2500,5.01,30.0,0.02566881512029155,0.00882402603635059,0.05445808114014745,0.01451450008471923,7.951887336425499,1.741826488469462,-0.020898125864535898,0.054606104950518396,-1.1973744117710916,3.128699349313135,[0.33],[0.24],0.33,[0.33],[0.24],0.33,[0.0],[0.0],0.0,[0.0],[0.0],0.0,[0.0],[0.0],0.0,[0.0],[0.0],0.0,[0.0],[0.0],0.0,[0.0],[0.0],0.0,"[-0.07151014497402088, 0.0065535373038332154, 0.018526084123458252]",0.07180981607968522,0.018526084123458252,every physics interval; dwell = interval count * physics_dt,0.002,"[0.33, 0.0, 0.0, 0.0]","[0.24, 0.0, 0.0, 0.0]",0.33,"[0.0, 0.0, 0.0, 0.0]","[0.0, 0.0, 0.0, 0.0]",0.0,"[0.33, 0.0, 0.0, 0.0]","[0.24, 0.0, 0.0, 0.0]",0.33,"[0.0, 0.0, 0.0, 0.0]","[0.0, 0.0, 0.0, 0.0]",0.0,"[0.0, 0.0, 0.0, 0.0]","[0.0, 0.0, 0.0, 0.0]",0.0,"[0.0, 0.0, 0.0, 0.0]","[0.0, 0.0, 0.0, 0.0]",0.0,"[0.0, 0.0, 0.0, 0.0]","[0.0, 0.0, 0.0, 0.0]",0.0,"[0.0, 0.0, 0.0, 0.0]","[0.0, 0.0, 0.0, 0.0]",0.0,"[0.15992836190497794, 0.09343106183436231, 0.08795662993819073, 0.11075970259912422]","[0.0, 0.07330601684169288, 0.07818442481602014, 0.05577267067696348]","[0.6840208334555, 0.509128868246279, 0.49335346645024425, 0.5572622026488063]","[0.21814922562016836, 0.4003813012330475, 0.41318717942710104, 0.35532012316183226]","[0.0003601337923971881, 0.08153073118688246, 0.08114161522026658, 0.0625481428685731]","[0.2, 0.2, 0.2, 0.2]","[0.2, 0.2, 0.2, 0.2]","[0.13999999999999999, 0.2, 0.2, 0.2]","[0.13999999999999999, 0.2, 0.2, 0.2]","[0.0025851752020042964, 0.0012657695159281142, 0.0009396930562015641, 0.0009542412933349019]","[0.725369538320696, 0.7819660516322752]","[5.130007092915619, 6.262946290712311]",12500,"body origin, body frame; no gravity/external torque","[0.00013869138807773122, 0.00013867129843338097, 2.3302529983466084e-05]",0.00019750452663105884,0.0030589907373597823,0.003922984845701444,0.06075957471992721,"[9.892523996467661e-05, 9.658095693041506e-05, 1.1247778805232296e-05]",0.00013871047859377827,0.002418243392143788,0.0027944941509432416,0.03957249562868753,"[0.0001876579807000999, 0.0001936092860682163, 2.9933302287685483e-05]",0.00027128596712349426,0.004374221985942094,0.005737233460755926,0.0849274183793185,"[0.00013869712921976674, 0.0001386971292197671, 2.3302529983466084e-05]",0.00019752669493321599,0.003059312857944336,0.003922984845701444,0.06075957471992721,"[1.3412349263385237e-08, 2.08969807025601e-07, 1.5375806445106496e-19]",2.0939978835013156e-07,3.7949959409067566e-07,0.0,0.0,
combined_motor1_70_restore-A_best-oracle_integral_020,A_best,combined_motor1_70_restore,oracle_integral_020,oracle,integral_020,True,60.0,horizon,restore_30_60,False,True,"[1.0457987069013256e-05, 5.435643107236005e-07]",1.0472103690068243e-05,0.0014338111209820795,0.0014337728780027144,0.011911182934137626,-8.288983973393356e-06,8.288983973393356e-06,0.0005667372004548726,0.0005666765807090622,0.004269830394771246,0.001541753996275448,5.505714157152952e-21,1.0058516248644817e-21,3000,30.01,60.0,0.007529304369713865,0.0024053495411183886,0.009488741298883469,0.0033121906765292237,5.09970007417094,2.0824938086906513,-0.019167334983533218,0.01953016577749146,-1.0982073990699086,1.1189960722410965,[0.0],[0.0],0.0,[0.0],[0.0],0.0,[0.0],[0.0],0.0,[0.0],[0.0],0.0,[0.0],[0.0],0.0,[0.0],[0.0],0.0,[0.0],[0.0],0.0,[0.0],[0.0],0.0,"[-0.07157304334202681, 0.006550268677977163, 0.01857592441273436]",0.07187215422535585,0.019130929794418498,every physics interval; dwell = interval count * physics_dt,0.002,"[0.0, 0.0, 0.0, 0.0]","[0.0, 0.0, 0.0, 0.0]",0.0,"[0.0, 0.0, 0.0, 0.0]","[0.0, 0.0, 0.0, 0.0]",0.0,"[0.0, 0.0, 0.0, 0.0]","[0.0, 0.0, 0.0, 0.0]",0.0,"[0.0, 0.0, 0.0, 0.0]","[0.0, 0.0, 0.0, 0.0]",0.0,"[0.0, 0.0, 0.0, 0.0]","[0.0, 0.0, 0.0, 0.0]",0.0,"[0.0, 0.0, 0.0, 0.0]","[0.0, 0.0, 0.0, 0.0]",0.0,"[0.0, 0.0, 0.0, 0.0]","[0.0, 0.0, 0.0, 0.0]",0.0,"[0.0, 0.0, 0.0, 0.0]","[0.0, 0.0, 0.0, 0.0]",0.0,"[0.06054877621709767, 0.07132210593295056, 0.07962040232319523, 0.1041161206730393]","[0.030628930798063225, 0.05434694921845029, 0.06708752877607443, 0.044839687180619786]","[0.40853506045052884, 0.443234615647806, 0.4686885828667795, 0.5390999102998616]","[0.29266229588570036, 0.35171314392906405, 0.38423862795664077, 0.3278429749591968]","[0.017848450722145665, 0.0750631693083928, 0.08162647999851227, 0.060256679897167736]","[0.2, 0.2, 0.2, 0.2]","[0.2, 0.2, 0.2, 0.2]","[0.2, 0.2, 0.2, 0.2]","[0.2, 0.2, 0.2, 0.2]","[0.0038804850457412115, 0.003375343375019767, 0.001488579877945436, 0.0017752623760010039]","[0.27057229944261035, 0.26879334153844175]","[3.7713168873122798, 3.4454542036884535]",15000,"body origin, body frame; no gravity/external torque","[4.0549110879191456e-08, 2.1043875779308115e-07, 2.4341637261126643e-19]",2.1430982519377855e-07,6.25369412150655e-07,4.6785506083197463e-17,5.551115123125783e-17,"[0.00026860355656333255, 0.00022410517109587428, 2.2545565163955503e-05]",0.00035054143951742425,0.00468886629738602,0.0038725889406812752,0.059066780181721734,"[0.00026856644553286036, 0.00022407782869657305, 2.254556516395551e-05]",0.00035049552277894897,0.004688517243721195,0.003872588940681277,0.05906678018172179,"[8.093026713623837e-17, 2.4905804666412744e-18, 2.517390624572661e-19]",8.09689724669839e-17,1.0148633664231584e-16,4.6785506083197463e-17,5.551115123125783e-17,"[4.054911087950325e-08, 2.1043875779544543e-07, 1.5424657422660348e-19]",2.1430982519615983e-07,6.25369412197515e-07,0.0,0.0,
combined_motor1_70_restore-A_best-oracle_integral_020,A_best,combined_motor1_70_restore,oracle_integral_020,oracle,integral_020,True,60.0,horizon,full_0_60,True,False,,,,,,,,,,,,,,,,,,,,,,,,,,,,,,,,,,,,,,,,,,,,,,,,,,,,,,,,,,,,,,,,,,,,,,,,,,,,,,,,,,,,,,,,,,,,,,,,,,,,,,,,,,,,,,,,,,,,,,,
combined_motor1_70_restore-A_best-oracle_integral_020,A_best,combined_motor1_70_restore,oracle_integral_020,oracle,integral_020,True,60.0,horizon,pre_3_5,True,False,,,,,,,,,,,,,,,,,,,,,,,,,,,,,,,,,,,,,,,,,,,,,,,,,,,,,,,,,,,,,,,,,,,,,,,,,,,,,,,,,,,,,,,,,,,,,,,,,,,,,,,,,,,,,,,,,,,,,,,
combined_motor1_70_restore-A_best-oracle_integral_020,A_best,combined_motor1_70_restore,oracle_integral_020,oracle,integral_020,True,60.0,horizon,tail_18_20,True,False,,,,,,,,,,,,,,,,,,,,,,,,,,,,,,,,,,,,,,,,,,,,,,,,,,,,,,,,,,,,,,,,,,,,,,,,,,,,,,,,,,,,,,,,,,,,,,,,,,,,,,,,,,,,,,,,,,,,,,,
combined_motor1_70_restore-A_best-oracle_integral_020,A_best,combined_motor1_70_restore,oracle_integral_020,oracle,integral_020,True,60.0,horizon,pre_second_28_30,True,False,,,,,,,,,,,,,,,,,,,,,,,,,,,,,,,,,,,,,,,,,,,,,,,,,,,,,,,,,,,,,,,,,,,,,,,,,,,,,,,,,,,,,,,,,,,,,,,,,,,,,,,,,,,,,,,,,,,,,,,
combined_motor1_70_restore-A_best-oracle_integral_020,A_best,combined_motor1_70_restore,oracle_integral_020,oracle,integral_020,True,60.0,horizon,tail_58_60,True,False,,,,,,,,,,,,,,,,,,,,,,,,,,,,,,,,,,,,,,,,,,,,,,,,,,,,,,,,,,,,,,,,,,,,,,,,,,,,,,,,,,,,,,,,,,,,,,,,,,,,,,,,,,,,,,,,,,,,,,,
combined_motor1_70_restore-A_best-oracle_integral_020,A_best,combined_motor1_70_restore,oracle_integral_020,oracle,integral_020,True,60.0,horizon,fault_5_30,True,False,,,,,,,,,,,,,,,,,,,,,,,,,,,,,,,,,,,,,,,,,,,,,,,,,,,,,,,,,,,,,,,,,,,,,,,,,,,,,,,,,,,,,,,,,,,,,,,,,,,,,,,,,,,,,,,,,,,,,,,
combined_motor1_70_restore-A_best-oracle_integral_020,A_best,combined_motor1_70_restore,oracle_integral_020,oracle,integral_020,True,60.0,horizon,restore_30_60,True,False,,,,,,,,,,,,,,,,,,,,,,,,,,,,,,,,,,,,,,,,,,,,,,,,,,,,,,,,,,,,,,,,,,,,,,,,,,,,,,,,,,,,,,,,,,,,,,,,,,,,,,,,,,,,,,,,,,,,,,,
combined_motor1_70_restore-B_best-existing_no_integral,B_best,combined_motor1_70_restore,existing_no_integral,existing,no_integral,True,60.0,horizon,full_0_60,False,True,"[0.11872844680203719, -0.10104994287677607]",0.15590873944530462,0.18793879869338528,0.10494501902848485,0.2775421318432247,-0.041740587026005034,0.041740587026005034,0.0438300265056642,0.01337141047951634,0.10324001498628488,0.19298202838036504,-1.3357370765021415e-16,7.345469718589293e-18,6000,0.01,60.0,0.04025269614947741,0.018492950391339188,0.7531317128471204,0.17650684698395738,9.904432412742713,2.9682400313583157,-0.02446276555061155,0.08573603340913795,-1.4016132212680652,4.912312866536228,[0.0],[0.0],0.0,[0.29],[0.17],0.29,[0.0],[0.0],0.0,[0.0],[0.0],0.0,[0.0],[0.0],0.0,[0.0],[0.0],0.0,[0.0],[0.0],0.0,[0.0],[0.0],0.0,"[0.0, 0.0, 0.0]",0.0,0.0,every physics interval; dwell = interval count * physics_dt,0.002,"[0.29, 0.0, 0.0, 0.0]","[0.17, 0.0, 0.0, 0.0]",0.29,"[0.0, 0.0, 0.0, 0.0]","[0.0, 0.0, 0.0, 0.0]",0.0,"[0.29, 0.0, 0.0, 0.0]","[0.17, 0.0, 0.0, 0.0]",0.29,"[0.0, 0.0, 0.0, 0.0]","[0.0, 0.0, 0.0, 0.0]",0.0,"[0.0, 0.0, 0.0, 0.0]","[0.0, 0.0, 0.0, 0.0]",0.0,"[0.0, 0.0, 0.0, 0.0]","[0.0, 0.0, 0.0, 0.0]",0.0,"[0.0, 0.0, 0.0, 0.0]","[0.0, 0.0, 0.0, 0.0]",0.0,"[0.0, 0.0, 0.0, 0.0]","[0.0, 0.0, 0.0, 0.0]",0.0,"[0.06987900950223172, 0.07820461516263547, 0.06500402325747949, 0.09311215773456968]","[0.0, 0.0628126597315258, 0.04170192610325621, 0.04098866355118974]","[0.43870334411601, 0.4644139951539059, 0.4231389116735895, 0.5082182662060422]","[0.21814922562016836, 0.37324849006192085, 0.32002825551715075, 0.31825583358001386]","[0.00015356438759189794, 0.07902297220988215, 0.06658078987420737, 0.05346031582349142]","[0.2, 0.2, 0.2, 0.2]","[0.2, 0.2, 0.2, 0.2]","[0.13999999999999999, 0.2, 0.2, 0.2]","[0.2, 0.2, 0.2, 0.2]","[0.003114638034460166, 0.0015475784104647691, 0.002820180987631431, 0.00180112351804671]","[0.758402132773964, 0.7405550655936997]","[7.627839213953998, 6.560995019072242]",30000,"body origin, body frame; no gravity/external torque","[0.0012654745683018985, 0.00126534020960814, 0.00021261265063934382]",0.001802142022228778,0.00396732621822819,0.035793375528509024,0.07879585250225868,"[0.000206365344855584, 0.0001983115311130693, 1.7549558452214286e-05]",0.00028674397279044943,0.004816641083613922,0.0039092752173140455,0.08536980311108522,"[0.0012833183490437786, 0.0012823640594261598, 0.00021368882039010035]",0.0018267529876423245,0.005469945383119597,0.036103752112646284,0.162774832788389,"[0.0012654747918104993, 0.001265474791810428, 0.00021261265063934396]",0.001802236676085415,0.003967459710243821,0.035793375528509024,0.07879585250225868,"[3.1635424026852044e-08, 2.103556673840574e-07, 1.5576329285480587e-19]",2.1272119512157634e-07,7.012300108496159e-07,0.0,0.0,
combined_motor1_70_restore-B_best-existing_no_integral,B_best,combined_motor1_70_restore,existing_no_integral,existing,no_integral,True,60.0,horizon,pre_3_5,False,True,"[0.07820747874156178, -0.01998971255326111]",0.08072173399446919,0.08072401181929931,0.0006064199275538613,0.0811448166840058,-0.03348917534858622,0.03348917534858622,0.033490892475565144,0.0003391360811110443,0.034161089858824045,0.08739568618079636,-3.2558358305679203e-18,-8.181808874884507e-20,200,3.0100000000000002,5.0,0.0027714006723194976,0.0011793905833857846,0.3238557224091684,0.13365294898096294,0.18475033770569355,0.03247471100922482,0.018119282906911255,0.018315140994943583,1.0381584383695486,1.0493802801973027,[0.0],[0.0],0.0,[0.0],[0.0],0.0,[0.0],[0.0],0.0,[0.0],[0.0],0.0,[0.0],[0.0],0.0,[0.0],[0.0],0.0,[0.0],[0.0],0.0,[0.0],[0.0],0.0,"[0.0, 0.0, 0.0]",0.0,0.0,every physics interval; dwell = interval count * physics_dt,0.002,"[0.0, 0.0, 0.0, 0.0]","[0.0, 0.0, 0.0, 0.0]",0.0,"[0.0, 0.0, 0.0, 0.0]","[0.0, 0.0, 0.0, 0.0]",0.0,"[0.0, 0.0, 0.0, 0.0]","[0.0, 0.0, 0.0, 0.0]",0.0,"[0.0, 0.0, 0.0, 0.0]","[0.0, 0.0, 0.0, 0.0]",0.0,"[0.0, 0.0, 0.0, 0.0]","[0.0, 0.0, 0.0, 0.0]",0.0,"[0.0, 0.0, 0.0, 0.0]","[0.0, 0.0, 0.0, 0.0]",0.0,"[0.0, 0.0, 0.0, 0.0]","[0.0, 0.0, 0.0, 0.0]",0.0,"[0.0, 0.0, 0.0, 0.0]","[0.0, 0.0, 0.0, 0.0]",0.0,"[0.12890143248580047, 0.10808421286715589, 0.1080808174011904, 0.12891193046626867]","[0.07066873453180372, 0.091444236106819, 0.09145128759663951, 0.07072734412989701]","[0.60537127477781, 0.5499876194533931, 0.549978354091489, 0.6053985724692877]","[0.39351149505389804, 0.4487264659975788, 0.4487456832578339, 0.3936637793209391]","[0.07072720180651121, 0.09151843511827254, 0.0915075724314851, 0.0707632090722454]","[0.2, 0.2, 0.2, 0.2]","[0.2, 0.2, 0.2, 0.2]","[0.2, 0.2, 0.2, 0.2]","[0.2, 0.2, 0.2, 0.2]","[4.538548043310042e-05, 4.7092521248456896e-05, 4.2794357209235665e-05, 3.453163899815069e-05]","[0.0265127470832866, 0.08084048364578515]","[0.06738451493286557, 0.18340427558041336]",1000,"body origin, body frame; no gravity/external torque","[1.4251062603695103e-10, 2.0805445088209644e-07, 2.3705192348898724e-19]",2.0805449968969457e-07,2.102667325917275e-07,4.759089844286814e-17,5.551115123125783e-17,"[8.457421964979922e-07, 3.5849221695563452e-06, 1.716159325946807e-07]",3.6873295015545012e-06,1.454511266878732e-05,0.00013236289033864143,0.0003777330568698889,"[8.456206485147863e-07, 3.5904371444641508e-06, 1.7161593259468583e-07]",3.6926636995349e-06,1.4750814738035702e-05,0.00013236289033863945,0.0003777330568698334,"[8.090841889260484e-17, 2.422263920941392e-18, 2.683629452023919e-19]",8.09451149166784e-17,8.324296035462311e-17,4.759089844286814e-17,5.551115123125783e-17,"[1.4251062475330706e-10, 2.08054450884444e-07, 1.5934452603638887e-19]",2.0805449969204093e-07,2.1026673259411263e-07,0.0,0.0,
combined_motor1_70_restore-B_best-existing_no_integral,B_best,combined_motor1_70_restore,existing_no_integral,existing,no_integral,True,60.0,horizon,tail_18_20,False,True,"[0.176499222185479, -0.21411743903616876]",0.27748559085380725,0.27748559085382174,8.969349719757423e-08,0.2774857329148164,-0.05365207828269074,0.05365207828269074,0.053652078282708106,4.313251946874779e-08,0.05365216489953639,0.28262483725877385,-2.356208661449964e-17,3.1124583461776814e-18,200,18.01,20.0,6.485929155709409e-07,3.0198132248656065e-07,1.109942440402204,0.21460834895218878,4.2850592258755085e-05,5.84552558517184e-06,-0.08225173687091723,0.08225178512927366,-4.712677380324138,4.712680145324287,[0.0],[0.0],0.0,[0.0],[0.0],0.0,[0.0],[0.0],0.0,[0.0],[0.0],0.0,[0.0],[0.0],0.0,[0.0],[0.0],0.0,[0.0],[0.0],0.0,[0.0],[0.0],0.0,"[0.0, 0.0, 0.0]",0.0,0.0,every physics interval; dwell = interval count * physics_dt,0.002,"[0.0, 0.0, 0.0, 0.0]","[0.0, 0.0, 0.0, 0.0]",0.0,"[0.0, 0.0, 0.0, 0.0]","[0.0, 0.0, 0.0, 0.0]",0.0,"[0.0, 0.0, 0.0, 0.0]","[0.0, 0.0, 0.0, 0.0]",0.0,"[0.0, 0.0, 0.0, 0.0]","[0.0, 0.0, 0.0, 0.0]",0.0,"[0.0, 0.0, 0.0, 0.0]","[0.0, 0.0, 0.0, 0.0]",0.0,"[0.0, 0.0, 0.0, 0.0]","[0.0, 0.0, 0.0, 0.0]",0.0,"[0.0, 0.0, 0.0, 0.0]","[0.0, 0.0, 0.0, 0.0]",0.0,"[0.0, 0.0, 0.0, 0.0]","[0.0, 0.0, 0.0, 0.0]",0.0,"[0.18437919658206864, 0.10825802522160055, 0.10825802072361211, 0.12906542229351542]","[0.015620697389870486, 0.0917419011630553, 0.09174189630372569, 0.07093447394900584]","[0.7440122652481035, 0.5504617950072479, 0.5504617827392296, 0.6057976304478158]","[0.2559874769751276, 0.4495380042109147, 0.4495379909573607, 0.3942020998371315]","[0.010934499788388452, 0.09174190627244992, 0.09174190374181672, 0.07093448254691398]","[0.2, 0.2, 0.2, 0.2]","[0.2, 0.2, 0.2, 0.2]","[0.13999999999999999, 0.2, 0.2, 0.2]","[0.13999999999999999, 0.2, 0.2, 0.2]","[1.0421337830845522e-08, 9.169940010839746e-09, 9.641976495339327e-09, 1.0228401834927542e-08]","[1.930349836981185e-05, 3.6830294138052492e-06]","[4.21060510061749e-05, 8.140372301578472e-06]",1000,"body origin, body frame; no gravity/external torque","[0.001955618406776775, 0.001955410332667123, 0.0003285638052947235]",0.0027849644694636993,0.0027849654184043606,0.055313771935138506,0.05531379078303883,"[4.013481948325686e-10, 5.073206622698572e-10, 3.458494466589511e-11]",6.478045586894486e-10,1.3797403857794058e-09,3.116073928861255e-08,1.0008713258180535e-07,"[0.001955618397537827, 0.001955410345821472, 0.00032856380587821874]",0.002784964472280974,0.00278496603637308,0.05531377477107455,0.055313867938941885,"[0.0019556184067669328, 0.0019556184067668243, 0.0003285638052947236]",0.00278511056870649,0.0027851115177194496,0.055313771935138506,0.05531379078303883,"[7.561268352089446e-14, 2.0807409970025455e-07, 1.54855044337518e-19]",2.080740997002684e-07,2.0807429349282388e-07,0.0,0.0,
combined_motor1_70_restore-B_best-existing_no_integral,B_best,combined_motor1_70_restore,existing_no_integral,existing,no_integral,True,60.0,horizon,pre_second_28_30,False,True,"[0.176499219128104, -0.21411743826233112]",0.27748558831199444,0.27748558831199455,5.477578112930937e-09,0.27748559564761377,-0.05365206263641602,0.05365206263641602,0.05365206263641607,2.3261704208334807e-09,0.053652066293680245,0.28262483179295417,3.9385077055812235e-17,6.604633391582123e-19,200,28.01,30.0,3.148746810570987e-08,1.4899371013958442e-08,1.1099423508432287,0.2146082501246825,2.091309789151873e-06,4.961279370818735e-07,-0.08225174103881766,0.0822517443910869,-4.712677619127241,4.7126778111981205,[0.0],[0.0],0.0,[0.0],[0.0],0.0,[0.0],[0.0],0.0,[0.0],[0.0],0.0,[0.0],[0.0],0.0,[0.0],[0.0],0.0,[0.0],[0.0],0.0,[0.0],[0.0],0.0,"[0.0, 0.0, 0.0]",0.0,0.0,every physics interval; dwell = interval count * physics_dt,0.002,"[0.0, 0.0, 0.0, 0.0]","[0.0, 0.0, 0.0, 0.0]",0.0,"[0.0, 0.0, 0.0, 0.0]","[0.0, 0.0, 0.0, 0.0]",0.0,"[0.0, 0.0, 0.0, 0.0]","[0.0, 0.0, 0.0, 0.0]",0.0,"[0.0, 0.0, 0.0, 0.0]","[0.0, 0.0, 0.0, 0.0]",0.0,"[0.0, 0.0, 0.0, 0.0]","[0.0, 0.0, 0.0, 0.0]",0.0,"[0.0, 0.0, 0.0, 0.0]","[0.0, 0.0, 0.0, 0.0]",0.0,"[0.0, 0.0, 0.0, 0.0]","[0.0, 0.0, 0.0, 0.0]",0.0,"[0.0, 0.0, 0.0, 0.0]","[0.0, 0.0, 0.0, 0.0]",0.0,"[0.18437922311113003, 0.10825804217934547, 0.10825803735514156, 0.1290654497130386]","[0.015620750560210311, 0.09174192642421344, 0.09174192788697173, 0.07093452023301142]","[0.7440123297458966, 0.5504618412585747, 0.5504618281008228, 0.6057977017242054]","[0.2559876062435307, 0.44953807310934246, 0.44953807709893456, 0.3942022201512746]","[0.010934531143946657, 0.0917419384729397, 0.09174193688462459, 0.07093452916922263]","[0.2, 0.2, 0.2, 0.2]","[0.2, 0.2, 0.2, 0.2]","[0.13999999999999999, 0.2, 0.2, 0.2]","[0.13999999999999999, 0.2, 0.2, 0.2]","[4.2068123650392915e-09, 4.690603152497025e-09, 5.425371050153477e-09, 4.901056736616643e-09]","[9.691777457983265e-07, 6.913523714718786e-07]","[2.071065736539992e-06, 1.3845034398916558e-06]",1000,"body origin, body frame; no gravity/external torque","[0.0019556183620956097, 0.0019554102879995603, 0.0003285637977895318]",0.0027849644058403874,0.002784964615203038,0.055313770671638264,0.05531377483193689,"[2.818538108014005e-10, 3.2562865920779834e-10, 2.7979702914734568e-11]",4.315767117627376e-10,1.1812030154527218e-09,1.2883501118514312e-08,4.464770830825415e-08,"[0.0019556183627678437, 0.001955410292053607, 0.0003285637979823516]",0.0027849644091816578,0.0027849655248946025,0.05531377040806197,0.055313810120885376,"[0.0019556183620958803, 0.0019556183620957745, 0.0003285637977895317]",0.002785110505087833,0.002785110714563545,0.055313770671638264,0.05531377483193689,"[4.4064563327734336e-14, 2.0807409621863365e-07, 1.282845310686835e-19]",2.080740962186385e-07,2.0807423904180288e-07,0.0,0.0,
combined_motor1_70_restore-B_best-existing_no_integral,B_best,combined_motor1_70_restore,existing_no_integral,existing,no_integral,True,60.0,horizon,tail_58_60,False,True,"[0.07835245098883713, -0.020855820722605053]",0.08108065018222022,0.08108065018222042,5.796805350644401e-09,0.08108065542902523,-0.03303955296339,0.03303955296339,0.03303955296339003,8.065019336282263e-10,0.03303955425153993,0.08755389136978582,1.0915172462765846e-18,8.674376725336382e-19,200,58.01,60.0,3.1621239133562176e-08,8.922987916476499e-09,0.32432260212153646,0.13215821246318876,1.9090959104164224e-06,2.8911635229502304e-07,0.01839674158389631,0.01839674463926365,1.054055649550076,1.0540558246097291,[0.0],[0.0],0.0,[0.0],[0.0],0.0,[0.0],[0.0],0.0,[0.0],[0.0],0.0,[0.0],[0.0],0.0,[0.0],[0.0],0.0,[0.0],[0.0],0.0,[0.0],[0.0],0.0,"[0.0, 0.0, 0.0]",0.0,0.0,every physics interval; dwell = interval count * physics_dt,0.002,"[0.0, 0.0, 0.0, 0.0]","[0.0, 0.0, 0.0, 0.0]",0.0,"[0.0, 0.0, 0.0, 0.0]","[0.0, 0.0, 0.0, 0.0]",0.0,"[0.0, 0.0, 0.0, 0.0]","[0.0, 0.0, 0.0, 0.0]",0.0,"[0.0, 0.0, 0.0, 0.0]","[0.0, 0.0, 0.0, 0.0]",0.0,"[0.0, 0.0, 0.0, 0.0]","[0.0, 0.0, 0.0, 0.0]",0.0,"[0.0, 0.0, 0.0, 0.0]","[0.0, 0.0, 0.0, 0.0]",0.0,"[0.0, 0.0, 0.0, 0.0]","[0.0, 0.0, 0.0, 0.0]",0.0,"[0.0, 0.0, 0.0, 0.0]","[0.0, 0.0, 0.0, 0.0]",0.0,"[0.1290654498824764, 0.10825804272526834, 0.1082580414363498, 0.12906545142206693]","[0.07093451969704817, 0.09174193520164202, 0.09174193013132241, 0.07093451855876387]","[0.6057977021646573, 0.5504618427475522, 0.550461839232094, 0.6057977061667864]","[0.3942022187580533, 0.44953809704929937, 0.44953808322028055, 0.3942022157991102]","[0.07093452875420217, 0.09174194085680643, 0.09174193862772623, 0.07093452825730984]","[0.2, 0.2, 0.2, 0.2]","[0.2, 0.2, 0.2, 0.2]","[0.2, 0.2, 0.2, 0.2]","[0.2, 0.2, 0.2, 0.2]","[3.5041622665439054e-09, 3.5953725037722064e-09, 5.066312014254681e-09, 4.7233140063123835e-09]","[7.740574312771701e-07, 8.420471652490452e-07]","[1.35940118420387e-06, 1.6218523921660894e-06]",1000,"body origin, body frame; no gravity/external torque","[4.1121236706803875e-14, 2.0807409547395097e-07, 2.441151668320426e-19]",2.0807409547395502e-07,2.0807420089458395e-07,4.839349969133126e-17,5.551115123125783e-17,"[2.67196282912652e-10, 2.3839647655726825e-10, 1.8321052391412923e-11]",3.585559853049269e-10,7.644691443228117e-10,1.3441157050027668e-08,4.7810925440927576e-08,"[2.671577061522093e-10, 2.0807343008129437e-07, 1.8321052379730506e-11]",2.080736023975558e-07,2.0864723114456972e-07,1.3441157050300643e-08,4.7810925385416425e-08,"[8.107106601697686e-17, 2.3674864653448034e-18, 2.626354156102767e-19]",8.110605226895326e-17,8.279834263945534e-17,4.839349969133126e-17,5.551115123125783e-17,"[4.1123956238169016e-14, 2.080740954762471e-07, 1.6514075493068653e-19]",2.0807409547625027e-07,2.0807420089675238e-07,0.0,0.0,
combined_motor1_70_restore-B_best-existing_no_integral,B_best,combined_motor1_70_restore,existing_no_integral,existing,no_integral,True,60.0,horizon,fault_5_30,False,True,"[0.17424852176659325, -0.20728720575898388]",0.27079610966409806,0.27225807707716176,0.02817671954901323,0.2775421318432247,-0.05568218809532076,0.05568218809532076,0.056171461574579515,0.0073977715794552685,0.10324001498628488,0.27799225462084054,-2.1098574276567916e-16,-1.3965879234328904e-17,2500,5.01,30.0,0.044381488505095906,0.021426330129090912,1.0951004096920227,0.22634225110432113,9.140615360751957,2.2891398854476113,-0.0807164577571819,0.08573603340913795,-4.624712366732518,4.912312866536228,[0.0],[0.0],0.0,[0.29],[0.17],0.29,[0.0],[0.0],0.0,[0.0],[0.0],0.0,[0.0],[0.0],0.0,[0.0],[0.0],0.0,[0.0],[0.0],0.0,[0.0],[0.0],0.0,"[0.0, 0.0, 0.0]",0.0,0.0,every physics interval; dwell = interval count * physics_dt,0.002,"[0.29, 0.0, 0.0, 0.0]","[0.17, 0.0, 0.0, 0.0]",0.29,"[0.0, 0.0, 0.0, 0.0]","[0.0, 0.0, 0.0, 0.0]",0.0,"[0.29, 0.0, 0.0, 0.0]","[0.17, 0.0, 0.0, 0.0]",0.29,"[0.0, 0.0, 0.0, 0.0]","[0.0, 0.0, 0.0, 0.0]",0.0,"[0.0, 0.0, 0.0, 0.0]","[0.0, 0.0, 0.0, 0.0]",0.0,"[0.0, 0.0, 0.0, 0.0]","[0.0, 0.0, 0.0, 0.0]",0.0,"[0.0, 0.0, 0.0, 0.0]","[0.0, 0.0, 0.0, 0.0]",0.0,"[0.0, 0.0, 0.0, 0.0]","[0.0, 0.0, 0.0, 0.0]",0.0,"[0.1290994628825881, 0.08613907811507755, 0.06500402325747949, 0.09311215773456968]","[0.0, 0.07852672988782763, 0.0570077995284157, 0.05321940181428067]","[0.6058861152138476, 0.488045230208447, 0.4231389116735895, 0.5082182662060422]","[0.21814922562016836, 0.414090753690196, 0.3584511639793465, 0.3488658649738665]","[0.00015356438759189794, 0.0808863418369184, 0.07999410657499173, 0.058355379855044104]","[0.2, 0.2, 0.2, 0.2]","[0.2, 0.2, 0.2, 0.2]","[0.13999999999999999, 0.2, 0.2, 0.2]","[0.13999999999999999, 0.2, 0.2, 0.2]","[0.0020717682927590417, 0.000877233720663601, 0.0021322577615702034, 0.0014987257290711294]","[0.8432860550786457, 0.7789467838381332]","[7.060948799375644, 6.560995019072242]",12500,"body origin, body frame; no gravity/external torque","[0.001960464770713021, 0.0019602566076660833, 0.0003293781020476777]",0.0027918664042561187,0.00396732621822819,0.05545085893058543,0.07879585250225868,"[0.00012835271803827715, 7.647558598264903e-05, 1.08998616579134e-05]",0.00014980568234671584,0.0028255315460913363,0.004176228036298563,0.08536980311108522,"[0.001966434452407239, 0.001964226103931359, 0.00033010699308404657]",0.002798931808719624,0.005469945383119597,0.05575945876655599,0.162774832788389,"[0.0019604651174909447, 0.001960465117490834, 0.00032937810204767794]",0.0027920130529612086,0.003967459710243821,0.05545085893058543,0.07879585250225868,"[1.906493024244956e-08, 2.087401878211258e-07, 1.5091844997061374e-19]",2.0960901120121127e-07,4.851726166647589e-07,0.0,0.0,
combined_motor1_70_restore-B_best-existing_no_integral,B_best,combined_motor1_70_restore,existing_no_integral,existing,no_integral,True,60.0,horizon,restore_30_60,False,True,"[0.08096088948148283, -0.027018320661198386]",0.08535019201492294,0.08948169008518546,0.026875966652698244,0.27748619409993597,-0.031624972693082704,0.031624972693082704,0.03204972819464754,0.00520059414995659,0.053595323043192034,0.09504818745169191,1.3444106938820255e-17,-4.05559375145359e-18,3000,30.01,60.0,0.03657836325239456,0.014581248972569011,0.3465116698783027,0.12810590046918696,9.904432412742713,2.9682400313583157,0.01582931775217268,0.08170110759632127,0.9069530997710058,4.6811286468134385,[0.0],[0.0],0.0,[0.0],[0.0],0.0,[0.0],[0.0],0.0,[0.0],[0.0],0.0,[0.0],[0.0],0.0,[0.0],[0.0],0.0,[0.0],[0.0],0.0,[0.0],[0.0],0.0,"[0.0, 0.0, 0.0]",0.0,0.0,every physics interval; dwell = interval count * physics_dt,0.002,"[0.0, 0.0, 0.0, 0.0]","[0.0, 0.0, 0.0, 0.0]",0.0,"[0.0, 0.0, 0.0, 0.0]","[0.0, 0.0, 0.0, 0.0]",0.0,"[0.0, 0.0, 0.0, 0.0]","[0.0, 0.0, 0.0, 0.0]",0.0,"[0.0, 0.0, 0.0, 0.0]","[0.0, 0.0, 0.0, 0.0]",0.0,"[0.0, 0.0, 0.0, 0.0]","[0.0, 0.0, 0.0, 0.0]",0.0,"[0.0, 0.0, 0.0, 0.0]","[0.0, 0.0, 0.0, 0.0]",0.0,"[0.0, 0.0, 0.0, 0.0]","[0.0, 0.0, 0.0, 0.0]",0.0,"[0.0, 0.0, 0.0, 0.0]","[0.0, 0.0, 0.0, 0.0]",0.0,"[0.06987900950223172, 0.09457207152188421, 0.07072466690602382, 0.10673375662488255]","[0.015620775396532616, 0.07219793973343638, 0.04170192610325621, 0.04098866355118974]","[0.43870334411601, 0.5123788047543959, 0.4413627055121884, 0.5462957658452898]","[0.25598766662591244, 0.397490517308453, 0.32002825551715075, 0.31825583358001386]","[0.015620764655630281, 0.07902297220988215, 0.06658078987420737, 0.05346031582349142]","[0.2, 0.2, 0.2, 0.2]","[0.2, 0.2, 0.2, 0.2]","[0.2, 0.2, 0.2, 0.2]","[0.2, 0.2, 0.2, 0.2]","[0.003664403467683103, 0.0010293489157336747, 0.0032989233055544234, 0.0018468356801015823]","[0.7459759526080384, 0.6152386877935735]","[7.627839213953998, 6.336524064684721]",15000,"body origin, body frame; no gravity/external torque","[4.104922569666374e-08, 2.099866752636624e-07, 2.441254652930665e-19]",2.1396131126580612e-07,7.01230010789402e-07,4.6774527435602164e-17,1.1102230246251565e-16,"[0.00026625544201285163, 0.00020494512945018792, 2.106237366985496e-05]",0.0003366572293467537,0.004816641083613922,0.003501369609972555,0.059490587902476744,"[0.00026621873683043177, 0.00020492103718731716, 2.106237366985497e-05]",0.0003366135334565948,0.004816283461698627,0.003501369609972556,0.059490587902476744,"[8.092975391491907e-17, 2.4500811317907727e-18, 2.5641028740502484e-19]",8.096723851359491e-17,1.0798827805574773e-16,4.6774527435602164e-17,1.1102230246251565e-16,"[4.104922569701802e-08, 2.099866752659536e-07, 1.5939369885843158e-19]",2.1396131126812098e-07,7.012300108496159e-07,0.0,0.0,
combined_motor1_70_restore-B_best-existing_no_integral,B_best,combined_motor1_70_restore,existing_no_integral,existing,no_integral,True,60.0,horizon,full_0_60,True,False,,,,,,,,,,,,,,,,,,,,,,,,,,,,,,,,,,,,,,,,,,,,,,,,,,,,,,,,,,,,,,,,,,,,,,,,,,,,,,,,,,,,,,,,,,,,,,,,,,,,,,,,,,,,,,,,,,,,,,,
combined_motor1_70_restore-B_best-existing_no_integral,B_best,combined_motor1_70_restore,existing_no_integral,existing,no_integral,True,60.0,horizon,pre_3_5,True,False,,,,,,,,,,,,,,,,,,,,,,,,,,,,,,,,,,,,,,,,,,,,,,,,,,,,,,,,,,,,,,,,,,,,,,,,,,,,,,,,,,,,,,,,,,,,,,,,,,,,,,,,,,,,,,,,,,,,,,,
combined_motor1_70_restore-B_best-existing_no_integral,B_best,combined_motor1_70_restore,existing_no_integral,existing,no_integral,True,60.0,horizon,tail_18_20,True,False,,,,,,,,,,,,,,,,,,,,,,,,,,,,,,,,,,,,,,,,,,,,,,,,,,,,,,,,,,,,,,,,,,,,,,,,,,,,,,,,,,,,,,,,,,,,,,,,,,,,,,,,,,,,,,,,,,,,,,,
combined_motor1_70_restore-B_best-existing_no_integral,B_best,combined_motor1_70_restore,existing_no_integral,existing,no_integral,True,60.0,horizon,pre_second_28_30,True,False,,,,,,,,,,,,,,,,,,,,,,,,,,,,,,,,,,,,,,,,,,,,,,,,,,,,,,,,,,,,,,,,,,,,,,,,,,,,,,,,,,,,,,,,,,,,,,,,,,,,,,,,,,,,,,,,,,,,,,,
combined_motor1_70_restore-B_best-existing_no_integral,B_best,combined_motor1_70_restore,existing_no_integral,existing,no_integral,True,60.0,horizon,tail_58_60,True,False,,,,,,,,,,,,,,,,,,,,,,,,,,,,,,,,,,,,,,,,,,,,,,,,,,,,,,,,,,,,,,,,,,,,,,,,,,,,,,,,,,,,,,,,,,,,,,,,,,,,,,,,,,,,,,,,,,,,,,,
combined_motor1_70_restore-B_best-existing_no_integral,B_best,combined_motor1_70_restore,existing_no_integral,existing,no_integral,True,60.0,horizon,fault_5_30,True,False,,,,,,,,,,,,,,,,,,,,,,,,,,,,,,,,,,,,,,,,,,,,,,,,,,,,,,,,,,,,,,,,,,,,,,,,,,,,,,,,,,,,,,,,,,,,,,,,,,,,,,,,,,,,,,,,,,,,,,,
combined_motor1_70_restore-B_best-existing_no_integral,B_best,combined_motor1_70_restore,existing_no_integral,existing,no_integral,True,60.0,horizon,restore_30_60,True,False,,,,,,,,,,,,,,,,,,,,,,,,,,,,,,,,,,,,,,,,,,,,,,,,,,,,,,,,,,,,,,,,,,,,,,,,,,,,,,,,,,,,,,,,,,,,,,,,,,,,,,,,,,,,,,,,,,,,,,,
combined_motor1_70_restore-B_best-existing_integral_020,B_best,combined_motor1_70_restore,existing_integral_020,existing,integral_020,True,60.0,horizon,full_0_60,False,True,"[0.006911029351391405, -0.0021088827823551983]",0.007225628919720947,0.06945929385484213,0.06908244197716094,0.2012438615057402,-0.003019396995264582,0.003019396995264582,0.013281396368976963,0.012933627924710893,0.079337403210053,0.07071767100465898,-6.938893903907228e-18,2.710505431213761e-19,6000,0.01,60.0,0.04049031451439273,0.019053042119349377,0.28079544011380664,0.056464529787385906,9.904117953924404,2.9682211994330587,-0.024435309192729376,0.08584862101832184,-1.400040087840616,4.918763661367933,[0.29],[0.17],0.29,[0.29],[0.17],0.29,[0.0],[0.0],0.0,[0.0],[0.0],0.0,[0.0],[0.0],0.0,[0.0],[0.0],0.0,[0.0],[0.0],0.0,[0.0],[0.0],0.0,"[-0.07843659840686748, 0.02092832860443609, 0.033153729867822126]",0.277045335309289,0.05326520154668399,every physics interval; dwell = interval count * physics_dt,0.002,"[0.29, 0.0, 0.0, 0.0]","[0.17, 0.0, 0.0, 0.0]",0.29,"[0.0, 0.0, 0.0, 0.0]","[0.0, 0.0, 0.0, 0.0]",0.0,"[0.29, 0.0, 0.0, 0.0]","[0.17, 0.0, 0.0, 0.0]",0.29,"[0.0, 0.0, 0.0, 0.0]","[0.0, 0.0, 0.0, 0.0]",0.0,"[0.0, 0.0, 0.0, 0.0]","[0.0, 0.0, 0.0, 0.0]",0.0,"[0.0, 0.0, 0.0, 0.0]","[0.0, 0.0, 0.0, 0.0]",0.0,"[0.0, 0.0, 0.0, 0.0]","[0.0, 0.0, 0.0, 0.0]",0.0,"[0.0, 0.0, 0.0, 0.0]","[0.0, 0.0, 0.0, 0.0]",0.0,"[0.06987618470466526, 0.07820530516746009, 0.06499301279501729, 0.09312498510297601]","[0.0, 0.0627952633450174, 0.04174302136906424, 0.04099377859428116]","[0.43869444157575, 0.4644160849226227, 0.4231032856121335, 0.5082549129120177]","[0.21814922562016836, 0.373203933118063, 0.3201304191974047, 0.3182685390956769]","[0.00014663170995174446, 0.07902688713747656, 0.0666164026988349, 0.053463789245119825]","[0.2, 0.2, 0.2, 0.2]","[0.2, 0.2, 0.2, 0.2]","[0.13999999999999999, 0.2, 0.2, 0.2]","[0.2, 0.2, 0.2, 0.2]","[0.0031124250163796804, 0.0015475057887768284, 0.0028205637943037576, 0.0018014529177887055]","[0.7611349224175077, 0.7426415253713818]","[7.627600204498932, 6.562532249734373]",30000,"body origin, body frame; no gravity/external torque","[0.0012654743287615897, 0.0012653399719764508, 0.00021261261043654958]",0.0018021416824305517,0.003964641289468873,0.03579336876036186,0.07874251780596997,"[0.00020628230098510838, 0.00019823116416045614, 1.7553475984655766e-05]",0.0002866288657188443,0.004816641845902965,0.003910921219716217,0.0854030882829383,"[0.001283306753444417, 0.0012823521243426094, 0.000213689573440107]",0.0018267365513502816,0.005472621361896476,0.036103634788602845,0.1627057687703145,"[0.0012654745525226654, 0.0012654745525225945, 0.00021261261043654958]",0.0018022363353016003,0.003964774248357645,0.03579336876036186,0.07874251780596997,"[3.1621600682286205e-08, 2.1035391163299778e-07, 1.5137471126984562e-19]",2.1271740354050193e-07,7.011786617731441e-07,0.0,0.0,
combined_motor1_70_restore-B_best-existing_integral_020,B_best,combined_motor1_70_restore,existing_integral_020,existing,integral_020,True,60.0,horizon,pre_3_5,False,True,"[0.044580836636317615, -0.015791217595859285]",0.047294963245083664,0.04767760090756038,0.006028273380230048,0.056991954211342837,-0.014616214664060179,0.014616214664060179,0.014792062318589875,0.002274066078890098,0.018767670919088597,0.04991952259324651,-2.1480755542369057e-18,6.606856988583543e-20,200,3.0100000000000002,5.0,0.010142699997622268,0.003972178439965969,0.18101305831218195,0.05537480053812305,0.17689484360443392,0.03155890545634013,0.01857113786108638,0.01879210173042186,1.0640478201958605,1.0767081173336637,[0.0],[0.0],0.0,[0.0],[0.0],0.0,[0.0],[0.0],0.0,[0.0],[0.0],0.0,[0.0],[0.0],0.0,[0.0],[0.0],0.0,[0.0],[0.0],0.0,[0.0],[0.0],0.0,"[-0.04960915086576503, 0.012501384048377145, 0.021431324507415576]",0.05116006697363925,0.021431324507415576,every physics interval; dwell = interval count * physics_dt,0.002,"[0.0, 0.0, 0.0, 0.0]","[0.0, 0.0, 0.0, 0.0]",0.0,"[0.0, 0.0, 0.0, 0.0]","[0.0, 0.0, 0.0, 0.0]",0.0,"[0.0, 0.0, 0.0, 0.0]","[0.0, 0.0, 0.0, 0.0]",0.0,"[0.0, 0.0, 0.0, 0.0]","[0.0, 0.0, 0.0, 0.0]",0.0,"[0.0, 0.0, 0.0, 0.0]","[0.0, 0.0, 0.0, 0.0]",0.0,"[0.0, 0.0, 0.0, 0.0]","[0.0, 0.0, 0.0, 0.0]",0.0,"[0.0, 0.0, 0.0, 0.0]","[0.0, 0.0, 0.0, 0.0]",0.0,"[0.0, 0.0, 0.0, 0.0]","[0.0, 0.0, 0.0, 0.0]",0.0,"[0.1288861726312932, 0.10805217567230783, 0.10806562542942749, 0.12889323928392807]","[0.07069717897597141, 0.0914642502995202, 0.09147316542531887, 0.070752253223785]","[0.6053315938819959, 0.5499001947040845, 0.5499368980221839, 0.6053499697681248]","[0.39358539958185, 0.4487810111626419, 0.4488053087197069, 0.3937285054137438]","[0.07074881851888581, 0.09154043243750062, 0.09153097717620587, 0.0707802392366641]","[0.2, 0.2, 0.2, 0.2]","[0.2, 0.2, 0.2, 0.2]","[0.2, 0.2, 0.2, 0.2]","[0.2, 0.2, 0.2, 0.2]","[4.527139009972404e-05, 4.7438612588018346e-05, 4.290591707506726e-05, 3.5072896984553744e-05]","[0.029265938357967536, 0.07870804777431865]","[0.07385167382578632, 0.1710038955432123]",1000,"body origin, body frame; no gravity/external torque","[1.4540863231823308e-10, 2.080294668924207e-07, 2.4051953240378e-19]",2.0802951771134577e-07,2.102442898382359e-07,4.6938937529294354e-17,5.551115123125783e-17,"[8.628575739146083e-07, 3.5895021511509603e-06, 1.706481884928239e-07]",3.6956961036068775e-06,1.4633403766506429e-05,0.0001332594682986944,0.00038284400956301035,"[8.627333585640039e-07, 3.5950468368211696e-06, 1.7064818849284776e-07]",3.70105274363294e-06,1.4711516845222016e-05,0.00013325946829868788,0.00038284400956295483,"[8.099782270620856e-17, 2.3982689295768007e-18, 2.583163001257119e-19]",8.103373189182319e-17,8.307348885940491e-17,4.6938937529294354e-17,5.551115123125783e-17,"[1.4540863025073384e-10, 2.0802946689475292e-07, 1.486583122313011e-19]",2.0802951771367652e-07,2.1024428984148208e-07,0.0,0.0,
combined_motor1_70_restore-B_best-existing_integral_020,B_best,combined_motor1_70_restore,existing_integral_020,existing,integral_020,True,60.0,horizon,tail_18_20,False,True,"[0.006380692853730113, -0.009056398634867475]",0.011078429379983067,0.011205483764441072,0.0016826374736943065,0.014229993401591194,-0.0026974945368639226,0.0026974945368639226,0.0027067141186904935,0.00022321412121042305,0.0030911244026275986,0.011527756404238898,1.1689054672109345e-19,3.9903192749558055e-21,200,18.01,20.0,0.0029550868817405963,0.00038635118010867656,0.04187271464747851,0.010440813519416302,0.005800389050687069,3.5042298842819124e-05,-0.08222797124325719,0.0822388674657465,-4.711315710161737,4.711940017723011,[0.0],[0.0],0.0,[0.0],[0.0],0.0,[0.0],[0.0],0.0,[0.0],[0.0],0.0,[0.0],[0.0],0.0,[0.0],[0.0],0.0,[0.0],[0.0],0.0,[0.0],[0.0],0.0,"[-0.1723954000888031, 0.20922152111493342, 0.05101755282335126]",0.2710974342730396,0.05101755282335126,every physics interval; dwell = interval count * physics_dt,0.002,"[0.0, 0.0, 0.0, 0.0]","[0.0, 0.0, 0.0, 0.0]",0.0,"[0.0, 0.0, 0.0, 0.0]","[0.0, 0.0, 0.0, 0.0]",0.0,"[0.0, 0.0, 0.0, 0.0]","[0.0, 0.0, 0.0, 0.0]",0.0,"[0.0, 0.0, 0.0, 0.0]","[0.0, 0.0, 0.0, 0.0]",0.0,"[0.0, 0.0, 0.0, 0.0]","[0.0, 0.0, 0.0, 0.0]",0.0,"[0.0, 0.0, 0.0, 0.0]","[0.0, 0.0, 0.0, 0.0]",0.0,"[0.0, 0.0, 0.0, 0.0]","[0.0, 0.0, 0.0, 0.0]",0.0,"[0.0, 0.0, 0.0, 0.0]","[0.0, 0.0, 0.0, 0.0]",0.0,"[0.18437854960282657, 0.1082576439021811, 0.10825765248048426, 0.1290649726854355]","[0.015621137444253808, 0.09174215933523754, 0.09174214702168734, 0.07093479014847193]","[0.7440106923036183, 0.5504607549786844, 0.5504607783755661, 0.6057964617018637]","[0.255988546841034, 0.4495387083616379, 0.44953867477708365, 0.39420292179016114]","[0.01093479952178028, 0.09174217161785593, 0.09174215072400976, 0.07093480024248894]","[0.2, 0.2, 0.2, 0.2]","[0.2, 0.2, 0.2, 0.2]","[0.13999999999999999, 0.2, 0.2, 0.2]","[0.13999999999999999, 0.2, 0.2, 0.2]","[1.0941268152904988e-08, 9.522490431991637e-09, 1.0112270149962389e-08, 1.0303933718986094e-08]","[0.0038032093864780194, 0.0024774668409473333]","[0.004903512566488143, 0.0030983991664209408]",1000,"body origin, body frame; no gravity/external torque","[0.001955612621210462, 0.0019554045477203777, 0.000328562833258384]",0.002784956230335041,0.0027849587717059146,0.05531360829265716,0.05531365876672384,"[4.402221383168578e-10, 4.398146674963335e-10, 3.3628064077278016e-11]",6.231880290111184e-10,1.421391546495419e-09,3.30046549393247e-08,8.695093123289865e-08,"[0.001955612618336019, 0.0019554044981956948, 0.00032856283017661437]",0.002784956193180187,0.002784959384766161,0.05531359149708199,0.05531371286605946,"[0.001955612621187001, 0.0019556126211868947, 0.000328562833258384]",0.0027851023291236817,0.0027851048705496546,0.05531360829265716,0.05531365876672384,"[8.177408104953839e-14, 2.080734665194167e-07, 1.4944695602662324e-19]",2.0807346651943296e-07,2.0807377281824567e-07,0.0,0.0,
combined_motor1_70_restore-B_best-existing_integral_020,B_best,combined_motor1_70_restore,existing_integral_020,existing,integral_020,True,60.0,horizon,pre_second_28_30,False,True,"[0.0005638110159999078, -0.0005590961753292665]",0.0007940222887492909,0.000803194753079123,0.00012103890425466952,0.001020639879075706,-0.0004779686233240571,0.0004779686233240571,0.0004808895736042801,5.2922368796303743e-05,0.0005746390373083665,0.0009361498776238447,-3.474158572722716e-23,-3.226004388956808e-23,200,28.01,30.0,0.0002125983267155568,9.22460561529119e-05,0.0030007753331418394,0.001831314753948518,0.0004163746496259217,2.226252455840836e-06,-0.08225607959833571,0.0822564098792617,-4.712926200276792,4.712945123979905,[0.0],[0.0],0.0,[0.0],[0.0],0.0,[0.0],[0.0],0.0,[0.0],[0.0],0.0,[0.0],[0.0],0.0,[0.0],[0.0],0.0,[0.0],[0.0],0.0,[0.0],[0.0],0.0,"[-0.17614540247456922, 0.2138301096446778, 0.053263383371650895]",0.27703883952179503,0.053263383371650895,every physics interval; dwell = interval count * physics_dt,0.002,"[0.0, 0.0, 0.0, 0.0]","[0.0, 0.0, 0.0, 0.0]",0.0,"[0.0, 0.0, 0.0, 0.0]","[0.0, 0.0, 0.0, 0.0]",0.0,"[0.0, 0.0, 0.0, 0.0]","[0.0, 0.0, 0.0, 0.0]",0.0,"[0.0, 0.0, 0.0, 0.0]","[0.0, 0.0, 0.0, 0.0]",0.0,"[0.0, 0.0, 0.0, 0.0]","[0.0, 0.0, 0.0, 0.0]",0.0,"[0.0, 0.0, 0.0, 0.0]","[0.0, 0.0, 0.0, 0.0]",0.0,"[0.0, 0.0, 0.0, 0.0]","[0.0, 0.0, 0.0, 0.0]",0.0,"[0.0, 0.0, 0.0, 0.0]","[0.0, 0.0, 0.0, 0.0]",0.0,"[0.1843788688025757, 0.1082578361988566, 0.1082578308133758, 0.1290652057118377]","[0.015621014482480489, 0.09174207470746551, 0.09174206569369928, 0.07093470348814862]","[0.74401146834634, 0.5504612794578387, 0.550461264769225, 0.6057970674488085]","[0.2559882478947525, 0.44953847754389564, 0.44953845295933004, 0.39420269651865036]","[0.01093471647998201, 0.09174209316616419, 0.09174209035988823, 0.07093471673162216]","[0.2, 0.2, 0.2, 0.2]","[0.2, 0.2, 0.2, 0.2]","[0.13999999999999999, 0.2, 0.2, 0.2]","[0.13999999999999999, 0.2, 0.2, 0.2]","[6.0671052036935875e-09, 6.467660681128525e-09, 8.122686649285545e-09, 5.3421946605224645e-09]","[0.00024423819026653574, 0.000218748042469264]","[0.00031362291380949774, 0.0002738766225429459]",1000,"body origin, body frame; no gravity/external torque","[0.001955615103136578, 0.0019554070293887134, 0.00032856325025104583]",0.0027849597648106545,0.0027849606288556693,0.055313678493442056,0.0553136956552559,"[3.5010873387264345e-10, 4.842836319832801e-10, 2.841757578601611e-11]",5.982594089142071e-10,1.8356744773429249e-09,1.7579540961719086e-08,5.875390746146181e-08,"[0.001955615102431349, 0.0019554070380523978, 0.00032856324996584526]",0.0027849597703648327,0.0027849618184525417,0.05531368478673347,0.05531375085659368,"[0.0019556151031357516, 0.001955615103135645, 0.00032856325025104605]",0.0027851058638120804,0.0027851067279286885,0.055313678493442056,0.0553136956552559,"[5.4176639168736914e-14, 2.0807374693392274e-07, 1.7005046612764187e-19]",2.080737469339295e-07,2.0807402599066948e-07,0.0,0.0,
combined_motor1_70_restore-B_best-existing_integral_020,B_best,combined_motor1_70_restore,existing_integral_020,existing,integral_020,True,60.0,horizon,tail_58_60,False,True,"[-0.00013621081258047296, 0.000141419452818165]",0.00019634878940095844,0.0001986552283990612,3.0183649068017102e-05,0.0002529080951244284,0.00014363149196313873,0.00014363149196313873,0.00014455941143502813,1.6352918726775915e-05,0.0001735852650222025,0.00024568541512414794,3.143286327701505e-23,2.0472720160687435e-23,200,58.01,60.0,5.302406116316303e-05,2.852290747900589e-05,0.000741726096095924,0.0005497151856246179,0.0001045689749158334,8.080980401188948e-07,0.018398467604412164,0.018398672238969672,1.0541545432409873,1.054166267937475,[0.0],[0.0],0.0,[0.0],[0.0],0.0,[0.0],[0.0],0.0,[0.0],[0.0],0.0,[0.0],[0.0],0.0,[0.0],[0.0],0.0,[0.0],[0.0],0.0,[0.0],[0.0],0.0,"[-0.07843659840686748, 0.02092832860443609, 0.033153729867822126]",0.08124760940826309,0.033210948127649596,every physics interval; dwell = interval count * physics_dt,0.002,"[0.0, 0.0, 0.0, 0.0]","[0.0, 0.0, 0.0, 0.0]",0.0,"[0.0, 0.0, 0.0, 0.0]","[0.0, 0.0, 0.0, 0.0]",0.0,"[0.0, 0.0, 0.0, 0.0]","[0.0, 0.0, 0.0, 0.0]",0.0,"[0.0, 0.0, 0.0, 0.0]","[0.0, 0.0, 0.0, 0.0]",0.0,"[0.0, 0.0, 0.0, 0.0]","[0.0, 0.0, 0.0, 0.0]",0.0,"[0.0, 0.0, 0.0, 0.0]","[0.0, 0.0, 0.0, 0.0]",0.0,"[0.0, 0.0, 0.0, 0.0]","[0.0, 0.0, 0.0, 0.0]",0.0,"[0.0, 0.0, 0.0, 0.0]","[0.0, 0.0, 0.0, 0.0]",0.0,"[0.12906551194546612, 0.10825809494475255, 0.1082580913950663, 0.12906551037459207]","[0.07093444596869672, 0.09174185992453335, 0.09174186217883683, 0.07093444394880707]","[0.6057978634958944, 0.5504619851733444, 0.550461975491767, 0.605797859412444]","[0.39420202710300223, 0.4495378917351125, 0.44953789788360055, 0.394202021852349]","[0.07093445098544227, 0.09174187074992195, 0.09174187359724867, 0.0709344504680775]","[0.2, 0.2, 0.2, 0.2]","[0.2, 0.2, 0.2, 0.2]","[0.2, 0.2, 0.2, 0.2]","[0.2, 0.2, 0.2, 0.2]","[5.822871515037235e-09, 6.415184146188874e-09, 6.272926050819563e-09, 5.4906931669966086e-09]","[6.720590442290128e-05, 4.748406175315872e-05]","[8.639518680178624e-05, 5.891378883324242e-05]",1000,"body origin, body frame; no gravity/external torque","[5.802361010356993e-14, 2.0807420642652592e-07, 2.5234574669317304e-19]",2.0807420642653394e-07,2.080744221685416e-07,4.5775667985222376e-17,5.551115123125783e-17,"[3.7495724043384943e-10, 4.758230679761068e-10, 3.7149919315019097e-11]",6.069436882257483e-10,1.3032290367240768e-09,1.56714055367123e-08,5.977015554714527e-08,"[3.7490318595275494e-10, 2.080879405420509e-07, 3.7149919318068e-11]",2.0808828158151397e-07,2.0927411322064436e-07,1.5671405541938296e-08,5.977015554714527e-08,"[8.106102584841848e-17, 2.4493852428164074e-18, 2.6505399654442337e-19]",8.109845654071851e-17,8.322043849642742e-17,4.5775667985222376e-17,5.551115123125783e-17,"[5.802369639370149e-14, 2.0807420642888602e-07, 1.470683380443598e-19]",2.0807420642889425e-07,2.080744221709268e-07,0.0,0.0,
combined_motor1_70_restore-B_best-existing_integral_020,B_best,combined_motor1_70_restore,existing_integral_020,existing,integral_020,True,60.0,horizon,fault_5_30,False,True,"[0.02619258709864459, -0.04113638752184968]",0.04876734560408094,0.07898902040565829,0.06213703684098277,0.2012438615057402,-0.00697789736439159,0.00697789736439159,0.014899348808209997,0.013164328440172166,0.079337403210053,0.08038193789374708,-1.9949319973733282e-17,-1.6263032587282567e-19,2500,5.01,30.0,0.044504029827882485,0.02201497510298494,0.3187491841821101,0.0634030355280898,9.139044384551937,2.2878916239404834,-0.08060932228129429,0.08584862101832184,-4.6185739561280315,4.918763661367933,[0.29],[0.17],0.29,[0.29],[0.17],0.29,[0.0],[0.0],0.0,[0.0],[0.0],0.0,[0.0],[0.0],0.0,[0.0],[0.0],0.0,[0.0],[0.0],0.0,[0.0],[0.0],0.0,"[-0.17614540247456922, 0.2138301096446778, 0.053263383371650895]",0.27703883952179503,0.053263383371650895,every physics interval; dwell = interval count * physics_dt,0.002,"[0.29, 0.0, 0.0, 0.0]","[0.17, 0.0, 0.0, 0.0]",0.29,"[0.0, 0.0, 0.0, 0.0]","[0.0, 0.0, 0.0, 0.0]",0.0,"[0.29, 0.0, 0.0, 0.0]","[0.17, 0.0, 0.0, 0.0]",0.29,"[0.0, 0.0, 0.0, 0.0]","[0.0, 0.0, 0.0, 0.0]",0.0,"[0.0, 0.0, 0.0, 0.0]","[0.0, 0.0, 0.0, 0.0]",0.0,"[0.0, 0.0, 0.0, 0.0]","[0.0, 0.0, 0.0, 0.0]",0.0,"[0.0, 0.0, 0.0, 0.0]","[0.0, 0.0, 0.0, 0.0]",0.0,"[0.0, 0.0, 0.0, 0.0]","[0.0, 0.0, 0.0, 0.0]",0.0,"[0.12908788535111507, 0.08613920440888126, 0.06499301279501729, 0.09312498510297601]","[0.0, 0.07838079762738667, 0.05693697554605434, 0.0532620324867199]","[0.6058560213521688, 0.488045600340201, 0.4231032856121335, 0.5082549129120177]","[0.21814922562016836, 0.41370545691607086, 0.35827146639562457, 0.34897343141850024]","[0.00014663170995174446, 0.08076943317531617, 0.0799497453658217, 0.0584175135218572]","[0.2, 0.2, 0.2, 0.2]","[0.2, 0.2, 0.2, 0.2]","[0.13999999999999999, 0.2, 0.2, 0.2]","[0.13999999999999999, 0.2, 0.2, 0.2]","[0.002069918648930369, 0.0008754310715942054, 0.0021334098836455367, 0.0014944583382219053]","[0.842572219618141, 0.7786777605384206]","[7.048872116804914, 6.562532249734373]",12500,"body origin, body frame; no gravity/external torque","[0.001960464399619091, 0.0019602562395290403, 0.00032937803976577673]",0.0027918658778434053,0.003964641289468873,0.05545084844541692,0.07874251780596997,"[0.00012823453181516674, 7.657488813685773e-05, 1.0916598749890604e-05]",0.00014975640477553445,0.0028272845722544177,0.004169357668384387,0.0854030882829383,"[0.0019664294878540688, 0.0019642307349296093, 0.0003301082161885088]",0.0027989317149832867,0.005472621361896476,0.05575848527135296,0.1627057687703145,"[0.0019604647467878263, 0.0019604647467877166, 0.0003293780397657767]",0.0027920125250211936,0.003964774248357645,0.05545084844541692,0.07874251780596997,"[1.9042214196427382e-08, 2.0873884075778233e-07, 1.52653201770225e-19]",2.0960560479721153e-07,4.855743178693849e-07,0.0,0.0,
combined_motor1_70_restore-B_best-existing_integral_020,B_best,combined_motor1_70_restore,existing_integral_020,existing,integral_020,True,60.0,horizon,restore_30_60,False,True,"[-0.01628498159313463, 0.03215047056358702]",0.03603960852935016,0.06301734498681724,0.05169460693572135,0.17267073849036393,0.0033517786685674333,0.0033517786685674333,0.008923801384669795,0.008270417819552458,0.05127772625148119,0.06364605251184534,4.336808689942018e-19,2.710505431213761e-20,3000,30.01,60.0,0.03694897050126781,0.015169642148847548,0.25478437169280027,0.038808363373833005,9.904117953924404,2.9682211994330587,0.01575855985929433,0.08170507974063194,0.9028989711418375,4.681356233918057,[0.0],[0.0],0.0,[0.0],[0.0],0.0,[0.0],[0.0],0.0,[0.0],[0.0],0.0,[0.0],[0.0],0.0,[0.0],[0.0],0.0,[0.0],[0.0],0.0,[0.0],[0.0],0.0,"[-0.07843659840686748, 0.02092832860443609, 0.033153729867822126]",0.277045335309289,0.05326520154668399,every physics interval; dwell = interval count * physics_dt,0.002,"[0.0, 0.0, 0.0, 0.0]","[0.0, 0.0, 0.0, 0.0]",0.0,"[0.0, 0.0, 0.0, 0.0]","[0.0, 0.0, 0.0, 0.0]",0.0,"[0.0, 0.0, 0.0, 0.0]","[0.0, 0.0, 0.0, 0.0]",0.0,"[0.0, 0.0, 0.0, 0.0]","[0.0, 0.0, 0.0, 0.0]",0.0,"[0.0, 0.0, 0.0, 0.0]","[0.0, 0.0, 0.0, 0.0]",0.0,"[0.0, 0.0, 0.0, 0.0]","[0.0, 0.0, 0.0, 0.0]",0.0,"[0.0, 0.0, 0.0, 0.0]","[0.0, 0.0, 0.0, 0.0]",0.0,"[0.0, 0.0, 0.0, 0.0]","[0.0, 0.0, 0.0, 0.0]",0.0,"[0.06987618470466526, 0.09436185436971352, 0.07065146631398384, 0.10651029209240494]","[0.015621026436596158, 0.07220243363139103, 0.04174302136906424, 0.04099377859428116]","[0.43869444157575, 0.5117809888740522, 0.4411329627551689, 0.5456835344231353]","[0.2559882769577537, 0.3975022281961138, 0.3201304191974047, 0.3182685390956769]","[0.01562102751320496, 0.07902688713747656, 0.0666164026988349, 0.053463789245119825]","[0.2, 0.2, 0.2, 0.2]","[0.2, 0.2, 0.2, 0.2]","[0.2, 0.2, 0.2, 0.2]","[0.2, 0.2, 0.2, 0.2]","[0.003661349120583928, 0.0010307055960540991, 0.0032989676152142245, 0.0018500412950794194]","[0.7521072050847987, 0.6185292629306731]","[7.627600204498932, 6.3363178621104375]",15000,"body origin, body frame; no gravity/external torque","[4.1035369249844615e-08, 2.0998302105107223e-07, 2.4260051058007647e-19]",2.1395506691641256e-07,7.011786617124618e-07,4.6266693587521464e-17,5.551115123125783e-17,"[0.00026616586841717716, 0.0002047782895402474, 2.1061423750842914e-05]",0.00033648477075154653,0.004816641845902965,0.0035105253550374747,0.05962503334712638,"[0.00026612917669628335, 0.00020475422633323546, 2.1061423750842918e-05]",0.0003364411025139194,0.00481628422147114,0.003510525355037475,0.05962503334712643,"[8.094711261424867e-17, 2.475283030763177e-18, 2.5690209014332933e-19]",8.098535710454267e-17,1.0931017764027419e-16,4.6266693587521464e-17,5.551115123125783e-17,"[4.103536925021683e-08, 2.0998302105339516e-07, 1.4960418590285618e-19]",2.1395506691876297e-07,7.011786617731441e-07,0.0,0.0,
combined_motor1_70_restore-B_best-existing_integral_020,B_best,combined_motor1_70_restore,existing_integral_020,existing,integral_020,True,60.0,horizon,full_0_60,True,False,,,,,,,,,,,,,,,,,,,,,,,,,,,,,,,,,,,,,,,,,,,,,,,,,,,,,,,,,,,,,,,,,,,,,,,,,,,,,,,,,,,,,,,,,,,,,,,,,,,,,,,,,,,,,,,,,,,,,,,
combined_motor1_70_restore-B_best-existing_integral_020,B_best,combined_motor1_70_restore,existing_integral_020,existing,integral_020,True,60.0,horizon,pre_3_5,True,False,,,,,,,,,,,,,,,,,,,,,,,,,,,,,,,,,,,,,,,,,,,,,,,,,,,,,,,,,,,,,,,,,,,,,,,,,,,,,,,,,,,,,,,,,,,,,,,,,,,,,,,,,,,,,,,,,,,,,,,
combined_motor1_70_restore-B_best-existing_integral_020,B_best,combined_motor1_70_restore,existing_integral_020,existing,integral_020,True,60.0,horizon,tail_18_20,True,False,,,,,,,,,,,,,,,,,,,,,,,,,,,,,,,,,,,,,,,,,,,,,,,,,,,,,,,,,,,,,,,,,,,,,,,,,,,,,,,,,,,,,,,,,,,,,,,,,,,,,,,,,,,,,,,,,,,,,,,
combined_motor1_70_restore-B_best-existing_integral_020,B_best,combined_motor1_70_restore,existing_integral_020,existing,integral_020,True,60.0,horizon,pre_second_28_30,True,False,,,,,,,,,,,,,,,,,,,,,,,,,,,,,,,,,,,,,,,,,,,,,,,,,,,,,,,,,,,,,,,,,,,,,,,,,,,,,,,,,,,,,,,,,,,,,,,,,,,,,,,,,,,,,,,,,,,,,,,
combined_motor1_70_restore-B_best-existing_integral_020,B_best,combined_motor1_70_restore,existing_integral_020,existing,integral_020,True,60.0,horizon,tail_58_60,True,False,,,,,,,,,,,,,,,,,,,,,,,,,,,,,,,,,,,,,,,,,,,,,,,,,,,,,,,,,,,,,,,,,,,,,,,,,,,,,,,,,,,,,,,,,,,,,,,,,,,,,,,,,,,,,,,,,,,,,,,
combined_motor1_70_restore-B_best-existing_integral_020,B_best,combined_motor1_70_restore,existing_integral_020,existing,integral_020,True,60.0,horizon,fault_5_30,True,False,,,,,,,,,,,,,,,,,,,,,,,,,,,,,,,,,,,,,,,,,,,,,,,,,,,,,,,,,,,,,,,,,,,,,,,,,,,,,,,,,,,,,,,,,,,,,,,,,,,,,,,,,,,,,,,,,,,,,,,
combined_motor1_70_restore-B_best-existing_integral_020,B_best,combined_motor1_70_restore,existing_integral_020,existing,integral_020,True,60.0,horizon,restore_30_60,True,False,,,,,,,,,,,,,,,,,,,,,,,,,,,,,,,,,,,,,,,,,,,,,,,,,,,,,,,,,,,,,,,,,,,,,,,,,,,,,,,,,,,,,,,,,,,,,,,,,,,,,,,,,,,,,,,,,,,,,,,
combined_motor1_70_restore-B_best-oracle_no_integral,B_best,combined_motor1_70_restore,oracle_no_integral,oracle,no_integral,True,60.0,horizon,full_0_60,False,True,"[0.07772571062521189, -0.02056032955578096]",0.08039908733086773,0.08076646818280431,0.007694747499914544,0.11340074244906537,-0.03308596717544036,0.03308596717544036,0.0331753640157422,0.002433835171634169,0.0514412214450467,0.08731453006402166,3.74049749507499e-18,2.117582368135751e-18,6000,0.01,60.0,0.018678551598212422,0.00976557586169748,0.3242861513597628,0.13333637292764605,5.100002527422425,2.0152417363743402,0.017668448742427054,0.028547303703587792,1.012327543484297,1.6356400186937645,[0.0],[0.0],0.0,[0.27],[0.19],0.27,[0.0],[0.0],0.0,[0.0],[0.0],0.0,[0.0],[0.0],0.0,[0.0],[0.0],0.0,[0.0],[0.0],0.0,[0.0],[0.0],0.0,"[0.0, 0.0, 0.0]",0.0,0.0,every physics interval; dwell = interval count * physics_dt,0.002,"[0.27, 0.0, 0.0, 0.0]","[0.19, 0.0, 0.0, 0.0]",0.27,"[0.0, 0.0, 0.0, 0.0]","[0.0, 0.0, 0.0, 0.0]",0.0,"[0.27, 0.0, 0.0, 0.0]","[0.19, 0.0, 0.0, 0.0]",0.27,"[0.0, 0.0, 0.0, 0.0]","[0.0, 0.0, 0.0, 0.0]",0.0,"[0.0, 0.0, 0.0, 0.0]","[0.0, 0.0, 0.0, 0.0]",0.0,"[0.0, 0.0, 0.0, 0.0]","[0.0, 0.0, 0.0, 0.0]",0.0,"[0.0, 0.0, 0.0, 0.0]","[0.0, 0.0, 0.0, 0.0]",0.0,"[0.0, 0.0, 0.0, 0.0]","[0.0, 0.0, 0.0, 0.0]",0.0,"[0.05891939901791005, 0.07820461516263547, 0.060145334612547646, 0.09741215196298894]","[0.0, 0.0628126597315258, 0.04048133812556698, 0.0468971604838804]","[0.4030947557943446, 0.4644139951539059, 0.4071931871069141, 0.5204146390125826]","[0.21814922562016836, 0.37324849006192085, 0.316996025757162, 0.33298338152819285]","[0.0009783169095609057, 0.08016912632588799, 0.06909700798514026, 0.06109753577225946]","[0.2, 0.2, 0.2, 0.2]","[0.2, 0.2, 0.2, 0.2]","[0.13999999999999999, 0.2, 0.2, 0.2]","[0.2, 0.2, 0.2, 0.2]","[0.003329590495314414, 0.0014784646826592031, 0.0028192598383104065, 0.0015681569119191335]","[0.40406551836083, 0.5229266189094552]","[3.727243923721388, 4.408711044959442]",30000,"body origin, body frame; no gravity/external torque","[6.099627266804348e-05, 6.098553109416133e-05, 1.0248573039282652e-05]",8.686088608558759e-05,0.0023692436993608896,0.001725348996512278,0.047060206232980295,"[0.0001993041316239621, 0.00020487074888876912, 1.7855752312112405e-05]",0.0002863790993128989,0.005166186078337924,0.003837613717330993,0.07659879167842903,"[0.00021209738162676257, 0.00021846901479250302, 2.268922494131235e-05]",0.00030533393300741696,0.005165770484809699,0.00454428573781174,0.09544832912769857,"[6.099971377168719e-05, 6.099971377168737e-05, 1.0248573039282659e-05]",8.687326061451283e-05,0.0023695342617144604,0.001725348996512278,0.047060206232980295,"[2.996711764420368e-08, 2.1041152855974346e-07, 1.5541071583032899e-19]",2.1253479595292058e-07,6.642348988875698e-07,0.0,0.0,
combined_motor1_70_restore-B_best-oracle_no_integral,B_best,combined_motor1_70_restore,oracle_no_integral,oracle,no_integral,True,60.0,horizon,pre_3_5,False,True,"[0.07820747874156178, -0.01998971255326111]",0.08072173399446919,0.08072401181929931,0.0006064199275538613,0.0811448166840058,-0.03348917534858622,0.03348917534858622,0.033490892475565144,0.0003391360811110443,0.034161089858824045,0.08739568618079636,-3.2558358305679203e-18,-8.181808874884507e-20,200,3.0100000000000002,5.0,0.0027714006723194976,0.0011793905833857846,0.3238557224091684,0.13365294898096294,0.18475033770569355,0.03247471100922482,0.018119282906911255,0.018315140994943583,1.0381584383695486,1.0493802801973027,[0.0],[0.0],0.0,[0.0],[0.0],0.0,[0.0],[0.0],0.0,[0.0],[0.0],0.0,[0.0],[0.0],0.0,[0.0],[0.0],0.0,[0.0],[0.0],0.0,[0.0],[0.0],0.0,"[0.0, 0.0, 0.0]",0.0,0.0,every physics interval; dwell = interval count * physics_dt,0.002,"[0.0, 0.0, 0.0, 0.0]","[0.0, 0.0, 0.0, 0.0]",0.0,"[0.0, 0.0, 0.0, 0.0]","[0.0, 0.0, 0.0, 0.0]",0.0,"[0.0, 0.0, 0.0, 0.0]","[0.0, 0.0, 0.0, 0.0]",0.0,"[0.0, 0.0, 0.0, 0.0]","[0.0, 0.0, 0.0, 0.0]",0.0,"[0.0, 0.0, 0.0, 0.0]","[0.0, 0.0, 0.0, 0.0]",0.0,"[0.0, 0.0, 0.0, 0.0]","[0.0, 0.0, 0.0, 0.0]",0.0,"[0.0, 0.0, 0.0, 0.0]","[0.0, 0.0, 0.0, 0.0]",0.0,"[0.0, 0.0, 0.0, 0.0]","[0.0, 0.0, 0.0, 0.0]",0.0,"[0.12890143248580047, 0.10808421286715589, 0.1080808174011904, 0.12891193046626867]","[0.07066873453180372, 0.091444236106819, 0.09145128759663951, 0.07072734412989701]","[0.60537127477781, 0.5499876194533931, 0.549978354091489, 0.6053985724692877]","[0.39351149505389804, 0.4487264659975788, 0.4487456832578339, 0.3936637793209391]","[0.07072720180651121, 0.09151843511827254, 0.0915075724314851, 0.0707632090722454]","[0.2, 0.2, 0.2, 0.2]","[0.2, 0.2, 0.2, 0.2]","[0.2, 0.2, 0.2, 0.2]","[0.2, 0.2, 0.2, 0.2]","[4.538548043310042e-05, 4.7092521248456896e-05, 4.2794357209235665e-05, 3.453163899815069e-05]","[0.0265127470832866, 0.08084048364578515]","[0.06738451493286557, 0.18340427558041336]",1000,"body origin, body frame; no gravity/external torque","[1.4251062603695103e-10, 2.0805445088209644e-07, 2.3705192348898724e-19]",2.0805449968969457e-07,2.102667325917275e-07,4.759089844286814e-17,5.551115123125783e-17,"[8.457421964979922e-07, 3.5849221695563452e-06, 1.716159325946807e-07]",3.6873295015545012e-06,1.454511266878732e-05,0.00013236289033864143,0.0003777330568698889,"[8.456206485147863e-07, 3.5904371444641508e-06, 1.7161593259468583e-07]",3.6926636995349e-06,1.4750814738035702e-05,0.00013236289033863945,0.0003777330568698334,"[8.090841889260484e-17, 2.422263920941392e-18, 2.683629452023919e-19]",8.09451149166784e-17,8.324296035462311e-17,4.759089844286814e-17,5.551115123125783e-17,"[1.4251062475330706e-10, 2.08054450884444e-07, 1.5934452603638887e-19]",2.0805449969204093e-07,2.1026673259411263e-07,0.0,0.0,
combined_motor1_70_restore-B_best-oracle_no_integral,B_best,combined_motor1_70_restore,oracle_no_integral,oracle,no_integral,True,60.0,horizon,tail_18_20,False,True,"[0.0783524043107936, -0.02085587573929113]",0.08108061922638986,0.08108061923082055,8.476401281265039e-07,0.08108088446849634,-0.03303956420177898,0.03303956420177898,0.03303956420195717,1.0851234392555074e-07,0.03303978755032977,0.08755386694777426,-6.017530241852623e-18,-4.931910244316843e-19,200,18.01,20.0,4.60044231102188e-06,6.086779956443427e-07,0.3243226086044819,0.1321581761821153,0.00041425357740995926,3.679756732681737e-05,0.01839674544566764,0.018397511400410512,1.0540558708132746,1.0540997567873391,[0.0],[0.0],0.0,[0.0],[0.0],0.0,[0.0],[0.0],0.0,[0.0],[0.0],0.0,[0.0],[0.0],0.0,[0.0],[0.0],0.0,[0.0],[0.0],0.0,[0.0],[0.0],0.0,"[0.0, 0.0, 0.0]",0.0,0.0,every physics interval; dwell = interval count * physics_dt,0.002,"[0.0, 0.0, 0.0, 0.0]","[0.0, 0.0, 0.0, 0.0]",0.0,"[0.0, 0.0, 0.0, 0.0]","[0.0, 0.0, 0.0, 0.0]",0.0,"[0.0, 0.0, 0.0, 0.0]","[0.0, 0.0, 0.0, 0.0]",0.0,"[0.0, 0.0, 0.0, 0.0]","[0.0, 0.0, 0.0, 0.0]",0.0,"[0.0, 0.0, 0.0, 0.0]","[0.0, 0.0, 0.0, 0.0]",0.0,"[0.0, 0.0, 0.0, 0.0]","[0.0, 0.0, 0.0, 0.0]",0.0,"[0.0, 0.0, 0.0, 0.0]","[0.0, 0.0, 0.0, 0.0]",0.0,"[0.0, 0.0, 0.0, 0.0]","[0.0, 0.0, 0.0, 0.0]",0.0,"[0.1843791469769334, 0.10825798191632338, 0.10825798376936765, 0.1290652903975958]","[0.015620638774077794, 0.09174185457338582, 0.0917418503536722, 0.07093429263185566]","[0.7440121446474648, 0.5504616768944479, 0.5504616819485249, 0.6057972875874863]","[0.25598733446767674, 0.4495378771401539, 0.4495378656311164, 0.394201628507716]","[0.010934456715125246, 0.09174186361070041, 0.09174186176671137, 0.0709343056508028]","[0.2, 0.2, 0.2, 0.2]","[0.2, 0.2, 0.2, 0.2]","[0.13999999999999999, 0.2, 0.2, 0.2]","[0.13999999999999999, 0.2, 0.2, 0.2]","[1.5877171887015684e-08, 1.2079372234225545e-08, 1.2325516629483965e-08, 2.8897822331943508e-08]","[0.00015993088851376592, 8.096300080886531e-05]","[0.0003710536154389228, 0.00018557845660039697]",1000,"body origin, body frame; no gravity/external torque","[3.3714058510121626e-13, 2.0807409215498594e-07, 5.75024128521161e-18]",2.0807409215525926e-07,2.0807476996439545e-07,6.855121490028353e-17,1.6653345369377348e-16,"[7.553815542921064e-10, 6.748712858752952e-10, 1.296117298209345e-10]",1.021201128853131e-09,2.364067740651535e-09,6.106550436695663e-08,1.564021145372685e-07,"[7.553477834802595e-10, 2.0817713384845578e-07, 1.2961172891233448e-10]",2.0817854454009464e-07,2.0988207296806352e-07,6.106550437341862e-08,1.5640211459277964e-07,"[8.204839197572233e-17, 7.666517375275981e-17, 5.746565689790843e-18]",1.1243891901636947e-16,1.147231658529089e-16,6.855121490028353e-17,1.6653345369377348e-16,"[3.3713776293949684e-13, 2.0807409207832416e-07, 1.6514075493068653e-19]",2.080740920785975e-07,2.0807476988611632e-07,0.0,0.0,
combined_motor1_70_restore-B_best-oracle_no_integral,B_best,combined_motor1_70_restore,oracle_no_integral,oracle,no_integral,True,60.0,horizon,pre_second_28_30,False,True,"[0.07835244848632936, -0.02085582055327365]",0.08108064772036079,0.08108064772036101,5.592353918450646e-09,0.08108065170619919,-0.03303955305080322,0.03303955305080322,0.033039553050803215,3.3827856041579685e-10,0.03303955394493652,0.08755388912292887,4.287408908314254e-18,-3.3127281893408484e-19,200,28.01,30.0,3.2554668477719776e-08,4.370588074933467e-09,0.32432259041165684,0.13215821144088383,2.091309789151873e-06,4.943399490160097e-07,0.018396740897135434,0.018396745785790234,1.0540556102015761,1.0540558903008637,[0.0],[0.0],0.0,[0.0],[0.0],0.0,[0.0],[0.0],0.0,[0.0],[0.0],0.0,[0.0],[0.0],0.0,[0.0],[0.0],0.0,[0.0],[0.0],0.0,[0.0],[0.0],0.0,"[0.0, 0.0, 0.0]",0.0,0.0,every physics interval; dwell = interval count * physics_dt,0.002,"[0.0, 0.0, 0.0, 0.0]","[0.0, 0.0, 0.0, 0.0]",0.0,"[0.0, 0.0, 0.0, 0.0]","[0.0, 0.0, 0.0, 0.0]",0.0,"[0.0, 0.0, 0.0, 0.0]","[0.0, 0.0, 0.0, 0.0]",0.0,"[0.0, 0.0, 0.0, 0.0]","[0.0, 0.0, 0.0, 0.0]",0.0,"[0.0, 0.0, 0.0, 0.0]","[0.0, 0.0, 0.0, 0.0]",0.0,"[0.0, 0.0, 0.0, 0.0]","[0.0, 0.0, 0.0, 0.0]",0.0,"[0.0, 0.0, 0.0, 0.0]","[0.0, 0.0, 0.0, 0.0]",0.0,"[0.0, 0.0, 0.0, 0.0]","[0.0, 0.0, 0.0, 0.0]",0.0,"[0.1843792172267145, 0.10825804019752978, 0.10825803698954445, 0.12906544960289063]","[0.015620741456162268, 0.09174192942546446, 0.09174192428244929, 0.070934517401188]","[0.7440123154396293, 0.5504618358532812, 0.5504618271036757, 0.60579770143788]","[0.25598758410965383, 0.44953808129509143, 0.4495380672677981, 0.39420221279001866]","[0.010934530256359931, 0.09174193862441463, 0.09174193763904716, 0.07093452828681229]","[0.2, 0.2, 0.2, 0.2]","[0.2, 0.2, 0.2, 0.2]","[0.13999999999999999, 0.2, 0.2, 0.2]","[0.13999999999999999, 0.2, 0.2, 0.2]","[7.503399553733688e-09, 5.034207077490508e-09, 6.8477872210547066e-09, 5.52899718049717e-09]","[8.657945310428919e-07, 7.869270104061873e-07]","[1.6819993659325768e-06, 1.5425965561747802e-06]",1000,"body origin, body frame; no gravity/external torque","[6.331435718853477e-14, 2.08074093656374e-07, 5.766096764211996e-18]",2.0807409365638333e-07,2.080743116094103e-07,6.821324464969807e-17,1.1102230246251565e-16,"[4.0914530534578704e-10, 4.6633224539951e-10, 2.2927309503486585e-11]",6.207989251818295e-10,1.4862331343043886e-09,1.4101822490389054e-08,4.404506098731886e-08,"[4.090862623604731e-10, 2.0808321017363542e-07, 2.2927309567451842e-11]",2.0808361356290604e-07,2.0918357519373668e-07,1.4101822486956693e-08,4.404506087629656e-08,"[8.208105317714116e-17, 7.675965931382227e-17, 5.770674527687902e-18]",1.125284198464871e-16,1.1453229303076895e-16,6.821324464969807e-17,1.1102230246251565e-16,"[6.331466444771706e-14, 2.0807409357961788e-07, 1.5023145987371593e-19]",2.0807409357962727e-07,2.0807431153351612e-07,0.0,0.0,
combined_motor1_70_restore-B_best-oracle_no_integral,B_best,combined_motor1_70_restore,oracle_no_integral,oracle,no_integral,True,60.0,horizon,tail_58_60,False,True,"[0.07835244987936016, -0.02085582008863949]",0.08108064894700427,0.08108064894700454,6.438347791161996e-09,0.08108065438696757,-0.03303955340681641,0.03303955340681641,0.03303955340681642,1.0867234326798842e-09,0.03303955626958066,0.08755389039322731,1.0484028814712221e-18,-5.30446515644248e-19,200,58.01,60.0,3.8651263636242195e-08,9.042326698491301e-09,0.3243225962608641,0.13215821455257273,1.9090959104164224e-06,4.169574663654751e-07,0.018396740346731957,0.018396743653380277,1.05405557866578,1.054055768122773,[0.0],[0.0],0.0,[0.0],[0.0],0.0,[0.0],[0.0],0.0,[0.0],[0.0],0.0,[0.0],[0.0],0.0,[0.0],[0.0],0.0,[0.0],[0.0],0.0,[0.0],[0.0],0.0,"[0.0, 0.0, 0.0]",0.0,0.0,every physics interval; dwell = interval count * physics_dt,0.002,"[0.0, 0.0, 0.0, 0.0]","[0.0, 0.0, 0.0, 0.0]",0.0,"[0.0, 0.0, 0.0, 0.0]","[0.0, 0.0, 0.0, 0.0]",0.0,"[0.0, 0.0, 0.0, 0.0]","[0.0, 0.0, 0.0, 0.0]",0.0,"[0.0, 0.0, 0.0, 0.0]","[0.0, 0.0, 0.0, 0.0]",0.0,"[0.0, 0.0, 0.0, 0.0]","[0.0, 0.0, 0.0, 0.0]",0.0,"[0.0, 0.0, 0.0, 0.0]","[0.0, 0.0, 0.0, 0.0]",0.0,"[0.0, 0.0, 0.0, 0.0]","[0.0, 0.0, 0.0, 0.0]",0.0,"[0.0, 0.0, 0.0, 0.0]","[0.0, 0.0, 0.0, 0.0]",0.0,"[0.12906545397460345, 0.10825804406412079, 0.10825804284126887, 0.12906545171050954]","[0.070934523933636, 0.09174193670376986, 0.09174193275562349, 0.07093452570840669]","[0.6057977128020404, 0.5504618463991978, 0.550461843063935, 0.6057977069165835]","[0.3942022297709613, 0.4495381011462719, 0.44953809037791626, 0.3942022343844327]","[0.07093452989866078, 0.09174194112203396, 0.0917419401975097, 0.07093453108801226]","[0.2, 0.2, 0.2, 0.2]","[0.2, 0.2, 0.2, 0.2]","[0.2, 0.2, 0.2, 0.2]","[0.2, 0.2, 0.2, 0.2]","[3.7132650662247317e-09, 3.2685939792526255e-09, 4.353252393132736e-09, 3.7783732823894016e-09]","[8.989615696434659e-07, 9.298779307295848e-07]","[1.4385931522436264e-06, 1.6684049030770886e-06]",1000,"body origin, body frame; no gravity/external torque","[3.479639643035206e-14, 2.0807409499976054e-07, 2.361279827524053e-19]",2.0807409499976327e-07,2.0807421670073374e-07,4.775249788392736e-17,5.551115123125783e-17,"[2.2734219528065803e-10, 2.1319960589328638e-10, 2.169018645330386e-11]",3.124244066913796e-10,7.85691925934987e-10,1.1822507229779221e-08,2.9732737938381604e-08,"[2.2730938091363677e-10, 2.0807654543192829e-07, 2.1690186441138667e-11]",2.0807667072236665e-07,2.0874763419565633e-07,1.1822507226690797e-08,2.9732737993892755e-08,"[8.10161055138964e-17, 2.3978277604410983e-18, 2.470808976105553e-19]",8.105195851783937e-17,8.29726476048522e-17,4.775249788392736e-17,5.551115123125783e-17,"[3.4798476153656476e-14, 2.080740950021008e-07, 1.486583122313011e-19]",2.0807409500210299e-07,2.08074216703119e-07,0.0,0.0,
combined_motor1_70_restore-B_best-oracle_no_integral,B_best,combined_motor1_70_restore,oracle_no_integral,oracle,no_integral,True,60.0,horizon,fault_5_30,False,True,"[0.07899300362459556, -0.021871680555405497]",0.08196502322303746,0.08212330772472029,0.005096335908870562,0.11340074244906537,-0.033197698606555665,0.033197698606555665,0.03327830358172529,0.002314799452599974,0.0514412214450467,0.0886097238508651,-1.1302807648161384e-17,5.0889739471038364e-18,2500,5.01,30.0,0.021273185984528407,0.010506793157035193,0.32918713261822297,0.13352460644314088,5.100002527422425,1.4973100741747518,0.017474732805193814,0.018953072821194475,1.0012284378564114,1.0859310814585519,[0.0],[0.0],0.0,[0.27],[0.19],0.27,[0.0],[0.0],0.0,[0.0],[0.0],0.0,[0.0],[0.0],0.0,[0.0],[0.0],0.0,[0.0],[0.0],0.0,[0.0],[0.0],0.0,"[0.0, 0.0, 0.0]",0.0,0.0,every physics interval; dwell = interval count * physics_dt,0.002,"[0.27, 0.0, 0.0, 0.0]","[0.19, 0.0, 0.0, 0.0]",0.27,"[0.0, 0.0, 0.0, 0.0]","[0.0, 0.0, 0.0, 0.0]",0.0,"[0.27, 0.0, 0.0, 0.0]","[0.19, 0.0, 0.0, 0.0]",0.27,"[0.0, 0.0, 0.0, 0.0]","[0.0, 0.0, 0.0, 0.0]",0.0,"[0.0, 0.0, 0.0, 0.0]","[0.0, 0.0, 0.0, 0.0]",0.0,"[0.0, 0.0, 0.0, 0.0]","[0.0, 0.0, 0.0, 0.0]",0.0,"[0.0, 0.0, 0.0, 0.0]","[0.0, 0.0, 0.0, 0.0]",0.0,"[0.0, 0.0, 0.0, 0.0]","[0.0, 0.0, 0.0, 0.0]",0.0,"[0.16031807982428462, 0.09530561121577082, 0.07625964443819479, 0.10750874236974173]","[0.0, 0.08322081439629528, 0.06377250843662899, 0.06007812954034844]","[0.6849876692692153, 0.5144615419357801, 0.45849763920594166, 0.5484160818620436]","[0.21814922562016836, 0.42655212049631397, 0.37570898114436124, 0.36626050175662206]","[0.0009783169095609057, 0.08515757316084752, 0.08017183363932681, 0.06342148305238104]","[0.2, 0.2, 0.2, 0.2]","[0.2, 0.2, 0.2, 0.2]","[0.13999999999999999, 0.2, 0.2, 0.2]","[0.13999999999999999, 0.2, 0.2, 0.2]","[0.0025704113677510977, 0.0005476726561765321, 0.0017203480654105702, 0.0009238420072570966]","[0.5582826634222091, 0.5757224049230426]","[3.727243923721388, 3.750446041851516]",12500,"body origin, body frame; no gravity/external torque","[9.449500931197127e-05, 9.447804687602399e-05, 1.5877021081412817e-05]",0.000134564066246521,0.0023692436993608896,0.0026728991719550924,0.047060206232980295,"[0.00011676336780225105, 8.87815173251175e-05, 1.1585867737301979e-05]",0.00014713964187227242,0.0027716584567013705,0.0028964352051332014,0.05832921277078423,"[0.000162135066632671, 0.00014738671526857232, 2.458795684803169e-05]",0.00022048852870750718,0.004169636589094786,0.004754486941171702,0.09544832912769857,"[9.450035022446548e-05, 9.450035022446577e-05, 1.5877021081412827e-05]",0.00013458347663629797,0.0023695342617144604,0.0026728991719550924,0.047060206232980295,"[1.6419216369227395e-08, 2.08782005907908e-07, 1.5503711970239298e-19]",2.0942663788809056e-07,4.5889810073234194e-07,0.0,0.0,
combined_motor1_70_restore-B_best-oracle_no_integral,B_best,combined_motor1_70_restore,oracle_no_integral,oracle,no_integral,True,60.0,horizon,restore_30_60,False,True,"[0.07833501557949807, -0.020552031688856727]",0.08098617581031947,0.0810038223526774,0.0016907286488730433,0.0841368464931054,-0.033052807565924096,0.033052807565924096,0.033056646189828606,0.0005037552277687531,0.036331154362100326,0.08748920558025218,2.4010842955817652e-17,-3.446947639292172e-18,3000,30.01,60.0,0.007713681129245348,0.003153797292921696,0.3241078246804385,0.1322647324594333,4.508897631933109,2.0152417363743402,0.01826575420293678,0.028547303703587792,1.0465506254516226,1.6356400186937645,[0.0],[0.0],0.0,[0.0],[0.0],0.0,[0.0],[0.0],0.0,[0.0],[0.0],0.0,[0.0],[0.0],0.0,[0.0],[0.0],0.0,[0.0],[0.0],0.0,[0.0],[0.0],0.0,"[0.0, 0.0, 0.0]",0.0,0.0,every physics interval; dwell = interval count * physics_dt,0.002,"[0.0, 0.0, 0.0, 0.0]","[0.0, 0.0, 0.0, 0.0]",0.0,"[0.0, 0.0, 0.0, 0.0]","[0.0, 0.0, 0.0, 0.0]",0.0,"[0.0, 0.0, 0.0, 0.0]","[0.0, 0.0, 0.0, 0.0]",0.0,"[0.0, 0.0, 0.0, 0.0]","[0.0, 0.0, 0.0, 0.0]",0.0,"[0.0, 0.0, 0.0, 0.0]","[0.0, 0.0, 0.0, 0.0]",0.0,"[0.0, 0.0, 0.0, 0.0]","[0.0, 0.0, 0.0, 0.0]",0.0,"[0.0, 0.0, 0.0, 0.0]","[0.0, 0.0, 0.0, 0.0]",0.0,"[0.0, 0.0, 0.0, 0.0]","[0.0, 0.0, 0.0, 0.0]",0.0,"[0.05891939901791005, 0.0896830075287608, 0.060145334612547646, 0.09741215196298894]","[0.03638786417235801, 0.07696133094305542, 0.04048133812556698, 0.0468971604838804]","[0.4030947557943446, 0.49836197483251055, 0.4071931871069141, 0.5204146390125826]","[0.30685642628282117, 0.40996410553073614, 0.316996025757162, 0.33298338152819285]","[0.017848427776356007, 0.0840980452325268, 0.06909700798514026, 0.06109753577225946]","[0.2, 0.2, 0.2, 0.2]","[0.2, 0.2, 0.2, 0.2]","[0.2, 0.2, 0.2, 0.2]","[0.2, 0.2, 0.2, 0.2]","[0.003777468206578777, 0.001016171739886959, 0.0034921259314969217, 0.0017324899247652022]","[0.25602138610659236, 0.24082711759192071]","[3.5604254566745905, 2.7682840574295495]",15000,"body origin, body frame; no gravity/external torque","[3.946807806137486e-08, 2.1006394956303105e-07, 2.385458205624514e-19]",2.1373954264917774e-07,6.6423489883004e-07,4.7320339693140687e-17,5.551115123125783e-17,"[0.0002598657407025827, 0.00021353436421738862, 2.12708934050518e-05]",0.0003370156951818232,0.005166186078337924,0.004323451731870547,0.07659879167842903,"[0.00025982995899679804, 0.00021350880572299158, 2.1270893405051817e-05]",0.0003369719107281709,0.005165770484809699,0.0043234517318705475,0.07659879167842903,"[8.093428973964684e-17, 2.4404584972550287e-18, 2.5628954687693013e-19]",8.097148126142914e-17,9.967309451805481e-17,4.7320339693140687e-17,5.551115123125783e-17,"[3.946807806171012e-08, 2.1006394956532593e-07, 1.5536028236613213e-19]",2.137395426514932e-07,6.642348988875698e-07,0.0,0.0,
combined_motor1_70_restore-B_best-oracle_no_integral,B_best,combined_motor1_70_restore,oracle_no_integral,oracle,no_integral,True,60.0,horizon,full_0_60,True,False,,,,,,,,,,,,,,,,,,,,,,,,,,,,,,,,,,,,,,,,,,,,,,,,,,,,,,,,,,,,,,,,,,,,,,,,,,,,,,,,,,,,,,,,,,,,,,,,,,,,,,,,,,,,,,,,,,,,,,,
combined_motor1_70_restore-B_best-oracle_no_integral,B_best,combined_motor1_70_restore,oracle_no_integral,oracle,no_integral,True,60.0,horizon,pre_3_5,True,False,,,,,,,,,,,,,,,,,,,,,,,,,,,,,,,,,,,,,,,,,,,,,,,,,,,,,,,,,,,,,,,,,,,,,,,,,,,,,,,,,,,,,,,,,,,,,,,,,,,,,,,,,,,,,,,,,,,,,,,
combined_motor1_70_restore-B_best-oracle_no_integral,B_best,combined_motor1_70_restore,oracle_no_integral,oracle,no_integral,True,60.0,horizon,tail_18_20,True,False,,,,,,,,,,,,,,,,,,,,,,,,,,,,,,,,,,,,,,,,,,,,,,,,,,,,,,,,,,,,,,,,,,,,,,,,,,,,,,,,,,,,,,,,,,,,,,,,,,,,,,,,,,,,,,,,,,,,,,,
combined_motor1_70_restore-B_best-oracle_no_integral,B_best,combined_motor1_70_restore,oracle_no_integral,oracle,no_integral,True,60.0,horizon,pre_second_28_30,True,False,,,,,,,,,,,,,,,,,,,,,,,,,,,,,,,,,,,,,,,,,,,,,,,,,,,,,,,,,,,,,,,,,,,,,,,,,,,,,,,,,,,,,,,,,,,,,,,,,,,,,,,,,,,,,,,,,,,,,,,
combined_motor1_70_restore-B_best-oracle_no_integral,B_best,combined_motor1_70_restore,oracle_no_integral,oracle,no_integral,True,60.0,horizon,tail_58_60,True,False,,,,,,,,,,,,,,,,,,,,,,,,,,,,,,,,,,,,,,,,,,,,,,,,,,,,,,,,,,,,,,,,,,,,,,,,,,,,,,,,,,,,,,,,,,,,,,,,,,,,,,,,,,,,,,,,,,,,,,,
combined_motor1_70_restore-B_best-oracle_no_integral,B_best,combined_motor1_70_restore,oracle_no_integral,oracle,no_integral,True,60.0,horizon,fault_5_30,True,False,,,,,,,,,,,,,,,,,,,,,,,,,,,,,,,,,,,,,,,,,,,,,,,,,,,,,,,,,,,,,,,,,,,,,,,,,,,,,,,,,,,,,,,,,,,,,,,,,,,,,,,,,,,,,,,,,,,,,,,
combined_motor1_70_restore-B_best-oracle_no_integral,B_best,combined_motor1_70_restore,oracle_no_integral,oracle,no_integral,True,60.0,horizon,restore_30_60,True,False,,,,,,,,,,,,,,,,,,,,,,,,,,,,,,,,,,,,,,,,,,,,,,,,,,,,,,,,,,,,,,,,,,,,,,,,,,,,,,,,,,,,,,,,,,,,,,,,,,,,,,,,,,,,,,,,,,,,,,,
combined_motor1_70_restore-B_best-oracle_integral_020,B_best,combined_motor1_70_restore,oracle_integral_020,oracle,integral_020,True,60.0,horizon,full_0_60,False,True,"[0.006712021239499026, -0.0018327531222154282]",0.006957744830509124,0.017872354384283133,0.016462406814039324,0.06948999923466186,-0.0028365213148566887,0.0028365213148566887,0.00732616187195749,0.006754760884330941,0.036344979638064046,0.01931563353896341,-3.7947076036992655e-19,3.3881317890172014e-20,6000,0.01,60.0,0.018751958313179416,0.00989328447666633,0.07392689689129625,0.030942109754028915,5.052033495541736,2.0152217191067714,0.01772369599749927,0.028547125492237084,1.0154929780296178,1.6356298079355076,[0.27],[0.19],0.27,[0.27],[0.19],0.27,[0.0],[0.0],0.0,[0.0],[0.0],0.0,[0.0],[0.0],0.0,[0.0],[0.0],0.0,[0.0],[0.0],0.0,[0.0],[0.0],0.0,"[-0.07835235575948495, 0.02085447008314134, 0.033038939953824134]",0.08108021075151156,0.03314334305773858,every physics interval; dwell = interval count * physics_dt,0.002,"[0.27, 0.0, 0.0, 0.0]","[0.19, 0.0, 0.0, 0.0]",0.27,"[0.0, 0.0, 0.0, 0.0]","[0.0, 0.0, 0.0, 0.0]",0.0,"[0.27, 0.0, 0.0, 0.0]","[0.19, 0.0, 0.0, 0.0]",0.27,"[0.0, 0.0, 0.0, 0.0]","[0.0, 0.0, 0.0, 0.0]",0.0,"[0.0, 0.0, 0.0, 0.0]","[0.0, 0.0, 0.0, 0.0]",0.0,"[0.0, 0.0, 0.0, 0.0]","[0.0, 0.0, 0.0, 0.0]",0.0,"[0.0, 0.0, 0.0, 0.0]","[0.0, 0.0, 0.0, 0.0]",0.0,"[0.0, 0.0, 0.0, 0.0]","[0.0, 0.0, 0.0, 0.0]",0.0,"[0.058919062026806426, 0.07820530516746009, 0.060138969248102914, 0.09740291431473912]","[0.0, 0.0627952633450174, 0.04049232879426043, 0.04691645791416513]","[0.4030936248123203, 0.4644160849226227, 0.4071719885050921, 0.520388622386557]","[0.21814922562016836, 0.373203933118063, 0.31702331055973887, 0.3330316573208346]","[0.0009785368842712139, 0.08015301069894579, 0.0691068687618282, 0.061097890822982726]","[0.2, 0.2, 0.2, 0.2]","[0.2, 0.2, 0.2, 0.2]","[0.13999999999999999, 0.2, 0.2, 0.2]","[0.2, 0.2, 0.2, 0.2]","[0.00332898113030406, 0.0014779460171610733, 0.0028187115076183603, 0.001567908336214218]","[0.40318668253337003, 0.521552119522733]","[3.727109611694447, 4.408734490303321]",30000,"body origin, body frame; no gravity/external torque","[6.0774795712972744e-05, 6.0764095261018084e-05, 1.0211363715327424e-05]",8.654549679660324e-05,0.0023660578826312875,0.0017190848005602187,0.04699693249244996,"[0.0001992642134164363, 0.00020479496118101177, 1.786046015610612e-05]",0.00028629739592004607,0.0051661886380797205,0.003837765289321995,0.07657193039293275,"[0.00021198742696665822, 0.00021832694300696003, 2.2680450961592406e-05]",0.00030515524916103614,0.005165773043957096,0.004540668602873632,0.09526945289841438,"[6.077824312380215e-05, 6.077824312380238e-05, 1.0211363715327422e-05]",8.655785130973815e-05,0.002366348357782993,0.0017190848005602187,0.04699693249244996,"[2.995995185092568e-08, 2.1040950017172916e-07, 1.5399233542806043e-19]",2.125317775708536e-07,6.642159728032042e-07,0.0,0.0,
combined_motor1_70_restore-B_best-oracle_integral_020,B_best,combined_motor1_70_restore,oracle_integral_020,oracle,integral_020,True,60.0,horizon,pre_3_5,False,True,"[0.044580836636317615, -0.015791217595859285]",0.047294963245083664,0.04767760090756038,0.006028273380230048,0.056991954211342837,-0.014616214664060179,0.014616214664060179,0.014792062318589875,0.002274066078890098,0.018767670919088597,0.04991952259324651,-2.1480755542369057e-18,6.606856988583543e-20,200,3.0100000000000002,5.0,0.010142699997622268,0.003972178439965969,0.18101305831218195,0.05537480053812305,0.17689484360443392,0.03155890545634013,0.01857113786108638,0.01879210173042186,1.0640478201958605,1.0767081173336637,[0.0],[0.0],0.0,[0.0],[0.0],0.0,[0.0],[0.0],0.0,[0.0],[0.0],0.0,[0.0],[0.0],0.0,[0.0],[0.0],0.0,[0.0],[0.0],0.0,[0.0],[0.0],0.0,"[-0.04960915086576503, 0.012501384048377145, 0.021431324507415576]",0.05116006697363925,0.021431324507415576,every physics interval; dwell = interval count * physics_dt,0.002,"[0.0, 0.0, 0.0, 0.0]","[0.0, 0.0, 0.0, 0.0]",0.0,"[0.0, 0.0, 0.0, 0.0]","[0.0, 0.0, 0.0, 0.0]",0.0,"[0.0, 0.0, 0.0, 0.0]","[0.0, 0.0, 0.0, 0.0]",0.0,"[0.0, 0.0, 0.0, 0.0]","[0.0, 0.0, 0.0, 0.0]",0.0,"[0.0, 0.0, 0.0, 0.0]","[0.0, 0.0, 0.0, 0.0]",0.0,"[0.0, 0.0, 0.0, 0.0]","[0.0, 0.0, 0.0, 0.0]",0.0,"[0.0, 0.0, 0.0, 0.0]","[0.0, 0.0, 0.0, 0.0]",0.0,"[0.0, 0.0, 0.0, 0.0]","[0.0, 0.0, 0.0, 0.0]",0.0,"[0.1288861726312932, 0.10805217567230783, 0.10806562542942749, 0.12889323928392807]","[0.07069717897597141, 0.0914642502995202, 0.09147316542531887, 0.070752253223785]","[0.6053315938819959, 0.5499001947040845, 0.5499368980221839, 0.6053499697681248]","[0.39358539958185, 0.4487810111626419, 0.4488053087197069, 0.3937285054137438]","[0.07074881851888581, 0.09154043243750062, 0.09153097717620587, 0.0707802392366641]","[0.2, 0.2, 0.2, 0.2]","[0.2, 0.2, 0.2, 0.2]","[0.2, 0.2, 0.2, 0.2]","[0.2, 0.2, 0.2, 0.2]","[4.527139009972404e-05, 4.7438612588018346e-05, 4.290591707506726e-05, 3.5072896984553744e-05]","[0.029265938357967536, 0.07870804777431865]","[0.07385167382578632, 0.1710038955432123]",1000,"body origin, body frame; no gravity/external torque","[1.4540863231823308e-10, 2.080294668924207e-07, 2.4051953240378e-19]",2.0802951771134577e-07,2.102442898382359e-07,4.6938937529294354e-17,5.551115123125783e-17,"[8.628575739146083e-07, 3.5895021511509603e-06, 1.706481884928239e-07]",3.6956961036068775e-06,1.4633403766506429e-05,0.0001332594682986944,0.00038284400956301035,"[8.627333585640039e-07, 3.5950468368211696e-06, 1.7064818849284776e-07]",3.70105274363294e-06,1.4711516845222016e-05,0.00013325946829868788,0.00038284400956295483,"[8.099782270620856e-17, 2.3982689295768007e-18, 2.583163001257119e-19]",8.103373189182319e-17,8.307348885940491e-17,4.6938937529294354e-17,5.551115123125783e-17,"[1.4540863025073384e-10, 2.0802946689475292e-07, 1.486583122313011e-19]",2.0802951771367652e-07,2.1024428984148208e-07,0.0,0.0,
combined_motor1_70_restore-B_best-oracle_integral_020,B_best,combined_motor1_70_restore,oracle_integral_020,oracle,integral_020,True,60.0,horizon,tail_18_20,False,True,"[0.001054863708292685, 0.00024296924300271983]",0.001082483947279732,0.0010930818795825438,0.000151843667478754,0.001364327681125829,-0.0007658791329868897,0.0007658791329868897,0.0007716781823747988,9.442653656956538e-05,0.0009401270373126103,0.0013380266113291544,-1.1249656330721176e-21,-2.216844041642114e-22,200,18.01,20.0,0.0002662199206170831,0.00016500911401018032,0.004107362638493853,0.002921704999187639,0.0007252861145158878,3.5332520124568184e-05,0.01840323336243825,0.01840651073528659,1.0544276010620626,1.0546153806941632,[0.0],[0.0],0.0,[0.0],[0.0],0.0,[0.0],[0.0],0.0,[0.0],[0.0],0.0,[0.0],[0.0],0.0,[0.0],[0.0],0.0,[0.0],[0.0],0.0,[0.0],[0.0],0.0,"[-0.07769727287713296, 0.02108377651514403, 0.03247450015837079]",0.0805070918906167,0.03247450015837079,every physics interval; dwell = interval count * physics_dt,0.002,"[0.0, 0.0, 0.0, 0.0]","[0.0, 0.0, 0.0, 0.0]",0.0,"[0.0, 0.0, 0.0, 0.0]","[0.0, 0.0, 0.0, 0.0]",0.0,"[0.0, 0.0, 0.0, 0.0]","[0.0, 0.0, 0.0, 0.0]",0.0,"[0.0, 0.0, 0.0, 0.0]","[0.0, 0.0, 0.0, 0.0]",0.0,"[0.0, 0.0, 0.0, 0.0]","[0.0, 0.0, 0.0, 0.0]",0.0,"[0.0, 0.0, 0.0, 0.0]","[0.0, 0.0, 0.0, 0.0]",0.0,"[0.0, 0.0, 0.0, 0.0]","[0.0, 0.0, 0.0, 0.0]",0.0,"[0.0, 0.0, 0.0, 0.0]","[0.0, 0.0, 0.0, 0.0]",0.0,"[0.18437845981520493, 0.10825757576168316, 0.10825758322794057, 0.12906481402843173]","[0.015621252723221124, 0.09174222845735139, 0.09174223162002311, 0.07093484019564811]","[0.7440104740107194, 0.5504605691289663, 0.5504605894928014, 0.6057960492763549]","[0.2559888271087921, 0.4495388968885664, 0.4495389055145874, 0.3942030518866563]","[0.01093489425251376, 0.09174224139695378, 0.09174224500370198, 0.07093486237454835]","[0.2, 0.2, 0.2, 0.2]","[0.2, 0.2, 0.2, 0.2]","[0.13999999999999999, 0.2, 0.2, 0.2]","[0.13999999999999999, 0.2, 0.2, 0.2]","[1.671477050663792e-08, 1.1979737471919236e-08, 1.2491186479581692e-08, 2.7140945282506634e-08]","[0.0001574551528674557, 0.0004014374527039358]","[0.00034739813964276595, 0.0006366788491662707]",1000,"body origin, body frame; no gravity/external torque","[3.4091092377306193e-13, 2.0807338621483954e-07, 5.752278891765061e-18]",2.080733862151187e-07,2.080739638967202e-07,6.798699777552591e-17,1.6653345369377348e-16,"[7.670039709175037e-10, 6.361864609637473e-10, 1.1960002052649324e-10]",1.0036595386019773e-09,2.4907565339108142e-09,5.9098833294545664e-08,1.4674944709414106e-07,"[7.669496651897642e-10, 2.0809992991473076e-07, 1.1960001957047488e-10]",2.0810137756985053e-07,2.0983677120587693e-07,5.909883328361273e-08,1.467494470386299e-07,"[8.203941681668694e-17, 7.667443575805117e-17, 5.756659528854181e-18]",1.124392019687472e-16,1.1415125140425614e-16,6.798699777552591e-17,1.6653345369377348e-16,"[3.4091224622767346e-13, 2.0807338613816795e-07, 1.438356721209042e-19]",2.0807338613844717e-07,2.080739638210432e-07,0.0,0.0,
combined_motor1_70_restore-B_best-oracle_integral_020,B_best,combined_motor1_70_restore,oracle_integral_020,oracle,integral_020,True,60.0,horizon,pre_second_28_30,False,True,"[8.717526981354964e-05, 4.028142502890392e-05]",9.603187423675738e-05,9.696688882524824e-05,1.3433415761587623e-05,0.00012099921751297085,-8.71023506472357e-05,8.71023506472357e-05,8.780259751694961e-05,1.106691657370951e-05,0.00010757377272230251,0.0001308123604984311,-4.006656092053728e-24,-5.428372769879244e-25,200,28.01,30.0,2.3545497174126096e-05,1.9353311207201033e-05,0.000364402289358174,0.0003318570971420397,4.1590257979809945e-05,5.01084633863961e-07,0.01839655525502777,0.018396596848438,1.0540449736923072,1.0540473568191688,[0.0],[0.0],0.0,[0.0],[0.0],0.0,[0.0],[0.0],0.0,[0.0],[0.0],0.0,[0.0],[0.0],0.0,[0.0],[0.0],0.0,[0.0],[0.0],0.0,[0.0],[0.0],0.0,"[-0.07829921421168184, 0.02088693116961941, 0.03297716370411498]",0.08103721885560523,0.03297716370411498,every physics interval; dwell = interval count * physics_dt,0.002,"[0.0, 0.0, 0.0, 0.0]","[0.0, 0.0, 0.0, 0.0]",0.0,"[0.0, 0.0, 0.0, 0.0]","[0.0, 0.0, 0.0, 0.0]",0.0,"[0.0, 0.0, 0.0, 0.0]","[0.0, 0.0, 0.0, 0.0]",0.0,"[0.0, 0.0, 0.0, 0.0]","[0.0, 0.0, 0.0, 0.0]",0.0,"[0.0, 0.0, 0.0, 0.0]","[0.0, 0.0, 0.0, 0.0]",0.0,"[0.0, 0.0, 0.0, 0.0]","[0.0, 0.0, 0.0, 0.0]",0.0,"[0.0, 0.0, 0.0, 0.0]","[0.0, 0.0, 0.0, 0.0]",0.0,"[0.0, 0.0, 0.0, 0.0]","[0.0, 0.0, 0.0, 0.0]",0.0,"[0.18437911980717714, 0.1082579828731139, 0.10825798118288732, 0.12906538826426292]","[0.01562081271964788, 0.09174196808565596, 0.09174196631421214, 0.0709345714246957]","[0.7440120785920047, 0.5504616795040427, 0.5504616748940393, 0.6057975419895848]","[0.2559877573663465, 0.449538186738659, 0.4495381819071391, 0.3942023532228258]","[0.01093457638124773, 0.09174197791088165, 0.09174197707245055, 0.07093457623719951]","[0.2, 0.2, 0.2, 0.2]","[0.2, 0.2, 0.2, 0.2]","[0.13999999999999999, 0.2, 0.2, 0.2]","[0.13999999999999999, 0.2, 0.2, 0.2]","[7.570443475233675e-09, 5.906237006332193e-09, 7.28604463201947e-09, 5.481286126931164e-09]","[8.279816284933629e-06, 3.2380711571719765e-05]","[9.520336191586343e-06, 4.0504283553815726e-05]",1000,"body origin, body frame; no gravity/external torque","[7.76867245673828e-14, 2.0807400656949782e-07, 5.735465833470249e-18]",2.080740065695122e-07,2.0807413775325092e-07,6.798699777552591e-17,1.6653345369377348e-16,"[4.976521888961789e-10, 3.6196573998057034e-10, 2.8617972596326646e-11]",6.160323744644954e-10,1.2865881800199797e-09,1.607220692325246e-08,5.84534951553195e-08,"[4.975803868818996e-10, 2.080733159306957e-07, 2.8617972728794293e-11]",2.08073912847394e-07,2.0908095296119507e-07,1.607220691393868e-08,5.845349521083065e-08,"[8.195061899571211e-17, 7.663896852807638e-17, 5.72319133153114e-18]",1.1234852188544887e-16,1.1440663759884507e-16,6.798699777552591e-17,1.6653345369377348e-16,"[7.768708726715165e-14, 2.0807400649286204e-07, 1.679638783183304e-19]",2.0807400649287644e-07,2.0807413767670593e-07,0.0,0.0,
combined_motor1_70_restore-B_best-oracle_integral_020,B_best,combined_motor1_70_restore,oracle_integral_020,oracle,integral_020,True,60.0,horizon,tail_58_60,False,True,"[1.5027626318219294e-07, -2.3191391985918525e-06]",2.3240029211946495e-06,2.3501185318803444e-06,3.493816482961935e-07,2.976592472146822e-06,-6.708336162264406e-07,6.708336162264406e-07,6.738560149576542e-07,6.375098615054347e-08,7.896239371252278e-07,2.4448188159415894e-06,-3.1806871698511196e-27,1.609276246650864e-28,200,58.01,60.0,6.116693454127744e-07,1.1323367309875924e-07,8.789010402047472e-06,2.582643313773787e-06,1.7075472925031877e-06,5.073120658948708e-07,0.018396700800202958,0.018396707107464164,1.0540533128165739,1.0540536741960211,[0.0],[0.0],0.0,[0.0],[0.0],0.0,[0.0],[0.0],0.0,[0.0],[0.0],0.0,[0.0],[0.0],0.0,[0.0],[0.0],0.0,[0.0],[0.0],0.0,[0.0],[0.0],0.0,"[-0.07835235575948495, 0.02085447008314134, 0.033038939953824134]",0.08108021075151156,0.033038939953824134,every physics interval; dwell = interval count * physics_dt,0.002,"[0.0, 0.0, 0.0, 0.0]","[0.0, 0.0, 0.0, 0.0]",0.0,"[0.0, 0.0, 0.0, 0.0]","[0.0, 0.0, 0.0, 0.0]",0.0,"[0.0, 0.0, 0.0, 0.0]","[0.0, 0.0, 0.0, 0.0]",0.0,"[0.0, 0.0, 0.0, 0.0]","[0.0, 0.0, 0.0, 0.0]",0.0,"[0.0, 0.0, 0.0, 0.0]","[0.0, 0.0, 0.0, 0.0]",0.0,"[0.0, 0.0, 0.0, 0.0]","[0.0, 0.0, 0.0, 0.0]",0.0,"[0.0, 0.0, 0.0, 0.0]","[0.0, 0.0, 0.0, 0.0]",0.0,"[0.0, 0.0, 0.0, 0.0]","[0.0, 0.0, 0.0, 0.0]",0.0,"[0.12906544772459028, 0.1082580368831682, 0.10825803888680421, 0.12906545456130422]","[0.07093452291104094, 0.09174192796711798, 0.09174192960089897, 0.07093452745488482]","[0.6057976965552822, 0.5504618268135419, 0.5504618322783472, 0.6057977143271569]","[0.3942022271127492, 0.4495380773175296, 0.4495380817735799, 0.3942022389243597]","[0.07093453026647464, 0.09174193833550467, 0.09174193853829812, 0.07093453076753467]","[0.2, 0.2, 0.2, 0.2]","[0.2, 0.2, 0.2, 0.2]","[0.2, 0.2, 0.2, 0.2]","[0.2, 0.2, 0.2, 0.2]","[4.4817798418228045e-09, 5.612398574033594e-09, 5.435170156597702e-09, 3.224469382213618e-09]","[9.896528019959742e-07, 4.70992958979641e-07]","[1.609214843476169e-06, 1.0541855742676798e-06]",1000,"body origin, body frame; no gravity/external torque","[3.317183917921635e-14, 2.080740960270901e-07, 2.1917518882125967e-19]",2.0807409602709245e-07,2.0807426411550043e-07,4.839349969133126e-17,5.551115123125783e-17,"[2.1399898968811769e-10, 4.375305317460497e-10, 1.916126072184977e-11]",4.874378808730059e-10,1.2807542800037128e-09,1.2882390676391681e-08,4.261437913655186e-08,"[2.139681395024285e-10, 2.0806743566268138e-07, 1.916126072067604e-11]",2.0806754656303958e-07,2.0921515195949095e-07,1.2882390678297148e-08,4.261437908104071e-08,"[8.085870483772688e-17, 2.3645054940475322e-18, 2.559718659352507e-19]",8.089367438719915e-17,8.314113064045525e-17,4.839349969133126e-17,5.551115123125783e-17,"[3.317210381110892e-14, 2.080740960293893e-07, 1.5786221915782286e-19]",2.0807409602939204e-07,2.080742641185362e-07,0.0,0.0,
combined_motor1_70_restore-B_best-oracle_integral_020,B_best,combined_motor1_70_restore,oracle_integral_020,oracle,integral_020,True,60.0,horizon,fault_5_30,False,True,"[0.006162388243156408, -0.0018995900664943307]",0.006448524736722055,0.013734146730442801,0.01212614180740175,0.0687794108554989,-0.002504533601683409,0.002504533601683409,0.004762154884847587,0.004050361784497356,0.028682220945552395,0.014536330539741122,-1.6263032587282567e-19,-1.3891340334970526e-19,2500,5.01,30.0,0.02134466438018253,0.01059285381412503,0.05703994160483016,0.021342266254204725,5.052033495541736,1.4967009493524386,0.017563720916593865,0.01922497050586909,1.0063270810664742,1.101509671249786,[0.27],[0.19],0.27,[0.27],[0.19],0.27,[0.0],[0.0],0.0,[0.0],[0.0],0.0,[0.0],[0.0],0.0,[0.0],[0.0],0.0,[0.0],[0.0],0.0,[0.0],[0.0],0.0,"[-0.07829921421168184, 0.02088693116961941, 0.03297716370411498]",0.08103721885560523,0.03297716370411498,every physics interval; dwell = interval count * physics_dt,0.002,"[0.27, 0.0, 0.0, 0.0]","[0.19, 0.0, 0.0, 0.0]",0.27,"[0.0, 0.0, 0.0, 0.0]","[0.0, 0.0, 0.0, 0.0]",0.0,"[0.27, 0.0, 0.0, 0.0]","[0.19, 0.0, 0.0, 0.0]",0.27,"[0.0, 0.0, 0.0, 0.0]","[0.0, 0.0, 0.0, 0.0]",0.0,"[0.0, 0.0, 0.0, 0.0]","[0.0, 0.0, 0.0, 0.0]",0.0,"[0.0, 0.0, 0.0, 0.0]","[0.0, 0.0, 0.0, 0.0]",0.0,"[0.0, 0.0, 0.0, 0.0]","[0.0, 0.0, 0.0, 0.0]",0.0,"[0.0, 0.0, 0.0, 0.0]","[0.0, 0.0, 0.0, 0.0]",0.0,"[0.16028494563509843, 0.09531352330806243, 0.07626265934859838, 0.10748067545976175]","[0.0, 0.08333878724813903, 0.06374168369844224, 0.06010073771287891]","[0.6849054841274602, 0.51448397888977, 0.45850685061529206, 0.5483393713855751]","[0.21814922562016836, 0.4268670492559611, 0.3756299014584338, 0.3663181471027046]","[0.0009785368842712139, 0.08518637359002877, 0.08016369911920751, 0.06338828714591732]","[0.2, 0.2, 0.2, 0.2]","[0.2, 0.2, 0.2, 0.2]","[0.13999999999999999, 0.2, 0.2, 0.2]","[0.13999999999999999, 0.2, 0.2, 0.2]","[0.002568987470469677, 0.0005446713666884187, 0.001718074383915739, 0.0009214363027253424]","[0.5564199088145418, 0.5699618591316871]","[3.727109611694447, 3.699662989161059]",12500,"body origin, body frame; no gravity/external torque","[9.415189865186362e-05, 9.413499874783433e-05, 1.581937664461192e-05]",0.00013407546638527824,0.0023660578826312875,0.0026631947213152105,0.04699693249244996,"[0.00011658938602792191, 8.847102446940612e-05, 1.1604232937845688e-05]",0.00014681575299371036,0.0027719469404704007,0.002894351181349943,0.058317711783740345,"[0.00016178211731951726, 0.00014694686614055076, 2.4568976113707698e-05]",0.00021993287507826522,0.004170175099930284,0.004744619924657418,0.09526945289841438,"[9.415724937209247e-05, 9.415724937209283e-05, 1.581937664461192e-05]",0.00013409484664244546,0.002366348357782993,0.0026631947213152105,0.04699693249244996,"[1.6385940675384476e-08, 2.0877618710051775e-07, 1.5418559514763351e-19]",2.094182307060392e-07,4.5882939012302793e-07,0.0,0.0,
combined_motor1_70_restore-B_best-oracle_integral_020,B_best,combined_motor1_70_restore,oracle_integral_020,oracle,integral_020,True,60.0,horizon,restore_30_60,False,True,"[8.834562654148623e-06, 5.398671070397854e-06]",1.0353508903576037e-05,0.0017434633814723815,0.0017434326391887055,0.013213129331753599,-1.0273106206936852e-05,1.0273106206936852e-05,0.0005312979227572285,0.0005311985937622649,0.003640570325596837,0.0018226195558210321,-8.470329472543003e-22,-7.940933880509066e-22,3000,30.01,60.0,0.007772524761092512,0.003195442239795526,0.010465630168963888,0.0038481535859078908,4.5088816666574045,2.0152217191067714,0.018265700908178157,0.028547125492237084,1.0465475718868833,1.6356298079355076,[0.0],[0.0],0.0,[0.0],[0.0],0.0,[0.0],[0.0],0.0,[0.0],[0.0],0.0,[0.0],[0.0],0.0,[0.0],[0.0],0.0,[0.0],[0.0],0.0,[0.0],[0.0],0.0,"[-0.07835235575948495, 0.02085447008314134, 0.033038939953824134]",0.08108021075151156,0.03314334305773858,every physics interval; dwell = interval count * physics_dt,0.002,"[0.0, 0.0, 0.0, 0.0]","[0.0, 0.0, 0.0, 0.0]",0.0,"[0.0, 0.0, 0.0, 0.0]","[0.0, 0.0, 0.0, 0.0]",0.0,"[0.0, 0.0, 0.0, 0.0]","[0.0, 0.0, 0.0, 0.0]",0.0,"[0.0, 0.0, 0.0, 0.0]","[0.0, 0.0, 0.0, 0.0]",0.0,"[0.0, 0.0, 0.0, 0.0]","[0.0, 0.0, 0.0, 0.0]",0.0,"[0.0, 0.0, 0.0, 0.0]","[0.0, 0.0, 0.0, 0.0]",0.0,"[0.0, 0.0, 0.0, 0.0]","[0.0, 0.0, 0.0, 0.0]",0.0,"[0.0, 0.0, 0.0, 0.0]","[0.0, 0.0, 0.0, 0.0]",0.0,"[0.058919062026806426, 0.08967467393908149, 0.060138969248102914, 0.09740291431473912]","[0.03640284030175628, 0.07696193831304245, 0.04049232879426043, 0.04691645791416513]","[0.4030936248123203, 0.4983378741275655, 0.4071719885050921, 0.520388622386557]","[0.3068934426625697, 0.40996570394906273, 0.31702331055973887, 0.3330316573208346]","[0.01784849023396684, 0.08409840349496, 0.0691068687618282, 0.061097890822982726]","[0.2, 0.2, 0.2, 0.2]","[0.2, 0.2, 0.2, 0.2]","[0.2, 0.2, 0.2, 0.2]","[0.2, 0.2, 0.2, 0.2]","[0.003777042666902652, 0.0010163079119759851, 0.0034921833671203864, 0.001732770821239127]","[0.2563894204665984, 0.241138100868723]","[3.560428359715996, 2.768254284373283]",15000,"body origin, body frame; no gravity/external torque","[3.946732941660202e-08, 2.1006345349300234e-07, 2.4073510383316497e-19]",2.1373891686982533e-07,6.642159727463861e-07,4.730948515929147e-17,5.551115123125783e-17,"[0.0002598610964612247, 0.0002135151922710962, 2.1270202818163036e-05]",0.00033699992331235104,0.0051661886380797205,0.00432380531069977,0.07657193039293275,"[0.0002598253154501211, 0.000213489637108763, 2.1270202818163036e-05]",0.0003369561414034766,0.005165773043957096,0.0043238053106997715,0.07657193039293275,"[8.092328814439032e-17, 2.4255391790212555e-18, 2.568628993249714e-19]",8.09600381852565e-17,9.998801777370397e-17,4.730948515929147e-17,5.551115123125783e-17,"[3.946732941694639e-08, 2.1006345349528282e-07, 1.535846779678903e-19]",2.137389168721299e-07,6.642159728032042e-07,0.0,0.0,
combined_motor1_70_restore-B_best-oracle_integral_020,B_best,combined_motor1_70_restore,oracle_integral_020,oracle,integral_020,True,60.0,horizon,full_0_60,True,False,,,,,,,,,,,,,,,,,,,,,,,,,,,,,,,,,,,,,,,,,,,,,,,,,,,,,,,,,,,,,,,,,,,,,,,,,,,,,,,,,,,,,,,,,,,,,,,,,,,,,,,,,,,,,,,,,,,,,,,
combined_motor1_70_restore-B_best-oracle_integral_020,B_best,combined_motor1_70_restore,oracle_integral_020,oracle,integral_020,True,60.0,horizon,pre_3_5,True,False,,,,,,,,,,,,,,,,,,,,,,,,,,,,,,,,,,,,,,,,,,,,,,,,,,,,,,,,,,,,,,,,,,,,,,,,,,,,,,,,,,,,,,,,,,,,,,,,,,,,,,,,,,,,,,,,,,,,,,,
combined_motor1_70_restore-B_best-oracle_integral_020,B_best,combined_motor1_70_restore,oracle_integral_020,oracle,integral_020,True,60.0,horizon,tail_18_20,True,False,,,,,,,,,,,,,,,,,,,,,,,,,,,,,,,,,,,,,,,,,,,,,,,,,,,,,,,,,,,,,,,,,,,,,,,,,,,,,,,,,,,,,,,,,,,,,,,,,,,,,,,,,,,,,,,,,,,,,,,
combined_motor1_70_restore-B_best-oracle_integral_020,B_best,combined_motor1_70_restore,oracle_integral_020,oracle,integral_020,True,60.0,horizon,pre_second_28_30,True,False,,,,,,,,,,,,,,,,,,,,,,,,,,,,,,,,,,,,,,,,,,,,,,,,,,,,,,,,,,,,,,,,,,,,,,,,,,,,,,,,,,,,,,,,,,,,,,,,,,,,,,,,,,,,,,,,,,,,,,,
combined_motor1_70_restore-B_best-oracle_integral_020,B_best,combined_motor1_70_restore,oracle_integral_020,oracle,integral_020,True,60.0,horizon,tail_58_60,True,False,,,,,,,,,,,,,,,,,,,,,,,,,,,,,,,,,,,,,,,,,,,,,,,,,,,,,,,,,,,,,,,,,,,,,,,,,,,,,,,,,,,,,,,,,,,,,,,,,,,,,,,,,,,,,,,,,,,,,,,
combined_motor1_70_restore-B_best-oracle_integral_020,B_best,combined_motor1_70_restore,oracle_integral_020,oracle,integral_020,True,60.0,horizon,fault_5_30,True,False,,,,,,,,,,,,,,,,,,,,,,,,,,,,,,,,,,,,,,,,,,,,,,,,,,,,,,,,,,,,,,,,,,,,,,,,,,,,,,,,,,,,,,,,,,,,,,,,,,,,,,,,,,,,,,,,,,,,,,,
combined_motor1_70_restore-B_best-oracle_integral_020,B_best,combined_motor1_70_restore,oracle_integral_020,oracle,integral_020,True,60.0,horizon,restore_30_60,True,False,,,,,,,,,,,,,,,,,,,,,,,,,,,,,,,,,,,,,,,,,,,,,,,,,,,,,,,,,,,,,,,,,,,,,,,,,,,,,,,,,,,,,,,,,,,,,,,,,,,,,,,,,,,,,,,,,,,,,,,
