tag,step,value
train/approx_kl,4096,0.0017341380007565022
train/approx_kl,6144,0.0027583602350205183
train/approx_kl,8192,0.0027487073093652725
train/approx_kl,10240,0.002121465280652046
train/approx_kl,12288,0.002153195673599839
train/approx_kl,14336,0.0022745609749108553
train/approx_kl,16384,0.004003535024821758
train/approx_kl,18432,0.003011474385857582
train/approx_kl,20480,0.004225862678140402
train/approx_kl,22528,0.002933346200734377
train/approx_kl,24576,0.0033981238957494497
train/approx_kl,26624,0.003349926322698593
train/approx_kl,28672,0.0030455198138952255
train/approx_kl,30720,0.0028476801235228777
train/approx_kl,32768,0.0036483388394117355
train/approx_kl,34816,0.002189015503972769
train/approx_kl,36864,0.0031948313117027283
train/approx_kl,38912,0.0031284538563340902
train/approx_kl,40960,0.0031929188407957554
train/approx_kl,43008,0.002707738894969225
train/approx_kl,45056,0.0026791966520249844
train/approx_kl,47104,0.0027832556515932083
train/approx_kl,49152,0.002979833399876952
train/approx_kl,51200,0.002530012046918273
train/approx_kl,53248,0.0022298204712569714
train/approx_kl,55296,0.0022065029479563236
train/approx_kl,57344,0.0032179332338273525
train/approx_kl,59392,0.0029097110964357853
train/approx_kl,61440,0.002674731658771634
train/approx_kl,63488,0.0026664859615266323
train/approx_kl,65536,0.002220527734607458
train/approx_kl,67584,0.002689157612621784
train/approx_kl,69632,0.002485114149749279
train/approx_kl,71680,0.00396684929728508
train/approx_kl,73728,0.0026512672193348408
train/approx_kl,75776,0.0020979479886591434
train/approx_kl,77824,0.0022917678579688072
train/approx_kl,79872,0.002527723554521799
train/approx_kl,81920,0.002922508167102933
train/approx_kl,83968,0.0027036224491894245
train/approx_kl,86016,0.0023067414294928312
train/approx_kl,88064,0.002046603709459305
train/approx_kl,90112,0.0019258263055235147
train/approx_kl,92160,0.002150558866560459
train/approx_kl,94208,0.0030267988331615925
train/approx_kl,96256,0.0023651232477277517
train/approx_kl,98304,0.002269607037305832
train/approx_kl,100352,0.00244023441337049
train/approx_kl,102400,0.0024578222073614597
train/approx_kl,104448,0.002632986754179001
train/approx_kl,106496,0.0028503553476184607
train/approx_kl,108544,0.0025854134000837803
train/approx_kl,110592,0.0021185229998081923
train/approx_kl,112640,0.003060039598494768
train/approx_kl,114688,0.0027703111991286278
train/approx_kl,116736,0.002457353053614497
train/approx_kl,118784,0.0025512552820146084
train/approx_kl,120832,0.0032188203185796738
train/approx_kl,122880,0.002422753721475601
train/approx_kl,124928,0.0028342334553599358
train/approx_kl,126976,0.0021844645962119102
train/approx_kl,129024,0.0024183301720768213
train/approx_kl,131072,0.002760013798251748
train/approx_kl,133120,0.002804393181577325
train/approx_kl,135168,0.003015040885657072
train/approx_kl,137216,0.0025158734060823917
train/approx_kl,139264,0.0037428000941872597
train/approx_kl,141312,0.0028058753814548254
train/approx_kl,143360,0.0026885205879807472
train/approx_kl,145408,0.0027594375424087048
train/approx_kl,147456,0.002949797548353672
train/approx_kl,149504,0.002969682216644287
train/approx_kl,151552,0.002514892490580678
train/approx_kl,153600,0.0026272886898368597
train/approx_kl,155648,0.0032890106085687876
train/approx_kl,157696,0.0022945795208215714
train/approx_kl,159744,0.0031480183824896812
train/approx_kl,161792,0.0024921116419136524
train/approx_kl,163840,0.0019084992818534374
train/approx_kl,165888,0.003718614811077714
train/approx_kl,167936,0.002788103651255369
train/approx_kl,169984,0.0032323349732905626
train/approx_kl,172032,0.004232974722981453
train/approx_kl,174080,0.002968098036944866
train/approx_kl,176128,0.002724026795476675
train/approx_kl,178176,0.002378777600824833
train/approx_kl,180224,0.0032781686168164015
train/approx_kl,182272,0.0026572970673441887
train/approx_kl,184320,0.003360541770234704
train/approx_kl,186368,0.00294472579844296
train/approx_kl,188416,0.002915227087214589
train/approx_kl,190464,0.003186263144016266
train/approx_kl,192512,0.0037392117083072662
train/approx_kl,194560,0.002300997031852603
train/approx_kl,196608,0.003202166175469756
train/approx_kl,198656,0.0028463145717978477
train/approx_kl,200704,0.0029004006646573544
train/approx_kl,202752,0.0025279754772782326
train/approx_kl,204800,0.0024794864002615213
train/approx_kl,206848,0.0019295145757496357
train/approx_kl,208896,0.0030926228500902653
train/approx_kl,210944,0.003055190434679389
train/approx_kl,212992,0.0027849371545016766
train/approx_kl,215040,0.003204706823453307
train/approx_kl,217088,0.003039698116481304
train/approx_kl,219136,0.0029938644729554653
train/approx_kl,221184,0.0028786284383386374
train/approx_kl,223232,0.002671959809958935
train/approx_kl,225280,0.00275331549346447
train/approx_kl,227328,0.004770906642079353
train/approx_kl,229376,0.0028938527684658766
train/approx_kl,231424,0.0037044123746454716
train/approx_kl,233472,0.0038400101475417614
train/approx_kl,235520,0.0028566764667630196
train/approx_kl,237568,0.002239661058411002
train/approx_kl,239616,0.00269849575124681
train/approx_kl,241664,0.002897543366998434
train/approx_kl,243712,0.0017501548863947392
train/approx_kl,245760,0.0029901687521487474
train/approx_kl,247808,0.0027726846747100353
train/approx_kl,249856,0.002391016110777855
train/approx_kl,251904,0.004345538094639778
train/approx_kl,253952,0.003131052479147911
train/approx_kl,256000,0.0037275520153343678
train/approx_kl,258048,0.003808479756116867
train/approx_kl,260096,0.0033652479760348797
train/approx_kl,262144,0.003016097005456686
train/approx_kl,264192,0.003080443013459444
train/approx_kl,266240,0.0029853780288249254
train/approx_kl,268288,0.003170057898387313
train/approx_kl,270336,0.0030447333119809628
train/approx_kl,272384,0.0028611156158149242
train/approx_kl,274432,0.0038315500132739544
train/approx_kl,276480,0.0045585623010993
train/approx_kl,278528,0.0037566684186458588
train/approx_kl,280576,0.0027199643664062023
train/approx_kl,282624,0.0027483359444886446
train/approx_kl,284672,0.0031214458867907524
train/approx_kl,286720,0.0022903515491634607
train/approx_kl,288768,0.0034856232814490795
train/approx_kl,290816,0.0036120375152677298
train/approx_kl,292864,0.0029950765892863274
train/approx_kl,294912,0.0037128764670342207
train/approx_kl,296960,0.002520928392186761
train/approx_kl,299008,0.0030627138912677765
train/approx_kl,301056,0.0031016019638627768
train/approx_kl,303104,0.0036889496259391308
train/approx_kl,305152,0.0030259250197559595
train/approx_kl,307200,0.0022558262571692467
train/approx_kl,309248,0.003111046040430665
train/approx_kl,311296,0.0025528527330607176
train/approx_kl,313344,0.0021465299651026726
train/approx_kl,315392,0.0033634244464337826
train/approx_kl,317440,0.003335924819111824
train/approx_kl,319488,0.0031850836239755154
train/approx_kl,321536,0.003638613037765026
train/approx_kl,323584,0.002108265645802021
train/approx_kl,325632,0.0027572689577937126
train/approx_kl,327680,0.002904263325035572
train/approx_kl,329728,0.0030809566378593445
train/approx_kl,331776,0.0030028177425265312
train/approx_kl,333824,0.003950171638280153
train/approx_kl,335872,0.004121584817767143
train/approx_kl,337920,0.0034403037279844284
train/approx_kl,339968,0.0028439627494663
train/approx_kl,342016,0.0027103223837912083
train/approx_kl,344064,0.0027193648274987936
train/approx_kl,346112,0.0029201898723840714
train/approx_kl,348160,0.003568874206393957
train/approx_kl,350208,0.0035361461341381073
train/approx_kl,352256,0.0036755462642759085
train/approx_kl,354304,0.003188860137015581
train/approx_kl,356352,0.002854428254067898
train/approx_kl,358400,0.0035443308297544718
train/approx_kl,360448,0.002470913343131542
train/approx_kl,362496,0.003450041636824608
train/approx_kl,364544,0.0029787160456180573
train/approx_kl,366592,0.0029644076712429523
train/approx_kl,368640,0.0029728063382208347
train/approx_kl,370688,0.0033876923844218254
train/approx_kl,372736,0.0033222294878214598
train/approx_kl,374784,0.002574250567704439
train/approx_kl,376832,0.0031514842994511127
train/approx_kl,378880,0.003928759600967169
train/approx_kl,380928,0.0030053704977035522
train/approx_kl,382976,0.0030521247535943985
train/approx_kl,385024,0.0029082326218485832
train/approx_kl,387072,0.0032205977477133274
train/approx_kl,389120,0.002559979911893606
train/approx_kl,391168,0.0035875237081199884
train/approx_kl,393216,0.003183913417160511
train/approx_kl,395264,0.002708333544433117
train/approx_kl,397312,0.0031442632898688316
train/approx_kl,399360,0.0032933130860328674
train/approx_kl,401408,0.003609636565670371
train/approx_kl,403456,0.003754700068384409
train/approx_kl,405504,0.0032760589383542538
train/approx_kl,407552,0.002631894312798977
train/approx_kl,409600,0.0026353723369538784
train/approx_kl,411648,0.0031538745388388634
train/approx_kl,413696,0.00411913450807333
train/approx_kl,415744,0.002617790363729
train/approx_kl,417792,0.003363570896908641
train/approx_kl,419840,0.0027859993278980255
train/approx_kl,421888,0.0028242755215615034
train/approx_kl,423936,0.0026960023678839207
train/approx_kl,425984,0.0026152029167860746
train/approx_kl,428032,0.003220397513359785
train/approx_kl,430080,0.0026528271846473217
train/approx_kl,432128,0.0032360712066292763
train/approx_kl,434176,0.0033562753815203905
train/approx_kl,436224,0.0029219137504696846
train/approx_kl,438272,0.0026544262655079365
train/approx_kl,440320,0.003135352162644267
train/approx_kl,442368,0.0030066370964050293
train/approx_kl,444416,0.003272885223850608
train/approx_kl,446464,0.0036611431278288364
train/approx_kl,448512,0.0027992157265543938
train/approx_kl,450560,0.0026124794967472553
train/approx_kl,452608,0.0027027970645576715
train/approx_kl,454656,0.002033007564023137
train/approx_kl,456704,0.003394106635823846
train/approx_kl,458752,0.002598012797534466
train/approx_kl,460800,0.003092760220170021
train/approx_kl,462848,0.0034294934011995792
train/approx_kl,464896,0.0025742719881236553
train/approx_kl,466944,0.004399121273308992
train/approx_kl,468992,0.0027787438593804836
train/approx_kl,471040,0.0030752322636544704
train/approx_kl,473088,0.003425333648920059
train/approx_kl,475136,0.0033326824195683002
train/approx_kl,477184,0.002616189420223236
train/approx_kl,479232,0.0037106829695403576
train/approx_kl,481280,0.003763631684705615
train/approx_kl,483328,0.0027006776072084904
train/approx_kl,485376,0.002953385002911091
train/approx_kl,487424,0.0034749300684779882
train/approx_kl,489472,0.002709264401346445
train/approx_kl,491520,0.0033785796258598566
train/approx_kl,493568,0.003020711475983262
train/approx_kl,495616,0.002390073612332344
train/approx_kl,497664,0.002586639951914549
train/approx_kl,499712,0.004121672362089157
train/approx_kl,501760,0.0030950114596635103
train/approx_kl,503808,0.0029031180310994387
train/approx_kl,505856,0.003141743829473853
train/approx_kl,507904,0.003144668648019433
train/approx_kl,509952,0.0034750523045659065
train/approx_kl,512000,0.0028982339426875114
train/approx_kl,514048,0.0037992079742252827
train/approx_kl,516096,0.002980301156640053
train/approx_kl,518144,0.002367401961237192
train/approx_kl,520192,0.003782094456255436
train/approx_kl,522240,0.0028849043883383274
train/approx_kl,524288,0.003129993798211217
train/approx_kl,526336,0.0031455301214009523
train/approx_kl,528384,0.0026846586260944605
train/approx_kl,530432,0.002474600449204445
train/approx_kl,532480,0.0034476034343242645
train/approx_kl,534528,0.0027707000263035297
train/approx_kl,536576,0.0058794473297894
train/approx_kl,538624,0.0034881376195698977
train/approx_kl,540672,0.0028929999098181725
train/approx_kl,542720,0.0032063142862170935
train/approx_kl,544768,0.0037318961694836617
train/approx_kl,546816,0.0033903298899531364
train/approx_kl,548864,0.0030526353511959314
train/approx_kl,550912,0.0036230692639946938
train/approx_kl,552960,0.0028782065492123365
train/approx_kl,555008,0.0035249239299446344
train/approx_kl,557056,0.0028721317648887634
train/approx_kl,559104,0.002765882294625044
train/approx_kl,561152,0.003100245026871562
train/approx_kl,563200,0.00232639885507524
train/approx_kl,565248,0.0028620376251637936
train/approx_kl,567296,0.0030367982108145952
train/approx_kl,569344,0.0035996977239847183
train/approx_kl,571392,0.0039060357958078384
train/approx_kl,573440,0.0030110408551990986
train/approx_kl,575488,0.002946644090116024
train/approx_kl,577536,0.0035159315448254347
train/approx_kl,579584,0.003527224762365222
train/approx_kl,581632,0.002816231455653906
train/approx_kl,583680,0.0022320332936942577
train/approx_kl,585728,0.002641962608322501
train/approx_kl,587776,0.00231037475168705
train/approx_kl,589824,0.0025405031628906727
train/approx_kl,591872,0.0035910257138311863
train/approx_kl,593920,0.003337944857776165
train/approx_kl,595968,0.0035284911282360554
train/approx_kl,598016,0.0043624285608530045
train/approx_kl,600064,0.0033004654105752707
train/approx_kl,602112,0.0037396540865302086
train/approx_kl,604160,0.003568528452888131
train/approx_kl,606208,0.0027311970479786396
train/approx_kl,608256,0.0024077778216451406
train/approx_kl,610304,0.0029313284903764725
train/approx_kl,612352,0.002756466157734394
train/approx_kl,614400,0.0026504220440983772
train/approx_kl,616448,0.0026224052999168634
train/approx_kl,618496,0.001606685807928443
train/approx_kl,620544,0.0030683823861181736
train/approx_kl,622592,0.00427585793659091
train/approx_kl,624640,0.0025046656373888254
train/approx_kl,626688,0.003787160385400057
train/approx_kl,628736,0.0029374416917562485
train/approx_kl,630784,0.003393217222765088
train/approx_kl,632832,0.0033800597302615643
train/approx_kl,634880,0.0030322878155857325
train/approx_kl,636928,0.0029340828768908978
train/approx_kl,638976,0.0028080190531909466
train/approx_kl,641024,0.00447632372379303
train/approx_kl,643072,0.003089642385020852
train/approx_kl,645120,0.0027051244396716356
train/approx_kl,647168,0.0038704820908606052
train/approx_kl,649216,0.003477958030998707
train/approx_kl,651264,0.0028554811142385006
train/approx_kl,653312,0.0034272908233106136
train/approx_kl,655360,0.0038543895352631807
train/approx_kl,657408,0.002773223677650094
train/approx_kl,659456,0.003157178871333599
train/approx_kl,661504,0.0024247346445918083
train/approx_kl,663552,0.0028278722893446684
train/approx_kl,665600,0.0027635889127850533
train/approx_kl,667648,0.00383297773078084
train/approx_kl,669696,0.0034872570540755987
train/approx_kl,671744,0.003051139647141099
train/approx_kl,673792,0.0033021331764757633
train/approx_kl,675840,0.0031150085851550102
train/approx_kl,677888,0.003805086947977543
train/approx_kl,679936,0.0026595438830554485
train/approx_kl,681984,0.002904653549194336
train/approx_kl,684032,0.0027951521333307028
train/approx_kl,686080,0.0030929085332900286
train/approx_kl,688128,0.0024691717699170113
train/approx_kl,690176,0.003574409056454897
train/approx_kl,692224,0.0025306669995188713
train/approx_kl,694272,0.0014266009675338864
train/approx_kl,696320,0.0024669067934155464
train/approx_kl,698368,0.0030932840891182423
train/approx_kl,700416,0.003585667349398136
train/approx_kl,702464,0.0029355266597121954
train/approx_kl,704512,0.002668907167389989
train/approx_kl,706560,0.003625496756285429
train/approx_kl,708608,0.0031591521110385656
train/approx_kl,710656,0.0033240127377212048
train/approx_kl,712704,0.003200237173587084
train/approx_kl,714752,0.003442135639488697
train/approx_kl,716800,0.0026538269594311714
train/approx_kl,718848,0.0028229872696101665
train/approx_kl,720896,0.002364944200962782
train/approx_kl,722944,0.00274485582485795
train/approx_kl,724992,0.001869027502834797
train/approx_kl,727040,0.0028649447485804558
train/approx_kl,729088,0.0025994419120252132
train/approx_kl,731136,0.003298089373856783
train/approx_kl,733184,0.002864108420908451
train/approx_kl,735232,0.002706947736442089
train/approx_kl,737280,0.003353060455992818
train/approx_kl,739328,0.0037800539284944534
train/approx_kl,741376,0.0032458838541060686
train/approx_kl,743424,0.0036948039196431637
train/approx_kl,745472,0.002583795692771673
train/approx_kl,747520,0.003139727981761098
train/approx_kl,749568,0.003458150662481785
train/approx_kl,751616,0.0032417057082057
train/approx_kl,753664,0.002305914182215929
train/approx_kl,755712,0.002687923377379775
train/approx_kl,757760,0.001920328359119594
train/approx_kl,759808,0.002700712066143751
train/approx_kl,761856,0.0031396104022860527
train/approx_kl,763904,0.002626133384183049
train/approx_kl,765952,0.0038356336299329996
train/approx_kl,768000,0.002188894897699356
train/approx_kl,770048,0.0032234620302915573
train/approx_kl,772096,0.0024819285608828068
train/approx_kl,774144,0.003023930825293064
train/approx_kl,776192,0.003901077900081873
train/approx_kl,778240,0.003331332001835108
train/approx_kl,780288,0.0023879623040556908
train/approx_kl,782336,0.003820424433797598
train/approx_kl,784384,0.0029691546224057674
train/approx_kl,786432,0.003609840292483568
train/approx_kl,788480,0.0033496497198939323
train/approx_kl,790528,0.001877959119156003
train/approx_kl,792576,0.0020488633308559656
train/approx_kl,794624,0.0019114827737212181
train/approx_kl,796672,0.002579981926828623
train/approx_kl,798720,0.002881370484828949
train/approx_kl,800768,0.0015221028588712215
train/approx_kl,802816,0.002014364115893841
train/approx_kl,804864,0.00216333637945354
train/approx_kl,806912,0.0027262724470347166
train/approx_kl,808960,0.0026360934134572744
train/approx_kl,811008,0.0029528653249144554
train/approx_kl,813056,0.0017743881326168776
train/approx_kl,815104,0.0032245824113488197
train/approx_kl,817152,0.001740913139656186
train/approx_kl,819200,0.002983143785968423
train/approx_kl,821248,0.003103683004155755
train/approx_kl,823296,0.002918791025876999
train/approx_kl,825344,0.002130615059286356
train/approx_kl,827392,0.0015689439605921507
train/approx_kl,829440,0.0027175662107765675
train/approx_kl,831488,0.002802096074447036
train/approx_kl,833536,0.0027860079426318407
train/approx_kl,835584,0.0018267397535964847
train/approx_kl,837632,0.0024236557073891163
train/approx_kl,839680,0.0033396328799426556
train/approx_kl,841728,0.0020125173032283783
train/approx_kl,843776,0.003226940520107746
train/approx_kl,845824,0.002699328353628516
train/approx_kl,847872,0.002029608003795147
train/approx_kl,849920,0.003585097612813115
train/approx_kl,851968,0.0038281618617475033
train/approx_kl,854016,0.0035298438742756844
train/approx_kl,856064,0.0029556667432188988
train/approx_kl,858112,0.0029101830441504717
train/approx_kl,860160,0.0032907570712268353
train/approx_kl,862208,0.002929885406047106
train/approx_kl,864256,0.002884328132495284
train/approx_kl,866304,0.004040326923131943
train/approx_kl,868352,0.0035275043919682503
train/approx_kl,870400,0.002945518586784601
train/approx_kl,872448,0.0026735796127468348
train/approx_kl,874496,0.0031779538840055466
train/approx_kl,876544,0.0031009626109153032
train/approx_kl,878592,0.00421543512493372
train/approx_kl,880640,0.0025680391117930412
train/approx_kl,882688,0.0021598199382424355
train/approx_kl,884736,0.002762393793091178
train/approx_kl,886784,0.0030501193832606077
train/approx_kl,888832,0.0033509517088532448
train/approx_kl,890880,0.003270327113568783
train/approx_kl,892928,0.0031179534271359444
train/approx_kl,894976,0.0034571243450045586
train/approx_kl,897024,0.0021633116994053125
train/approx_kl,899072,0.0031344937160611153
train/approx_kl,901120,0.003931115381419659
train/approx_kl,903168,0.0025899969041347504
train/approx_kl,905216,0.002645152620971203
train/approx_kl,907264,0.004107196349650621
train/approx_kl,909312,0.0029451835434883833
train/approx_kl,911360,0.0031200675293803215
train/approx_kl,913408,0.002482841955497861
train/approx_kl,915456,0.0026374750304967165
train/approx_kl,917504,0.0027009104378521442
train/approx_kl,919552,0.0031199513468891382
train/approx_kl,921600,0.004380690399557352
train/approx_kl,923648,0.002971088280901313
train/approx_kl,925696,0.0027779806405305862
train/approx_kl,927744,0.0030031544156372547
train/approx_kl,929792,0.003473090473562479
train/approx_kl,931840,0.002528752200305462
train/approx_kl,933888,0.003737775841727853
train/approx_kl,935936,0.003231904935091734
train/approx_kl,937984,0.0032143534626811743
train/approx_kl,940032,0.003670199541375041
train/approx_kl,942080,0.003523369785398245
train/approx_kl,944128,0.002940055448561907
train/approx_kl,946176,0.002877421211451292
train/approx_kl,948224,0.003560819197446108
train/approx_kl,950272,0.0029226881451904774
train/approx_kl,952320,0.0026124101132154465
train/approx_kl,954368,0.0032667461782693863
train/approx_kl,956416,0.0035069792065769434
train/approx_kl,958464,0.0021718479692935944
train/approx_kl,960512,0.003094713669270277
train/approx_kl,962560,0.004576311446726322
train/approx_kl,964608,0.0031162314116954803
train/approx_kl,966656,0.003786476794630289
train/approx_kl,968704,0.0027332063764333725
train/approx_kl,970752,0.0033544148318469524
train/approx_kl,972800,0.003646348835900426
train/approx_kl,974848,0.002757000271230936
train/approx_kl,976896,0.003044913988560438
train/approx_kl,978944,0.003278079442679882
train/approx_kl,980992,0.003284316509962082
train/approx_kl,983040,0.0033897790126502514
train/approx_kl,985088,0.002859890228137374
train/approx_kl,987136,0.0025620758533477783
train/approx_kl,989184,0.002987802028656006
train/approx_kl,991232,0.0036357296630740166
train/approx_kl,993280,0.0035685293842107058
train/approx_kl,995328,0.003184853121638298
train/approx_kl,997376,0.0035956092178821564
train/approx_kl,999424,0.0025421902537345886
train/approx_kl,1001472,0.0044947159476578236
train/clip_fraction,4096,0.09721679985523224
train/clip_fraction,6144,0.11616210639476776
train/clip_fraction,8192,0.13330078125
train/clip_fraction,10240,0.10048828274011612
train/clip_fraction,12288,0.09965820610523224
train/clip_fraction,14336,0.137939453125
train/clip_fraction,16384,0.18989257514476776
train/clip_fraction,18432,0.18017578125
train/clip_fraction,20480,0.15654297173023224
train/clip_fraction,22528,0.13212890923023224
train/clip_fraction,24576,0.144775390625
train/clip_fraction,26624,0.16704101860523224
train/clip_fraction,28672,0.14873047173023224
train/clip_fraction,30720,0.1337890625
train/clip_fraction,32768,0.18007811903953552
train/clip_fraction,34816,0.11528320610523224
train/clip_fraction,36864,0.1474609375
train/clip_fraction,38912,0.14711913466453552
train/clip_fraction,40960,0.14687499403953552
train/clip_fraction,43008,0.15976563096046448
train/clip_fraction,45056,0.12983398139476776
train/clip_fraction,47104,0.132080078125
train/clip_fraction,49152,0.192138671875
train/clip_fraction,51200,0.12841796875
train/clip_fraction,53248,0.09892578423023224
train/clip_fraction,55296,0.10478515923023224
train/clip_fraction,57344,0.14472655951976776
train/clip_fraction,59392,0.14384765923023224
train/clip_fraction,61440,0.12543945014476776
train/clip_fraction,63488,0.14033202826976776
train/clip_fraction,65536,0.10805664211511612
train/clip_fraction,67584,0.123046875
train/clip_fraction,69632,0.13950195908546448
train/clip_fraction,71680,0.13041992485523224
train/clip_fraction,73728,0.11044921725988388
train/clip_fraction,75776,0.08452148735523224
train/clip_fraction,77824,0.13486328721046448
train/clip_fraction,79872,0.1201171875
train/clip_fraction,81920,0.13857421278953552
train/clip_fraction,83968,0.12763671576976776
train/clip_fraction,86016,0.09990234673023224
train/clip_fraction,88064,0.10244140774011612
train/clip_fraction,90112,0.0966796875
train/clip_fraction,92160,0.12548828125
train/clip_fraction,94208,0.12675781548023224
train/clip_fraction,96256,0.11064453423023224
train/clip_fraction,98304,0.10498046875
train/clip_fraction,100352,0.12441406399011612
train/clip_fraction,102400,0.10810546576976776
train/clip_fraction,104448,0.12456054985523224
train/clip_fraction,106496,0.128662109375
train/clip_fraction,108544,0.1044921875
train/clip_fraction,110592,0.10585937649011612
train/clip_fraction,112640,0.11679687350988388
train/clip_fraction,114688,0.13017578423023224
train/clip_fraction,116736,0.12875977158546448
train/clip_fraction,118784,0.12421874701976776
train/clip_fraction,120832,0.16298827528953552
train/clip_fraction,122880,0.09663085639476776
train/clip_fraction,124928,0.11298827826976776
train/clip_fraction,126976,0.09550781548023224
train/clip_fraction,129024,0.12265624850988388
train/clip_fraction,131072,0.10922851413488388
train/clip_fraction,133120,0.13662108778953552
train/clip_fraction,135168,0.15546874701976776
train/clip_fraction,137216,0.11494140326976776
train/clip_fraction,139264,0.13994140923023224
train/clip_fraction,141312,0.14589843153953552
train/clip_fraction,143360,0.13388672471046448
train/clip_fraction,145408,0.13876953721046448
train/clip_fraction,147456,0.129638671875
train/clip_fraction,149504,0.13505859673023224
train/clip_fraction,151552,0.11850585788488388
train/clip_fraction,153600,0.10712890326976776
train/clip_fraction,155648,0.13383789360523224
train/clip_fraction,157696,0.10947265475988388
train/clip_fraction,159744,0.12021484225988388
train/clip_fraction,161792,0.13017578423023224
train/clip_fraction,163840,0.13813476264476776
train/clip_fraction,165888,0.150634765625
train/clip_fraction,167936,0.114990234375
train/clip_fraction,169984,0.12763671576976776
train/clip_fraction,172032,0.16508789360523224
train/clip_fraction,174080,0.12978515028953552
train/clip_fraction,176128,0.13520507514476776
train/clip_fraction,178176,0.10463867336511612
train/clip_fraction,180224,0.14951172471046448
train/clip_fraction,182272,0.13623046875
train/clip_fraction,184320,0.12983398139476776
train/clip_fraction,186368,0.14345702528953552
train/clip_fraction,188416,0.13632813096046448
train/clip_fraction,190464,0.14169922471046448
train/clip_fraction,192512,0.14750976860523224
train/clip_fraction,194560,0.11040039360523224
train/clip_fraction,196608,0.14926758408546448
train/clip_fraction,198656,0.13271483778953552
train/clip_fraction,200704,0.15976563096046448
train/clip_fraction,202752,0.14804688096046448
train/clip_fraction,204800,0.13081054389476776
train/clip_fraction,206848,0.11455078423023224
train/clip_fraction,208896,0.161376953125
train/clip_fraction,210944,0.15742187201976776
train/clip_fraction,212992,0.12021484225988388
train/clip_fraction,215040,0.10556640475988388
train/clip_fraction,217088,0.12197265774011612
train/clip_fraction,219136,0.123291015625
train/clip_fraction,221184,0.16640624403953552
train/clip_fraction,223232,0.12333984673023224
train/clip_fraction,225280,0.130859375
train/clip_fraction,227328,0.15805664658546448
train/clip_fraction,229376,0.15175780653953552
train/clip_fraction,231424,0.13901367783546448
train/clip_fraction,233472,0.15961913764476776
train/clip_fraction,235520,0.14111328125
train/clip_fraction,237568,0.12724609673023224
train/clip_fraction,239616,0.11884765326976776
train/clip_fraction,241664,0.11142577975988388
train/clip_fraction,243712,0.11567382514476776
train/clip_fraction,245760,0.11274413764476776
train/clip_fraction,247808,0.109619140625
train/clip_fraction,249856,0.1005859375
train/clip_fraction,251904,0.15434570610523224
train/clip_fraction,253952,0.126708984375
train/clip_fraction,256000,0.15175780653953552
train/clip_fraction,258048,0.13671875
train/clip_fraction,260096,0.12299804389476776
train/clip_fraction,262144,0.16411133110523224
train/clip_fraction,264192,0.13579101860523224
train/clip_fraction,266240,0.13828125596046448
train/clip_fraction,268288,0.131103515625
train/clip_fraction,270336,0.12373046576976776
train/clip_fraction,272384,0.12919922173023224
train/clip_fraction,274432,0.171142578125
train/clip_fraction,276480,0.17119140923023224
train/clip_fraction,278528,0.128173828125
train/clip_fraction,280576,0.13466796278953552
train/clip_fraction,282624,0.11967773735523224
train/clip_fraction,284672,0.13945312798023224
train/clip_fraction,286720,0.08369140326976776
train/clip_fraction,288768,0.124755859375
train/clip_fraction,290816,0.14204101264476776
train/clip_fraction,292864,0.16606445610523224
train/clip_fraction,294912,0.15625
train/clip_fraction,296960,0.11020507663488388
train/clip_fraction,299008,0.14516600966453552
train/clip_fraction,301056,0.13535156846046448
train/clip_fraction,303104,0.14106445014476776
train/clip_fraction,305152,0.15131835639476776
train/clip_fraction,307200,0.13134765625
train/clip_fraction,309248,0.13374023139476776
train/clip_fraction,311296,0.13676758110523224
train/clip_fraction,313344,0.11577148735523224
train/clip_fraction,315392,0.12080077826976776
train/clip_fraction,317440,0.14296874403953552
train/clip_fraction,319488,0.13906249403953552
train/clip_fraction,321536,0.16044922173023224
train/clip_fraction,323584,0.12260742485523224
train/clip_fraction,325632,0.13662108778953552
train/clip_fraction,327680,0.113525390625
train/clip_fraction,329728,0.16362304985523224
train/clip_fraction,331776,0.12788085639476776
train/clip_fraction,333824,0.13124999403953552
train/clip_fraction,335872,0.17412109673023224
train/clip_fraction,337920,0.14443358778953552
train/clip_fraction,339968,0.12412109225988388
train/clip_fraction,342016,0.14101561903953552
train/clip_fraction,344064,0.10761718451976776
train/clip_fraction,346112,0.12192382663488388
train/clip_fraction,348160,0.14731445908546448
train/clip_fraction,350208,0.12949219346046448
train/clip_fraction,352256,0.14453125
train/clip_fraction,354304,0.14296874403953552
train/clip_fraction,356352,0.12680664658546448
train/clip_fraction,358400,0.16176757216453552
train/clip_fraction,360448,0.13251952826976776
train/clip_fraction,362496,0.15483398735523224
train/clip_fraction,364544,0.12753906846046448
train/clip_fraction,366592,0.15419921278953552
train/clip_fraction,368640,0.14028319716453552
train/clip_fraction,370688,0.13979491591453552
train/clip_fraction,372736,0.13481445610523224
train/clip_fraction,374784,0.12578125298023224
train/clip_fraction,376832,0.13315430283546448
train/clip_fraction,378880,0.13642577826976776
train/clip_fraction,380928,0.12924805283546448
train/clip_fraction,382976,0.132568359375
train/clip_fraction,385024,0.13393554091453552
train/clip_fraction,387072,0.16264648735523224
train/clip_fraction,389120,0.09780273586511612
train/clip_fraction,391168,0.14653320610523224
train/clip_fraction,393216,0.15351562201976776
train/clip_fraction,395264,0.134033203125
train/clip_fraction,397312,0.16464844346046448
train/clip_fraction,399360,0.15327148139476776
train/clip_fraction,401408,0.148193359375
train/clip_fraction,403456,0.134033203125
train/clip_fraction,405504,0.14316406846046448
train/clip_fraction,407552,0.14838866889476776
train/clip_fraction,409600,0.13154296576976776
train/clip_fraction,411648,0.13613280653953552
train/clip_fraction,413696,0.16928711533546448
train/clip_fraction,415744,0.13466796278953552
train/clip_fraction,417792,0.151611328125
train/clip_fraction,419840,0.12143554538488388
train/clip_fraction,421888,0.10751952975988388
train/clip_fraction,423936,0.13520507514476776
train/clip_fraction,425984,0.13491210341453552
train/clip_fraction,428032,0.13081054389476776
train/clip_fraction,430080,0.129638671875
train/clip_fraction,432128,0.14374999701976776
train/clip_fraction,434176,0.14072266221046448
train/clip_fraction,436224,0.13144531846046448
train/clip_fraction,438272,0.12211914360523224
train/clip_fraction,440320,0.13320311903953552
train/clip_fraction,442368,0.09316406399011612
train/clip_fraction,444416,0.12680664658546448
train/clip_fraction,446464,0.156982421875
train/clip_fraction,448512,0.12734374403953552
train/clip_fraction,450560,0.12910155951976776
train/clip_fraction,452608,0.14360351860523224
train/clip_fraction,454656,0.11176757514476776
train/clip_fraction,456704,0.13359375298023224
train/clip_fraction,458752,0.13466796278953552
train/clip_fraction,460800,0.12353515625
train/clip_fraction,462848,0.14204101264476776
train/clip_fraction,464896,0.13295897841453552
train/clip_fraction,466944,0.15117187798023224
train/clip_fraction,468992,0.1123046875
train/clip_fraction,471040,0.14082030951976776
train/clip_fraction,473088,0.151123046875
train/clip_fraction,475136,0.11962890625
train/clip_fraction,477184,0.09736327826976776
train/clip_fraction,479232,0.13798828423023224
train/clip_fraction,481280,0.15522460639476776
train/clip_fraction,483328,0.13330078125
train/clip_fraction,485376,0.14628906548023224
train/clip_fraction,487424,0.13510742783546448
train/clip_fraction,489472,0.14243164658546448
train/clip_fraction,491520,0.13466796278953552
train/clip_fraction,493568,0.148193359375
train/clip_fraction,495616,0.12158203125
train/clip_fraction,497664,0.10830078274011612
train/clip_fraction,499712,0.19819335639476776
train/clip_fraction,501760,0.15668945014476776
train/clip_fraction,503808,0.101318359375
train/clip_fraction,505856,0.12089844048023224
train/clip_fraction,507904,0.14291992783546448
train/clip_fraction,509952,0.16171875596046448
train/clip_fraction,512000,0.14580078423023224
train/clip_fraction,514048,0.15102538466453552
train/clip_fraction,516096,0.16230468451976776
train/clip_fraction,518144,0.13930663466453552
train/clip_fraction,520192,0.15488281846046448
train/clip_fraction,522240,0.12158203125
train/clip_fraction,524288,0.11948242038488388
train/clip_fraction,526336,0.12368164211511612
train/clip_fraction,528384,0.13315430283546448
train/clip_fraction,530432,0.14687499403953552
train/clip_fraction,532480,0.12124023586511612
train/clip_fraction,534528,0.15000000596046448
train/clip_fraction,536576,0.177490234375
train/clip_fraction,538624,0.15278320014476776
train/clip_fraction,540672,0.14497070014476776
train/clip_fraction,542720,0.12490234524011612
train/clip_fraction,544768,0.16079100966453552
train/clip_fraction,546816,0.167236328125
train/clip_fraction,548864,0.14780274033546448
train/clip_fraction,550912,0.134521484375
train/clip_fraction,552960,0.11635742336511612
train/clip_fraction,555008,0.13510742783546448
train/clip_fraction,557056,0.12910155951976776
train/clip_fraction,559104,0.113037109375
train/clip_fraction,561152,0.13383789360523224
train/clip_fraction,563200,0.10537109524011612
train/clip_fraction,565248,0.13535156846046448
train/clip_fraction,567296,0.11899413913488388
train/clip_fraction,569344,0.130859375
train/clip_fraction,571392,0.145751953125
train/clip_fraction,573440,0.12485351413488388
train/clip_fraction,575488,0.14150390028953552
train/clip_fraction,577536,0.153076171875
train/clip_fraction,579584,0.12338867038488388
train/clip_fraction,581632,0.10947265475988388
train/clip_fraction,583680,0.09536132961511612
train/clip_fraction,585728,0.14150390028953552
train/clip_fraction,587776,0.08085937798023224
train/clip_fraction,589824,0.125732421875
train/clip_fraction,591872,0.10209961235523224
train/clip_fraction,593920,0.09614257514476776
train/clip_fraction,595968,0.15644530951976776
train/clip_fraction,598016,0.15019531548023224
train/clip_fraction,600064,0.12309570610523224
train/clip_fraction,602112,0.14936523139476776
train/clip_fraction,604160,0.12392578274011612
train/clip_fraction,606208,0.13007812201976776
train/clip_fraction,608256,0.12094726413488388
train/clip_fraction,610304,0.12358398735523224
train/clip_fraction,612352,0.109375
train/clip_fraction,614400,0.11787109076976776
train/clip_fraction,616448,0.13041992485523224
train/clip_fraction,618496,0.13974609971046448
train/clip_fraction,620544,0.07500000298023224
train/clip_fraction,622592,0.12822265923023224
train/clip_fraction,624640,0.096923828125
train/clip_fraction,626688,0.14326171576976776
train/clip_fraction,628736,0.11811523139476776
train/clip_fraction,630784,0.16225585341453552
train/clip_fraction,632832,0.13447265326976776
train/clip_fraction,634880,0.13388672471046448
train/clip_fraction,636928,0.14150390028953552
train/clip_fraction,638976,0.15478515625
train/clip_fraction,641024,0.13828125596046448
train/clip_fraction,643072,0.12646484375
train/clip_fraction,645120,0.11430664360523224
train/clip_fraction,647168,0.14726562798023224
train/clip_fraction,649216,0.10385742038488388
train/clip_fraction,651264,0.14125975966453552
train/clip_fraction,653312,0.14072266221046448
train/clip_fraction,655360,0.15292969346046448
train/clip_fraction,657408,0.11118163913488388
train/clip_fraction,659456,0.15673828125
train/clip_fraction,661504,0.11992187798023224
train/clip_fraction,663552,0.12431640923023224
train/clip_fraction,665600,0.11528320610523224
train/clip_fraction,667648,0.14633789658546448
train/clip_fraction,669696,0.118408203125
train/clip_fraction,671744,0.14492186903953552
train/clip_fraction,673792,0.15371093153953552
train/clip_fraction,675840,0.121826171875
train/clip_fraction,677888,0.13320311903953552
train/clip_fraction,679936,0.11601562798023224
train/clip_fraction,681984,0.11069335788488388
train/clip_fraction,684032,0.12583008408546448
train/clip_fraction,686080,0.13876953721046448
train/clip_fraction,688128,0.13593749701976776
train/clip_fraction,690176,0.15468749403953552
train/clip_fraction,692224,0.08779297024011612
train/clip_fraction,694272,0.04990234225988388
train/clip_fraction,696320,0.07280273735523224
train/clip_fraction,698368,0.12739257514476776
train/clip_fraction,700416,0.11362304538488388
train/clip_fraction,702464,0.13447265326976776
train/clip_fraction,704512,0.13491210341453552
train/clip_fraction,706560,0.15244141221046448
train/clip_fraction,708608,0.13144531846046448
train/clip_fraction,710656,0.11518554389476776
train/clip_fraction,712704,0.14902344346046448
train/clip_fraction,714752,0.16230468451976776
train/clip_fraction,716800,0.10629882663488388
train/clip_fraction,718848,0.12514647841453552
train/clip_fraction,720896,0.11025390774011612
train/clip_fraction,722944,0.11503906548023224
train/clip_fraction,724992,0.09174804389476776
train/clip_fraction,727040,0.10678710788488388
train/clip_fraction,729088,0.12778320908546448
train/clip_fraction,731136,0.10527344048023224
train/clip_fraction,733184,0.13481445610523224
train/clip_fraction,735232,0.12001953274011612
train/clip_fraction,737280,0.13608399033546448
train/clip_fraction,739328,0.14287109673023224
train/clip_fraction,741376,0.13730469346046448
train/clip_fraction,743424,0.1513671875
train/clip_fraction,745472,0.12714843451976776
train/clip_fraction,747520,0.11684570461511612
train/clip_fraction,749568,0.15644530951976776
train/clip_fraction,751616,0.15336914360523224
train/clip_fraction,753664,0.07460937649011612
train/clip_fraction,755712,0.10546875
train/clip_fraction,757760,0.11113281548023224
train/clip_fraction,759808,0.08017577975988388
train/clip_fraction,761856,0.11074218899011612
train/clip_fraction,763904,0.10893554985523224
train/clip_fraction,765952,0.15678711235523224
train/clip_fraction,768000,0.10488281399011612
train/clip_fraction,770048,0.116455078125
train/clip_fraction,772096,0.10869140923023224
train/clip_fraction,774144,0.14804688096046448
train/clip_fraction,776192,0.16069336235523224
train/clip_fraction,778240,0.13291016221046448
train/clip_fraction,780288,0.12202148139476776
train/clip_fraction,782336,0.12827149033546448
train/clip_fraction,784384,0.12753906846046448
train/clip_fraction,786432,0.14985351264476776
train/clip_fraction,788480,0.09926757961511612
train/clip_fraction,790528,0.11616210639476776
train/clip_fraction,792576,0.095458984375
train/clip_fraction,794624,0.08281250298023224
train/clip_fraction,796672,0.10722656548023224
train/clip_fraction,798720,0.09677734225988388
train/clip_fraction,800768,0.0634765625
train/clip_fraction,802816,0.10029296576976776
train/clip_fraction,804864,0.06645508110523224
train/clip_fraction,806912,0.10981445014476776
train/clip_fraction,808960,0.107177734375
train/clip_fraction,811008,0.124267578125
train/clip_fraction,813056,0.10361327975988388
train/clip_fraction,815104,0.110107421875
train/clip_fraction,817152,0.06342773139476776
train/clip_fraction,819200,0.10908202826976776
train/clip_fraction,821248,0.12846679985523224
train/clip_fraction,823296,0.12197265774011612
train/clip_fraction,825344,0.09931640326976776
train/clip_fraction,827392,0.05214843899011612
train/clip_fraction,829440,0.09389648586511612
train/clip_fraction,831488,0.11826171725988388
train/clip_fraction,833536,0.11879882961511612
train/clip_fraction,835584,0.08544921875
train/clip_fraction,837632,0.08950195461511612
train/clip_fraction,839680,0.14052733778953552
train/clip_fraction,841728,0.08706054836511612
train/clip_fraction,843776,0.13505859673023224
train/clip_fraction,845824,0.10029296576976776
train/clip_fraction,847872,0.100341796875
train/clip_fraction,849920,0.16923828423023224
train/clip_fraction,851968,0.15371093153953552
train/clip_fraction,854016,0.14028319716453552
train/clip_fraction,856064,0.12783202528953552
train/clip_fraction,858112,0.13486328721046448
train/clip_fraction,860160,0.12563475966453552
train/clip_fraction,862208,0.13681641221046448
train/clip_fraction,864256,0.143310546875
train/clip_fraction,866304,0.13422851264476776
train/clip_fraction,868352,0.15610352158546448
train/clip_fraction,870400,0.14189453423023224
train/clip_fraction,872448,0.133544921875
train/clip_fraction,874496,0.15395507216453552
train/clip_fraction,876544,0.14189453423023224
train/clip_fraction,878592,0.15493163466453552
train/clip_fraction,880640,0.1181640625
train/clip_fraction,882688,0.09208984673023224
train/clip_fraction,884736,0.130859375
train/clip_fraction,886784,0.142333984375
train/clip_fraction,888832,0.14204101264476776
train/clip_fraction,890880,0.162353515625
train/clip_fraction,892928,0.16420897841453552
train/clip_fraction,894976,0.15419921278953552
train/clip_fraction,897024,0.10590820014476776
train/clip_fraction,899072,0.12700195610523224
train/clip_fraction,901120,0.13750000298023224
train/clip_fraction,903168,0.14155273139476776
train/clip_fraction,905216,0.13627929985523224
train/clip_fraction,907264,0.138671875
train/clip_fraction,909312,0.14057616889476776
train/clip_fraction,911360,0.13872070610523224
train/clip_fraction,913408,0.11406250298023224
train/clip_fraction,915456,0.11728515475988388
train/clip_fraction,917504,0.12641601264476776
train/clip_fraction,919552,0.13847656548023224
train/clip_fraction,921600,0.169677734375
train/clip_fraction,923648,0.16777344048023224
train/clip_fraction,925696,0.158935546875
train/clip_fraction,927744,0.13076171278953552
train/clip_fraction,929792,0.15576171875
train/clip_fraction,931840,0.11669921875
train/clip_fraction,933888,0.15327148139476776
train/clip_fraction,935936,0.14516600966453552
train/clip_fraction,937984,0.13803711533546448
train/clip_fraction,940032,0.13144531846046448
train/clip_fraction,942080,0.14252929389476776
train/clip_fraction,944128,0.14277343451976776
train/clip_fraction,946176,0.14052733778953552
train/clip_fraction,948224,0.13056640326976776
train/clip_fraction,950272,0.12451171875
train/clip_fraction,952320,0.118408203125
train/clip_fraction,954368,0.15327148139476776
train/clip_fraction,956416,0.12812499701976776
train/clip_fraction,958464,0.11323241889476776
train/clip_fraction,960512,0.15444335341453552
train/clip_fraction,962560,0.18901367485523224
train/clip_fraction,964608,0.152099609375
train/clip_fraction,966656,0.15336914360523224
train/clip_fraction,968704,0.11298827826976776
train/clip_fraction,970752,0.138427734375
train/clip_fraction,972800,0.15004882216453552
train/clip_fraction,974848,0.13920898735523224
train/clip_fraction,976896,0.11362304538488388
train/clip_fraction,978944,0.14853516221046448
train/clip_fraction,980992,0.14082030951976776
train/clip_fraction,983040,0.12729492783546448
train/clip_fraction,985088,0.13608399033546448
train/clip_fraction,987136,0.13671875
train/clip_fraction,989184,0.12314452975988388
train/clip_fraction,991232,0.17290039360523224
train/clip_fraction,993280,0.13056640326976776
train/clip_fraction,995328,0.15234375
train/clip_fraction,997376,0.15786132216453552
train/clip_fraction,999424,0.15288086235523224
train/clip_fraction,1001472,0.12661132216453552
train/clip_range,4096,0.10000000149011612
train/clip_range,6144,0.10000000149011612
train/clip_range,8192,0.10000000149011612
train/clip_range,10240,0.10000000149011612
train/clip_range,12288,0.10000000149011612
train/clip_range,14336,0.10000000149011612
train/clip_range,16384,0.10000000149011612
train/clip_range,18432,0.10000000149011612
train/clip_range,20480,0.10000000149011612
train/clip_range,22528,0.10000000149011612
train/clip_range,24576,0.10000000149011612
train/clip_range,26624,0.10000000149011612
train/clip_range,28672,0.10000000149011612
train/clip_range,30720,0.10000000149011612
train/clip_range,32768,0.10000000149011612
train/clip_range,34816,0.10000000149011612
train/clip_range,36864,0.10000000149011612
train/clip_range,38912,0.10000000149011612
train/clip_range,40960,0.10000000149011612
train/clip_range,43008,0.10000000149011612
train/clip_range,45056,0.10000000149011612
train/clip_range,47104,0.10000000149011612
train/clip_range,49152,0.10000000149011612
train/clip_range,51200,0.10000000149011612
train/clip_range,53248,0.10000000149011612
train/clip_range,55296,0.10000000149011612
train/clip_range,57344,0.10000000149011612
train/clip_range,59392,0.10000000149011612
train/clip_range,61440,0.10000000149011612
train/clip_range,63488,0.10000000149011612
train/clip_range,65536,0.10000000149011612
train/clip_range,67584,0.10000000149011612
train/clip_range,69632,0.10000000149011612
train/clip_range,71680,0.10000000149011612
train/clip_range,73728,0.10000000149011612
train/clip_range,75776,0.10000000149011612
train/clip_range,77824,0.10000000149011612
train/clip_range,79872,0.10000000149011612
train/clip_range,81920,0.10000000149011612
train/clip_range,83968,0.10000000149011612
train/clip_range,86016,0.10000000149011612
train/clip_range,88064,0.10000000149011612
train/clip_range,90112,0.10000000149011612
train/clip_range,92160,0.10000000149011612
train/clip_range,94208,0.10000000149011612
train/clip_range,96256,0.10000000149011612
train/clip_range,98304,0.10000000149011612
train/clip_range,100352,0.10000000149011612
train/clip_range,102400,0.10000000149011612
train/clip_range,104448,0.10000000149011612
train/clip_range,106496,0.10000000149011612
train/clip_range,108544,0.10000000149011612
train/clip_range,110592,0.10000000149011612
train/clip_range,112640,0.10000000149011612
train/clip_range,114688,0.10000000149011612
train/clip_range,116736,0.10000000149011612
train/clip_range,118784,0.10000000149011612
train/clip_range,120832,0.10000000149011612
train/clip_range,122880,0.10000000149011612
train/clip_range,124928,0.10000000149011612
train/clip_range,126976,0.10000000149011612
train/clip_range,129024,0.10000000149011612
train/clip_range,131072,0.10000000149011612
train/clip_range,133120,0.10000000149011612
train/clip_range,135168,0.10000000149011612
train/clip_range,137216,0.10000000149011612
train/clip_range,139264,0.10000000149011612
train/clip_range,141312,0.10000000149011612
train/clip_range,143360,0.10000000149011612
train/clip_range,145408,0.10000000149011612
train/clip_range,147456,0.10000000149011612
train/clip_range,149504,0.10000000149011612
train/clip_range,151552,0.10000000149011612
train/clip_range,153600,0.10000000149011612
train/clip_range,155648,0.10000000149011612
train/clip_range,157696,0.10000000149011612
train/clip_range,159744,0.10000000149011612
train/clip_range,161792,0.10000000149011612
train/clip_range,163840,0.10000000149011612
train/clip_range,165888,0.10000000149011612
train/clip_range,167936,0.10000000149011612
train/clip_range,169984,0.10000000149011612
train/clip_range,172032,0.10000000149011612
train/clip_range,174080,0.10000000149011612
train/clip_range,176128,0.10000000149011612
train/clip_range,178176,0.10000000149011612
train/clip_range,180224,0.10000000149011612
train/clip_range,182272,0.10000000149011612
train/clip_range,184320,0.10000000149011612
train/clip_range,186368,0.10000000149011612
train/clip_range,188416,0.10000000149011612
train/clip_range,190464,0.10000000149011612
train/clip_range,192512,0.10000000149011612
train/clip_range,194560,0.10000000149011612
train/clip_range,196608,0.10000000149011612
train/clip_range,198656,0.10000000149011612
train/clip_range,200704,0.10000000149011612
train/clip_range,202752,0.10000000149011612
train/clip_range,204800,0.10000000149011612
train/clip_range,206848,0.10000000149011612
train/clip_range,208896,0.10000000149011612
train/clip_range,210944,0.10000000149011612
train/clip_range,212992,0.10000000149011612
train/clip_range,215040,0.10000000149011612
train/clip_range,217088,0.10000000149011612
train/clip_range,219136,0.10000000149011612
train/clip_range,221184,0.10000000149011612
train/clip_range,223232,0.10000000149011612
train/clip_range,225280,0.10000000149011612
train/clip_range,227328,0.10000000149011612
train/clip_range,229376,0.10000000149011612
train/clip_range,231424,0.10000000149011612
train/clip_range,233472,0.10000000149011612
train/clip_range,235520,0.10000000149011612
train/clip_range,237568,0.10000000149011612
train/clip_range,239616,0.10000000149011612
train/clip_range,241664,0.10000000149011612
train/clip_range,243712,0.10000000149011612
train/clip_range,245760,0.10000000149011612
train/clip_range,247808,0.10000000149011612
train/clip_range,249856,0.10000000149011612
train/clip_range,251904,0.10000000149011612
train/clip_range,253952,0.10000000149011612
train/clip_range,256000,0.10000000149011612
train/clip_range,258048,0.10000000149011612
train/clip_range,260096,0.10000000149011612
train/clip_range,262144,0.10000000149011612
train/clip_range,264192,0.10000000149011612
train/clip_range,266240,0.10000000149011612
train/clip_range,268288,0.10000000149011612
train/clip_range,270336,0.10000000149011612
train/clip_range,272384,0.10000000149011612
train/clip_range,274432,0.10000000149011612
train/clip_range,276480,0.10000000149011612
train/clip_range,278528,0.10000000149011612
train/clip_range,280576,0.10000000149011612
train/clip_range,282624,0.10000000149011612
train/clip_range,284672,0.10000000149011612
train/clip_range,286720,0.10000000149011612
train/clip_range,288768,0.10000000149011612
train/clip_range,290816,0.10000000149011612
train/clip_range,292864,0.10000000149011612
train/clip_range,294912,0.10000000149011612
train/clip_range,296960,0.10000000149011612
train/clip_range,299008,0.10000000149011612
train/clip_range,301056,0.10000000149011612
train/clip_range,303104,0.10000000149011612
train/clip_range,305152,0.10000000149011612
train/clip_range,307200,0.10000000149011612
train/clip_range,309248,0.10000000149011612
train/clip_range,311296,0.10000000149011612
train/clip_range,313344,0.10000000149011612
train/clip_range,315392,0.10000000149011612
train/clip_range,317440,0.10000000149011612
train/clip_range,319488,0.10000000149011612
train/clip_range,321536,0.10000000149011612
train/clip_range,323584,0.10000000149011612
train/clip_range,325632,0.10000000149011612
train/clip_range,327680,0.10000000149011612
train/clip_range,329728,0.10000000149011612
train/clip_range,331776,0.10000000149011612
train/clip_range,333824,0.10000000149011612
train/clip_range,335872,0.10000000149011612
train/clip_range,337920,0.10000000149011612
train/clip_range,339968,0.10000000149011612
train/clip_range,342016,0.10000000149011612
train/clip_range,344064,0.10000000149011612
train/clip_range,346112,0.10000000149011612
train/clip_range,348160,0.10000000149011612
train/clip_range,350208,0.10000000149011612
train/clip_range,352256,0.10000000149011612
train/clip_range,354304,0.10000000149011612
train/clip_range,356352,0.10000000149011612
train/clip_range,358400,0.10000000149011612
train/clip_range,360448,0.10000000149011612
train/clip_range,362496,0.10000000149011612
train/clip_range,364544,0.10000000149011612
train/clip_range,366592,0.10000000149011612
train/clip_range,368640,0.10000000149011612
train/clip_range,370688,0.10000000149011612
train/clip_range,372736,0.10000000149011612
train/clip_range,374784,0.10000000149011612
train/clip_range,376832,0.10000000149011612
train/clip_range,378880,0.10000000149011612
train/clip_range,380928,0.10000000149011612
train/clip_range,382976,0.10000000149011612
train/clip_range,385024,0.10000000149011612
train/clip_range,387072,0.10000000149011612
train/clip_range,389120,0.10000000149011612
train/clip_range,391168,0.10000000149011612
train/clip_range,393216,0.10000000149011612
train/clip_range,395264,0.10000000149011612
train/clip_range,397312,0.10000000149011612
train/clip_range,399360,0.10000000149011612
train/clip_range,401408,0.10000000149011612
train/clip_range,403456,0.10000000149011612
train/clip_range,405504,0.10000000149011612
train/clip_range,407552,0.10000000149011612
train/clip_range,409600,0.10000000149011612
train/clip_range,411648,0.10000000149011612
train/clip_range,413696,0.10000000149011612
train/clip_range,415744,0.10000000149011612
train/clip_range,417792,0.10000000149011612
train/clip_range,419840,0.10000000149011612
train/clip_range,421888,0.10000000149011612
train/clip_range,423936,0.10000000149011612
train/clip_range,425984,0.10000000149011612
train/clip_range,428032,0.10000000149011612
train/clip_range,430080,0.10000000149011612
train/clip_range,432128,0.10000000149011612
train/clip_range,434176,0.10000000149011612
train/clip_range,436224,0.10000000149011612
train/clip_range,438272,0.10000000149011612
train/clip_range,440320,0.10000000149011612
train/clip_range,442368,0.10000000149011612
train/clip_range,444416,0.10000000149011612
train/clip_range,446464,0.10000000149011612
train/clip_range,448512,0.10000000149011612
train/clip_range,450560,0.10000000149011612
train/clip_range,452608,0.10000000149011612
train/clip_range,454656,0.10000000149011612
train/clip_range,456704,0.10000000149011612
train/clip_range,458752,0.10000000149011612
train/clip_range,460800,0.10000000149011612
train/clip_range,462848,0.10000000149011612
train/clip_range,464896,0.10000000149011612
train/clip_range,466944,0.10000000149011612
train/clip_range,468992,0.10000000149011612
train/clip_range,471040,0.10000000149011612
train/clip_range,473088,0.10000000149011612
train/clip_range,475136,0.10000000149011612
train/clip_range,477184,0.10000000149011612
train/clip_range,479232,0.10000000149011612
train/clip_range,481280,0.10000000149011612
train/clip_range,483328,0.10000000149011612
train/clip_range,485376,0.10000000149011612
train/clip_range,487424,0.10000000149011612
train/clip_range,489472,0.10000000149011612
train/clip_range,491520,0.10000000149011612
train/clip_range,493568,0.10000000149011612
train/clip_range,495616,0.10000000149011612
train/clip_range,497664,0.10000000149011612
train/clip_range,499712,0.10000000149011612
train/clip_range,501760,0.10000000149011612
train/clip_range,503808,0.10000000149011612
train/clip_range,505856,0.10000000149011612
train/clip_range,507904,0.10000000149011612
train/clip_range,509952,0.10000000149011612
train/clip_range,512000,0.10000000149011612
train/clip_range,514048,0.10000000149011612
train/clip_range,516096,0.10000000149011612
train/clip_range,518144,0.10000000149011612
train/clip_range,520192,0.10000000149011612
train/clip_range,522240,0.10000000149011612
train/clip_range,524288,0.10000000149011612
train/clip_range,526336,0.10000000149011612
train/clip_range,528384,0.10000000149011612
train/clip_range,530432,0.10000000149011612
train/clip_range,532480,0.10000000149011612
train/clip_range,534528,0.10000000149011612
train/clip_range,536576,0.10000000149011612
train/clip_range,538624,0.10000000149011612
train/clip_range,540672,0.10000000149011612
train/clip_range,542720,0.10000000149011612
train/clip_range,544768,0.10000000149011612
train/clip_range,546816,0.10000000149011612
train/clip_range,548864,0.10000000149011612
train/clip_range,550912,0.10000000149011612
train/clip_range,552960,0.10000000149011612
train/clip_range,555008,0.10000000149011612
train/clip_range,557056,0.10000000149011612
train/clip_range,559104,0.10000000149011612
train/clip_range,561152,0.10000000149011612
train/clip_range,563200,0.10000000149011612
train/clip_range,565248,0.10000000149011612
train/clip_range,567296,0.10000000149011612
train/clip_range,569344,0.10000000149011612
train/clip_range,571392,0.10000000149011612
train/clip_range,573440,0.10000000149011612
train/clip_range,575488,0.10000000149011612
train/clip_range,577536,0.10000000149011612
train/clip_range,579584,0.10000000149011612
train/clip_range,581632,0.10000000149011612
train/clip_range,583680,0.10000000149011612
train/clip_range,585728,0.10000000149011612
train/clip_range,587776,0.10000000149011612
train/clip_range,589824,0.10000000149011612
train/clip_range,591872,0.10000000149011612
train/clip_range,593920,0.10000000149011612
train/clip_range,595968,0.10000000149011612
train/clip_range,598016,0.10000000149011612
train/clip_range,600064,0.10000000149011612
train/clip_range,602112,0.10000000149011612
train/clip_range,604160,0.10000000149011612
train/clip_range,606208,0.10000000149011612
train/clip_range,608256,0.10000000149011612
train/clip_range,610304,0.10000000149011612
train/clip_range,612352,0.10000000149011612
train/clip_range,614400,0.10000000149011612
train/clip_range,616448,0.10000000149011612
train/clip_range,618496,0.10000000149011612
train/clip_range,620544,0.10000000149011612
train/clip_range,622592,0.10000000149011612
train/clip_range,624640,0.10000000149011612
train/clip_range,626688,0.10000000149011612
train/clip_range,628736,0.10000000149011612
train/clip_range,630784,0.10000000149011612
train/clip_range,632832,0.10000000149011612
train/clip_range,634880,0.10000000149011612
train/clip_range,636928,0.10000000149011612
train/clip_range,638976,0.10000000149011612
train/clip_range,641024,0.10000000149011612
train/clip_range,643072,0.10000000149011612
train/clip_range,645120,0.10000000149011612
train/clip_range,647168,0.10000000149011612
train/clip_range,649216,0.10000000149011612
train/clip_range,651264,0.10000000149011612
train/clip_range,653312,0.10000000149011612
train/clip_range,655360,0.10000000149011612
train/clip_range,657408,0.10000000149011612
train/clip_range,659456,0.10000000149011612
train/clip_range,661504,0.10000000149011612
train/clip_range,663552,0.10000000149011612
train/clip_range,665600,0.10000000149011612
train/clip_range,667648,0.10000000149011612
train/clip_range,669696,0.10000000149011612
train/clip_range,671744,0.10000000149011612
train/clip_range,673792,0.10000000149011612
train/clip_range,675840,0.10000000149011612
train/clip_range,677888,0.10000000149011612
train/clip_range,679936,0.10000000149011612
train/clip_range,681984,0.10000000149011612
train/clip_range,684032,0.10000000149011612
train/clip_range,686080,0.10000000149011612
train/clip_range,688128,0.10000000149011612
train/clip_range,690176,0.10000000149011612
train/clip_range,692224,0.10000000149011612
train/clip_range,694272,0.10000000149011612
train/clip_range,696320,0.10000000149011612
train/clip_range,698368,0.10000000149011612
train/clip_range,700416,0.10000000149011612
train/clip_range,702464,0.10000000149011612
train/clip_range,704512,0.10000000149011612
train/clip_range,706560,0.10000000149011612
train/clip_range,708608,0.10000000149011612
train/clip_range,710656,0.10000000149011612
train/clip_range,712704,0.10000000149011612
train/clip_range,714752,0.10000000149011612
train/clip_range,716800,0.10000000149011612
train/clip_range,718848,0.10000000149011612
train/clip_range,720896,0.10000000149011612
train/clip_range,722944,0.10000000149011612
train/clip_range,724992,0.10000000149011612
train/clip_range,727040,0.10000000149011612
train/clip_range,729088,0.10000000149011612
train/clip_range,731136,0.10000000149011612
train/clip_range,733184,0.10000000149011612
train/clip_range,735232,0.10000000149011612
train/clip_range,737280,0.10000000149011612
train/clip_range,739328,0.10000000149011612
train/clip_range,741376,0.10000000149011612
train/clip_range,743424,0.10000000149011612
train/clip_range,745472,0.10000000149011612
train/clip_range,747520,0.10000000149011612
train/clip_range,749568,0.10000000149011612
train/clip_range,751616,0.10000000149011612
train/clip_range,753664,0.10000000149011612
train/clip_range,755712,0.10000000149011612
train/clip_range,757760,0.10000000149011612
train/clip_range,759808,0.10000000149011612
train/clip_range,761856,0.10000000149011612
train/clip_range,763904,0.10000000149011612
train/clip_range,765952,0.10000000149011612
train/clip_range,768000,0.10000000149011612
train/clip_range,770048,0.10000000149011612
train/clip_range,772096,0.10000000149011612
train/clip_range,774144,0.10000000149011612
train/clip_range,776192,0.10000000149011612
train/clip_range,778240,0.10000000149011612
train/clip_range,780288,0.10000000149011612
train/clip_range,782336,0.10000000149011612
train/clip_range,784384,0.10000000149011612
train/clip_range,786432,0.10000000149011612
train/clip_range,788480,0.10000000149011612
train/clip_range,790528,0.10000000149011612
train/clip_range,792576,0.10000000149011612
train/clip_range,794624,0.10000000149011612
train/clip_range,796672,0.10000000149011612
train/clip_range,798720,0.10000000149011612
train/clip_range,800768,0.10000000149011612
train/clip_range,802816,0.10000000149011612
train/clip_range,804864,0.10000000149011612
train/clip_range,806912,0.10000000149011612
train/clip_range,808960,0.10000000149011612
train/clip_range,811008,0.10000000149011612
train/clip_range,813056,0.10000000149011612
train/clip_range,815104,0.10000000149011612
train/clip_range,817152,0.10000000149011612
train/clip_range,819200,0.10000000149011612
train/clip_range,821248,0.10000000149011612
train/clip_range,823296,0.10000000149011612
train/clip_range,825344,0.10000000149011612
train/clip_range,827392,0.10000000149011612
train/clip_range,829440,0.10000000149011612
train/clip_range,831488,0.10000000149011612
train/clip_range,833536,0.10000000149011612
train/clip_range,835584,0.10000000149011612
train/clip_range,837632,0.10000000149011612
train/clip_range,839680,0.10000000149011612
train/clip_range,841728,0.10000000149011612
train/clip_range,843776,0.10000000149011612
train/clip_range,845824,0.10000000149011612
train/clip_range,847872,0.10000000149011612
train/clip_range,849920,0.10000000149011612
train/clip_range,851968,0.10000000149011612
train/clip_range,854016,0.10000000149011612
train/clip_range,856064,0.10000000149011612
train/clip_range,858112,0.10000000149011612
train/clip_range,860160,0.10000000149011612
train/clip_range,862208,0.10000000149011612
train/clip_range,864256,0.10000000149011612
train/clip_range,866304,0.10000000149011612
train/clip_range,868352,0.10000000149011612
train/clip_range,870400,0.10000000149011612
train/clip_range,872448,0.10000000149011612
train/clip_range,874496,0.10000000149011612
train/clip_range,876544,0.10000000149011612
train/clip_range,878592,0.10000000149011612
train/clip_range,880640,0.10000000149011612
train/clip_range,882688,0.10000000149011612
train/clip_range,884736,0.10000000149011612
train/clip_range,886784,0.10000000149011612
train/clip_range,888832,0.10000000149011612
train/clip_range,890880,0.10000000149011612
train/clip_range,892928,0.10000000149011612
train/clip_range,894976,0.10000000149011612
train/clip_range,897024,0.10000000149011612
train/clip_range,899072,0.10000000149011612
train/clip_range,901120,0.10000000149011612
train/clip_range,903168,0.10000000149011612
train/clip_range,905216,0.10000000149011612
train/clip_range,907264,0.10000000149011612
train/clip_range,909312,0.10000000149011612
train/clip_range,911360,0.10000000149011612
train/clip_range,913408,0.10000000149011612
train/clip_range,915456,0.10000000149011612
train/clip_range,917504,0.10000000149011612
train/clip_range,919552,0.10000000149011612
train/clip_range,921600,0.10000000149011612
train/clip_range,923648,0.10000000149011612
train/clip_range,925696,0.10000000149011612
train/clip_range,927744,0.10000000149011612
train/clip_range,929792,0.10000000149011612
train/clip_range,931840,0.10000000149011612
train/clip_range,933888,0.10000000149011612
train/clip_range,935936,0.10000000149011612
train/clip_range,937984,0.10000000149011612
train/clip_range,940032,0.10000000149011612
train/clip_range,942080,0.10000000149011612
train/clip_range,944128,0.10000000149011612
train/clip_range,946176,0.10000000149011612
train/clip_range,948224,0.10000000149011612
train/clip_range,950272,0.10000000149011612
train/clip_range,952320,0.10000000149011612
train/clip_range,954368,0.10000000149011612
train/clip_range,956416,0.10000000149011612
train/clip_range,958464,0.10000000149011612
train/clip_range,960512,0.10000000149011612
train/clip_range,962560,0.10000000149011612
train/clip_range,964608,0.10000000149011612
train/clip_range,966656,0.10000000149011612
train/clip_range,968704,0.10000000149011612
train/clip_range,970752,0.10000000149011612
train/clip_range,972800,0.10000000149011612
train/clip_range,974848,0.10000000149011612
train/clip_range,976896,0.10000000149011612
train/clip_range,978944,0.10000000149011612
train/clip_range,980992,0.10000000149011612
train/clip_range,983040,0.10000000149011612
train/clip_range,985088,0.10000000149011612
train/clip_range,987136,0.10000000149011612
train/clip_range,989184,0.10000000149011612
train/clip_range,991232,0.10000000149011612
train/clip_range,993280,0.10000000149011612
train/clip_range,995328,0.10000000149011612
train/clip_range,997376,0.10000000149011612
train/clip_range,999424,0.10000000149011612
train/clip_range,1001472,0.10000000149011612
train/entropy_loss,4096,0.3151794672012329
train/entropy_loss,6144,0.3012148141860962
train/entropy_loss,8192,0.28643831610679626
train/entropy_loss,10240,0.2765374183654785
train/entropy_loss,12288,0.2713715136051178
train/entropy_loss,14336,0.2546640634536743
train/entropy_loss,16384,0.23532094061374664
train/entropy_loss,18432,0.20430591702461243
train/entropy_loss,20480,0.17660871148109436
train/entropy_loss,22528,0.1595693677663803
train/entropy_loss,24576,0.14684447646141052
train/entropy_loss,26624,0.12784375250339508
train/entropy_loss,28672,0.110780268907547
train/entropy_loss,30720,0.09248510003089905
train/entropy_loss,32768,0.07108128815889359
train/entropy_loss,34816,0.047701604664325714
train/entropy_loss,36864,0.032479822635650635
train/entropy_loss,38912,0.01926431432366371
train/entropy_loss,40960,0.0006169363623484969
train/entropy_loss,43008,-0.02222975715994835
train/entropy_loss,45056,-0.03637180104851723
train/entropy_loss,47104,-0.057282838970422745
train/entropy_loss,49152,-0.06511525809764862
train/entropy_loss,51200,-0.05379556864500046
train/entropy_loss,53248,-0.05165989324450493
train/entropy_loss,55296,-0.06493328511714935
train/entropy_loss,57344,-0.06074044853448868
train/entropy_loss,59392,-0.050011008977890015
train/entropy_loss,61440,-0.06399456411600113
train/entropy_loss,63488,-0.08931271731853485
train/entropy_loss,65536,-0.11014440655708313
train/entropy_loss,67584,-0.12620708346366882
train/entropy_loss,69632,-0.14330999553203583
train/entropy_loss,71680,-0.14031478762626648
train/entropy_loss,73728,-0.13384315371513367
train/entropy_loss,75776,-0.13377328217029572
train/entropy_loss,77824,-0.14525555074214935
train/entropy_loss,79872,-0.16434980928897858
train/entropy_loss,81920,-0.15494906902313232
train/entropy_loss,83968,-0.1410159468650818
train/entropy_loss,86016,-0.1559586375951767
train/entropy_loss,88064,-0.16826170682907104
train/entropy_loss,90112,-0.16312271356582642
train/entropy_loss,92160,-0.16235138475894928
train/entropy_loss,94208,-0.17095793783664703
train/entropy_loss,96256,-0.17737062275409698
train/entropy_loss,98304,-0.1818147599697113
train/entropy_loss,100352,-0.18158571422100067
train/entropy_loss,102400,-0.1802811473608017
train/entropy_loss,104448,-0.18319454789161682
train/entropy_loss,106496,-0.1759953796863556
train/entropy_loss,108544,-0.15250501036643982
train/entropy_loss,110592,-0.1467040777206421
train/entropy_loss,112640,-0.16939997673034668
train/entropy_loss,114688,-0.18756262958049774
train/entropy_loss,116736,-0.18534962832927704
train/entropy_loss,118784,-0.1822066754102707
train/entropy_loss,120832,-0.19142290949821472
train/entropy_loss,122880,-0.19318094849586487
train/entropy_loss,124928,-0.19325308501720428
train/entropy_loss,126976,-0.20217829942703247
train/entropy_loss,129024,-0.2120286077260971
train/entropy_loss,131072,-0.21539632976055145
train/entropy_loss,133120,-0.21647503972053528
train/entropy_loss,135168,-0.22995345294475555
train/entropy_loss,137216,-0.2406284213066101
train/entropy_loss,139264,-0.23525992035865784
train/entropy_loss,141312,-0.22360388934612274
train/entropy_loss,143360,-0.21792232990264893
train/entropy_loss,145408,-0.2255435287952423
train/entropy_loss,147456,-0.22997541725635529
train/entropy_loss,149504,-0.24181625247001648
train/entropy_loss,151552,-0.2496286928653717
train/entropy_loss,153600,-0.2528136670589447
train/entropy_loss,155648,-0.2519186735153198
train/entropy_loss,157696,-0.2500830292701721
train/entropy_loss,159744,-0.25304821133613586
train/entropy_loss,161792,-0.24534104764461517
train/entropy_loss,163840,-0.24705283343791962
train/entropy_loss,165888,-0.24196076393127441
train/entropy_loss,167936,-0.2438168078660965
train/entropy_loss,169984,-0.24828317761421204
train/entropy_loss,172032,-0.2504063844680786
train/entropy_loss,174080,-0.2463541328907013
train/entropy_loss,176128,-0.25039559602737427
train/entropy_loss,178176,-0.2555919587612152
train/entropy_loss,180224,-0.2529432475566864
train/entropy_loss,182272,-0.2579549551010132
train/entropy_loss,184320,-0.2519424855709076
train/entropy_loss,186368,-0.2557346522808075
train/entropy_loss,188416,-0.2701810598373413
train/entropy_loss,190464,-0.26666340231895447
train/entropy_loss,192512,-0.2575637996196747
train/entropy_loss,194560,-0.25908082723617554
train/entropy_loss,196608,-0.26968538761138916
train/entropy_loss,198656,-0.2738158702850342
train/entropy_loss,200704,-0.26953360438346863
train/entropy_loss,202752,-0.26597169041633606
train/entropy_loss,204800,-0.27074384689331055
train/entropy_loss,206848,-0.27790367603302
train/entropy_loss,208896,-0.2743951082229614
train/entropy_loss,210944,-0.258696585893631
train/entropy_loss,212992,-0.26540103554725647
train/entropy_loss,215040,-0.27921032905578613
train/entropy_loss,217088,-0.2867615520954132
train/entropy_loss,219136,-0.29105716943740845
train/entropy_loss,221184,-0.2966153919696808
train/entropy_loss,223232,-0.30961334705352783
train/entropy_loss,225280,-0.3364023268222809
train/entropy_loss,227328,-0.3541227877140045
train/entropy_loss,229376,-0.3657108247280121
train/entropy_loss,231424,-0.38684454560279846
train/entropy_loss,233472,-0.38484421372413635
train/entropy_loss,235520,-0.38021695613861084
train/entropy_loss,237568,-0.3944094479084015
train/entropy_loss,239616,-0.4080526530742645
train/entropy_loss,241664,-0.4096020758152008
train/entropy_loss,243712,-0.40743109583854675
train/entropy_loss,245760,-0.41147685050964355
train/entropy_loss,247808,-0.41917017102241516
train/entropy_loss,249856,-0.4346723258495331
train/entropy_loss,251904,-0.44330623745918274
train/entropy_loss,253952,-0.4447578489780426
train/entropy_loss,256000,-0.44802698493003845
train/entropy_loss,258048,-0.4651927053928375
train/entropy_loss,260096,-0.479634553194046
train/entropy_loss,262144,-0.47955551743507385
train/entropy_loss,264192,-0.48241764307022095
train/entropy_loss,266240,-0.4786156117916107
train/entropy_loss,268288,-0.47849658131599426
train/entropy_loss,270336,-0.48644018173217773
train/entropy_loss,272384,-0.49392271041870117
train/entropy_loss,274432,-0.4951391816139221
train/entropy_loss,276480,-0.5090146660804749
train/entropy_loss,278528,-0.532972514629364
train/entropy_loss,280576,-0.5464677214622498
train/entropy_loss,282624,-0.5512077212333679
train/entropy_loss,284672,-0.5472155809402466
train/entropy_loss,286720,-0.5405845642089844
train/entropy_loss,288768,-0.5459272861480713
train/entropy_loss,290816,-0.5494420528411865
train/entropy_loss,292864,-0.5515273213386536
train/entropy_loss,294912,-0.5646998882293701
train/entropy_loss,296960,-0.5738909840583801
train/entropy_loss,299008,-0.5806544423103333
train/entropy_loss,301056,-0.5798180103302002
train/entropy_loss,303104,-0.5800778865814209
train/entropy_loss,305152,-0.5827348828315735
train/entropy_loss,307200,-0.5829520225524902
train/entropy_loss,309248,-0.5875590443611145
train/entropy_loss,311296,-0.5949585437774658
train/entropy_loss,313344,-0.6001377701759338
train/entropy_loss,315392,-0.6136474013328552
train/entropy_loss,317440,-0.627216100692749
train/entropy_loss,319488,-0.6532987952232361
train/entropy_loss,321536,-0.6835938096046448
train/entropy_loss,323584,-0.7001080513000488
train/entropy_loss,325632,-0.7151036858558655
train/entropy_loss,327680,-0.7250381708145142
train/entropy_loss,329728,-0.7297092080116272
train/entropy_loss,331776,-0.7431502342224121
train/entropy_loss,333824,-0.7600086331367493
train/entropy_loss,335872,-0.770999550819397
train/entropy_loss,337920,-0.7763770222663879
train/entropy_loss,339968,-0.7923164963722229
train/entropy_loss,342016,-0.8064669370651245
train/entropy_loss,344064,-0.8161712288856506
train/entropy_loss,346112,-0.8141322135925293
train/entropy_loss,348160,-0.8082408308982849
train/entropy_loss,350208,-0.8148111701011658
train/entropy_loss,352256,-0.8214343190193176
train/entropy_loss,354304,-0.8331989645957947
train/entropy_loss,356352,-0.8565349578857422
train/entropy_loss,358400,-0.8826362490653992
train/entropy_loss,360448,-0.8939777612686157
train/entropy_loss,362496,-0.903018593788147
train/entropy_loss,364544,-0.9137908220291138
train/entropy_loss,366592,-0.9301013350486755
train/entropy_loss,368640,-0.9333599209785461
train/entropy_loss,370688,-0.9376329183578491
train/entropy_loss,372736,-0.9309512376785278
train/entropy_loss,374784,-0.9175612926483154
train/entropy_loss,376832,-0.9157868027687073
train/entropy_loss,378880,-0.9299909472465515
train/entropy_loss,380928,-0.9402631521224976
train/entropy_loss,382976,-0.9455694556236267
train/entropy_loss,385024,-0.957432746887207
train/entropy_loss,387072,-0.9612703323364258
train/entropy_loss,389120,-0.9550703763961792
train/entropy_loss,391168,-0.945098340511322
train/entropy_loss,393216,-0.9421206712722778
train/entropy_loss,395264,-0.9488291144371033
train/entropy_loss,397312,-0.9596380591392517
train/entropy_loss,399360,-0.9631953239440918
train/entropy_loss,401408,-0.9624714851379395
train/entropy_loss,403456,-0.9732643961906433
train/entropy_loss,405504,-0.9787520170211792
train/entropy_loss,407552,-0.9835070967674255
train/entropy_loss,409600,-0.9928582906723022
train/entropy_loss,411648,-1.0086696147918701
train/entropy_loss,413696,-1.0112419128417969
train/entropy_loss,415744,-1.0089197158813477
train/entropy_loss,417792,-1.020070195198059
train/entropy_loss,419840,-1.030756950378418
train/entropy_loss,421888,-1.040470004081726
train/entropy_loss,423936,-1.0517022609710693
train/entropy_loss,425984,-1.0551780462265015
train/entropy_loss,428032,-1.067922830581665
train/entropy_loss,430080,-1.0820460319519043
train/entropy_loss,432128,-1.0942405462265015
train/entropy_loss,434176,-1.0968133211135864
train/entropy_loss,436224,-1.1007990837097168
train/entropy_loss,438272,-1.1130163669586182
train/entropy_loss,440320,-1.126752495765686
train/entropy_loss,442368,-1.1388636827468872
train/entropy_loss,444416,-1.1442532539367676
train/entropy_loss,446464,-1.1553338766098022
train/entropy_loss,448512,-1.156341791152954
train/entropy_loss,450560,-1.1616051197052002
train/entropy_loss,452608,-1.1804169416427612
train/entropy_loss,454656,-1.1936920881271362
train/entropy_loss,456704,-1.201307773590088
train/entropy_loss,458752,-1.2170554399490356
train/entropy_loss,460800,-1.2369757890701294
train/entropy_loss,462848,-1.2514480352401733
train/entropy_loss,464896,-1.2567747831344604
train/entropy_loss,466944,-1.2705214023590088
train/entropy_loss,468992,-1.2792410850524902
train/entropy_loss,471040,-1.2866240739822388
train/entropy_loss,473088,-1.2846906185150146
train/entropy_loss,475136,-1.2762070894241333
train/entropy_loss,477184,-1.2697762250900269
train/entropy_loss,479232,-1.2628098726272583
train/entropy_loss,481280,-1.2654653787612915
train/entropy_loss,483328,-1.2725422382354736
train/entropy_loss,485376,-1.2894132137298584
train/entropy_loss,487424,-1.3058397769927979
train/entropy_loss,489472,-1.3079134225845337
train/entropy_loss,491520,-1.3225090503692627
train/entropy_loss,493568,-1.3328195810317993
train/entropy_loss,495616,-1.3372377157211304
train/entropy_loss,497664,-1.3446961641311646
train/entropy_loss,499712,-1.3414418697357178
train/entropy_loss,501760,-1.344954490661621
train/entropy_loss,503808,-1.3509315252304077
train/entropy_loss,505856,-1.3576712608337402
train/entropy_loss,507904,-1.3614691495895386
train/entropy_loss,509952,-1.3636983633041382
train/entropy_loss,512000,-1.3747507333755493
train/entropy_loss,514048,-1.385643720626831
train/entropy_loss,516096,-1.3954068422317505
train/entropy_loss,518144,-1.414703607559204
train/entropy_loss,520192,-1.4253582954406738
train/entropy_loss,522240,-1.413337230682373
train/entropy_loss,524288,-1.3947954177856445
train/entropy_loss,526336,-1.38200044631958
train/entropy_loss,528384,-1.3827574253082275
train/entropy_loss,530432,-1.4005886316299438
train/entropy_loss,532480,-1.414157509803772
train/entropy_loss,534528,-1.4199601411819458
train/entropy_loss,536576,-1.4246286153793335
train/entropy_loss,538624,-1.4354422092437744
train/entropy_loss,540672,-1.4510166645050049
train/entropy_loss,542720,-1.468383550643921
train/entropy_loss,544768,-1.4883261919021606
train/entropy_loss,546816,-1.5030546188354492
train/entropy_loss,548864,-1.5134986639022827
train/entropy_loss,550912,-1.5295286178588867
train/entropy_loss,552960,-1.5497779846191406
train/entropy_loss,555008,-1.563288927078247
train/entropy_loss,557056,-1.5811282396316528
train/entropy_loss,559104,-1.5918339490890503
train/entropy_loss,561152,-1.6082051992416382
train/entropy_loss,563200,-1.6234980821609497
train/entropy_loss,565248,-1.6297383308410645
train/entropy_loss,567296,-1.640193223953247
train/entropy_loss,569344,-1.6446129083633423
train/entropy_loss,571392,-1.644521951675415
train/entropy_loss,573440,-1.6473114490509033
train/entropy_loss,575488,-1.6454524993896484
train/entropy_loss,577536,-1.6522903442382812
train/entropy_loss,579584,-1.6536933183670044
train/entropy_loss,581632,-1.6602776050567627
train/entropy_loss,583680,-1.6666749715805054
train/entropy_loss,585728,-1.6730501651763916
train/entropy_loss,587776,-1.6807359457015991
train/entropy_loss,589824,-1.681439995765686
train/entropy_loss,591872,-1.6850546598434448
train/entropy_loss,593920,-1.6907182931900024
train/entropy_loss,595968,-1.6877907514572144
train/entropy_loss,598016,-1.681695580482483
train/entropy_loss,600064,-1.6759740114212036
train/entropy_loss,602112,-1.6782822608947754
train/entropy_loss,604160,-1.6829710006713867
train/entropy_loss,606208,-1.6900206804275513
train/entropy_loss,608256,-1.7057291269302368
train/entropy_loss,610304,-1.7392200231552124
train/entropy_loss,612352,-1.7630823850631714
train/entropy_loss,614400,-1.7663514614105225
train/entropy_loss,616448,-1.7720085382461548
train/entropy_loss,618496,-1.7753698825836182
train/entropy_loss,620544,-1.7752108573913574
train/entropy_loss,622592,-1.779820442199707
train/entropy_loss,624640,-1.7939653396606445
train/entropy_loss,626688,-1.8096121549606323
train/entropy_loss,628736,-1.8313654661178589
train/entropy_loss,630784,-1.8514305353164673
train/entropy_loss,632832,-1.8497740030288696
train/entropy_loss,634880,-1.8482306003570557
train/entropy_loss,636928,-1.8593071699142456
train/entropy_loss,638976,-1.8689583539962769
train/entropy_loss,641024,-1.8840852975845337
train/entropy_loss,643072,-1.8984967470169067
train/entropy_loss,645120,-1.9177850484848022
train/entropy_loss,647168,-1.9436721801757812
train/entropy_loss,649216,-1.958564043045044
train/entropy_loss,651264,-1.954539179801941
train/entropy_loss,653312,-1.9665199518203735
train/entropy_loss,655360,-1.9650646448135376
train/entropy_loss,657408,-1.9639809131622314
train/entropy_loss,659456,-1.9652398824691772
train/entropy_loss,661504,-1.9681717157363892
train/entropy_loss,663552,-1.9770537614822388
train/entropy_loss,665600,-1.998980164527893
train/entropy_loss,667648,-2.0134692192077637
train/entropy_loss,669696,-2.0150811672210693
train/entropy_loss,671744,-2.019266128540039
train/entropy_loss,673792,-2.0229928493499756
train/entropy_loss,675840,-2.022691249847412
train/entropy_loss,677888,-2.037602663040161
train/entropy_loss,679936,-2.052133798599243
train/entropy_loss,681984,-2.062230348587036
train/entropy_loss,684032,-2.072824716567993
train/entropy_loss,686080,-2.0721945762634277
train/entropy_loss,688128,-2.0879242420196533
train/entropy_loss,690176,-2.1081154346466064
train/entropy_loss,692224,-2.122680425643921
train/entropy_loss,694272,-2.137258529663086
train/entropy_loss,696320,-2.137981653213501
train/entropy_loss,698368,-2.1465444564819336
train/entropy_loss,700416,-2.1586227416992188
train/entropy_loss,702464,-2.1651647090911865
train/entropy_loss,704512,-2.175107479095459
train/entropy_loss,706560,-2.1721363067626953
train/entropy_loss,708608,-2.171627998352051
train/entropy_loss,710656,-2.175950527191162
train/entropy_loss,712704,-2.186098098754883
train/entropy_loss,714752,-2.201284646987915
train/entropy_loss,716800,-2.214492082595825
train/entropy_loss,718848,-2.221099376678467
train/entropy_loss,720896,-2.2298223972320557
train/entropy_loss,722944,-2.2327511310577393
train/entropy_loss,724992,-2.2383103370666504
train/entropy_loss,727040,-2.240726947784424
train/entropy_loss,729088,-2.2524993419647217
train/entropy_loss,731136,-2.265836000442505
train/entropy_loss,733184,-2.2607195377349854
train/entropy_loss,735232,-2.2618932723999023
train/entropy_loss,737280,-2.2569267749786377
train/entropy_loss,739328,-2.2527661323547363
train/entropy_loss,741376,-2.2554588317871094
train/entropy_loss,743424,-2.2669034004211426
train/entropy_loss,745472,-2.273677110671997
train/entropy_loss,747520,-2.280372381210327
train/entropy_loss,749568,-2.2730109691619873
train/entropy_loss,751616,-2.2714343070983887
train/entropy_loss,753664,-2.275144100189209
train/entropy_loss,755712,-2.282289505004883
train/entropy_loss,757760,-2.2876405715942383
train/entropy_loss,759808,-2.295074224472046
train/entropy_loss,761856,-2.2976036071777344
train/entropy_loss,763904,-2.2989914417266846
train/entropy_loss,765952,-2.303008794784546
train/entropy_loss,768000,-2.315624952316284
train/entropy_loss,770048,-2.3317325115203857
train/entropy_loss,772096,-2.3403143882751465
train/entropy_loss,774144,-2.3496663570404053
train/entropy_loss,776192,-2.35863995552063
train/entropy_loss,778240,-2.3697996139526367
train/entropy_loss,780288,-2.378373622894287
train/entropy_loss,782336,-2.3778867721557617
train/entropy_loss,784384,-2.3743536472320557
train/entropy_loss,786432,-2.382629156112671
train/entropy_loss,788480,-2.390488862991333
train/entropy_loss,790528,-2.392815351486206
train/entropy_loss,792576,-2.3951237201690674
train/entropy_loss,794624,-2.3998780250549316
train/entropy_loss,796672,-2.407392978668213
train/entropy_loss,798720,-2.4122531414031982
train/entropy_loss,800768,-2.413407802581787
train/entropy_loss,802816,-2.4223902225494385
train/entropy_loss,804864,-2.433712959289551
train/entropy_loss,806912,-2.436721086502075
train/entropy_loss,808960,-2.4248507022857666
train/entropy_loss,811008,-2.40701961517334
train/entropy_loss,813056,-2.411893844604492
train/entropy_loss,815104,-2.4167091846466064
train/entropy_loss,817152,-2.42060923576355
train/entropy_loss,819200,-2.4193856716156006
train/entropy_loss,821248,-2.4060001373291016
train/entropy_loss,823296,-2.3950657844543457
train/entropy_loss,825344,-2.400953531265259
train/entropy_loss,827392,-2.4054718017578125
train/entropy_loss,829440,-2.407641887664795
train/entropy_loss,831488,-2.4199416637420654
train/entropy_loss,833536,-2.425100088119507
train/entropy_loss,835584,-2.4271442890167236
train/entropy_loss,837632,-2.438370704650879
train/entropy_loss,839680,-2.4386723041534424
train/entropy_loss,841728,-2.440730333328247
train/entropy_loss,843776,-2.4388437271118164
train/entropy_loss,845824,-2.433016061782837
train/entropy_loss,847872,-2.4355628490448
train/entropy_loss,849920,-2.4418559074401855
train/entropy_loss,851968,-2.456982374191284
train/entropy_loss,854016,-2.456848382949829
train/entropy_loss,856064,-2.446420192718506
train/entropy_loss,858112,-2.442610740661621
train/entropy_loss,860160,-2.429875612258911
train/entropy_loss,862208,-2.4187936782836914
train/entropy_loss,864256,-2.4053709506988525
train/entropy_loss,866304,-2.4065070152282715
train/entropy_loss,868352,-2.3965420722961426
train/entropy_loss,870400,-2.381765604019165
train/entropy_loss,872448,-2.3687238693237305
train/entropy_loss,874496,-2.362621784210205
train/entropy_loss,876544,-2.367523193359375
train/entropy_loss,878592,-2.369882106781006
train/entropy_loss,880640,-2.3586180210113525
train/entropy_loss,882688,-2.341878652572632
train/entropy_loss,884736,-2.3336124420166016
train/entropy_loss,886784,-2.323137044906616
train/entropy_loss,888832,-2.3101017475128174
train/entropy_loss,890880,-2.316301107406616
train/entropy_loss,892928,-2.317439317703247
train/entropy_loss,894976,-2.3103573322296143
train/entropy_loss,897024,-2.2948646545410156
train/entropy_loss,899072,-2.284396171569824
train/entropy_loss,901120,-2.28296160697937
train/entropy_loss,903168,-2.2855465412139893
train/entropy_loss,905216,-2.291511058807373
train/entropy_loss,907264,-2.3018388748168945
train/entropy_loss,909312,-2.313293695449829
train/entropy_loss,911360,-2.3116278648376465
train/entropy_loss,913408,-2.3025338649749756
train/entropy_loss,915456,-2.2960689067840576
train/entropy_loss,917504,-2.295668363571167
train/entropy_loss,919552,-2.2993979454040527
train/entropy_loss,921600,-2.3084349632263184
train/entropy_loss,923648,-2.3184940814971924
train/entropy_loss,925696,-2.3103253841400146
train/entropy_loss,927744,-2.302452325820923
train/entropy_loss,929792,-2.303318738937378
train/entropy_loss,931840,-2.291496515274048
train/entropy_loss,933888,-2.2708218097686768
train/entropy_loss,935936,-2.251436471939087
train/entropy_loss,937984,-2.232203483581543
train/entropy_loss,940032,-2.2197349071502686
train/entropy_loss,942080,-2.2144596576690674
train/entropy_loss,944128,-2.200571298599243
train/entropy_loss,946176,-2.1854076385498047
train/entropy_loss,948224,-2.1742043495178223
train/entropy_loss,950272,-2.164888858795166
train/entropy_loss,952320,-2.1533119678497314
train/entropy_loss,954368,-2.1509623527526855
train/entropy_loss,956416,-2.1463661193847656
train/entropy_loss,958464,-2.1449544429779053
train/entropy_loss,960512,-2.1344869136810303
train/entropy_loss,962560,-2.11012864112854
train/entropy_loss,964608,-2.0931825637817383
train/entropy_loss,966656,-2.0860037803649902
train/entropy_loss,968704,-2.083340644836426
train/entropy_loss,970752,-2.077019453048706
train/entropy_loss,972800,-2.0702404975891113
train/entropy_loss,974848,-2.0770039558410645
train/entropy_loss,976896,-2.0790328979492188
train/entropy_loss,978944,-2.070516586303711
train/entropy_loss,980992,-2.057652711868286
train/entropy_loss,983040,-2.0445659160614014
train/entropy_loss,985088,-2.0321567058563232
train/entropy_loss,987136,-2.024474620819092
train/entropy_loss,989184,-2.015533447265625
train/entropy_loss,991232,-2.006432294845581
train/entropy_loss,993280,-1.9962656497955322
train/entropy_loss,995328,-1.9914066791534424
train/entropy_loss,997376,-1.9841104745864868
train/entropy_loss,999424,-1.981878638267517
train/entropy_loss,1001472,-1.9806997776031494
train/explained_variance,4096,-0.014757871627807617
train/explained_variance,6144,-0.18300414085388184
train/explained_variance,8192,-0.07023882865905762
train/explained_variance,10240,0.006212830543518066
train/explained_variance,12288,0.007189631462097168
train/explained_variance,14336,0.005566239356994629
train/explained_variance,16384,0.03812748193740845
train/explained_variance,18432,0.08964675664901733
train/explained_variance,20480,0.1426796317100525
train/explained_variance,22528,0.004989445209503174
train/explained_variance,24576,0.3346366286277771
train/explained_variance,26624,0.4198879599571228
train/explained_variance,28672,0.41976040601730347
train/explained_variance,30720,0.42287957668304443
train/explained_variance,32768,0.434600830078125
train/explained_variance,34816,0.48886948823928833
train/explained_variance,36864,0.4325265884399414
train/explained_variance,38912,0.5078122615814209
train/explained_variance,40960,0.4720187187194824
train/explained_variance,43008,0.49366772174835205
train/explained_variance,45056,0.515324592590332
train/explained_variance,47104,0.5204291939735413
train/explained_variance,49152,0.5649706125259399
train/explained_variance,51200,0.5174847841262817
train/explained_variance,53248,0.553266167640686
train/explained_variance,55296,0.5267100930213928
train/explained_variance,57344,0.5527206659317017
train/explained_variance,59392,0.6062783002853394
train/explained_variance,61440,0.5307239294052124
train/explained_variance,63488,0.5750839710235596
train/explained_variance,65536,0.6034485101699829
train/explained_variance,67584,0.5626329183578491
train/explained_variance,69632,0.5443210601806641
train/explained_variance,71680,0.5875775218009949
train/explained_variance,73728,0.5655999183654785
train/explained_variance,75776,0.5826053619384766
train/explained_variance,77824,0.5084743499755859
train/explained_variance,79872,0.5782743096351624
train/explained_variance,81920,0.5030031204223633
train/explained_variance,83968,0.5757288932800293
train/explained_variance,86016,0.5863970518112183
train/explained_variance,88064,0.553206205368042
train/explained_variance,90112,0.5487713813781738
train/explained_variance,92160,0.5800952911376953
train/explained_variance,94208,0.5601192712783813
train/explained_variance,96256,0.487354576587677
train/explained_variance,98304,0.541743278503418
train/explained_variance,100352,0.5019054412841797
train/explained_variance,102400,0.5486024618148804
train/explained_variance,104448,0.5492592453956604
train/explained_variance,106496,0.552859365940094
train/explained_variance,108544,0.6012893915176392
train/explained_variance,110592,0.5756455659866333
train/explained_variance,112640,0.5779067277908325
train/explained_variance,114688,0.569286584854126
train/explained_variance,116736,0.5933226346969604
train/explained_variance,118784,0.5532314777374268
train/explained_variance,120832,0.5610911846160889
train/explained_variance,122880,0.5772657990455627
train/explained_variance,124928,0.5973612070083618
train/explained_variance,126976,0.5309706926345825
train/explained_variance,129024,0.5459432005882263
train/explained_variance,131072,0.5565938949584961
train/explained_variance,133120,0.5126543045043945
train/explained_variance,135168,0.5451856851577759
train/explained_variance,137216,0.5091586112976074
train/explained_variance,139264,0.4977448582649231
train/explained_variance,141312,0.5192740559577942
train/explained_variance,143360,0.5588235855102539
train/explained_variance,145408,0.5599796175956726
train/explained_variance,147456,0.5433964729309082
train/explained_variance,149504,0.5193359851837158
train/explained_variance,151552,0.5211142301559448
train/explained_variance,153600,0.5182557106018066
train/explained_variance,155648,0.5067295432090759
train/explained_variance,157696,0.4722462296485901
train/explained_variance,159744,0.4750038981437683
train/explained_variance,161792,0.47493237257003784
train/explained_variance,163840,0.5036670565605164
train/explained_variance,165888,0.4658834934234619
train/explained_variance,167936,0.48160320520401
train/explained_variance,169984,0.4967222213745117
train/explained_variance,172032,0.4754199981689453
train/explained_variance,174080,0.45378345251083374
train/explained_variance,176128,0.4902064800262451
train/explained_variance,178176,0.47841423749923706
train/explained_variance,180224,0.4378474950790405
train/explained_variance,182272,0.4629768133163452
train/explained_variance,184320,0.44222456216812134
train/explained_variance,186368,0.44361597299575806
train/explained_variance,188416,0.4181215763092041
train/explained_variance,190464,0.3942803144454956
train/explained_variance,192512,0.34644532203674316
train/explained_variance,194560,0.37741225957870483
train/explained_variance,196608,0.41780537366867065
train/explained_variance,198656,0.3665149211883545
train/explained_variance,200704,0.39687275886535645
train/explained_variance,202752,0.352192759513855
train/explained_variance,204800,0.28067219257354736
train/explained_variance,206848,0.3265911936759949
train/explained_variance,208896,0.2867516279220581
train/explained_variance,210944,0.21659690141677856
train/explained_variance,212992,0.27090156078338623
train/explained_variance,215040,0.08646625280380249
train/explained_variance,217088,0.09963536262512207
train/explained_variance,219136,0.21038281917572021
train/explained_variance,221184,0.16297608613967896
train/explained_variance,223232,0.14333117008209229
train/explained_variance,225280,0.17330199480056763
train/explained_variance,227328,0.2251378297805786
train/explained_variance,229376,0.06896239519119263
train/explained_variance,231424,0.027118146419525146
train/explained_variance,233472,0.11940854787826538
train/explained_variance,235520,0.14995157718658447
train/explained_variance,237568,0.07399475574493408
train/explained_variance,239616,0.07676464319229126
train/explained_variance,241664,0.07525116205215454
train/explained_variance,243712,0.044277310371398926
train/explained_variance,245760,0.025831520557403564
train/explained_variance,247808,0.04217725992202759
train/explained_variance,249856,0.032999515533447266
train/explained_variance,251904,0.1303221583366394
train/explained_variance,253952,0.023989439010620117
train/explained_variance,256000,0.07556378841400146
train/explained_variance,258048,0.14545154571533203
train/explained_variance,260096,0.18178558349609375
train/explained_variance,262144,0.11366701126098633
train/explained_variance,264192,0.06084030866622925
train/explained_variance,266240,0.06823647022247314
train/explained_variance,268288,0.04218035936355591
train/explained_variance,270336,0.023699462413787842
train/explained_variance,272384,0.020812571048736572
train/explained_variance,274432,0.031131088733673096
train/explained_variance,276480,0.03378784656524658
train/explained_variance,278528,0.05794161558151245
train/explained_variance,280576,0.03266561031341553
train/explained_variance,282624,0.18439942598342896
train/explained_variance,284672,0.10913586616516113
train/explained_variance,286720,0.008967757225036621
train/explained_variance,288768,0.1304730772972107
train/explained_variance,290816,0.020292341709136963
train/explained_variance,292864,0.06046253442764282
train/explained_variance,294912,0.0703229308128357
train/explained_variance,296960,0.01990741491317749
train/explained_variance,299008,0.07382887601852417
train/explained_variance,301056,0.1089167594909668
train/explained_variance,303104,0.029033362865447998
train/explained_variance,305152,0.07147037982940674
train/explained_variance,307200,0.0092582106590271
train/explained_variance,309248,0.025039613246917725
train/explained_variance,311296,0.03694826364517212
train/explained_variance,313344,0.027786076068878174
train/explained_variance,315392,0.16892629861831665
train/explained_variance,317440,0.07982712984085083
train/explained_variance,319488,0.030189931392669678
train/explained_variance,321536,0.04055994749069214
train/explained_variance,323584,0.045469582080841064
train/explained_variance,325632,0.04039418697357178
train/explained_variance,327680,0.040679752826690674
train/explained_variance,329728,0.062151551246643066
train/explained_variance,331776,0.12124055624008179
train/explained_variance,333824,0.03196161985397339
train/explained_variance,335872,0.15471667051315308
train/explained_variance,337920,0.12130945920944214
train/explained_variance,339968,0.04275912046432495
train/explained_variance,342016,0.005236327648162842
train/explained_variance,344064,0.048333942890167236
train/explained_variance,346112,0.07985979318618774
train/explained_variance,348160,0.08477377891540527
train/explained_variance,350208,0.035698115825653076
train/explained_variance,352256,0.08112215995788574
train/explained_variance,354304,0.046723127365112305
train/explained_variance,356352,0.024214506149291992
train/explained_variance,358400,0.038354694843292236
train/explained_variance,360448,0.08273613452911377
train/explained_variance,362496,0.06032276153564453
train/explained_variance,364544,0.02417689561843872
train/explained_variance,366592,0.04250657558441162
train/explained_variance,368640,0.12232714891433716
train/explained_variance,370688,0.02909386157989502
train/explained_variance,372736,0.07723468542098999
train/explained_variance,374784,0.01435619592666626
train/explained_variance,376832,0.07763874530792236
train/explained_variance,378880,0.019341886043548584
train/explained_variance,380928,0.03873622417449951
train/explained_variance,382976,0.01906520128250122
train/explained_variance,385024,0.02633756399154663
train/explained_variance,387072,0.026794910430908203
train/explained_variance,389120,0.02236652374267578
train/explained_variance,391168,0.02603292465209961
train/explained_variance,393216,0.06148052215576172
train/explained_variance,395264,0.016815006732940674
train/explained_variance,397312,0.034280598163604736
train/explained_variance,399360,0.03690540790557861
train/explained_variance,401408,0.017325758934020996
train/explained_variance,403456,0.028222322463989258
train/explained_variance,405504,0.03568059206008911
train/explained_variance,407552,0.035045504570007324
train/explained_variance,409600,0.01834869384765625
train/explained_variance,411648,0.02819502353668213
train/explained_variance,413696,0.04097265005111694
train/explained_variance,415744,0.020289719104766846
train/explained_variance,417792,0.029683470726013184
train/explained_variance,419840,0.021044909954071045
train/explained_variance,421888,0.025664567947387695
train/explained_variance,423936,0.014712333679199219
train/explained_variance,425984,0.014889717102050781
train/explained_variance,428032,0.037952542304992676
train/explained_variance,430080,0.04177868366241455
train/explained_variance,432128,0.05027270317077637
train/explained_variance,434176,0.019211173057556152
train/explained_variance,436224,0.03060084581375122
train/explained_variance,438272,0.012876331806182861
train/explained_variance,440320,0.013476133346557617
train/explained_variance,442368,0.025985538959503174
train/explained_variance,444416,0.02431011199951172
train/explained_variance,446464,0.036324143409729004
train/explained_variance,448512,0.03859621286392212
train/explained_variance,450560,0.016171634197235107
train/explained_variance,452608,0.012330591678619385
train/explained_variance,454656,0.02270716428756714
train/explained_variance,456704,0.020575642585754395
train/explained_variance,458752,0.030753672122955322
train/explained_variance,460800,0.03644508123397827
train/explained_variance,462848,0.027482986450195312
train/explained_variance,464896,0.01844310760498047
train/explained_variance,466944,0.009770393371582031
train/explained_variance,468992,0.05259817838668823
train/explained_variance,471040,0.015424668788909912
train/explained_variance,473088,0.016773223876953125
train/explained_variance,475136,0.04458504915237427
train/explained_variance,477184,0.012931585311889648
train/explained_variance,479232,0.0328863263130188
train/explained_variance,481280,0.03262758255004883
train/explained_variance,483328,0.031458914279937744
train/explained_variance,485376,0.023588120937347412
train/explained_variance,487424,0.010528028011322021
train/explained_variance,489472,0.04168856143951416
train/explained_variance,491520,0.05890923738479614
train/explained_variance,493568,0.05151182413101196
train/explained_variance,495616,0.011121571063995361
train/explained_variance,497664,0.09972327947616577
train/explained_variance,499712,0.04739391803741455
train/explained_variance,501760,0.06739211082458496
train/explained_variance,503808,0.06469905376434326
train/explained_variance,505856,0.0262184739112854
train/explained_variance,507904,0.04176872968673706
train/explained_variance,509952,0.028093338012695312
train/explained_variance,512000,0.021408915519714355
train/explained_variance,514048,0.025760650634765625
train/explained_variance,516096,0.0093766450881958
train/explained_variance,518144,0.02778548002243042
train/explained_variance,520192,0.03410303592681885
train/explained_variance,522240,0.02303081750869751
train/explained_variance,524288,0.02607905864715576
train/explained_variance,526336,0.023003041744232178
train/explained_variance,528384,0.02110975980758667
train/explained_variance,530432,0.020096182823181152
train/explained_variance,532480,0.003368377685546875
train/explained_variance,534528,0.0592157244682312
train/explained_variance,536576,0.033859848976135254
train/explained_variance,538624,0.03901869058609009
train/explained_variance,540672,0.04129505157470703
train/explained_variance,542720,0.01847100257873535
train/explained_variance,544768,0.01704162359237671
train/explained_variance,546816,0.041383564472198486
train/explained_variance,548864,0.02869647741317749
train/explained_variance,550912,0.06746584177017212
train/explained_variance,552960,0.0228387713432312
train/explained_variance,555008,0.0856279730796814
train/explained_variance,557056,0.02224665880203247
train/explained_variance,559104,0.056467294692993164
train/explained_variance,561152,0.06398320198059082
train/explained_variance,563200,0.03568154573440552
train/explained_variance,565248,0.04256659746170044
train/explained_variance,567296,0.03902655839920044
train/explained_variance,569344,0.05421793460845947
train/explained_variance,571392,0.0219118595123291
train/explained_variance,573440,0.04994112253189087
train/explained_variance,575488,0.08422952890396118
train/explained_variance,577536,0.05954486131668091
train/explained_variance,579584,0.027725398540496826
train/explained_variance,581632,0.03281664848327637
train/explained_variance,583680,0.04114985466003418
train/explained_variance,585728,0.07535439729690552
train/explained_variance,587776,0.014098405838012695
train/explained_variance,589824,0.07613945007324219
train/explained_variance,591872,0.1067160964012146
train/explained_variance,593920,0.06380343437194824
train/explained_variance,595968,0.04387551546096802
train/explained_variance,598016,0.02707880735397339
train/explained_variance,600064,0.03452932834625244
train/explained_variance,602112,0.021582484245300293
train/explained_variance,604160,0.0578269362449646
train/explained_variance,606208,0.022536516189575195
train/explained_variance,608256,0.037550151348114014
train/explained_variance,610304,0.050172269344329834
train/explained_variance,612352,0.05998730659484863
train/explained_variance,614400,0.07962501049041748
train/explained_variance,616448,0.04183107614517212
train/explained_variance,618496,0.0010933876037597656
train/explained_variance,620544,0.16155844926834106
train/explained_variance,622592,0.14720475673675537
train/explained_variance,624640,0.020259320735931396
train/explained_variance,626688,0.07288992404937744
train/explained_variance,628736,0.12807345390319824
train/explained_variance,630784,0.06963706016540527
train/explained_variance,632832,0.10256725549697876
train/explained_variance,634880,0.02109241485595703
train/explained_variance,636928,0.04189175367355347
train/explained_variance,638976,0.00928419828414917
train/explained_variance,641024,0.06046706438064575
train/explained_variance,643072,0.054966092109680176
train/explained_variance,645120,0.03795194625854492
train/explained_variance,647168,0.09989112615585327
train/explained_variance,649216,0.07209092378616333
train/explained_variance,651264,0.04419887065887451
train/explained_variance,653312,0.07015997171401978
train/explained_variance,655360,0.06035482883453369
train/explained_variance,657408,0.02448582649230957
train/explained_variance,659456,0.061967432498931885
train/explained_variance,661504,0.008486151695251465
train/explained_variance,663552,0.015964925289154053
train/explained_variance,665600,0.0463947057723999
train/explained_variance,667648,0.046298086643218994
train/explained_variance,669696,0.16419446468353271
train/explained_variance,671744,0.03340303897857666
train/explained_variance,673792,0.021902740001678467
train/explained_variance,675840,0.032535433769226074
train/explained_variance,677888,0.009012699127197266
train/explained_variance,679936,0.049686312675476074
train/explained_variance,681984,0.1236945390701294
train/explained_variance,684032,0.01774775981903076
train/explained_variance,686080,0.03225386142730713
train/explained_variance,688128,0.011802315711975098
train/explained_variance,690176,0.037539124488830566
train/explained_variance,692224,0.009745478630065918
train/explained_variance,694272,0.0038135647773742676
train/explained_variance,696320,0.2077263593673706
train/explained_variance,698368,0.07459455728530884
train/explained_variance,700416,0.09796124696731567
train/explained_variance,702464,0.07279634475708008
train/explained_variance,704512,0.05365568399429321
train/explained_variance,706560,0.04352414608001709
train/explained_variance,708608,0.003878176212310791
train/explained_variance,710656,0.062268197536468506
train/explained_variance,712704,0.04562860727310181
train/explained_variance,714752,0.07677406072616577
train/explained_variance,716800,0.015932559967041016
train/explained_variance,718848,0.04586845636367798
train/explained_variance,720896,0.01786893606185913
train/explained_variance,722944,0.08523344993591309
train/explained_variance,724992,0.027533888816833496
train/explained_variance,727040,0.010075569152832031
train/explained_variance,729088,0.06912046670913696
train/explained_variance,731136,0.07356977462768555
train/explained_variance,733184,0.035061419010162354
train/explained_variance,735232,0.03742629289627075
train/explained_variance,737280,0.032480835914611816
train/explained_variance,739328,0.05427956581115723
train/explained_variance,741376,0.040982961654663086
train/explained_variance,743424,0.033345162868499756
train/explained_variance,745472,0.016576945781707764
train/explained_variance,747520,0.0723147988319397
train/explained_variance,749568,0.030067920684814453
train/explained_variance,751616,0.02822667360305786
train/explained_variance,753664,0.006667971611022949
train/explained_variance,755712,0.015779435634613037
train/explained_variance,757760,0.008456766605377197
train/explained_variance,759808,0.11252111196517944
train/explained_variance,761856,0.05528479814529419
train/explained_variance,763904,0.03428000211715698
train/explained_variance,765952,0.028131961822509766
train/explained_variance,768000,0.0536312460899353
train/explained_variance,770048,0.08849829435348511
train/explained_variance,772096,0.02957892417907715
train/explained_variance,774144,0.029849112033843994
train/explained_variance,776192,0.048446059226989746
train/explained_variance,778240,0.07566946744918823
train/explained_variance,780288,0.03362482786178589
train/explained_variance,782336,0.09987390041351318
train/explained_variance,784384,0.023011624813079834
train/explained_variance,786432,0.02433645725250244
train/explained_variance,788480,0.024927377700805664
train/explained_variance,790528,0.009893834590911865
train/explained_variance,792576,0.013748764991760254
train/explained_variance,794624,0.01825869083404541
train/explained_variance,796672,0.05634027719497681
train/explained_variance,798720,0.005311369895935059
train/explained_variance,800768,0.02442312240600586
train/explained_variance,802816,0.16767597198486328
train/explained_variance,804864,0.1377253532409668
train/explained_variance,806912,0.3986787796020508
train/explained_variance,808960,0.3835557699203491
train/explained_variance,811008,0.37217432260513306
train/explained_variance,813056,0.21085518598556519
train/explained_variance,815104,0.34114623069763184
train/explained_variance,817152,0.38154900074005127
train/explained_variance,819200,0.4801620841026306
train/explained_variance,821248,0.5656149387359619
train/explained_variance,823296,0.5321264266967773
train/explained_variance,825344,0.49100250005722046
train/explained_variance,827392,0.346396267414093
train/explained_variance,829440,0.4610742926597595
train/explained_variance,831488,0.5045908689498901
train/explained_variance,833536,0.3472983241081238
train/explained_variance,835584,0.29216456413269043
train/explained_variance,837632,0.41128110885620117
train/explained_variance,839680,0.6394997835159302
train/explained_variance,841728,0.5571872591972351
train/explained_variance,843776,0.6844978332519531
train/explained_variance,845824,0.7410560250282288
train/explained_variance,847872,0.4157804250717163
train/explained_variance,849920,0.7945973873138428
train/explained_variance,851968,0.6233967542648315
train/explained_variance,854016,0.5272767543792725
train/explained_variance,856064,0.7179352045059204
train/explained_variance,858112,0.37496018409729004
train/explained_variance,860160,0.7155218720436096
train/explained_variance,862208,0.6734667420387268
train/explained_variance,864256,0.6819603443145752
train/explained_variance,866304,0.7692392468452454
train/explained_variance,868352,0.7507972121238708
train/explained_variance,870400,0.7772364616394043
train/explained_variance,872448,0.7746413946151733
train/explained_variance,874496,0.7151583433151245
train/explained_variance,876544,0.7921354174613953
train/explained_variance,878592,0.7321068048477173
train/explained_variance,880640,0.6983799934387207
train/explained_variance,882688,0.6060671210289001
train/explained_variance,884736,0.826432466506958
train/explained_variance,886784,0.7212064266204834
train/explained_variance,888832,0.6910033226013184
train/explained_variance,890880,0.6898455619812012
train/explained_variance,892928,0.6543379426002502
train/explained_variance,894976,0.7216334342956543
train/explained_variance,897024,0.7789647579193115
train/explained_variance,899072,0.7010810375213623
train/explained_variance,901120,0.7262088060379028
train/explained_variance,903168,0.7812204957008362
train/explained_variance,905216,0.7739917635917664
train/explained_variance,907264,0.7294868230819702
train/explained_variance,909312,0.7314400672912598
train/explained_variance,911360,0.7837120294570923
train/explained_variance,913408,0.8161680102348328
train/explained_variance,915456,0.7079441547393799
train/explained_variance,917504,0.7916827201843262
train/explained_variance,919552,0.838392972946167
train/explained_variance,921600,0.7739942073822021
train/explained_variance,923648,0.5665661096572876
train/explained_variance,925696,0.7294213771820068
train/explained_variance,927744,0.7783280611038208
train/explained_variance,929792,0.7231661081314087
train/explained_variance,931840,0.8348596096038818
train/explained_variance,933888,0.7364019751548767
train/explained_variance,935936,0.8009682893753052
train/explained_variance,937984,0.790601372718811
train/explained_variance,940032,0.8241377472877502
train/explained_variance,942080,0.743405818939209
train/explained_variance,944128,0.790566086769104
train/explained_variance,946176,0.7363743185997009
train/explained_variance,948224,0.7986634969711304
train/explained_variance,950272,0.7379286885261536
train/explained_variance,952320,0.6884371042251587
train/explained_variance,954368,0.7737192511558533
train/explained_variance,956416,0.7704154849052429
train/explained_variance,958464,0.6290069818496704
train/explained_variance,960512,0.7653774619102478
train/explained_variance,962560,0.7961609363555908
train/explained_variance,964608,0.7981699109077454
train/explained_variance,966656,0.7904248237609863
train/explained_variance,968704,0.7778873443603516
train/explained_variance,970752,0.739887535572052
train/explained_variance,972800,0.8293060064315796
train/explained_variance,974848,0.7875739336013794
train/explained_variance,976896,0.7530584335327148
train/explained_variance,978944,0.7989788055419922
train/explained_variance,980992,0.770856499671936
train/explained_variance,983040,0.7709376811981201
train/explained_variance,985088,0.7768357396125793
train/explained_variance,987136,0.8151195049285889
train/explained_variance,989184,0.7982828617095947
train/explained_variance,991232,0.8090803027153015
train/explained_variance,993280,0.7028177380561829
train/explained_variance,995328,0.7969954609870911
train/explained_variance,997376,0.8493872880935669
train/explained_variance,999424,0.8081247210502625
train/explained_variance,1001472,0.8184181451797485
train/learning_rate,4096,0.0003000000142492354
train/learning_rate,6144,0.0003000000142492354
train/learning_rate,8192,0.0003000000142492354
train/learning_rate,10240,0.0003000000142492354
train/learning_rate,12288,0.0003000000142492354
train/learning_rate,14336,0.0003000000142492354
train/learning_rate,16384,0.0003000000142492354
train/learning_rate,18432,0.0003000000142492354
train/learning_rate,20480,0.0003000000142492354
train/learning_rate,22528,0.0003000000142492354
train/learning_rate,24576,0.0003000000142492354
train/learning_rate,26624,0.0003000000142492354
train/learning_rate,28672,0.0003000000142492354
train/learning_rate,30720,0.0003000000142492354
train/learning_rate,32768,0.0003000000142492354
train/learning_rate,34816,0.0003000000142492354
train/learning_rate,36864,0.0003000000142492354
train/learning_rate,38912,0.0003000000142492354
train/learning_rate,40960,0.0003000000142492354
train/learning_rate,43008,0.0003000000142492354
train/learning_rate,45056,0.0003000000142492354
train/learning_rate,47104,0.0003000000142492354
train/learning_rate,49152,0.0003000000142492354
train/learning_rate,51200,0.0003000000142492354
train/learning_rate,53248,0.0003000000142492354
train/learning_rate,55296,0.0003000000142492354
train/learning_rate,57344,0.0003000000142492354
train/learning_rate,59392,0.0003000000142492354
train/learning_rate,61440,0.0003000000142492354
train/learning_rate,63488,0.0003000000142492354
train/learning_rate,65536,0.0003000000142492354
train/learning_rate,67584,0.0003000000142492354
train/learning_rate,69632,0.0003000000142492354
train/learning_rate,71680,0.0003000000142492354
train/learning_rate,73728,0.0003000000142492354
train/learning_rate,75776,0.0003000000142492354
train/learning_rate,77824,0.0003000000142492354
train/learning_rate,79872,0.0003000000142492354
train/learning_rate,81920,0.0003000000142492354
train/learning_rate,83968,0.0003000000142492354
train/learning_rate,86016,0.0003000000142492354
train/learning_rate,88064,0.0003000000142492354
train/learning_rate,90112,0.0003000000142492354
train/learning_rate,92160,0.0003000000142492354
train/learning_rate,94208,0.0003000000142492354
train/learning_rate,96256,0.0003000000142492354
train/learning_rate,98304,0.0003000000142492354
train/learning_rate,100352,0.0003000000142492354
train/learning_rate,102400,0.0003000000142492354
train/learning_rate,104448,0.0003000000142492354
train/learning_rate,106496,0.0003000000142492354
train/learning_rate,108544,0.0003000000142492354
train/learning_rate,110592,0.0003000000142492354
train/learning_rate,112640,0.0003000000142492354
train/learning_rate,114688,0.0003000000142492354
train/learning_rate,116736,0.0003000000142492354
train/learning_rate,118784,0.0003000000142492354
train/learning_rate,120832,0.0003000000142492354
train/learning_rate,122880,0.0003000000142492354
train/learning_rate,124928,0.0003000000142492354
train/learning_rate,126976,0.0003000000142492354
train/learning_rate,129024,0.0003000000142492354
train/learning_rate,131072,0.0003000000142492354
train/learning_rate,133120,0.0003000000142492354
train/learning_rate,135168,0.0003000000142492354
train/learning_rate,137216,0.0003000000142492354
train/learning_rate,139264,0.0003000000142492354
train/learning_rate,141312,0.0003000000142492354
train/learning_rate,143360,0.0003000000142492354
train/learning_rate,145408,0.0003000000142492354
train/learning_rate,147456,0.0003000000142492354
train/learning_rate,149504,0.0003000000142492354
train/learning_rate,151552,0.0003000000142492354
train/learning_rate,153600,0.0003000000142492354
train/learning_rate,155648,0.0003000000142492354
train/learning_rate,157696,0.0003000000142492354
train/learning_rate,159744,0.0003000000142492354
train/learning_rate,161792,0.0003000000142492354
train/learning_rate,163840,0.0003000000142492354
train/learning_rate,165888,0.0003000000142492354
train/learning_rate,167936,0.0003000000142492354
train/learning_rate,169984,0.0003000000142492354
train/learning_rate,172032,0.0003000000142492354
train/learning_rate,174080,0.0003000000142492354
train/learning_rate,176128,0.0003000000142492354
train/learning_rate,178176,0.0003000000142492354
train/learning_rate,180224,0.0003000000142492354
train/learning_rate,182272,0.0003000000142492354
train/learning_rate,184320,0.0003000000142492354
train/learning_rate,186368,0.0003000000142492354
train/learning_rate,188416,0.0003000000142492354
train/learning_rate,190464,0.0003000000142492354
train/learning_rate,192512,0.0003000000142492354
train/learning_rate,194560,0.0003000000142492354
train/learning_rate,196608,0.0003000000142492354
train/learning_rate,198656,0.0003000000142492354
train/learning_rate,200704,0.0003000000142492354
train/learning_rate,202752,0.0003000000142492354
train/learning_rate,204800,0.0003000000142492354
train/learning_rate,206848,0.0003000000142492354
train/learning_rate,208896,0.0003000000142492354
train/learning_rate,210944,0.0003000000142492354
train/learning_rate,212992,0.0003000000142492354
train/learning_rate,215040,0.0003000000142492354
train/learning_rate,217088,0.0003000000142492354
train/learning_rate,219136,0.0003000000142492354
train/learning_rate,221184,0.0003000000142492354
train/learning_rate,223232,0.0003000000142492354
train/learning_rate,225280,0.0003000000142492354
train/learning_rate,227328,0.0003000000142492354
train/learning_rate,229376,0.0003000000142492354
train/learning_rate,231424,0.0003000000142492354
train/learning_rate,233472,0.0003000000142492354
train/learning_rate,235520,0.0003000000142492354
train/learning_rate,237568,0.0003000000142492354
train/learning_rate,239616,0.0003000000142492354
train/learning_rate,241664,0.0003000000142492354
train/learning_rate,243712,0.0003000000142492354
train/learning_rate,245760,0.0003000000142492354
train/learning_rate,247808,0.0003000000142492354
train/learning_rate,249856,0.0003000000142492354
train/learning_rate,251904,0.0003000000142492354
train/learning_rate,253952,0.0003000000142492354
train/learning_rate,256000,0.0003000000142492354
train/learning_rate,258048,0.0003000000142492354
train/learning_rate,260096,0.0003000000142492354
train/learning_rate,262144,0.0003000000142492354
train/learning_rate,264192,0.0003000000142492354
train/learning_rate,266240,0.0003000000142492354
train/learning_rate,268288,0.0003000000142492354
train/learning_rate,270336,0.0003000000142492354
train/learning_rate,272384,0.0003000000142492354
train/learning_rate,274432,0.0003000000142492354
train/learning_rate,276480,0.0003000000142492354
train/learning_rate,278528,0.0003000000142492354
train/learning_rate,280576,0.0003000000142492354
train/learning_rate,282624,0.0003000000142492354
train/learning_rate,284672,0.0003000000142492354
train/learning_rate,286720,0.0003000000142492354
train/learning_rate,288768,0.0003000000142492354
train/learning_rate,290816,0.0003000000142492354
train/learning_rate,292864,0.0003000000142492354
train/learning_rate,294912,0.0003000000142492354
train/learning_rate,296960,0.0003000000142492354
train/learning_rate,299008,0.0003000000142492354
train/learning_rate,301056,0.0003000000142492354
train/learning_rate,303104,0.0003000000142492354
train/learning_rate,305152,0.0003000000142492354
train/learning_rate,307200,0.0003000000142492354
train/learning_rate,309248,0.0003000000142492354
train/learning_rate,311296,0.0003000000142492354
train/learning_rate,313344,0.0003000000142492354
train/learning_rate,315392,0.0003000000142492354
train/learning_rate,317440,0.0003000000142492354
train/learning_rate,319488,0.0003000000142492354
train/learning_rate,321536,0.0003000000142492354
train/learning_rate,323584,0.0003000000142492354
train/learning_rate,325632,0.0003000000142492354
train/learning_rate,327680,0.0003000000142492354
train/learning_rate,329728,0.0003000000142492354
train/learning_rate,331776,0.0003000000142492354
train/learning_rate,333824,0.0003000000142492354
train/learning_rate,335872,0.0003000000142492354
train/learning_rate,337920,0.0003000000142492354
train/learning_rate,339968,0.0003000000142492354
train/learning_rate,342016,0.0003000000142492354
train/learning_rate,344064,0.0003000000142492354
train/learning_rate,346112,0.0003000000142492354
train/learning_rate,348160,0.0003000000142492354
train/learning_rate,350208,0.0003000000142492354
train/learning_rate,352256,0.0003000000142492354
train/learning_rate,354304,0.0003000000142492354
train/learning_rate,356352,0.0003000000142492354
train/learning_rate,358400,0.0003000000142492354
train/learning_rate,360448,0.0003000000142492354
train/learning_rate,362496,0.0003000000142492354
train/learning_rate,364544,0.0003000000142492354
train/learning_rate,366592,0.0003000000142492354
train/learning_rate,368640,0.0003000000142492354
train/learning_rate,370688,0.0003000000142492354
train/learning_rate,372736,0.0003000000142492354
train/learning_rate,374784,0.0003000000142492354
train/learning_rate,376832,0.0003000000142492354
train/learning_rate,378880,0.0003000000142492354
train/learning_rate,380928,0.0003000000142492354
train/learning_rate,382976,0.0003000000142492354
train/learning_rate,385024,0.0003000000142492354
train/learning_rate,387072,0.0003000000142492354
train/learning_rate,389120,0.0003000000142492354
train/learning_rate,391168,0.0003000000142492354
train/learning_rate,393216,0.0003000000142492354
train/learning_rate,395264,0.0003000000142492354
train/learning_rate,397312,0.0003000000142492354
train/learning_rate,399360,0.0003000000142492354
train/learning_rate,401408,0.0003000000142492354
train/learning_rate,403456,0.0003000000142492354
train/learning_rate,405504,0.0003000000142492354
train/learning_rate,407552,0.0003000000142492354
train/learning_rate,409600,0.0003000000142492354
train/learning_rate,411648,0.0003000000142492354
train/learning_rate,413696,0.0003000000142492354
train/learning_rate,415744,0.0003000000142492354
train/learning_rate,417792,0.0003000000142492354
train/learning_rate,419840,0.0003000000142492354
train/learning_rate,421888,0.0003000000142492354
train/learning_rate,423936,0.0003000000142492354
train/learning_rate,425984,0.0003000000142492354
train/learning_rate,428032,0.0003000000142492354
train/learning_rate,430080,0.0003000000142492354
train/learning_rate,432128,0.0003000000142492354
train/learning_rate,434176,0.0003000000142492354
train/learning_rate,436224,0.0003000000142492354
train/learning_rate,438272,0.0003000000142492354
train/learning_rate,440320,0.0003000000142492354
train/learning_rate,442368,0.0003000000142492354
train/learning_rate,444416,0.0003000000142492354
train/learning_rate,446464,0.0003000000142492354
train/learning_rate,448512,0.0003000000142492354
train/learning_rate,450560,0.0003000000142492354
train/learning_rate,452608,0.0003000000142492354
train/learning_rate,454656,0.0003000000142492354
train/learning_rate,456704,0.0003000000142492354
train/learning_rate,458752,0.0003000000142492354
train/learning_rate,460800,0.0003000000142492354
train/learning_rate,462848,0.0003000000142492354
train/learning_rate,464896,0.0003000000142492354
train/learning_rate,466944,0.0003000000142492354
train/learning_rate,468992,0.0003000000142492354
train/learning_rate,471040,0.0003000000142492354
train/learning_rate,473088,0.0003000000142492354
train/learning_rate,475136,0.0003000000142492354
train/learning_rate,477184,0.0003000000142492354
train/learning_rate,479232,0.0003000000142492354
train/learning_rate,481280,0.0003000000142492354
train/learning_rate,483328,0.0003000000142492354
train/learning_rate,485376,0.0003000000142492354
train/learning_rate,487424,0.0003000000142492354
train/learning_rate,489472,0.0003000000142492354
train/learning_rate,491520,0.0003000000142492354
train/learning_rate,493568,0.0003000000142492354
train/learning_rate,495616,0.0003000000142492354
train/learning_rate,497664,0.0003000000142492354
train/learning_rate,499712,0.0003000000142492354
train/learning_rate,501760,0.0003000000142492354
train/learning_rate,503808,0.0003000000142492354
train/learning_rate,505856,0.0003000000142492354
train/learning_rate,507904,0.0003000000142492354
train/learning_rate,509952,0.0003000000142492354
train/learning_rate,512000,0.0003000000142492354
train/learning_rate,514048,0.0003000000142492354
train/learning_rate,516096,0.0003000000142492354
train/learning_rate,518144,0.0003000000142492354
train/learning_rate,520192,0.0003000000142492354
train/learning_rate,522240,0.0003000000142492354
train/learning_rate,524288,0.0003000000142492354
train/learning_rate,526336,0.0003000000142492354
train/learning_rate,528384,0.0003000000142492354
train/learning_rate,530432,0.0003000000142492354
train/learning_rate,532480,0.0003000000142492354
train/learning_rate,534528,0.0003000000142492354
train/learning_rate,536576,0.0003000000142492354
train/learning_rate,538624,0.0003000000142492354
train/learning_rate,540672,0.0003000000142492354
train/learning_rate,542720,0.0003000000142492354
train/learning_rate,544768,0.0003000000142492354
train/learning_rate,546816,0.0003000000142492354
train/learning_rate,548864,0.0003000000142492354
train/learning_rate,550912,0.0003000000142492354
train/learning_rate,552960,0.0003000000142492354
train/learning_rate,555008,0.0003000000142492354
train/learning_rate,557056,0.0003000000142492354
train/learning_rate,559104,0.0003000000142492354
train/learning_rate,561152,0.0003000000142492354
train/learning_rate,563200,0.0003000000142492354
train/learning_rate,565248,0.0003000000142492354
train/learning_rate,567296,0.0003000000142492354
train/learning_rate,569344,0.0003000000142492354
train/learning_rate,571392,0.0003000000142492354
train/learning_rate,573440,0.0003000000142492354
train/learning_rate,575488,0.0003000000142492354
train/learning_rate,577536,0.0003000000142492354
train/learning_rate,579584,0.0003000000142492354
train/learning_rate,581632,0.0003000000142492354
train/learning_rate,583680,0.0003000000142492354
train/learning_rate,585728,0.0003000000142492354
train/learning_rate,587776,0.0003000000142492354
train/learning_rate,589824,0.0003000000142492354
train/learning_rate,591872,0.0003000000142492354
train/learning_rate,593920,0.0003000000142492354
train/learning_rate,595968,0.0003000000142492354
train/learning_rate,598016,0.0003000000142492354
train/learning_rate,600064,0.0003000000142492354
train/learning_rate,602112,0.0003000000142492354
train/learning_rate,604160,0.0003000000142492354
train/learning_rate,606208,0.0003000000142492354
train/learning_rate,608256,0.0003000000142492354
train/learning_rate,610304,0.0003000000142492354
train/learning_rate,612352,0.0003000000142492354
train/learning_rate,614400,0.0003000000142492354
train/learning_rate,616448,0.0003000000142492354
train/learning_rate,618496,0.0003000000142492354
train/learning_rate,620544,0.0003000000142492354
train/learning_rate,622592,0.0003000000142492354
train/learning_rate,624640,0.0003000000142492354
train/learning_rate,626688,0.0003000000142492354
train/learning_rate,628736,0.0003000000142492354
train/learning_rate,630784,0.0003000000142492354
train/learning_rate,632832,0.0003000000142492354
train/learning_rate,634880,0.0003000000142492354
train/learning_rate,636928,0.0003000000142492354
train/learning_rate,638976,0.0003000000142492354
train/learning_rate,641024,0.0003000000142492354
train/learning_rate,643072,0.0003000000142492354
train/learning_rate,645120,0.0003000000142492354
train/learning_rate,647168,0.0003000000142492354
train/learning_rate,649216,0.0003000000142492354
train/learning_rate,651264,0.0003000000142492354
train/learning_rate,653312,0.0003000000142492354
train/learning_rate,655360,0.0003000000142492354
train/learning_rate,657408,0.0003000000142492354
train/learning_rate,659456,0.0003000000142492354
train/learning_rate,661504,0.0003000000142492354
train/learning_rate,663552,0.0003000000142492354
train/learning_rate,665600,0.0003000000142492354
train/learning_rate,667648,0.0003000000142492354
train/learning_rate,669696,0.0003000000142492354
train/learning_rate,671744,0.0003000000142492354
train/learning_rate,673792,0.0003000000142492354
train/learning_rate,675840,0.0003000000142492354
train/learning_rate,677888,0.0003000000142492354
train/learning_rate,679936,0.0003000000142492354
train/learning_rate,681984,0.0003000000142492354
train/learning_rate,684032,0.0003000000142492354
train/learning_rate,686080,0.0003000000142492354
train/learning_rate,688128,0.0003000000142492354
train/learning_rate,690176,0.0003000000142492354
train/learning_rate,692224,0.0003000000142492354
train/learning_rate,694272,0.0003000000142492354
train/learning_rate,696320,0.0003000000142492354
train/learning_rate,698368,0.0003000000142492354
train/learning_rate,700416,0.0003000000142492354
train/learning_rate,702464,0.0003000000142492354
train/learning_rate,704512,0.0003000000142492354
train/learning_rate,706560,0.0003000000142492354
train/learning_rate,708608,0.0003000000142492354
train/learning_rate,710656,0.0003000000142492354
train/learning_rate,712704,0.0003000000142492354
train/learning_rate,714752,0.0003000000142492354
train/learning_rate,716800,0.0003000000142492354
train/learning_rate,718848,0.0003000000142492354
train/learning_rate,720896,0.0003000000142492354
train/learning_rate,722944,0.0003000000142492354
train/learning_rate,724992,0.0003000000142492354
train/learning_rate,727040,0.0003000000142492354
train/learning_rate,729088,0.0003000000142492354
train/learning_rate,731136,0.0003000000142492354
train/learning_rate,733184,0.0003000000142492354
train/learning_rate,735232,0.0003000000142492354
train/learning_rate,737280,0.0003000000142492354
train/learning_rate,739328,0.0003000000142492354
train/learning_rate,741376,0.0003000000142492354
train/learning_rate,743424,0.0003000000142492354
train/learning_rate,745472,0.0003000000142492354
train/learning_rate,747520,0.0003000000142492354
train/learning_rate,749568,0.0003000000142492354
train/learning_rate,751616,0.0003000000142492354
train/learning_rate,753664,0.0003000000142492354
train/learning_rate,755712,0.0003000000142492354
train/learning_rate,757760,0.0003000000142492354
train/learning_rate,759808,0.0003000000142492354
train/learning_rate,761856,0.0003000000142492354
train/learning_rate,763904,0.0003000000142492354
train/learning_rate,765952,0.0003000000142492354
train/learning_rate,768000,0.0003000000142492354
train/learning_rate,770048,0.0003000000142492354
train/learning_rate,772096,0.0003000000142492354
train/learning_rate,774144,0.0003000000142492354
train/learning_rate,776192,0.0003000000142492354
train/learning_rate,778240,0.0003000000142492354
train/learning_rate,780288,0.0003000000142492354
train/learning_rate,782336,0.0003000000142492354
train/learning_rate,784384,0.0003000000142492354
train/learning_rate,786432,0.0003000000142492354
train/learning_rate,788480,0.0003000000142492354
train/learning_rate,790528,0.0003000000142492354
train/learning_rate,792576,0.0003000000142492354
train/learning_rate,794624,0.0003000000142492354
train/learning_rate,796672,0.0003000000142492354
train/learning_rate,798720,0.0003000000142492354
train/learning_rate,800768,0.0003000000142492354
train/learning_rate,802816,0.0003000000142492354
train/learning_rate,804864,0.0003000000142492354
train/learning_rate,806912,0.0003000000142492354
train/learning_rate,808960,0.0003000000142492354
train/learning_rate,811008,0.0003000000142492354
train/learning_rate,813056,0.0003000000142492354
train/learning_rate,815104,0.0003000000142492354
train/learning_rate,817152,0.0003000000142492354
train/learning_rate,819200,0.0003000000142492354
train/learning_rate,821248,0.0003000000142492354
train/learning_rate,823296,0.0003000000142492354
train/learning_rate,825344,0.0003000000142492354
train/learning_rate,827392,0.0003000000142492354
train/learning_rate,829440,0.0003000000142492354
train/learning_rate,831488,0.0003000000142492354
train/learning_rate,833536,0.0003000000142492354
train/learning_rate,835584,0.0003000000142492354
train/learning_rate,837632,0.0003000000142492354
train/learning_rate,839680,0.0003000000142492354
train/learning_rate,841728,0.0003000000142492354
train/learning_rate,843776,0.0003000000142492354
train/learning_rate,845824,0.0003000000142492354
train/learning_rate,847872,0.0003000000142492354
train/learning_rate,849920,0.0003000000142492354
train/learning_rate,851968,0.0003000000142492354
train/learning_rate,854016,0.0003000000142492354
train/learning_rate,856064,0.0003000000142492354
train/learning_rate,858112,0.0003000000142492354
train/learning_rate,860160,0.0003000000142492354
train/learning_rate,862208,0.0003000000142492354
train/learning_rate,864256,0.0003000000142492354
train/learning_rate,866304,0.0003000000142492354
train/learning_rate,868352,0.0003000000142492354
train/learning_rate,870400,0.0003000000142492354
train/learning_rate,872448,0.0003000000142492354
train/learning_rate,874496,0.0003000000142492354
train/learning_rate,876544,0.0003000000142492354
train/learning_rate,878592,0.0003000000142492354
train/learning_rate,880640,0.0003000000142492354
train/learning_rate,882688,0.0003000000142492354
train/learning_rate,884736,0.0003000000142492354
train/learning_rate,886784,0.0003000000142492354
train/learning_rate,888832,0.0003000000142492354
train/learning_rate,890880,0.0003000000142492354
train/learning_rate,892928,0.0003000000142492354
train/learning_rate,894976,0.0003000000142492354
train/learning_rate,897024,0.0003000000142492354
train/learning_rate,899072,0.0003000000142492354
train/learning_rate,901120,0.0003000000142492354
train/learning_rate,903168,0.0003000000142492354
train/learning_rate,905216,0.0003000000142492354
train/learning_rate,907264,0.0003000000142492354
train/learning_rate,909312,0.0003000000142492354
train/learning_rate,911360,0.0003000000142492354
train/learning_rate,913408,0.0003000000142492354
train/learning_rate,915456,0.0003000000142492354
train/learning_rate,917504,0.0003000000142492354
train/learning_rate,919552,0.0003000000142492354
train/learning_rate,921600,0.0003000000142492354
train/learning_rate,923648,0.0003000000142492354
train/learning_rate,925696,0.0003000000142492354
train/learning_rate,927744,0.0003000000142492354
train/learning_rate,929792,0.0003000000142492354
train/learning_rate,931840,0.0003000000142492354
train/learning_rate,933888,0.0003000000142492354
train/learning_rate,935936,0.0003000000142492354
train/learning_rate,937984,0.0003000000142492354
train/learning_rate,940032,0.0003000000142492354
train/learning_rate,942080,0.0003000000142492354
train/learning_rate,944128,0.0003000000142492354
train/learning_rate,946176,0.0003000000142492354
train/learning_rate,948224,0.0003000000142492354
train/learning_rate,950272,0.0003000000142492354
train/learning_rate,952320,0.0003000000142492354
train/learning_rate,954368,0.0003000000142492354
train/learning_rate,956416,0.0003000000142492354
train/learning_rate,958464,0.0003000000142492354
train/learning_rate,960512,0.0003000000142492354
train/learning_rate,962560,0.0003000000142492354
train/learning_rate,964608,0.0003000000142492354
train/learning_rate,966656,0.0003000000142492354
train/learning_rate,968704,0.0003000000142492354
train/learning_rate,970752,0.0003000000142492354
train/learning_rate,972800,0.0003000000142492354
train/learning_rate,974848,0.0003000000142492354
train/learning_rate,976896,0.0003000000142492354
train/learning_rate,978944,0.0003000000142492354
train/learning_rate,980992,0.0003000000142492354
train/learning_rate,983040,0.0003000000142492354
train/learning_rate,985088,0.0003000000142492354
train/learning_rate,987136,0.0003000000142492354
train/learning_rate,989184,0.0003000000142492354
train/learning_rate,991232,0.0003000000142492354
train/learning_rate,993280,0.0003000000142492354
train/learning_rate,995328,0.0003000000142492354
train/learning_rate,997376,0.0003000000142492354
train/learning_rate,999424,0.0003000000142492354
train/learning_rate,1001472,0.0003000000142492354
train/loss,4096,78.521240234375
train/loss,6144,28.29743766784668
train/loss,8192,107.6881103515625
train/loss,10240,156.0768280029297
train/loss,12288,398.4937744140625
train/loss,14336,274.1729431152344
train/loss,16384,4.661634922027588
train/loss,18432,2.2045106887817383
train/loss,20480,2.5657191276550293
train/loss,22528,21.927778244018555
train/loss,24576,1.7988568544387817
train/loss,26624,0.7880265116691589
train/loss,28672,0.6133209466934204
train/loss,30720,0.49868905544281006
train/loss,32768,0.556159496307373
train/loss,34816,0.42523661255836487
train/loss,36864,0.7326201796531677
train/loss,38912,0.5447906255722046
train/loss,40960,0.3634445369243622
train/loss,43008,0.46793419122695923
train/loss,45056,0.4761611521244049
train/loss,47104,0.3283807933330536
train/loss,49152,0.26306989789009094
train/loss,51200,0.33150121569633484
train/loss,53248,0.3164600133895874
train/loss,55296,0.36235731840133667
train/loss,57344,0.34826943278312683
train/loss,59392,0.2764206528663635
train/loss,61440,0.28211501240730286
train/loss,63488,0.2672804892063141
train/loss,65536,0.23740582168102264
train/loss,67584,0.2535744309425354
train/loss,69632,0.27248093485832214
train/loss,71680,0.22515138983726501
train/loss,73728,0.25708961486816406
train/loss,75776,0.24415965378284454
train/loss,77824,0.3123614192008972
train/loss,79872,0.2308119684457779
train/loss,81920,0.3264836370944977
train/loss,83968,0.22731272876262665
train/loss,86016,0.24750348925590515
train/loss,88064,0.2699505686759949
train/loss,90112,0.2594619393348694
train/loss,92160,0.276244193315506
train/loss,94208,0.2515220046043396
train/loss,96256,0.34249645471572876
train/loss,98304,0.24841685593128204
train/loss,100352,0.34209105372428894
train/loss,102400,0.2609758675098419
train/loss,104448,0.26080188155174255
train/loss,106496,0.2822013795375824
train/loss,108544,0.1877695918083191
train/loss,110592,0.24862028658390045
train/loss,112640,0.25128641724586487
train/loss,114688,0.26219063997268677
train/loss,116736,0.19239351153373718
train/loss,118784,0.2587021291255951
train/loss,120832,0.2259240597486496
train/loss,122880,0.20152203738689423
train/loss,124928,0.18356995284557343
train/loss,126976,0.21889734268188477
train/loss,129024,0.23746025562286377
train/loss,131072,0.21924301981925964
train/loss,133120,0.25871187448501587
train/loss,135168,0.2591664791107178
train/loss,137216,0.2746453881263733
train/loss,139264,0.256384015083313
train/loss,141312,0.2602439820766449
train/loss,143360,0.23609095811843872
train/loss,145408,0.21957871317863464
train/loss,147456,0.22973118722438812
train/loss,149504,0.21979601681232452
train/loss,151552,0.20860129594802856
train/loss,153600,0.2111479789018631
train/loss,155648,0.24912835657596588
train/loss,157696,0.2653855085372925
train/loss,159744,0.2931705713272095
train/loss,161792,0.26070061326026917
train/loss,163840,0.23874391615390778
train/loss,165888,0.278948038816452
train/loss,167936,0.24867671728134155
train/loss,169984,0.26944446563720703
train/loss,172032,0.21871735155582428
train/loss,174080,0.2719933092594147
train/loss,176128,0.23702621459960938
train/loss,178176,0.22638534009456635
train/loss,180224,0.25407058000564575
train/loss,182272,0.2428145706653595
train/loss,184320,0.25483977794647217
train/loss,186368,0.2601478099822998
train/loss,188416,0.30497080087661743
train/loss,190464,0.30365580320358276
train/loss,192512,0.5342711806297302
train/loss,194560,0.32404834032058716
train/loss,196608,0.27473968267440796
train/loss,198656,0.32730984687805176
train/loss,200704,0.28178736567497253
train/loss,202752,0.2674099802970886
train/loss,204800,0.43223488330841064
train/loss,206848,0.3335264027118683
train/loss,208896,0.3645116984844208
train/loss,210944,0.5302161574363708
train/loss,212992,0.3821668326854706
train/loss,215040,0.8711370229721069
train/loss,217088,1.3703827857971191
train/loss,219136,0.5734895467758179
train/loss,221184,0.39570388197898865
train/loss,223232,1.0550225973129272
train/loss,225280,0.7536758184432983
train/loss,227328,0.4842192530632019
train/loss,229376,1.4257457256317139
train/loss,231424,2.7979660034179688
train/loss,233472,0.918654203414917
train/loss,235520,0.6067183613777161
train/loss,237568,1.7451027631759644
train/loss,239616,1.9641090631484985
train/loss,241664,2.023590087890625
train/loss,243712,3.8015589714050293
train/loss,245760,7.19052791595459
train/loss,247808,3.2522733211517334
train/loss,249856,6.428037643432617
train/loss,251904,1.190571665763855
train/loss,253952,9.042729377746582
train/loss,256000,1.5574510097503662
train/loss,258048,1.413765788078308
train/loss,260096,0.6861703395843506
train/loss,262144,1.2246911525726318
train/loss,264192,0.6437298059463501
train/loss,266240,1.0227230787277222
train/loss,268288,1.196413516998291
train/loss,270336,2.842111587524414
train/loss,272384,3.5734901428222656
train/loss,274432,2.560594320297241
train/loss,276480,2.337944269180298
train/loss,278528,2.1605288982391357
train/loss,280576,5.145496845245361
train/loss,282624,0.7121578454971313
train/loss,284672,0.7139778137207031
train/loss,286720,10.044832229614258
train/loss,288768,0.8204969167709351
train/loss,290816,5.456219673156738
train/loss,292864,2.3419570922851562
train/loss,294912,1.2054015398025513
train/loss,296960,6.825085163116455
train/loss,299008,1.7408174276351929
train/loss,301056,0.9563965797424316
train/loss,303104,4.483266830444336
train/loss,305152,2.042375326156616
train/loss,307200,19.987741470336914
train/loss,309248,6.9445481300354
train/loss,311296,7.624851226806641
train/loss,313344,9.016321182250977
train/loss,315392,0.7848589420318604
train/loss,317440,1.7720805406570435
train/loss,319488,2.5538220405578613
train/loss,321536,3.3732755184173584
train/loss,323584,2.0848498344421387
train/loss,325632,2.453822135925293
train/loss,327680,3.58636474609375
train/loss,329728,1.827976107597351
train/loss,331776,0.5997950434684753
train/loss,333824,5.326698303222656
train/loss,335872,0.859352707862854
train/loss,337920,0.5683284997940063
train/loss,339968,1.0110958814620972
train/loss,342016,24.56281089782715
train/loss,344064,2.545229434967041
train/loss,346112,1.278082251548767
train/loss,348160,1.0153018236160278
train/loss,350208,1.8286932706832886
train/loss,352256,0.7493777275085449
train/loss,354304,1.6772128343582153
train/loss,356352,5.17708683013916
train/loss,358400,3.8265187740325928
train/loss,360448,0.6592963337898254
train/loss,362496,1.1913307905197144
train/loss,364544,4.103392124176025
train/loss,366592,3.780846357345581
train/loss,368640,0.6128800511360168
train/loss,370688,2.337831974029541
train/loss,372736,0.7035882472991943
train/loss,374784,6.120736122131348
train/loss,376832,0.6607325077056885
train/loss,378880,1.5212668180465698
train/loss,380928,0.9809684753417969
train/loss,382976,1.3993722200393677
train/loss,385024,1.7085639238357544
train/loss,387072,1.7987911701202393
train/loss,389120,2.6438887119293213
train/loss,391168,3.6620450019836426
train/loss,393216,1.4449981451034546
train/loss,395264,4.4467363357543945
train/loss,397312,3.123570442199707
train/loss,399360,1.5274018049240112
train/loss,401408,2.102015972137451
train/loss,403456,1.7461987733840942
train/loss,405504,1.5732979774475098
train/loss,407552,1.2850934267044067
train/loss,409600,4.426976680755615
train/loss,411648,3.605006456375122
train/loss,413696,1.545668125152588
train/loss,415744,2.673143148422241
train/loss,417792,1.4594169855117798
train/loss,419840,2.54683256149292
train/loss,421888,1.2998077869415283
train/loss,423936,2.7626636028289795
train/loss,425984,4.626348495483398
train/loss,428032,2.13346529006958
train/loss,430080,1.857526421546936
train/loss,432128,0.8645067811012268
train/loss,434176,1.7635440826416016
train/loss,436224,1.3396694660186768
train/loss,438272,2.82344651222229
train/loss,440320,3.7278051376342773
train/loss,442368,1.3076062202453613
train/loss,444416,1.7312679290771484
train/loss,446464,0.8300594687461853
train/loss,448512,0.9542434215545654
train/loss,450560,1.3504170179367065
train/loss,452608,2.935351848602295
train/loss,454656,1.4774729013442993
train/loss,456704,1.4481010437011719
train/loss,458752,1.1876760721206665
train/loss,460800,0.9357426166534424
train/loss,462848,1.1274129152297974
train/loss,464896,1.6661465167999268
train/loss,466944,5.261089324951172
train/loss,468992,0.8168101906776428
train/loss,471040,2.0385947227478027
train/loss,473088,2.753401756286621
train/loss,475136,0.7857244610786438
train/loss,477184,4.13555908203125
train/loss,479232,1.8480644226074219
train/loss,481280,1.9889293909072876
train/loss,483328,1.8889464139938354
train/loss,485376,2.3627712726593018
train/loss,487424,6.331729412078857
train/loss,489472,2.3793578147888184
train/loss,491520,1.2121747732162476
train/loss,493568,2.3416218757629395
train/loss,495616,23.48892593383789
train/loss,497664,1.085608720779419
train/loss,499712,2.8699095249176025
train/loss,501760,1.7661235332489014
train/loss,503808,1.416335105895996
train/loss,505856,5.975772380828857
train/loss,507904,0.6229736804962158
train/loss,509952,1.9117915630340576
train/loss,512000,3.522386312484741
train/loss,514048,0.88752281665802
train/loss,516096,6.606044292449951
train/loss,518144,2.1233246326446533
train/loss,520192,2.6072611808776855
train/loss,522240,4.8364949226379395
train/loss,524288,2.4510881900787354
train/loss,526336,2.022765636444092
train/loss,528384,2.382479667663574
train/loss,530432,1.6615363359451294
train/loss,532480,10.641239166259766
train/loss,534528,1.41195809841156
train/loss,536576,1.95747971534729
train/loss,538624,1.6979870796203613
train/loss,540672,2.099949598312378
train/loss,542720,5.414665699005127
train/loss,544768,6.669610977172852
train/loss,546816,2.458395004272461
train/loss,548864,4.461178779602051
train/loss,550912,1.950243592262268
train/loss,552960,5.654969692230225
train/loss,555008,2.4138343334198
train/loss,557056,6.104645252227783
train/loss,559104,1.6129560470581055
train/loss,561152,1.904857873916626
train/loss,563200,2.3502817153930664
train/loss,565248,2.6678667068481445
train/loss,567296,3.6438307762145996
train/loss,569344,2.0942444801330566
train/loss,571392,6.548136234283447
train/loss,573440,2.8504936695098877
train/loss,575488,1.0112228393554688
train/loss,577536,1.707374095916748
train/loss,579584,4.335715293884277
train/loss,581632,5.75653600692749
train/loss,583680,3.60481595993042
train/loss,585728,2.973464250564575
train/loss,587776,24.787609100341797
train/loss,589824,3.372898817062378
train/loss,591872,1.7854111194610596
train/loss,593920,0.7268758416175842
train/loss,595968,2.0983452796936035
train/loss,598016,4.447964668273926
train/loss,600064,4.1800007820129395
train/loss,602112,5.368791580200195
train/loss,604160,4.212219715118408
train/loss,606208,9.495756149291992
train/loss,608256,4.469501972198486
train/loss,610304,3.274172067642212
train/loss,612352,2.3901000022888184
train/loss,614400,0.9881467223167419
train/loss,616448,2.9170303344726562
train/loss,618496,130.50804138183594
train/loss,620544,1.0042243003845215
train/loss,622592,0.6247454881668091
train/loss,624640,9.382287979125977
train/loss,626688,2.2974801063537598
train/loss,628736,0.8800817131996155
train/loss,630784,1.976509928703308
train/loss,632832,0.6634368896484375
train/loss,634880,1.8331462144851685
train/loss,636928,1.1123769283294678
train/loss,638976,6.561962127685547
train/loss,641024,2.499617338180542
train/loss,643072,1.812649130821228
train/loss,645120,2.064399003982544
train/loss,647168,1.0183676481246948
train/loss,649216,1.0569921731948853
train/loss,651264,1.984971523284912
train/loss,653312,0.7749103903770447
train/loss,655360,0.8330052495002747
train/loss,657408,3.3187522888183594
train/loss,659456,0.7820433378219604
train/loss,661504,13.83100700378418
train/loss,663552,11.427607536315918
train/loss,665600,4.733421802520752
train/loss,667648,4.830848693847656
train/loss,669696,0.7306340932846069
train/loss,671744,0.7607308626174927
train/loss,673792,3.33294415473938
train/loss,675840,3.3727636337280273
train/loss,677888,10.24841022491455
train/loss,679936,1.2624950408935547
train/loss,681984,0.7934812307357788
train/loss,684032,1.2508355379104614
train/loss,686080,1.0432941913604736
train/loss,688128,7.568240642547607
train/loss,690176,0.9542719125747681
train/loss,692224,10.169764518737793
train/loss,694272,132.2315216064453
train/loss,696320,1.3557358980178833
train/loss,698368,3.724592685699463
train/loss,700416,1.6828209161758423
train/loss,702464,0.708685576915741
train/loss,704512,0.8059588074684143
train/loss,706560,0.6392208337783813
train/loss,708608,26.758880615234375
train/loss,710656,1.8088332414627075
train/loss,712704,1.2586419582366943
train/loss,714752,0.7358163595199585
train/loss,716800,7.092138290405273
train/loss,718848,1.807484745979309
train/loss,720896,6.381805419921875
train/loss,722944,1.067798137664795
train/loss,724992,4.481690883636475
train/loss,727040,11.956893920898438
train/loss,729088,2.081266403198242
train/loss,731136,0.755051851272583
train/loss,733184,2.1260807514190674
train/loss,735232,2.0750603675842285
train/loss,737280,2.477515935897827
train/loss,739328,0.732819139957428
train/loss,741376,1.220455527305603
train/loss,743424,1.976897954940796
train/loss,745472,3.290689706802368
train/loss,747520,0.8543683886528015
train/loss,749568,1.194309949874878
train/loss,751616,1.1098651885986328
train/loss,753664,7.12153434753418
train/loss,755712,10.001611709594727
train/loss,757760,36.001556396484375
train/loss,759808,0.9585554003715515
train/loss,761856,1.8887488842010498
train/loss,763904,2.704516887664795
train/loss,765952,6.8995819091796875
train/loss,768000,3.530094623565674
train/loss,770048,1.201628565788269
train/loss,772096,4.857185363769531
train/loss,774144,4.57502555847168
train/loss,776192,3.1556103229522705
train/loss,778240,1.5682876110076904
train/loss,780288,3.3268697261810303
train/loss,782336,0.9157123565673828
train/loss,784384,2.8766517639160156
train/loss,786432,2.5878381729125977
train/loss,788480,3.6158740520477295
train/loss,790528,18.358333587646484
train/loss,792576,24.300640106201172
train/loss,794624,36.6512451171875
train/loss,796672,9.230494499206543
train/loss,798720,1.215617299079895
train/loss,800768,215.1639862060547
train/loss,802816,3.051501989364624
train/loss,804864,0.6127238273620605
train/loss,806912,1.695335865020752
train/loss,808960,0.6877890229225159
train/loss,811008,0.5520117878913879
train/loss,813056,3.384974718093872
train/loss,815104,3.3282418251037598
train/loss,817152,6.095788955688477
train/loss,819200,0.6556907892227173
train/loss,821248,0.34649306535720825
train/loss,823296,2.6501693725585938
train/loss,825344,3.5657849311828613
train/loss,827392,15.198558807373047
train/loss,829440,3.2021031379699707
train/loss,831488,5.201591491699219
train/loss,833536,10.46636962890625
train/loss,835584,20.20425033569336
train/loss,837632,11.162261009216309
train/loss,839680,0.6700414419174194
train/loss,841728,5.315074443817139
train/loss,843776,1.0698227882385254
train/loss,845824,0.7745609283447266
train/loss,847872,15.89578628540039
train/loss,849920,0.5950720310211182
train/loss,851968,0.4360368549823761
train/loss,854016,0.7588637471199036
train/loss,856064,0.8094435930252075
train/loss,858112,0.9018542766571045
train/loss,860160,1.09685480594635
train/loss,862208,0.3784726858139038
train/loss,864256,0.6134151816368103
train/loss,866304,0.4544120728969574
train/loss,868352,0.572288990020752
train/loss,870400,0.622143566608429
train/loss,872448,0.5754690766334534
train/loss,874496,0.49987468123435974
train/loss,876544,0.4523298442363739
train/loss,878592,0.4544093608856201
train/loss,880640,0.43226924538612366
train/loss,882688,1.4598749876022339
train/loss,884736,0.5493547916412354
train/loss,886784,0.632293701171875
train/loss,888832,0.6341439485549927
train/loss,890880,0.6080744862556458
train/loss,892928,0.7317851185798645
train/loss,894976,0.45417603850364685
train/loss,897024,0.6232641935348511
train/loss,899072,1.0597821474075317
train/loss,901120,0.40946900844573975
train/loss,903168,0.6858100295066833
train/loss,905216,0.46326571702957153
train/loss,907264,0.7526023983955383
train/loss,909312,0.8457793593406677
train/loss,911360,0.7084671854972839
train/loss,913408,0.593985915184021
train/loss,915456,0.42478877305984497
train/loss,917504,1.0349090099334717
train/loss,919552,0.507043182849884
train/loss,921600,0.5817024111747742
train/loss,923648,0.6562474370002747
train/loss,925696,0.5054084658622742
train/loss,927744,0.4483601152896881
train/loss,929792,0.5662708878517151
train/loss,931840,0.3566402792930603
train/loss,933888,0.3821723461151123
train/loss,935936,0.4504915773868561
train/loss,937984,0.5488290786743164
train/loss,940032,0.5526304841041565
train/loss,942080,0.5581328868865967
train/loss,944128,0.643059253692627
train/loss,946176,0.5394589900970459
train/loss,948224,0.44203904271125793
train/loss,950272,0.4919053018093109
train/loss,952320,0.5072572231292725
train/loss,954368,0.8640963435173035
train/loss,956416,0.7560590505599976
train/loss,958464,4.828640937805176
train/loss,960512,0.4448758661746979
train/loss,962560,0.6611155867576599
train/loss,964608,0.5555296540260315
train/loss,966656,0.40523889660835266
train/loss,968704,0.4704362750053406
train/loss,970752,0.6250584125518799
train/loss,972800,0.9115135669708252
train/loss,974848,0.6945494413375854
train/loss,976896,0.7599883079528809
train/loss,978944,0.7053961753845215
train/loss,980992,0.5364998579025269
train/loss,983040,0.4659702181816101
train/loss,985088,0.5016754269599915
train/loss,987136,0.34300658106803894
train/loss,989184,0.5022185444831848
train/loss,991232,0.41448140144348145
train/loss,993280,0.41976991295814514
train/loss,995328,0.44422009587287903
train/loss,997376,0.3887101411819458
train/loss,999424,0.6073698997497559
train/loss,1001472,0.5498532652854919
train/policy_gradient_loss,4096,-0.0057767946273088455
train/policy_gradient_loss,6144,-0.00448446674272418
train/policy_gradient_loss,8192,-0.006642451975494623
train/policy_gradient_loss,10240,-0.003906510304659605
train/policy_gradient_loss,12288,-0.004890100564807653
train/policy_gradient_loss,14336,-0.004005978349596262
train/policy_gradient_loss,16384,-0.001871950225904584
train/policy_gradient_loss,18432,-0.0027446274179965258
train/policy_gradient_loss,20480,-0.0036432493943721056
train/policy_gradient_loss,22528,-0.003931152168661356
train/policy_gradient_loss,24576,-0.007724130526185036
train/policy_gradient_loss,26624,-0.005522286985069513
train/policy_gradient_loss,28672,-0.00582563690841198
train/policy_gradient_loss,30720,-0.00500691682100296
train/policy_gradient_loss,32768,-0.006173646077513695
train/policy_gradient_loss,34816,-0.004640874918550253
train/policy_gradient_loss,36864,-0.0066537498496472836
train/policy_gradient_loss,38912,-0.00626806216314435
train/policy_gradient_loss,40960,-0.006306856404989958
train/policy_gradient_loss,43008,-0.006342744454741478
train/policy_gradient_loss,45056,-0.004461055621504784
train/policy_gradient_loss,47104,-0.005572309717535973
train/policy_gradient_loss,49152,-0.007358617149293423
train/policy_gradient_loss,51200,-0.005174701102077961
train/policy_gradient_loss,53248,-0.0030765023548156023
train/policy_gradient_loss,55296,-0.004475255496799946
train/policy_gradient_loss,57344,-0.006614569574594498
train/policy_gradient_loss,59392,-0.0061640567146241665
train/policy_gradient_loss,61440,-0.00462443707510829
train/policy_gradient_loss,63488,-0.00509776221588254
train/policy_gradient_loss,65536,-0.005258470773696899
train/policy_gradient_loss,67584,-0.0050775399431586266
train/policy_gradient_loss,69632,-0.004783232696354389
train/policy_gradient_loss,71680,-0.0041878726333379745
train/policy_gradient_loss,73728,-0.0048502301797270775
train/policy_gradient_loss,75776,-0.003948166500777006
train/policy_gradient_loss,77824,-0.003843117505311966
train/policy_gradient_loss,79872,-0.0030035742092877626
train/policy_gradient_loss,81920,-0.006018337327986956
train/policy_gradient_loss,83968,-0.005680080037564039
train/policy_gradient_loss,86016,-0.004119142424315214
train/policy_gradient_loss,88064,-0.0039045086596161127
train/policy_gradient_loss,90112,-0.00537824584171176
train/policy_gradient_loss,92160,-0.005159997846931219
train/policy_gradient_loss,94208,-0.006098622921854258
train/policy_gradient_loss,96256,-0.0048831612803041935
train/policy_gradient_loss,98304,-0.00419536093249917
train/policy_gradient_loss,100352,-0.00511023448780179
train/policy_gradient_loss,102400,-0.005118056200444698
train/policy_gradient_loss,104448,-0.005825124680995941
train/policy_gradient_loss,106496,-0.005142818670719862
train/policy_gradient_loss,108544,-0.0034088038373738527
train/policy_gradient_loss,110592,-0.004549432545900345
train/policy_gradient_loss,112640,-0.004739762749522924
train/policy_gradient_loss,114688,-0.003996480721980333
train/policy_gradient_loss,116736,-0.004193814937025309
train/policy_gradient_loss,118784,-0.005971129052340984
train/policy_gradient_loss,120832,-0.0052632903680205345
train/policy_gradient_loss,122880,-0.0034300428815186024
train/policy_gradient_loss,124928,-0.004913468845188618
train/policy_gradient_loss,126976,-0.0029860329814255238
train/policy_gradient_loss,129024,-0.0033569978550076485
train/policy_gradient_loss,131072,-0.004845310002565384
train/policy_gradient_loss,133120,-0.005037552211433649
train/policy_gradient_loss,135168,-0.0056785219348967075
train/policy_gradient_loss,137216,-0.004789227154105902
train/policy_gradient_loss,139264,-0.004818261135369539
train/policy_gradient_loss,141312,-0.00387187791056931
train/policy_gradient_loss,143360,-0.004876721650362015
train/policy_gradient_loss,145408,-0.003846529172733426
train/policy_gradient_loss,147456,-0.00413942988961935
train/policy_gradient_loss,149504,-0.005029766820371151
train/policy_gradient_loss,151552,-0.0022080845665186644
train/policy_gradient_loss,153600,-0.0038038226775825024
train/policy_gradient_loss,155648,-0.004724420141428709
train/policy_gradient_loss,157696,-0.0034843976609408855
train/policy_gradient_loss,159744,-0.003918711561709642
train/policy_gradient_loss,161792,-0.003002318786457181
train/policy_gradient_loss,163840,-0.0033259629271924496
train/policy_gradient_loss,165888,-0.004915300756692886
train/policy_gradient_loss,167936,-0.0032472675666213036
train/policy_gradient_loss,169984,-0.005443338770419359
train/policy_gradient_loss,172032,-0.005198508035391569
train/policy_gradient_loss,174080,-0.005318209063261747
train/policy_gradient_loss,176128,-0.0028985689859837294
train/policy_gradient_loss,178176,-0.003307979553937912
train/policy_gradient_loss,180224,-0.006614046171307564
train/policy_gradient_loss,182272,-0.0043149651028215885
train/policy_gradient_loss,184320,-0.003676092019304633
train/policy_gradient_loss,186368,-0.004917798098176718
train/policy_gradient_loss,188416,-0.004982748534530401
train/policy_gradient_loss,190464,-0.005984789226204157
train/policy_gradient_loss,192512,-0.006817960180342197
train/policy_gradient_loss,194560,-0.005710463970899582
train/policy_gradient_loss,196608,-0.005711318925023079
train/policy_gradient_loss,198656,-0.004321279004216194
train/policy_gradient_loss,200704,-0.004366534762084484
train/policy_gradient_loss,202752,-0.004977261647582054
train/policy_gradient_loss,204800,-0.005832952447235584
train/policy_gradient_loss,206848,-0.0027117449790239334
train/policy_gradient_loss,208896,-0.006115384865552187
train/policy_gradient_loss,210944,-0.0059284125454723835
train/policy_gradient_loss,212992,-0.005011138506233692
train/policy_gradient_loss,215040,-0.004017414525151253
train/policy_gradient_loss,217088,-0.0029383713845163584
train/policy_gradient_loss,219136,-0.006468355655670166
train/policy_gradient_loss,221184,-0.006415507290512323
train/policy_gradient_loss,223232,-0.007155035622417927
train/policy_gradient_loss,225280,-0.004896319005638361
train/policy_gradient_loss,227328,-0.0056819431483745575
train/policy_gradient_loss,229376,-0.004506474360823631
train/policy_gradient_loss,231424,-0.004473778884857893
train/policy_gradient_loss,233472,-0.008696132339537144
train/policy_gradient_loss,235520,-0.0053690033964812756
train/policy_gradient_loss,237568,-0.005979382898658514
train/policy_gradient_loss,239616,-0.004924763459712267
train/policy_gradient_loss,241664,-0.0065526580438017845
train/policy_gradient_loss,243712,-0.002965108957141638
train/policy_gradient_loss,245760,-0.004997359588742256
train/policy_gradient_loss,247808,-0.004360285121947527
train/policy_gradient_loss,249856,-0.0035162426065653563
train/policy_gradient_loss,251904,-0.007634544745087624
train/policy_gradient_loss,253952,-0.005178715102374554
train/policy_gradient_loss,256000,-0.006293834187090397
train/policy_gradient_loss,258048,-0.005242486950010061
train/policy_gradient_loss,260096,-0.004140325356274843
train/policy_gradient_loss,262144,-0.0062144044786691666
train/policy_gradient_loss,264192,-0.006016593426465988
train/policy_gradient_loss,266240,-0.006795107387006283
train/policy_gradient_loss,268288,-0.00641302764415741
train/policy_gradient_loss,270336,-0.0056458935141563416
train/policy_gradient_loss,272384,-0.00501398416236043
train/policy_gradient_loss,274432,-0.0068364194594323635
train/policy_gradient_loss,276480,-0.007710705045610666
train/policy_gradient_loss,278528,-0.004668816924095154
train/policy_gradient_loss,280576,-0.005521491635590792
train/policy_gradient_loss,282624,-0.005333062261343002
train/policy_gradient_loss,284672,-0.0063094948418438435
train/policy_gradient_loss,286720,-0.0012681072112172842
train/policy_gradient_loss,288768,-0.006674944888800383
train/policy_gradient_loss,290816,-0.005599404685199261
train/policy_gradient_loss,292864,-0.004296768922358751
train/policy_gradient_loss,294912,-0.006421614903956652
train/policy_gradient_loss,296960,-0.0051454659551382065
train/policy_gradient_loss,299008,-0.00607334403321147
train/policy_gradient_loss,301056,-0.0035587972961366177
train/policy_gradient_loss,303104,-0.005118814297020435
train/policy_gradient_loss,305152,-0.006677237804979086
train/policy_gradient_loss,307200,-0.003757958533242345
train/policy_gradient_loss,309248,-0.0028823541942983866
train/policy_gradient_loss,311296,-0.0043468293733894825
train/policy_gradient_loss,313344,-0.004787119571119547
train/policy_gradient_loss,315392,-0.005117674358189106
train/policy_gradient_loss,317440,-0.005561319645494223
train/policy_gradient_loss,319488,-0.006488325074315071
train/policy_gradient_loss,321536,-0.005718753673136234
train/policy_gradient_loss,323584,-0.005083206109702587
train/policy_gradient_loss,325632,-0.005885846447199583
train/policy_gradient_loss,327680,-0.005806711036711931
train/policy_gradient_loss,329728,-0.007817188277840614
train/policy_gradient_loss,331776,-0.0074094487354159355
train/policy_gradient_loss,333824,-0.005895939189940691
train/policy_gradient_loss,335872,-0.006316816434264183
train/policy_gradient_loss,337920,-0.00674042385071516
train/policy_gradient_loss,339968,-0.004821662791073322
train/policy_gradient_loss,342016,-0.005340856499969959
train/policy_gradient_loss,344064,-0.005352472420781851
train/policy_gradient_loss,346112,-0.0038896072655916214
train/policy_gradient_loss,348160,-0.004860893357545137
train/policy_gradient_loss,350208,-0.006931202486157417
train/policy_gradient_loss,352256,-0.006122262682765722
train/policy_gradient_loss,354304,-0.00763299036771059
train/policy_gradient_loss,356352,-0.005271599628031254
train/policy_gradient_loss,358400,-0.006660941988229752
train/policy_gradient_loss,360448,-0.0044407919049263
train/policy_gradient_loss,362496,-0.007548677735030651
train/policy_gradient_loss,364544,-0.00625654635950923
train/policy_gradient_loss,366592,-0.006860760040581226
train/policy_gradient_loss,368640,-0.006278584245592356
train/policy_gradient_loss,370688,-0.0060901762917637825
train/policy_gradient_loss,372736,-0.006542613264173269
train/policy_gradient_loss,374784,-0.004785669501870871
train/policy_gradient_loss,376832,-0.005629181861877441
train/policy_gradient_loss,378880,-0.006772026419639587
train/policy_gradient_loss,380928,-0.005763567518442869
train/policy_gradient_loss,382976,-0.0066218143329024315
train/policy_gradient_loss,385024,-0.006829469930380583
train/policy_gradient_loss,387072,-0.006859397515654564
train/policy_gradient_loss,389120,-0.0040599931962788105
train/policy_gradient_loss,391168,-0.0036546913906931877
train/policy_gradient_loss,393216,-0.0060438839718699455
train/policy_gradient_loss,395264,-0.00543081434443593
train/policy_gradient_loss,397312,-0.005218764301389456
train/policy_gradient_loss,399360,-0.0060936640948057175
train/policy_gradient_loss,401408,-0.0046897875145077705
train/policy_gradient_loss,403456,-0.00514949532225728
train/policy_gradient_loss,405504,-0.005216012243181467
train/policy_gradient_loss,407552,-0.006540305446833372
train/policy_gradient_loss,409600,-0.0049608931876719
train/policy_gradient_loss,411648,-0.0064307935535907745
train/policy_gradient_loss,413696,-0.007369405124336481
train/policy_gradient_loss,415744,-0.00686538266018033
train/policy_gradient_loss,417792,-0.007461538538336754
train/policy_gradient_loss,419840,-0.00569060817360878
train/policy_gradient_loss,421888,-0.005923855118453503
train/policy_gradient_loss,423936,-0.005469628144055605
train/policy_gradient_loss,425984,-0.006669566035270691
train/policy_gradient_loss,428032,-0.006450412329286337
train/policy_gradient_loss,430080,-0.005661347880959511
train/policy_gradient_loss,432128,-0.006321122404187918
train/policy_gradient_loss,434176,-0.007179971318691969
train/policy_gradient_loss,436224,-0.006567794363945723
train/policy_gradient_loss,438272,-0.004483711440116167
train/policy_gradient_loss,440320,-0.005911553278565407
train/policy_gradient_loss,442368,-0.00532954465597868
train/policy_gradient_loss,444416,-0.005616921000182629
train/policy_gradient_loss,446464,-0.005892770364880562
train/policy_gradient_loss,448512,-0.006092635914683342
train/policy_gradient_loss,450560,-0.007429867051541805
train/policy_gradient_loss,452608,-0.005388165824115276
train/policy_gradient_loss,454656,-0.0053523448295891285
train/policy_gradient_loss,456704,-0.0066212499514222145
train/policy_gradient_loss,458752,-0.004738408140838146
train/policy_gradient_loss,460800,-0.007052836939692497
train/policy_gradient_loss,462848,-0.0066095697693526745
train/policy_gradient_loss,464896,-0.004942030645906925
train/policy_gradient_loss,466944,-0.004815475083887577
train/policy_gradient_loss,468992,-0.006875491701066494
train/policy_gradient_loss,471040,-0.007846362888813019
train/policy_gradient_loss,473088,-0.0060394140891730785
train/policy_gradient_loss,475136,-0.005360209383070469
train/policy_gradient_loss,477184,-0.004211168736219406
train/policy_gradient_loss,479232,-0.007202743086963892
train/policy_gradient_loss,481280,-0.008164746686816216
train/policy_gradient_loss,483328,-0.006902020890265703
train/policy_gradient_loss,485376,-0.006289163138717413
train/policy_gradient_loss,487424,-0.008626068010926247
train/policy_gradient_loss,489472,-0.007026821840554476
train/policy_gradient_loss,491520,-0.006299601402133703
train/policy_gradient_loss,493568,-0.007387812715023756
train/policy_gradient_loss,495616,-0.004222419112920761
train/policy_gradient_loss,497664,-0.004434884060174227
train/policy_gradient_loss,499712,-0.007265230640769005
train/policy_gradient_loss,501760,-0.004998690448701382
train/policy_gradient_loss,503808,-0.004294474143534899
train/policy_gradient_loss,505856,-0.0037868337240070105
train/policy_gradient_loss,507904,-0.005754683632403612
train/policy_gradient_loss,509952,-0.007846041582524776
train/policy_gradient_loss,512000,-0.005168870557099581
train/policy_gradient_loss,514048,-0.00552611518651247
train/policy_gradient_loss,516096,-0.005646998528391123
train/policy_gradient_loss,518144,-0.006590626668184996
train/policy_gradient_loss,520192,-0.00666583189740777
train/policy_gradient_loss,522240,-0.004761532414704561
train/policy_gradient_loss,524288,-0.006015671417117119
train/policy_gradient_loss,526336,-0.005413489416241646
train/policy_gradient_loss,528384,-0.006059892475605011
train/policy_gradient_loss,530432,-0.006803589873015881
train/policy_gradient_loss,532480,-0.004362708888947964
train/policy_gradient_loss,534528,-0.00666100112721324
train/policy_gradient_loss,536576,-0.004635072313249111
train/policy_gradient_loss,538624,-0.007182009518146515
train/policy_gradient_loss,540672,-0.007265809923410416
train/policy_gradient_loss,542720,-0.004493056330829859
train/policy_gradient_loss,544768,-0.0073379711247980595
train/policy_gradient_loss,546816,-0.00809717457741499
train/policy_gradient_loss,548864,-0.005114852916449308
train/policy_gradient_loss,550912,-0.007731223478913307
train/policy_gradient_loss,552960,-0.005955955013632774
train/policy_gradient_loss,555008,-0.006029263138771057
train/policy_gradient_loss,557056,-0.004937499761581421
train/policy_gradient_loss,559104,-0.00714655639603734
train/policy_gradient_loss,561152,-0.0050459993071854115
train/policy_gradient_loss,563200,-0.0042243292555212975
train/policy_gradient_loss,565248,-0.005318658426403999
train/policy_gradient_loss,567296,-0.005974999163299799
train/policy_gradient_loss,569344,-0.006873383652418852
train/policy_gradient_loss,571392,-0.006517685484141111
train/policy_gradient_loss,573440,-0.005275368224829435
train/policy_gradient_loss,575488,-0.006452528294175863
train/policy_gradient_loss,577536,-0.005927391815930605
train/policy_gradient_loss,579584,-0.006105152890086174
train/policy_gradient_loss,581632,-0.006519821938127279
train/policy_gradient_loss,583680,-0.004111450631171465
train/policy_gradient_loss,585728,-0.006629870738834143
train/policy_gradient_loss,587776,-0.0035838144831359386
train/policy_gradient_loss,589824,-0.0044242204166948795
train/policy_gradient_loss,591872,-0.00346883456222713
train/policy_gradient_loss,593920,-0.003990746568888426
train/policy_gradient_loss,595968,-0.00659983092918992
train/policy_gradient_loss,598016,-0.0065661706030368805
train/policy_gradient_loss,600064,-0.0052857729606330395
train/policy_gradient_loss,602112,-0.006436482537537813
train/policy_gradient_loss,604160,-0.005460760090500116
train/policy_gradient_loss,606208,-0.004521552938967943
train/policy_gradient_loss,608256,-0.006514561362564564
train/policy_gradient_loss,610304,-0.006306206341832876
train/policy_gradient_loss,612352,-0.004001508466899395
train/policy_gradient_loss,614400,-0.004481160547584295
train/policy_gradient_loss,616448,-0.005229886155575514
train/policy_gradient_loss,618496,-0.0026129160542041063
train/policy_gradient_loss,620544,-0.0037050407845526934
train/policy_gradient_loss,622592,-0.005899910349398851
train/policy_gradient_loss,624640,-0.0038551781326532364
train/policy_gradient_loss,626688,-0.007066332269459963
train/policy_gradient_loss,628736,-0.004883682820945978
train/policy_gradient_loss,630784,-0.006051613017916679
train/policy_gradient_loss,632832,-0.006284218747168779
train/policy_gradient_loss,634880,-0.006395936012268066
train/policy_gradient_loss,636928,-0.006742228753864765
train/policy_gradient_loss,638976,-0.0049904221668839455
train/policy_gradient_loss,641024,-0.007869712077081203
train/policy_gradient_loss,643072,-0.006591362878680229
train/policy_gradient_loss,645120,-0.006852496415376663
train/policy_gradient_loss,647168,-0.007828417234122753
train/policy_gradient_loss,649216,-0.004569502081722021
train/policy_gradient_loss,651264,-0.008250290527939796
train/policy_gradient_loss,653312,-0.007392777595669031
train/policy_gradient_loss,655360,-0.007490090560168028
train/policy_gradient_loss,657408,-0.005477832164615393
train/policy_gradient_loss,659456,-0.008210178464651108
train/policy_gradient_loss,661504,-0.004043936263769865
train/policy_gradient_loss,663552,-0.005854355171322823
train/policy_gradient_loss,665600,-0.006476523354649544
train/policy_gradient_loss,667648,-0.007510961499065161
train/policy_gradient_loss,669696,-0.0046557276509702206
train/policy_gradient_loss,671744,-0.006587575655430555
train/policy_gradient_loss,673792,-0.005220545455813408
train/policy_gradient_loss,675840,-0.005700991023331881
train/policy_gradient_loss,677888,-0.004134431015700102
train/policy_gradient_loss,679936,-0.006648033857345581
train/policy_gradient_loss,681984,-0.005510521121323109
train/policy_gradient_loss,684032,-0.006983483210206032
train/policy_gradient_loss,686080,-0.007873164489865303
train/policy_gradient_loss,688128,-0.0051416149362921715
train/policy_gradient_loss,690176,-0.007665969897061586
train/policy_gradient_loss,692224,-0.004085468128323555
train/policy_gradient_loss,694272,-0.0022675604559481144
train/policy_gradient_loss,696320,-0.0035004913806915283
train/policy_gradient_loss,698368,-0.004750843625515699
train/policy_gradient_loss,700416,-0.005148805677890778
train/policy_gradient_loss,702464,-0.006800230126827955
train/policy_gradient_loss,704512,-0.004426106810569763
train/policy_gradient_loss,706560,-0.007362022064626217
train/policy_gradient_loss,708608,-0.004416632931679487
train/policy_gradient_loss,710656,-0.005529230926185846
train/policy_gradient_loss,712704,-0.007748536299914122
train/policy_gradient_loss,714752,-0.007907998748123646
train/policy_gradient_loss,716800,-0.0070501454174518585
train/policy_gradient_loss,718848,-0.006150222849100828
train/policy_gradient_loss,720896,-0.004610767588019371
train/policy_gradient_loss,722944,-0.007312636822462082
train/policy_gradient_loss,724992,-0.004890477284789085
train/policy_gradient_loss,727040,-0.005442499183118343
train/policy_gradient_loss,729088,-0.007312493398785591
train/policy_gradient_loss,731136,-0.004076701123267412
train/policy_gradient_loss,733184,-0.006356677506119013
train/policy_gradient_loss,735232,-0.005886990576982498
train/policy_gradient_loss,737280,-0.006967816036194563
train/policy_gradient_loss,739328,-0.0068209473975002766
train/policy_gradient_loss,741376,-0.006908871233463287
train/policy_gradient_loss,743424,-0.006010378710925579
train/policy_gradient_loss,745472,-0.005075959954410791
train/policy_gradient_loss,747520,-0.0071422141045331955
train/policy_gradient_loss,749568,-0.00909685529768467
train/policy_gradient_loss,751616,-0.009823944419622421
train/policy_gradient_loss,753664,-0.0029429823625832796
train/policy_gradient_loss,755712,-0.005641960073262453
train/policy_gradient_loss,757760,-0.0034896857105195522
train/policy_gradient_loss,759808,-0.0037178508937358856
train/policy_gradient_loss,761856,-0.005293393973261118
train/policy_gradient_loss,763904,-0.0051760985516011715
train/policy_gradient_loss,765952,-0.007061295211315155
train/policy_gradient_loss,768000,-0.006241357885301113
train/policy_gradient_loss,770048,-0.006086242850869894
train/policy_gradient_loss,772096,-0.007297930773347616
train/policy_gradient_loss,774144,-0.0069272518157958984
train/policy_gradient_loss,776192,-0.007585061248391867
train/policy_gradient_loss,778240,-0.006940861698240042
train/policy_gradient_loss,780288,-0.005674154497683048
train/policy_gradient_loss,782336,-0.006884990260004997
train/policy_gradient_loss,784384,-0.007352730724960566
train/policy_gradient_loss,786432,-0.006356496829539537
train/policy_gradient_loss,788480,-0.004067802801728249
train/policy_gradient_loss,790528,-0.005778312683105469
train/policy_gradient_loss,792576,-0.005104177165776491
train/policy_gradient_loss,794624,-0.005476179998368025
train/policy_gradient_loss,796672,-0.0058588567189872265
train/policy_gradient_loss,798720,-0.0066988468170166016
train/policy_gradient_loss,800768,-0.0028844187036156654
train/policy_gradient_loss,802816,-0.006370129995048046
train/policy_gradient_loss,804864,-0.005539084319025278
train/policy_gradient_loss,806912,-0.006372637115418911
train/policy_gradient_loss,808960,-0.004477870184928179
train/policy_gradient_loss,811008,-0.006555718835443258
train/policy_gradient_loss,813056,-0.005568244960159063
train/policy_gradient_loss,815104,-0.007031300570815802
train/policy_gradient_loss,817152,-0.007097414694726467
train/policy_gradient_loss,819200,-0.006535831373184919
train/policy_gradient_loss,821248,-0.007218475453555584
train/policy_gradient_loss,823296,-0.0035826419480144978
train/policy_gradient_loss,825344,-0.0058404793962836266
train/policy_gradient_loss,827392,-0.004353966563940048
train/policy_gradient_loss,829440,-0.005619951989501715
train/policy_gradient_loss,831488,-0.008429737761616707
train/policy_gradient_loss,833536,-0.0065977000631392
train/policy_gradient_loss,835584,-0.004193346947431564
train/policy_gradient_loss,837632,-0.0056493571028113365
train/policy_gradient_loss,839680,-0.008738147094845772
train/policy_gradient_loss,841728,-0.0065726786851882935
train/policy_gradient_loss,843776,-0.008408382534980774
train/policy_gradient_loss,845824,-0.006425862200558186
train/policy_gradient_loss,847872,-0.005573370028287172
train/policy_gradient_loss,849920,-0.007857796736061573
train/policy_gradient_loss,851968,-0.007752507925033569
train/policy_gradient_loss,854016,-0.0060008433647453785
train/policy_gradient_loss,856064,-0.005493676755577326
train/policy_gradient_loss,858112,-0.005271330010145903
train/policy_gradient_loss,860160,-0.006862865295261145
train/policy_gradient_loss,862208,-0.006904189940541983
train/policy_gradient_loss,864256,-0.006192313507199287
train/policy_gradient_loss,866304,-0.005521328188478947
train/policy_gradient_loss,868352,-0.006608468946069479
train/policy_gradient_loss,870400,-0.006848965771496296
train/policy_gradient_loss,872448,-0.0067670526914298534
train/policy_gradient_loss,874496,-0.0069981724955141544
train/policy_gradient_loss,876544,-0.0053709326311945915
train/policy_gradient_loss,878592,-0.005581725854426622
train/policy_gradient_loss,880640,-0.005163571797311306
train/policy_gradient_loss,882688,-0.004767361097037792
train/policy_gradient_loss,884736,-0.007088440470397472
train/policy_gradient_loss,886784,-0.0072708516381680965
train/policy_gradient_loss,888832,-0.0072661531157791615
train/policy_gradient_loss,890880,-0.0075320093892514706
train/policy_gradient_loss,892928,-0.007194337900727987
train/policy_gradient_loss,894976,-0.007079735863953829
train/policy_gradient_loss,897024,-0.00449736462906003
train/policy_gradient_loss,899072,-0.00932023860514164
train/policy_gradient_loss,901120,-0.007234284188598394
train/policy_gradient_loss,903168,-0.007257868070155382
train/policy_gradient_loss,905216,-0.0077056922018527985
train/policy_gradient_loss,907264,-0.005116309970617294
train/policy_gradient_loss,909312,-0.007457481697201729
train/policy_gradient_loss,911360,-0.00434375274926424
train/policy_gradient_loss,913408,-0.0054113734513521194
train/policy_gradient_loss,915456,-0.005678512156009674
train/policy_gradient_loss,917504,-0.005386174190789461
train/policy_gradient_loss,919552,-0.00663771852850914
train/policy_gradient_loss,921600,-0.006674512755125761
train/policy_gradient_loss,923648,-0.007345243357121944
train/policy_gradient_loss,925696,-0.007668215315788984
train/policy_gradient_loss,927744,-0.006841982714831829
train/policy_gradient_loss,929792,-0.0074984245002269745
train/policy_gradient_loss,931840,-0.004873918369412422
train/policy_gradient_loss,933888,-0.0063837855122983456
train/policy_gradient_loss,935936,-0.006288280710577965
train/policy_gradient_loss,937984,-0.006386985536664724
train/policy_gradient_loss,940032,-0.00612381286919117
train/policy_gradient_loss,942080,-0.006606977432966232
train/policy_gradient_loss,944128,-0.008747401647269726
train/policy_gradient_loss,946176,-0.006715371273458004
train/policy_gradient_loss,948224,-0.006948275025933981
train/policy_gradient_loss,950272,-0.00681206164881587
train/policy_gradient_loss,952320,-0.00513997208327055
train/policy_gradient_loss,954368,-0.006776746362447739
train/policy_gradient_loss,956416,-0.0056504299864172935
train/policy_gradient_loss,958464,-0.0043673887848854065
train/policy_gradient_loss,960512,-0.006988642271608114
train/policy_gradient_loss,962560,-0.007236259523779154
train/policy_gradient_loss,964608,-0.007687523495405912
train/policy_gradient_loss,966656,-0.007039285730570555
train/policy_gradient_loss,968704,-0.0055300211533904076
train/policy_gradient_loss,970752,-0.00721909012645483
train/policy_gradient_loss,972800,-0.00614560954272747
train/policy_gradient_loss,974848,-0.005472835153341293
train/policy_gradient_loss,976896,-0.0035909030120819807
train/policy_gradient_loss,978944,-0.007333267480134964
train/policy_gradient_loss,980992,-0.007177494466304779
train/policy_gradient_loss,983040,-0.005269304383546114
train/policy_gradient_loss,985088,-0.005408777855336666
train/policy_gradient_loss,987136,-0.005455142352730036
train/policy_gradient_loss,989184,-0.005503714084625244
train/policy_gradient_loss,991232,-0.008189111016690731
train/policy_gradient_loss,993280,-0.005845284555107355
train/policy_gradient_loss,995328,-0.006969662848860025
train/policy_gradient_loss,997376,-0.006136994808912277
train/policy_gradient_loss,999424,-0.006500601302832365
train/policy_gradient_loss,1001472,-0.006539888679981232
train/std,4096,0.22403153777122498
train/std,6144,0.22488528490066528
train/std,8192,0.22571271657943726
train/std,10240,0.2258986532688141
train/std,12288,0.22643424570560455
train/std,14336,0.22762683033943176
train/std,16384,0.22828011214733124
train/std,18432,0.2306450754404068
train/std,20480,0.23234975337982178
train/std,22528,0.23268207907676697
train/std,24576,0.2341306507587433
train/std,26624,0.23457659780979156
train/std,28672,0.23600026965141296
train/std,30720,0.23697495460510254
train/std,32768,0.23846888542175293
train/std,34816,0.23975491523742676
train/std,36864,0.2403354048728943
train/std,38912,0.24123899638652802
train/std,40960,0.24277858436107635
train/std,43008,0.243883416056633
train/std,45056,0.24462145566940308
train/std,47104,0.24635736644268036
train/std,49152,0.2457098662853241
train/std,51200,0.2450042963027954
train/std,53248,0.24560602009296417
train/std,55296,0.24647298455238342
train/std,57344,0.24506230652332306
train/std,59392,0.24517618119716644
train/std,61440,0.24672794342041016
train/std,63488,0.24845172464847565
train/std,65536,0.24915355443954468
train/std,67584,0.2506104111671448
train/std,69632,0.25111210346221924
train/std,71680,0.25042733550071716
train/std,73728,0.2501024305820465
train/std,75776,0.25047606229782104
train/std,77824,0.2515898644924164
train/std,79872,0.2526618242263794
train/std,81920,0.2506318986415863
train/std,83968,0.25094911456108093
train/std,86016,0.25246936082839966
train/std,88064,0.2524055540561676
train/std,90112,0.25190937519073486
train/std,92160,0.2524378299713135
train/std,94208,0.2526766061782837
train/std,96256,0.25339430570602417
train/std,98304,0.2534414529800415
train/std,100352,0.25319814682006836
train/std,102400,0.2533729076385498
train/std,104448,0.25348567962646484
train/std,106496,0.2523610293865204
train/std,108544,0.2506006956100464
train/std,110592,0.2514539957046509
train/std,112640,0.25348401069641113
train/std,114688,0.2538793087005615
train/std,116736,0.253129243850708
train/std,118784,0.2534860670566559
train/std,120832,0.25415319204330444
train/std,122880,0.2537670135498047
train/std,124928,0.25416499376296997
train/std,126976,0.2549446225166321
train/std,129024,0.2553098797798157
train/std,131072,0.2553737759590149
train/std,133120,0.25553780794143677
train/std,135168,0.2570343613624573
train/std,137216,0.25696831941604614
train/std,139264,0.25652357935905457
train/std,141312,0.25534236431121826
train/std,143360,0.2558969259262085
train/std,145408,0.256328821182251
train/std,147456,0.2564270794391632
train/std,149504,0.25780344009399414
train/std,151552,0.2576025128364563
train/std,153600,0.2582000195980072
train/std,155648,0.2573835551738739
train/std,157696,0.25821760296821594
train/std,159744,0.25744763016700745
train/std,161792,0.2575104236602783
train/std,163840,0.2575317323207855
train/std,165888,0.2570061981678009
train/std,167936,0.2574654221534729
train/std,169984,0.2577582597732544
train/std,172032,0.2576597332954407
train/std,174080,0.2573739290237427
train/std,176128,0.2582385540008545
train/std,178176,0.2579464912414551
train/std,180224,0.2580766975879669
train/std,182272,0.25842952728271484
train/std,184320,0.25735339522361755
train/std,186368,0.25885921716690063
train/std,188416,0.25914326310157776
train/std,190464,0.2584519684314728
train/std,192512,0.25804635882377625
train/std,194560,0.258703351020813
train/std,196608,0.25927749276161194
train/std,198656,0.25930601358413696
train/std,200704,0.25873667001724243
train/std,202752,0.2589006721973419
train/std,204800,0.2592298090457916
train/std,206848,0.260023295879364
train/std,208896,0.25865229964256287
train/std,210944,0.2582607865333557
train/std,212992,0.25924983620643616
train/std,215040,0.25981318950653076
train/std,217088,0.2603887617588043
train/std,219136,0.26053348183631897
train/std,221184,0.2610277533531189
train/std,223232,0.26233023405075073
train/std,225280,0.2644960582256317
train/std,227328,0.2644558250904083
train/std,229376,0.26636406779289246
train/std,231424,0.2669762969017029
train/std,233472,0.2661581337451935
train/std,235520,0.26657921075820923
train/std,237568,0.2677326798439026
train/std,239616,0.26841795444488525
train/std,241664,0.2679940462112427
train/std,243712,0.2682335376739502
train/std,245760,0.2683950662612915
train/std,247808,0.26935693621635437
train/std,249856,0.2704859972000122
train/std,251904,0.27064603567123413
train/std,253952,0.27072423696517944
train/std,256000,0.27108561992645264
train/std,258048,0.272982656955719
train/std,260096,0.27305689454078674
train/std,262144,0.2731557786464691
train/std,264192,0.2733282446861267
train/std,266240,0.2729420065879822
train/std,268288,0.27316099405288696
train/std,270336,0.27402716875076294
train/std,272384,0.27413952350616455
train/std,274432,0.27429288625717163
train/std,276480,0.2760469615459442
train/std,278528,0.27750277519226074
train/std,280576,0.2779601812362671
train/std,282624,0.2785678505897522
train/std,284672,0.27733880281448364
train/std,286720,0.2776172161102295
train/std,288768,0.2781572937965393
train/std,290816,0.27806946635246277
train/std,292864,0.27860087156295776
train/std,294912,0.2797139883041382
train/std,296960,0.27997928857803345
train/std,299008,0.2805749773979187
train/std,301056,0.2799966633319855
train/std,303104,0.28062009811401367
train/std,305152,0.28042110800743103
train/std,307200,0.28038647770881653
train/std,309248,0.2813047766685486
train/std,311296,0.2813076078891754
train/std,313344,0.28218358755111694
train/std,315392,0.2833403944969177
train/std,317440,0.28389739990234375
train/std,319488,0.2867993712425232
train/std,321536,0.28813180327415466
train/std,323584,0.28916457295417786
train/std,325632,0.2903158664703369
train/std,327680,0.29040491580963135
train/std,329728,0.2911474108695984
train/std,331776,0.29235878586769104
train/std,333824,0.2936818301677704
train/std,335872,0.293715238571167
train/std,337920,0.2946156859397888
train/std,339968,0.2958834171295166
train/std,342016,0.29680192470550537
train/std,344064,0.2971442937850952
train/std,346112,0.29673001170158386
train/std,348160,0.29622572660446167
train/std,350208,0.2977275252342224
train/std,352256,0.29733753204345703
train/std,354304,0.2993299961090088
train/std,356352,0.30130377411842346
train/std,358400,0.3027326464653015
train/std,360448,0.30349594354629517
train/std,362496,0.30400165915489197
train/std,364544,0.3053942918777466
train/std,366592,0.306216299533844
train/std,368640,0.3061037063598633
train/std,370688,0.30690446496009827
train/std,372736,0.30524420738220215
train/std,374784,0.3045095205307007
train/std,376832,0.30497798323631287
train/std,378880,0.30666372179985046
train/std,380928,0.3066461384296417
train/std,382976,0.30753910541534424
train/std,385024,0.3085160255432129
train/std,387072,0.30820128321647644
train/std,389120,0.30788683891296387
train/std,391168,0.3066447973251343
train/std,393216,0.307253897190094
train/std,395264,0.3077995181083679
train/std,397312,0.30904054641723633
train/std,399360,0.3082391619682312
train/std,401408,0.3092760443687439
train/std,403456,0.3099075257778168
train/std,405504,0.31021276116371155
train/std,407552,0.31063878536224365
train/std,409600,0.3115728497505188
train/std,411648,0.31270480155944824
train/std,413696,0.3122767210006714
train/std,415744,0.3125167489051819
train/std,417792,0.31393125653266907
train/std,419840,0.3142108917236328
train/std,421888,0.3158103823661804
train/std,423936,0.3157349228858948
train/std,425984,0.31638509035110474
train/std,428032,0.31775128841400146
train/std,430080,0.31873053312301636
train/std,432128,0.31950700283050537
train/std,434176,0.3193822503089905
train/std,436224,0.31998008489608765
train/std,438272,0.32099175453186035
train/std,440320,0.32220107316970825
train/std,442368,0.32271647453308105
train/std,444416,0.3233715891838074
train/std,446464,0.3245493173599243
train/std,448512,0.32373836636543274
train/std,450560,0.32546764612197876
train/std,452608,0.3266748785972595
train/std,454656,0.327480673789978
train/std,456704,0.32819050550460815
train/std,458752,0.32971125841140747
train/std,460800,0.33180588483810425
train/std,462848,0.33181726932525635
train/std,464896,0.3330300748348236
train/std,466944,0.33357349038124084
train/std,468992,0.33459848165512085
train/std,471040,0.33461815118789673
train/std,473088,0.3344683349132538
train/std,475136,0.33332720398902893
train/std,477184,0.3330822288990021
train/std,479232,0.3325386643409729
train/std,481280,0.3334706723690033
train/std,483328,0.3338417708873749
train/std,485376,0.3362806439399719
train/std,487424,0.3363320827484131
train/std,489472,0.33706289529800415
train/std,491520,0.3387864828109741
train/std,493568,0.33870452642440796
train/std,495616,0.33979251980781555
train/std,497664,0.3393118679523468
train/std,499712,0.3396014869213104
train/std,501760,0.3399840295314789
train/std,503808,0.3406906723976135
train/std,505856,0.34119030833244324
train/std,507904,0.3412669003009796
train/std,509952,0.34136417508125305
train/std,512000,0.3429798185825348
train/std,514048,0.34351807832717896
train/std,516096,0.3451809883117676
train/std,518144,0.3464798927307129
train/std,520192,0.34692680835723877
train/std,522240,0.3445611000061035
train/std,524288,0.34369346499443054
train/std,526336,0.34247779846191406
train/std,528384,0.3439500629901886
train/std,530432,0.34528690576553345
train/std,532480,0.34626948833465576
train/std,534528,0.3462865352630615
train/std,536576,0.3471885621547699
train/std,538624,0.3479505181312561
train/std,540672,0.34976211190223694
train/std,542720,0.3511981666088104
train/std,544768,0.3527606427669525
train/std,546816,0.35381683707237244
train/std,548864,0.3548021912574768
train/std,550912,0.3571111559867859
train/std,552960,0.35829925537109375
train/std,555008,0.3596513271331787
train/std,557056,0.3612281084060669
train/std,559104,0.36184996366500854
train/std,561152,0.3641318678855896
train/std,563200,0.3647204041481018
train/std,565248,0.36540883779525757
train/std,567296,0.36616018414497375
train/std,569344,0.36583369970321655
train/std,571392,0.36624306440353394
train/std,573440,0.3661854565143585
train/std,575488,0.3666488230228424
train/std,577536,0.36692917346954346
train/std,579584,0.36701732873916626
train/std,581632,0.3680666983127594
train/std,583680,0.3681800663471222
train/std,585728,0.36922216415405273
train/std,587776,0.3693270683288574
train/std,589824,0.3695666193962097
train/std,591872,0.3699905574321747
train/std,593920,0.37023502588272095
train/std,595968,0.36964115500450134
train/std,598016,0.3688328266143799
train/std,600064,0.36885392665863037
train/std,602112,0.36914175748825073
train/std,604160,0.36976808309555054
train/std,606208,0.3700738251209259
train/std,608256,0.3725597858428955
train/std,610304,0.3761689066886902
train/std,612352,0.37676364183425903
train/std,614400,0.37705740332603455
train/std,616448,0.3777164816856384
train/std,618496,0.37779858708381653
train/std,620544,0.37749218940734863
train/std,622592,0.3792634904384613
train/std,624640,0.3800009489059448
train/std,626688,0.3820945918560028
train/std,628736,0.3846723437309265
train/std,630784,0.38509535789489746
train/std,632832,0.38452446460723877
train/std,634880,0.3855282962322235
train/std,636928,0.3861008882522583
train/std,638976,0.38759830594062805
train/std,641024,0.38882768154144287
train/std,643072,0.3906489312648773
train/std,645120,0.39223265647888184
train/std,647168,0.39599159359931946
train/std,649216,0.3948192000389099
train/std,651264,0.39594483375549316
train/std,653312,0.3965524137020111
train/std,655360,0.3959198296070099
train/std,657408,0.3962365984916687
train/std,659456,0.39638495445251465
train/std,661504,0.39635351300239563
train/std,663552,0.3984680473804474
train/std,665600,0.40061426162719727
train/std,667648,0.4012910723686218
train/std,669696,0.40106329321861267
train/std,671744,0.4021373987197876
train/std,673792,0.40169087052345276
train/std,675840,0.40244919061660767
train/std,677888,0.40448063611984253
train/std,679936,0.40485700964927673
train/std,681984,0.407181054353714
train/std,684032,0.40654468536376953
train/std,686080,0.4074580669403076
train/std,688128,0.40969908237457275
train/std,690176,0.4112045168876648
train/std,692224,0.4131718873977661
train/std,694272,0.4134346842765808
train/std,696320,0.41367870569229126
train/std,698368,0.4156080484390259
train/std,700416,0.415603905916214
train/std,702464,0.4172132909297943
train/std,704512,0.41704556345939636
train/std,706560,0.4171058237552643
train/std,708608,0.4172595739364624
train/std,710656,0.4182527959346771
train/std,712704,0.41934943199157715
train/std,714752,0.42129653692245483
train/std,716800,0.4219970107078552
train/std,718848,0.4230494201183319
train/std,720896,0.4232247471809387
train/std,722944,0.42402350902557373
train/std,724992,0.4243679642677307
train/std,727040,0.42435818910598755
train/std,729088,0.4274589717388153
train/std,731136,0.4267965853214264
train/std,733184,0.42644238471984863
train/std,735232,0.4271053671836853
train/std,737280,0.42550164461135864
train/std,739328,0.4258868098258972
train/std,741376,0.4264722764492035
train/std,743424,0.42765653133392334
train/std,745472,0.4286330044269562
train/std,747520,0.4283177852630615
train/std,749568,0.4277520179748535
train/std,751616,0.42767441272735596
train/std,753664,0.42874956130981445
train/std,755712,0.4292220175266266
train/std,757760,0.42964455485343933
train/std,759808,0.4308495819568634
train/std,761856,0.4302038848400116
train/std,763904,0.43133673071861267
train/std,765952,0.4312214255332947
train/std,768000,0.4335387945175171
train/std,770048,0.43494510650634766
train/std,772096,0.4355849325656891
train/std,774144,0.43696334958076477
train/std,776192,0.4377576410770416
train/std,778240,0.43867969512939453
train/std,780288,0.439633846282959
train/std,782336,0.43861275911331177
train/std,784384,0.4391910433769226
train/std,786432,0.4405469000339508
train/std,788480,0.4408557415008545
train/std,790528,0.44083064794540405
train/std,792576,0.4414224624633789
train/std,794624,0.4419056177139282
train/std,796672,0.4429211914539337
train/std,798720,0.4430345892906189
train/std,800768,0.4432055950164795
train/std,802816,0.4450926184654236
train/std,804864,0.445605605840683
train/std,806912,0.4458903670310974
train/std,808960,0.4425000846385956
train/std,811008,0.4427551031112671
train/std,813056,0.4432280361652374
train/std,815104,0.4438638687133789
train/std,817152,0.44409340620040894
train/std,819200,0.443608820438385
train/std,821248,0.44115668535232544
train/std,823296,0.44178977608680725
train/std,825344,0.4423326849937439
train/std,827392,0.4423969089984894
train/std,829440,0.4430305063724518
train/std,831488,0.445114403963089
train/std,833536,0.44420963525772095
train/std,835584,0.4458194375038147
train/std,837632,0.44645753502845764
train/std,839680,0.4463704228401184
train/std,841728,0.4469027519226074
train/std,843776,0.44591790437698364
train/std,845824,0.4458566904067993
train/std,847872,0.4463315010070801
train/std,849920,0.4472549855709076
train/std,851968,0.44967880845069885
train/std,854016,0.44761696457862854
train/std,856064,0.44796502590179443
train/std,858112,0.44592273235321045
train/std,860160,0.44593971967697144
train/std,862208,0.4429853558540344
train/std,864256,0.44325947761535645
train/std,866304,0.44321873784065247
train/std,868352,0.44134995341300964
train/std,870400,0.43988728523254395
train/std,872448,0.4384341537952423
train/std,874496,0.4383258819580078
train/std,876544,0.43934595584869385
train/std,878592,0.4391830563545227
train/std,880640,0.43688130378723145
train/std,882688,0.43525826930999756
train/std,884736,0.4356505870819092
train/std,886784,0.43275609612464905
train/std,888832,0.433114230632782
train/std,890880,0.433921217918396
train/std,892928,0.4334042966365814
train/std,894976,0.4325023293495178
train/std,897024,0.43052932620048523
train/std,899072,0.4302367568016052
train/std,901120,0.4302125573158264
train/std,903168,0.4311652183532715
train/std,905216,0.4315437078475952
train/std,907264,0.4332585334777832
train/std,909312,0.4339253902435303
train/std,911360,0.43304476141929626
train/std,913408,0.4320920407772064
train/std,915456,0.4315056800842285
train/std,917504,0.4317849278450012
train/std,919552,0.43212324380874634
train/std,921600,0.43377307057380676
train/std,923648,0.43388980627059937
train/std,925696,0.4321938753128052
train/std,927744,0.43221360445022583
train/std,929792,0.43227893114089966
train/std,931840,0.4298802614212036
train/std,933888,0.42774757742881775
train/std,935936,0.4261336326599121
train/std,937984,0.4237526059150696
train/std,940032,0.423691987991333
train/std,942080,0.4225946068763733
train/std,944128,0.42079904675483704
train/std,946176,0.41915321350097656
train/std,948224,0.4187484383583069
train/std,950272,0.4170565605163574
train/std,952320,0.4165235161781311
train/std,954368,0.41638287901878357
train/std,956416,0.4155498743057251
train/std,958464,0.4159594774246216
train/std,960512,0.41359615325927734
train/std,962560,0.4111049473285675
train/std,964608,0.4101042151451111
train/std,966656,0.4094444811344147
train/std,968704,0.40965697169303894
train/std,970752,0.4082185626029968
train/std,972800,0.4084697961807251
train/std,974848,0.40913406014442444
train/std,976896,0.40922337770462036
train/std,978944,0.40756189823150635
train/std,980992,0.40699928998947144
train/std,983040,0.4049672782421112
train/std,985088,0.4047999382019043
train/std,987136,0.40339282155036926
train/std,989184,0.40298062562942505
train/std,991232,0.4016793668270111
train/std,993280,0.4009903073310852
train/std,995328,0.400733083486557
train/std,997376,0.399456262588501
train/std,999424,0.4008205533027649
train/std,1001472,0.3990461826324463
train/value_loss,4096,221.4264373779297
train/value_loss,6144,95.46416473388672
train/value_loss,8192,204.55618286132812
train/value_loss,10240,423.5700378417969
train/value_loss,12288,536.3131103515625
train/value_loss,14336,445.2640686035156
train/value_loss,16384,11.33823299407959
train/value_loss,18432,3.8473012447357178
train/value_loss,20480,8.005729675292969
train/value_loss,22528,37.22819900512695
train/value_loss,24576,3.8397140502929688
train/value_loss,26624,1.8358820676803589
train/value_loss,28672,1.4943547248840332
train/value_loss,30720,1.4055025577545166
train/value_loss,32768,1.347362995147705
train/value_loss,34816,0.9025028347969055
train/value_loss,36864,1.3258414268493652
train/value_loss,38912,1.0067566633224487
train/value_loss,40960,0.895093560218811
train/value_loss,43008,0.9375641942024231
train/value_loss,45056,0.8413358926773071
train/value_loss,47104,0.6666950583457947
train/value_loss,49152,0.6236626505851746
train/value_loss,51200,0.7139114737510681
train/value_loss,53248,0.6298041939735413
train/value_loss,55296,0.6733424067497253
train/value_loss,57344,0.6554131507873535
train/value_loss,59392,0.5141753554344177
train/value_loss,61440,0.6582293510437012
train/value_loss,63488,0.5448975563049316
train/value_loss,65536,0.5023411512374878
train/value_loss,67584,0.5439525842666626
train/value_loss,69632,0.5643558502197266
train/value_loss,71680,0.5113602876663208
train/value_loss,73728,0.5758249163627625
train/value_loss,75776,0.5159100890159607
train/value_loss,77824,0.6756461262702942
train/value_loss,79872,0.5403909087181091
train/value_loss,81920,0.7667027711868286
train/value_loss,83968,0.5410330891609192
train/value_loss,86016,0.5188724994659424
train/value_loss,88064,0.5502835512161255
train/value_loss,90112,0.5535674691200256
train/value_loss,92160,0.48863568902015686
train/value_loss,94208,0.5500172972679138
train/value_loss,96256,0.7470542788505554
train/value_loss,98304,0.5744768381118774
train/value_loss,100352,0.6164965033531189
train/value_loss,102400,0.49230635166168213
train/value_loss,104448,0.502511739730835
train/value_loss,106496,0.5178154706954956
train/value_loss,108544,0.4347318112850189
train/value_loss,110592,0.4724195599555969
train/value_loss,112640,0.4534137547016144
train/value_loss,114688,0.4926295280456543
train/value_loss,116736,0.4395384192466736
train/value_loss,118784,0.49962353706359863
train/value_loss,120832,0.5067123770713806
train/value_loss,122880,0.4468303620815277
train/value_loss,124928,0.41927844285964966
train/value_loss,126976,0.4990878403186798
train/value_loss,129024,0.478229820728302
train/value_loss,131072,0.45592382550239563
train/value_loss,133120,0.5366455316543579
train/value_loss,135168,0.48794060945510864
train/value_loss,137216,0.578509509563446
train/value_loss,139264,0.5674754977226257
train/value_loss,141312,0.5222689509391785
train/value_loss,143360,0.4546701908111572
train/value_loss,145408,0.4453183710575104
train/value_loss,147456,0.4591755270957947
train/value_loss,149504,0.5107090473175049
train/value_loss,151552,0.48286736011505127
train/value_loss,153600,0.44565290212631226
train/value_loss,155648,0.5086956024169922
train/value_loss,157696,0.5493404269218445
train/value_loss,159744,0.5364436507225037
train/value_loss,161792,0.5298793315887451
train/value_loss,163840,0.49210357666015625
train/value_loss,165888,0.54672771692276
train/value_loss,167936,0.5246871709823608
train/value_loss,169984,0.5089442133903503
train/value_loss,172032,0.5342978239059448
train/value_loss,174080,0.5233892798423767
train/value_loss,176128,0.4750046730041504
train/value_loss,178176,0.5111528038978577
train/value_loss,180224,0.5669063925743103
train/value_loss,182272,0.5295101404190063
train/value_loss,184320,0.554223358631134
train/value_loss,186368,0.527881920337677
train/value_loss,188416,0.5502405166625977
train/value_loss,190464,0.6958830952644348
train/value_loss,192512,0.8513952493667603
train/value_loss,194560,0.7375470995903015
train/value_loss,196608,0.5270197987556458
train/value_loss,198656,0.6285409927368164
train/value_loss,200704,0.584434449672699
train/value_loss,202752,0.6120832562446594
train/value_loss,204800,0.9203664064407349
train/value_loss,206848,0.7291722297668457
train/value_loss,208896,0.7775941491127014
train/value_loss,210944,1.1112315654754639
train/value_loss,212992,0.8199771046638489
train/value_loss,215040,3.414796829223633
train/value_loss,217088,3.1934521198272705
train/value_loss,219136,1.3592344522476196
train/value_loss,221184,1.497470736503601
train/value_loss,223232,1.8789525032043457
train/value_loss,225280,1.3464797735214233
train/value_loss,227328,1.0126420259475708
train/value_loss,229376,3.2377755641937256
train/value_loss,231424,10.946187973022461
train/value_loss,233472,2.005950927734375
train/value_loss,235520,1.5403884649276733
train/value_loss,237568,2.6261186599731445
train/value_loss,239616,3.6852848529815674
train/value_loss,241664,4.6112589836120605
train/value_loss,243712,8.243695259094238
train/value_loss,245760,15.837034225463867
train/value_loss,247808,8.688627243041992
train/value_loss,249856,12.805194854736328
train/value_loss,251904,2.104792356491089
train/value_loss,253952,16.139583587646484
train/value_loss,256000,5.0970659255981445
train/value_loss,258048,2.4229624271392822
train/value_loss,260096,1.4628602266311646
train/value_loss,262144,2.0074381828308105
train/value_loss,264192,1.554819107055664
train/value_loss,266240,1.9693357944488525
train/value_loss,268288,2.4282374382019043
train/value_loss,270336,6.238299369812012
train/value_loss,272384,10.454742431640625
train/value_loss,274432,6.999030590057373
train/value_loss,276480,7.770461559295654
train/value_loss,278528,4.866880893707275
train/value_loss,280576,11.03355598449707
train/value_loss,282624,1.4488455057144165
train/value_loss,284672,1.5106334686279297
train/value_loss,286720,32.39908218383789
train/value_loss,288768,1.4309258460998535
train/value_loss,290816,12.503066062927246
train/value_loss,292864,4.593692302703857
train/value_loss,294912,3.2448315620422363
train/value_loss,296960,14.738012313842773
train/value_loss,299008,3.6927595138549805
train/value_loss,301056,1.8475838899612427
train/value_loss,303104,9.06320571899414
train/value_loss,305152,3.709733724594116
train/value_loss,307200,55.76402282714844
train/value_loss,309248,15.123099327087402
train/value_loss,311296,13.874275207519531
train/value_loss,313344,19.780990600585938
train/value_loss,315392,1.774583101272583
train/value_loss,317440,3.571378469467163
train/value_loss,319488,5.653870105743408
train/value_loss,321536,6.090587615966797
train/value_loss,323584,4.413496017456055
train/value_loss,325632,6.550796031951904
train/value_loss,327680,8.498562812805176
train/value_loss,329728,3.69724440574646
train/value_loss,331776,1.4685646295547485
train/value_loss,333824,11.037463188171387
train/value_loss,335872,1.5768109560012817
train/value_loss,337920,1.3772536516189575
train/value_loss,339968,1.915147304534912
train/value_loss,342016,51.73195266723633
train/value_loss,344064,5.39709997177124
train/value_loss,346112,2.7382519245147705
train/value_loss,348160,2.3066048622131348
train/value_loss,350208,4.0533366203308105
train/value_loss,352256,1.5097291469573975
train/value_loss,354304,2.9484705924987793
train/value_loss,356352,8.404014587402344
train/value_loss,358400,5.377171993255615
train/value_loss,360448,1.6701180934906006
train/value_loss,362496,2.3952267169952393
train/value_loss,364544,8.419575691223145
train/value_loss,366592,7.217629432678223
train/value_loss,368640,1.3616902828216553
train/value_loss,370688,5.663190841674805
train/value_loss,372736,1.4421223402023315
train/value_loss,374784,10.220656394958496
train/value_loss,376832,1.3354694843292236
train/value_loss,378880,3.1090943813323975
train/value_loss,380928,2.185619831085205
train/value_loss,382976,2.8705496788024902
train/value_loss,385024,3.5901641845703125
train/value_loss,387072,3.2372303009033203
train/value_loss,389120,6.565100193023682
train/value_loss,391168,6.341890335083008
train/value_loss,393216,2.5341885089874268
train/value_loss,395264,10.344271659851074
train/value_loss,397312,4.225988388061523
train/value_loss,399360,3.636256217956543
train/value_loss,401408,5.408320426940918
train/value_loss,403456,3.7991340160369873
train/value_loss,405504,3.598886489868164
train/value_loss,407552,2.4106595516204834
train/value_loss,409600,6.8740081787109375
train/value_loss,411648,6.177696228027344
train/value_loss,413696,3.1605494022369385
train/value_loss,415744,5.358002185821533
train/value_loss,417792,2.7258121967315674
train/value_loss,419840,5.6573920249938965
train/value_loss,421888,2.6235058307647705
train/value_loss,423936,5.061335563659668
train/value_loss,425984,9.209661483764648
train/value_loss,428032,4.147921562194824
train/value_loss,430080,2.8506040573120117
train/value_loss,432128,1.9695866107940674
train/value_loss,434176,4.054167747497559
train/value_loss,436224,2.968268632888794
train/value_loss,438272,5.517205715179443
train/value_loss,440320,6.396352291107178
train/value_loss,442368,2.5415544509887695
train/value_loss,444416,3.972508430480957
train/value_loss,446464,2.180971622467041
train/value_loss,448512,1.768091082572937
train/value_loss,450560,3.323854446411133
train/value_loss,452608,6.923466205596924
train/value_loss,454656,2.7146661281585693
train/value_loss,456704,3.2879724502563477
train/value_loss,458752,2.585482597351074
train/value_loss,460800,1.9852614402770996
train/value_loss,462848,2.2595083713531494
train/value_loss,464896,3.1546244621276855
train/value_loss,466944,9.114906311035156
train/value_loss,468992,1.5896176099777222
train/value_loss,471040,3.014707326889038
train/value_loss,473088,4.532402992248535
train/value_loss,475136,1.7697052955627441
train/value_loss,477184,10.777387619018555
train/value_loss,479232,3.501368522644043
train/value_loss,481280,4.073686599731445
train/value_loss,483328,3.715465784072876
train/value_loss,485376,6.376051425933838
train/value_loss,487424,12.579314231872559
train/value_loss,489472,6.034296989440918
train/value_loss,491520,2.5890026092529297
train/value_loss,493568,3.91221022605896
train/value_loss,495616,31.412437438964844
train/value_loss,497664,2.6114158630371094
train/value_loss,499712,6.086367607116699
train/value_loss,501760,4.121937274932861
train/value_loss,503808,2.8032286167144775
train/value_loss,505856,9.322694778442383
train/value_loss,507904,1.423706293106079
train/value_loss,509952,4.361781120300293
train/value_loss,512000,6.385548114776611
train/value_loss,514048,1.75496506690979
train/value_loss,516096,12.36690616607666
train/value_loss,518144,3.282046318054199
train/value_loss,520192,4.409680366516113
train/value_loss,522240,6.728537082672119
train/value_loss,524288,4.347461700439453
train/value_loss,526336,3.6525402069091797
train/value_loss,528384,4.577328205108643
train/value_loss,530432,3.7511942386627197
train/value_loss,532480,68.2968978881836
train/value_loss,534528,2.9149253368377686
train/value_loss,536576,4.782210350036621
train/value_loss,538624,3.750598669052124
train/value_loss,540672,3.4435646533966064
train/value_loss,542720,10.995484352111816
train/value_loss,544768,19.373783111572266
train/value_loss,546816,5.531463623046875
train/value_loss,548864,11.072153091430664
train/value_loss,550912,3.8172779083251953
train/value_loss,552960,11.019851684570312
train/value_loss,555008,3.527933359146118
train/value_loss,557056,12.040898323059082
train/value_loss,559104,3.155925750732422
train/value_loss,561152,3.397536039352417
train/value_loss,563200,5.716310024261475
train/value_loss,565248,4.261711120605469
train/value_loss,567296,5.908405303955078
train/value_loss,569344,3.789160966873169
train/value_loss,571392,15.90221118927002
train/value_loss,573440,5.780582427978516
train/value_loss,575488,2.0988104343414307
train/value_loss,577536,3.536210775375366
train/value_loss,579584,11.87242603302002
train/value_loss,581632,9.570740699768066
train/value_loss,583680,8.134393692016602
train/value_loss,585728,5.126603126525879
train/value_loss,587776,56.845088958740234
train/value_loss,589824,9.9091215133667
train/value_loss,591872,3.7219107151031494
train/value_loss,593920,1.7403677701950073
train/value_loss,595968,5.211236476898193
train/value_loss,598016,8.371188163757324
train/value_loss,600064,8.985322952270508
train/value_loss,602112,9.232566833496094
train/value_loss,604160,7.915629863739014
train/value_loss,606208,18.396276473999023
train/value_loss,608256,12.092141151428223
train/value_loss,610304,7.601860046386719
train/value_loss,612352,4.246775150299072
train/value_loss,614400,2.5087814331054688
train/value_loss,616448,6.741149425506592
train/value_loss,618496,311.9221496582031
train/value_loss,620544,3.0616703033447266
train/value_loss,622592,1.6465773582458496
train/value_loss,624640,20.07992172241211
train/value_loss,626688,5.167917251586914
train/value_loss,628736,2.2249860763549805
train/value_loss,630784,3.1890947818756104
train/value_loss,632832,1.3677324056625366
train/value_loss,634880,4.340935707092285
train/value_loss,636928,2.702070474624634
train/value_loss,638976,26.451969146728516
train/value_loss,641024,5.044723033905029
train/value_loss,643072,3.543280601501465
train/value_loss,645120,7.108279705047607
train/value_loss,647168,2.283033609390259
train/value_loss,649216,2.316701889038086
train/value_loss,651264,4.6490068435668945
train/value_loss,653312,1.7247686386108398
train/value_loss,655360,1.8173500299453735
train/value_loss,657408,6.2700042724609375
train/value_loss,659456,1.651150107383728
train/value_loss,661504,26.54332733154297
train/value_loss,663552,22.698772430419922
train/value_loss,665600,11.311837196350098
train/value_loss,667648,9.371148109436035
train/value_loss,669696,1.815704345703125
train/value_loss,671744,1.8265501260757446
train/value_loss,673792,7.072699069976807
train/value_loss,675840,5.751086711883545
train/value_loss,677888,27.090404510498047
train/value_loss,679936,3.680302143096924
train/value_loss,681984,1.3909326791763306
train/value_loss,684032,2.2248013019561768
train/value_loss,686080,2.8232879638671875
train/value_loss,688128,13.864660263061523
train/value_loss,690176,1.881679892539978
train/value_loss,692224,20.554153442382812
train/value_loss,694272,359.7706298828125
train/value_loss,696320,3.374943256378174
train/value_loss,698368,6.082627773284912
train/value_loss,700416,2.704362630844116
train/value_loss,702464,1.5485668182373047
train/value_loss,704512,1.9194599390029907
train/value_loss,706560,2.1970088481903076
train/value_loss,708608,48.04001235961914
train/value_loss,710656,2.518465280532837
train/value_loss,712704,3.084653377532959
train/value_loss,714752,1.4885215759277344
train/value_loss,716800,14.855315208435059
train/value_loss,718848,4.210395812988281
train/value_loss,720896,16.502124786376953
train/value_loss,722944,2.0204787254333496
train/value_loss,724992,5.892023086547852
train/value_loss,727040,21.901561737060547
train/value_loss,729088,3.4021334648132324
train/value_loss,731136,1.5955357551574707
train/value_loss,733184,4.426537990570068
train/value_loss,735232,3.1260669231414795
train/value_loss,737280,5.102992534637451
train/value_loss,739328,1.6647863388061523
train/value_loss,741376,2.377426862716675
train/value_loss,743424,3.3013439178466797
train/value_loss,745472,7.5441460609436035
train/value_loss,747520,1.8230955600738525
train/value_loss,749568,2.209172248840332
train/value_loss,751616,3.6055498123168945
train/value_loss,753664,17.124156951904297
train/value_loss,755712,17.89043617248535
train/value_loss,757760,73.1986312866211
train/value_loss,759808,1.9758013486862183
train/value_loss,761856,3.1357438564300537
train/value_loss,763904,7.9921159744262695
train/value_loss,765952,14.609121322631836
train/value_loss,768000,6.435887336730957
train/value_loss,770048,2.4915709495544434
train/value_loss,772096,11.371673583984375
train/value_loss,774144,11.666590690612793
train/value_loss,776192,6.373154640197754
train/value_loss,778240,3.5846827030181885
train/value_loss,780288,9.829413414001465
train/value_loss,782336,1.7829899787902832
train/value_loss,784384,5.428177833557129
train/value_loss,786432,6.167062282562256
train/value_loss,788480,7.674230575561523
train/value_loss,790528,42.60607147216797
train/value_loss,792576,52.970924377441406
train/value_loss,794624,81.39529418945312
train/value_loss,796672,25.969268798828125
train/value_loss,798720,3.6095151901245117
train/value_loss,800768,343.376953125
train/value_loss,802816,16.952726364135742
train/value_loss,804864,1.8335351943969727
train/value_loss,806912,3.44674015045166
train/value_loss,808960,2.3089466094970703
train/value_loss,811008,1.2443251609802246
train/value_loss,813056,7.393838882446289
train/value_loss,815104,8.682693481445312
train/value_loss,817152,13.642375946044922
train/value_loss,819200,2.211024522781372
train/value_loss,821248,0.9499190449714661
train/value_loss,823296,3.800788640975952
train/value_loss,825344,10.301283836364746
train/value_loss,827392,32.45177459716797
train/value_loss,829440,6.503298759460449
train/value_loss,831488,11.329164505004883
train/value_loss,833536,25.224916458129883
train/value_loss,835584,48.407711029052734
train/value_loss,837632,17.5839786529541
train/value_loss,839680,1.8902950286865234
train/value_loss,841728,10.008172988891602
train/value_loss,843776,2.4831249713897705
train/value_loss,845824,2.419954776763916
train/value_loss,847872,28.16146469116211
train/value_loss,849920,1.5806634426116943
train/value_loss,851968,0.962638795375824
train/value_loss,854016,1.573395013809204
train/value_loss,856064,2.5888330936431885
train/value_loss,858112,2.052809476852417
train/value_loss,860160,2.787238121032715
train/value_loss,862208,1.2700181007385254
train/value_loss,864256,1.5796639919281006
train/value_loss,866304,1.1041995286941528
train/value_loss,868352,1.4299302101135254
train/value_loss,870400,1.3152978420257568
train/value_loss,872448,1.4120792150497437
train/value_loss,874496,1.1606963872909546
train/value_loss,876544,0.9549433588981628
train/value_loss,878592,0.8949507474899292
train/value_loss,880640,0.8910139203071594
train/value_loss,882688,4.570542335510254
train/value_loss,884736,1.2392224073410034
train/value_loss,886784,1.422704815864563
train/value_loss,888832,1.4687241315841675
train/value_loss,890880,1.165164589881897
train/value_loss,892928,1.5927597284317017
train/value_loss,894976,1.0886640548706055
train/value_loss,897024,1.3341976404190063
train/value_loss,899072,2.818540334701538
train/value_loss,901120,0.9723567962646484
train/value_loss,903168,1.663950800895691
train/value_loss,905216,1.0803812742233276
train/value_loss,907264,1.7302744388580322
train/value_loss,909312,1.914939045906067
train/value_loss,911360,1.614877462387085
train/value_loss,913408,1.4795795679092407
train/value_loss,915456,1.0037387609481812
train/value_loss,917504,2.675448179244995
train/value_loss,919552,1.2915911674499512
train/value_loss,921600,1.271091103553772
train/value_loss,923648,1.7146971225738525
train/value_loss,925696,1.3049043416976929
train/value_loss,927744,0.9595248103141785
train/value_loss,929792,1.0554637908935547
train/value_loss,931840,0.7085364460945129
train/value_loss,933888,0.9423224329948425
train/value_loss,935936,0.9138926863670349
train/value_loss,937984,1.3945751190185547
train/value_loss,940032,1.2434004545211792
train/value_loss,942080,1.2266310453414917
train/value_loss,944128,1.5489634275436401
train/value_loss,946176,1.4057199954986572
train/value_loss,948224,1.0419294834136963
train/value_loss,950272,1.1148045063018799
train/value_loss,952320,1.0789601802825928
train/value_loss,954368,1.6929994821548462
train/value_loss,956416,1.6030254364013672
train/value_loss,958464,9.717167854309082
train/value_loss,960512,1.2585519552230835
train/value_loss,962560,1.2855795621871948
train/value_loss,964608,1.3526203632354736
train/value_loss,966656,1.1895774602890015
train/value_loss,968704,1.0244481563568115
train/value_loss,970752,1.3389005661010742
train/value_loss,972800,1.6327472925186157
train/value_loss,974848,1.4175164699554443
train/value_loss,976896,1.6134345531463623
train/value_loss,978944,1.7411547899246216
train/value_loss,980992,1.3135831356048584
train/value_loss,983040,1.2703735828399658
train/value_loss,985088,1.3710745573043823
train/value_loss,987136,0.9001354575157166
train/value_loss,989184,1.2298729419708252
train/value_loss,991232,0.8901566863059998
train/value_loss,993280,0.9962262511253357
train/value_loss,995328,1.0389165878295898
train/value_loss,997376,0.9007560014724731
train/value_loss,999424,1.3264282941818237
train/value_loss,1001472,1.2204794883728027
