time_sec,time_post,control_step,phase,position_1,position_2,position_3,reference_position_1,reference_position_2,reference_position_3,attitude_deg_1,attitude_deg_2,attitude_deg_3,position_error,linear_velocity_1,linear_velocity_2,linear_velocity_3,angular_velocity_1,angular_velocity_2,angular_velocity_3,control_input_1,control_input_2,control_input_3,control_input_4,policy_action_1,policy_action_2,policy_action_3,policy_action_4,motor_thrust_1,motor_thrust_2,motor_thrust_3,motor_thrust_4,motor_thrust_command_1,motor_thrust_command_2,motor_thrust_command_3,motor_thrust_command_4,motor_command_1,motor_command_2,motor_command_3,motor_command_4,motor_omega_rad_s_1,motor_omega_rad_s_2,motor_omega_rad_s_3,motor_omega_rad_s_4,reaction_torque_nm_1,reaction_torque_nm_2,reaction_torque_nm_3,reaction_torque_nm_4,wrench_command_1,wrench_command_2,wrench_command_3,wrench_command_4,wrench_actual_1,wrench_actual_2,wrench_actual_3,wrench_actual_4,allocation_error_1,allocation_error_2,allocation_error_3,allocation_error_4,motor_effectiveness_1,motor_effectiveness_2,motor_effectiveness_3,motor_effectiveness_4,motor_thrust_before_effectiveness_1,motor_thrust_before_effectiveness_2,motor_thrust_before_effectiveness_3,motor_thrust_before_effectiveness_4,motor_thrust_applied_1,motor_thrust_applied_2,motor_thrust_applied_3,motor_thrust_applied_4,reaction_torque_before_effectiveness_nm_1,reaction_torque_before_effectiveness_nm_2,reaction_torque_before_effectiveness_nm_3,reaction_torque_before_effectiveness_nm_4,position_before_1,position_before_2,position_before_3,velocity_before_1,velocity_before_2,velocity_before_3,raw_observation_1,raw_observation_2,raw_observation_3,raw_observation_4,raw_observation_5,raw_observation_6,raw_observation_7,raw_observation_8,raw_observation_9,raw_observation_10,raw_observation_11,raw_observation_12,raw_observation_13,raw_observation_14,raw_observation_15,quaternion_1,quaternion_2,quaternion_3,quaternion_4,reward,terminated,truncated
0.0,0.01,0,HOVER,-2.1721496823445818e-10,-8.493659248154373e-11,0.9999998728518449,0.0,0.0,1.0,7.736830009764585e-05,-0.0001978771736425983,8.62685305353073e-05,1.2714836902571032e-07,-6.799378837740733e-08,-2.6586858936639146e-08,-2.4458717234665528e-05,0.00019287472241558135,-0.0004932963056489825,0.000215062900679186,0.0008147191256284714,-0.0020880945958197117,0.009224709123373032,-0.001195959746837616,0.0008147191256284714,-0.0020880945958197117,0.009224709123373032,-0.001195959746837616,0.10644495010614075,0.10626396889707276,0.10642048063475051,0.10631984938081193,0.10669573194499875,0.1056977632767945,0.10656066878524245,0.10600565611954556,0.5461916155225169,0.5434542031728916,0.5458215859543532,0.5442995652798674,1581.9628857334585,1580.5238805755778,1581.7683682880954,1580.9682712178496,0.000632283003630476,-0.0006312079752486122,0.000632137654970418,-0.0006315399053220228,6.110393442213535e-06,-1.5660709468647838e-05,9.224709123373032e-06,0.42495982012658123,1.1105363415969162e-06,-2.840772663599816e-06,1.6727780302590138e-06,0.42544924901877595,4.999857100616619e-06,-1.2819936805048022e-05,7.551931093114018e-06,-0.000489428892194721,1.0,1.0,1.0,1.0,0.10644495010614075,0.10626396889707276,0.10642048063475051,0.10631984938081193,0.10644495010614075,0.10626396889707276,0.10642048063475051,0.10631984938081193,0.000632283003630476,-0.0006312079752486122,0.000632137654970418,-0.0006315399053220228,0.0,0.0,1.0,0.0,0.0,0.0,0.0,0.0,0.0,0.0,0.0,0.0,1.0,0.0,0.0,0.0,0.0,0.0,0.0,0.0,1.0,0.9999999999979978,6.751670845650254e-07,-1.7268035831118955e-06,7.528360999326342e-07,-3.527753635828458e-10,False,False
0.01,0.02,1,HOVER,-4.875167380902212e-09,-1.9065378165095126e-09,0.999999366701104,0.0,0.0,1.0,0.00045664303897650525,-0.0011670515266713158,0.0005132039825709011,6.33320530069157e-07,-9.269576253245759e-07,-3.6254959923098795e-07,-7.061578799039125e-05,0.0007967648562043905,-0.002035600831732154,0.0008984521264210343,0.0007412564009428024,-0.001888206577859819,0.008811412379145622,-0.001155603677034378,0.0007412564009428024,-0.001888206577859819,0.008811412379145622,-0.001155603677034378,0.10648694397561265,0.10616797022309495,0.10644486536113723,0.10626431602832512,0.10667667703164363,0.10573469918094427,0.10655502342781376,0.10601359852108122,0.5461394196140095,0.5435556544806194,0.5458061164653149,0.5443213625494374,1582.2966805707642,1579.760287030306,1581.9622120850293,1580.5266413580046,0.0006325324472151392,-0.000630637743125184,0.0006322825002451552,-0.0006312100372082512,5.559423007071018e-06,-1.4161549333948642e-05,8.811412379145623e-06,0.42497999816148285,1.918616529134661e-06,-4.893995358690607e-06,2.9671671268591054e-06,0.42536409558816995,3.6408064779363573e-06,-9.267553975258035e-06,5.8442452522865175e-06,-0.00038409742668710223,1.0,1.0,1.0,1.0,0.10648694397561265,0.10616797022309495,0.10644486536113723,0.10626431602832512,0.10648694397561265,0.10616797022309495,0.10644486536113723,0.10626431602832512,0.0006325324472151392,-0.000630637743125184,0.0006322825002451552,-0.0006312100372082512,-2.1721496529803561e-10,-8.493659407030778e-11,0.9999998728518453,-6.799378507272612e-08,-2.6586859646527004e-08,-2.445871704026516e-05,-2.1721496823445818e-10,-8.493659248154373e-11,-1.2714815511571942e-07,-6.799378837740733e-08,-2.6586858936639146e-08,-2.4458717234665528e-05,1.0,6.751670866833592e-07,-1.726803589008341e-06,7.528361152253638e-07,0.00019287472241558135,-0.0004932963056489825,0.000215062900679186,1.5056698430271354e-06,1.0,0.9999999999301697,3.985008003625458e-06,-1.0184428421973932e-05,4.478590419685549e-06,-6.4109125192217845e-09,False,False
0.02,0.03,2,HOVER,-3.113237312390993e-08,-1.2181877728778545e-08,0.9999982936435572,0.0,0.0,1.0,0.0013040193486622384,-0.0033283207488942145,0.0014906282968003876,1.7066838994729659e-06,-4.220572009216994e-06,-1.652091441428638e-06,-0.0001337716676061973,0.0016569942235946655,-0.00422446196898818,0.0019210530444979668,0.000506935641169548,-0.0012709893053397536,0.007497081533074379,-0.0011222437024116516,0.000506935641169548,-0.0012709893053397536,0.007497081533074379,-0.0011222437024116516,0.10650838156551662,0.10610837829328595,0.10645924187557501,0.10622145406322327,0.10660522372488247,0.10583934618944058,0.10652418281862863,0.10602792541584256,0.5459436675069145,0.5438430295253596,0.545721602294498,0.5443606803076786,1582.467065541879,1579.2861770599784,1582.0764904845885,1580.1857340015106,0.0006326597864991687,-0.0006302837670621186,0.0006323678967409156,-0.0006309554371355462,3.80201730877161e-06,-9.532419790048153e-06,7.497081533074379e-06,0.4249966781487942,2.260460108247965e-06,-5.735127584019506e-06,3.7884790424194594e-06,0.4252974557976008,1.541557200523645e-06,-3.7972922060286466e-06,3.70860249065492e-06,-0.00030077764880659386,1.0,1.0,1.0,1.0,0.10650838156551662,0.10610837829328595,0.10645924187557501,0.10622145406322327,0.10650838156551662,0.10610837829328595,0.10645924187557501,0.10622145406322327,0.0006326597864991687,-0.0006302837670621186,0.0006323678967409156,-0.0006309554371355462,-4.875167525283591e-09,-1.9065377309320596e-09,0.9999993667010887,-9.269576009638146e-07,-3.62549605354414e-07,-7.06157907219867e-05,-4.875167380902212e-09,-1.9065378165095126e-09,-6.332988959911745e-07,-9.269576253245759e-07,-3.6254959923098795e-07,-7.061578799039125e-05,1.0,3.985007879236946e-06,-1.0184427992498968e-05,4.478590199141763e-06,0.0007967648562043905,-0.002035600831732154,0.0008984521264210343,8.957099453255069e-06,1.0,0.9999999994288321,1.138009341888287e-05,-2.9044929146678862e-05,1.300851605188257e-05,-3.09047491218567e-08,False,False
0.03,0.04,3,HOVER,-1.1613833805768081e-07,-4.548226328893179e-08,0.9999965067318044,0.0,0.0,1.0,0.002672920296930398,-0.006810002500186008,0.003144063347638304,3.4954941619485843e-06,-1.2119155144318938e-05,-4.749478648591321e-06,-0.00021020112035330385,0.0025685529690235853,-0.0065283747389912605,0.0031322792638093233,0.0001658182591199875,-0.0003836251562461257,0.0055212583392858505,-0.0010936744511127472,0.0001658182591199875,-0.0003836251562461257,0.0055212583392858505,-0.0010936744511127472,0.1065062582192745,0.10608713925201636,0.10646183832383864,0.10619027855116019,0.10649666795216262,0.10599122558406975,0.10647356582052099,0.10604950341769034,0.5456461957059233,0.5442599606146025,0.5455828780879904,0.5444198945280072,1582.4501897384896,1579.1171813221704,1582.0971290706339,1579.9377504444637,0.0006326471738224905,-0.0006301576071569772,0.0006323833196436016,-0.0006307702545938915,1.2436369433999062e-06,-2.8771886718459427e-06,5.5212583392858505e-06,0.42501096277444367,2.0760245180951806e-06,-5.216955324364482e-06,4.102631715223394e-06,0.42524551434628965,-8.323875746952744e-07,2.3397666525185394e-06,1.4186266240624563e-06,-0.00023455157184598674,1.0,1.0,1.0,1.0,0.1065062582192745,0.10608713925201636,0.10646183832383864,0.10619027855116019,0.1065062582192745,0.10608713925201636,0.10646183832383864,0.10619027855116019,0.0006326471738224905,-0.0006301576071569772,0.0006323833196436016,-0.0006307702545938915,-3.113237221226563e-08,-1.2181877669720228e-08,0.999998293643606,-4.220571895032167e-06,-1.6520914369337362e-06,-0.00013377166364360944,-3.113237312390993e-08,-1.2181877728778545e-08,-1.7063564428099198e-06,-4.220572009216994e-06,-1.652091441428638e-06,-0.0001337716676061973,1.0,1.1380093383195344e-05,-2.9044929760857485e-05,1.300851636187872e-05,0.0016569942235946655,-0.00422446196898818,0.0019210530444979668,2.6016370611614548e-05,1.0,0.9999999975856492,2.3327259928734656e-05,-5.94278436928706e-05,2.7438514952612975e-05,-8.678962169802356e-08,False,False
0.04,0.05,4,HOVER,-3.191958910520043e-07,-1.2513599756402982e-07,0.999993892596649,0.0,0.0,1.0,0.004495484171145427,-0.011428373441037781,0.005510886150531432,6.11701894121593e-06,-2.6796315069077536e-05,-1.0516876500332728e-05,-0.00029671925585716963,0.0033205964136868715,-0.008405827917158604,0.004378449637442827,-0.00020874477922916412,0.0005756557220593095,0.003169061616063118,-0.0010511130094528198,-0.00020874477922916412,0.0005756557220593095,0.003169061616063118,-0.0010511130094528198,0.10648191403237686,0.10610148416373966,0.10645260377575348,0.10617084496688887,0.10637198031017085,0.10616628237713722,0.1064108974657541,0.10608308334221148,0.5453044072037838,0.5447402964531766,0.5454110980318907,0.5445120372192739,1582.2567013405426,1579.2313226500987,1582.023725035654,1579.7831563251925,0.0006325025693523186,-0.0006302428159326135,0.0006323284664279757,-0.0006306548191033199,-1.5655858442187308e-06,4.317417915444821e-06,3.169061616063118e-06,0.42503224349527363,1.4159870724205978e-06,-3.4885153182605613e-06,3.933400744360891e-06,0.4252068469387589,-2.9815729166393286e-06,7.805933233705382e-06,-7.643391282977728e-07,-0.00017460344348524393,1.0,1.0,1.0,1.0,0.10648191403237686,0.10610148416373966,0.10645260377575348,0.10617084496688887,0.10648191403237686,0.10610148416373966,0.10645260377575348,0.10617084496688887,0.0006325025693523186,-0.0006302428159326135,0.0006323284664279757,-0.0006306548191033199,-1.1613833620541798e-07,-4.5482264126221754e-08,0.9999965067318064,-1.2119155485348541e-05,-4.749478482200961e-06,-0.000210201116958809,-1.1613833805768081e-07,-4.548226328893179e-08,-3.4932681955979206e-06,-1.2119155144318938e-05,-4.749478648591321e-06,-0.00021020112035330385,1.0,2.3327260350924917e-05,-5.9427842643344775e-05,2.7438514734967612e-05,0.0025685529690235853,-0.0065283747389912605,0.0031322792638093233,5.487425733008422e-05,1.0,0.999999993100724,3.9235294943865026e-05,-9.972948497361969e-05,4.809546452607216e-05,-1.7968791286215263e-07,False,False
0.05,0.06,5,HOVER,-7.186803259173757e-07,-2.820935094405286e-07,0.9999903695797911,0.0,0.0,1.0,0.006599380318773053,-0.0167355632783309,0.00854633866279239,9.66131831366525e-06,-4.991956302546896e-05,-1.9625344066298567e-05,-0.00039008204475976527,0.0037400294095277786,-0.00942138209939003,0.005519530735909939,-0.0005393940955400467,0.0014010980958119035,0.0007347092032432556,-0.0009673871099948883,-0.0005393940955400467,0.0014010980958119035,0.0007347092032432556,-0.0009673871099948883,0.10644054403870018,0.10614480134822979,0.10643312294063413,0.10616429152437241,0.10625374952185883,0.10634051563270987,0.10634514790966969,0.10613469338076424,0.5449802080285351,0.5452181387622378,0.5452308398073892,0.5446536372920974,1581.9278611517645,1579.5759662004527,1581.8688686042558,1579.7310218073378,0.0006322568315898791,-0.0006305001200084849,0.0006322127502673667,-0.0006306158916547721,-4.04545571655035e-06,1.0508235718589276e-05,7.347092032432556e-07,0.4250741064450026,4.267022553970483e-07,-9.514480996480022e-07,3.353570193988806e-06,0.4251827598519365,-4.472157971947398e-06,1.1459683818237278e-05,-2.6188609907455505e-06,-0.00010865340693388958,1.0,1.0,1.0,1.0,0.10644054403870018,0.10614480134822979,0.10643312294063413,0.10616429152437241,0.10644054403870018,0.10614480134822979,0.10643312294063413,0.10616429152437241,0.0006322568315898791,-0.0006305001200084849,0.0006322127502673667,-0.0006306158916547721,-3.191958855603646e-07,-1.2513600139103204e-07,0.9999938925966306,-2.6796315337174906e-05,-1.0516876732285216e-05,-0.00029671924646521437,-3.191958910520043e-07,-1.2513599756402982e-07,-6.1074033510521986e-06,-2.6796315069077536e-05,-1.0516876500332728e-05,-0.00029671925585716963,1.0,3.923529584426433e-05,-9.972948464564979e-05,4.809546589967795e-05,0.0033205964136868715,-0.008405827917158604,0.004378449637442827,9.618310286896303e-05,1.0,0.9999999848952688,5.760134895956465e-05,-0.0001460410408012138,7.458928488366793e-05,-3.046777590830755e-07,False,False
0.06,0.07,6,HOVER,-1.4045211855773232e-06,-5.520364538824651e-07,0.9999858916880839,0.0,0.0,1.0,0.008745508755859353,-0.022122077369820182,0.01213765618369145,1.4188794491711598e-05,-8.226322097470984e-05,-3.2399741030531004e-05,-0.00048644415801391006,0.0037257387302815914,-0.009334753267467022,0.006442570593208075,-0.0007599983364343643,0.0019225120777264237,-0.0015121474862098694,-0.0008167140185832977,-0.0007599983364343643,0.0019225120777264237,-0.0015121474862098694,-0.0008167140185832977,0.10639004845003344,0.10620794213375996,0.10640633541974401,0.10617234832011584,0.10616206598423408,0.10649326628078767,0.10628537036918326,0.1062087403565034,0.5447287299236164,0.5456368727647064,0.5450669256570443,0.5448567607835654,1581.5264323609456,1580.078256906113,1581.6559163572383,1579.795115797032,0.0006319568877931987,-0.0006308751762745342,0.0006320536323932794,-0.000630663749021488,-5.699987523257732e-06,1.4418840582948177e-05,-1.5121474862098693e-06,0.4251494429907084,-6.825934672706653e-07,1.8342450955051263e-06,2.47159489045589e-06,0.42517667432365325,-5.017394055987067e-06,1.258459548744305e-05,-3.9837423766657595e-06,-2.7231332944854802e-05,1.0,1.0,1.0,1.0,0.10639004845003344,0.10620794213375996,0.10640633541974401,0.10617234832011584,0.10639004845003344,0.10620794213375996,0.10640633541974401,0.10617234832011584,0.0006319568877931987,-0.0006308751762745342,0.0006320536323932794,-0.000630663749021488,-7.186803487612931e-07,-2.820935166159759e-07,0.999990369579515,-4.9919562875590905e-05,-1.962534383227335e-05,-0.0003900820456750169,-7.186803259173757e-07,-2.820935094405286e-07,-9.63042020885041e-06,-4.991956302546896e-05,-1.9625344066298567e-05,-0.00039008204475976527,1.0,5.760134808951989e-05,-0.00014604104217141867,7.458928303094581e-05,0.0037400294095277786,-0.00942138209939003,0.005519530735909939,0.00014916174404788762,1.0,0.9999999728420678,7.633940721335105e-05,-0.00019304344945622322,0.00010593576035849674,-4.4840264950297827e-07,False,False
0.07,0.08,7,HOVER,-2.4679691250639735e-06,-9.713628514873562e-07,0.9999804566305102,0.0,0.0,1.0,0.010678273816637355,-0.026950275834779925,0.01612383234283127,1.972251780092653e-05,-0.000123521764180623,-4.873787838732824e-05,-0.0005810626316815615,0.0032672437373548746,-0.008145434781908989,0.007070681545883417,-0.0008283127099275589,0.0020395307801663876,-0.0033536329865455627,-0.0005839429795742035,-0.0008283127099275589,0.0020395307801663876,-0.0033536329865455627,-0.0005839429795742035,0.10633946313699251,0.10628073415738726,0.1063760958801632,0.10619648302160903,0.10611107580374515,0.10660969512402985,0.1062395461124265,0.10630551147001147,0.5445888413825948,0.5459559184070628,0.5449412538249675,0.5451221570076275,1581.1242335423267,1580.6572139274606,1581.415502532425,1579.9871052211302,0.0006316564110337356,-0.0006313075608948804,0.0006318740095281694,-0.0006308071091483576,-6.212345324456692e-06,1.5296480851247905e-05,-3.353632986545563e-06,0.42526582851021294,-1.6835482706395455e-06,4.273849540239322e-06,1.415750518667016e-06,0.42519277619615203,-4.528797053817146e-06,1.1022631311008584e-05,-4.769383505212578e-06,7.305231406090629e-05,1.0,1.0,1.0,1.0,0.10633946313699251,0.10628073415738726,0.1063760958801632,0.10619648302160903,0.10633946313699251,0.10628073415738726,0.1063760958801632,0.10619648302160903,0.0006316564110337356,-0.0006313075608948804,0.0006318740095281694,-0.0006308071091483576,-1.4045211533505952e-06,-5.52036461584147e-07,0.9999858916879912,-8.226322084119485e-05,-3.2399739821725196e-05,-0.00048644414659444133,-1.4045211855773232e-06,-5.520364538824651e-07,-1.4108311916061211e-05,-8.226322097470984e-05,-3.2399741030531004e-05,-0.00048644415801391006,1.0,7.633940549567342e-05,-0.00019304345187265426,0.00010593576007522643,0.0037257387302815914,-0.009334753267467022,0.006442570593208075,0.0002118420525221154,1.0,0.9999999580998039,9.321860615018918e-05,-0.0002351724050775676,0.00014072889581720648,-5.943243037430678e-07,False,False
0.08,0.09,8,HOVER,-3.990890490968013e-06,-1.5728915059298743e-06,0.9999741147330496,0.0,0.0,1.0,0.01217798401892659,-0.030689603194676552,0.0203182314069846,2.6238297194967002e-05,-0.0001723563764244318,-6.811834464315325e-05,-0.0006683564861305058,0.0024446812458336353,-0.006085280794650316,0.0073670921847224236,-0.0007336903363466263,0.0017400399083271623,-0.004641138017177582,-0.0002706404775381088,-0.0007336903363466263,0.0017400399083271623,-0.004641138017177582,-0.0002706404775381088,0.1062972981899803,0.10635346419144406,0.10634664507161778,0.10623694654795873,0.10610691559135763,0.10668214464737602,0.10621365610599376,0.10641976341650361,0.5445774272040182,0.5461543969876801,0.5448702440324503,0.5454354022889835,1580.788940785963,1581.235560227781,1581.1813398549057,1580.3089599020395,0.0006314059512484829,-0.0006317395772971777,0.0006316990717254097,-0.0006310474624948749,-5.502677522599697e-06,1.3050299312453717e-05,-4.641138017177582e-06,0.425422479761231,-2.374822285130477e-06,5.864140285717027e-06,3.179831818399823e-07,0.42523435400100085,-3.12785523746922e-06,7.18615902673669e-06,-4.959121199017564e-06,0.00018812576023014005,1.0,1.0,1.0,1.0,0.1062972981899803,0.10635346419144406,0.10634664507161778,0.10623694654795873,0.1062972981899803,0.10635346419144406,0.10634664507161778,0.10623694654795873,0.0006314059512484829,-0.0006317395772971777,0.0006316990717254097,-0.0006310474624948749,-2.4679690948305936e-06,-9.713628727955839e-07,0.9999804566300843,-0.00012352175732415665,-4.873787876888068e-05,-0.0005810626504836366,-2.4679691250639735e-06,-9.713628514873562e-07,-1.954336948983837e-05,-0.000123521764180623,-4.873787838732824e-05,-0.0005810626316815615,0.9999999403953552,9.321860852651298e-05,-0.00023517241061199456,0.0001407288946211338,0.0032672437373548746,-0.008145434781908989,0.007070681545883417,0.00028141395887359977,0.9999999403953552,0.9999999427655027,0.0001063204371451663,-0.00026779847164461656,0.00017733847472559673,-7.277664067944069e-07,False,False
0.09,0.1,9,HOVER,-6.036855211277725e-06,-2.3821639842935838e-06,0.999966974974086,0.0,0.0,1.0,0.013104900840643165,-0.033025064334821795,0.02453125651623422,3.36566585196386e-05,-0.0002266574592795223,-8.96932979230769e-05,-0.0007423486094921827,0.0014108442701399326,-0.0035624620504677296,0.007334387395530939,-0.0004977155476808548,0.0010998077923431993,-0.005303652957081795,0.00010162033140659332,-0.0004977155476808548,0.0010998077923431993,-0.005303652957081795,0.00010162033140659332,0.10627004974029922,0.10641808364727037,0.10632202865730839,0.10629197916505859,0.10614700375497349,0.10671009253997747,0.10621086589378038,0.10654064797697202,0.5446874096697804,0.5462309507583571,0.5448625908731772,0.5457667235516908,1580.5722419673998,1581.749312978425,1580.9856005505844,1580.746641459084,0.0006312440954573773,-0.000632123416864786,0.0006315528502244118,-0.000631374356240448,-3.7328666076064108e-06,8.248558442573994e-06,-5.303652957081795e-06,0.42560861016570334,-2.620709357738834e-06,6.296138579456757e-06,-7.008274234449356e-07,0.4253021412099366,-1.1121572498675768e-06,1.9524198631172377e-06,-4.602825533636859e-06,0.0003064689557667477,1.0,1.0,1.0,1.0,0.10627004974029922,0.10641808364727037,0.10632202865730839,0.10629197916505859,0.10627004974029922,0.10641808364727037,0.10632202865730839,0.10629197916505859,0.0006312440954573773,-0.000632123416864786,0.0006315528502244118,-0.000631374356240448,-3.990890393276012e-06,-1.5728914626949371e-06,0.9999741147335666,-0.00017235637995273253,-6.811834417297251e-05,-0.0006683565042121014,-3.990890490968013e-06,-1.5728915059298743e-06,-2.588526695035398e-05,-0.0001723563764244318,-6.811834464315325e-05,-0.0006683564861305058,0.9999999403953552,0.0001063204399542883,-0.0002677984593901783,0.00017733847198542207,0.0024446812458336353,-0.006085280794650316,0.0073670921847224236,0.00035462004598230124,0.9999999403953552,0.9999999290103929,0.00011442352264958221,-0.0002881735596279164,0.0002141085386897917,-8.386263481450862e-07,False,False
0.1,0.11,10,HOVER,-8.645836715004407e-06,-3.415086666791467e-06,0.9999592047206534,0.0,0.0,1.0,0.013426462750620361,-0.03391702926423707,0.028590662041111676,4.184098620270021e-05,-0.00028396083507686853,-0.00011244601773796603,-0.0007973994361236691,0.0003592967987060547,-0.0010702589061111212,0.0070095909759402275,-0.00016989745199680328,0.0002635248238220811,-0.005345376208424568,0.0004949532449245453,-0.00016989745199680328,0.0002635248238220811,-0.005345376208424568,0.0004949532449245453,0.10626122692511242,0.10646903934228133,0.10630558259172651,0.10635744976924535,0.1062213800206368,0.10669927880947302,0.10623131079830272,0.10665330699404979,0.5448914293311292,0.546201330917055,0.5449186669823496,0.5460753997872282,1580.5020732025591,1582.1543675725088,1580.8548208973832,1581.2672499852918,0.0006311916879351677,-0.0006324260936931511,0.0006314551605948555,-0.0006317632516293175,-1.2742308899760246e-06,1.9764361786656082e-06,-5.345376208424568e-06,0.4258052766224623,-2.37705476154558e-06,5.513443947827677e-06,-1.5424967924452821e-06,0.4253932986283656,1.1028238715695555e-06,-3.537007769162069e-06,-3.802879415979286e-06,0.00041197799409670166,1.0,1.0,1.0,1.0,0.10626122692511242,0.10646903934228133,0.10630558259172651,0.10635744976924535,0.10626122692511242,0.10646903934228133,0.10630558259172651,0.10635744976924535,0.0006311916879351677,-0.0006324260936931511,0.0006314551605948555,-0.0006317632516293175,-6.036855012816494e-06,-2.382164081922856e-06,0.9999669749745045,-0.00022665746154284865,-8.969329836965107e-05,-0.0007423486036387018,-6.036855211277725e-06,-2.3821639842935838e-06,-3.3025025913957506e-05,-0.0002266574592795223,-8.96932979230769e-05,-0.0007423486094921827,0.9999999403953552,0.00011442352115409449,-0.0002881735563278198,0.000214108542422764,0.0014108442701399326,-0.0035624620504677296,0.007334387395530939,0.0004281511646695435,0.9999998807907104,0.9999999181992659,0.00011724182945898745,-0.0002959526499004694,0.0002495352559849572,-9.219080830773226e-07,False,False
0.11,0.12,11,HOVER,-1.183352833322715e-05,-4.677367542171851e-06,0.9999510211855522,0.0,0.0,1.0,0.01322266172505109,-0.03360143530800214,0.032357653492381164,5.060468777343042e-05,-0.0003419260319788009,-0.0001353806583210826,-0.0008290780242532492,-0.0005148566560819745,0.000919025216717273,0.006456162314862013,0.00018377415835857391,-0.000587581074796617,-0.004835767671465874,0.0008606519550085068,0.00018377415835857391,-0.000587581074796617,-0.004835767671465874,0.0008606519550085068,0.10627095945131473,0.10650358357508014,0.10629951129414444,0.10642702939316478,0.10631492122001869,0.10665964938876239,0.10627209061793667,0.10674146475078657,0.5451479595564039,0.5460927745397387,0.5450305079422337,0.5463168772084899,1580.5794768950489,1582.4289322203424,1580.8065402204925,1581.820428243885,0.0006312494991408095,-0.000632631286435976,0.000631419097087218,-0.0006321765545953988,1.3783061876893043e-06,-4.4068580609746275e-06,-4.835767671465874e-06,0.4259881259775043,-1.6971226983728861e-06,3.716023504861648e-06,-2.139244803347367e-06,0.4255010837137041,3.07542888606219e-06,-8.122881565836275e-06,-2.6965228681185066e-06,0.000487042263800197,1.0,1.0,1.0,1.0,0.10627095945131473,0.10650358357508014,0.10629951129414444,0.10642702939316478,0.10627095945131473,0.10650358357508014,0.10629951129414444,0.10642702939316478,0.0006312494991408095,-0.000632631286435976,0.000631419097087218,-0.0006321765545953988,-8.645836635379376e-06,-3.4150865574513745e-06,0.9999592047199357,-0.00028396082845794486,-0.0001124460199624953,-0.0007973994410673549,-8.645836715004407e-06,-3.415086666791467e-06,-4.079527934663929e-05,-0.00028396083507686853,-0.00011244601773796603,-0.0007973994361236691,0.9999999403953552,0.00011724182695616037,-0.00029595266096293926,0.00024953525280579925,0.0003592967987060547,-0.0010702589061111212,0.0070095909759402275,0.0004990011802874506,0.9999998807907104,0.9999999104743172,0.00011547228228894391,-0.00029319524097590687,0.000282407613398421,-9.776410481146836e-07,False,False
0.12,0.13,12,HOVER,-1.559528027428314e-05,-6.165851118566934e-06,0.9999426743779622,0.0,0.0,1.0,0.012669052375248829,-0.03253220483729694,0.03573757063529327,5.9728196263280294e-05,-0.0003987747768405825,-0.00015770617756061256,-0.0008349718991667032,-0.0010536285117268562,0.0020524575375020504,0.005754164885729551,0.0004930105060338974,-0.0012746177380904555,-0.0038934219628572464,0.0011491645127534866,0.0004930105060338974,-0.0012746177380904555,-0.0038934219628572464,0.0011491645127534866,0.10629628287442724,0.10652164192404037,0.10630463530706039,0.10649292504234747,0.10641068238393893,0.1066032165819624,0.10632777962279683,0.10679070366767866,0.5454105084200023,0.5459381682150176,0.5451832175856794,0.5464517243201288,1580.7808665793677,1582.5724531622823,1580.8472878755317,1582.3442188358206,0.0006313999202740979,-0.0006327385530287998,0.0006314495337239387,-0.000632567974751544,3.6975787952542304e-06,-9.559633035678416e-06,-3.893421962857246e-06,0.4261323822563768,-7.199850965079919e-07,1.3105856079974505e-06,-2.4570737823072838e-06,0.4256154851478755,4.417563891762222e-06,-1.0870218643675867e-05,-1.4363481805499624e-06,0.0005168971085012797,1.0,1.0,1.0,1.0,0.10629628287442724,0.10652164192404037,0.10630463530706039,0.10649292504234747,0.10629628287442724,0.10652164192404037,0.10630463530706039,0.10649292504234747,0.0006313999202740979,-0.0006327385530287998,0.0006314495337239387,-0.000632567974751544,-1.1833528005054704e-05,-4.677367597268854e-06,0.9999510211863786,-0.0003419260230249579,-0.00013538066308480575,-0.0008290780053437632,-1.183352833322715e-05,-4.677367542171851e-06,-4.897881444776431e-05,-0.0003419260319788009,-0.0001353806583210826,-0.0008290780242532492,0.9999998807907104,0.0001154722849605605,-0.0002931952476501465,0.00028240762185305357,-0.0005148566560819745,0.000919025216717273,0.006456162314862013,0.0005647475481964648,0.9999998211860657,0.9999999049486923,0.00011064686978921167,-0.0002838625553862905,0.00031190050754913455,-1.0113416710912663e-06,False,False
0.13,0.14,13,HOVER,-1.9913706637453288e-05,-7.871461093600374e-06,0.9999344233146985,0.0,0.0,1.0,0.012001093497419422,-0.03127967946333399,0.038684711453488035,6.898418128036148e-05,-0.000453599204774946,-0.0001789781090337783,-0.0008152443915605545,-0.001166883041150868,0.0021668311674147844,0.00498992670327425,0.0006978344172239304,-0.0016587473219260573,-0.002666560932993889,0.0013196580111980438,0.0006978344172239304,-0.0016587473219260573,-0.002666560932993889,0.0013196580111980438,0.10633195878001156,0.10652527021796347,0.10632032847184494,0.10654704976382148,0.10649313884694567,0.10654165842873968,0.1063912176648611,0.10679161406505264,0.5456365235057876,0.5457694925347532,0.5453571475864364,0.5464542173870638,1581.0645623020125,1582.6012886019064,1580.972080898566,1582.774372859073,0.0006316118351532686,-0.000632760105094703,0.000631542751122759,-0.0006328894755970997,5.233758129179478e-06,-1.244060491444543e-05,-2.6665609329938887e-06,0.42621762900559906,3.5882629857925466e-07,-1.1812053890406828e-06,-2.4949944157751135e-06,0.42572460723364147,4.874931830600223e-06,-1.1259399525404747e-05,-1.7156651721877523e-07,0.0004930217719575913,1.0,1.0,1.0,1.0,0.10633195878001156,0.10652527021796347,0.10632032847184494,0.10654704976382148,0.10633195878001156,0.10652527021796347,0.10632032847184494,0.10654704976382148,0.0006316118351532686,-0.000632760105094703,0.000631542751122759,-0.0006328894755970997,-1.5595280049181872e-05,-6.16585101363726e-06,0.999942674379667,-0.00039877477150766614,-0.0001577061762952307,-0.0008349718727092364,-1.559528027428314e-05,-6.165851118566934e-06,-5.73256220377516e-05,-0.0003987747768405825,-0.00015770617756061256,-0.0008349718991667032,0.9999998807907104,0.00011064686987083405,-0.00028386255144141614,0.0003119005123153329,-0.0010536285117268562,0.0020524575375020504,0.005754164885729551,0.0006237382185645401,0.9999998211860657,0.9999999002680631,0.00010482143801224172,-0.00027293133923289147,0.0003376163714541862,-1.0345915533135896e-06,False,False
0.14,0.15,14,HOVER,-2.4768260118435137e-05,-9.783164387044962e-06,0.9999265089427354,0.0,0.0,1.0,0.01146720494341681,-0.030407714992972238,0.04120151262231846,7.816720867851082e-05,-0.000506478943862021,-0.00019917076861020178,-0.0007727975607849658,-0.0008491103653796017,0.001317232265137136,0.004246371798217297,0.0007596593350172043,-0.0016681983834132552,-0.001313537359237671,0.001348644495010376,0.0007596593350172043,-0.0016681983834132552,-0.001313537359237671,0.001348644495010376,0.10637164160615711,0.10651788969158568,0.10634465750843125,0.10658239344107492,0.10655093002421977,0.10648455628673842,0.1064545639817519,0.10674207195479517,0.5457948995102674,0.545613000931104,0.5455307953712397,0.5463185402270433,1581.3800879419398,1582.5426324291896,1581.1655360935183,1583.0552303062668,0.0006318475511405732,-0.000632716264768019,0.0006316872656000817,-0.000633099417039985,5.697445012629032e-06,-1.2511487875599414e-05,-1.313537359237671e-06,0.42623212224750523,1.3265072880941885e-06,-3.2345528382898663e-06,-2.280865067349146e-06,0.42581658224724894,4.370937724534844e-06,-9.276935037309548e-06,9.673277081114752e-07,0.000415540000256287,1.0,1.0,1.0,1.0,0.10637164160615711,0.10651788969158568,0.10634465750843125,0.10658239344107492,0.10637164160615711,0.10651788969158568,0.10634465750843125,0.10658239344107492,0.0006318475511405732,-0.000632716264768019,0.0006316872656000817,-0.000633099417039985,-1.991370695705751e-05,-7.871460958302839e-06,0.9999344233157141,-0.00045359919124644165,-0.0001789781080671887,-0.0008152443957798922,-1.9913706637453288e-05,-7.871461093600374e-06,-6.557668530149385e-05,-0.000453599204774946,-0.0001789781090337783,-0.0008152443915605545,0.9999998807907104,0.00010482143989065662,-0.0002729313273448497,0.0003376163658685982,-0.001166883041150868,0.0021668311674147844,0.00498992670327425,0.0006751755718141794,0.9999997615814209,0.999999895137689,0.00010016563847326837,-0.0002653213721918596,0.0003595775652279504,-1.0641314751288253e-06,False,False
0.15,0.16,15,HOVER,-3.0144708944135346e-05,-1.1892160728166346e-05,0.999919128131296,0.0,0.0,1.0,0.011279881210739109,-0.030355624235202914,0.043332870431226606,8.712282199162831e-05,-0.0005583878373727202,-0.00021866628958377987,-0.0007129794685170054,-0.00017945822037290782,-0.00024068314814940095,0.0035949661396443844,0.0006680022925138474,-0.0013114832108840346,1.5290454030036926e-05,0.0012349486351013184,0.0006680022925138474,-0.0013114832108840346,1.5290454030036926e-05,0.0012349486351013184,0.10640914579324769,0.10650344235584178,0.10637468425127185,0.1065943129371979,0.10657858817335596,0.10643819596330203,0.10651033606067445,0.10664815412021829,0.5458706873070186,0.5454859295600218,0.5456836549215666,0.5460612834570263,1581.6782586775778,1582.4278098346788,1581.4042791441284,1583.149941986713,0.0006320703260118913,-0.0006326304475937002,0.0006318656244525548,-0.0006331702188469555,5.010017193853855e-06,-9.836124081630259e-06,1.5290454030036926e-08,0.4261752743175507,1.9943415872900917e-06,-4.431117220401407e-06,-1.8647159762096022e-06,0.4258815853375592,3.0156756065637635e-06,-5.4050068612288515e-06,1.880006430239639e-06,0.000293688979991491,1.0,1.0,1.0,1.0,0.10640914579324769,0.10650344235584178,0.10637468425127185,0.1065943129371979,0.10640914579324769,0.10650344235584178,0.10637468425127185,0.1065943129371979,0.0006320703260118913,-0.0006326304475937002,0.0006318656244525548,-0.0006331702188469555,-2.4768260143743167e-05,-9.783164343562523e-06,0.999926508939836,-0.0005064789338863367,-0.00019917077230924822,-0.0007727975890274352,-2.4768260118435137e-05,-9.783164387044962e-06,-7.349105726461858e-05,-0.000506478943862021,-0.00019917076861020178,-0.0007727975607849658,0.9999998807907104,0.00010016564192483202,-0.0002653213741723448,0.0003595775633584708,-0.0008491103653796017,0.001317232265137136,0.004246371798217297,0.0007191019831225276,0.9999997615814209,0.9999998885596689,9.853569706023013e-05,-0.000264865539119274,0.0003781766946706744,-1.11826635560766e-06,False,False
0.16,0.17,16,HOVER,-3.60425328835845e-05,-1.4195470612321515e-05,0.9999124132518773,0.0,0.0,1.0,0.011574361451510825,-0.031349446123789516,0.04515685351400216,9.577063229027686e-05,-0.0006109151290729642,-0.00023816338216420263,-0.000642863567918539,0.0006946565117686987,-0.00210964260622859,0.0030898924451321363,0.00044230930507183075,-0.0006727933650836349,0.001191725954413414,0.0010008737444877625,0.00044230930507183075,-0.0006727933650836349,0.001191725954413414,0.0010008737444877625,0.10643955579305572,0.10648564375091873,0.10640690890392049,0.10658148298507703,0.1065769394146807,0.106405264585179,0.10655249265396764,0.1065235402184166,0.545866169605439,0.5453956562872821,0.5457991815237533,0.5457198412655646,1581.9200053594589,1582.2863461177212,1581.6604755402634,1583.0479957423195,0.000632250961410751,-0.0006325247238804573,0.0006320570388892877,-0.0006330940089313576,3.3173197880387304e-06,-5.045950238127261e-06,1.191725954413414e-06,0.4260582368722439,2.2341653582902583e-06,-4.542626889042587e-06,-1.3107325117760887e-06,0.42591359143297197,1.083154429748472e-06,-5.033233490846743e-07,2.5024584661895025e-06,0.00014464543927195095,1.0,1.0,1.0,1.0,0.10643955579305572,0.10648564375091873,0.10640690890392049,0.10658148298507703,0.10643955579305572,0.10648564375091873,0.10640690890392049,0.10658148298507703,0.000632250961410751,-0.0006325247238804573,0.0006320570388892877,-0.0006330940089313576,-3.0144708284932073e-05,-1.1892160516317371e-05,0.9999191281320053,-0.0005583878405266219,-0.0002186662862804119,-0.0007129794780911489,-3.0144708944135346e-05,-1.1892160728166346e-05,-8.087186870398e-05,-0.0005583878373727202,-0.00021866628958377987,-0.0007129794685170054,0.9999998807907104,9.853569645201787e-05,-0.00026486554997973144,0.0003781766863539815,-0.00017945822037290782,-0.00024068314814940095,0.0035949661396443844,0.0007563012186437845,0.9999997019767761,0.9999998798215408,0.00010111315081899312,-0.000273535704049132,0.00039409548737341546,-1.211162910520104e-06,False,False
0.17,0.18,17,HOVER,-4.2478746763663366e-05,-1.6698226318112575e-05,0.9999064208604977,0.0,0.0,1.0,0.012382732328648716,-0.03336007018783827,0.04677319991050538,0.0001041169056338333,-0.0006658642087131739,-0.0002585245529189706,-0.0005702209309674799,0.001586873084306717,-0.0038373146671801805,0.002764747478067875,0.00012709759175777435,0.00010787101928144693,0.002119464799761772,0.0006881058216094971,0.00012709759175777435,0.00010787101928144693,0.002119464799761772,0.0006881058216094971,0.1064599730199009,0.10646744164479774,0.10643775830804167,0.10654627212391464,0.1065522050797928,0.10638524051097593,0.10657712750353568,0.10638727981650041,0.5457983934968298,0.5453407611573671,0.5458666849816746,0.5453463519652401,1582.0823022022857,1582.141668105511,1581.905716681454,1582.7681930566853,0.0006323722397382113,-0.0006324166033700986,0.0006322402843497675,-0.000632884856416053,9.532319381833076e-07,8.090326446108519e-07,2.1194647997617724e-06,0.4259018529108048,2.0016504513951754e-06,-3.5724527269616856e-06,-6.889356981726888e-07,0.4259114450966549,-1.0484185132118676e-06,4.381485371572537e-06,2.8084004979344612e-06,-9.592185850115786e-06,1.0,1.0,1.0,1.0,0.1064599730199009,0.10646744164479774,0.10643775830804167,0.10654627212391464,0.1064599730199009,0.10646744164479774,0.10643775830804167,0.10654627212391464,0.0006323722397382113,-0.0006324166033700986,0.0006322402843497675,-0.000632884856416053,-3.604253415282437e-05,-1.4195471006678493e-05,0.9999124132525494,-0.0006109151139568758,-0.00023816337704461466,-0.0006428635776289219,-3.60425328835845e-05,-1.4195470612321515e-05,-8.758674812270328e-05,-0.0006109151290729642,-0.00023816338216420263,-0.000642863567918539,0.9999998807907104,0.00010111315350513905,-0.00027353569748811424,0.0003940954920835793,0.0006946565117686987,-0.00210964260622859,0.0030898924451321363,0.0007881356868892908,0.9999997019767761,0.9999998684701752,0.00010817853894632448,-0.0002910773766050846,0.00040820460178928617,-1.3474320394912925e-06,False,False
0.18,0.19,18,HOVER,-4.9487396609038115e-05,-1.9414213966229e-05,0.9999011316394899,0.0,0.0,1.0,0.013628142087507466,-0.0361154542078716,0.04829111414659757,0.00011225358273579093,-0.0007248165202327073,-0.0002805919502861798,-0.0005023638950660825,0.002308069495484233,-0.005011685658246279,0.0026317245792597532,-0.00021700747311115265,0.000865326845087111,0.002738870680332184,0.0003506522625684738,-0.00021700747311115265,0.000865326845087111,0.002738870680332184,0.0003506522625684738,0.10646979687766941,0.10645075723821402,0.10646407029572812,0.10649447332660456,0.10651417121129775,0.10637540919345158,0.10658293652440602,0.10626060920212896,0.5456941653905878,0.5453138079041409,0.5458826019606059,0.544999020800931,1582.1603889026887,1582.009046959468,1582.1148703961405,1582.3565246632609,0.0006324305934533563,-0.0006323174979949914,0.000632396577556625,-0.0006325771715600311,-1.627556048333645e-06,6.4899513381533324e-06,2.738870680332184e-06,0.4257331261312843,1.3431190005121392e-06,-1.7480456095818504e-06,-6.749854504104966e-08,0.4258790977382161,-2.970675048845784e-06,8.237996947735184e-06,2.8063692253732336e-06,-0.0001459716069318051,1.0,1.0,1.0,1.0,0.10646979687766941,0.10645075723821402,0.10646407029572812,0.10649447332660456,0.10646979687766941,0.10645075723821402,0.10646407029572812,0.10649447332660456,0.0006324305934533563,-0.0006323174979949914,0.000632396577556625,-0.0006325771715600311,-4.247874677034819e-05,-1.6698227104423688e-05,0.9999064208616995,-0.0006658642006602468,-0.00025852454415425225,-0.0005702209533711046,-4.2478746763663366e-05,-1.6698226318112575e-05,-9.357913950225338e-05,-0.0006658642087131739,-0.0002585245529189706,-0.0005702209309674799,0.9999998807907104,0.0001081785376300104,-0.00029107739101164043,0.00040820459253154695,0.001586873084306717,-0.0038373146671801805,0.002764747478067875,0.0008163462625816464,0.9999996423721313,0.9999998544500427,0.00011906077073707817,-0.00031511664349261477,0.0004214569107355578,-1.5197825684732213e-06,False,False
0.19,0.2,19,HOVER,-5.711499761673622e-05,-2.2364571123034693e-05,0.9998964615660952,0.0,0.0,1.0,0.015139833200074728,-0.03916284991887851,0.04981759473888252,0.00012034327687796826,-0.0007887518731877208,-0.00030500785214826465,-0.00044506811536848545,0.0027023986913263798,-0.00534516666084528,0.002683010883629322,-0.0005249325186014175,0.0014445275301113725,0.003027578815817833,4.497729241847992e-05,-0.0005249325186014175,0.0014445275301113725,0.003027578815817833,4.497729241847992e-05,0.10647050913153502,0.10643649713063359,0.10648349899984119,0.10643440117140125,0.10647372615454175,0.10637209620405215,0.10657126487023107,0.10616320141738435,0.5455833175406366,0.5453047249424173,0.5458506208413405,0.54473184468974,1582.1660502974923,1581.8956912099632,1582.2692991136007,1581.8790297333276,0.0006324348242413181,-0.0006322327929559635,0.0006325119840590567,-0.0006322203429581234,-3.936993889510631e-06,1.0833956475835293e-05,3.027578815817833e-06,0.4255802886462093,3.851541553051563e-07,5.333594326238991e-07,4.936723862877714e-07,0.4258249064334111,-4.3221480448157875e-06,1.0300597043211394e-05,2.5339064295300617e-06,-0.00024461778720180627,1.0,1.0,1.0,1.0,0.10647050913153502,0.10643649713063359,0.10648349899984119,0.10643440117140125,0.10647050913153502,0.10643649713063359,0.10648349899984119,0.10643440117140125,0.0006324348242413181,-0.0006322327929559635,0.0006325119840590567,-0.0006322203429581234,-4.9487396697968964e-05,-1.9414213866446732e-05,0.9999011316391841,-0.0007248164963135776,-0.0002805919418440146,-0.0005023638982719112,-4.9487396609038115e-05,-1.9414213966229e-05,-9.886836051009595e-05,-0.0007248165202327073,-0.0002805919502861798,-0.0005023638950660825,0.9999998807907104,0.00011906077270396054,-0.00031511663109995425,0.0004214569053146988,0.002308069495484233,-0.005011685658246279,0.0026317245792597532,0.0008428388391621411,0.9999996423721313,0.9999998383528014,0.00013226852310336073,-0.00034170287533460654,0.0004347856413957368,-1.711114974276495e-06,False,False
0.2,0.21,20,HOVER,-6.54129107715562e-05,-2.5574909159331582e-05,0.999892282365181,0.0,0.0,1.0,0.016685776442279806,-0.04196647955350476,0.051447407491262115,0.0001285924326121536,-0.0008578033884987235,-0.00033207409433089197,-0.00040177235496230423,0.0026763088535517454,-0.004730314016342163,0.0028939309995621443,-0.0007397998124361038,0.0017319299513474107,0.002996699884533882,-0.0001803673803806305,-0.0007397998124361038,0.0017319299513474107,0.002996699884533882,-0.0001803673803806305,0.10646505319794927,0.10642478042398687,0.10649476317164067,0.10637552020462578,0.10644041165919643,0.10637186486783692,0.10654564396073654,0.10610969582203986,0.5454920030475333,0.5453040907030252,0.5457804141781025,0.544585055206611,1582.12268317827,1581.802549964324,1582.3588283577194,1581.4109255344702,0.0006324024159958186,-0.000632163195718482,0.0006325788932395455,-0.0006318705900154771,-5.548498593270778e-06,1.298947463510558e-05,2.9966998845338824e-06,0.4254676163098097,-6.911989356523859e-07,2.79199117537033e-06,9.47523501405043e-07,0.4257601169982026,-4.8572996576183925e-06,1.019748345973525e-05,2.0491763831288394e-06,-0.0002925006883928716,1.0,1.0,1.0,1.0,0.10646505319794927,0.10642478042398687,0.10649476317164067,0.10637552020462578,0.10646505319794927,0.10642478042398687,0.10649476317164067,0.10637552020462578,0.0006324024159958186,-0.000632163195718482,0.0006325788932395455,-0.0006318705900154771,-5.711499893953879e-05,-2.236457140820906e-05,0.9998964615654122,-0.0007887518892254596,-0.0003050078585556181,-0.0004450681225036687,-5.711499761673622e-05,-2.2364571123034693e-05,-0.00010353843390475959,-0.0007887518731877208,-0.00030500785214826465,-0.00044506811536848545,0.9999998211860657,0.00013226852752268314,-0.00034170286380685866,0.00043478564475663006,0.0027023986913263798,-0.00534516666084528,0.002683010883629322,0.0008694809512235224,0.9999996423721313,0.9999998215297985,0.00014577526600832244,-0.00036616119828550926,0.0004490166142792146,-1.9001177516241523e-06,False,False
0.21,0.22,21,HOVER,-7.442833884852007e-05,-2.9071388780721463e-05,0.9998884475280647,0.0,0.0,1.0,0.018016329689107744,-0.04401946095105778,0.05325536520969901,0.00013721762738169672,-0.000931192422285676,-0.0003616762114688754,-0.0003731949254870415,0.002215142361819744,-0.0032566434238106012,0.0032272792886942625,-0.0008233282715082169,0.0016775742406025529,0.0026854723691940308,-0.00029298290610313416,-0.0008233282715082169,0.0016775742406025529,0.0026854723691940308,-0.00029298290610313416,0.10645698543678932,0.10641529103457487,0.10649773458394214,0.106326861717411,0.10642054839981968,0.10637243386172197,0.10651115573638133,0.10610717054902552,0.5454375541371026,0.5453056506756621,0.5456859013033019,0.5445781267231806,1582.0585544364203,1581.727112409828,1582.3824450980237,1581.0240320603962,0.0006323544934945286,-0.0006321068287453747,0.0006325965434286164,-0.0006315815586014213,-6.174962036311626e-06,1.2581806804519146e-05,2.6854723691940307e-06,0.4254113085469485,-1.685732410740097e-06,4.567104605916403e-06,1.2626495763489029e-06,0.42569687277271734,-4.489229625571529e-06,8.014702198602743e-06,1.4228227928451278e-06,-0.000285564225768864,1.0,1.0,1.0,1.0,0.10645698543678932,0.10641529103457487,0.10649773458394214,0.106326861717411,0.10645698543678932,0.10641529103457487,0.10649773458394214,0.106326861717411,0.0006323544934945286,-0.0006321068287453747,0.0006325965434286164,-0.0006315815586014213,-6.541291424542567e-05,-2.5574909295582538e-05,0.9998922823636673,-0.0008578033719024684,-0.000332074085951443,-0.0004017723477477141,-6.54129107715562e-05,-2.5574909159331582e-05,-0.00010771763481898233,-0.0008578033884987235,-0.00033207409433089197,-0.00040177235496230423,0.9999998211860657,0.00014577526599168777,-0.00036616119905374944,0.00044901660294272006,0.0026763088535517454,-0.004730314016342163,0.0028939309995621443,0.0008979265694506466,0.9999995827674866,0.9999998058379338,0.000157400635526465,-0.0003840691265980132,0.0004648010765477112,-2.067765021526346e-06,False,False
0.22,0.23,22,HOVER,-8.41957880766131e-05,-3.287650542915799e-05,0.9998848193499725,0.0,0.0,1.0,0.01891048104533607,-0.04494646471989297,0.05529135707180849,0.0001464116712554899,-0.0010073526063933969,-0.00039328591083176434,-0.00035742842010222375,0.001384549424983561,-0.0011863483814522624,0.003638262627646327,-0.0007625017315149307,0.0013031266862526536,0.0021532047539949417,-0.00028206221759319305,-0.0007625017315149307,0.0013031266862526536,0.0021532047539949417,-0.00028206221759319305,0.10644958180877173,0.10640764575038006,0.10649333904153932,0.10629552491558789,0.10641614407568067,0.10637311666728064,0.10647348656133476,0.1061540215869074,0.545425480651872,0.5453075226749149,0.5455826608498101,0.5447066619238687,1581.9997034637431,1581.6663334381205,1582.347509323755,1580.7748389641988,0.000632310515944104,-0.0006320614157572576,0.0006325704339067436,-0.000631395417998592,-5.71876298636198e-06,9.773450146894902e-06,2.1532047539949416e-06,0.42541676889120345,-2.4169951495793714e-06,5.5110690785754694e-06,1.424116094998068e-06,0.42564609151627897,-3.3017678367826086e-06,4.262381068319433e-06,7.290886589968736e-07,-0.00022932262507552315,1.0,1.0,1.0,1.0,0.10644958180877173,0.10640764575038006,0.10649333904153932,0.10629552491558789,0.10644958180877173,0.10640764575038006,0.10649333904153932,0.10629552491558789,0.000632310515944104,-0.0006320614157572576,0.0006325704339067436,-0.000631395417998592,-7.442833864835038e-05,-2.907138807224142e-05,0.9998884475298809,-0.0009311924018444861,-0.0003616762193998089,-0.00037319493959432794,-7.442833884852007e-05,-2.9071388780721463e-05,-0.00011155247193528339,-0.000931192422285676,-0.0003616762114688754,-0.0003731949254870415,0.9999998211860657,0.00015740063099656254,-0.00038406913517974317,0.0004648010653909296,0.002215142361819744,-0.0032566434238106012,0.0032272792886942625,0.0009294813498854637,0.9999995827674866,0.9999997930221795,0.0001652142972424818,-0.0003921522074891273,0.0004825727725005218,-2.20207573643587e-06,False,False
0.23,0.24,23,HOVER,-9.473079262534156e-05,-3.700537854456343e-05,0.9998812922349316,0.0,0.0,1.0,0.0192159355490562,-0.04457629252958211,0.05757823635802771,0.0001563165205606392,-0.001084210118278861,-0.00042603909969329834,-0.00035048442077822983,0.00031682007829658687,0.0011046658037230372,0.00407949835062027,-0.000571543350815773,0.0006950736278668046,0.0014717280864715576,-0.0001596212387084961,-0.000571543350815773,0.0006950736278668046,0.0014717280864715576,-0.0001596212387084961,0.1064451053670381,0.10640167874602609,0.1064833053301287,0.10628552871010201,0.10642488751787117,0.10637472908068328,0.10643799000801331,0.10624038277407806,0.54544944872911,0.54531194329946,0.5454853650100292,0.5449435484921629,1581.9641199209664,1581.618895662361,1582.2677597745226,1580.6953436374256,0.0006322839258802064,-0.000632025971751395,0.0006325108336609645,-0.0006313360405380059,-4.286575131118298e-06,5.213052209001034e-06,1.4717280864715577e-06,0.4254779893806458,-2.7559248250278758e-06,5.457044215163593e-06,1.4327472517698973e-06,0.4256156181532949,-1.530650306090422e-06,-2.439920061625589e-07,3.898083470166039e-08,-0.0001376287726491121,1.0,1.0,1.0,1.0,0.1064451053670381,0.10640167874602609,0.1064833053301287,0.10628552871010201,0.1064451053670381,0.10640167874602609,0.1064833053301287,0.10628552871010201,0.0006322839258802064,-0.000632025971751395,0.0006325108336609645,-0.0006313360405380059,-8.419578669668863e-05,-3.2876507006227964e-05,0.9998848193527754,-0.0010073525752936454,-0.00039328591102515863,-0.00035742841407467447,-8.41957880766131e-05,-3.287650542915799e-05,-0.0001151806500274688,-0.0010073526063933969,-0.00039328591083176434,-0.00035742842010222375,0.9999998211860657,0.00016521429643034935,-0.00039215220022015274,0.00048257276648655534,0.001384549424983561,-0.0011863483814522624,0.003638262627646327,0.0009650160791352391,0.9999995231628418,0.9999997840105672,0.00016788610338937823,-0.00038891722713987805,0.0005025300646994505,-2.2998826963912794e-06,False,False
0.24,0.25,24,HOVER,-0.00010602703696349636,-4.146315768593922e-05,0.9998778084554942,0.0,0.0,1.0,0.018875706876555758,-0.042970487795405334,0.06011243378176052,0.00016700808232313983,-0.0011595587711781263,-0.0004588741867337376,-0.0003471718810033053,-0.0008149101049639285,0.003207096131518483,0.004505634307861328,-0.0002883840352296829,-1.539511140435934e-05,0.0007179547101259232,4.2982399463653564e-05,-0.0002883840352296829,-1.539511140435934e-05,0.0007179547101259232,4.2982399463653564e-05,0.10644438841829137,0.10639758280138721,0.10646982209340157,0.10629723776148532,0.10644115022560469,0.10637908341363557,0.10640892927242,0.10635012828807164,0.5454940275380725,0.5453238811255529,0.5454057025361062,0.545244495113891,1581.9584208048661,1581.5863323826525,1582.1605893317192,1580.7884602343747,0.0006322796672046507,-0.00063200164184024,0.0006324307432348053,-0.0006314055923032228,-2.162880264222622e-06,-1.1546333553269505e-07,7.179547101259232e-07,0.42557929119973187,-2.6484913022103464e-06,4.446906469251621e-06,1.3031762959932365e-06,0.4256090310745655,4.856110379877245e-07,-4.562369804784316e-06,-5.852215858673133e-07,-2.973987483362306e-05,1.0,1.0,1.0,1.0,0.10644438841829137,0.10639758280138721,0.10646982209340157,0.10629723776148532,0.10644438841829137,0.10639758280138721,0.10646982209340157,0.10629723776148532,0.0006322796672046507,-0.00063200164184024,0.0006324307432348053,-0.0006314055923032228,-9.47307915877961e-05,-3.7005377799583293e-05,0.9998812922363964,-0.0010842101148313007,-0.0004260391032336351,-0.0003504844080597301,-9.473079262534156e-05,-3.700537854456343e-05,-0.0001187077650683932,-0.001084210118278861,-0.00042603909969329834,-0.00035048442077822983,0.9999997615814209,0.00016788610082585365,-0.0003889172221533954,0.0005025300779379904,0.00031682007829658687,0.0011046658037230372,0.00407949835062027,0.0010049296543002129,0.9999995231628418,0.9999997785008596,0.00016491829869813923,-0.00037490178518661545,0.0005246416282200568,-2.3660552982916245e-06,False,False
0.25,0.26,25,HOVER,-0.00011805738904513419,-4.624408757081255e-05,0.9998743640171597,0.0,0.0,1.0,0.017936557620245954,-0.04040362928017729,0.06286691476757474,0.00017849499412494688,-0.0012314497726038098,-0.0004907033289782703,-0.0003421361616346985,-0.001829435583204031,0.0047626374289393425,0.004877245053648949,3.275834023952484e-05,-0.000680698431096971,-3.3134594559669495e-05,0.00028152763843536377,3.275834023952484e-05,-0.000680698431096971,-3.3134594559669495e-05,0.00028152763843536377,0.10644678485669762,0.10639588167732743,0.10645514912462369,0.10632743778506229,0.10645760894310283,0.10638819838650516,0.10638888385921987,0.1064638726303899,0.5455391415839151,0.545348870237833,0.5453507494667177,0.54555631007367,1581.977470351685,1581.57280812107,1582.0439578200135,1581.02861279844,0.0006322939020487839,-0.0006319915371633249,0.0006323435858002647,-0.00063158498044327,2.456875517964363e-07,-5.105238233227283e-06,-3.31345945596695e-08,0.4256985638192177,-2.1241151185080916e-06,2.715552503560186e-06,1.060970242453647e-06,0.425625253443711,2.3698026703045277e-06,-7.82079073678747e-06,-1.0941048370133165e-06,7.331037550672992e-05,1.0,1.0,1.0,1.0,0.10644678485669762,0.10639588167732743,0.10645514912462369,0.10632743778506229,0.10644678485669762,0.10639588167732743,0.10645514912462369,0.10632743778506229,0.0006322939020487839,-0.0006319915371633249,0.0006323435858002647,-0.00063158498044327,-0.00010602703568280588,-4.146315788838017e-05,0.9998778084555376,-0.0011595587657338227,-0.00045887417494660203,-0.0003471718678990538,-0.00010602703696349636,-4.146315768593922e-05,-0.00012219154450576752,-0.0011595587711781263,-0.0004588741867337376,-0.0003471718810033053,0.9999997615814209,0.00016491829592268914,-0.00037490177783183753,0.0005246416549198329,-0.0008149101049639285,0.003207096131518483,0.004505634307861328,0.0010491596767678857,0.999999463558197,0.999999775069853,0.00015671939466983505,-0.00035250225822738314,0.0005486724276343677,-2.4114923320763264e-06,False,False
0.26,0.27,26,HOVER,-0.00013077851326670498,-5.133228114573285e-05,0.9998710041982122,0.0,0.0,1.0,0.016538211273641714,-0.037301014889215195,0.06579601251349876,0.00019073001729868772,-0.001298517920076847,-0.0005205851048231125,-0.00033086142502725124,-0.0025708861649036407,0.005535039585083723,0.005163786467164755,0.0003325175493955612,-0.001167720532976091,-0.0007138978689908981,0.0005079768598079681,0.0003325175493955612,-0.001167720532976091,-0.0007138978689908981,0.0005079768598079681,0.10645048443884209,0.10639725001896805,0.10644127320540281,0.10637004608211975,0.10646719465264906,0.10640343041196308,0.10637860714908823,0.10656255621620368,0.5455654154680385,0.5453906281086989,0.5453225754071764,0.5458267578653919,1582.0068784783446,1581.583686703834,1581.9336574519903,1581.367402303928,0.000632315877566722,-0.0006319996651126702,0.0006322611628400927,-0.0006318380737277914,2.493881620466709e-06,-8.757903997320681e-06,-7.138978689908982e-07,0.425811788429904,-1.287458345516912e-06,6.361320290257724e-07,7.393015663531956e-07,0.4256590537453327,3.781339965983621e-06,-9.394036026346454e-06,-1.4531994353440937e-06,0.00015273468457133177,1.0,1.0,1.0,1.0,0.10645048443884209,0.10639725001896805,0.10644127320540281,0.10637004608211975,0.10645048443884209,0.10639725001896805,0.10644127320540281,0.10637004608211975,0.000632315877566722,-0.0006319996651126702,0.0006322611628400927,-0.0006318380737277914,-0.00011805738680806823,-4.624408896367427e-05,0.999874364018194,-0.0012314498300169748,-0.0004907033214174846,-0.0003421361616817478,-0.00011805738904513419,-4.624408757081255e-05,-0.00012563598284032196,-0.0012314497726038098,-0.0004907033289782703,-0.0003421361616346985,0.9999997615814209,0.00015671939763706177,-0.0003525022475514561,0.0005486724548973143,-0.001829435583204031,0.0047626374289393425,0.004877245053648949,0.0010972344316542149,0.9999994039535522,0.9999997717386988,0.00014450999284549272,-0.00032542982882168047,0.0005742254252321031,-2.4509137971699848e-06,False,False
0.27,0.28,27,HOVER,-0.00014413800090551376,-5.670407335855998e-05,0.9998678102419944,0.0,0.0,1.0,0.01488585133837497,-0.03414796923200075,0.06884147041038274,0.00020363017301484876,-0.001360178692266345,-0.0005478666280396283,-0.00031044764909893274,-0.002936577657237649,0.005453625228255987,0.005345478188246489,0.0005565639585256577,-0.0013850316172465682,-0.0012689866125583649,0.0006800256669521332,0.0005565639585256577,-0.0013850316172465682,-0.0012689866125583649,0.0006800256669521332,0.10645311221862697,0.10640226051877702,0.10642964119746318,0.10641730436941815,0.1064649812347182,0.10642489209350328,0.1063771081270907,0.10663083137816395,0.5455593486778614,0.5454494612719702,0.545318465703905,0.5460138262136908,1582.02776662082,1581.6235207993736,1581.8411907564443,1581.7431179328864,0.0006323314865786442,-0.0006320294274815355,0.0006321920687129312,-0.0006321187879543438,4.1742296889424325e-06,-1.0387737129349261e-05,-1.268986612558365e-06,0.4258978128334761,-2.979426138288027e-07,-1.3616932926629327e-06,3.7533985569615253e-07,0.4257023183042853,4.472172302771235e-06,-9.026043836686329e-06,-1.6443264682545175e-06,0.00019549452919082055,1.0,1.0,1.0,1.0,0.10645311221862697,0.10640226051877702,0.10642964119746318,0.10641730436941815,0.10645311221862697,0.10640226051877702,0.10642964119746318,0.10641730436941815,0.0006323314865786442,-0.0006320294274815355,0.0006321920687129312,-0.0006321187879543438,-0.00013077850850683363,-5.133228251890017e-05,0.9998710041967688,-0.001298517903175309,-0.0005205850864902172,-0.000330861416987279,-0.00013077851326670498,-5.133228114573285e-05,-0.00012899580178782344,-0.001298517920076847,-0.0005205851048231125,-0.00033086142502725124,0.9999997615814209,0.0001445099915144965,-0.00032542983535677195,0.0005742254434153438,-0.0025708861649036407,0.005535039585083723,0.005163786467164755,0.0011483568232506514,0.9999993443489075,0.9999997666847418,0.00013008254657450132,-0.0002979191455362205,0.0006007937882091853,-2.50061939646605e-06,False,False
0.28,0.29,28,HOVER,-0.00015808256284799427,-6.233147723833099e-05,0.9998648804030381,0.0,0.0,1.0,0.013211356944286351,-0.03139042201719399,0.07193904508067597,0.00021710047262602875,-0.0014166635228320956,-0.0005722705973312259,-0.0002800353686325252,-0.0028943622019141912,0.00462134275585413,0.005414092913269997,0.0006666835397481918,-0.0012995362048968673,-0.001658393070101738,0.0007682517170906067,0.0006666835397481918,-0.0012995362048968673,-0.001658393070101738,0.0007682517170906067,0.10645241142147685,0.10641109564927083,0.1064210268472045,0.10646120477376587,0.10644924617919165,0.10645100360415857,0.10638212137380984,0.10665955470138531,0.5455162191505382,0.5455210363172305,0.5453322099020589,0.5460925151494714,1582.0221960203191,1581.6937598266152,1581.7727104904666,1582.0920931367039,0.0006323273238435725,-0.0006320819081566687,0.0006321408994723948,-0.0006323795563561693,5.000126548111439e-06,-9.746521536726504e-06,-1.6583930701017381e-06,0.42594192585854534,6.620064731239182e-07,-2.8812097199212676e-06,6.7588031292574804e-09,0.42574573869171806,4.338120074987521e-06,-6.865311816805237e-06,-1.6651518732309956e-06,0.00019618716682728854,1.0,1.0,1.0,1.0,0.10645241142147685,0.10641109564927083,0.1064210268472045,0.10646120477376587,0.10645241142147685,0.10641109564927083,0.1064210268472045,0.10646120477376587,0.0006323273238435725,-0.0006320819081566687,0.0006321408994723948,-0.0006323795563561693,-0.0001441380012629313,-5.6704072538619735e-05,0.9998678102476981,-0.0013601787030838274,-0.0005478666382270675,-0.0003104476409172937,-0.00014413800090551376,-5.670407335855998e-05,-0.000132189758005552,-0.001360178692266345,-0.0005478666280396283,-0.00031044764909893274,0.9999997615814209,0.0001300825533689931,-0.00029791914857923985,0.0006007938063703477,-0.002936577657237649,0.005453625228255987,0.005345478188246489,0.001201509963721037,0.9999992847442627,0.9999997587565371,0.00011546278146390516,-0.00027386065667437943,0.0006278180903748615,-2.5758595317729303e-06,False,False
0.29,0.3,29,HOVER,-0.00017256545834243298,-6.818609836045653e-05,0.9998623090505134,0.0,0.0,1.0,0.01173084955229482,-0.029347292078972964,0.0750250521681112,0.000231056224744257,-0.0014688895316794515,-0.0005939119728282094,-0.0002408154687145725,-0.0024863628204911947,0.003287120256572962,0.0053726984187960625,0.0006465446203947067,-0.0009414762025699019,-0.0018594060093164444,0.0007614977657794952,0.0006465446203947067,-0.0009414762025699019,-0.0018594060093164444,0.0007614977657794952,0.10644690231826476,0.10642334507372515,0.1064155362447966,0.10649489714448626,0.1064220206511781,0.10647867671979551,0.10639073813291693,0.10664711337899928,0.5454415899570719,0.5455968862361058,0.5453558329547515,0.5460584323153799,1581.9784040630514,1581.7911395255387,1581.7290617763495,1582.3598931760919,0.0006322945997704926,-0.0006321546697379274,0.0006321082852940918,-0.0006325796890382484,4.8490846529603e-06,-7.061071519274264e-06,-1.8594060093164443e-06,0.4259385488828898,1.4207759342923197e-06,-3.6386709892258055e-06,-3.3147371159144515e-07,0.4257806807812728,3.4283087186679807e-06,-3.4224005300484584e-06,-1.5279322977249992e-06,0.00015786810161699805,1.0,1.0,1.0,1.0,0.10644690231826476,0.10642334507372515,0.1064155362447966,0.10649489714448626,0.10644690231826476,0.10642334507372515,0.1064155362447966,0.10649489714448626,0.0006322945997704926,-0.0006321546697379274,0.0006321082852940918,-0.0006325796890382484,-0.0001580825569748912,-6.233147467740732e-05,0.9998648803997577,-0.0014166635625874364,-0.0005722705941754599,-0.0002800353757474761,-0.00015808256284799427,-6.233147723833099e-05,-0.0001351195969618857,-0.0014166635228320956,-0.0005722705973312259,-0.0002800353686325252,0.9999997615814209,0.00011546278255991638,-0.0002738606708589941,0.0006278181099332869,-0.0028943622019141912,0.00462134275585413,0.005414092913269997,0.0012555727735161781,0.9999992251396179,0.9999997476212346,0.00010253862084224559,-0.00025603634988740693,0.000654743221512391,-2.6877599339104327e-06,False,False
0.3,0.31,30,HOVER,-0.00018755195196717978,-7.424281648127362e-05,0.9998601682891604,0.0,0.0,1.0,0.010606417481270648,-0.028152222951999803,0.07804229492691717,0.00024543968269640756,-0.0015181975904852152,-0.0006132441922090948,-0.00019564357353374362,-0.0018189512193202972,0.0017893729964271188,0.0052344524301588535,0.0005046706646680832,-0.00039574725087732077,-0.0018679182976484299,0.0006678253412246704,0.0005046706646680832,-0.00039574725087732077,-0.0018679182976484299,0.0006678253412246704,0.10643632150121331,0.10643792627541315,0.1064127360250269,0.10651381930038968,0.10638853548594737,0.10650379192862519,0.10640008866942208,0.10659929658661776,0.5453497943990782,0.5456657200609865,0.5453814670330226,0.5459274278854926,1581.894295077061,1581.907051901009,1581.7068005749547,1582.510282788402,0.0006322317497172071,-0.0006322412820759541,0.0006320916519886598,-0.0006326920866443147,3.785029985010624e-06,-2.9681043815799056e-06,-1.86791829764843e-06,0.4258917126706124,1.8493333874751265e-06,-3.517062408615792e-06,-6.099670144019782e-07,0.42580080310204305,1.9356965975354974e-06,5.489580270358863e-07,-1.2579512832464517e-06,9.090956856933063e-05,1.0,1.0,1.0,1.0,0.10643632150121331,0.10643792627541315,0.1064127360250269,0.10651381930038968,0.10643632150121331,0.10643792627541315,0.1064127360250269,0.10651381930038968,0.0006322317497172071,-0.0006322412820759541,0.0006320916519886598,-0.0006326920866443147,-0.00017256545884851153,-6.818610088980079e-05,0.9998623090524456,-0.00146888953745342,-0.0005939119843152538,-0.00024081546572195483,-0.00017256545834243298,-6.818609836045653e-05,-0.00013769094948656857,-0.0014688895316794515,-0.0005939119728282094,-0.0002408154687145725,0.9999997615814209,0.0001025386227411218,-0.0002560363500379026,0.0006547432276420295,-0.0024863628204911947,0.003287120256572962,0.0053726984187960625,0.0013094337191432714,0.9999991655349731,0.9999997336101663,9.272573996638616e-05,-0.00024561139135540735,0.0006810701713148942,-2.8405419589700256e-06,False,False
0.31,0.32,31,HOVER,-0.00020302151096984744,-8.048246672842652e-05,0.9998584951244993,0.0,0.0,1.0,0.00991902070840055,-0.02773541535232875,0.08094492064872505,0.00026022834426256674,-0.0015660175122320652,-0.0006309457239694893,-0.00014836186892352998,-0.0010411014081910253,0.0004833563871216029,0.005020599812269211,0.0002716612070798874,0.00021761807147413492,-0.0016973502933979034,0.0005114972591400146,0.0002716612070798874,0.00021761807147413492,-0.0016973502933979034,0.0005114972591400146,0.10642176064699946,0.10645315724765463,0.10641185904527024,0.10651633369282976,0.10635600165445494,0.106521958361742,0.10640789805650872,0.10652769055686442,0.5452605985895632,0.5457155062156317,0.5454028756063075,0.5457312151030647,1581.7785439376848,1582.0281245538724,1581.6998287210472,1582.530266093352,0.0006321452582431768,-0.0006323317540510685,0.0006320864427289052,-0.0006327070221354088,2.0374590530991554e-06,1.632135536056012e-06,-1.6973502933979035e-06,0.42581354862957005,1.883532090030289e-06,-2.5836743483024713e-06,-8.070752143952802e-07,0.4258031106327541,1.5392696306886632e-07,4.215809884358483e-06,-8.902750790026234e-07,1.0437996815937378e-05,1.0,1.0,1.0,1.0,0.10642176064699946,0.10645315724765463,0.10641185904527024,0.10651633369282976,0.10642176064699946,0.10645315724765463,0.10641185904527024,0.10651633369282976,0.0006321452582431768,-0.0006323317540510685,0.0006320864427289052,-0.0006327070221354088,-0.0001875519530563335,-7.424281294536295e-05,0.9998601682935987,-0.0015181976180911726,-0.000613244170478096,-0.00019564357227007409,-0.00018755195196717978,-7.424281648127362e-05,-0.00013983171083964407,-0.0015181975904852152,-0.0006132441922090948,-0.00019564357353374362,0.9999997615814209,9.272574243368581e-05,-0.00024561138707213104,0.0006810701452195644,-0.0018189512193202972,0.0017893729964271188,0.0052344524301588535,0.0013620945392176509,0.9999990463256836,0.9999997174632165,8.673073473941204e-05,-0.0002419759565419605,0.0007063985443192247,-3.030305076652424e-06,False,False
0.32,0.33,32,HOVER,-0.00021896664111409336,-8.689328387845308e-05,0.9998572865442839,0.0,0.0,1.0,0.009657228666214861,-0.02784778001326671,0.08370183187051819,0.0002754341357682714,-0.001613530213944614,-0.0006477709976024926,-0.00010296592517988756,-0.00031552271684631705,-0.0003321159165352583,0.0047578830271959305,-5.738809704780579e-06,0.0007695496315136552,-0.0013773087412118912,0.0003282316029071808,-5.738809704780579e-06,0.0007695496315136552,-0.0013773087412118912,0.0003282316029071808,0.10640548882856593,0.10646700601043596,0.10641206930640992,0.10650382449995326,0.10633200383640679,0.1065295627628453,0.10641301898509344,0.10644733021710814,0.5451948001978439,0.5457363457660797,0.5454169138138744,0.5455109674008639,1581.649185967918,1582.138205410014,1581.7015002662579,1582.430847047832,0.0006320486036416816,-0.0006324140157019896,0.0006320876916800749,-0.0006326327175297223,-4.3041072785854336e-08,5.771622236352414e-06,-1.3773087412118912e-06,0.42572191580145363,1.5343704910580555e-06,-1.0690649027093185e-06,-9.104379099553845e-07,0.42578838864536506,-1.5774115638439098e-06,6.840687139061732e-06,-4.6687083125650666e-07,-6.647284391142483e-05,1.0,1.0,1.0,1.0,0.10640548882856593,0.10646700601043596,0.10641206930640992,0.10650382449995326,0.10640548882856593,0.10646700601043596,0.10641206930640992,0.10650382449995326,0.0006320486036416816,-0.0006324140157019896,0.0006320876916800749,-0.0006326327175297223,-0.00020302150757836815,-8.048246648126652e-05,0.9998584951308074,-0.0015660174731033818,-0.0006309457292637863,-0.0001483618681153735,-0.00020302151096984744,-8.048246672842652e-05,-0.00014150487550068647,-0.0015660175122320652,-0.0006309457239694893,-0.00014836186892352998,0.9999997019767761,8.67307317093946e-05,-0.0002419759548502043,0.0007063985685817897,-0.0010411014081910253,0.0004833563871216029,0.005020599812269211,0.0014127548784017563,0.9999989867210388,0.9999997001365154,8.44527010133581e-05,-0.00024295610191790295,0.0007304566744145189,-3.246295102947564e-06,False,False
0.33,0.34,33,HOVER,-0.00023538876848760992,-9.347066952614114e-05,0.9998565029236488,0.0,0.0,1.0,0.009723415296979855,-0.02812077038962737,0.08629851418127953,0.000291094571081495,-0.001661398564465344,-0.0006643932429142296,-6.279079389059916e-05,0.00021193291468080133,-0.00047352368710562587,0.004475593101233244,-0.0002741236239671707,0.0011486500734463334,-0.0009498968720436096,0.00015681609511375427,-0.0002741236239671707,0.0011486500734463334,-0.0009498968720436096,0.00015681609511375427,0.10639047924719455,0.1064774245963494,0.10641268255501121,0.1064802109675199,0.10632269397382248,0.10652448552979885,0.10641545240079406,0.10637357614314157,0.5451692727733922,0.5457224318653859,0.5454235845639283,0.5453087823850713,1581.529857342596,1582.2210177215911,1581.7063754970588,1582.2431648337238,0.0006319594467283356,-0.0006324759021023154,0.0006320913343767666,-0.0006324924531470682,-2.0559271797537802e-06,8.6148755508475e-06,-9.498968720436097e-07,0.4256362080475569,8.835101005908071e-07,6.864857951247895e-07,-9.175741442813985e-07,0.4257607973660751,-2.9394372803445873e-06,7.928389755722711e-06,-3.2322727762211233e-08,-0.00012458931851816457,1.0,1.0,1.0,1.0,0.10639047924719455,0.1064774245963494,0.10641268255501121,0.1064802109675199,0.10639047924719455,0.1064774245963494,0.10641268255501121,0.1064802109675199,0.0006319594467283356,-0.0006324759021023154,0.0006320913343767666,-0.0006324924531470682,-0.00021896664808805492,-8.689328450081553e-05,0.9998572865466957,-0.0016135302278080254,-0.0006477710032948216,-0.00010296592408230914,-0.00021896664111409336,-8.689328387845308e-05,-0.00014271345571614802,-0.001613530213944614,-0.0006477709976024926,-0.00010296592517988756,0.9999997019767761,8.445270213996992e-05,-0.00024295609910041094,0.0007304566679522395,-0.00031552271684631705,-0.0003321159165352583,0.0047578830271959305,0.0014608720084652305,0.999998927116394,0.999999682696515,8.503758658569818e-05,-0.00024533604190908517,0.0007531173246906305,-3.4744679177776156e-06,False,False
0.34,0.35000000000000003,34,HOVER,-0.00025229196762666106,-0.0001002155477181077,0.9998560786189046,0.0,0.0,1.0,0.00995572219046331,-0.028148257103568053,0.08873707614746855,0.0003072584528858187,-0.001709616743028164,-0.0006812696228735149,-2.9877686756663024e-05,0.0004387171647977084,9.447097545489669e-05,0.004202543757855892,-0.00048363395035266876,0.0012835912639275193,-0.00046594999730587006,3.154762089252472e-05,-0.00048363395035266876,0.0012835912639275193,-0.00046594999730587006,3.154762089252472e-05,0.10637976169746242,0.10648273591861958,0.10641332148256043,0.10645103412723811,0.10633135821255377,0.10650672631150095,0.10641620731242478,0.10631928197396684,0.5451930299338373,0.5456737620766484,0.5454256540025375,0.5451599169836677,1581.4446480108131,1582.2632339335514,1581.7114548626203,1582.0112479475329,0.0006318957844829268,-0.0006325074513566002,0.0006320951296064089,-0.0006323191427157944,-3.6272546276450154e-06,9.626934479456395e-06,-4.6594999730587006e-07,0.4255735738104463,6.568936784800972e-08,2.307323036431809e-06,-8.356799830589292e-07,0.42572685322588055,-3.692943995493025e-06,7.319611443024586e-06,3.697299857530591e-07,-0.00015327941543424872,1.0,1.0,1.0,1.0,0.10637976169746242,0.10648273591861958,0.10641332148256043,0.10645103412723811,0.10637976169746242,0.10648273591861958,0.10641332148256043,0.10645103412723811,0.0006318957844829268,-0.0006325074513566002,0.0006320951296064089,-0.0006323191427157944,-0.0002353887747385452,-9.347066756278124e-05,0.999856502921659,-0.0016613985429113707,-0.0006643932190633878,-6.279079717245171e-05,-0.00023538876848760992,-9.347066952614114e-05,-0.00014349707635119557,-0.001661398564465344,-0.0006643932429142296,-6.279079389059916e-05,0.9999997019767761,8.503758726874366e-05,-0.0002453360357321799,0.0007531173177994788,0.00021193291468080133,-0.00047352368710562587,0.004475593101233244,0.001506192609667778,0.9999988675117493,0.9999996662100267,8.707026009027547e-05,-0.00024557252472883953,0.0007743983085377246,-3.7019878842483657e-06,False,False
0.35000000000000003,0.36,35,HOVER,-0.0002696761512197554,-0.00010713163646869361,0.9998559372324962,0.0,0.0,1.0,0.010161153047007628,-0.02757273358400354,0.0910346836207598,0.0003239698983702186,-0.00175750651396811,-0.0006985529325902462,-4.635547156794928e-06,0.00032308066147379577,0.0012578672030940652,0.003964231815189123,-0.000597069039940834,0.001155936741270125,2.0481646060943604e-05,-2.4458393454551697e-05,-0.000597069039940834,0.001155936741270125,2.0481646060943604e-05,-2.4458393454551697e-05,0.10637574726250544,0.10648196784489103,0.1064139689664614,0.10642230291323765,0.10635761600311694,0.10647849874089664,0.10641689344280066,0.10629256261645856,0.5452650247313817,0.5455963984280902,0.5454275348873708,0.5450866487458808,1581.4127307943588,1582.2571290586525,1581.7166022404865,1581.7828547536174,0.0006318719387392823,-0.0006325028889986528,0.0006320989756607807,-0.0006321484793046316,-4.478017799556255e-06,8.669525559525937e-06,2.0481646060943604e-08,0.42554557080327277,-7.581253152425665e-07,3.4607820019677896e-06,-6.804539032214058e-07,0.4256939869870955,-3.7198924843136885e-06,5.208743557558147e-06,7.009355492823494e-07,-0.00014841618382271937,1.0,1.0,1.0,1.0,0.10637574726250544,0.10648196784489103,0.1064139689664614,0.10642230291323765,0.10637574726250544,0.10648196784489103,0.1064139689664614,0.10642230291323765,0.0006318719387392823,-0.0006325028889986528,0.0006320989756607807,-0.0006321484793046316,-0.00025229196723169564,-0.00010021554497615519,0.999856078623094,-0.0017096167007098874,-0.0006812696237580105,-2.987768610326189e-05,-0.00025229196762666106,-0.0001002155477181077,-0.0001439213810954243,-0.001709616743028164,-0.0006812696228735149,-2.9877686756663024e-05,0.9999996423721313,8.707025699550286e-05,-0.0002455725334584713,0.000774398329667747,0.0004387171647977084,9.447097545489669e-05,0.004202543757855892,0.0015487534692510962,0.9999988079071045,0.9999996515457594,8.886391202741653e-05,-0.0002405469754605603,0.0007944486876566724,-3.920852356355241e-06,False,False
0.36,0.37,36,HOVER,-0.0002875311183743179,-0.00011422220268286765,0.9998560081294272,0.0,0.0,1.0,0.010153281331618118,-0.026158028222666663,0.09322051973580481,0.00034125432511598056,-0.0018038535490632057,-0.0007160640670917928,1.4154114978737198e-05,-0.00011030004679923877,0.0027828263118863106,0.003780456492677331,-0.0005962271243333817,0.0008018814260140061,0.0004574321210384369,-2.983957529067993e-06,-0.0005962271243333817,0.0008018814260140061,0.0004574321210384369,-2.983957529067993e-06,0.10637967624236075,0.10647507996386137,0.10641492367021047,0.10639934642400187,0.1063974226280129,0.10644397142549038,0.10641923576989766,0.1062956781978346,0.5453741582677345,0.5455017607142102,0.5454339558666054,0.5450951923902342,1581.4439685941463,1582.2023815791654,1581.7241919426465,1581.6003534519014,0.0006318952768796228,-0.0006324619749853365,0.0006321046466010501,-0.0006320121177585711,-4.471703432500362e-06,6.014110695105046e-06,4.574321210384369e-07,0.4255563080212355,-1.4313864901060666e-06,3.9237321133589464e-06,-4.7416926323459556e-07,0.42566902630043446,-3.0403169423942957e-06,2.0903785817460993e-06,9.316013842730324e-07,-0.00011271827919895339,1.0,1.0,1.0,1.0,0.10637967624236075,0.10647507996386137,0.10641492367021047,0.10639934642400187,0.10637967624236075,0.10647507996386137,0.10641492367021047,0.10639934642400187,0.0006318952768796228,-0.0006324619749853365,0.0006321046466010501,-0.0006320121177585711,-0.0002696761572483569,-0.00010713163923272525,0.9998559372347487,-0.0017575064935954668,-0.0006985529600328902,-4.6355473808325235e-06,-0.0002696761512197554,-0.00010713163646869361,-0.0001440627675037831,-0.00175750651396811,-0.0006985529325902462,-4.635547156794928e-06,0.9999996423721313,8.886391151463613e-05,-0.0002405469713266939,0.0007944487151689827,0.00032308066147379577,0.0012578672030940652,0.003964231815189123,0.0015888542402535677,0.9999987483024597,0.9999996391110761,8.878976181335103e-05,-0.00022819970651995,0.0008135225809037147,-4.129390283495064e-06,False,False
0.37,0.38,37,HOVER,-0.0003058325091842562,-0.00012148687528679147,0.9998562409600709,0.0,0.0,1.0,0.009787404173238798,-0.02383414390341799,0.09533171172376484,0.0003591089613226516,-0.0018471505027264357,-0.0007333283429034054,2.90030766336713e-05,-0.0007773060351610184,0.004368521738797426,0.0036636153236031532,-0.0004852134734392166,0.00030239077750593424,0.0008003059774637222,8.783675730228424e-05,-0.0004852134734392166,0.00030239077750593424,0.0008003059774637222,8.783675730228424e-05,0.1063913005489682,0.10646301306663218,0.10641664445961399,0.10638586443551118,0.10644380823675793,0.10640851610672873,0.10642441677558649,0.10632497725957805,0.5455013134000924,0.5454045699028875,0.5454481583154501,0.5451755335507457,1581.5363869552364,1582.1064667890448,1581.7378718201107,1581.4931678305315,0.0006319643252608711,-0.0006323902976157951,0.0006321148680901071,-0.0006319320347469364,-3.6391010507941245e-06,2.2679308312945066e-06,8.003059774637222e-07,0.4256017183786512,-1.8315558924010024e-06,3.623623814165162e-06,-2.431390117533117e-07,0.42565682251072556,-1.8075451583931221e-06,-1.3556929828706552e-06,1.043444989217034e-06,-5.5104132074379475e-05,1.0,1.0,1.0,1.0,0.1063913005489682,0.10646301306663218,0.10641664445961399,0.10638586443551118,0.1063913005489682,0.10646301306663218,0.10641664445961399,0.10638586443551118,0.0006319643252608711,-0.0006323902976157951,0.0006321148680901071,-0.0006319320347469364,-0.00028753111917464525,-0.00011422220460867414,0.9998560081245463,-0.0018038535942403054,-0.0007160640509340072,1.415411518669328e-05,-0.0002875311183743179,-0.00011422220268286765,-0.0001439918705727905,-0.0018038535490632057,-0.0007160640670917928,1.4154114978737198e-05,0.9999996423721313,8.878976223058999e-05,-0.00022819970035925508,0.0008135226089507341,-0.00011030004679923877,0.0027828263118863106,0.003780456492677331,0.0016270042397081852,0.9999986886978149,0.9999996286568362,8.55842190200739e-05,-0.00020792100893481764,0.0008319437392010194,-4.331527827082622e-06,False,False
0.38,0.39,38,HOVER,-0.0003245406551286578,-0.00012891922960989177,0.999856615322642,0.0,0.0,1.0,0.008986613466419663,-0.020706230334686253,0.09740865565732416,0.000377499629530409,-0.0018858917756006122,-0.0007496672333218157,4.313578756409697e-05,-0.0015522590838372707,0.005711491219699383,0.0036178354639559984,-0.00028826482594013214,-0.00023513135965913534,0.0010168366134166718,0.00022620707750320435,-0.00028826482594013214,-0.00023513135965913534,0.0010168366134166718,0.00022620707750320435,0.10640887791789502,0.10644755555198493,0.10641956647300692,0.10638337148028132,0.10648827957905319,0.10637774758552114,0.10643276449784929,0.10637211187632806,0.5456232055801231,0.5453202188386561,0.5454710411046539,0.5453047679100557,1581.6761290902823,1581.9835966644162,1581.7611009997918,1581.4733476894953,0.0006320687348322964,-0.0006322984799787904,0.0006321322248496611,-0.0006319172265928711,-2.161986194550991e-06,-1.763485197443515e-06,1.0168366134166717e-06,0.42567090353875164,-1.8913339890997902e-06,2.6471217210626355e-06,-1.4746889703950647e-08,0.4256593714231682,-2.7065220545120086e-07,-4.410606918506151e-06,1.0315835031206223e-06,1.1532115583468006e-05,1.0,1.0,1.0,1.0,0.10640887791789502,0.10644755555198493,0.10641956647300692,0.10638337148028132,0.10640887791789502,0.10644755555198493,0.10641956647300692,0.10638337148028132,0.0006320687348322964,-0.0006322984799787904,0.0006321322248496611,-0.0006319172265928711,-0.0003058325007083441,-0.00012148687808400619,0.9998562409621553,-0.001847150483340927,-0.0007333283486432777,2.9003077105037212e-05,-0.0003058325091842562,-0.00012148687528679147,-0.00014375903992913663,-0.0018471505027264357,-0.0007333283429034054,2.90030766336713e-05,0.9999996423721313,8.558421541238204e-05,-0.0002079210098600015,0.0008319437620230019,-0.0007773060351610184,0.004368521738797426,0.0036636153236031532,0.0016638514352962375,0.9999986290931702,0.9999996192941497,7.857656902120605e-05,-0.00018062921294029237,0.0008500649186330621,-4.5346976484246345e-06,False,False
0.39,0.4,39,HOVER,-0.00034360235440544784,-0.0001365054922644049,0.9998571437172359,0.0,0.0,1.0,0.00775425857564421,-0.01702734306343152,0.09949029586918776,0.0003963637784870044,-0.0019188591977581382,-0.0007643249700777233,5.979678826406598e-05,-0.002292915480211377,0.006567840930074453,0.0036390279419720173,-4.5204535126686096e-05,-0.0007000364130362868,0.0010902248322963715,0.00038194842636585236,-4.5204535126686096e-05,-0.0007000364130362868,0.0010902248322963715,0.00038194842636585236,0.10642948977287545,0.10643106288287897,0.10642391486084457,0.1063911049968832,0.10652260118543919,0.10635658063213214,0.1064435556881806,0.10642603670743106,0.5457172678647835,0.5452621860043979,0.5455006211426836,0.5454525989168083,1581.839987012306,1581.8524923670768,1581.7956691020963,1581.5348322547695,0.0006321911692508802,-0.0006322005135243011,0.0006321580542734168,-0.0006319631636814863,-3.390340134501457e-07,-5.250273097772151e-06,1.0902248322963716e-06,0.42574877421318297,-1.6098120742317167e-06,1.2156100445289385e-06,1.855463185096223e-07,0.4256755725134822,1.270778060781571e-06,-6.465883142301089e-06,9.046785137867493e-07,7.320169970076451e-05,1.0,1.0,1.0,1.0,0.10642948977287545,0.10643106288287897,0.10642391486084457,0.1063911049968832,0.10642948977287545,0.10643106288287897,0.10642391486084457,0.1063911049968832,0.0006321911692508802,-0.0006322005135243011,0.0006321580542734168,-0.0006319631636814863,-0.0003245406454676907,-0.00012891923599894146,0.9998566153269693,-0.0018858917322611248,-0.000749667223094492,4.313578772632685e-05,-0.0003245406551286578,-0.00012891922960989177,-0.00014338467735797167,-0.0018858917756006122,-0.0007496672333218157,4.313578756409697e-05,0.9999996423721313,7.857656601117924e-05,-0.0001806292129913345,0.0008500649128109217,-0.0015522590838372707,0.005711491219699383,0.0036178354639559984,0.0017001009546220303,0.9999985694885254,0.9999996097619612,6.779765606394314e-05,-0.00014853279243840807,0.0008682265907081581,-4.747547993661842e-06,False,False
0.4,0.41000000000000003,40,HOVER,-0.0003629551501944661,-0.00014422457024920732,0.9998578677041223,0.0,0.0,1.0,0.006170909653967042,-0.013142133407510938,0.10160986794440124,0.0004156185237061918,-0.0019453391432762146,-0.0007766063790768385,8.158235141308978e-05,-0.0028677487280219793,0.006800513248890638,0.003715827129781246,0.00019707344472408295,-0.0010016694432124496,0.0010203961282968521,0.0005222111940383911,0.00019707344472408295,-0.0010016694432124496,0.0010203961282968521,0.0005222111940383911,0.10644958149743082,0.10641604221619713,0.10642954976841101,0.10640637527826141,0.10654034291996108,0.1063482068827135,0.10645500180853985,0.10647535398580484,0.5457658875897253,0.5452392269866794,0.5455319954550345,0.5455877791824584,1581.9997009888878,1581.7330841318135,1581.8404639446494,1581.656233231563,0.0006323105140947391,-0.000632111290764211,0.0006321915256243615,-0.0006320538691528728,1.478050835430622e-06,-7.512520824093372e-06,1.0203961282968522e-06,0.42581890559701924,-1.049996370212393e-06,-3.6644718877810317e-07,3.36879802016808e-07,0.4257015487603004,2.528047205643015e-06,-7.1460736353152685e-06,6.835163262800442e-07,0.00011735683671881825,1.0,1.0,1.0,1.0,0.10644958149743082,0.10641604221619713,0.10642954976841101,0.10640637527826141,0.10644958149743082,0.10641604221619713,0.10642954976841101,0.10640637527826141,0.0006323105140947391,-0.000632111290764211,0.0006321915256243615,-0.0006320538691528728,-0.00034360235764797594,-0.00013650549603727154,0.9998571437227946,-0.0019188591611398772,-0.0007643249497899764,5.979678940710968e-05,-0.00034360235440544784,-0.0001365054922644049,-0.00014285628276411444,-0.0019188591977581382,-0.0007643249700777233,5.979678826406598e-05,0.9999995827674866,6.779765681130812e-05,-0.00014853279571980238,0.0008682265761308372,-0.002292915480211377,0.006567840930074453,0.0036390279419720173,0.0017364324303343892,0.9999985098838806,0.9999995988377075,5.3953017490348244e-05,-0.00011463895852634054,0.0008867194625911251,-4.978190950095416e-06,False,False
0.41000000000000003,0.42,41,HOVER,-0.00038253303500823677,-0.0001520494552096352,0.9998588482121704,0.0,0.0,1.0,0.0043769602261962744,-0.009414313112624534,0.10379150283466544,0.00043517167521525115,-0.001965231029316783,-0.0007859992911107838,0.00010993415344273672,-0.003180196275934577,0.006402567960321903,0.0038312897086143494,0.0003934185951948166,-0.0010865613585337996,0.0008238349109888077,0.000618981197476387,0.0003934185951948166,-0.0010865613585337996,0.0008238349109888077,0.000618981197476387,0.10646565376527595,0.10640473359968904,0.1064359277006806,0.106425272654715,0.10653825563482322,0.10635366092088833,0.10646473603752475,0.10651063800550196,0.5457601676857987,0.5452541808458674,0.5455586766109174,0.5456844824242363,1582.1274568894478,1581.643181894334,1581.8911646316253,1581.806462983772,0.0006324059833657392,-0.0006320441175821529,0.0006322294105420427,-0.0006321661195690071,2.9506394639611243e-06,-8.149210189003497e-06,8.238349109888077e-07,0.42586729059873824,-3.248067233256255e-07,-1.7771233042120083e-06,4.2515675662186704e-07,0.42573158772036057,3.27544618728675e-06,-6.3720868847914886e-06,3.9867815436694065e-07,0.0001357028783776637,1.0,1.0,1.0,1.0,0.10646565376527595,0.10640473359968904,0.1064359277006806,0.106425272654715,0.10646565376527595,0.10640473359968904,0.1064359277006806,0.106425272654715,0.0006324059833657392,-0.0006320441175821529,0.0006322294105420427,-0.0006321661195690071,-0.0003629551524054882,-0.0001442245745149494,0.9998578677106893,-0.0019453391702987963,-0.0007766063989985043,8.158234859239634e-05,-0.0003629551501944661,-0.00014422457024920732,-0.00014213229587767273,-0.0019453391432762146,-0.0007766063790768385,8.158235141308978e-05,0.9999995827674866,5.3953019232722e-05,-0.00011463895498309284,0.0008867194410413504,-0.0028677487280219793,0.006800513248890638,0.003715827129781246,0.0017734258435666561,0.9999984502792358,0.9999995856998568,3.827057884059449e-05,-8.212075134879013e-05,0.0009057547459945449,-5.233089561447726e-06,False,False
0.42,0.43,42,HOVER,-0.00040227267891168594,-0.00015994952991604805,0.9998601522529498,0.0,0.0,1.0,0.0025446385943164564,-0.006153455333125181,0.10604808512321677,0.00045493356951776273,-0.001979028107598424,-0.0007922588847577572,0.00014488557644654065,-0.003185517154633999,0.00549276964738965,0.003965138923376799,0.0005088727921247482,-0.0009485244518145919,0.0005303751677274704,0.000653732568025589,0.0005088727921247482,-0.0009485244518145919,0.0005303751677274704,0.000653732568025589,0.10647492537574191,0.106398718836704,0.10644213498414411,0.10644355384316923,0.10651680503204529,0.10637155348203013,0.10647017248434897,0.10652613528558848,0.5457013834752582,0.5453032369962483,0.5455735773922384,0.545726952959375,1582.201152842354,1581.595364044905,1581.9405078981392,1581.9517866475035,0.0006324610567319069,-0.0006320083898900217,0.000632266281805816,-0.0006322747098284251,3.816545940935611e-06,-7.113933388609439e-06,5.303751677274704e-07,0.42588466628401284,4.2583735863736816e-07,-2.744445948518401e-06,4.4423881927603895e-07,0.4257593330397592,3.3907085822982433e-06,-4.369487440091038e-06,8.613634845143144e-08,0.00012533324425362258,1.0,1.0,1.0,1.0,0.10647492537574191,0.106398718836704,0.10644213498414411,0.10644355384316923,0.10647492537574191,0.106398718836704,0.10644213498414411,0.10644355384316923,0.0006324610567319069,-0.0006320083898900217,0.000632266281805816,-0.0006322747098284251,-0.00038253304885680923,-0.0001520494481331818,0.9998588482183046,-0.0019652309192809405,-0.000785999314626419,0.00010993415280729615,-0.00038253303500823677,-0.0001520494552096352,-0.00014115178782958537,-0.001965231029316783,-0.0007859992911107838,0.00010993415344273672,0.9999995827674866,3.8270580262178555e-05,-8.212075044866651e-05,0.0009057547431439161,-0.003180196275934577,0.006402567960321903,0.0038312897086143494,0.0018115025013685226,0.9999983310699463,0.999999570087201,2.2255846037833195e-05,-5.367845528975675e-05,0.0009254451437664046,-5.516329692002046e-06,False,False
0.43,0.44,43,HOVER,-0.0004221185517963022,-0.0001678935659583658,0.9998618388199247,0.0,0.0,1.0,0.0008450416245817706,-0.0035562697896539515,0.10838047476305877,0.0004748271611235097,-0.0019876831211149693,-0.0007954398752190173,0.00018509790243115276,-0.0028973424341529608,0.004285427276045084,0.004096271935850382,0.0005248915404081345,-0.0006274789338931441,0.0001798924058675766,0.0006209947168827057,0.0005248915404081345,-0.0006274789338931441,0.0001798924058675766,0.0006209947168827057,0.10647586085792156,0.10639865902043161,0.1064470417936266,0.10645752186211434,0.1064800861391082,0.10639838885105685,0.10646920499851886,0.10652061736975751,0.5456007491913315,0.5453768071066346,0.5455709256225353,0.5457118312361167,1582.208588472876,1581.5948884966979,1581.9795127634302,1582.0628184003274,0.000632466613496054,-0.0006320080345813638,0.0006322954282541421,-0.0006323576798609591,3.936686553061008e-06,-4.706092004198581e-06,1.7989240586757661e-07,0.4258682973584414,1.0621977495446286e-06,-3.0999937858412763e-06,3.9632730787313424e-07,0.4257790835340941,2.8744888035163796e-06,-1.6060982183573046e-06,-2.1643490200555763e-07,8.921382434728953e-05,1.0,1.0,1.0,1.0,0.10647586085792156,0.10639865902043161,0.1064470417936266,0.10645752186211434,0.10647586085792156,0.10639865902043161,0.1064470417936266,0.10645752186211434,0.000632466613496054,-0.0006320080345813638,0.0006322954282541421,-0.0006323576798609591,-0.0004022726891855094,-0.00015994952736757257,0.9998601522564529,-0.0019790280197986747,-0.0007922588590993397,0.00014488558024260985,-0.00040227267891168594,-0.00015994952991604805,-0.00013984774705022573,-0.001979028107598424,-0.0007922588847577572,0.00014488557644654065,0.9999995827674866,2.225584648840595e-05,-5.3678453696193174e-05,0.000925445172470063,-0.003185517154633999,0.00549276964738965,0.003965138923376799,0.0018508870853111148,0.9999982714653015,0.9999995522240703,7.403728413663422e-06,-3.1027320780562045e-05,0.0009457981546182505,-5.829123584147899e-06,False,False
0.44,0.45,44,HOVER,-0.000442026270320639,-0.00017585257592145354,0.9998639467958128,0.0,0.0,1.0,-0.0005834291778319588,-0.0016737746264906177,0.11077818921144764,0.000494794731662926,-0.001992387929931283,-0.0007958725327625871,0.00022816630371380597,-0.002383001847192645,0.00304192746989429,0.00420523714274168,0.00044248066842556,-0.00019937229808419943,-0.00018385238945484161,0.0005286410450935364,0.00044248066842556,-0.00019937229808419943,-0.00018385238945484161,0.0005286410450935364,0.1064684354478761,0.10640420009820965,0.10644951487194491,0.10646473349190094,0.10643489934352136,0.10642922830548707,0.1064606851273939,0.1064973077461445,0.5454768930613558,0.5454613477537268,0.5455475733064394,0.5456479491757416,1582.149567460771,1581.638940547111,1581.9991713815812,1582.1201419373022,0.000632422506560384,-0.0006320409485833653,0.0006323101183393528,-0.0006324005169418916,3.3186050131917e-06,-1.4952922356314957e-06,-1.838523894548416e-07,0.4258221205225468,1.4712211719083296e-06,-2.8090950960025715e-06,2.911593744798959e-07,0.42578688390993163,1.8473838412833702e-06,1.3138028603710758e-06,-4.750117639347375e-07,3.5236612615174856e-05,1.0,1.0,1.0,1.0,0.1064684354478761,0.10640420009820965,0.10644951487194491,0.10646473349190094,0.1064684354478761,0.10640420009820965,0.10644951487194491,0.10646473349190094,0.000632422506560384,-0.0006320409485833653,0.0006323101183393528,-0.0006324005169418916,-0.00042211855380764045,-0.00016789356934842774,0.9998618388186261,-0.001987683046387875,-0.000795439870521336,0.00018509790416158426,-0.0004221185517963022,-0.0001678935659583658,-0.00013816118007525802,-0.0019876831211149693,-0.0007954398752190173,0.00018509790243115276,0.9999995231628418,7.403728432109347e-06,-3.102732080151327e-05,0.0009457981796003878,-0.0028973424341529608,0.004285427276045084,0.004096271935850382,0.0018915949622169137,0.9999982118606567,0.9999995326046799,-5.077257194012634e-06,-1.4611354538168305e-05,0.0009667218585669422,-6.169709881830913e-06,False,False
0.45,0.46,45,HOVER,-0.00046196355833671987,-0.00018380212713964283,0.9998664872109657,0.0,0.0,1.0,-0.0016592853886618578,-0.000409977443839716,0.11322127008649349,0.0005148001709478104,-0.001994319027289748,-0.0007940881187096238,0.0002711195847950876,-0.0017487951554358006,0.002014744095504284,0.004276352468878031,0.00028142891824245453,0.00024135189596563578,-0.00051845982670784,0.0003955848515033722,0.00028142891824245453,0.00024135189596563578,-0.00051845982670784,0.0003955848515033722,0.10645409884713918,0.10641405931508606,0.10644866062514832,0.10646439102638244,0.10638935250136702,0.1064585933807652,0.10644480231195431,0.10646284423166522,0.5453520342508134,0.5455418399038565,0.5455040382411152,0.5455534912988368,1582.035609261664,1581.7173204946878,1581.9923809481572,1582.1174197860835,0.0006323373471520066,-0.0006320995123316112,0.000632305044113381,-0.0006323984826967118,2.1107168868184088e-06,1.8101392197422682e-06,-5.1845982670784e-07,0.4257555924257517,1.5872093143969208e-06,-1.971745991369723e-06,1.443962370647426e-07,0.425781209813756,5.235075724214879e-07,3.7818852111119913e-06,-6.628560637725826e-07,-2.5617388004273156e-05,1.0,1.0,1.0,1.0,0.10645409884713918,0.10641405931508606,0.10644866062514832,0.10646439102638244,0.10645409884713918,0.10641405931508606,0.10644866062514832,0.10646439102638244,0.0006323373471520066,-0.0006320995123316112,0.000632305044113381,-0.0006323984826967118,-0.0004420262825660693,-0.0001758525729174652,0.9998639467990552,-0.0019923879054674397,-0.0007958725494192628,0.0002281662989051547,-0.000442026270320639,-0.00017585257592145354,-0.00013605320418719202,-0.001992387929931283,-0.0007958725327625871,0.00022816630371380597,0.9999995231628418,-5.077257355878828e-06,-1.461135434510652e-05,0.0009667218546383083,-0.002383001847192645,0.00304192746989429,0.00420523714274168,0.0019334430107846856,0.999998152256012,0.9999995117754181,-1.4476454549934125e-05,-3.592033258768206e-06,0.0009880417273707438,-6.533943315188933e-06,False,False
0.46,0.47000000000000003,46,HOVER,-0.00048190844245254993,-0.00019172376778442413,0.9998694410023745,0.0,0.0,1.0,-0.002370479064758241,0.00044909380794298044,0.11568314805846337,0.0005348265157052984,-0.001994401914998889,-0.000790710560977459,0.00031101141939871013,-0.001118395826779306,0.001395813305862248,0.004299250431358814,7.559917867183685e-05,0.0006017402047291398,-0.0007879249751567841,0.0002479925751686096,7.559917867183685e-05,0.0006017402047291398,-0.0007879249751567841,0.0002479925751686096,0.10643547427540123,0.10642628583448692,0.10644404688257178,0.10645737863526476,0.10635136555651366,0.10648151400659539,0.10642320893617105,0.10642570778830428,0.5452478874531335,0.5456046626940858,0.5454448473400417,0.5454516972763476,1581.8875602058931,1581.81451730383,1581.9557058903058,1582.0616799123518,0.0006322267171958834,-0.0006321721378568523,0.0006322776384824764,-0.0006323568290934727,5.669938400387764e-07,4.513051535468548e-06,-7.879249751567841e-07,0.42568179628758435,1.402370498015254e-06,-7.962014449856489e-07,-2.461127196528093e-08,0.4257631856277247,-8.353766579764777e-07,5.309252980454197e-06,-7.633137031915031e-07,-8.13893401403476e-05,1.0,1.0,1.0,1.0,0.10643547427540123,0.10642628583448692,0.10644404688257178,0.10645737863526476,0.10643547427540123,0.10642628583448692,0.10644404688257178,0.10645737863526476,0.0006322267171958834,-0.0006321721378568523,0.0006322776384824764,-0.0006323568290934727,-0.00046196354584173034,-0.00018380212117276233,0.9998664872064826,-0.001994319074621474,-0.0007940881423883153,0.0002711195752719174,-0.00046196355833671987,-0.00018380212713964283,-0.00013351278903428465,-0.001994319027289748,-0.0007940881187096238,0.0002711195847950876,0.9999995231628418,-1.4476454452960752e-05,-3.5920331811212236e-06,0.0009880417492240667,-0.0017487951554358006,0.002014744095504284,0.004276352468878031,0.001976082567125559,0.9999980330467224,0.9999994902070672,-2.0690277951931965e-05,3.898197684391222e-06,0.0010095257907203011,-6.916621679446259e-06,False,False
0.47000000000000003,0.48,47,HOVER,-0.0005018459050916135,-0.00019960520148742944,0.9998727627535118,0.0,0.0,1.0,-0.0027732849062223966,0.0011833546001599464,0.1181341032226893,0.0005548701341863359,-0.0019931416027247906,-0.0007863356731832027,0.0003454709076322615,-0.0006087103975005448,0.0012797171948477626,0.004269672557711601,-0.00013358332216739655,0.0008098945254459977,-0.0009673815220594406,0.00011266767978668213,-0.00013358332216739655,0.0008098945254459977,-0.0009673815220594406,0.00011266767978668213,0.10641580000992584,0.10643861087555617,0.10643582390747858,0.10644592768110576,0.10632695158762845,0.10649428411914033,0.10639868591126947,0.10639421222185516,0.5451809471328117,0.5456396623577036,0.5453776214768425,0.5453653570925447,1581.7311586487542,1581.912493972308,1581.8903395459436,1581.970656585274,0.0006321098520589595,-0.0006322453486008036,0.0006322287940104227,-0.0006322888104257682,-1.001874916255474e-06,6.074208940844982e-06,-9.673815220594407e-07,0.4256141338398934,9.666305581827392e-07,4.492592377714627e-07,-1.955129571896714e-07,0.42573616247406637,-1.9685054744382134e-06,5.62494970307352e-06,-7.718685648697693e-07,-0.00012202863417298815,1.0,1.0,1.0,1.0,0.10641580000992584,0.10643861087555617,0.10643582390747858,0.10644592768110576,0.10641580000992584,0.10643861087555617,0.10643582390747858,0.10644592768110576,0.0006321098520589595,-0.0006322453486008036,0.0006322287940104227,-0.0006322888104257682,-0.00048190843986351895,-0.0001917237606134165,0.999869441008607,-0.001994401881936382,-0.0007907105398826886,0.00031101140857532904,-0.00048190844245254993,-0.00019172376778442413,-0.00013055899762548506,-0.001994401914998889,-0.000790710560977459,0.00031101141939871013,0.999999463558197,-2.0690278688562103e-05,3.898197519447422e-06,0.001009525847621262,-0.001118395826779306,0.001395813305862248,0.004299250431358814,0.0020190502982586622,0.9999979734420776,0.999999468261254,-2.4212110059180554e-05,1.0301762175842533e-05,0.0010309145730540237,-7.313134010086321e-06,False,False
0.48,0.49,48,HOVER,-0.0005217629368416965,-0.00020743937056977302,0.9998763889598195,0.0,0.0,1.0,-0.0029781748424568422,0.002075456371326279,0.1205447651479668,0.0005749324690592566,-0.0019905539229512215,-0.0007814221316948533,0.00037311395863071084,-0.00030777169740758836,0.0016487326938658953,0.004189459141343832,-0.00030543841421604156,0.0008286997908726335,-0.0010446608066558838,1.296214759349823e-05,-0.00030543841421604156,0.0008286997908726335,-0.0010446608066558838,1.296214759349823e-05,0.1063983151462091,0.10644886532821414,0.10642477106950207,0.10643304971393845,0.10631935267157135,0.10649518481210339,0.10637485345399238,0.1063748901361297,0.5451601108391879,0.5456421308833381,0.5453122842829655,0.5453123848511725,1581.59215464426,1581.9940081404447,1581.8024756002008,1581.8682864970745,0.000632005991968482,-0.000632306260049592,0.0006321631401528423,-0.0006322123153007944,-2.2907881066203114e-06,6.215248431544751e-06,-1.0446608066558837e-06,0.4255642810737968,3.7618812530641407e-07,1.4945102107407314e-06,-3.4944322906214215e-07,0.42570500125786376,-2.6669762319267255e-06,4.7207382208040195e-06,-6.952175775937416e-07,-0.00014072018406696696,1.0,1.0,1.0,1.0,0.1063983151462091,0.10644886532821414,0.10642477106950207,0.10643304971393845,0.1063983151462091,0.10644886532821414,0.10642477106950207,0.10643304971393845,0.000632005991968482,-0.000632306260049592,0.0006321631401528423,-0.0006322123153007944,-0.0005018458931912837,-0.00019960520420517254,0.9998727627602962,-0.001993141700810927,-0.0007863356662126443,0.0003454708955797232,-0.0005018459050916135,-0.00019960520148742944,-0.000127237246488221,-0.0019931416027247906,-0.0007863356731832027,0.0003454709076322615,0.999999463558197,-2.4212109565269202e-05,1.0301761903974693e-05,0.0010309146018698812,-0.0006087103975005448,0.0012797171948477626,0.004269672557711601,0.0020618275739252567,0.9999978542327881,0.9999994461968249,-2.6008516041098405e-05,1.8084423378695223e-05,0.0010519517831995484,-7.720709100513598e-06,False,False
0.49,0.5,49,HOVER,-0.0005416440544649959,-0.0002152225497411564,0.9998802492555114,0.0,0.0,1.0,-0.0031258059675838023,0.0033500162192214135,0.12288929364482482,0.0005950119901816495,-0.001986202085390687,-0.000776213884819299,0.00039373704930767417,-0.00025887563242577016,0.0023818507324904203,0.004065800923854113,-0.0004077572375535965,0.0006622463697567582,-0.0010214745998382568,-3.672763705253601e-05,-0.0004077572375535965,0.0006622463697567582,-0.0010214745998382568,-3.672763705253601e-05,0.10638563545263446,0.10645534201855761,0.10641218873058172,0.10642182012907815,0.10632837123639038,0.10648459645527406,0.10635536414392241,0.10637110434588695,0.5451848397729581,0.5456131110239645,0.5452588506890218,0.5453020056267752,1581.491347317064,1582.045491113353,1581.7024496704646,1581.7790167985181,0.0006319306745886487,-0.0006323447315902321,0.0006320884010596555,-0.0006321456115667242,-3.0581792816519735e-06,4.9668477731756865e-06,-1.0214745998382568e-06,0.4255394361814738,-2.4637526072112184e-07,2.123957544371193e-06,-4.7126750865220893e-07,0.42567498633085193,-2.8118040209308516e-06,2.8428902288044933e-06,-5.502070911860479e-07,-0.0001355501493781608,1.0,1.0,1.0,1.0,0.10638563545263446,0.10645534201855761,0.10641218873058172,0.10642182012907815,0.10638563545263446,0.10645534201855761,0.10641218873058172,0.10642182012907815,0.0006319306745886487,-0.0006323447315902321,0.0006320884010596555,-0.0006321456115667242,-0.0005217629603544193,-0.00020743937776952312,0.9998763889557071,-0.0019905538754530277,-0.0007814221537733588,0.0003731139595627111,-0.0005217629368416965,-0.00020743937056977302,-0.00012361104018054903,-0.0019905539229512215,-0.0007814221316948533,0.00037311395863071084,0.999999463558197,-2.6008516215370037e-05,1.8084423572872765e-05,0.0010519517818465829,-0.00030777169740758836,0.0016487326938658953,0.004189459141343832,0.002103901468217373,0.9999977946281433,0.9999994241667305,-2.7309139055060546e-05,2.9205138103989943e-05,0.001072411990923604,-8.138672728523538e-06,False,False
0.5,0.51,50,HOVER,-0.0005614672554656863,-0.00022295195958577096,0.9998842781715211,0.0,0.0,1.0,-0.003358036946125562,0.005127817273032031,0.125147843685137,0.0006150972255097521,-0.0019793324172496796,-0.0007707080221734941,0.00040826527401804924,-0.0004537825006991625,0.0032848757691681385,0.003909886348992586,-0.0004226658493280411,0.00035295786801725626,-0.0009118635207414627,-3.2767653465270996e-05,-0.0004226658493280411,0.00035295786801725626,-0.0009118635207414627,-3.2767653465270996e-05,0.10637929754716569,0.10645706843942078,0.10639969654811804,0.10641471005989825,0.1063506728084337,0.10646486619136498,0.1063432790895854,0.10638259808388335,0.5452459880797804,0.5455590333527959,0.5452257157880653,0.5453335168290582,1581.4409577499855,1582.0592142122211,1581.6031369839093,1581.722493785524,0.0006318930274301642,-0.0006323549865301594,0.0006320141974958211,-0.0006321033777557956,-3.1699938699603078e-06,2.647184010129422e-06,-9.118635207414627e-07,0.4255414161732674,-7.763738293486283e-07,2.2187871866891085e-06,-5.511393599697467e-07,0.42565077259460277,-2.3936200406116794e-06,4.283968234403136e-07,-3.60724160771716e-07,-0.00010935642133536039,1.0,1.0,1.0,1.0,0.10637929754716569,0.10645706843942078,0.10639969654811804,0.10641471005989825,0.10637929754716569,0.10645706843942078,0.10639969654811804,0.10641471005989825,0.0006318930274301642,-0.0006323549865301594,0.0006320141974958211,-0.0006321033777557956,-0.0005416440675001775,-0.0002152225499956535,0.9998802492549975,-0.001986202174891579,-0.0007762138652062738,0.0003937370604386823,-0.0005416440544649959,-0.0002152225497411564,-0.00011975074448855594,-0.001986202085390687,-0.000776213884819299,0.00039373704930767417,0.9999994039535522,-2.7309139113640413e-05,2.9205137252574787e-05,0.0010724120074883103,-0.00025887563242577016,0.0023818507324904203,0.004065800923854113,0.002144821221008897,0.9999976754188538,0.9999994022038956,-2.935325377365997e-05,4.471661841226185e-05,0.0010921220912173473,-8.567635451527123e-06,False,False
0.51,0.52,51,HOVER,-0.0005811951309442516,-0.00023062320542521775,0.9998883130028844,0.02,0.0,1.0,-0.003948056836363877,0.013016438559610918,0.12749759562548452,0.020582790240057557,-0.001967143500223756,-0.0007646160083822906,0.0003948543453589082,-0.0012310571037232876,0.018126292154192924,0.0042085666209459305,-0.001897307112812996,0.05919834226369858,0.019539983943104744,-0.0017160698771476746,-0.001897307112812996,0.05919834226369858,0.019539983943104744,-0.0017160698771476746,0.10593923896876248,0.10684325688820696,0.10705621160387156,0.105630892365196,0.10395845572968129,0.108592668539768,0.11003620659422245,0.1021124341977545,0.5386647705695263,0.551374103410262,0.5553001273403573,0.5335549659768283,1577.940082470234,1585.127320508627,1586.8177515195284,1575.484458432361,0.0006292790794744491,-0.0006346489459159493,0.0006359138969269971,-0.0006274475006492643,-1.422980334609747e-05,0.0004439875669777393,1.9539983943104745e-05,0.4246997650614262,-3.3725801967714533e-06,8.23537152253341e-05,3.0965298362325717e-06,0.425469599826037,-1.0857223149326016e-05,0.0003616338517524052,1.6443454106872173e-05,-0.0007698347646107884,1.0,1.0,1.0,1.0,0.10593923896876248,0.10684325688820696,0.10705621160387156,0.105630892365196,0.10593923896876248,0.10684325688820696,0.10705621160387156,0.105630892365196,0.0006292790794744491,-0.0006346489459159493,0.0006359138969269971,-0.0006274475006492643,-0.0005614672333687194,-0.00022295195369350068,0.9998842781682564,-0.0019793325139641966,-0.000770708008876115,0.00040826526280391415,-0.020561467856168747,-0.00022295195958577096,-0.00011572182847885415,-0.0019793324172496796,-0.0007707080221734941,0.00040826527401804924,0.9999994039535522,-2.935325392172672e-05,4.471661668503657e-05,0.001092122052796185,-0.0004537825006991625,0.0032848757691681385,0.003909886348992586,0.002184240147471428,0.999997615814209,0.999999373982041,-3.457965840107958e-05,0.00011355145594813431,0.0011126301453975175,-0.0042418700855618,False,False
0.52,0.53,52,HOVER,-0.0006006709486246105,-0.00023822511138860136,0.9998920411089784,0.02,0.0,1.0,-0.0054226219277449,0.04317664182497013,0.13049305476774567,0.02060233117536345,-0.0019283409928902984,-0.0007569165900349617,0.0003561509365681559,-0.0029512164182960987,0.06251794099807739,0.005534372292459011,-0.0016998816281557083,0.05339639633893967,0.018907317891716957,-0.0008470639586448669,-0.0016998816281557083,0.05339639633893967,0.018907317891716957,-0.0008470639586448669,0.10564838486948819,0.10712671525896653,0.10755584082198606,0.10507328412436728,0.10433768154149081,0.10840975387191834,0.10982097754390835,0.10256585506336013,0.539711061219571,0.5508755416513558,0.5547157192906949,0.5348126189741296,1575.6238231387765,1587.3771891349224,1590.7799047048202,1571.0383111038984,0.0006275514061247599,-0.0006363326886382612,0.0006388816944825972,-0.0006241353076987416,-1.2749112211167812e-05,0.00040047297254204746,1.890731789171696e-05,0.4251342680206776,-5.160952563193835e-06,0.00014003716296431823,5.965104270354207e-06,0.425404225074808,-7.588159647973976e-06,0.00026043580957772923,1.2942213621362752e-05,-0.0002699570541304097,1.0,1.0,1.0,1.0,0.10564838486948819,0.10712671525896653,0.10755584082198606,0.10507328412436728,0.10564838486948819,0.10712671525896653,0.10755584082198606,0.10507328412436728,0.0006275514061247599,-0.0006363326886382612,0.0006388816944825972,-0.0006241353076987416,-0.0005811958867094028,-0.00023062320814349208,0.9998883130008819,-0.001967143486649691,-0.0007646160258081607,0.0003948543333813122,-0.020581195130944252,-0.00023062320542521775,-0.00011168699711561203,-0.001967143500223756,-0.0007646160083822906,0.0003948543453589082,0.9999993443489075,-3.4579657949507236e-05,0.00011355145397828892,0.0011126301251351833,-0.0012310571037232876,0.018126292154192924,0.0042085666209459305,0.002225251169875264,0.9999974966049194,0.9999992794810664,-4.775034074851957e-05,0.00037673313338034765,0.0011387841758880568,-0.004254536420895872,False,False
0.53,0.54,53,HOVER,-0.0006193607300519939,-0.0002457306836731732,0.9998954656111891,0.02,0.0,1.0,-0.008160739349849903,0.10741553418230412,0.13459842039367043,0.020621089882044374,-0.0018156683072447777,-0.0007456910680048168,0.00033913334482349455,-0.005267469212412834,0.12502294778823853,0.007619784213602543,-0.0013481248170137405,0.035846441984176636,0.01634875126183033,0.0018399450927972794,-0.0013481248170137405,0.035846441984176636,0.01634875126183033,0.0018399450927972794,0.10561748504404164,0.1072674761059315,0.10784196940501123,0.10487099876377334,0.10547795479714578,0.10790392307734814,0.10913708898967564,0.10395880568222915,0.5428502394523252,0.5494955361335125,0.5528565527531115,0.5386657366243262,1575.377636167204,1588.4937833428492,1593.0465131833305,1569.4236235841538,0.0006273678611616074,-0.0006371688080692331,0.0006405812982657667,-0.0006229337326568137,-1.0110936127603054e-05,0.00026884831488132476,1.634875126183033e-05,0.4264777725463987,-6.080811849922246e-06,0.0001633741010140812,7.846618701327305e-06,0.42559792931875773,-4.030124277680808e-06,0.00010547421386724356,8.502132560503025e-06,0.0008798432276409529,1.0,1.0,1.0,1.0,0.10561748504404164,0.1072674761059315,0.10784196940501123,0.10487099876377334,0.10561748504404164,0.1072674761059315,0.10784196940501123,0.10487099876377334,0.0006273678611616074,-0.0006371688080692331,0.0006405812982657667,-0.0006229337326568137,-0.0006006714674426822,-0.00023822511353745928,0.9998920411060299,-0.0019283410170222236,-0.0007569165616949986,0.00035615094214860285,-0.02060067094862461,-0.00023822511138860136,-0.00010795889102155343,-0.0019283409928902984,-0.0007569165900349617,0.0003561509365681559,0.9999992847442627,-4.775034176418558e-05,0.0003767331363633275,0.0011387842241674662,-0.0029512164182960987,0.06251794099807739,0.005534372292459011,0.0022775314282625914,0.9999973773956299,0.9999988682138585,-7.231683834532902e-05,0.0009372929570407218,0.0011746587544871302,-0.004278807670836926,False,False
0.54,0.55,54,HOVER,-0.0006361599266529079,-0.0002530900528654456,0.9998992121982155,0.02,0.0,1.0,-0.012336506127978618,0.2092437224639012,0.14009765639115315,0.02063795797248951,-0.0015669137937948108,-0.0007284535677172244,0.00041423525544814765,-0.00782870501279831,0.19056572020053864,0.010144700296223164,-0.0008938778191804886,0.01053168810904026,0.012141266837716103,0.005934782326221466,-0.0008938778191804886,0.01053168810904026,0.012141266837716103,0.005934782326221466,0.10589139350072105,0.10726000085871037,0.1078984063763446,0.10507798046639369,0.10713116689219326,0.10722623965872698,0.10815342084741904,0.10601436376477152,0.5473836236653518,0.5476436956919433,0.5501764517811674,0.544323462672303,1577.5591884352505,1588.4344963650246,1593.4933775837821,1571.0757873011507,0.000628994877394283,-0.0006371244051007396,0.000640916533875487,-0.0006241632039703785,-6.704083643853664e-06,7.898766081780195e-05,1.2141266837716104e-05,0.4285251911631108,-6.18739075268623e-06,0.00014810327118802659,8.623802198651827e-06,0.4261277812021697,-5.166928911674341e-07,-6.911561037022464e-05,3.517464639064276e-06,0.002397409960941066,1.0,1.0,1.0,1.0,0.10589139350072105,0.10726000085871037,0.1078984063763446,0.10507798046639369,0.10589139350072105,0.10726000085871037,0.1078984063763446,0.10507798046639369,0.000628994877394283,-0.0006371244051007396,0.000640916533875487,-0.0006241632039703785,-0.0006193616022231436,-0.0002457306827136623,0.9998954656136045,-0.0018156682849884127,-0.0007456910539761729,0.0003391333397915831,-0.020619360730051994,-0.0002457306836731732,-0.00010453438881086186,-0.0018156683072447777,-0.0007456910680048168,0.00033913334482349455,0.9999988675117493,-7.231684139696881e-05,0.0009372929343953729,0.0011746587697416544,-0.005267469212412834,0.12502294778823853,0.007619784213602543,0.002349183429032564,0.9999972581863403,0.9999975794816446,-0.00010988849449104513,0.001825861991883178,0.0012227769042578375,-0.004321761958668187,False,False
0.55,0.56,55,HOVER,-0.0006493269652128215,-0.00026022695237770677,0.9999046558368718,0.02,0.0,1.0,-0.01793288884941584,0.3432975789494652,0.14707854066399548,0.020651186713902224,-0.0011195022379979491,-0.000702506978996098,0.0006566764786839485,-0.010312505066394806,0.2437344342470169,0.012765120714902878,-0.00036108680069446564,-0.017006538808345795,0.006692787632346153,0.010603981092572212,-0.00036108680069446564,-0.017006538808345795,0.006692787632346153,0.010603981092572212,0.10643809593619372,0.1071312864210322,0.10774911269973572,0.10566277039126107,0.10891769688889291,0.10655049779034749,0.10707556434656886,0.1083160315204769,0.5522594116652001,0.5457937150733171,0.5472314910127185,0.5506199916070385,1581.9084005813108,1587.4134569717025,1592.311129830824,1575.7384290142209,0.0006322422898609907,-0.0006363598413409312,0.0006400297294364302,-0.0006276368561240908,-2.7081510052084923e-06,-0.00012754904106259345,6.692787632346153e-06,0.43085979054628615,-5.5683865575308425e-06,9.827038190758555e-05,8.275321832398809e-06,0.4269812654482227,2.86023555232235e-06,-0.000225819422970179,-1.5825342000526559e-06,0.003878525098063468,1.0,1.0,1.0,1.0,0.10643809593619372,0.1071312864210322,0.10774911269973572,0.10566277039126107,0.10643809593619372,0.1071312864210322,0.10774911269973572,0.10566277039126107,0.0006322422898609907,-0.0006363598413409312,0.0006400297294364302,-0.0006276368561240908,-0.0006361606465265334,-0.0002530900485659057,0.9998992121991513,-0.0015669138013468826,-0.0007284535779491696,0.0004142352446092668,-0.02063615992665291,-0.0002530900528654456,-0.00010078780178446323,-0.0015669137937948108,-0.0007284535677172244,0.00041423525544814765,0.9999975562095642,-0.00010988849680870771,0.0018258619820699096,0.001222776947543025,-0.00782870501279831,0.19056572020053864,0.010144700296223164,0.002445162972435355,0.9999970197677612,0.999994675953048,-0.0001603383042257872,0.002995628650617259,0.0012839650206647544,-0.004384951790458757,False,False
0.56,0.5700000000000001,56,HOVER,-0.000656565204262733,-0.0002670386165846139,0.9999138459024834,0.02,0.0,1.0,-0.024762755524613572,0.4966544636594333,0.15543560730789824,0.02065847085796101,-0.00042493987712077796,-0.0006652797455899417,0.0011260692263022065,-0.012428960762917995,0.2720456123352051,0.015142385847866535,0.00023793987929821014,-0.04092417284846306,0.0005034301429986954,0.014821354299783707,0.00023793987929821014,-0.04092417284846306,0.0005034301429986954,0.014821354299783707,0.10715688503463763,0.10693285332011118,0.10745063573185758,0.10651763038451699,0.1104210414600801,0.10603795953751037,0.10610557338952904,0.11040390276277241,0.5563442381693218,0.5443882163289404,0.5445737446397377,0.5562977609253611,1587.6165492471573,1585.8386568933515,1589.9460609554542,1582.5405715840297,0.0006365118971057475,-0.0006351811487214605,0.000638256776247234,-0.000632714724484031,1.784549094736576e-06,-0.0003069312963634729,5.034301429986953e-07,0.4329684771498919,-4.294650987721801e-06,2.5065762788144177e-05,6.872800147490147e-06,0.42805800447112335,6.079200082458377e-06,-0.0003319970591516171,-6.3693700044914515e-06,0.00491047267876854,1.0,1.0,1.0,1.0,0.10715688503463763,0.10693285332011118,0.10745063573185758,0.10651763038451699,0.10715688503463763,0.10693285332011118,0.10745063573185758,0.10651763038451699,0.0006365118971057475,-0.0006351811487214605,0.000638256776247234,-0.000632714724484031,-0.0006493266137090439,-0.0002602269400848508,0.9999046558397556,-0.0011195022048751096,-0.0007025070012581057,0.0006566765062952342,-0.020649326965212822,-0.00026022695237770677,-9.534416312817484e-05,-0.0011195022379979491,-0.000702506978996098,0.0006566764786839485,0.999994695186615,-0.0001603382988832891,0.0029956286307424307,0.0012839650735259056,-0.010312505066394806,0.2437344342470169,0.012765120714902878,0.0025670018512755632,0.9999967217445374,0.9999896631198932,-0.00022197250585104318,0.004333816940055319,0.0013573548906998794,-0.004462443729537821,False,False
0.5700000000000001,0.58,57,HOVER,-0.0006552445888519283,-0.00027339899679645896,0.999929245786916,0.02,0.0,1.0,-0.03248856228077067,0.6516923253139201,0.1648896347916669,0.020657175077812923,0.0005396996275521815,-0.0006146464147605002,0.001849795924499631,-0.013915113173425198,0.26846492290496826,0.016970353201031685,0.0008732359856367111,-0.05637063831090927,-0.00589393638074398,0.017648540437221527,0.0008732359856367111,-0.05637063831090927,-0.00589393638074398,0.017648540437221527,0.1079028136694033,0.10672864196098851,0.10707882094467548,0.10748382615161439,0.11129067869898776,0.10580773485901876,0.10540423381934594,0.11187942284125837,0.5586998220491486,0.5437562294069516,0.542647593536617,0.5602915448506128,1593.5282713593042,1584.217096238356,1586.9971656502714,1590.2091504858017,0.0006409427131962556,-0.0006339681332482717,0.0006360481964113724,-0.0006384539273405895,6.549269892275333e-06,-0.0004227797873318195,-5.89393638074398e-06,0.4343820702186108,-2.4327257231739584e-06,-5.5831799842330065e-05,4.5688490187666825e-06,0.4291941027266817,8.98199561544929e-06,-0.00036694798748948944,-1.0462785399510662e-05,0.005187967491929124,1.0,1.0,1.0,1.0,0.1079028136694033,0.10672864196098851,0.10707882094467548,0.10748382615161439,0.1079028136694033,0.10672864196098851,0.10707882094467548,0.10748382615161439,0.0006409427131962556,-0.0006339681332482717,0.0006360481964113724,-0.0006384539273405895,-0.000656565507080369,-0.00026703860700444344,0.9999138459021184,-0.00042493988106631625,-0.0006652797435286838,0.0011260692416191248,-0.020656565204262733,-0.0002670386165846139,-8.615409751655534e-05,-0.00042493987712077796,-0.0006652797455899417,0.0011260692263022065,0.9999896883964539,-0.00022197249927558005,0.004333816934376955,0.001357354922220111,-0.012428960762917995,0.2720456123352051,0.015142385847866535,0.002712859772145748,0.9999963045120239,0.9999827507980246,-0.0002916946075749612,0.0056866437382291175,0.0014405220118249118,-0.004542564367747075,False,False
0.58,0.59,58,HOVER,-0.0006426903605461116,-0.0002791651349980384,0.9999533465961576,0.02,0.0,1.0,-0.0406432025721758,0.7898333036164707,0.17501932157211392,0.020644630658698447,0.0017655184492468834,-0.0005492321797646582,0.0028133417945355177,-0.014540081843733788,0.23268933594226837,0.017998958006501198,0.0014899056404829025,-0.060444220900535583,-0.011951209977269173,0.018406834453344345,0.0014899056404829025,-0.060444220900535583,-0.011951209977269173,0.018406834453344345,0.10851883196858775,0.10657987545361924,0.10671216115483811,0.1083841854696525,0.1113138619450999,0.10590871679546446,0.10506075256240546,0.11247788592370242,0.5587625457071334,0.5440334840522095,0.5417028649715958,0.5619070866716854,1598.4013526798874,1583.0352221103096,1584.086188693282,1597.3369112079909,0.0006446018618934112,-0.0006330844601944983,0.0006338702372597384,-0.0006438020616897359,1.117429230362177e-05,-0.00045333165675401685,-1.1951209977269174e-05,0.4347612172266722,-8.346600326256809e-08,-0.00012766622723697427,1.5855772689154146e-06,0.4301950540466976,1.1257758306884337e-05,-0.0003256654295170426,-1.3536787246184588e-05,0.004566163179974603,1.0,1.0,1.0,1.0,0.10851883196858775,0.10657987545361924,0.10671216115483811,0.1083841854696525,0.10851883196858775,0.10657987545361924,0.10671216115483811,0.1083841854696525,0.0006446018618934112,-0.0006330844601944983,0.0006338702372597384,-0.0006438020616897359,-0.0006552444331025554,-0.0002733990094610298,0.9999292457875054,0.0005396996003264684,-0.0006146463891331264,0.001849795876163703,-0.02065524458885193,-0.00027339899679645896,-7.07542130840011e-05,0.0005396996275521815,-0.0006146464147605002,0.001849795924499631,0.9999827742576599,-0.0002916945959441364,0.005686643533408642,0.0014405220281332731,-0.013915113173425198,0.26846492290496826,0.016970353201031685,0.0028778628911823034,0.9999958872795105,0.9999750131816001,-0.00036519718043896845,0.00689199107225611,0.0015297393692875528,-0.004611863562316059,False,False
0.59,0.6,59,HOVER,-0.0006165090203285213,-0.00028418609872460365,0.9999882293222981,0.02,0.0,1.0,-0.04865885398807306,0.8953697324545241,0.1853016196774566,0.020618470953803755,0.0032120810355991125,-0.00046867996570654213,0.0039581190794706345,-0.0141255222260952,0.17100708186626434,0.018054697662591934,0.002019820734858513,-0.05265280604362488,-0.017100682482123375,0.016744382679462433,0.002019820734858513,-0.05265280604362488,-0.017100682482123375,0.016744382679462433,0.108867798117706,0.10652962376018349,0.10641529536917325,0.1090553519331571,0.11044801743763219,0.10630274183693565,0.10507752684484932,0.11210170522031412,0.5564173882241634,0.5451145622459302,0.5417490232697363,0.5608918804244363,1601.1582899198288,1582.6358874825255,1581.727146868929,1602.638953663291,0.0006466747208191736,-0.0006327859651354899,0.0006321068544928891,-0.0006477887904829532,1.5148655511438846e-05,-0.00039489604532718655,-1.7100682482123376e-05,0.43392999133973126,2.5888848811067393e-06,-0.0001760053542298576,-1.7931803063804368e-06,0.4308680691802198,1.2559770630332106e-05,-0.00021889069109732895,-1.530750217574294e-05,0.0030619221595114543,1.0,1.0,1.0,1.0,0.108867798117706,0.10652962376018349,0.10641529536917325,0.1090553519331571,0.108867798117706,0.10652962376018349,0.10641529536917325,0.1090553519331571,0.0006466747208191736,-0.0006327859651354899,0.0006321068544928891,-0.0006477887904829532,-0.0006426896833274025,-0.00027916512434675994,0.9999533465966428,0.001765518481645213,-0.0005492322070372841,0.0028133417181344022,-0.020642690360546112,-0.0002791651349980384,-4.6653403842356056e-05,0.0017655184492468834,-0.0005492321797646582,0.0028133417945355177,0.9999750256538391,-0.00036519719287753105,0.006891991011798382,0.001529739354737103,-0.014540081843733788,0.23268933594226837,0.017998958006501198,0.0030546586494892836,0.9999953508377075,0.9999680712549479,-0.000437249991780278,0.007812798225688346,0.0016203292841371275,-0.00465895827833211,False,False
0.6,0.61,60,HOVER,-0.0005748695880174633,-0.0002883146225940436,1.0000351503222191,0.02,0.0,1.0,-0.05590956495831313,0.9585993649576767,0.19515856673632473,0.020576919580702055,0.004814283922314644,-0.0003738360246643424,0.005186832044273615,-0.012576475739479065,0.09483649581670761,0.017057806253433228,0.002389838919043541,-0.034928638488054276,-0.020804712548851967,0.01270657405257225,0.002389838919043541,-0.034928638488054276,-0.020804712548851967,0.01270657405257225,0.10886054728460098,0.10659207137591267,0.10622676970085904,0.10937687821062603,0.10882779952760478,0.10687426085878263,0.10537650555550025,0.11083252108439853,0.5520146277126516,0.5466805143084229,0.5425713624889829,0.5574594762544798,1601.1010324838062,1583.132130900133,1580.2280147313966,1605.175549850412,0.0006466316508705298,-0.0006331569039729213,0.0006309870120231026,-0.0006496986565711186,1.7923791892826555e-05,-0.00026196478866040706,-2.0804712548851966e-05,0.43191108702628617,5.339639168094358e-06,-0.00019157405211448712,-5.236897650407499e-06,0.4310562665719987,1.2584152724732197e-05,-7.039073654591994e-05,-1.5567814898444468e-05,0.0008548204542874749,1.0,1.0,1.0,1.0,0.10886054728460098,0.10659207137591267,0.10622676970085904,0.10937687821062603,0.10886054728460098,0.10659207137591267,0.10622676970085904,0.10937687821062603,0.0006466316508705298,-0.0006331569039729213,0.0006309870120231026,-0.0006496986565711186,-0.0006165087000920321,-0.000284186097307428,0.9999882293219632,0.0032120809692436337,-0.0004686799552807796,0.003958119273175192,-0.02061650902032852,-0.00028418609872460365,-1.1770677701861132e-05,0.0032120810355991125,-0.00046867996570654213,0.0039581190794706345,0.9999680519104004,-0.00043724998249672353,0.007812798023223877,0.0016203293344005942,-0.0141255222260952,0.17100708186626434,0.018054697662591934,0.0032341177575290203,0.9999947547912598,0.9999634344429158,-0.0005021318879849992,0.008364415615036907,0.00170710049922035,-0.00467668070185334,False,False
0.61,0.62,61,HOVER,-0.0005166768282651897,-0.00029141941922716796,1.0000942280312302,0.02,0.0,1.0,-0.061771728020688046,0.977649294352579,0.20400894180894646,0.020518962748522305,0.00649444991722703,-0.0002668033994268626,0.0063768476247787476,-0.009918121621012688,0.018254121765494347,0.015032531693577766,0.00251932255923748,-0.01123168133199215,-0.02266666479408741,0.006809145212173462,0.00251932255923748,-0.01123168133199215,-0.02266666479408741,0.006809145212173462,0.10847682489598413,0.10675020675174748,0.10615382811032552,0.1092947158957797,0.10674865597169397,0.1074653132588795,0.10582456191433869,0.10892384146117463,0.5463365724416361,0.5482973820122742,0.5438024350169028,0.5522761407309131,1598.0693093315112,1584.3883769811857,1579.6477803585938,1604.527559108936,0.0006443523398821457,-0.0006340962281053801,0.0006305537389753336,-0.0006492106124209315,1.88949191942811e-05,-8.423760998994111e-05,-2.266666479408741e-05,0.4289623726060868,7.831569430298297e-06,-0.00017209067214421893,-8.400761668832268e-06,0.43067557565383685,1.1063349763982804e-05,8.785306215427782e-05,-1.4265903125255143e-05,-0.0017132030477500781,1.0,1.0,1.0,1.0,0.10847682489598413,0.10675020675174748,0.10615382811032552,0.1092947158957797,0.10847682489598413,0.10675020675174748,0.10615382811032552,0.1092947158957797,0.0006443523398821457,-0.0006340962281053801,0.0006305537389753336,-0.0006492106124209315,-0.0005748691484188527,-0.00028831461886739057,1.0000351503222673,0.004814283836560338,-0.0003738360228372991,0.005186832262484558,-0.020574869588017464,-0.0002883146225940436,3.5150322219124064e-05,0.004814283922314644,-0.0003738360246643424,0.005186832044273615,0.9999634623527527,-0.0005021318793296814,0.008364415727555752,0.0017071005422621965,-0.012576475739479065,0.09483649581670761,0.017057806253433228,0.0034061528276652098,0.9999942183494568,0.9999618679480606,-0.0005542282862033667,0.008530521822062789,0.0017848468493233485,-0.0046624546207751786,False,False
0.62,0.63,62,HOVER,-0.00044161222875118214,-0.0002933971700258553,1.0001643067516852,0.02,0.0,1.0,-0.06570451840834945,0.9586318960611072,0.21132183260638251,0.020444377934255138,0.008177004754543304,-0.00015081619494594634,0.0074005285277962685,-0.0063310470432043076,-0.04499971121549606,0.012105895206332207,0.0023322757333517075,0.013281645253300667,-0.02252349443733692,-1.2099742889404297e-05,0.0023322757333517075,0.013281645253300667,-0.02252349443733692,-1.2099742889404297e-05,0.10777316202381199,0.1069613562885316,0.10617452853236964,0.10883308369362382,0.104611917865111,0.10791657962880602,0.1062680401589868,0.10675521247565155,0.5404669711530001,0.5495300888353314,0.5450193999003234,0.5463545289766818,1592.5016075564708,1586.064914609901,1579.8124597266371,1600.8841514617422,0.0006401725824214432,-0.0006353504563538777,0.0006306766994822756,-0.0006464685171401255,1.7492068000137806e-05,9.9612339399755e-05,-2.2523494437336923e-05,0.42555175012855534,9.655235317091674e-06,-0.0001226946094969798,-1.0969691590284386e-05,0.42974213053833704,7.836832683046132e-06,0.0002223069488967348,-1.1553802847052537e-05,-0.004190380409781702,1.0,1.0,1.0,1.0,0.10777316202381199,0.1069613562885316,0.10617452853236964,0.10883308369362382,0.10777316202381199,0.1069613562885316,0.10617452853236964,0.10883308369362382,0.0006401725824214432,-0.0006353504563538777,0.0006306766994822756,-0.0006464685171401255,-0.000516676315097223,-0.0002914194049891532,1.0000942280277898,0.006494449787880435,-0.0002668033903325476,0.006376847707353325,-0.02051667682826519,-0.00029141941922716796,9.42280312301591e-05,0.00649444991722703,-0.0002668033994268626,0.0063768476247787476,0.9999618530273438,-0.000554228259716183,0.008530521765351295,0.0017848468851298094,-0.009918121621012688,0.018254121765494347,0.015032531693577766,0.003560620127245784,0.9999936819076538,0.9999631346576032,-0.0005887861387349354,0.008364470535475519,0.0018488616184134318,-0.00461790700480474,False,False
0.63,0.64,63,HOVER,-0.0003500576317310329,-0.0002942029677797109,1.0002400751691312,0.02,0.0,1.0,-0.056474181095653615,0.9250051407458171,0.2152974798236222,0.02035360010140364,0.00979918148368597,-3.545760046108626e-05,0.007653882261365652,0.023170366883277893,-0.05907095596194267,0.005341639276593924,0.0017943214625120163,0.03341967612504959,-0.020455434918403625,-0.006632110103964806,0.0017943214625120163,0.03341967612504959,-0.020455434918403625,-0.006632110103964806,0.10473491458585947,0.10716723272866116,0.1062456467462543,0.10808845927543329,0.10283199511281954,0.10809855900496097,0.10656703940509471,0.10474415142514244,0.5355500234075745,0.550026765466197,0.5458390425258624,0.5408312493425161,1585.3584137858709,1587.6986409018614,1580.3781581939336,1594.997699429493,0.0006221253926400053,-0.0006365733624082473,0.0006310991416727506,-0.0006420454480960738,1.3457410968840122e-05,0.0002506475709378719,-2.0455434918403625e-05,0.42224174494801764,8.598190009188704e-05,2.084197096963083e-05,-2.539427619156515e-05,0.4262362533362082,-7.252448912304691e-05,0.00022980559996824108,4.938841273161525e-06,-0.003994508388190543,0.98,1.0,1.0,1.0,0.10687236182230558,0.10716723272866116,0.1062456467462543,0.10808845927543329,0.10473491458585947,0.10716723272866116,0.1062456467462543,0.10808845927543329,0.0006348218292244952,-0.0006365733624082473,0.0006310991416727506,-0.0006420454480960738,-0.00044161156400727373,-0.0002933971657524937,1.0001643067477985,0.008177004576540673,-0.00015081619752829094,0.007400528495896661,-0.020441612228751183,-0.0002933971700258553,0.00016430675168521702,0.008177004754543304,-0.00015081619494594634,0.0074005285277962685,0.9999631643295288,-0.0005887861480005085,0.008364470675587654,0.001848861575126648,-0.0063310470432043076,-0.04499971121549606,0.012105895206332207,0.0036882534623146057,0.9999932050704956,0.9999655261861613,-0.0005079793064653903,0.00807116374379142,0.0018827405766212234,-0.004553818047504227,False,False
0.64,0.65,64,HOVER,-0.00024264819920062977,-0.00029400811763480306,1.0003164141089655,0.02,0.0,1.0,-0.02769834324266089,0.8991486455485593,0.21479979661680057,0.02024725573449864,0.01136176660656929,4.988897853763774e-05,0.0075755007565021515,0.05670985206961632,-0.04039667174220085,-0.0024593526031821966,-0.008158775046467781,0.03508945554494858,-0.011196394450962543,-0.010994434356689453,-0.008158775046467781,0.03508945554494858,-0.011196394450962543,-0.010994434356689453,0.10406464740627032,0.10727822849555216,0.10619605385669968,0.10719602288846963,0.10311568827576749,0.10777998020829516,0.10597214568969296,0.10319276864789974,0.5363354251447071,0.5491571059682662,0.5442075932995357,0.536548708141444,1579.9229319968072,1588.5790595446226,1579.9836913654005,1587.9270303707228,0.0006181440055932458,-0.0006372326772635798,0.0006308045599087961,-0.0006367443759575097,-6.119081284850835e-05,0.00026317091658711433,-1.1196394450962544e-05,0.4200605828216553,7.24494958165272e-05,7.826225429333287e-05,-2.502848771904762e-05,0.4247349526469918,-0.00013364030866503556,0.00018490866229378146,1.3832093268085077e-05,-0.004674369825336477,0.98,1.0,1.0,1.0,0.106188415720684,0.10727822849555216,0.10619605385669968,0.10719602288846963,0.10406464740627032,0.10727822849555216,0.10619605385669968,0.10719602288846963,0.000630759189380863,-0.0006372326772635798,0.0006308045599087961,-0.0006367443759575097,-0.0003500579094970501,-0.00029420295572764505,1.000240075166227,0.00979918119552683,-3.545760064532006e-05,0.007653882158791618,-0.020350057631731033,-0.0002942029677797109,0.00024007516913115978,0.00979918148368597,-3.545760046108626e-05,0.007653882261365652,0.9999655485153198,-0.0005079793045297265,0.008071163669228554,0.0018827405292540789,0.023170366883277893,-0.05907095596194267,0.005341639276593924,0.003757640952244401,0.9999929666519165,0.9999674264189963,-0.00025641381309156666,0.00784600394079243,0.001876319558854938,-0.004488707616710251,False,False
0.65,0.66,65,HOVER,-0.00011986263096332508,-0.0002933036594185978,1.000389930588426,0.02,0.0,1.0,0.016678318920705596,0.8932404066060402,0.20997041482657333,0.020125778126304908,0.012887380085885525,7.428988465107977e-05,0.007158774882555008,0.08220979571342468,-0.0020849884022027254,-0.009886226616799831,-0.02014281041920185,0.02434896118938923,0.0004678349941968918,-0.013411641120910645,-0.02014281041920185,0.02434896118938923,0.0004678349941968918,-0.013411641120910645,0.10376583872005359,0.10723736572195178,0.10597090289948818,0.1063096430789226,0.10450961791574957,0.10705285996897754,0.10495575185403937,0.10233374970077828,0.5401850594637292,0.5471693634507627,0.5414138811822711,0.534169040583602,1577.4964148087145,1588.2549672542882,1578.192128376132,1580.8871105836804,0.0006163690819971183,-0.0006369899523883935,0.0006294671632229598,-0.0006314792798888003,-0.00015107107814401387,0.0001826172089204192,4.678349941968918e-07,0.4188519794395447,4.5160410019613566e-05,0.00011075967810820694,-2.2632987057115807e-05,0.4232837504204161,-0.00019623148816362744,7.185753081221226e-05,2.3100822051312698e-05,-0.004431770980871386,0.98,1.0,1.0,1.0,0.10588350889801386,0.10723736572195178,0.10597090289948818,0.1063096430789226,0.10376583872005359,0.10723736572195178,0.10597090289948818,0.1063096430789226,0.0006289480428542023,-0.0006369899523883935,0.0006294671632229598,-0.0006314792798888003,-0.00024264871254236283,-0.0002940081100004646,1.0003164141162468,0.011361766307413854,4.9888977184147355e-05,0.007575500807794393,-0.02024264819920063,-0.00029400811763480306,0.0003164141089655459,0.01136176660656929,4.988897853763774e-05,0.0075755007565021515,0.9999674558639526,-0.00025641382671892643,0.007846004329621792,0.0018763195257633924,0.05670985206961632,-0.04039667174220085,-0.0024593526031821966,0.0037489549722522497,0.9999929666519165,0.9999679320027651,0.00013125821323109295,0.007795167772669657,0.0018311463050691738,-0.00443592928683114,False,False
0.66,0.67,66,HOVER,1.8163099884987294e-05,-0.0002928388421423733,1.0004574506892823,0.02,0.0,1.0,0.0698230449772741,0.9133820866176471,0.2013223934964216,0.01998921763409939,0.014415961690247059,1.598511698830407e-05,0.006445063278079033,0.09492186456918716,0.0444922111928463,-0.01636609248816967,-0.02991393394768238,0.00613818084821105,0.012015273794531822,-0.013327272608876228,-0.02991393394768238,0.00613818084821105,0.012015273794531822,-0.013327272608876228,0.10387352909693333,0.10703634876900027,0.10560704891277312,0.10558046618976438,0.10649014607594695,0.10612981803187577,0.10396832245487542,0.10230587713286382,0.545628321159487,0.5446402618994021,0.5386920075927285,0.5340917260586201,1578.3711688142807,1586.6601227619035,1575.2944839309414,1575.0826689922392,0.000617008762835784,-0.0006357959116878616,0.0006273058705418723,-0.0006271479691672005,-0.00022435450460761786,4.603635636158287e-05,1.2015273794531822e-05,0.4188941636955619,9.815864500130594e-06,0.00011276132167790031,-1.8629247477405797e-05,0.4220973929684711,-0.00023417036910774845,-6.672496531631743e-05,3.0644521271937616e-05,-0.0032032292729091694,0.98,1.0,1.0,1.0,0.10599339703768708,0.10703634876900027,0.10560704891277312,0.10558046618976438,0.10387352909693333,0.10703634876900027,0.10560704891277312,0.10558046618976438,0.0006296007784038612,-0.0006357959116878616,0.0006273058705418723,-0.0006271479691672005,-0.0001198619690856601,-0.0002933036671435383,1.000389930597825,0.012887379683678648,7.428988460256038e-05,0.007158774933523657,-0.020119862630963326,-0.0002933036594185978,0.0003899305884260684,0.012887380085885525,7.428988465107977e-05,0.007158774882555008,0.9999679327011108,0.0001312582171522081,0.007795167621225119,0.0018311463063582778,0.08220979571342468,-0.0020849884022027254,-0.009886226616799831,0.003664666786789894,0.9999932646751404,0.9999665133001795,0.000595297263548765,0.007971734503442532,0.0017519556092436266,-0.004403119630242168,False,False
0.67,0.68,67,HOVER,0.00017173074185848278,-0.00029350502882152796,1.00051648193039,0.02,0.0,1.0,0.12336502782051949,0.95856320837395,0.18964487192279253,0.01983716614236325,0.01599329710006714,-0.0001338884321739897,0.005519119091331959,0.09270727634429932,0.0868108943104744,-0.02147025801241398,-0.03568258881568909,-0.01533166877925396,0.022331541404128075,-0.010782759636640549,-0.03568258881568909,-0.01533166877925396,0.022331541404128075,-0.010782759636640549,0.10435056704514183,0.1066993174270709,0.10518334705806844,0.10511537841600307,0.10868695024087763,0.10518100622413284,0.10327601922741411,0.10302244448925521,0.5516309864722818,0.5420337218288528,0.536779010020048,0.5360773530386124,1582.242842820264,1583.9841664181952,1571.9164671870237,1571.374200168142,0.0006198423682481424,-0.0006337939455168011,0.0006247890815249265,-0.0006243853477910583,-0.00026761941611766813,-0.0001149875158444047,2.2331541404128076e-05,0.42016642018167977,-2.6557226379282477e-05,8.54431010933231e-05,-1.3547843534790559e-05,0.4213486099462842,-0.00024106218973838565,-0.0002004306169377278,3.587938493891863e-05,-0.0011821897646044355,0.98,1.0,1.0,1.0,0.10648017045422635,0.1066993174270709,0.10518334705806844,0.10511537841600307,0.10435056704514183,0.1066993174270709,0.10518334705806844,0.10511537841600307,0.0006324922124981045,-0.0006337939455168011,0.0006247890815249265,-0.0006243853477910583,1.8162703013671674e-05,-0.00029283882976221344,1.0004574507001427,0.01441596145023604,1.5985117133837518e-05,0.006445063310031797,-0.019981836900115013,-0.0002928388421423733,0.0004574506892822683,0.014415961690247059,1.598511698830407e-05,0.006445063278079033,0.9999665021896362,0.000595297256950289,0.00797173473984003,0.0017519555985927582,0.09492186456918716,0.0444922111928463,-0.01636609248816967,0.0035137315280735493,0.9999938011169434,0.9999630792672658,0.0010626798927768515,0.00836670970460816,0.0016458986883533876,-0.004389830329230225,False,False
0.68,0.6900000000000001,68,HOVER,0.00034157417714595836,-0.0002961977734230459,1.0005655636778101,0.02,0.0,1.0,0.1690456046199815,1.02124736226148,0.17587158116412352,0.019668790029569522,0.017659123986959457,-0.00037013430846855044,0.004494004882872105,0.07634150981903076,0.11390574276447296,-0.02493978850543499,-0.03647865355014801,-0.03536149859428406,0.03050072304904461,-0.006353422999382019,-0.03647865355014801,-0.03536149859428406,0.03050072304904461,-0.006353422999382019,0.1050947333903466,0.10627609659893467,0.10479913005221042,0.10495877501691322,0.11068890853327489,0.10437081831659739,0.1030690366469339,0.1042523250035029,0.557070377537924,0.5398024317225089,0.5362063156408905,0.5394756610458576,1588.2720849291866,1580.6203322617068,1568.84972654577,1570.1243880215422,0.0006242627163386587,-0.0006312800137976719,0.0006225068325101299,-0.0006234551236004646,-0.00027358990162611006,-0.0002652112394571304,3.050072304904461e-05,0.42238108850030903,-5.702496055217223e-05,3.612284851256314e-05,-7.96558854934779e-06,0.42112873505840487,-0.00021656494107393783,-0.00030133408796969354,3.84663115983924e-05,0.0012523534419041638,0.98,1.0,1.0,1.0,0.10723952386770061,0.10627609659893467,0.10479913005221042,0.10495877501691322,0.1050947333903466,0.10627609659893467,0.10479913005221042,0.10495877501691322,0.0006370027717741416,-0.0006312800137976719,0.0006225068325101299,-0.0006234551236004646,0.00017172989133061378,-0.00029350501528150377,1.0005164819123429,0.015993296455610383,-0.00013388842598734135,0.00551911909624119,-0.019828269258141518,-0.00029350502882152796,0.0005164819303900003,0.01599329710006714,-0.0001338884321739897,0.005519119091331959,0.999963104724884,0.0010626799194142222,0.00836670957505703,0.0016458986792713404,0.09270727634429932,0.0868108943104744,-0.02147025801241398,0.0033099213615059853,0.9999945163726807,0.9999580422211907,0.0014614626225455285,0.008914189959407634,0.0015215589157212702,-0.004387432751858236,False,False
0.6900000000000001,0.7000000000000001,69,HOVER,0.0005287402123212818,-0.00030168265220709145,1.0006044257315807,0.02,0.0,1.0,0.20028242122136414,1.089305717713585,0.1609558427429044,0.019482974634457487,0.019437236711382866,-0.0006748905871063471,0.003489708760753274,0.04925043135881424,0.11860187351703644,-0.026693984866142273,-0.03230087459087372,-0.04979561269283295,0.03584826737642288,-0.001002483069896698,-0.03230087459087372,-0.04979561269283295,0.03584826737642288,-0.001002483069896698,0.10595829345337696,0.10583098831514853,0.10454855369522612,0.10508997702571268,0.11212677054724596,0.10382756666055191,0.1034190396092212,0.10568318164803264,0.5609595549525113,0.5383033784270853,0.5371745260826517,0.543414149115208,1595.2528768186712,1577.0782342298596,1566.8478613262178,1571.1715160039435,0.000629392263113059,-0.0006286360705919823,0.0006210184089496431,-0.0006242344635327333,-0.0002422565594315529,-0.0003734670951962471,3.584826737642288e-05,0.4250565584650517,-7.603980328742743e-05,-2.3642895011418644e-05,-2.4598620620134735e-06,0.42142781248946426,-0.00016621675614412546,-0.00034982420018482845,3.8308129438436355e-05,0.003628745975587433,0.98,1.0,1.0,1.0,0.10812070760548669,0.10583098831514853,0.10454855369522612,0.10508997702571268,0.10595829345337696,0.10583098831514853,0.10454855369522612,0.10508997702571268,0.0006422370031765909,-0.0006286360705919823,0.0006210184089496431,-0.0006242344635327333,0.0003415747747624563,-0.0002961977798267531,1.0005655636642554,0.01765912405046978,-0.0003701342954285054,0.004494004783885016,-0.019658425822854042,-0.0002961977734230459,0.0005655636778101325,0.017659123986959457,-0.00037013430846855044,0.004494004882872105,0.9999580383300781,0.0014614625833928585,0.008914190344512463,0.001521558966487646,0.07634150981903076,0.11390574276447296,-0.02493978850543499,0.0030695332679897547,0.9999952912330627,0.9999523280641948,0.0017343603105353835,0.009508273187489346,0.0013879244585035938,-0.004381941452347804,False,False
0.7000000000000001,0.71,70,HOVER,0.000734379962086678,-0.0003104883071500808,1.0006339225219563,0.02,0.0,1.0,0.2133574051261036,1.148815488726026,0.14577800306435668,0.01927854704582188,0.021329309791326523,-0.00102117785718292,0.0026108508463948965,0.016765529289841652,0.09882151335477829,-0.026825888082385063,-0.02409282512962818,-0.05586254596710205,0.0379796102643013,0.004181383177638054,-0.02409282512962818,-0.05586254596710205,0.0379796102643013,0.004181383177638054,0.10677671467595162,0.10543076944392143,0.10449809410615546,0.10543517594897356,0.11275090588959184,0.10362879441580825,0.10427027679575214,0.10699851448766685,0.5626432843368595,0.5377542938769141,0.5395251741365572,0.5470206383141292,1601.853370056241,1573.889566426341,1566.444563294733,1573.924694070794,0.0006342536851751526,-0.0006262587704968934,0.0006207186789905635,-0.0006262849451369029,-0.00018069618847221135,-0.00041896909475326534,3.79796102643013e-05,0.42764849158881907,-8.040483825902519e-05,-8.071642223126145e-05,2.4286485319197472e-06,0.4221407541750021,-0.00010029135021318616,-0.0003382526725220039,3.5550961732381555e-05,0.005507737413816993,0.98,1.0,1.0,1.0,0.10895583130199145,0.10543076944392143,0.10449809410615546,0.10543517594897356,0.10677671467595162,0.10543076944392143,0.10449809410615546,0.10543517594897356,0.0006471976379338292,-0.0006262587704968934,0.0006207186789905635,-0.0006262849451369029,0.000528740866901508,-0.0003016826590884454,1.000604425711911,0.019437236391303108,-0.0006748906081752357,0.0034897087942842883,-0.01947125978767872,-0.00030168265220709145,0.0006044257315807045,0.019437236711382866,-0.0006748905871063471,0.003489708760753274,0.9999523162841797,0.0017343603540211916,0.00950827356427908,0.0013879244215786457,0.04925043135881424,0.11860187351703644,-0.026693984866142273,0.0028092057909816504,0.9999960660934448,0.9999472283989742,0.0018490449547471056,0.010027481540777075,0.0012534208848821917,-0.004358386311015212,False,False
0.71,0.72,71,HOVER,0.0009595178812742237,-0.00032284477492794394,1.0006557672750205,0.02,0.0,1.0,0.2080232631872251,1.1870915937995676,0.13108717866450417,0.019054506521587015,0.023313459008932114,-0.0013779500732198358,0.0019287557806819677,-0.014944181777536869,0.05776085704565048,-0.02558542974293232,-0.013552973046898842,-0.052662234753370285,0.03683706372976303,0.008241357281804085,-0.013552973046898842,-0.052662234753370285,0.03683706372976303,0.008241357281804085,0.10740068384579446,0.105133710547736,0.10467196812164604,0.1058885283786933,0.1124816264909751,0.10379513648739806,0.10545837576969169,0.10794333989283725,0.5619171765417866,0.5382138156352734,0.5427964243001969,0.5496031411017445,1606.875695917051,1571.520467807189,1567.8340042493035,1577.5363777957316,0.000637960062044019,-0.0006244942406535518,0.0006217514906425775,-0.0006289778585694382,-0.00010164729785174132,-0.0003949667606502771,3.683706372976303e-05,0.4296784786409021,-6.978716001377217e-05,-0.00012316032884076254,6.239453463606514e-06,0.4230948908938698,-3.1860137837969144e-05,-0.00027180643180951456,3.0597610266156516e-05,0.006583587747032271,0.98,1.0,1.0,1.0,0.10959253453652495,0.105133710547736,0.10467196812164604,0.1058885283786933,0.10740068384579446,0.105133710547736,0.10467196812164604,0.1058885283786933,0.0006509796551469583,-0.0006244942406535518,0.0006217514906425775,-0.0006289778585694382,0.0007343800404160508,-0.000310488310878072,1.0006339225492005,0.02132930999766839,-0.0010211778897796146,0.002610850799814951,-0.019265620037913322,-0.0003104883071500808,0.000633922521956265,0.021329309791326523,-0.00102117785718292,0.0026108508463948965,0.9999472498893738,0.0018490449292585254,0.010027481243014336,0.0012534208362922072,0.016765529289841652,0.09882151335477829,-0.026825888082385063,0.002544303424656391,0.9999967813491821,0.9999440622286613,0.0018033955110077079,0.010361195287310181,0.0011250824381120828,-0.004304855799584974,False,False
0.72,0.73,72,HOVER,0.0012048841267824177,-0.0003386698954273015,1.000675167364534,0.02,0.0,1.0,0.17632604364395518,1.1841741125625271,0.11881057505156317,0.018810287848830917,0.025353146716952324,-0.001712505822069943,0.0019776716362684965,-0.06598291546106339,-0.022940361872315407,-0.020124027505517006,-0.0027991104871034622,-0.04125835746526718,0.0327422097325325,0.010542716830968857,-0.0027991104871034622,-0.04125835746526718,0.0327422097325325,0.010542716830968857,0.10992348240198609,0.10498055172179119,0.10504752987238045,0.10633687671078786,0.11142185121771306,0.10428962133825727,0.10674880625034336,0.1083688796091708,0.559054667666256,0.539578525719529,0.5463369840188799,0.5507640989417154,1609.482862549567,1570.2982158214108,1570.8327866106722,1581.1036675964724,0.0006529454854677973,-0.0006235844772274397,0.0006239823274419398,-0.0006316410476620799,-2.0993328653275967e-05,-0.00030943768098950385,3.27422097325325e-05,0.43082915841548447,-0.00012443643169823045,-0.00022034217167018512,2.1702288020217556e-05,0.4262884407069456,0.00010344310304495448,-8.909550931931873e-05,1.1039921712314945e-05,0.004540717708538866,1.0,1.0,1.0,1.0,0.10992348240198609,0.10498055172179119,0.10504752987238045,0.10633687671078786,0.10992348240198609,0.10498055172179119,0.10504752987238045,0.10633687671078786,0.0006529454854677973,-0.0006235844772274397,0.0006239823274419398,-0.0006316410476620799,0.0009595187300480895,-0.00032284476104712845,1.0006557672756704,0.023313458587581503,-0.0013779500925870508,0.0019287558317976183,-0.019040482118725777,-0.00032284477492794394,0.0006557672750204802,0.023313459008932114,-0.0013779500732198358,0.0019287557806819677,0.9999440908432007,0.0018033954547718167,0.010361195541918278,0.0011250824900344014,-0.014944181777536869,0.05776085704565048,-0.02558542974293232,0.00228790077380836,0.9999973773956299,0.9999449012887347,0.0015279372327296132,0.010335261907611961,0.0010208603119917288,-0.004204192132981096,False,False
0.73,0.74,73,HOVER,0.0014705010503530506,-0.0003574406146071851,1.0006962670013309,0.02,0.0,1.0,0.11756209104759782,1.130335542586636,0.1102062001121367,0.018546020674394828,0.027356352657079697,-0.0019739249255508184,0.0022205279674381018,-0.11038464307785034,-0.11132368445396423,-0.01344424206763506,0.015440410003066063,-0.014157550409436226,0.020606065168976784,0.009605543687939644,0.015440410003066063,-0.014157550409436226,0.020606065168976784,0.009605543687939644,0.10964492853229377,0.105011841308943,0.10567546775824731,0.10669060096559585,0.10838936703974797,0.10515320038382002,0.10852543615235286,0.10829256826804903,0.5508199589762499,0.5419572290054577,0.5511908799241771,0.5505560048823839,1607.2886016657144,1570.5479592171878,1575.8395819123461,1583.91492640655,0.000651290875481825,-0.0006237703373751215,0.000627712278483989,-0.0006337421697356394,0.00011580307502299547,-0.00010618162807077169,2.0606065168976785e-05,0.43036057184396986,-8.098773800545083e-05,-0.00019969283332737413,2.1490646855053122e-05,0.42702283856507994,0.0001967908130284463,9.351120525660244e-05,-8.845816860763378e-07,0.0033377332788899206,1.0,1.0,1.0,1.0,0.10964492853229377,0.105011841308943,0.10567546775824731,0.10669060096559585,0.10964492853229377,0.105011841308943,0.10567546775824731,0.10669060096559585,0.000651290875481825,-0.0006237703373751215,0.000627712278483989,-0.0006337421697356394,0.0012048846991425917,-0.00033866990533114875,1.0006751673538024,0.025353147336503425,-0.0017125058532273059,0.0019776715385616092,-0.018795115873217583,-0.0003386698954273015,0.0006751673645339906,0.025353146716952324,-0.001712505822069943,0.0019776716362684965,0.9999449253082275,0.001527937245555222,0.010335261933505535,0.001020860276184976,-0.06598291546106339,-0.022940361872315407,-0.020124027505517006,0.002073634183034301,0.9999978542327881,0.9999503718258335,0.001016385855929754,0.00986485539845312,0.0009515635224171422,-0.004059944649909991,False,False
0.74,0.75,74,HOVER,0.0017554783076047902,-0.00037817159318365157,1.0007205629372038,0.02,0.0,1.0,0.04278343202295796,1.0324451509954267,0.1052612777084253,0.0182626612651235,0.029237236827611923,-0.0021223227959126234,0.0025797595735639334,-0.13407695293426514,-0.18447543680667877,-0.007179134991019964,0.03204406052827835,0.0165549423545599,0.005611300468444824,0.006818044930696487,0.03204406052827835,0.0165549423545599,0.005611300468444824,0.006818044930696487,0.10878033343456736,0.10522404668449528,0.10646548580514975,0.10689632774875725,0.10490049540651127,0.10618409735689185,0.1100552475154259,0.10782698218651926,0.541261769156425,0.5447891655070431,0.5553518128775,0.5492854599196046,1600.4675357751532,1572.2411265069113,1582.1261218307247,1585.5486893363297,0.0006461551806013302,-0.000625030837305902,0.0006324049856825895,-0.0006349641868276181,0.00024033045396208762,0.00012416206765919924,5.611300468444824e-06,0.4289668224653483,-2.2717940911078007e-05,-0.00014096493496504109,1.8565142150399642e-05,0.4273661936729697,0.0002630483948731656,0.00026512700262424033,-1.2953841681954818e-05,0.0016006287923786,1.0,1.0,1.0,1.0,0.10878033343456736,0.10522404668449528,0.10646548580514975,0.10689632774875725,0.10878033343456736,0.10522404668449528,0.10646548580514975,0.10689632774875725,0.0006461551806013302,-0.000625030837305902,0.0006324049856825895,-0.0006349641868276181,0.0014705001581320578,-0.0003574406006855348,1.0006962669839792,0.027356351747394415,-0.001973924819386269,0.002220527956494779,-0.01852949894964695,-0.0003574406146071851,0.0006962670013308525,0.027356352657079697,-0.0019739249255508184,0.0022205279674381018,0.9999503493309021,0.0010163858532905579,0.00986485555768013,0.0009515635319985449,-0.11038464307785034,-0.11132368445396423,-0.01344424206763506,0.0019234599312767386,0.999998152256012,0.9999589236966464,0.0003650644656846962,0.009009999947287628,0.0009151766663658398,-0.0038808159519610726,False,False
0.75,0.76,75,HOVER,0.0020581637322902684,-0.0003996024024672806,1.0007486557587981,0.02,0.0,1.0,-0.03414920087581773,0.9055486592586748,0.10350890876352048,0.017961894559943934,0.030927494168281555,-0.0021391829941421747,0.0029600965790450573,-0.1329277604818344,-0.22893153131008148,-0.0020950313191860914,0.04183196276426315,0.04197792708873749,-0.009019001387059689,0.0027806274592876434,0.04183196276426315,0.04197792708873749,-0.009019001387059689,0.0027806274592876434,0.10752558177743314,0.10556776237412832,0.10724781518795029,0.10693484676452919,0.10191270759833236,0.10712435703438611,0.11080217406555862,0.1071088750313668,0.5330004446580696,0.547364992648273,0.5573772672558885,0.5473226342991563,1590.5400995576333,1574.9814375507808,1588.3378479029054,1585.8544815162118,0.0006387019557579529,-0.0006270725085023222,0.0006370520222164247,-0.0006351929897813034,0.0003137397207319736,0.00031483445316553114,-9.019001387059688e-06,0.42694811372964386,3.851283085145674e-05,-5.815370639378854e-05,1.3488479690752049e-05,0.42727600610404093,0.0002752268898805169,0.0003729881595593197,-2.2507481077811735e-05,-0.0003278923743970652,1.0,1.0,1.0,1.0,0.10752558177743314,0.10556776237412832,0.10724781518795029,0.10693484676452919,0.10752558177743314,0.10556776237412832,0.10724781518795029,0.10693484676452919,0.0006387019557579529,-0.0006270725085023222,0.0006370520222164247,-0.0006351929897813034,0.001755477670346579,-0.0003781715790164255,1.0007205629400169,0.02923723633679882,-0.0021223228813191655,0.0025797595633053564,-0.01824452169239521,-0.00037817159318365157,0.0007205629372037947,0.029237236827611923,-0.0021223227959126234,0.0025797595735639334,0.9999589323997498,0.00036506447941064835,0.00901000015437603,0.0009151766425929964,-0.13407695293426514,-0.18447543680667877,-0.007179134991019964,0.0018371548503637314,0.9999983310699463,0.9999683216976742,-0.000305136593496307,0.007902047794567277,0.0009056121954792574,-0.0036774640053026907,False,False
0.76,0.77,76,HOVER,0.0023763966560363774,-0.0004204345459584147,1.000780182366725,0.02,0.0,1.0,-0.09930928757926248,0.7694046387274028,0.10404946288023861,0.01764587330109082,0.03238902986049652,-0.0020305942744016647,0.003266837913542986,-0.10781300067901611,-0.23787477612495422,0.0012464470928534865,0.04311680793762207,0.05693154036998749,-0.02153065986931324,-0.0017685182392597198,0.04311680793762207,0.05693154036998749,-0.02153065986931324,-0.0017685182392597198,0.10614122198459143,0.10597266731837321,0.10784748285739279,0.10682729378160197,0.09995629686758149,0.10780720162334285,0.11056812846575906,0.10634191392368682,0.5275509156581477,0.5492314447652641,0.5567430274806906,0.5452219726947108,1579.547489375232,1578.2061725474182,1593.090171385284,1585.0005654714118,0.0006304788585884731,-0.0006294776438711369,0.0006406140481729132,-0.0006345541250627157,0.0003233760595321655,0.00042698655277490616,-2.153065986931324e-05,0.4246735408803702,9.054017176534463e-05,3.0109534550439455e-05,7.061137827533721e-06,0.4267886659419594,0.00023283588776682086,0.0003968770182244667,-2.859179769684696e-05,-0.002115125061589229,1.0,1.0,1.0,1.0,0.10614122198459143,0.10597266731837321,0.10784748285739279,0.10682729378160197,0.10614122198459143,0.10597266731837321,0.10784748285739279,0.10682729378160197,0.0006304788585884731,-0.0006294776438711369,0.0006406140481729132,-0.0006345541250627157,0.002058164252009196,-0.00039960240615731664,1.0007486557423213,0.03092749402351495,-0.0021391829105821395,0.0029600965024722025,-0.017941836267709732,-0.0003996024024672806,0.0007486557587981224,0.030927494168281555,-0.0021391829941421747,0.0029600965790450573,0.9999683499336243,-0.00030513660749420524,0.007902047596871853,0.000905612192582339,-0.1329277604818344,-0.22893153131008148,-0.0020950313191860914,0.001806570217013359,0.9999983906745911,0.9999766659961179,-0.000872713545536481,0.006713479170655057,0.000913800733925648,-0.0034631546918157366,False,False
0.77,0.78,77,HOVER,0.0027078469097614292,-0.0004395701107569039,1.000813913589809,0.02,0.0,1.0,-0.14145202602849957,0.6440793928501769,0.10567524544254471,0.017316877192790684,0.03361941874027252,-0.0018253406742587686,0.0034203645773231983,-0.06431981176137924,-0.2123359590768814,0.0025419925805181265,0.03592096269130707,0.05870777368545532,-0.030653562396764755,-0.006197027862071991,0.03592096269130707,0.05870777368545532,-0.030653562396764755,-0.006197027862071991,0.10489205722888058,0.10635977803824434,0.10811815900388054,0.10662204872155102,0.09930619370310431,0.10811341934714826,0.10934318313636385,0.10569648988234766,0.5257328146095467,0.5500673129689724,0.5534171805419047,0.5434507053704453,1569.5917605193692,1581.2857621391474,1595.2327108359643,1583.3703168924822,0.0006230588199395506,-0.0006317770815471714,0.0006422218644830504,-0.0006333349694060131,0.000269407220184803,0.0004403083026409149,-3.065356239676476e-05,0.42245928606896405,0.0001233314082634317,0.00010478624824681627,1.686334694165053e-07,0.4259920429925565,0.0001460758119213713,0.00033552205439409864,-3.082219586618126e-05,-0.0035327569235924505,1.0,1.0,1.0,1.0,0.10489205722888058,0.10635977803824434,0.10811815900388054,0.10662204872155102,0.10489205722888058,0.10635977803824434,0.10811815900388054,0.10662204872155102,0.0006230588199395506,-0.0006317770815471714,0.0006422218644830504,-0.0006333349694060131,0.0023763975320742065,-0.00042043456016455577,1.0007801823408042,0.03238902913726699,-0.0020305943157373756,0.0032668378789056226,-0.017623603343963623,-0.0004204345459584147,0.0007801823667250574,0.03238902986049652,-0.0020305942744016647,0.003266837913542986,0.9999766945838928,-0.0008727135718800128,0.006713479291647673,0.0009138007299043238,-0.10781300067901611,-0.23787477612495422,0.0012464470928534865,0.0018160046311095357,0.9999983310699463,0.9999830107018963,-0.0012395647688926488,0.005619478217170585,0.0009291131910950593,-0.0032531410812889562,False,False
0.78,0.79,78,HOVER,0.003050361275672913,-0.0004563027760013938,1.0008479636744596,0.02,0.0,1.0,-0.15416305843105182,0.5456525960635087,0.10707586057790994,0.016976969915205656,0.03464923053979874,-0.0015683922683820128,0.003365272656083107,-0.011518302373588085,-0.16066692769527435,0.0017530592158436775,0.021883903071284294,0.047424569725990295,-0.03575989603996277,-0.009965874254703522,0.021883903071284294,0.047424569725990295,-0.03575989603996277,-0.009965874254703522,0.10399323915193531,0.10665713960807147,0.10797232068607951,0.10638099255716768,0.09996299750552154,0.10800327323168374,0.10731434167154648,0.10529425046389655,0.5275696358152394,0.5497667325145233,0.5478846383837513,0.5423451900075922,1562.4062808061583,1583.6491074661642,1594.0785224972574,1581.454434027625,0.0006177198405624958,-0.0006335434092719445,0.0006413555848753123,-0.000631903095789576,0.0001641292730346322,0.0003556842729449272,-3.575989603996277e-05,0.4205748628726483,0.0001309172486549646,0.00015044360662437107,-6.371079623712487e-06,0.42500369200325394,3.32120243796676e-05,0.0002052406663205561,-2.9388816416250282e-05,-0.00442882913060566,1.0,1.0,1.0,1.0,0.10399323915193531,0.10665713960807147,0.10797232068607951,0.10638099255716768,0.10399323915193531,0.10665713960807147,0.10797232068607951,0.10638099255716768,0.0006177198405624958,-0.0006335434092719445,0.0006413555848753123,-0.000631903095789576,0.0027078471163488054,-0.0004395701091319919,1.0008139135769445,0.03361941904694706,-0.0018253406441233752,0.0034203645209343074,-0.01729215309023857,-0.0004395701107569039,0.0008139135898090899,0.03361941874027252,-0.0018253406742587686,0.0034203645773231983,0.999983012676239,-0.0012395647354424,0.005619478411972523,0.000929113186430186,-0.06431981176137924,-0.2123359590768814,0.0025419925805181265,0.0018443799344822764,0.9999982714653015,0.9999873155603024,-0.001349759645637542,0.004760435734945104,0.000940807638681189,-0.003061714290686192,False,False
0.79,0.8,79,HOVER,0.0034022447466850285,-0.00047042424557730556,1.0008800676441751,0.02,0.0,1.0,-0.1369965585513848,0.4829348166501869,0.10705513717517424,0.01662772676820544,0.03553229197859764,-0.0013113734312355518,0.0030758515931665897,0.03993191942572594,-0.09648942947387695,-0.0009273187606595457,0.003942294046282768,0.025927709415555,-0.03679979220032692,-0.012591905891895294,0.003942294046282768,0.025927709415555,-0.03679979220032692,-0.012591905891895294,0.10357321298702465,0.10681524927007996,0.10740446672260431,0.10616631657780014,0.10168253761862314,0.10753023847031533,0.10485076030231494,0.10519831066279901,0.5323609885149757,0.5484748294777111,0.5411248359508365,0.5420813226353228,1559.0420297866303,1584.9049223228562,1589.5800545500815,1579.747131791281,0.0006152248851429264,-0.0006344825806642749,0.0006379825323322697,-0.0006306279204721328,2.956720534712076e-05,0.0001944578206166625,-3.679979220032692e-05,0.4192618470540524,0.00011251096048586588,0.00015839699115697235,-1.1903083661211596e-05,0.4239592455575091,-8.294375513874512e-05,3.6060829459690145e-05,-2.4896708539115326e-05,-0.0046973985034566845,1.0,1.0,1.0,1.0,0.10357321298702465,0.10681524927007996,0.10740446672260431,0.10616631657780014,0.10357321298702465,0.10681524927007996,0.10740446672260431,0.10616631657780014,0.0006152248851429264,-0.0006344825806642749,0.0006379825323322697,-0.0006306279204721328,0.003050361569835639,-0.0004563027763575548,1.0008479637010144,0.034649231759651726,-0.0015683922793896196,0.003365272731366479,-0.016949638724327087,-0.0004563027760013938,0.0008479636744596064,0.03464923053979874,-0.0015683922683820128,0.003365272656083107,0.9999873042106628,-0.0013497596373781562,0.0047604357823729515,0.0009408076293766499,-0.011518302373588085,-0.16066692769527435,0.0017530592158436775,0.0018688252894207835,0.9999982714653015,0.999989963699289,-0.0011994462400612812,0.004213266803417707,0.0009392615477916012,-0.0028976220488506547,False,False
0.8,0.81,80,HOVER,0.0037624058127403263,-0.00048222782788798213,1.00090789567912,0.02,0.0,1.0,-0.09539203653233447,0.4558652879497042,0.10468586957002737,0.01627010397115776,0.03633147105574608,-0.0011021180544048548,0.002558666281402111,0.07995995879173279,-0.03557298704981804,-0.0051276166923344135,-0.014226557686924934,-0.0007654934888705611,-0.034104712307453156,-0.013716399669647217,-0.014226557686924934,-0.0007654934888705611,-0.034104712307453156,-0.013716399669647217,0.10365680189626506,0.10681686651350401,0.1065001769442289,0.10602662977933244,0.10403459773030807,0.10682417113536422,0.10244443532303325,0.10539639597647092,0.5388749398156111,0.5465433687741846,0.534476003429879,0.5426260462040224,1559.7118732514516,1584.9177647273584,1582.4018567944381,1578.6356616757162,0.0006157214032638144,-0.0006344921870902138,0.0006326110510487197,-0.0006297981808892347,-0.00010669918265193701,-5.741201166529208e-06,-3.410471230745316e-05,0.41869960016517643,7.25887050841258e-05,0.00012846634455739806,-1.5957913666914407e-05,0.4230004751333304,-0.0001792878877360628,-0.00013420754572392727,-1.814679864053875e-05,-0.004300874968153956,1.0,1.0,1.0,1.0,0.10365680189626506,0.10681686651350401,0.1065001769442289,0.10602662977933244,0.10365680189626506,0.10681686651350401,0.1065001769442289,0.10602662977933244,0.0006157214032638144,-0.0006344921870902138,0.0006326110510487197,-0.0006297981808892347,0.003402244717480914,-0.00047042423542293906,1.0008800676272955,0.035532293268517846,-0.0013113733852154153,0.0030758515975395327,-0.016597755253314972,-0.00047042424557730556,0.000880067644175142,0.03553229197859764,-0.0013113734312355518,0.0030758515931665897,0.9999899864196777,-0.0011994462693110108,0.004213267005980015,0.0009392615756951272,0.03993191942572594,-0.09648942947387695,-0.0009273187606595457,0.0018684634706005454,0.9999982714653015,0.9999913202711981,-0.0008360798456091905,0.003977401101300497,0.0009168605331108423,-0.00276064076870317,False,False
